tree
version=v4
num_class=1
num_tree_per_iteration=1
label_index=0
max_feature_idx=45
objective=binary sigmoid:1
feature_names=L4_SRC_PORT L4_DST_PORT PROTOCOL L7_PROTO IN_BYTES IN_PKTS OUT_BYTES OUT_PKTS TCP_FLAGS CLIENT_TCP_FLAGS SERVER_TCP_FLAGS FLOW_DURATION_MILLISECONDS DURATION_IN DURATION_OUT MIN_TTL MAX_TTL LONGEST_FLOW_PKT SHORTEST_FLOW_PKT MIN_IP_PKT_LEN MAX_IP_PKT_LEN SRC_TO_DST_SECOND_BYTES DST_TO_SRC_SECOND_BYTES RETRANSMITTED_IN_BYTES RETRANSMITTED_IN_PKTS RETRANSMITTED_OUT_BYTES RETRANSMITTED_OUT_PKTS SRC_TO_DST_AVG_THROUGHPUT DST_TO_SRC_AVG_THROUGHPUT NUM_PKTS_UP_TO_128_BYTES NUM_PKTS_128_TO_256_BYTES NUM_PKTS_256_TO_512_BYTES NUM_PKTS_512_TO_1024_BYTES NUM_PKTS_1024_TO_1514_BYTES TCP_WIN_MAX_IN TCP_WIN_MAX_OUT ICMP_TYPE ICMP_IPV4_TYPE DNS_QUERY_ID DNS_QUERY_TYPE DNS_TTL_ANSWER FTP_COMMAND_RET_CODE Attack PacketsPerSecond BytesPerSecond BytesPerPacket InboundRatio
feature_infos=[-2.0247432426592753:1.5847334535999253] [-1.2082797179983307:1.9392399472463928] [-4.3774384642727977:9.288444236233488] [-0.11736435583746532:15.297702851795048] [-0.0083756747144505071:229.89643672174466] [-0.0099311273630714771:175.24324611849221] [-0.0039186715051805409:199.70156632964725] [-0.007937676923243972:198.66225731094491] [-0.65541448476043107:4.7146146802208841] [-1.1461719622415696:15.377676657205456] [-0.30506459424181814:5.2153062059381838] [-0.048430242850683626:20.649028934275123] [-0.018475869443684966:118.95838699635652] [-0.0084530488741670195:216.71285453286558] [-0.10528315593006025:34.921521026021317] [-0.10497698805950113:34.715208649966357] [-0.42805864506443037:27.942704004455216] [-2.4482555521911515:188.50315982321726] [-0.31918050180779117:30.330400326138033] [-0.42805864506443037:27.942704004455216] [-0.0014142243623394082:0.0032743111799121245] [-0.0014148642925814155:0.047091687617209256] none none none none [-0.048802606128935097:451.79721960206393] [-0.023690197646198067:409.28726426937203] [-0.20265085612081563:182.75609462585496] [-0.018113902610741375:244.4600602079104] [-0.0092558811367791736:83.513871686189646] [-0.0030232380707283283:18.679908659688603] [-0.0040066587968353804:199.11416374784213] [-1.6141630134443372:29.01887920335249] [-0.066555371248508466:22.727558273678117] [-0.0076810255556936649:204.42980871884066] [-0.0076807579954088863:204.4299590917858] [-0.088201587116839245:17.066319159282532] [-0.026857850323423291:113.6340528054277] [-0.062245849372032397:16.330618901160769] none [0:8] [-0.0059459457676745136:180.43572473150707] [-0.0025908682403605566:62.70801844867453] [-1.1663735100589419:85.675759900463319] [-6.602534995942146:0.31975933464512873]
tree_sizes=361 2663 482 2477 696 2034 1120 800 2961 2292 902 1018 800 588 2599 2474 1022 3019 2683 800 808 814 595 598 2908 596 598 485 377 377 377 379 377 2553 379 378 374 377 2652 2426 379 378 379 379 2929 2484 379 378 378 379 379 2195 2472 2575 377 378 378 2512 379 379 379 379 377 1917 378 2297 379 379 378 379 379 2217 2492 377 2269 378 379 379 378 377 375 1616 1963 378 379 378 377 1820 378 1792 378 378 379 379 379 379 380 1512 379 1616

Tree=0
num_leaves=2
num_cat=0
split_feature=41
split_gain=399990
threshold=1.0000000180025095e-35
decision_type=2
left_child=-1
right_child=-2
leaf_value=0.84314882873070629 1.3387063967187556
leaf_weight=15912.409742116928 54238.847772836685
leaf_count=90732 309268
internal_value=1.2263
internal_weight=70151.3
internal_count=400000
is_linear=0
shrinkage=1


Tree=1
num_leaves=24
num_cat=0
split_feature=33 9 3 4 4 1 18 1 3 9 3 0 44 4 11 3 45 7 28 4 4 4 4
split_gain=272823 5867.75 2445.82 847.043 1781.74 538.811 463.605 349.873 309.914 219.062 193.054 190.879 128.567 119.345 71.2371 28.126 24.7231 23.1766 10.1069 4.61719 2.90807 7.02473 1.11356
threshold=-0.36980556271534387 4.717129160788021 -0.086285591305948137 -0.0053961750865840598 -0.0035753697584434549 -1.2057102161734952 3.2866525367740707 -1.2015798020251613 1.0000000180025095e-35 8.1818070971236878 8.0563507159515506 -1.9550982700122961 13.907108206237552 -0.0019200921874065408 20.648689193371855 0.32180966706152064 -2.9936512574517216 1.0000000180025095e-35 0.59590816877626585 0.26971095721975119 0.0083426287530223298 0.063959955139862648 0.078360870007883818
decision_type=2 2 2 2 2 2 2 2 2 2 2 2 2 2 2 2 2 2 2 2 2 2 2
left_child=1 3 16 8 17 -6 7 13 14 -9 -10 -8 15 -4 -1 18 22 -5 -3 -13 -18 -22 -2
right_child=2 12 6 4 5 -7 11 9 10 -11 -12 19 -14 -15 -16 -17 20 -19 -20 -21 21 -23 -24
leaf_value=-0.28884411413132244 0.016225583523216354 0.10614531280980745 -0.25139156589430106 -0.062343672522442654 -0.28044189998690183 -0.10430302316383261 -0.26744431756853548 -0.012306624204115707 -0.20470847106390841 -0.25185369445929712 -0.28610148569231808 0.10913202135489893 -0.16161154550103773 -0.11164471576932725 -0.040352365418271023 -0.071906436597132972 0.10969723314643537 0.090354030281452724 0 0.023603574107615818 0 0.10123306115531029 -0.031303599998743811
leaf_weight=17135.819971829653 6.7388070523738843 301.55529195070267 119.98674845695496 7.4799208045005789 760.43117344379425 159.92611321806908 11.056898206472395 226.41853183507919 568.48230412602425 32.877529174089432 372.09589129686356 116.8476015329361 14.540206253528593 78.102602452039719 9.1714356243610364 6.6112764179706565 49877.303871810436 133.19706201553345 6.8303549587726584 6.3638849258422843 6.6657808721065548 17.490627139806747 6.8031027317047119
leaf_count=81465 39 1829 585 41 3636 858 53 1284 2861 160 1772 710 75 417 51 36 303069 801 39 37 38 106 38
internal_value=0.00100384 -0.275335 0.107566 -0.281594 -0.20588 -0.249914 -0.0680402 -0.109746 -0.286031 -0.0430431 -0.237017 0.0736805 0.0881432 -0.196698 -0.288714 0.0999142 0.109649 0.0818624 0.103779 0.105087 0.10968 0.0726289 -0.00495892
internal_weight=69982.8 19476.1 50506.7 19146.6 1061.03 920.357 591.654 457.385 18085.6 259.296 940.578 134.268 329.537 198.089 17145 314.997 49915 140.677 308.386 123.211 49901.5 24.1564 13.5419
internal_count=400000 93464 306536 91485 5336 4494 3246 2446 86149 1444 4633 800 1979 1002 81516 1904 303290 842 1868 747 303213 144 77
is_linear=0
shrinkage=0.0869117


Tree=2
num_leaves=3
num_cat=0
split_feature=41 33
split_gain=231601 10.7919
threshold=1.0000000180025095e-35 -1.1335803506722126
decision_type=2 2
left_child=1 -1
right_child=-2 -3
leaf_value=-0.23875844395313855 0.10738352959172774 -0.25884848024125051
leaf_weight=20705.265520781279 47703.414245858788 287.13766530156136
leaf_count=89442 309268 1290
internal_value=0.00152125 -0.239038
internal_weight=68695.8 20992.4
internal_count=400000 90732
is_linear=0
shrinkage=0.0869117


Tree=3
num_leaves=22
num_cat=0
split_feature=16 44 4 3 9 34 0 14 34 9 3 12 11 3 4 18 11 16 3 3 44
split_gain=169998 9135.61 2891.23 1975.99 938.566 484.6 220.738 190.609 160.545 137.936 122.135 107.473 98.1404 75.2602 68.6269 55.9384 33.1341 12.3546 9.12621 7.55643 4.7317
threshold=-0.11004398221315716 0.59760732484229162 -0.0082101469573468127 -0.086285591305948137 -0.61314458742069766 21.531419465027739 -1.920509861295568 11.776358262653448 21.531419465027739 8.7148344719445596 1.0000000180025095e-35 1.0999066414948371 20.648534984734912 5.3835769662410735 0.0224124881068361 5.128762893440892 20.648236205500826 0.082692177090644789 5.2592619081150049 0.26300863840297412 2.225897326289584
decision_type=2 2 2 2 2 2 2 2 2 2 2 2 2 2 2 2 2 2 2 2 2
left_child=2 3 19 14 11 10 20 -8 9 -5 12 15 -4 -12 17 -3 -13 -2 -7 -1 -6
right_child=1 4 5 8 6 18 7 -9 -10 -11 13 16 -14 -15 -16 -17 -18 -19 -20 -21 -22
leaf_value=0.10375267488238789 0.10518419264774664 -0.20625095380178401 -0.20607436894321202 -0.095163698714483949 -0.11688080388979027 0.020284824553833146 0.096208097299117279 -0.18147756017209873 0.10622741877260988 0.087364959220235794 -0.14370554145263062 -0.174014619581568 -0.024362692137769509 -0.1918839008217367 -0.10328073177373939 -0.077049421744682364 0.042113507749336601 -0.012568799699670499 0.1075384116997354 0.008190599635349554 -0.21033338018643474
leaf_weight=230.34693525731564 43738.489085704088 795.76165303587914 19892.370987311006 432.51029169559479 9.064064145088194 14.785895496606825 137.88065825402737 21.276951029896736 36.558296620845795 33.295337080955505 373.54252356290817 7.234796658158305 23.035231322050095 794.19344483315945 11.559067234396933 27.553733870387077 18.239148110151291 6.0893947333097449 30.285028010606766 7.3840845823287955 24.089596465229988
leaf_count=1593 303936 3285 81572 2172 44 83 931 92 233 224 1686 32 125 3343 57 129 104 33 184 40 102
internal_value=0.00183919 0.0971552 -0.200245 0.103142 -0.157282 -0.203637 0.0158801 0.0586154 -0.0681725 -0.0819933 -0.204246 -0.196555 -0.205866 -0.17654 0.10511 -0.201999 -0.0188445 0.105167 0.0800435 0.10096 -0.187014
internal_weight=66665.5 45299.6 21365.9 44258.5 1041.1 21128.2 192.311 159.158 502.364 465.806 21083.1 848.789 19915.4 1167.74 43756.1 823.315 25.4739 43744.6 45.0709 237.731 33.1537
internal_count=400000 311374 88626 306655 4719 86993 1169 1023 2629 2396 86726 3550 81697 5029 304026 3414 136 303969 267 1633 146
is_linear=0
shrinkage=0.0869117


Tree=4
num_leaves=5
num_cat=0
split_feature=41 33 11 44
split_gain=161080 18.0033 0.418432 0.113716
threshold=1.0000000180025095e-35 -1.1335803506722126 1.0000000180025095e-35 -0.14495584489985533
decision_type=2 2 2 2
left_child=1 2 -1 -2
right_child=3 -3 -4 -5
leaf_value=-0.18438256482234286 0.10837278677232086 -0.2071140208201909 -0.20595330219506847 0.10345696857939021
leaf_weight=22226.135837599635 485.56431986391544 313.21061524748802 55.822954416275024 41106.84308449924
leaf_count=89212 3169 1290 230 306099
internal_value=0.00203712 -0.184759 -0.184441 0.103516
internal_weight=64187.6 22595.2 22282 41592.4
internal_count=400000 90732 89442 309268
is_linear=0
shrinkage=0.0869117


Tree=5
num_leaves=18
num_cat=0
split_feature=33 9 9 34 11 0 17 34 37 34 11 0 4 9 4 0 33
split_gain=129181 2001.78 382.267 309.656 190.81 120.239 136.619 105.991 104.881 94.5336 26.7713 14.0134 11.5384 8.43255 5.51937 4.38931 0.818616
threshold=-0.36980556271534387 4.717129160788021 1.5189649118627895 21.531419465027739 20.648009711565312 -1.937859142737876 1.0000000180025095e-35 0.015703084187901808 -0.087678032745735504 21.531419465027739 20.648913277797419 -1.937859142737876 0.0099979063240592438 8.7148344719445596 0.44301851890731608 -1.9550982700122961 9.0254682791960867
decision_type=2 2 2 2 2 2 2 2 2 2 2 2 2 2 2 2 2
left_child=1 3 12 4 8 16 9 13 -1 -7 -6 -9 -2 -3 -8 -15 -4
right_child=2 7 5 -5 10 6 14 11 -10 -11 -12 -13 -14 15 -16 -17 -18
leaf_value=-0.16613830583653202 0.1002339765913203 -0.01182745926178025 -0.10764783479032668 0.074326963026831699 0.040852298038521674 -0.065959861055195926 0.10032518584918049 -0.17356821922481064 -0.13546146759444766 0.10199597647581514 -0.068212780578249504 -0.019717570428522953 -0.023296750851179531 0.050103575204650336 0 0.10059604298286214 -0.16290802919606098
leaf_weight=21626.46047796309 38167.257738441229 4.8063184171915045 10.566088944673536 40.733006462454796 30.81626732647419 121.69993729889393 103.99915434420109 11.597403123974802 898.31239351630211 31.571781158447266 36.754820987582207 8.3003701418638212 5.1149019300937644 18.055851310491562 4.791305035352706 216.89627568423748 24.859308764338493
leaf_count=86845 304663 28 48 268 183 621 811 47 4003 230 186 48 30 132 32 1724 101
internal_value=0.00217316 -0.161295 0.0994514 -0.164048 -0.16448 0.0011788 0.0216674 0.0784846 -0.164918 -0.0309999 -0.0179307 -0.112363 0.100216 0.0945859 0.0961276 0.0969387 -0.148386
internal_weight=61362.6 22892.7 38469.9 22633.1 22592.3 297.488 262.062 259.656 22524.8 153.272 67.5711 19.8978 38172.4 239.758 108.79 234.952 35.4254
internal_count=400000 93464 306536 91485 91217 1843 1694 1979 90848 851 369 95 304693 1884 843 1856 149
is_linear=0
shrinkage=0.0869117


Tree=6
num_leaves=9
num_cat=0
split_feature=41 33 3 9 3 4 4 4
split_gain=120450 43.3157 2.91848 1.63214 1.57413 0.808955 0.216028 0.0214767
threshold=1.0000000180025095e-35 -1.1335803506722126 0.39173687243792449 8.1818070971236878 1.0000000180025095e-35 -0.0063893416292062086 -0.0022511477016139234 -0.0063893416292062086
decision_type=2 2 2 2 2 2 2 2
left_child=1 4 -2 -3 5 -1 -7 -4
right_child=2 3 7 -5 -6 6 -8 -9
leaf_value=-0.15521386346744853 0.10042286076369582 -0.19358138594287091 0.11739164725870443 -0.16597445075443112 -0.1608183138438119 -0.20546778286324285 -0.15996972115201963 0.10523665984498268
leaf_weight=20075.958565071225 35740.652219347656 261.19324013590813 133.97023253142834 57.26094976067543 1095.0272719562054 9.8052040189504606 869.31846284866333 196.65063039213419
leaf_count=81476 307205 1059 694 231 4415 41 3510 1369
internal_value=0.00225791 -0.156189 0.100516 -0.188873 -0.155713 -0.155443 -0.16058 0.110365
internal_weight=58439.8 22368.6 36071.3 318.454 22050.1 20955.1 879.124 330.621
internal_count=400000 90732 309268 1290 89442 85027 3551 2063
is_linear=0
shrinkage=0.0869117


Tree=7
num_leaves=6
num_cat=0
split_feature=41 33 3 3 9
split_gain=105392 25.2625 1.77086 0.26612 0.0187189
threshold=1.0000000180025095e-35 -1.1335803506722126 0.39173687243792449 1.0000000180025095e-35 1.5189649118627895
decision_type=2 2 2 2 2
left_child=1 3 -2 -1 -3
right_child=2 4 -4 -5 -6
leaf_value=-0.14557873510255789 0.099132222619275401 -0.17687828064327746 0.10789152843201011 -0.14985691047457461 -0.15979658959117593
leaf_weight=20451.953766405582 33173.114597633481 213.44718961417675 309.78621187061071 1073.8919593989849 106.84214170277119
leaf_count=85027 307205 857 2063 4415 433
internal_value=0.00232423 -0.146175 0.0992152 -0.145796 -0.171431
internal_weight=55329 21846.1 33482.9 21525.8 320.289
internal_count=400000 90732 309268 89442 1290
is_linear=0
shrinkage=0.0869117


Tree=8
num_leaves=27
num_cat=0
split_feature=33 9 1 38 9 34 17 11 34 1 1 8 19 1 1 34 1 45 17 0 33 28 12 9 0 37
split_gain=86440.7 1206.72 646.234 276.339 258.324 186.587 130.547 109.145 74.045 68.7352 57.3309 47.783 43.1006 34.0605 86.2333 31.2535 14.5551 8.05791 7.18725 7.0049 6.07919 4.80249 3.52523 1.82886 0.378966 0.279726
threshold=-0.36980556271534387 8.7148344719445596 -1.2015798020251613 6.2133490092080113 4.717129160788021 21.531419465027739 0.47049909858784916 20.648009711565312 0.015703084187901808 -1.2071990863897548 -0.69531590042533498 2.2028268449876887 0.19833387267292599 -1.1867871560055478 -1.1886122227222533 10.04793039657733 -1.0485623662508472 -4.5060038454907234 1.0000000180025095e-35 -1.937859142737876 1.6753667055890529 0.59590816877626585 4.8119847629078043 8.1818070971236878 -1.9550982700122961 12.99149548898218
decision_type=2 2 2 2 2 2 2 2 2 2 2 2 2 2 2 2 2 2 2 2 2 2 2 2 2 2
left_child=1 3 6 5 13 7 9 -1 21 15 18 -11 25 14 -4 -2 -7 -14 -6 -10 -12 24 23 -8 -3 -5
right_child=2 8 4 12 10 16 22 -9 19 11 20 -13 17 -15 -16 -17 -18 -19 -20 -21 -22 -23 -24 -25 -26 -27
leaf_value=-0.13551748507740824 -0.046490673891875417 0.065743645360327493 0.096037248316189525 0.077842203042094882 -0.0047090814160174474 0.098700254779136951 0.020873608367581044 -0.01749437697441172 -0.13560247908614662 -0.026898184566108485 -0.040243902351914183 0.087594482223777054 -0.0026845482676121201 0.097509719542857809 -0.0049398370855964699 -0.14675454935270535 -0.028995787880159905 -0.11581978333269208 0.089643416980959914 -0.01889216724293356 -0.1238051399103441 0 0 0.097350350370958336 0.096399280971769488 0.045911925033301854
leaf_weight=20944.501255534589 47.760311856865883 14.071598544716833 232.72615140676498 43.491642035543919 9.1896657943725586 25.956798352301121 3.9751297608017913 60.195492558181286 10.519960820674898 202.1622524112463 9.8114707097411138 31.5335957929492 8.6977205574512499 30058.260735563934 86.9939806163311 49.704930551350117 8.37937945127487 12.659214481711386 14.262449935078621 7.5736240819096556 44.685784205794334 4.0261582955718032 4.0283963307738295 67.682477466762066 171.29662933945656 10.825317800045012
leaf_count=90375 296 126 2306 342 57 215 29 353 44 1406 55 232 44 300273 648 206 53 54 133 47 200 29 32 663 1701 81
internal_value=0.00237129 -0.132203 0.095346 -0.134253 0.0967998 -0.13485 -0.0133739 -0.135181 0.0761775 -0.0370009 -0.0607508 -0.0112056 0.0310218 0.0972058 0.0684577 -0.0982658 0.0664257 -0.0721121 0.0513659 -0.0897962 -0.109725 0.0923364 0.0892741 0.0937372 0.0943737 0.0724319
internal_weight=52185 21322.2 30862.8 21114.7 30455.9 21039 406.847 21004.7 207.488 331.161 77.9494 233.696 75.6739 30378 319.72 97.4652 34.3362 21.3569 23.4521 18.0936 54.4973 189.394 75.686 71.6576 185.368 54.317
internal_count=400000 93464 306536 91517 303672 90996 2864 90728 1947 2140 445 1638 521 303227 2954 502 268 98 190 91 255 1856 724 692 1827 423
is_linear=0
shrinkage=0.0869117


Tree=9
num_leaves=20
num_cat=0
split_feature=16 17 4 4 34 0 18 39 26 4 2 26 0 18 4 27 27 16 0
split_gain=72258 4847.35 998.826 311.682 162.483 85.3042 96.3817 52.7556 36.087 18.8826 18.8511 33.2335 16.5046 33.7763 3.40025 2.26329 1.67553 1.49715 0.735642
threshold=-0.11004398221315716 1.1191112432054051 -0.0082101469573468127 -0.0019200921874065408 21.531419465027739 -1.920509861295568 3.5218155610294093 -0.059399865908398221 0.011700762454047683 0.001390462954667288 1.0000000180025095e-35 -0.046657096604715835 -1.9550982700122961 1.0000000180025095e-35 0.081340369635750254 0.048461546476014861 0.032264216162865018 5.932234611961035 -1.9550982700122961
decision_type=2 2 2 2 2 2 2 2 2 2 2 2 2 2 2 2 2 2 2
left_child=2 3 18 12 10 14 -7 8 9 -3 16 -12 13 -2 -5 -14 -4 -10 -1
right_child=1 7 4 5 -6 6 -8 -9 17 -11 11 -13 15 -15 -16 -17 -18 -19 -20
leaf_value=0.059269405557832 0.08007317294192258 -0.08360265924907323 -0.12999123471526336 -0.068842061847118177 0.063865925453512898 -0.020643771560831331 0.091036261068129648 -0.13202624604471497 -0.12071200450921056 0.017830487168588934 0.096148281407098454 -0.13334086454670449 0.095033182711036543 -0.050778297294033811 -0.13232470294123141 0.078972433688398541 -0.12689286268814054 -0.069686480008675264 0.094041525057862271
leaf_weight=13.087520204484461 107.34306584298611 21.467241041362286 15935.290813565254 13.860361494123934 32.519215472042561 148.46314256638288 95.476225063204765 679.16303957998753 55.691562041640282 37.057961419224739 7.6445017009973553 11.457678899168966 28278.231144845486 16.742178484797478 27.02888235449791 103.84057791531086 3404.0826166123152 10.410075999796389 142.95492821186781
leaf_count=122 1110 106 71354 70 267 927 973 3007 248 218 55 49 303635 106 117 806 15268 51 1511
internal_value=0.00240221 0.0880529 -0.127273 0.0939311 -0.129036 0.00332056 0.0229557 -0.122412 -0.0695481 -0.018909 -0.129363 -0.0394312 0.094835 0.0620381 -0.112301 0.0949765 -0.12945 -0.113556 0.0914738
internal_weight=49141.8 29594.8 19547 28791 19391 284.829 243.939 803.79 124.627 58.5252 19358.5 19.1022 28506.2 124.085 40.8892 28382.1 19339.4 66.1016 156.042
internal_count=400000 311374 88626 307744 86993 2087 1900 3630 623 324 86726 104 305657 1216 187 304441 86622 299 1633
is_linear=0
shrinkage=0.0869117


Tree=10
num_leaves=7
num_cat=0
split_feature=41 33 9 33 33 11
split_gain=73969.3 48.4329 5.67457 4.22056 2.37384 0.494488
threshold=1.0000000180025095e-35 -1.1335803506722126 1.5189649118627895 1.0000000180025095e-35 -1.3581648340554786 20.64793260724684
decision_type=2 2 2 2 2 2
left_child=1 5 -3 4 -2 -1
right_child=3 2 -4 -5 -6 -7
leaf_value=-0.12597453216152163 0.099439979150664215 -0.17050002679794196 -0.1404846387358879 0.09604866717246599 0.11548973939330065 -0.14984548051468602
leaf_weight=19094.337327390909 308.65651137381792 212.6997347176075 101.11926375329494 26248.896650053561 176.04333359003067 30.548489198088646
leaf_count=89316 3003 857 433 305251 1014 126
internal_value=0.00241702 -0.126587 -0.161072 0.0962208 0.105406 -0.126017
internal_weight=46172.3 19438.7 313.819 26733.6 484.7 19124.9
internal_count=400000 90732 1290 309268 4017 89442
is_linear=0
shrinkage=0.0869117


Tree=11
num_leaves=8
num_cat=0
split_feature=41 0 4 4 4 4 4
split_gain=66063.7 16.5467 3.34074 10.7543 2.52816 2.09338 1.83752
threshold=1.0000000180025095e-35 -0.21835258201135985 -0.0063893416292062086 -0.0035753697584434549 -0.0063893416292062086 -0.0082101469573468127 -0.0035753697584434549
decision_type=2 2 2 2 2 2 2
left_child=1 6 -3 -4 5 -2 -1
right_child=4 2 3 -5 -6 -7 -8
leaf_value=-0.15577477959850369 0.095095801126831025 -0.12122775700263082 -0.15668660634585085 -0.12421473321840688 0.095251135249943941 0.1149612014377924 -0.13165255947063345
leaf_weight=134.90067294239998 131.22594073414803 17321.005528360605 101.0543994307518 835.34852182865143 24446.29318317771 140.34864315390587 86.116685628890991
leaf_count=556 1621 85367 412 4009 306886 761 388
internal_value=0.00243546 -0.121874 -0.121569 -0.127801 0.0953675 0.105602 -0.146711
internal_weight=43196.3 18478.4 18257.4 936.403 24717.9 271.575 221.017
internal_count=400000 90732 89788 4421 309268 2382 944
is_linear=0
shrinkage=0.0869117


Tree=12
num_leaves=6
num_cat=0
split_feature=41 0 3 19 44
split_gain=59190.9 10.7582 2.13836 1.67002 6.63737
threshold=1.0000000180025095e-35 -0.21835258201135985 0.39173687243792449 -0.11004398221315716 0.41668621357037017
decision_type=2 2 2 2 2
left_child=1 -1 -2 -3 -5
right_child=2 3 -4 4 -6
leaf_value=-0.13867727819502121 0.094483100739281942 -0.11733633536748531 0.10458905860130734 -0.1438414604669328 -0.11916399786071112
leaf_weight=213.86550831794739 22581.548881143332 16489.940694510937 254.82892405986786 123.506277307868 662.92596726119518
leaf_count=944 307205 85893 2063 522 3373
internal_value=0.00244851 -0.117866 0.0945987 -0.117604 -0.123133
internal_weight=40326.6 17490.2 22836.4 17276.4 786.432
internal_count=400000 90732 309268 89788 3895
is_linear=0
shrinkage=0.0869117


Tree=13
num_leaves=4
num_cat=0
split_feature=41 33 3
split_gain=53176 14.1226 1.29927
threshold=1.0000000180025095e-35 -1.1335803506722126 0.39173687243792449
decision_type=2 2 2
left_child=1 -1 -2
right_child=2 -3 -4
leaf_value=-0.11406693272793517 0.093800771718786313 -0.13455573378703484 0.10287316407244081
leaf_weight=16206.356422483921 20845.729623913765 287.93806149065495 237.34327542036772
leaf_count=89442 307205 1290 2063
internal_value=0.00245776 -0.114429 0.093906
internal_weight=37577.4 16494.3 21083.1
internal_count=400000 90732 309268
is_linear=0
shrinkage=0.0869117


Tree=14
num_leaves=23
num_cat=0
split_feature=19 17 4 1 9 17 39 1 1 1 1 26 11 1 6 1 27 6 12 1 11 19
split_gain=41425.3 2923.18 534.216 396.656 201.528 156.703 33.7288 33.1453 32.3298 31.6248 30.7979 20.3173 19.8955 13.6637 13.0205 12.0575 10.2337 4.93968 3.51486 2.9714 2.95678 0.666862
threshold=-0.11004398221315716 0.98938881428189385 -0.0082101469573468127 -1.2015798020251613 4.717129160788021 0.27591545520258243 -0.059399865908398221 -0.6642897662413404 -1.1867871560055478 -1.2071990863897548 -1.1793428049242489 0.011700762454047683 20.648534984734912 -1.1830889945006444 -0.0034225986572537365 -0.46115503786486128 0.038154154458555876 -0.002876918524534252 5.1927107240783643 -1.1350609230083926 20.648913277797419 5.932234611961035
decision_type=2 2 2 2 2 2 2 2 2 2 2 2 2 2 2 2 2 2 2 2 2 2
left_child=2 3 19 5 8 9 11 -6 -5 -2 13 15 17 16 -15 -3 -4 -12 -7 -1 -14 -13
right_child=1 6 10 4 7 18 -8 -9 -10 -11 12 21 20 14 -16 -17 -18 -19 -20 -21 -22 -23
leaf_value=0.012382203607367134 -0.079779861201108943 0.010012766971989735 -0.10171159475763177 0.057962026802232558 0.046527184737046298 0.080903207824967002 -0.11092833249638789 -0.085660883281378122 0.092484322224350643 -0.014435809146520357 -0.11056908461918019 -0.097647270488723917 0.028985465010761477 -0.08310208293428524 -0.01267560263641682 -0.092926638520014468 -0.068497701946477252 -0.029486562262858052 0 0.089631937516902044 -0.043687386619134405 -0.053765991559807318
leaf_weight=5.224343702197074 82.015695706009865 36.974167734384537 1456.4770725592971 214.89573945105076 18.756080023944378 136.53845051676035 518.57069569081068 54.922940738499165 18785.33385149017 181.7301747277379 13059.324890732765 45.353521011769772 6.7127864435315159 105.10675981640816 26.224662035703659 10.770264357328413 83.719506494700909 7.2046174779534331 3.3985548689961425 101.05268896371126 9.4618499055504781 8.5565792918205243
leaf_count=43 519 271 8536 2954 217 1732 3007 330 300308 1639 76892 252 58 625 161 60 608 55 34 1590 58 51
internal_value=0.0024645 0.083819 -0.107559 0.0897351 0.0915395 0.00437635 -0.10187 -0.0514396 0.0920967 -0.0349594 -0.108959 -0.0551181 -0.110408 -0.0975761 -0.0693861 -0.0127582 -0.0999429 -0.110528 0.0787227 0.0862384 -0.0111706 -0.0916819
internal_weight=34958.3 20097.8 14860.5 19477.6 19073.9 403.683 620.225 73.679 19000.2 263.746 14754.2 101.655 13082.7 1671.53 131.331 47.7444 1540.2 13066.5 139.937 106.277 16.1746 53.9101
internal_count=400000 311374 88626 307733 303809 3924 3641 547 303262 2158 86993 634 77063 9930 786 331 9144 76947 1766 1633 116 303
is_linear=0
shrinkage=0.0869117


Tree=15
num_leaves=22
num_cat=0
split_feature=33 3 9 3 38 18 34 34 11 3 34 1 1 26 3 14 34 43 9 6 33
split_gain=39643.1 1067.42 498.771 117.686 129.798 91.5669 79.3815 58.1395 53.9778 44.3514 36.3223 30.6106 29.6106 24.1682 8.47201 7.66123 9.64831 6.3299 2.66423 1.71525 1.15463
threshold=-0.36980556271534387 -0.086285591305948137 4.717129160788021 1.0000000180025095e-35 3.0932455794422942 3.2866525367740707 21.531419465027739 21.531419465027739 20.64834704295863 8.0563507159515506 0.015703084187901808 0.48045931777648182 -1.1867871560055478 0.017279087217017732 5.2592619081150049 7.5181977542593579 0.30473807982281492 0.29484333985044203 8.7148344719445596 0.0013397006828435802 9.0254682791960867
decision_type=2 2 2 2 2 2 2 2 2 2 2 2 2 2 2 2 2 2 2 2 2
left_child=2 15 3 4 8 7 9 12 -1 -5 14 17 -3 -6 18 -2 20 -7 -4 -12 -17
right_child=1 5 10 6 13 11 -8 -9 -10 -11 19 -13 -14 -15 -16 16 -18 -19 -20 -21 -22
leaf_value=-0.1078357971825866 0.092591696551742847 -0.091732675823210388 0 -0.063602542162058961 0.058766197041355467 0.091574834511118461 0.092580094464673676 0.091106229676713293 -0.0054834939728019335 -0.10612035374942549 -0.094657391409189176 -0.090869983956732736 -0.037708161674715489 -0.10607466230500312 -0.045128166041590853 -0.049850584971384018 0.087247531617516819 -0.03954658640786738 0.088481208844615175 -0.024268211079120409 0.0014714622721877099
leaf_weight=13566.434773974121 17458.609910603613 219.07049605250359 3.1204262226819983 562.93802379071712 42.139010690152645 43.930414438247681 20.717207171022892 16.83227327466011 39.864898465573788 285.39287284761667 6.9609491229057294 8.640517905354498 123.26262408494949 7.6163291782140723 3.2947798594832411 4.9340398162603396 14.106319759041069 2.4033911414444438 109.14628438279033 7.5195685252547264 5.4850071892142296
leaf_count=85303 303017 1199 25 3335 471 725 252 223 297 1785 41 55 1024 42 25 31 192 20 1834 54 50
internal_value=0.0024627 0.0892538 -0.103526 -0.105044 -0.107026 -0.0485677 -0.073843 -0.0646049 -0.107539 -0.0779792 0.0656418 0.0553213 -0.0724357 0.0323503 0.082044 0.0925214 0.0404662 0.0837611 0.0862145 -0.0617816 -0.0197749
internal_weight=32552.4 17897.3 14655.1 14525.1 13656.1 414.14 869.048 359.165 13606.3 848.331 130.042 54.9743 342.333 49.7553 115.561 17483.1 24.5254 46.3338 112.267 14.4805 10.419
internal_count=400000 306536 93464 91485 86113 3246 5372 2446 85600 5120 1979 800 2223 513 1884 303290 273 745 1859 95 81
is_linear=0
shrinkage=0.0869117


Tree=16
num_leaves=8
num_cat=0
split_feature=41 0 4 4 4 26 4
split_gain=39363.3 6.44214 2.23522 1.05174 0.758303 3.552 0.0480325
threshold=1.0000000180025095e-35 -0.21835258201135985 -0.0063893416292062086 -0.0082101469573468127 -0.0063893416292062086 -0.0011722946912678018 -0.0035753697584434549
decision_type=2 2 2 2 2 2 2
left_child=1 6 3 -2 -3 -6 -1
right_child=2 4 -4 -5 5 -7 -8
leaf_value=-0.13072518994977056 0.091836953668044286 -0.10635295046770814 0.092170085825201031 0.11064280618117696 -0.12807014541889708 -0.10805051102101078 -0.11281056596135207
leaf_weight=119.54169319570065 89.109655167907476 12745.753440916538 16395.341277252883 128.0920480042696 114.31082935631275 604.00303810834885 67.781284347176552
leaf_count=556 1621 85367 306886 761 543 3878 388
internal_value=0.00246502 -0.106876 0.0923185 0.103221 -0.106624 -0.111334 -0.124609
internal_weight=30263.9 13651.4 16612.5 217.202 13464.1 718.314 187.323
internal_count=400000 90732 309268 2382 89788 4421 944
is_linear=0
shrinkage=0.0869117


Tree=17
num_leaves=27
num_cat=0
split_feature=33 9 1 9 1 34 18 1 1 26 34 1 1 1 26 33 34 0 4 21 14 4 4 10 33 9
split_gain=32354.2 400.123 374.494 122.351 71.5652 63.2278 53.3297 32.2579 58.6787 32.0828 29.8244 21.0644 36.1295 18.0913 16.0214 16.0199 13.714 5.6393 5.42896 5.40645 4.65506 4.25405 4.24577 3.53315 3.38262 1.12569
threshold=-0.36980556271534387 4.717129160788021 -1.2015798020251613 4.717129160788021 -1.1793428049242489 22.235398804576551 3.2866525367740707 -1.1867871560055478 -1.1886122227222533 -0.04408248517565274 0.015703084187901808 -1.2057102161734952 -1.2028765599554523 -0.69531590042533498 0.0014023167377952951 -1.3581648340554786 10.04793039657733 -1.9550982700122961 -0.0047340640581692945 -0.0014148642925355889 11.776358262653448 0.31986586762216968 0.0099979063240592438 3.7906943865368929 1.6753667055890529 8.7148344719445596
decision_type=2 2 2 2 2 2 2 2 2 2 2 2 2 2 2 2 2 2 2 2 2 2 2 2 2 2
left_child=1 4 6 7 5 14 11 8 -4 15 17 16 -13 20 -1 -6 -2 18 -3 -11 -5 -8 -9 -12 -15 -19
right_child=2 10 3 13 9 -7 21 22 -10 19 23 12 -14 24 -16 -17 -18 25 -20 -21 -22 -23 -24 -25 -26 -27
leaf_value=-0.081600603820633694 -0.033359013427506995 0.060062984679486217 0.088746117415136702 0.065351072828492299 0.062973705027369292 0.089969250485624722 0.090231745230511806 0.09092453118963939 -0.015611556629099608 -0.10370470036059463 -0.094303229185098064 0.050241006407819797 -0.046205500705859597 -0.015025379518325464 -0.10015813573418622 -0.1031236057464289 -0.098964663282480742 0.0081907734889246752 -0.068906939995813654 -0.020377190156219777 -0.046128559341185163 -0.021499316701490582 -0.020492354752442845 0 -0.089080413479203494 0.088913553238379919
leaf_weight=1417.1080554947257 82.003479525446892 6.9924136027693731 118.76741946488619 11.051309086382387 13.046155869960787 15.041769057512282 35.576331805437803 14716.972185146064 60.872535932809114 10744.120404653251 7.5721706524491292 53.952504273504019 63.64046398550272 7.2271263003349295 512.31021459400654 6.2504210025072089 36.097022838890553 2.4649911299347869 3.3296392038464546 7.1871996372938147 3.1570541858673087 2.0863166637718669 1.9294325560331334 5.7120880112051964 29.687107607722282 86.619559764862061
leaf_count=10257 711 118 2306 169 130 215 691 300258 648 77196 48 702 527 55 3591 37 213 22 20 59 21 20 15 47 200 1724
internal_value=0.00246657 -0.0992135 0.0881506 0.0899942 -0.10066 -0.0851636 -0.0125231 0.0904557 0.0531943 -0.103452 0.0635089 -0.0280101 -0.0016116 -0.0435393 -0.0865606 0.00654861 -0.0539068 0.0800092 0.0141282 -0.103653 0.0375155 0.0829133 0.0909069 -0.0562815 -0.075829 0.0871455
internal_weight=28050.8 12827.8 15223 14949.7 12715.1 1944.46 273.356 14898.5 179.64 10770.6 112.691 235.693 117.593 51.1226 1929.42 19.2966 118.101 99.4066 10.3221 10751.3 14.2084 37.6626 14718.9 13.2843 36.9142 89.0846
internal_count=400000 93464 306536 303672 91485 14063 2864 303227 2954 77422 1979 2153 1229 445 13848 167 924 1884 138 77255 190 711 300273 95 255 1746
is_linear=0
shrinkage=0.0869117


Tree=18
num_leaves=24
num_cat=0
split_feature=33 3 9 3 38 34 3 3 3 14 2 34 3 3 26 45 3 17 45 9 26 26 6
split_gain=29217.3 899.733 358.835 127.628 117.114 74.577 66.4711 57.8309 68.3507 51.4154 35.2189 27.1618 24.9059 23.779 18.6565 7.64542 7.51949 7.37504 2.55467 2.27136 1.68607 1.46524 1.17506
threshold=-0.36980556271534387 -0.086285591305948137 4.717129160788021 1.0000000180025095e-35 3.0932455794422942 1.8457363327235159 5.5445028526139053 8.0563507159515506 7.3726178962581717 11.776358262653448 1.0000000180025095e-35 0.015703084187901808 8.4914534193927889 13.401898215372503 0.017279087217017732 -2.9936512574517216 5.2592619081150049 0.47049909858784916 -0.80654261365469881 8.7148344719445596 -0.046657096604715835 0.029723042457489364 0.015775420557513572
decision_type=2 2 2 2 2 2 2 2 2 2 2 2 2 2 2 2 2 2 2 2 2 2 2
left_child=2 15 3 4 10 12 9 8 -5 -7 -1 16 17 -14 -6 22 19 -3 -13 -4 -17 -22 -2
right_child=1 5 11 7 14 6 -8 -9 -10 -11 -12 18 13 -15 -16 20 -18 -19 -20 -21 21 -23 -24
leaf_value=-0.102544400114257 0.033447361483957605 -0.089502214556375248 0 -0.053782158989396783 0.059050166523282745 0.089020695921428999 -0.081301140693141385 -0.099689534582203101 0.10636491760810016 -0.10400583896191908 -0.078740755186346587 -0.0040162620068246351 0.034561549132588409 -0.087261202539049218 -0.097224983972245257 0 -0.043725671786187741 -0.017562311058018892 -0.088845701772186647 0.086208379591994511 0.091228037870004053 0.036498977500710919 -0.031573499183320176
leaf_weight=10588.701862283051 4.4189953133463851 194.01220706105232 2.9115447402000418 496.74743609130383 39.899145871400833 65.40638642758131 38.157678186893463 233.91320313513279 20.598738864064217 12.000960752367972 511.32786379754543 5.9669865295290947 28.761086285114288 20.28946865350008 6.3490959852933875 1.9639617204666127 3.0870175063610068 12.989679917693136 6.9236583188176137 86.452678270637989 13665.228986181319 6.5159544944763175 3.4157716147601604
leaf_count=81653 48 1242 25 3444 471 1060 261 1785 143 75 3947 48 344 127 42 22 25 137 47 1834 303099 92 29
internal_value=0.00246355 0.0875192 -0.0971174 -0.0985329 -0.100877 -0.0458197 0.0118302 -0.0636794 -0.0472822 0.0583546 -0.101453 0.0622395 -0.0719774 -0.0152253 0.0363514 0.0911445 0.0788796 -0.0852026 -0.0533673 0.0836598 0.0911938 0.0912055 0.000177242
internal_weight=26056 14053.2 12002.9 11897.5 11146.3 371.617 115.565 751.259 517.346 77.4073 11100 105.342 256.052 49.0506 46.2482 13681.5 92.4512 207.002 12.8906 89.3642 13673.7 13671.7 7.83477
internal_count=400000 306536 93464 91485 86113 3246 1396 5372 3587 1135 85600 1979 1850 471 513 303290 1884 1379 95 1859 303213 303191 77
is_linear=0
shrinkage=0.0869117


Tree=19
num_leaves=6
num_cat=0
split_feature=41 33 33 33 3
split_gain=29565 8.83552 3.54849 0.674263 0.24019
threshold=1.0000000180025095e-35 -1.1335803506722126 1.0000000180025095e-35 -1.3581648340554786 7.9009568932939631
decision_type=2 2 2 2 2
left_child=1 -1 3 -2 -3
right_child=2 4 -4 -5 -6
leaf_value=-0.10133111357880706 0.095204200694083016 -0.11623687138431431 0.090891271152290079 0.10892047227846818 -0.13975519904678935
leaf_weight=10873.042340762913 189.20724448189139 208.32561384141445 12716.425785757601 146.34772733598948 30.151128441095352
leaf_count=89442 3003 1163 305251 1014 127
internal_value=0.00246256 -0.101728 0.0911658 0.101379 -0.119517
internal_weight=24163.5 11111.5 13052 335.555 238.477
internal_count=400000 90732 309268 4017 1290
is_linear=0
shrinkage=0.0869117


Tree=20
num_leaves=6
num_cat=0
split_feature=41 4 4 3 4
split_gain=26843.7 2.58705 3.81003 2.16944 0.021688
threshold=1.0000000180025095e-35 -0.0063893416292062086 -0.0035753697584434549 0.39173687243792449 -0.0063893416292062086
decision_type=2 2 2 2 2
left_child=1 -1 -3 -2 -5
right_child=3 2 -4 4 -6
leaf_value=-0.099827182929696112 0.090600305585680746 -0.11939152577795907 -0.10214553782218358 0.10826784881945165 0.093653299292252981
leaf_weight=9605.2506521940231 11810.907994572073 178.04631967842579 541.96882127225399 109.89000815525651 91.405506230890751
leaf_count=85391 307205 944 4397 694 1369
internal_value=0.00246228 -0.100299 -0.106504 0.0907958 0.101949
internal_weight=22337.5 10325.3 720.015 12012.2 201.296
internal_count=400000 90732 5341 309268 2063
is_linear=0
shrinkage=0.0869117


Tree=21
num_leaves=6
num_cat=0
split_feature=41 4 26 4 4
split_gain=24395.6 1.5946 2.46758 1.29092 0.0340199
threshold=1.0000000180025095e-35 -0.0063893416292062086 -0.0011722946912678018 -0.0063893416292062086 -0.0082101469573468127
decision_type=2 2 2 2 2
left_child=1 -1 -3 4 -2
right_child=3 2 -4 -5 -6
leaf_value=-0.098600041877288241 0.089682396344305693 -0.11474841747569942 -0.10019637493970181 0.090289025421775415 0.10611778321467946
leaf_weight=8910.4061859101057 59.937657151371241 196.96638981997967 474.87010588496923 10878.264833651483 113.31580770760775
leaf_count=85391 1621 1145 4196 306886 761
internal_value=0.00246166 -0.0990248 -0.104562 0.0904595 0.100794
internal_weight=20633.8 9582.24 671.836 11051.5 173.253
internal_count=400000 90732 5341 309268 2382
is_linear=0
shrinkage=0.0869117


Tree=22
num_leaves=4
num_cat=0
split_feature=41 33 33
split_gain=22189.2 2.71917 0.86229
threshold=1.0000000180025095e-35 -1.1335803506722126 1.0000000180025095e-35
decision_type=2 2 2
left_child=1 -1 -2
right_child=2 -3 -4
leaf_value=-0.097597161792985443 0.097645295865205609 -0.11011900664995558 0.089942567257095082
leaf_weight=8683.2617503628135 269.31347271054983 199.13583988696337 9895.2920012008399
leaf_count=89442 4017 1290 305251
internal_value=0.00246076 -0.0978854 0.0901529
internal_weight=19047 8882.4 10164.6
internal_count=400000 90732 309268
is_linear=0
shrinkage=0.0869117


Tree=23
num_leaves=4
num_cat=0
split_feature=41 33 33
split_gain=20197.5 1.68882 0.376906
threshold=1.0000000180025095e-35 -1.1335803506722126 1.0000000180025095e-35
decision_type=2 2 2
left_child=1 -1 -2
right_child=2 -3 -4
leaf_value=-0.096604629321404761 0.096671843805133773 -0.10774742184295651 0.08968106109922383
leaf_weight=8038.6040502414107 249.27362813986838 186.40281277149916 9096.8727338835597
leaf_count=89442 4017 1290 305251
internal_value=0.00245972 -0.0968652 0.0898743
internal_weight=17571.2 8225.01 9346.15
internal_count=400000 90732 309268
is_linear=0
shrinkage=0.0869117


Tree=24
num_leaves=26
num_cat=0
split_feature=33 1 9 9 38 1 34 11 18 1 1 0 4 1 44 4 1 34 12 4 18 33 32 33 9
split_gain=16453 212.995 190.399 65.8967 56.6987 40.2711 33.74 27.894 25.0697 22.8272 33.7488 16.1609 9.84507 9.66294 14.429 8.79545 8.34629 6.92707 3.94508 2.91374 2.53716 1.75496 1.65301 1.37596 0.100493
threshold=-0.36980556271534387 -1.2015798020251613 4.717129160788021 4.717129160788021 3.0932455794422942 -1.1793428049242489 22.235398804576551 20.648081996863883 3.2866525367740707 -1.1867871560055478 -1.1886122227222533 -1.920509861295568 -0.0063893416292062086 -1.2071990863897548 -0.21063807442683549 0.0017215184688746706 -0.69531590042533498 10.04793039657733 13.735249477842819 0.0099979063240592438 3.5218155610294093 1.6753667055890529 0.05171670978711209 -1.3581648340554786 8.7148344719445596
decision_type=2 2 2 2 2 2 2 2 2 2 2 2 2 2 2 2 2 2 2 2 2 2 2 2 2
left_child=2 8 4 9 5 6 -1 -7 13 10 -3 12 -4 17 -15 20 22 -2 -10 -11 -6 -18 -5 24 -13
right_child=1 3 11 16 15 7 -8 -9 18 19 -12 23 -14 14 -16 -17 21 -19 -20 -21 -22 -23 -24 -25 -26
leaf_value=-0.078089458025180275 -0.020749739216273211 0.08537497228638799 0.059811333998479113 0.056810697467135768 -0.030714967085630058 -0.09482108127041973 0.084595325938899193 0.0017661687292884832 0.086712288221809375 0.088491338544586767 -0.013546267903758274 0.0071804545527740108 -0.07867388901057687 0.081785720223473884 -0.018860275811275865 -0.064680917226657281 -0.0073968988727245713 -0.091042239729595034 -0.051032472243786223 -0.011566048179588145 0.052383039975297321 -0.075730040016700154 -0.014378230764265519 0 0.084286713754624973
leaf_weight=1173.2220330834389 24.152317471802235 67.196955561637878 6.2331646624952564 6.4368336740881187 2.3450652509927776 6362.9689468033612 9.2864516004919988 21.861399006098509 20.578914364799861 8217.4276228193194 41.351949118077755 1.2936270050704468 8.9366129636764491 11.812164682894943 94.881771199405193 6.7280693463981143 4.9716593883931663 21.880210682749748 1.17261068150401 1.45525862276554 24.525309454649687 18.368201248347759 2.601127015426755 1.0920730978250492 47.873951597139239
leaf_count=13353 307 2306 191 156 22 77139 215 242 702 300258 648 18 81 169 1474 71 55 203 9 15 443 200 34 12 1677
internal_value=0.00245853 0.0854725 -0.0899483 0.0874565 -0.0912213 -0.0917225 -0.0767613 -0.0944842 -0.00935333 0.0879392 0.0473876 0.0571366 -0.0191955 -0.0220151 -0.0071884 0.0203499 -0.0352055 -0.0553141 0.0770202 0.0884685 0.0434774 -0.0630592 0.0322883 0.0809288 0.0830935
internal_weight=16200.7 8534.29 7666.37 8359.81 7600.94 7567.34 1182.51 6384.83 174.478 8327.43 108.549 65.4294 15.1698 152.726 106.694 33.5984 32.3778 46.0325 21.7515 8218.88 26.8704 23.3399 9.03796 50.2597 49.1676
internal_count=400000 306536 93464 303672 91485 90949 13568 77381 2864 303227 2954 1979 272 2153 1643 536 445 510 711 300273 465 255 190 1707 1695
is_linear=0
shrinkage=0.0869117


Tree=25
num_leaves=4
num_cat=0
split_feature=41 0 4
split_gain=16871.6 0.448012 0.322751
threshold=1.0000000180025095e-35 -0.21835258201135985 -0.0063893416292062086
decision_type=2 2 2
left_child=1 -1 -2
right_child=2 -3 -4
leaf_value=-0.10553722142125573 0.098364617264148052 -0.09504251520626314 0.08929026518433178
leaf_weight=120.48967081308365 140.81096194125712 6943.0955696329474 7789.8579610846937
leaf_count=944 2382 89788 306886
internal_value=0.00245168 -0.0952308 0.0894594
internal_weight=14994.3 7063.59 7930.67
internal_count=400000 90732 309268
is_linear=0
shrinkage=0.0869117


Tree=26
num_leaves=4
num_cat=0
split_feature=41 33 33
split_gain=15383.7 0.862114 0.0676637
threshold=1.0000000180025095e-35 -1.1335803506722126 -0.36980556271534387
decision_type=2 2 2
left_child=1 -1 -2
right_child=2 -3 -4
leaf_value=-0.094219512114817383 0.095745943081409643 -0.10433192776495412 0.089034363724536644
leaf_weight=6363.6368287205696 216.07937744818628 161.23176001012325 7071.4072574898601
leaf_count=89442 4016 1290 305252
internal_value=0.00245024 -0.0944793 0.089242
internal_weight=13812.4 6524.87 7287.49
internal_count=400000 90732 309268
is_linear=0
shrinkage=0.0869117


Tree=27
num_leaves=3
num_cat=0
split_feature=41 33
split_gain=14033.7 0.334561
threshold=1.0000000180025095e-35 -1.1335803506722126
decision_type=2 2
left_child=1 -1
right_child=-2 -3
leaf_value=-0.093562440583995987 0.089043060774160396 -0.1026209402566316
leaf_weight=5873.071138702333 6695.1812126915902 150.16900277510285
leaf_count=89442 309268 1290
internal_value=0.00244879 -0.093799
internal_weight=12718.4 6023.24
internal_count=400000 90732
is_linear=0
shrinkage=0.0869117


Tree=28
num_leaves=2
num_cat=0
split_feature=41
split_gain=12808
threshold=1.0000000180025095e-35
decision_type=2
left_child=-1
right_child=-2
leaf_value=-0.093183644295068618 0.088863001665713121
leaf_weight=5556.7544547282159 6149.7502234149724
leaf_count=90732 309268
internal_value=0.00244701
internal_weight=11706.5
internal_count=400000
is_linear=0
shrinkage=0.0869117


Tree=29
num_leaves=2
num_cat=0
split_feature=41
split_gain=11694
threshold=1.0000000180025095e-35
decision_type=2
left_child=-1
right_child=-2
leaf_value=-0.092628922060641564 0.088698033060688172
leaf_weight=5123.3571546748281 5647.8565693404526
leaf_count=90732 309268
internal_value=0.00244561
internal_weight=10771.2
internal_count=400000
is_linear=0
shrinkage=0.0869117


Tree=30
num_leaves=2
num_cat=0
split_feature=41
split_gain=10680.7
threshold=1.0000000180025095e-35
decision_type=2
left_child=-1
right_child=-2
leaf_value=-0.092125579113594869 0.088546822352180463
leaf_weight=4721.406406711787 5186.1702841576189
leaf_count=90732 309268
internal_value=0.0024442
internal_weight=9907.58
internal_count=400000
is_linear=0
shrinkage=0.0869117


Tree=31
num_leaves=2
num_cat=0
split_feature=41
split_gain=9758.41
threshold=1.0000000180025095e-35
decision_type=2
left_child=-1
right_child=-2
leaf_value=-0.091668356519642627 0.088408182449211628
leaf_weight=4349.0222014375031 4761.5907754572108
leaf_count=90732 309268
internal_value=0.00244281
internal_weight=9110.61
internal_count=400000
is_linear=0
shrinkage=0.0869117


Tree=32
num_leaves=2
num_cat=0
split_feature=41
split_gain=8918.35
threshold=1.0000000180025095e-35
decision_type=2
left_child=-1
right_child=-2
leaf_value=-0.09125263749936148 0.088281016945573013
leaf_weight=4004.3624810054898 4371.2377224257216
leaf_count=90732 309268
internal_value=0.00244142
internal_weight=8375.6
internal_count=400000
is_linear=0
shrinkage=0.0869117


Tree=33
num_leaves=23
num_cat=0
split_feature=16 4 3 4 3 8 3 3 3 11 14 11 18 3 3 34 26 8 3 6 8 11
split_gain=6744.02 523.938 270.186 79.3768 56.6932 41.8783 20.3879 15.307 10.8636 10.3555 9.45458 6.58465 5.94018 3.65674 4.24599 2.99048 2.96222 2.40832 2.31623 1.25739 0.506325 0.291566
threshold=-0.11004398221315716 -0.0035753697584434549 -0.086285591305948137 -0.0082101469573468127 1.0000000180025095e-35 -0.48218773750296923 8.0563507159515506 7.3726178962581717 5.5445028526139053 20.648009711565312 11.776358262653448 20.648534984734912 5.128762893440892 8.4914534193927889 13.401898215372503 10.04793039657733 -0.042366077556277346 1.2500797350716486 0.26300863840297412 -0.0027032930277598711 2.2028268449876887 20.648913277797419
decision_type=2 2 2 2 2 2 2 2 2 2 2 2 2 2 2 2 2 2 2 2 2 2
left_child=3 2 19 18 11 9 7 -6 10 12 -7 -5 -3 17 -15 -10 -11 -4 20 -2 -1 -13
right_child=1 5 13 4 6 8 -8 -9 15 16 -12 21 -14 14 -16 -17 -18 -19 -20 -21 -22 -23
leaf_value=0 0.088022530443391811 -0.086905030089336255 -0.070646414647319786 -0.09062038644610497 -0.036944798920661812 0.047691990837459779 -0.086715119820563416 0.084811290185370161 0.010737425240016731 0.055655971848803464 -0.069666102890105219 0.017510624057467911 0 0.013316784312302175 -0.062769653913517284 -0.075415412690480077 -0.034524694123949845 -0.00033885789964262957 0 0.062124103939189365 0.085027351372300788 -0.017928918286723466
leaf_weight=0.51640478149057045 3839.60748847574 142.25913117080927 72.68950467556715 3233.0873278453946 173.77699914947152 37.315079730004072 72.111656066030264 7.7529035303741685 3.0327548971399638 4.7078041136264801 5.5507218129932872 2.7470317985862485 6.8301280923187724 10.642263401299717 9.9143424779176694 11.438813706859946 5.7158422246575338 5.0568002145737401 2.4141433676704755 27.187620937824249 19.979611236602068 3.7440089210867882
leaf_count=9 303034 3304 1163 81588 3365 1678 1776 139 73 123 103 65 120 337 128 226 94 188 40 803 1584 60
internal_value=0.00244004 0.0770344 0.0842327 -0.0862677 -0.0873315 -0.0543518 -0.0473648 -0.0314211 0.00872146 -0.0772459 0.0312759 -0.0904447 -0.083106 -0.0577012 -0.0218178 -0.054836 0.00290059 -0.0665891 0.0734454 0.0878545 0.0828573 0
internal_weight=7698.08 4181.95 3965.1 3516.13 3493.22 216.85 253.642 181.53 57.3374 159.513 42.8658 3239.58 149.089 98.3029 20.5566 14.4716 10.4236 77.7463 22.9102 3866.8 20.496 6.49104
internal_count=400000 311374 305653 88626 86993 5721 5280 3504 2080 3641 1781 81713 3424 1816 465 299 217 1351 1633 303837 1593 125
is_linear=0
shrinkage=0.0869117


Tree=34
num_leaves=2
num_cat=0
split_feature=41
split_gain=7483.99
threshold=1.0000000180025095e-35
decision_type=2
left_child=-1
right_child=-2
leaf_value=-0.090561186272119759 0.088087490599069174
leaf_weight=3402.3352879583836 3694.3171865204349
leaf_count=90732 309268
internal_value=0.00243261
internal_weight=7096.65
internal_count=400000
is_linear=0
shrinkage=0.0869117


Tree=35
num_leaves=2
num_cat=0
split_feature=41
split_gain=6844.54
threshold=1.0000000180025095e-35
decision_type=2
left_child=-1
right_child=-2
leaf_value=-0.090244667739673157 0.087986957272423727
leaf_weight=3129.5756004080176 3390.4942965107039
leaf_count=90732 309268
internal_value=0.0024312
internal_weight=6520.07
internal_count=400000
is_linear=0
shrinkage=0.0869117


Tree=36
num_leaves=2
num_cat=0
split_feature=41
split_gain=6261
threshold=1.0000000180025095e-35
decision_type=2
left_child=-1
right_child=-2
leaf_value=-0.089955876251615621 0.087894538297675906
leaf_weight=2877.8680325783789 3111.38759149611
leaf_count=90732 309268
internal_value=0.00242981
internal_weight=5989.26
internal_count=400000
is_linear=0
shrinkage=0.0869117


Tree=37
num_leaves=2
num_cat=0
split_feature=41
split_gain=5728.27
threshold=1.0000000180025095e-35
decision_type=2
left_child=-1
right_child=-2
leaf_value=-0.08969219998028867 0.087809515499749274
leaf_weight=2645.7230270840228 2855.0299317380413
leaf_count=90732 309268
internal_value=0.0024284
internal_weight=5500.75
internal_count=400000
is_linear=0
shrinkage=0.0869117


Tree=38
num_leaves=24
num_cat=0
split_feature=33 3 26 3 16 26 3 34 1 3 28 42 1 11 5 1 33 33 34 3 42 42 8
split_gain=4579.31 190.865 51.0504 44.2171 15.625 41.3476 14.4695 10.9935 9.57097 9.06302 8.43581 7.25749 2.46305 2.34956 2.28349 2.21775 2.02956 1.34579 1.1549 1.1515 0.368022 0.866284 0.0512703
threshold=-0.71301191310480239 -0.086285591305948137 -0.014045351836583285 1.0000000180025095e-35 -0.023312710526446293 0.0014023167377952951 8.0563507159515506 1.8457363327235159 -1.2071990863897548 7.3726178962581717 1.1282808520409868 0.34580371042725039 -1.1867871560055478 20.648689193371855 1.0000000180025095e-35 -1.0966864938860834 1.1127333442948586 -1.3581648340554786 0.30473807982281492 0.26300863840297412 0.52166219976506889 0.52167368593165431 4.4547745593346919
decision_type=2 2 2 2 2 2 2 2 2 2 2 2 2 2 2 2 2 2 2 2 2 2 2
left_child=2 14 11 4 13 -6 9 12 -9 -5 -10 17 16 -4 -2 -14 -3 19 22 -1 -13 -22 -16
right_child=1 7 3 6 5 -7 -8 8 10 -11 -12 20 15 -15 18 -17 -18 -19 -20 -21 21 -23 -24
leaf_value=0.077998930520157245 0.087612573459802265 -0.07370881747020061 -0.089251595849677179 -0.032342531596505401 0.055309586078453453 -0.079047405103095617 -0.084042189389451072 -0.063882021676532216 0.083364776022142095 0.079942354710713537 -0.054966068813884709 -0.063687792200529406 0.0058638647490302093 0 -0.018138711292236768 -0.04488086887900538 0 -0.0154290283346195 0.062325699758311447 0 0.029137546928192305 -0.042075216481927732 0
leaf_weight=16.475579006597407 2495.7375083295628 37.548404352739453 2121.6378759313375 130.89222755841911 20.404698685742915 99.241964817978442 47.701589999720454 7.8817567676305798 13.284358564764263 5.2452670829370609 3.869675380177795 2.5015480620786539 6.8778004068881264 2.1378296576440325 1.4933877112343901 25.861028685234487 1.9479713020846237 0.60940247680992143 2.4783640438690782 1.8881546603515733 1.5794892311096189 2.6944760447368026 1.3460924616083501
leaf_count=1713 303020 785 81553 3678 850 3441 1777 228 1039 138 129 62 285 52 38 698 85 11 193 47 60 73 45
internal_value=0.00242698 0.0828346 -0.0827279 -0.0840247 -0.0874013 -0.0557414 -0.0425453 -0.0362474 0.0120394 -0.0275922 0.0495788 0.037659 -0.0535048 -0.0891598 0.0874847 -0.0330747 -0.0691448 0.065747 0.0192269 0.0707062 -0.034986 -0.00698245 -0.007762
internal_weight=5051.34 2598.33 2453.01 2427.26 2243.42 119.647 183.839 97.271 25.0358 136.137 17.154 25.7486 72.2352 2123.78 2501.06 32.7388 39.4964 18.9731 5.31784 18.3637 6.77551 4.27397 2.83948
internal_count=400000 306545 93455 91489 85896 4291 5593 3249 1396 3816 1168 1966 1853 81605 303296 983 870 1771 276 1760 195 133 83
is_linear=0
shrinkage=0.0869117


Tree=39
num_leaves=22
num_cat=0
split_feature=16 4 3 3 9 38 3 3 3 16 9 4 43 3 3 26 6 17 43 16 3
split_gain=3915.21 310.968 166.591 46.1343 48.1456 25.3069 14.0778 8.17275 7.91693 6.06751 4.54734 2.99539 2.79682 2.19206 3.17615 1.79195 1.5226 1.10092 0.794461 0.78347 0.4735
threshold=-0.11004398221315716 -0.0035753697584434549 -0.086285591305948137 1.0000000180025095e-35 8.7148344719445596 1.0000000180025095e-35 8.0563507159515506 7.3726178962581717 5.8497584342138307 2.1642426975717064 13.512080845332406 0.17453249688512856 1.0000000180025095e-35 5.694364611556245 7.3726178962581717 0.0014023167377952951 -0.0027032930277598711 0.47049909858784916 0.032922895793173736 3.9470521711318742 0.32180966706152064
decision_type=2 2 2 2 2 2 2 2 2 2 2 2 2 2 2 2 2 2 2 2 2
left_child=3 2 16 4 12 10 7 8 -5 15 11 -3 -1 17 -15 -7 -2 -4 -14 -11 -12
right_child=1 5 13 6 -6 9 -8 -9 -10 19 20 -13 18 14 -16 -17 -18 -19 -20 -21 -22
leaf_value=-0.089027090207560944 0.087546812907316293 0 -0.065849995293841238 -0.020803314395625206 0.082631414151083618 0 -0.082975564895434881 0.078238753119475604 -0.085381977492803823 0.039531861929145547 0.074051308174662711 -0.050093129961407239 0 0.063504186903436732 -0.03730573775440793 -0.086451874674554785 0.054287240842142259 0 -0.049213065096474329 -0.024949977950940536 0
leaf_weight=1948.693066556938 2289.9709219890647 34.62834791187197 41.55295664165169 107.14057694096118 12.03061340888962 1.0973631665110577 44.464267182163894 5.0652301954105488 17.123743371106684 3.0664931721985331 5.4845879888162008 11.422722949646412 2.9067994002252808 2.1581903584301498 22.020681079477072 80.400908165611327 18.165850883349776 2.0188937215134493 3.6565575245767832 1.6123597603291271 0.57930062152445305
leaf_count=81522 303034 1547 991 2861 1581 36 1784 144 536 66 568 354 82 107 605 3087 803 113 116 42 21
internal_value=0.00241937 0.0759773 0.0833581 -0.0839372 -0.087748 -0.0504667 -0.0405114 -0.0254795 -0.0301686 -0.0793246 -0.00185238 -0.011996 -0.0888267 -0.0504539 -0.0261551 -0.0849001 0.0873078 -0.0628226 -0.0225318 0.00926128 0.0664371
internal_weight=4655.26 2514.18 2375.89 2141.08 1967.29 138.292 173.794 129.33 124.264 86.1771 52.115 46.0511 1955.26 67.7507 24.1789 81.4983 2308.14 43.5719 6.56336 4.67885 6.06389
internal_count=400000 311374 305653 88626 83301 5721 5325 3541 3397 3231 2490 1901 81720 1816 712 3123 303837 1104 198 108 589
is_linear=0
shrinkage=0.0869117


Tree=40
num_leaves=2
num_cat=0
split_feature=41
split_gain=4430.92
threshold=1.0000000180025095e-35
decision_type=2
left_child=-1
right_child=-2
leaf_value=-0.089079277213498634 0.087644399182525867
leaf_weight=2069.5877029746771 2221.9740262846462
leaf_count=90732 309268
internal_value=0.00241084
internal_weight=4291.56
internal_count=400000
is_linear=0
shrinkage=0.0869117


Tree=41
num_leaves=2
num_cat=0
split_feature=41
split_gain=4056.12
threshold=1.0000000180025095e-35
decision_type=2
left_child=-1
right_child=-2
leaf_value=-0.08889096189388411 0.087579274241285185
leaf_weight=1901.1538252644241 2038.4608274404891
leaf_count=90732 309268
internal_value=0.00240927
internal_weight=3939.61
internal_count=400000
is_linear=0
shrinkage=0.0869117


Tree=42
num_leaves=2
num_cat=0
split_feature=41
split_gain=3713.46
threshold=1.0000000180025095e-35
decision_type=2
left_child=-1
right_child=-2
leaf_value=-0.088718355074595912 0.087519054774767263
leaf_weight=1746.1398478653282 1870.0047712484375
leaf_count=90732 309268
internal_value=0.00240768
internal_weight=3616.14
internal_count=400000
is_linear=0
shrinkage=0.0869117


Tree=43
num_leaves=2
num_cat=0
split_feature=41
split_gain=3400.12
threshold=1.0000000180025095e-35
decision_type=2
left_child=-1
right_child=-2
leaf_value=-0.088560031263276467 0.087463313275903495
leaf_weight=1603.5237776748836 1715.3866429305635
leaf_count=90732 309268
internal_value=0.00240604
internal_weight=3318.91
internal_count=400000
is_linear=0
shrinkage=0.0869117


Tree=44
num_leaves=27
num_cat=0
split_feature=33 1 9 1 9 38 34 1 42 27 1 34 6 42 34 28 42 12 1 17 33 5 33 19 9 5
split_gain=2670.86 46.2823 29.4852 19.2229 13.4671 7.23088 6.05128 5.84099 5.17567 2.92522 2.7437 2.4681 1.33771 0.859713 0.856814 1.06348 0.755687 0.614236 0.574842 0.404839 0.300648 0.298108 0.26661 0.175484 0.100273 0.0230562
threshold=-0.71301191310480239 -1.1867871560055478 4.717129160788021 -1.1793428049242489 4.717129160788021 3.0932455794422942 22.235398804576551 -1.2057102161734952 1.0000000180025095e-35 1.0000000180025095e-35 -1.1886122227222533 0.012746649214500168 -0.002876918524534252 1.4010372818514936 10.04793039657733 1.0000000180025095e-35 0.34580371042725039 6.2872978624437259 -1.0000000180025095e-35 3.0649476770580724 13.658285148319365 0.24653693689915582 12.020318775251642 9.6616792944896037 8.7148344719445596 0.58849435591545884
decision_type=2 2 2 2 2 2 2 2 2 2 2 2 2 2 2 2 2 2 2 2 2 2 2 2 2 2
left_child=2 7 3 5 17 6 -1 14 12 10 -9 23 -5 -11 15 -2 -10 21 25 -7 22 -3 -6 24 -4 -13
right_child=1 4 11 8 20 19 -8 9 16 13 -12 18 -14 -15 -16 -17 -18 -19 -20 -21 -22 -23 -24 -25 -26 -27
leaf_value=-0.063680660984104798 -0.026889403029754799 0.08578351565519092 0 -0.087096775011165931 -0.022530316723729266 0.029984095129536252 0.06429571089306739 0.026936918859286403 0.014090675425894541 0.076375334992254101 -0.027765674226703986 0.027198361589901975 0 0 -0.063999597271336958 0.038388304638218289 -0.03599912137953825 0 -0.040019136322652284 -0.010168762902972988 -0.055661793199717959 0 0.01226597058029086 0 0.069431156423660725 0
leaf_weight=248.27971626445651 11.395933641586454 1484.7487334078178 0.36553316656499646 1209.9652754440904 3.5288612837903193 6.6295994818210593 2.3304831762798122 27.177551480941471 3.4600244248285881 8.7493021525442565 8.4323010728694516 0.75636573694646381 1.4241671338677395 0.50397454900667149 5.1636713994666925 1.6012932234443713 3.9478948889300227 0.23205229919403692 2.3282181872054926 0.75589292682707299 2.3780585248023272 0.19142972491681476 1.3254441074095664 0.23642495041713196 9.5676868897862732 0.36126478342339396
leaf_count=13351 643 300263 17 77047 152 464 215 3264 150 1127 495 101 57 22 216 110 166 5 84 31 113 7 128 14 1738 20
internal_value=0.00240434 0.0820772 -0.0807179 -0.0819023 0.0851606 -0.0597324 -0.0622724 0.00839784 -0.0865501 0.0256885 0.0127932 0.0440917 -0.0869977 0.0695733 -0.0319671 -0.0153324 -0.00781465 0.0857442 -0.00981067 0.0205697 -0.0283428 0.0857691 -0.00525458 0.0658957 0.0676258 0.0204166
internal_weight=3045.84 1555.43 1490.41 1476.79 1492.4 257.996 250.61 63.024 1218.8 44.8631 35.6099 13.6155 1211.39 9.25328 18.1609 12.9972 7.40792 1485.17 3.44585 7.38549 7.23236 1484.94 4.85431 10.1696 9.93322 1.11763
internal_count=400000 306545 93455 91481 300668 14061 13566 5877 77420 4908 3759 1974 77104 1149 969 753 316 300275 205 495 393 300270 280 1769 1755 121
is_linear=0
shrinkage=0.0869117


Tree=45
num_leaves=22
num_cat=0
split_feature=33 3 3 26 44 4 3 34 3 3 3 33 26 4 3 3 43 33 12 34 33
split_gain=2425.59 123.175 40.2572 29.1489 12.2167 23.4981 10.3598 5.93987 4.84215 4.54938 5.71079 3.83679 3.41899 1.80503 1.20481 1.46784 0.988147 0.601334 0.435727 0.270561 0.00163213
threshold=-0.71301191310480239 -0.086285591305948137 1.0000000180025095e-35 -0.014045351836583285 0.02197478292277771 -0.0022511477016139234 8.0563507159515506 1.8457363327235159 5.5445028526139053 7.3726178962581717 5.8497584342138307 13.658285148319365 -0.017049065170490232 0.0083426287530223298 8.4914534193927889 13.401898215372503 1.0000000180025095e-35 12.020318775251642 7.0487497847848468 0.30473807982281492 9.0254682791960867
decision_type=2 2 2 2 2 2 2 2 2 2 2 2 2 2 2 2 2 2 2 2 2
left_child=2 13 3 12 16 -6 9 14 11 10 -4 -9 18 -2 17 -16 -5 -3 -1 20 -15
right_child=1 7 6 4 5 -7 -8 8 -10 -11 -12 -13 -14 19 15 -17 -18 -19 -20 -21 -22
leaf_value=0.0042347471085418999 0.087250614532847298 -0.060459648051228908 -0.012952394229265515 -0.088114272605569671 0.050260136701064398 -0.073820466098979923 -0.078744673234192125 0.072686690602270468 -0.051148015306168353 0.073567359918561059 -0.081738676897596313 -0.055376050995522966 0.078588581927365106 -0.0031944984352182695 0.0061057712556402558 -0.051023027132216792 -0.0066260875038328376 0 -0.043045847196286284 0.039087291607119143 0
leaf_weight=4.8900750740431249 1366.9374701678753 35.882981576956809 80.791265514213592 1171.4018527194858 13.759485323447732 58.638273442629725 27.462199758738279 8.4661284177564067 5.5268901013769201 3.5634839357808223 10.500565995462237 1.6700748801231373 7.362853024620561 0.95878357347100907 5.836328908801077 5.4665890783071518 2.2034952277317634 2.1599345589056602 1.493796174880117 1.1414649081416426 0.95342123787850142
leaf_count=225 303087 1246 3205 81515 841 3450 1795 1060 261 143 536 75 1583 28 344 128 90 135 72 131 50
internal_value=0.00238958 0.0815417 -0.0797657 -0.0844076 -0.0858072 -0.0496102 -0.0315663 -0.0348093 0.00966456 -0.0173267 -0.0214913 0.0470095 0.0389367 0.0870966 -0.0496897 -0.018654 -0.0879959 -0.057711 -0.00215276 0.00495656 0
internal_weight=2817.07 1435 1382.07 1259.75 1246 72.3978 122.318 65.0089 15.6631 94.8553 91.2918 10.1362 13.7467 1369.99 49.3458 11.3029 1173.61 38.0429 6.38387 3.05367 1.9122
internal_count=400000 306545 93455 87776 85896 4291 5679 3249 1396 3884 3741 1135 1880 303296 1853 472 81605 1381 297 209 78
is_linear=0
shrinkage=0.0869117


Tree=46
num_leaves=2
num_cat=0
split_feature=41
split_gain=2648.98
threshold=1.0000000180025095e-35
decision_type=2
left_child=-1
right_child=-2
leaf_value=-0.088217076263121641 0.087377391201644269
leaf_weight=1257.4197961073369 1340.5309404213913
leaf_count=90732 309268
internal_value=0.00237357
internal_weight=2597.95
internal_count=400000
is_linear=0
shrinkage=0.0869117


Tree=47
num_leaves=2
num_cat=0
split_feature=41
split_gain=2426.19
threshold=1.0000000180025095e-35
decision_type=2
left_child=-1
right_child=-2
leaf_value=-0.08809956985667533 0.087331456412185121
leaf_weight=1154.2197895590216 1229.5606024495792
leaf_count=90732 309268
internal_value=0.00237156
internal_weight=2383.78
internal_count=400000
is_linear=0
shrinkage=0.0869117


Tree=48
num_leaves=2
num_cat=0
split_feature=41
split_gain=2222.29
threshold=1.0000000180025095e-35
decision_type=2
left_child=-1
right_child=-2
leaf_value=-0.087991207563577936 0.087288538663965215
leaf_weight=1059.3863481031731 1127.739606360672
leaf_count=90732 309268
internal_value=0.00236946
internal_weight=2187.13
internal_count=400000
is_linear=0
shrinkage=0.0869117


Tree=49
num_leaves=2
num_cat=0
split_feature=41
split_gain=2035.66
threshold=1.0000000180025095e-35
decision_type=2
left_child=-1
right_child=-2
leaf_value=-0.087891121770258859 0.087248334131812696
leaf_weight=972.25845299102366 1034.3199837587308
leaf_count=90732 309268
internal_value=0.00236725
internal_weight=2006.58
internal_count=400000
is_linear=0
shrinkage=0.0869117


Tree=50
num_leaves=2
num_cat=0
split_feature=41
split_gain=1864.82
threshold=1.0000000180025095e-35
decision_type=2
left_child=-1
right_child=-2
leaf_value=-0.087798545600218228 0.087210554187435715
leaf_weight=892.22451107017696 948.61402175761759
leaf_count=90732 309268
internal_value=0.00236491
internal_weight=1840.84
internal_count=400000
is_linear=0
shrinkage=0.0869117


Tree=51
num_leaves=20
num_cat=0
split_feature=33 33 26 9 44 0 27 4 11 33 33 11 8 4 28 4 0 16 45
split_gain=1422.8 17.6676 20.6295 10.7601 4.08104 2.17231 1.04195 0.91636 0.909129 0.828158 1.00018 0.683205 0.671818 0.622988 0.555496 0.173881 0.16505 0.118302 0.0376875
threshold=-0.71301191310480239 -1.3581648340554786 -0.0011722946912678018 1.5189649118627895 1.3040845990209631 -1.9550982700122961 0.038154154458555876 0.0099979063240592438 20.648987972605941 13.658285148319365 12.020318775251642 20.648689193371855 -0.48218773750296923 0.0017215184688746706 3.9676018294528324 -0.0063893416292062086 -1.9550982700122961 -0.16786483000429772 -1.9286750515858795
decision_type=2 2 2 2 2 2 2 2 2 2 2 2 2 2 2 2 2 2 2
left_child=1 2 5 7 12 15 11 17 -7 10 16 18 -4 -6 -12 -1 -5 -2 -3
right_child=3 6 4 9 13 8 -8 -9 -10 -11 14 -13 -14 -15 -16 -17 -18 -19 -20
leaf_value=0 0 -0.07541447986400153 -0.082663980372260054 -0.027181774021068236 0.033962580273528394 0.057125460442143908 -0.036814522992099703 0 -0.0024876674485323795 -0.046322014690450629 0.06101777520785101 0 0 -0.021109900369566524 0 -0.041586560573014172 0.0018396882204048323 0.082398618614801578 -0.083988987379614383
leaf_weight=0.64070861856453154 0.12090186891145904 139.71984540019184 31.289965289644897 1.4038781248964367 1.613419875036924 16.302932368591431 7.5020390655845395 0.62172917928546567 0.77867836714722116 1.6658358708955336 3.5168434530496593 1.3286461792886246 0.39913630066439765 5.6330573761370033 0.35893887607380737 1.569671513512733 7.2148616118356568 841.27126556565054 625.75598035100847
leaf_count=122 6 14794 3169 96 68 2631 664 32 48 123 874 62 41 442 12 83 743 304659 71331
internal_value=0.00236243 -0.0785026 -0.0310649 0.0810401 -0.0677161 0.0408305 -0.0820084 0.0823059 0.0521615 0.00294386 0.0133495 -0.0823876 -0.081173 -0.00292467 0.0488059 -0.0272942 0 0.0823863 -0.0824999
internal_weight=1688.71 832.534 58.2276 856.174 38.9356 19.292 774.307 842.014 17.0816 14.1604 12.4945 766.804 31.6891 7.24648 3.87578 2.21038 8.61874 841.392 765.476
internal_count=400000 93455 6604 306545 3720 2884 86851 304697 2679 1848 1725 86187 3210 510 886 205 839 304665 86125
is_linear=0
shrinkage=0.0869117


Tree=52
num_leaves=22
num_cat=0
split_feature=19 1 3 3 9 45 4 3 3 19 4 3 3 4 43 45 1 1 45 26 43
split_gain=1207.14 105.517 48.2785 32.9662 15.6382 10.5305 9.63803 7.66124 6.6755 5.33387 3.69001 2.13618 3.46721 1.66058 1.28958 0.467404 1.24571 0.365148 0.243092 0.165589 0.144245
threshold=-0.11004398221315716 -1.2015798020251613 -0.086285591305948137 -0.086285591305948137 8.7148344719445596 -4.060191564506634 -0.0047340640581692945 -0.086285591305948137 8.0563507159515506 2.1642426975717064 -0.0047340640581692945 7.3726178962581717 5.8497584342138307 -0.0022511477016139234 1.0000000180025095e-35 -0.91587317153045 -0.91312320464269703 -1.1886122227222533 0.04085734774965457 0.010842558644359986 0.032922895793173736
decision_type=2 2 2 2 2 2 2 2 2 2 2 2 2 2 2 2 2 2 2 2 2
left_child=3 5 6 4 14 9 -3 13 11 -2 -9 12 -5 -7 -1 16 -4 -17 -8 -11 -16
right_child=1 2 15 8 -6 7 18 10 -10 19 -12 -13 -14 -15 20 17 -18 -19 -20 -21 -22
leaf_value=-0.08750051498642146 -0.083909613367466121 0.087045379548522442 0.039893765747958443 -0.0054708371597620405 0.073405484113119146 0.058025257837725941 0.011099417142434556 -0.066887115033571642 -0.074901916183598413 0 0.0051330023764466015 0.064506577161355799 -0.076253478424464519 -0.0081190117043607596 0 0 -0.044671775150900574 -0.043915860577000275 -0.016549121888841101 0.032510222337140023 -0.028579932133578668
leaf_weight=643.93882147711702 26.487535722088072 743.6705766019877 1.9606186859309671 50.364132670685649 4.1704281372949472 12.899522464023901 2.3044949285686016 11.737415897427129 15.372066755779086 0.47852295311167781 7.997722476720809 2.3725223913788787 5.8531805379316202 2.3415894953068337 1.3632681667804711 0.68486776947975414 2.7058765466790673 19.544481348479167 5.7590956485364568 2.7961112612392753 1.5476991869509218
leaf_count=81434 2974 301870 337 2949 1581 1963 246 598 1784 46 1037 144 536 215 82 54 193 1088 414 339 116
internal_value=0.00231996 0.0731585 0.0820581 -0.079834 -0.086104 -0.0329094 0.0860174 0 -0.0240148 -0.07068 -0.0360498 -0.00974026 -0.0138352 0.0453789 -0.0872206 -0.0356125 -0.000988824 -0.0415863 -0.00386121 0.0236316 -0.0109403
internal_weight=1566.35 841.368 776.63 724.982 651.02 64.7384 751.734 34.9763 73.9619 29.7622 19.7351 58.5898 56.2173 15.2411 646.85 24.8958 4.6665 20.2293 8.06359 3.27463 2.91097
internal_count=400000 311374 304202 88626 83213 7172 302530 3813 5413 3359 1635 3629 3485 2178 81632 1672 530 1142 660 385 198
is_linear=0
shrinkage=0.0869117


Tree=53
num_leaves=24
num_cat=0
split_feature=19 1 19 39 44 1 27 1 1 34 1 9 1 11 8 6 17 26 1 5 1 26 0
split_gain=1099.02 97.5594 17.5094 14.7567 13.1013 11.5626 4.56281 4.45835 4.13534 3.33677 3.29552 1.52217 1.33267 0.920583 0.893645 0.811454 0.678305 0.608255 0.555767 0.219646 0.173146 0.0550249 0.0477234
threshold=-0.11004398221315716 -1.2015798020251613 -0.023312710526446293 -0.059399865908398221 -0.36992731369885312 -1.1793428049242489 0.048461546476014861 -1.1830889945006444 -1.1867871560055478 22.235398804576551 -1.1886122227222533 8.1818070971236878 -0.98285996444944668 20.648534984734912 1.0000000180025095e-35 -0.002876918524534252 3.0649476770580724 -0.045798892795028141 -1.2057102161734952 1.2724091939480651 -1.2028765599554523 -0.044940688985340448 -1.9550982700122961
decision_type=2 2 2 2 2 2 2 2 2 2 2 2 2 2 2 2 2 2 2 2 2 2 2
left_child=4 3 8 6 14 7 18 9 10 -6 -3 -10 19 15 21 -7 -8 -14 -2 -4 -16 -1 -22
right_child=1 2 12 -5 5 13 16 -9 11 -11 -12 -13 17 -15 20 -17 -18 -19 -20 -21 22 -23 -24
leaf_value=0 -0.032456237653818429 0.071419814595652817 0.028406686518887912 -0.08290180895747519 -0.060440144592041965 -0.085613068824611643 0.049351251790481901 0 0.084620676642591403 0.052311710130367346 -0.013353597704118248 0 0 0 0 0 -0.0021407831495727733 -0.049547030213892632 -0.0015440721067689264 0 0 -0.019980783469145145 0.066166687088320464
leaf_weight=0.54376809764653444 12.048478030832483 6.2915924859698862 2.8779030656442042 24.986451549222693 86.597412799485028 563.20902509475127 12.493800390977409 10.308474441058932 689.61156669724733 1.4767172704450775 5.9343675200361741 0.88960147369652887 0.55153649230487545 1.312798524275421 0.26026276312768448 0.79239864367991586 0.60102799441665489 7.4779859180562189 11.383155080955477 0.74525424046441902 0.52742862235754628 0.79177383007481583 4.1279013061430314
leaf_count=46 1056 2306 270 3005 8895 76872 1680 786 300258 214 648 74 51 69 11 53 44 534 1387 61 118 58 1504
internal_value=0.00229783 0.0727244 0.0817817 -0.0317363 -0.0792044 -0.0804069 0.00252874 -0.0516472 0.0835457 -0.0579659 0.0277017 0.0844677 -0.0208481 -0.0853181 0.0406566 -0.0854894 0.0440701 -0.04167 -0.0192599 0.01494 0.0582007 0 0.0619172
internal_weight=1445.84 775.893 714.38 61.5129 669.948 663.697 36.5265 98.3826 702.727 88.0741 12.226 690.501 11.6527 565.314 6.25113 564.001 13.0948 8.02952 23.4316 3.62316 4.91559 1.33554 4.65533
internal_count=400000 311374 304202 7172 88626 86889 4167 9895 303286 9109 2954 300332 916 76994 1737 76925 1724 585 2443 331 1633 104 1622
is_linear=0
shrinkage=0.0869117


Tree=54
num_leaves=2
num_cat=0
split_feature=41
split_gain=1353.6
threshold=1.0000000180025095e-35
decision_type=2
left_child=-1
right_child=-2
leaf_value=-0.087578730440059566 0.087160159912521726
leaf_weight=650.7790701193735 689.26003915071487
leaf_count=90732 309268
internal_value=0.00227005
internal_weight=1340.04
internal_count=400000
is_linear=0
shrinkage=0.0869117


Tree=55
num_leaves=2
num_cat=0
split_feature=41
split_gain=1240.19
threshold=1.0000000180025095e-35
decision_type=2
left_child=-1
right_child=-2
leaf_value=-0.087507526353671816 0.087124865676726795
leaf_weight=597.07128095440567 632.12955036410131
leaf_count=90732 309268
internal_value=0.00226677
internal_weight=1229.2
internal_count=400000
is_linear=0
shrinkage=0.0869117


Tree=56
num_leaves=2
num_cat=0
split_feature=41
split_gain=1136.32
threshold=1.0000000180025095e-35
decision_type=2
left_child=-1
right_child=-2
leaf_value=-0.087440728597070722 0.087091031688487947
leaf_weight=547.76985967066139 579.72524554340634
leaf_count=90732 309268
internal_value=0.00226328
internal_weight=1127.5
internal_count=400000
is_linear=0
shrinkage=0.0869117


Tree=57
num_leaves=23
num_cat=0
split_feature=16 4 3 3 4 39 3 38 3 3 3 43 3 34 3 8 3 3 8 34 43 38
split_gain=764.641 65.6139 57.9505 29.2085 10.0906 8.37421 4.79792 1.42468 1.20928 3.19895 2.32235 1.07316 0.63143 1.17292 0.535561 0.422531 0.130883 0.125813 0.113207 0.0984353 0.0484355 0.0269568
threshold=-0.11004398221315716 -0.0035753697584434549 -0.086285591305948137 -0.086285591305948137 -0.0082101469573468127 -0.059399865908398221 8.0563507159515506 9.779181500368832 5.4768132598356249 1.6541252224590133 7.3726178962581717 1.0000000180025095e-35 5.5445028526139053 0.30473807982281492 7.3726178962581717 1.2500797350716486 8.4914534193927889 0.19733921155611203 2.5492803395026122 0.012746649214500168 0.032922895793173736 3.0932455794422942
decision_type=2 2 2 2 2 2 2 2 2 2 2 2 2 2 2 2 2 2 2 2 2 2
left_child=3 2 7 4 18 12 8 19 9 -5 -10 -6 13 -3 -14 16 -4 21 -1 -2 -13 -7
right_child=1 5 15 6 11 17 -8 -9 10 -11 -12 20 14 -15 -16 -17 -18 -19 -20 -21 -22 -23
leaf_value=0 0.086696916688114481 -0.0055043810250211146 -0.059252620780382362 -0.020352953087320488 -0.08720867713514395 -0.082992383660441385 -0.069934051512479445 0.00016156453241935012 -0.035014063131545585 0.038078227418857372 0.058067557299433338 0 -0.051097611194065626 0.041419579564377043 0 0 -0.024271256875588815 0 0.067275701331736035 0 -0.017187026700266939 0
leaf_weight=0.076331157237290781 490.40802106622141 10.734448041068395 17.136170037556447 14.02472915267572 420.05985613539815 17.294806194957353 10.375376270152627 2.3487758445553473 15.324965648818763 13.163377538323401 1.8268659124150861 1.0605107694864266 2.7163169707637276 5.3458014603238544 0.49602609151042987 1.2146312675904472 5.9990722141228607 0.32681096717715163 2.8174063024343923 0.063044267590156688 1.1375114838592706 0.22544323187321325
leaf_count=5 303422 1086 1163 1200 81428 2968 1784 405 1531 754 144 82 244 1320 63 194 459 23 1582 10 116 17
internal_value=0.00225952 0.0718147 0.0798521 -0.0780003 -0.0857136 -0.0388492 -0.0172397 0.0863496 -0.00371294 0.00660494 -0.0221692 -0.0868718 0 0.00810178 -0.0326833 -0.0496086 -0.0522046 -0.0813251 0.0643742 0.0866826 -0.00423034 -0.0823947
internal_weight=1034.18 554.309 517.17 479.867 425.152 37.1397 54.7153 492.82 44.3399 27.1881 17.1518 422.258 19.2926 16.0802 3.21234 24.3499 23.1352 17.8471 2.89374 490.471 2.19802 17.5202
internal_count=400000 311374 305653 88626 83213 5721 5413 303837 3629 1954 1675 81626 2713 2406 307 1816 1622 3008 1587 303432 198 2985
is_linear=0
shrinkage=0.0869117


Tree=58
num_leaves=2
num_cat=0
split_feature=41
split_gain=961.231
threshold=1.0000000180025095e-35
decision_type=2
left_child=-1
right_child=-2
leaf_value=-0.087336752413065336 0.087047661243944294
leaf_weight=464.40372438263148 490.86244334373623
leaf_count=90732 309268
internal_value=0.00222901
internal_weight=955.266
internal_count=400000
is_linear=0
shrinkage=0.0869117


Tree=59
num_leaves=2
num_cat=0
split_feature=41
split_gain=880.789
threshold=1.0000000180025095e-35
decision_type=2
left_child=-1
right_child=-2
leaf_value=-0.087279110413850391 0.087015363676201232
leaf_weight=426.01489864243194 450.16196408809628
leaf_count=90732 309268
internal_value=0.00222466
internal_weight=876.177
internal_count=400000
is_linear=0
shrinkage=0.0869117


Tree=60
num_leaves=2
num_cat=0
split_feature=41
split_gain=807.098
threshold=1.0000000180025095e-35
decision_type=2
left_child=-1
right_child=-2
leaf_value=-0.087224162597295346 0.086983744328221202
leaf_weight=390.78798936493695 412.83316814701539
leaf_count=90732 309268
internal_value=0.00221997
internal_weight=803.621
internal_count=400000
is_linear=0
shrinkage=0.0869117


Tree=61
num_leaves=2
num_cat=0
split_feature=41
split_gain=739.588
threshold=1.0000000180025095e-35
decision_type=2
left_child=-1
right_child=-2
leaf_value=-0.087171531311079659 0.086952591857015191
leaf_weight=358.46502549364232 378.59792677580845
leaf_count=90732 309268
internal_value=0.00221491
internal_weight=737.063
internal_count=400000
is_linear=0
shrinkage=0.0869117


Tree=62
num_leaves=2
num_cat=0
split_feature=41
split_gain=677.737
threshold=1.0000000180025095e-35
decision_type=2
left_child=-1
right_child=-2
leaf_value=-0.087120823014868398 0.08692167378324818
leaf_weight=328.80876533058472 347.20087255141698
leaf_count=90732 309268
internal_value=0.00220944
internal_weight=676.01
internal_count=400000
is_linear=0
shrinkage=0.0869117


Tree=63
num_leaves=18
num_cat=0
split_feature=16 4 26 39 34 16 9 11 42 5 0 0 45 34 9 0 0
split_gain=448.434 39.1025 5.42755 4.87453 2.28285 0.993922 0.708886 0.484948 0.348933 0.268188 0.340481 0.152186 0.14379 0.127047 0.0837134 0.0492828 0.00274553
threshold=-0.11004398221315716 -0.0035753697584434549 -0.012328944217207887 -0.059399865908398221 21.531419465027739 -0.023312710526446293 8.1818070971236878 20.648689193371855 0.3457947015382194 0.9304517749317619 -0.23696863638437596 -0.23696863638437596 -4.060191564506634 22.467565903958388 13.512080845332406 -1.9550982700122961 1.0211571921446381
decision_type=2 2 2 2 2 2 2 2 2 2 2 2 2 2 2 2 2
left_child=2 5 8 9 7 6 -2 -4 15 10 -3 -7 -5 -6 -11 -1 -13
right_child=1 3 4 12 13 11 -8 -9 -10 14 -12 16 -14 -15 -16 -17 -18
leaf_value=0 0.080164815214152058 -0.0098883810598662022 -0.078989752336309518 -0.079911879581093068 0.034984320670228879 0 0 0 0 -0.034693015924443057 0.018724620586777752 0.032934481734132555 0 0 0 0.047758740613253609 0
leaf_weight=0.2948196312645458 303.91950959031237 3.2508853330509728 283.40112233045511 10.529530166182665 0.91276626149192341 0.25788091681897629 0.44398815010208537 0.54895848454907437 0.71829666756093491 1.5977181415073562 7.3506703539751497 2.8607388463569796 0.18420433346182008 0.1791178435087204 0.2372957277111708 2.1004405337152994 1.2205964762251822
leaf_count=122 304632 548 86548 2989 249 24 74 54 104 221 1868 683 19 16 76 1533 240
internal_value=0.00220351 0.0711162 -0.0770171 -0.0363545 -0.078306 0.0793247 0.0799966 -0.0788317 0.0264438 0 0.00633178 0.021912 -0.07861 0.0185722 -0.0276261 0.0434264 0.027824
internal_weight=620.009 331.853 288.156 23.1503 285.042 308.703 304.363 283.95 3.11356 12.4366 10.6016 4.33922 10.7137 1.09188 1.83501 2.39526 4.08134
internal_count=400000 311374 88626 5721 86867 305653 304706 86602 1759 2713 2416 947 3008 265 297 1655 923
is_linear=0
shrinkage=0.0869117


Tree=64
num_leaves=2
num_cat=0
split_feature=41
split_gain=578.904
threshold=1.0000000180025095e-35
decision_type=2
left_child=-1
right_child=-2
leaf_value=-0.087053447793099689 0.086888496222870398
leaf_weight=281.31578522664495 296.6859899359406
leaf_count=90732 309268
internal_value=0.00216179
internal_weight=578.002
internal_count=400000
is_linear=0
shrinkage=0.0869117


Tree=65
num_leaves=21
num_cat=0
split_feature=19 1 3 3 39 9 3 4 3 4 42 3 3 10 4 34 45 43 12 38
split_gain=369.67 37.5473 20.4312 17.7634 5.7852 5.05452 4.70107 4.31811 2.58277 2.09514 0.649541 0.604778 1.52045 0.824066 0.508236 0.217449 0.143508 0.0676645 0.0403268 0.00845736
threshold=-0.11004398221315716 -1.1867871560055478 -0.086285591305948137 -0.086285591305948137 -0.059399865908398221 8.7148344719445596 -0.086285591305948137 -0.0047340640581692945 9.7346040006534782 -0.0047340640581692945 1.0000000180025095e-35 5.3835769662410735 1.6541252224590133 2.6331972832733443 0.0017215184688746706 5.327199375813362 -4.060191564506634 0.021623411330321949 1.0999066414948371 3.0932455794422942
decision_type=2 2 2 2 2 2 2 2 2 2 2 2 2 2 2 2 2 2 2 2
left_child=2 4 5 7 6 10 14 -3 11 -8 -1 12 -4 -13 -2 17 19 -5 -9 -6
right_child=1 3 8 15 16 -7 9 18 -10 -11 -12 13 -14 -15 -16 -17 -18 -19 -20 -21
leaf_value=-0.086829124973617181 0.055570904342069821 0.086729753378134863 -0.01031234935569203 -0.039487295252987456 -0.079151997983257505 0.052269015861542957 -0.060180640609190816 -0.010726096524515187 -0.070228713659977335 0.0080334931068371078 0 0.00197199574901243 0.040408174141081776 -0.039299068629924161 0 0 0 0 0 0
leaf_weight=211.98175945109688 8.6842942931689375 240.60238420969108 8.2127897455357068 8.4245152230141631 8.8200611288193578 1.4980692528770294 7.3429114531027135 2.4174746820935975 4.2208340875804415 4.46738101541996 1.2955528248567123 6.3215588717721385 7.6467265095561734 5.2282331372844055 1.0681279745185737 0.29276886011939574 0.15361253567971189 0.31561290996614921 1.01652051997371 0.11504351813346225
leaf_count=81434 4664 299264 1200 1108 2974 1581 808 439 1463 1480 198 1014 695 1041 242 145 16 48 171 15
internal_value=0.00215491 0.0698336 -0.0756066 0.0808598 -0.0198594 -0.0852242 0.00313401 0.0853393 -0.00892228 -0.0315121 -0.0864325 0 0.0119692 -0.0138413 0.0487288 -0.0350004 -0.0772131 -0.0380479 -0.000772536 -0.0786105
internal_weight=530.126 283.721 246.406 253.069 30.6514 214.775 21.5627 244.036 31.6301 11.8103 213.277 27.4093 15.8595 11.5498 9.75242 9.0329 9.08872 8.74013 3.434 8.9351
internal_count=400000 311374 88626 301175 10199 83213 7194 299874 5413 2288 81632 3950 1895 2055 4906 1301 3005 1156 610 2989
is_linear=0
shrinkage=0.0869117


Tree=66
num_leaves=2
num_cat=0
split_feature=41
split_gain=490.642
threshold=1.0000000180025095e-35
decision_type=2
left_child=-1
right_child=-2
leaf_value=-0.086972470469588267 0.086837871128329872
leaf_weight=238.88547749910504 251.64017183432588
leaf_count=90732 309268
internal_value=0.00211179
internal_weight=490.526
internal_count=400000
is_linear=0
shrinkage=0.0869117


Tree=67
num_leaves=2
num_cat=0
split_feature=41
split_gain=449.617
threshold=1.0000000180025095e-35
decision_type=2
left_child=-1
right_child=-2
leaf_value=-0.086923697587399706 0.086802485643640431
leaf_weight=219.11786512471735 230.78322517219931
leaf_count=90732 309268
internal_value=0.00210375
internal_weight=449.901
internal_count=400000
is_linear=0
shrinkage=0.0869117


Tree=68
num_leaves=2
num_cat=0
split_feature=41
split_gain=412.023
threshold=1.0000000180025095e-35
decision_type=2
left_child=-1
right_child=-2
leaf_value=-0.086874984635685104 0.086766238094604722
leaf_weight=200.98593940609135 211.6570554903592
leaf_count=90732 309268
internal_value=0.00209502
internal_weight=412.643
internal_count=400000
is_linear=0
shrinkage=0.0869117


Tree=69
num_leaves=2
num_cat=0
split_feature=41
split_gain=377.574
threshold=1.0000000180025095e-35
decision_type=2
left_child=-1
right_child=-2
leaf_value=-0.086825987199917465 0.086728874102070863
leaf_weight=184.35508504661266 194.11839699576376
leaf_count=90732 309268
internal_value=0.00208554
internal_weight=378.473
internal_count=400000
is_linear=0
shrinkage=0.0869117


Tree=70
num_leaves=2
num_cat=0
split_feature=41
split_gain=346.003
threshold=1.0000000180025095e-35
decision_type=2
left_child=-1
right_child=-2
leaf_value=-0.086776348473485351 0.086690123711297556
leaf_weight=169.10164133599028 178.03582875011489
leaf_count=90732 309268
internal_value=0.00207525
internal_weight=347.137
internal_count=400000
is_linear=0
shrinkage=0.0869117


Tree=71
num_leaves=21
num_cat=0
split_feature=16 1 16 1 44 18 1 16 34 9 17 1 4 2 38 26 4 17 4 17
split_gain=216.538 22.5877 4.54379 4.51239 3.08511 2.50396 1.02702 0.67845 0.555959 0.424867 0.341612 0.315743 0.168556 0.122553 0.121605 0.0994645 0.081029 0.0733879 0.0652675 0.0360423
threshold=-0.11004398221315716 -1.1867871560055478 -0.023312710526446293 -1.1793428049242489 -0.31461855006273587 4.2664984711713165 -1.1830889945006444 1.8944120745463835 22.235398804576551 8.1818070971236878 0.27591545520258243 -1.2015798020251613 0.0099979063240592438 1.0000000180025095e-35 3.0932455794422942 -0.041507873746589645 0.0053631291251558825 1.1191112432054051 -0.0082101469573468127 35.560416122397619
decision_type=2 2 2 2 2 2 2 2 2 2 2 2 2 2 2 2 2 2 2 2
left_child=3 5 9 6 16 10 8 14 18 12 11 -2 -3 -6 -7 -4 -5 -12 -1 -17
right_child=1 2 15 4 13 7 -8 -9 -10 -11 17 -13 -14 -15 -16 19 -18 -19 -20 -21
leaf_value=0 -0.019599345633486691 0.082833047860099804 0 0.030465618835361478 -0.083392527928422638 -0.074658726251106061 0 0 0 0 0.028425112917709831 0.0093182124175817255 0 0 0 -0.022957519897970811 0 0 -0.046709750450910373 0
leaf_weight=0.18469821079634741 5.8339224086957984 147.60250473790802 0.425546258920804 1.151932859676889 121.63941479916684 5.3760799278970799 2.8190398020669809 0.62602433911524702 0.42580099694896389 0.2567809327156273 3.3329600413562726 3.1900455465656723 0.085603005485608175 0.070007501635699465 0.15155533351935435 2.5845184064237396 0.3770083263516425 0.58166796015575517 21.531359035172503 0.15432636090554286
leaf_count=30 2158 300245 131 1628 76918 2991 786 111 214 74 1812 2973 13 24 25 687 96 129 8930 25
internal_value=0.00206405 0.0690168 0.0803061 -0.0745529 -0.0816923 -0.0182023 -0.0372979 -0.0628745 -0.0437349 0.0825543 0.000874508 -0.0051965 0.0827571 -0.0833231 -0.0725858 -0.0117337 0.019677 0.0237063 -0.0462711 -0.0202168
internal_weight=318.401 170.202 151.109 148.199 123.238 19.0923 24.9609 6.15366 22.1419 147.945 12.9386 9.02397 147.688 121.709 5.52764 3.16439 1.52894 3.91463 21.7161 2.73884
internal_count=400000 311374 301175 88626 78666 10199 9960 3127 9174 300332 7072 5131 300258 76942 3016 843 1724 1941 8960 712
is_linear=0
shrinkage=0.0869117


Tree=72
num_leaves=23
num_cat=0
split_feature=16 3 4 3 26 39 3 4 38 11 3 3 10 42 6 3 5 3 17 6 6 16
split_gain=194.951 21.0292 18.8701 14.3937 2.91298 1.46216 1.25489 0.983558 0.843419 0.375798 0.282809 0.686856 0.283308 0.128495 0.0804282 0.0441712 0.136135 0.0772597 0.0429309 0.0164304 0.0102929 0.00830483
threshold=-0.11004398221315716 -0.086285591305948137 -0.0022511477016139234 -0.086285591305948137 -0.012328944217207887 -0.059399865908398221 9.7346040006534782 -0.0047340640581692945 0.64173574176923043 20.648689193371855 5.4768132598356249 1.6541252224590133 1.0000000180025095e-35 0.3457947015382194 -0.0026040784581745102 5.5445028526139053 0.9304517749317619 7.3726178962581717 3.0649476770580724 -0.0034225986572537365 -0.0034225986572537365 -0.33169056541252934
decision_type=2 2 2 2 2 2 2 2 2 2 2 2 2 2 2 2 2 2 2 2 2 2
left_child=3 2 8 4 13 20 10 19 14 -6 11 -5 -12 21 -2 16 -9 -17 -7 -3 -4 -1
right_child=1 7 5 6 9 18 -8 15 -10 -11 12 -13 -14 -15 -16 17 -18 -19 -20 -21 -22 -23
leaf_value=0 0.086324652954075543 -0.049581747294571092 -0.0046354102431612918 -0.0021976237695766135 -0.086512688741762503 -0.074852699502727729 -0.059802041629640597 0.021245987930434494 0 0 0.00088083989870408068 0.03614580591817193 -0.026987699787934697 0 0 -0.024150270909832225 0 0 0 0 0.0041587895295336161 0.035749879612650991
leaf_weight=0.027454214403405786 134.99033726158086 9.0541924024000728 1.9917124327039331 5.2743921531364375 116.60995592956897 4.8717577653005719 2.3912482996238387 2.4175843658158551 0.94239823601674189 0.31536909192800422 3.9629540458554393 5.250117550836876 3.1199605237925425 0.36631449987180531 0.68501214939169486 1.0224522047210483 0.50628131546545763 0.19979022454936046 0.067771457601338514 0.28430552012287158 1.4618750229128634 0.96227082452969515
leaf_count=7 303233 1612 495 1200 81463 2964 1463 1452 411 52 997 754 999 92 204 245 146 64 14 91 443 1599
internal_value=0.00203522 0.0679092 0.0776392 -0.0731739 -0.0846975 -0.044772 -0.00288856 -0.0333964 0.0855123 -0.0862559 0.00338435 0.0137047 -0.00657761 0.0179134 0.0860809 0 0.00743692 -0.0103668 -0.0739409 -0.0487084 0 0.0346281
internal_weight=296.776 158.495 145.011 138.28 118.281 8.39312 19.9987 13.4846 136.618 116.925 17.6074 10.5245 7.08291 1.35604 135.675 4.14611 2.92387 1.22224 4.93953 9.3385 3.45359 0.989725
internal_count=400000 311374 307764 88626 83213 3916 5413 3610 303848 81515 3950 1954 1996 1698 303437 1907 1598 309 2978 1703 938 1606
is_linear=0
shrinkage=0.0869117


Tree=73
num_leaves=2
num_cat=0
split_feature=41
split_gain=273.618
threshold=1.0000000180025095e-35
decision_type=2
left_child=-1
right_child=-2
leaf_value=-0.08665775772766432 0.086601073398940673
leaf_weight=134.1284110910492 140.92333540480467
leaf_count=90732 309268
internal_value=0.00196817
internal_weight=275.052
internal_count=400000
is_linear=0
shrinkage=0.0869117


Tree=74
num_leaves=21
num_cat=0
split_feature=33 3 3 33 26 3 44 4 4 11 42 3 3 45 3 28 3 16 26 6
split_gain=174.336 20.0693 12.2405 4.07543 2.13329 0.933742 0.727103 0.698928 0.328667 0.26743 0.175809 0.161256 0.605629 0.283754 0.0419786 0.163447 0.0436765 0.0209822 0.00819956 0.00760923
threshold=-0.71301191310480239 -0.086285591305948137 -0.086285591305948137 -1.3581648340554786 0.0014023167377952951 9.7346040006534782 1.3040845990209631 -0.0019200921874065408 0.0083426287530223298 20.648689193371855 0.34579793649648477 5.3835769662410735 1.6541252224590133 -1.8559387777784668 5.5445028526139053 1.1282808520409868 7.3726178962581717 -0.11004398221315716 -0.012328944217207887 -0.0034225986572537365
decision_type=2 2 2 2 2 2 2 2 2 2 2 2 2 2 2 2 2 2 2 2
left_child=2 8 3 4 10 11 -6 19 17 -5 -1 12 -4 -13 15 -9 -16 -2 -7 -3
right_child=1 7 5 9 6 18 -8 14 -10 -11 -12 13 -14 -15 16 -17 -18 -19 -20 -21
leaf_value=0.030258718312862792 0 -0.04608988841969363 -0.002996304616342932 -0.086378169769055518 -0.070263197180999812 0 0 0.03036254219624843 0 0 0 -0.02645692174212029 0.034222280671931317 0.0032223879415382213 -0.018633840219389065 0 0 0.086409029307033342 -0.055929795625283822 0
leaf_weight=3.266654083767206 0.031972424767444774 8.1028915271162951 5.6060375411179901 98.114808404468931 4.7060318456497043 0.054597570560872888 1.414950943784788 1.371034461888484 0.52892373380018298 0.34800942381843825 0.59712697763461609 2.9841403851751238 4.5786273033590987 3.7632901704637325 0.86769291607197352 0.40896595327649254 0.14083025720901787 113.07232406671392 2.0502612040145314 0.29345857287990007
leaf_count=2548 8 1618 1529 81451 3151 13 325 1108 209 59 147 1049 716 1007 237 133 51 303079 1460 102
internal_value=0.00195414 0.0750417 -0.0693063 -0.0805842 -0.0215415 -0.00282635 -0.0545727 -0.0329385 0.0860613 -0.086107 0.0214429 0.00209945 0.0104168 -0.00480609 0 0.0113008 -0.00678654 0.0863888 -0.0550389 -0.0452275
internal_weight=252.303 124.818 127.485 108.448 9.98476 19.037 6.12098 11.1849 113.633 98.4628 3.86378 16.9321 10.1847 6.74743 2.78852 1.78 1.00852 113.104 2.10486 8.39635
internal_count=400000 306545 93455 87681 6171 5774 3476 3249 303296 81510 2695 4301 2245 2056 1529 1241 288 303087 1473 1720
is_linear=0
shrinkage=0.0869117


Tree=75
num_leaves=2
num_cat=0
split_feature=41
split_gain=232.404
threshold=1.0000000180025095e-35
decision_type=2
left_child=-1
right_child=-2
leaf_value=-0.086558017695083658 0.086518316893880301
leaf_weight=114.22961713152472 119.79864059644751
leaf_count=90732 309268
internal_value=0.0018708
internal_weight=234.028
internal_count=400000
is_linear=0
shrinkage=0.0869117


Tree=76
num_leaves=2
num_cat=0
split_feature=41
split_gain=212.952
threshold=1.0000000180025095e-35
decision_type=2
left_child=-1
right_child=-2
leaf_value=-0.086495915085481101 0.086463710363847326
leaf_weight=104.79303621128201 109.89289748796728
leaf_count=90732 309268
internal_value=0.00185442
internal_weight=214.686
internal_count=400000
is_linear=0
shrinkage=0.0869117


Tree=77
num_leaves=2
num_cat=0
split_feature=41
split_gain=195.123
threshold=1.0000000180025095e-35
decision_type=2
left_child=-1
right_child=-2
leaf_value=-0.086430763806614769 0.086405784599622504
leaf_weight=96.139341210480779 100.80998955402174
leaf_count=90732 309268
internal_value=0.00183659
internal_weight=196.949
internal_count=400000
is_linear=0
shrinkage=0.0869117


Tree=78
num_leaves=2
num_cat=0
split_feature=41
split_gain=178.783
threshold=1.0000000180025095e-35
decision_type=2
left_child=-1
right_child=-2
leaf_value=-0.086362086102139676 0.086344147571519883
leaf_weight=88.203775991511066 92.481682660058141
leaf_count=90732 309268
internal_value=0.0018172
internal_weight=180.685
internal_count=400000
is_linear=0
shrinkage=0.0869117


Tree=79
num_leaves=2
num_cat=0
split_feature=41
split_gain=163.806
threshold=1.0000000180025095e-35
decision_type=2
left_child=-1
right_child=-2
leaf_value=-0.086289399002458342 0.086278337009048439
leaf_weight=80.92690910724923 84.84540105726046
leaf_count=90732 309268
internal_value=0.00179611
internal_weight=165.772
internal_count=400000
is_linear=0
shrinkage=0.0869117


Tree=80
num_leaves=2
num_cat=0
split_feature=41
split_gain=150.079
threshold=1.0000000180025095e-35
decision_type=2
left_child=-1
right_child=-2
leaf_value=-0.08621218540976007 0.0862079002493404
leaf_weight=74.254198313923553 77.84372330828046
leaf_count=90732 309268
internal_value=0.00177316
internal_weight=152.098
internal_count=400000
is_linear=0
shrinkage=0.0869117


Tree=81
num_leaves=15
num_cat=0
split_feature=19 26 44 39 42 0 42 6 19 18 0 42 34 28
split_gain=86.4353 8.10041 1.30382 0.942267 0.623087 0.179195 0.11875 0.036255 0.0203194 0.016683 0.0540105 0.00787821 0.00165161 1.28171e-06
threshold=-0.11004398221315716 -0.0071797213590816941 -0.31461855006273587 -0.059399865908398221 0.34579793649648477 -1.9550982700122961 1.0000000180025095e-35 -0.001029047166006908 0.83436319837547246 3.5218155610294093 -0.23696863638437596 1.0000000180025095e-35 12.803327791787657 0.24099304659978518
decision_type=2 2 2 2 2 2 2 2 2 2 2 2 2 2
left_child=2 4 13 9 5 -2 -4 -5 -7 12 -11 -9 -3 -1
right_child=1 3 6 7 -6 8 -8 11 -10 10 -12 -13 -14 -15
leaf_value=0.00010092901036483676 0 -0.0023249292222384883 -0.07314679841212747 0 0 0.076520107991779066 0 -0.061854915872165489 0 0 0.015798378953317618 0 0 0
leaf_weight=0.70109730589319852 0.44269499709480342 2.0587209414807144 63.146832763799466 0.044986599590629672 0.57551779714412887 66.324003104949952 0.33378623466705803 2.3433040704694581 0.046392319607547416 0.36948659119661931 1.8901731660589574 0.034064956824295112 0.18075810454320151 1.067778857075609
leaf_count=1667 1197 1137 86089 13 307 303602 147 2973 19 161 1719 15 231 723
internal_value=0.00174819 0.0660097 -0.0708141 -0.018554 0.075308 0.076093 -0.0728585 -0.0599003 0.0764784 0 0.00708708 -0.0612679 0 0
internal_weight=139.56 74.3101 65.2495 6.92149 67.3886 66.8131 63.4806 2.42236 66.3704 4.49914 2.25966 2.37737 2.23948 1.76888
internal_count=400000 311374 88626 6249 305125 304818 86236 3001 303621 3248 1880 2988 1368 2390
is_linear=0
shrinkage=0.0869117


Tree=82
num_leaves=18
num_cat=0
split_feature=33 3 3 33 26 4 44 3 6 6 1 1 4 42 42 26 16
split_gain=83.4182 11.9804 7.94843 2.31114 0.824056 0.365918 0.30535 0.301723 0.236907 0.206707 0.641306 0.375146 0.194626 0.083821 0.0535794 0.0155979 0.0118384
threshold=-0.71301191310480239 -0.086285591305948137 -0.086285591305948137 -1.3581648340554786 0.0014023167377952951 -0.0019200921874065408 1.3040845990209631 5.8497584342138307 -0.0034225986572537365 -0.0034225986572537365 -1.1656067764774647 -1.2015798020251613 0.0083426287530223298 1.0000000180025095e-35 0.34579793649648477 -0.012328944217207887 -0.11004398221315716
decision_type=2 2 2 2 2 2 2 2 2 2 2 2 2 2 2 2 2
left_child=2 12 3 4 14 -3 -6 9 15 10 -4 -11 16 -5 -1 -9 -2
right_child=1 5 7 13 6 -7 -8 8 -10 11 -12 -13 -14 -15 -16 -17 -18
leaf_value=0.018550127673615014 0 -0.043020878788963171 0.046711698488062177 -0.085724993889344001 -0.059593250550487947 0 0 0 0 -0.030083018907677995 -0.0084703428710491292 0.017010704686479458 0 0 0 -0.038706724985741132 0.085873399912958379
leaf_weight=1.9155806353955989 0.018933964776805534 5.1160760084167114 2.9496094776550308 49.808907976432238 2.4885650605428968 1.6333190162840763 0.84454411012120534 0.046798793599009847 0.53386987367412064 2.007400047092232 1.1485260165645721 2.4856922011240394 0.3155678195762438 0.28148155595408653 0.35704331006854761 2.0946204327046867 57.260263147501973
leaf_count=2548 8 1720 669 81389 3151 1529 325 24 276 1224 542 865 209 121 147 2174 303079
internal_value=0.00165158 0.0724659 -0.06583 -0.0792432 -0.0161774 -0.031999 -0.0455005 0 -0.0234218 0.00873617 0.0226792 0 0.0854672 -0.0854114 0.0116151 -0.0376776 0.0858502
internal_weight=131.307 64.3442 66.9626 55.6961 5.60573 6.7494 3.33311 11.2665 2.67529 8.59123 4.09814 4.49309 57.5948 50.0904 2.27262 2.14142 57.2792
internal_count=400000 306545 93455 87681 6171 3249 3476 5774 2474 3300 1211 2089 303296 81510 2695 2198 303087
is_linear=0
shrinkage=0.0869117


Tree=83
num_leaves=2
num_cat=0
split_feature=41
split_gain=119.963
threshold=1.0000000180025095e-35
decision_type=2
left_child=-1
right_child=-2
leaf_value=-0.086006279044363726 0.086018964147999977
leaf_weight=59.689755723113194 62.33510013500927
leaf_count=90732 309268
internal_value=0.00154832
internal_weight=122.025
internal_count=400000
is_linear=0
shrinkage=0.0869117


Tree=84
num_leaves=2
num_cat=0
split_feature=41
split_gain=109.891
threshold=1.0000000180025095e-35
decision_type=2
left_child=-1
right_child=-2
leaf_value=-0.085907256809530097 0.085926166676128887
leaf_weight=54.781701979809441 57.205531969491858
leaf_count=90732 309268
internal_value=0.00151752
internal_weight=111.987
internal_count=400000
is_linear=0
shrinkage=0.0869117


Tree=85
num_leaves=2
num_cat=0
split_feature=41
split_gain=100.66
threshold=1.0000000180025095e-35
decision_type=2
left_child=-1
right_child=-2
leaf_value=-0.085801052706692166 0.085826272879137119
leaf_weight=50.281358066829853 52.502328845177544
leaf_count=90732 309268
internal_value=0.00148401
internal_weight=102.784
internal_count=400000
is_linear=0
shrinkage=0.0869117


Tree=86
num_leaves=2
num_cat=0
split_feature=41
split_gain=92.198
threshold=1.0000000180025095e-35
decision_type=2
left_child=-1
right_child=-2
leaf_value=-0.085686930276887369 0.085718620287578914
leaf_weight=46.154914762359113 48.190088315604953
leaf_count=90732 309268
internal_value=0.00144758
internal_weight=94.345
internal_count=400000
is_linear=0
shrinkage=0.0869117


Tree=87
num_leaves=17
num_cat=0
split_feature=33 3 3 33 44 4 17 4 11 3 1 3 1 16 4 6
split_gain=53.0523 7.84972 5.32739 1.57299 0.364163 0.193814 0.168639 0.136234 0.109637 0.0946001 0.0651446 0.0391444 0.0336372 0.00827264 0.00671385 0.000191408
threshold=-0.71301191310480239 -0.086285591305948137 -0.086285591305948137 -1.3581648340554786 0.64775393720570462 -0.0019200921874065408 2.9352252481345613 0.0083426287530223298 20.648689193371855 5.8497584342138307 -1.0447681486029592 1.6541252224590133 -1.1938472825149089 -0.11004398221315716 0.015129266794273679 -0.0034225986572537365
decision_type=2 2 2 2 2 2 2 2 2 2 2 2 2 2 2 2
left_child=2 7 3 4 14 15 -6 13 -5 10 11 -4 -11 -2 -1 -3
right_child=1 5 9 8 6 -7 -8 -9 -10 12 -12 -13 -14 -15 -16 -17
leaf_value=0.0067457284070231247 0 -0.037294163951577593 0 -0.085060592258989501 -0.048244520078890428 0 0 0 0 0 0 0.016649286584826239 -0.021670130979438672 0.085305935278297107 0 0
leaf_weight=1.3387617965345264 0.01345066583598864 3.4290231048944402 2.1240945005556569 32.496308017813135 1.7235015667101836 1.1598692208062855 0.70797370979562391 0.22425346288946357 0.14810119825415213 0.51910025751567435 0.4862930788367511 3.391573898436036 1.3417718137498011 37.277003054317902 0.10534219752298657 0.12128256243886415
leaf_count=2539 8 1618 1384 81451 3172 1529 382 209 59 535 302 1614 1939 303079 78 102
internal_value=0.00140797 0.0713697 -0.0643054 -0.0781914 -0.0119472 -0.0271308 -0.0351807 0.0848669 -0.0847204 0 0.0059524 0.0111255 -0.0152862 0.0852809 0.00356743 -0.0366889
internal_weight=86.6077 42.2249 44.3828 36.52 3.87558 4.71017 2.43148 37.5147 32.6444 7.86283 6.00196 5.51567 1.86087 37.2905 1.4441 3.55031
internal_count=400000 306545 93455 87681 6171 3249 3554 303296 81510 5774 3300 2998 2474 303087 2617 1720
is_linear=0
shrinkage=0.0869117


Tree=88
num_leaves=2
num_cat=0
split_feature=41
split_gain=78.5628
threshold=1.0000000180025095e-35
decision_type=2
left_child=-1
right_child=-2
leaf_value=-0.085462075915428537 0.085504121065436076
leaf_weight=39.546290793456137 41.182567596013541
leaf_count=90732 309268
internal_value=0.0012669
internal_weight=80.7289
internal_count=400000
is_linear=0
shrinkage=0.0869117


Tree=89
num_leaves=17
num_cat=0
split_feature=16 1 1 4 16 1 17 9 34 16 11 6 6 0 17 27
split_gain=40.2116 5.59355 1.8219 1.39158 0.817359 0.185074 0.174465 0.136346 0.106631 0.0987134 0.0981277 0.0748469 0.0536468 0.0218304 0.000749205 0.000606087
threshold=-0.11004398221315716 -1.1867871560055478 -1.1793428049242489 -0.0053961750865840598 -0.16786483000429772 -1.1830889945006444 1.5082785299759385 8.1818070971236878 22.235398804576551 1.8944120745463835 20.648534984734912 -0.002876918524534252 -0.0012150744839794594 -0.10186454947014968 0.27591545520258243 -0.017064017063545857
decision_type=2 2 2 2 2 2 2 2 2 2 2 2 2 2 2 2
left_child=2 6 5 7 -4 8 14 -3 13 12 11 -6 -8 -1 15 -2
right_child=1 3 4 -5 10 -7 9 -9 -10 -11 -12 -13 -14 -15 -16 -17
leaf_value=0 -0.0020746955622242816 0.079092320173480335 0 0 -0.079360727403707601 0 0 0 0 0 0 0 -0.045548739474768139 -0.028675430942617784 0 0
leaf_weight=0.46715854216017749 2.1290540804184275 32.357429657560715 0.43127059272956003 1.1866459856100835 26.991701239807309 0.84806699797627416 0.19960969721432764 0.085185595264191671 0.15643497472046863 0.22888578666606907 0.14036466251127322 0.062636447371913984 1.3364723295089787 5.7042335280566476 1.1726520024240015 0.62596485944231961
leaf_count=575 4384 300081 1671 1020 76872 786 121 74 214 119 69 54 2998 8385 1830 747
internal_value=0.00122099 0.0617736 -0.0660365 0.0753663 -0.0767233 -0.0184485 -0.0117567 0.0787895 -0.0244292 -0.0325882 -0.078765 -0.0791389 -0.0401966 -0.0271435 0 -0.00137247
internal_weight=74.1238 39.3219 34.8019 33.6293 27.626 7.17589 5.69264 32.4426 6.32783 1.76497 27.1947 27.0543 1.53608 6.17139 3.92767 2.75502
internal_count=400000 311374 88626 301175 78666 9960 10199 300155 9174 3238 76995 76926 3119 8960 6961 5131
is_linear=0
shrinkage=0.0869117


Tree=90
num_leaves=2
num_cat=0
split_feature=41
split_gain=67.6137
threshold=1.0000000180025095e-35
decision_type=2
left_child=-1
right_child=-2
leaf_value=-0.085224107259314799 0.085274621936308734
leaf_weight=34.233082865539473 35.554960649911663
leaf_count=90732 309268
internal_value=0.00107763
internal_weight=69.788
internal_count=400000
is_linear=0
shrinkage=0.0869117


Tree=91
num_leaves=2
num_cat=0
split_feature=41
split_gain=61.9068
threshold=1.0000000180025095e-35
decision_type=2
left_child=-1
right_child=-2
leaf_value=-0.08506324460345166 0.085120486077908966
leaf_weight=31.440706327819498 32.652219784082263
leaf_count=90732 309268
internal_value=0.00102496
internal_weight=64.0929
internal_count=400000
is_linear=0
shrinkage=0.0869117


Tree=92
num_leaves=2
num_cat=0
split_feature=41
split_gain=56.6759
threshold=1.0000000180025095e-35
decision_type=2
left_child=-1
right_child=-2
leaf_value=-0.08488963607275779 0.084953941216685092
leaf_weight=28.880425682582427 29.990818218400818
leaf_count=90732 309268
internal_value=0.000967771
internal_weight=58.8712
internal_count=400000
is_linear=0
shrinkage=0.0869117


Tree=93
num_leaves=2
num_cat=0
split_feature=41
split_gain=51.8812
threshold=1.0000000180025095e-35
decision_type=2
left_child=-1
right_child=-2
leaf_value=-0.084702186346335154 0.084773941599111322
leaf_weight=26.532969822335872 27.550703883061942
leaf_count=90732 309268
internal_value=0.00090569
internal_weight=54.0837
internal_count=400000
is_linear=0
shrinkage=0.0869117


Tree=94
num_leaves=2
num_cat=0
split_feature=41
split_gain=47.4865
threshold=1.0000000180025095e-35
decision_type=2
left_child=-1
right_child=-2
leaf_value=-0.08449974663958966 0.084579362949734616
leaf_weight=24.380659394882969 25.313489596832369
leaf_count=90732 309268
internal_value=0.000838326
internal_weight=49.6941
internal_count=400000
is_linear=0
shrinkage=0.0869117


Tree=95
num_leaves=2
num_cat=0
split_feature=41
split_gain=43.4584
threshold=1.0000000180025095e-35
decision_type=2
left_child=-1
right_child=-2
leaf_value=-0.084281086720146989 0.084369039671440674
leaf_weight=22.407282907093759 23.26230825658422
leaf_count=90732 309268
internal_value=0.000765265
internal_weight=45.6696
internal_count=400000
is_linear=0
shrinkage=0.0869117


Tree=96
num_leaves=2
num_cat=0
split_feature=41
split_gain=39.7663
threshold=1.0000000180025095e-35
decision_type=2
left_child=-1
right_child=-2
leaf_value=-0.084044920185199629 0.084141698220179084
leaf_weight=20.597972656250931 21.381700192607241
leaf_count=90732 309268
internal_value=0.000686057
internal_weight=41.9797
internal_count=400000
is_linear=0
shrinkage=0.0869117


Tree=97
num_leaves=14
num_cat=0
split_feature=33 3 3 33 4 4 44 42 18 19 3 1 3
split_gain=20.9062 3.65325 2.61309 0.744026 0.0651162 0.0515983 0.046303 0.0302758 0.0197829 0.00376703 0.0024944 0.0167961 0.00621305
threshold=-0.71301191310480239 -0.086285591305948137 -0.086285591305948137 -1.3581648340554786 0.0083426287530223298 -0.0019200921874065408 0.64775393720570462 1.0000000180025095e-35 5.128762893440892 -0.11004398221315716 5.4768132598356249 -1.0447681486029592 0.038029466820120504
decision_type=2 2 2 2 2 2 2 2 2 2 2 2 2
left_child=2 4 3 6 9 -3 -1 -5 -8 -2 11 12 -4
right_child=1 5 10 7 -6 -7 8 -9 -10 -11 -12 -13 -14
leaf_value=0 0 -0.025411271313846864 0 -0.082644464394456121 0 0 -0.019705242197263492 0 0 0.0831998659287881 0 0 0.0094380073304745158
leaf_weight=0.7328739860604444 0.0067732493189492917 1.801257546168926 0.10543906029488503 14.057241166228776 0.11403718922519956 0.58935335782007303 1.0362664707645306 0.09784911142196584 0.13111574089271005 16.072710570137133 1.7217249859968431 0.21654860253329333 1.9133834918466162
leaf_count=2617 8 1720 164 81389 209 1529 3432 121 122 303079 3470 287 1853
internal_value=0.000600229 0.0674974 -0.0596642 -0.0750625 0.0827026 -0.0188132 0 -0.0822668 -0.0157124 0.0831721 0 0.00275375 0.00801522
internal_weight=38.5966 18.5841 20.0124 16.0553 16.1935 2.39061 1.90026 14.1551 1.16738 16.0795 3.9571 2.23537 2.01882
internal_count=400000 306545 93455 87681 303296 3249 6171 81510 3554 303087 5774 2304 2017
is_linear=0
shrinkage=0.0869117


Tree=98
num_leaves=2
num_cat=0
split_feature=41
split_gain=33.9417
threshold=1.0000000180025095e-35
decision_type=2
left_child=-1
right_child=-2
leaf_value=-0.083586157306722683 0.083687631622588105
leaf_weight=17.777649934912915 18.375305352499709
leaf_count=90732 309268
internal_value=0.000353149
internal_weight=36.153
internal_count=400000
is_linear=0
shrinkage=0.0869117


Tree=99
num_leaves=15
num_cat=0
split_feature=16 3 3 4 16 11 34 17 18 27 9 12 3 3
split_gain=15.5601 2.70708 2.47527 2.14495 0.415309 0.0773162 0.0384311 0.022638 0.0131543 0.00931985 0.00791478 0.00676403 0.000920145 0.00155255
threshold=-0.11004398221315716 -0.086285591305948137 -0.086285591305948137 -0.0053961750865840598 -0.16786483000429772 20.648534984734912 0.30473807982281492 1.5082785299759385 5.128762893440892 0.78764880258521675 -0.61314458742069766 0.71918068032427629 5.4768132598356249 1.6541252224590133
decision_type=2 2 2 2 2 2 2 2 2 2 2 2 2 2
left_child=2 3 4 10 -1 -6 9 -5 -9 11 -2 -3 13 -4
right_child=1 6 12 7 5 -7 -8 8 -10 -11 -12 -13 -14 -15
leaf_value=0 0 -0.022599126190427032 0 0 -0.081932622999708535 0 0 -0.015496179577712585 0 0 0.082532987999434829 0 0 0.0039491692469994788
leaf_weight=0.20384162264235683 0.0028237544465764533 1.8188802180811756 0.93446542696619805 0.6048245822021262 11.925960695152749 0.081968638405670258 0.46151336331240589 0.91225449905323308 0.12061965515022166 0.041252651106333249 13.591762481861229 0.034789192301104666 1.5711974120640659 0.94828874914674088
leaf_count=1676 2 2015 1200 1247 81458 79 1398 3386 122 142 303007 55 3459 754
internal_value=0.000254948 0.0571317 -0.0610483 0.0709932 -0.0791225 -0.0813659 -0.0157268 -0.00213099 -0.0118342 -0.0208794 0.0824984 -0.0218627 0 0.00180553
internal_weight=33.2544 17.5887 15.6657 15.2323 12.2118 12.0079 2.35644 1.6377 1.03287 1.89492 13.5946 1.85367 3.45395 1.88275
internal_count=400000 311374 88626 307764 83213 81537 3610 4755 3508 2212 303009 2070 5413 1954
is_linear=0
shrinkage=0.0869117


end of trees

feature_importances:
L7_PROTO=109
IN_BYTES=75
Attack=70
L4_DST_PORT=63
TCP_WIN_MAX_IN=54
CLIENT_TCP_FLAGS=38
TCP_WIN_MAX_OUT=38
SRC_TO_DST_AVG_THROUGHPUT=29
L4_SRC_PORT=26
LONGEST_FLOW_PKT=26
FLOW_DURATION_MILLISECONDS=25
OUT_BYTES=18
SHORTEST_FLOW_PKT=18
PacketsPerSecond=16
BytesPerPacket=15
MIN_IP_PKT_LEN=13
MAX_IP_PKT_LEN=13
DNS_QUERY_TYPE=11
InboundRatio=11
TCP_FLAGS=9
BytesPerSecond=9
DURATION_IN=8
DST_TO_SRC_AVG_THROUGHPUT=8
DNS_TTL_ANSWER=8
NUM_PKTS_UP_TO_128_BYTES=7
IN_PKTS=6
MIN_TTL=5
PROTOCOL=3
SERVER_TCP_FLAGS=3
DNS_QUERY_ID=2
OUT_PKTS=1
DST_TO_SRC_SECOND_BYTES=1
NUM_PKTS_1024_TO_1514_BYTES=1

parameters:
[boosting: gbdt]
[objective: binary]
[metric: binary_logloss]
[tree_learner: serial]
[device_type: cpu]
[data_sample_strategy: bagging]
[data: ]
[valid: ]
[num_iterations: 100]
[learning_rate: 0.0869117]
[num_leaves: 150]
[num_threads: 10]
[seed: 0]
[deterministic: 0]
[force_col_wise: 0]
[force_row_wise: 0]
[histogram_pool_size: -1]
[max_depth: 5]
[min_data_in_leaf: 38]
[min_sum_hessian_in_leaf: 0.001]
[bagging_fraction: 0.687928]
[pos_bagging_fraction: 1]
[neg_bagging_fraction: 1]
[bagging_freq: 0]
[bagging_seed: 3]
[bagging_by_query: 0]
[feature_fraction: 0.637137]
[feature_fraction_bynode: 1]
[feature_fraction_seed: 2]
[extra_trees: 0]
[extra_seed: 6]
[early_stopping_round: 0]
[early_stopping_min_delta: 0]
[first_metric_only: 0]
[max_delta_step: 0]
[lambda_l1: 0.448619]
[lambda_l2: 0.24932]
[linear_lambda: 0]
[min_gain_to_split: 0]
[drop_rate: 0.1]
[max_drop: 50]
[skip_drop: 0.5]
[xgboost_dart_mode: 0]
[uniform_drop: 0]
[drop_seed: 4]
[top_rate: 0.2]
[other_rate: 0.1]
[min_data_per_group: 100]
[max_cat_threshold: 32]
[cat_l2: 10]
[cat_smooth: 10]
[max_cat_to_onehot: 4]
[top_k: 20]
[monotone_constraints: ]
[monotone_constraints_method: basic]
[monotone_penalty: 0]
[feature_contri: ]
[forcedsplits_filename: ]
[refit_decay_rate: 0.9]
[cegb_tradeoff: 1]
[cegb_penalty_split: 0]
[cegb_penalty_feature_lazy: ]
[cegb_penalty_feature_coupled: ]
[path_smooth: 0]
[interaction_constraints: ]
[verbosity: -1]
[saved_feature_importance_type: 0]
[use_quantized_grad: 0]
[num_grad_quant_bins: 4]
[quant_train_renew_leaf: 0]
[stochastic_rounding: 1]
[linear_tree: 0]
[max_bin: 255]
[max_bin_by_feature: ]
[min_data_in_bin: 3]
[bin_construct_sample_cnt: 200000]
[data_random_seed: 1]
[is_enable_sparse: 1]
[enable_bundle: 1]
[use_missing: 1]
[zero_as_missing: 0]
[feature_pre_filter: 1]
[pre_partition: 0]
[two_round: 0]
[header: 0]
[label_column: ]
[weight_column: ]
[group_column: ]
[ignore_column: ]
[categorical_feature: ]
[forcedbins_filename: ]
[precise_float_parser: 0]
[parser_config_file: ]
[objective_seed: 5]
[num_class: 1]
[is_unbalance: 0]
[scale_pos_weight: 1]
[sigmoid: 1]
[boost_from_average: 1]
[reg_sqrt: 0]
[alpha: 0.9]
[fair_c: 1]
[poisson_max_delta_step: 0.7]
[tweedie_variance_power: 1.5]
[lambdarank_truncation_level: 30]
[lambdarank_norm: 1]
[label_gain: ]
[lambdarank_position_bias_regularization: 0]
[eval_at: ]
[multi_error_top_k: 1]
[auc_mu_weights: ]
[num_machines: 1]
[local_listen_port: 12400]
[time_out: 120]
[machine_list_filename: ]
[machines: ]
[gpu_platform_id: -1]
[gpu_device_id: -1]
[gpu_use_dp: 0]
[num_gpu: 1]

end of parameters

pandas_categorical:[]
