tree
version=v4
num_class=1
num_tree_per_iteration=1
label_index=0
max_feature_idx=72
objective=binary sigmoid:1
feature_names=Flow_Duration Tot_Fwd_Pkts Tot_Bwd_Pkts TotLen_Fwd_Pkts TotLen_Bwd_Pkts Fwd_Pkt_Len_Max Fwd_Pkt_Len_Min Fwd_Pkt_Len_Mean Fwd_Pkt_Len_Std Bwd_Pkt_Len_Max Bwd_Pkt_Len_Min Bwd_Pkt_Len_Mean Bwd_Pkt_Len_Std Flow_Byts/s Flow_Pkts/s Flow_IAT_Mean Flow_IAT_Std Flow_IAT_Max Flow_IAT_Min Fwd_IAT_Tot Fwd_IAT_Mean Fwd_IAT_Std Fwd_IAT_Max Fwd_IAT_Min Bwd_IAT_Tot Bwd_IAT_Mean Bwd_IAT_Std Bwd_IAT_Max Bwd_IAT_Min Bwd_PSH_Flags Fwd_Header_Len Bwd_Header_Len Fwd_Pkts/s Bwd_Pkts/s Pkt_Len_Min Pkt_Len_Max Pkt_Len_Mean Pkt_Len_Std Pkt_Len_Var FIN_Flag_Cnt SYN_Flag_Cnt RST_Flag_Cnt PSH_Flag_Cnt ACK_Flag_Cnt Down/Up_Ratio Pkt_Size_Avg Fwd_Seg_Size_Avg Bwd_Seg_Size_Avg Subflow_Fwd_Pkts Subflow_Fwd_Byts Subflow_Bwd_Pkts Subflow_Bwd_Byts Init_Bwd_Win_Byts Fwd_Act_Data_Pkts Active_Mean Active_Std Active_Max Active_Min Idle_Mean Idle_Std Idle_Max Idle_Min pkt_mean_to_max log_pkt_mean log_pkt_max tcp_flag_density pkt_min_to_max pkt_range_ratio log_flow_activity log_flow_bytes fwd_pkt_ratio log_flow_duration iat_cv
feature_infos=[0:119999979] [0:415] [1:381] [0:9950] [0:114229] [0:733] [0:447] [0:481.82352941176481] [0:376.26364870039384] [0:21330] [0:514] [0:4230.7037037037044] [0:5375.2576096751272] [0:50000000] [0:3000000] [0:119999970] [0:83743983.33535111] [0:119999970] [0:119999970] [0:119999910] [0:119215904] [0:84852455.239247635] [0:119999495] [0:119215904] [0:119999979] [0:54704163] [0:77359659.750694349] [0:119719252] [0:5639305] [0:1] [0:7680] [0:7620] [0:2000000] [0:1000000] [0:447] [0:21330] [0:1973.9491525423721] [0:4162.797163147382] [0:17328880.221507892] [0:1] [0:1] none [0:1] [0:1] [0:12] [0:2007.9827586206893] [0:481.8235294117647] [0:4230.7037037037044] [0:415] [0:9950] [1:381] [0:114229] [-1:16425] [0:199] [0:106139466] [0:50435689.41618076] [0:106139466] [0:106139466] [0:119999970] [0:76859820.816315979] [0:119999970] [0:119999970] [0:1] [0:7.5882979314556342] [0:9.9679166926918175] [0:3] [0:1] [0:10.988897761520827] [0:14.914123179965662] [0:17.727533583392422] [0:0.99759615384615385] [0:18.603002134079638] [0:16.693654001532394]
tree_sizes=3399 3511 3519 3518 3503 3507 3520 3518 3516 3528 3514 3532 3511 3520 3520 3529 3517 3518 3532 3528 3527 3538 3526 3528 3530 3536 3536 3542 3532 3527 3539 3541 3526 3533 3528 3538 3524 3540 3530 3543 3537 3540 3547 3551 3546 3535 3536 3540 3548 3550 3535 3535 3513 3550 3544 3540 3545 3537 3537 3540 3500 3510 3519 3504 3520 3513 3522 3522 3513 3541 3503 3512 3520 3523 3527 3515 3531 3520 3513 3516 3524 3531 3505 3532 3520 3548 3508 3530 3506 3539 3517 3496 3520 3531 3529 3495 3469 3539 3522 3499 3521 3506 3519 3454 3543 3513 3511 3548 3486 3518 3465 3547 3504 3469 3513 3511 3541 3551 3490 3526 3495 3458 3528 3466 3495 3517 3467 3528 3494 3496 3534 3518 3469 3475 3504 3541 3479 3513 3476 3564 3511 3474 3536 3515 3530 3528 3492 3521 3498 3515 3499 3539 3552 3509 3500 3513 3507 3524 3506 3461 3545 3540 3559 3518 3505 3512 3473 3520 3522 3507 3510 3526 3539 3512 3458 3524 3479 3530 3564 3535 3501 3481 3525 3485 3539 3531 3514 3513 3509 3500 3500 3491 3520 3513 3459 3545 3492 3534 3466 3522

Tree=0
num_leaves=31
num_cat=0
split_feature=30 70 31 7 15 57 6 18 18 56 4 18 23 4 27 27 18 57 24 72 20 53 24 55 58 23 15 13 23 17
split_gain=412943 69748.4 88311.2 62845 30543.3 13395.2 10286.6 8417.59 6603.78 5517.01 6416.95 4810.85 3466.06 2484.14 3255.68 3255.05 1714.45 1418.93 881.733 794.97 789.56 709.603 695.292 519.713 1390.68 464.817 427.862 369.021 355.327 248.33
threshold=1.0000000180025095e-35 0.48785029749738845 28.000000000000004 3.1155555555555563 5722.6428571428587 187337.00000000003 440.50000000000006 1.5000000000000002 4271.5000000000009 5489611.5000000009 75.000000000000014 2.5000000000000004 11.500000000000002 1503.0000000000002 21069.000000000004 2770067.0000000005 1.0000000180025095e-35 22.500000000000004 2370.5000000000005 2.7482237614814933 247.16666666666669 4.5000000000000009 23655.000000000004 1046444.8506042376 11720839.000000002 18.500000000000004 1797832.3921568629 37865.056923745462 87.500000000000014 341.50000000000006
decision_type=2 2 2 2 2 2 2 2 2 2 2 2 2 2 2 2 2 2 2 2 2 2 2 2 2 2 2 2 2 2
left_child=8 13 4 5 29 -4 7 -6 9 10 23 16 19 -2 20 -16 -11 -18 27 -13 -15 22 -5 -1 -25 -14 -7 -12 -22 -3
right_child=1 2 3 21 6 26 -8 -9 -10 11 18 12 25 14 15 -17 17 -19 -20 -21 28 -23 -24 24 -26 -27 -28 -29 -30 -31
leaf_value=-1.3024005138740675 -1.3021070745012155 -1.2462156990804387 -1.0162132865581084 -1.25730861443822 -1.2292949061276905 -1.0232074818491481 -1.2512969147375823 -1.1446045588030267 -1.3023377924285642 -1.2920370821650216 -1.2039269516494415 -1.0699747163469584 -1.18844025521768 -1.215236777170374 -1.0568716510778398 -1.2379340101517629 -1.1197075247259451 -1.2380088230166688 -1.2627827522531372 -1.2489486895410264 -1.2518957186077606 -1.3025236899121506 -1.0441425070613617 -1.1643786805385694 -1.290763648503688 -1.2809999938863446 -1.3023968282237854 -1.2449854031157264 -1.272002526170765 -1.2663429230782666
leaf_weight=13187.874583423138 2529.2498250007629 4248.619314968586 21470.443324327469 1436.4152508974075 2951.3163304328918 14.17485862970352 2290.7221197485924 499995.21773159504 18039.899718165398 1375.9388117194176 622.28987991809845 872.3201692700386 240.58619070053101 1069.1464161276817 427.31982982158661 592.25015115737915 305.63529795408249 1484.9715742468834 24400.516089260578 66.796690165996552 5014.9952481389046 1278.2371084094048 39.300072014331818 248.60693836212158 1748.4737573862076 310.93391799926758 430.40187251567841 4538.2504103779793 3910.6928551793098 2397.17622423172
leaf_count=75561 14481 20952 35734 7310 13845 25 11462 1744040 103345 7681 2695 2118 989 4802 958 2851 958 7150 126073 332 25136 7326 81 937 9729 1687 2466 22301 20718 12507
internal_value=-1.15968 -1.14536 -1.14253 -1.05013 -1.14698 -1.02184 -1.14558 -1.1451 -1.27645 -1.26699 -1.27238 -1.2152 -1.14113 -1.25742 -1.24716 -1.16205 -1.25007 -1.21782 -1.25881 -1.0827 -1.25584 -1.27525 -1.25163 -1.2988 -1.27503 -1.24062 -1.2935 -1.24003 -1.26071 -1.25348
internal_weight=617539 550096 536552 24669 511883 21915 505237 502947 67443.1 49403.2 44746 4657.18 1490.64 13543.7 11014.4 1019.57 3166.55 1790.61 29561.1 939.117 9994.83 2753.95 1475.72 15185 1997.08 551.52 444.577 5160.54 8925.69 6645.8
internal_count=2286250 1924694 1855748 52942 1802806 38225 1769347 1757885 361556 258211 237296 20915 5126 68946 54465 3809 15789 8108 151069 2450 50656 14717 7391 86227 10666 2676 2491 24996 45854 33459
is_linear=0
shrinkage=1


Tree=1
num_leaves=31
num_cat=0
split_feature=30 70 31 7 15 57 6 18 18 56 4 18 57 4 27 27 58 24 19 53 24 57 55 58 23 15 15 13 20 17
split_gain=346493 57367.5 64909.3 46751.4 25119.5 9907.13 8440.7 6816.67 6417.6 5075.43 6258.2 4159.11 3229.79 2361.18 2849.03 2552.22 1676.87 816.508 729.748 683.358 583.186 497.234 447.19 1154.58 387.012 367.707 338.073 327.893 240.532 230.639
threshold=1.0000000180025095e-35 0.48785029749738845 28.000000000000004 3.1155555555555563 5722.6428571428587 187337.00000000003 440.50000000000006 1.5000000000000002 4271.5000000000009 5326070.0000000009 75.000000000000014 1.0000000180025095e-35 25.500000000000004 1503.0000000000002 21069.000000000004 2770067.0000000005 14188729.312500002 2370.5000000000005 507.50000000000006 4.5000000000000009 17450.000000000004 3.5000000000000004 1046444.8506042376 11720839.000000002 87.500000000000014 1797832.3921568629 126.11111111111113 37865.056923745462 839231.0764587525 341.50000000000006
decision_type=2 2 2 2 2 2 2 2 2 2 2 2 2 2 2 2 2 2 2 2 2 2 2 2 2 2 2 2 2 2
left_child=8 13 4 5 29 -4 7 -6 9 10 22 -11 21 -2 18 -16 -14 27 26 20 -5 -13 -1 -24 -20 -7 -15 -12 -17 -3
right_child=1 2 3 19 6 25 -8 -9 -10 11 17 12 16 14 15 28 -18 -19 24 -21 -22 -23 23 -25 -26 -27 -28 -29 -30 -31
leaf_value=-0.062766362171405077 -0.062466742374045536 -0.0071600326713565478 0.1880816114598253 -0.018271683491596104 0.0088977559477094424 0.18278700495344816 -0.012042500767270819 0.084903713922015414 -0.062702571477394692 -0.052460411716301107 0.032408267107847326 -0.060674301088997212 0.048749342834358417 0.075214811770629109 0.15680887940513216 0.069729761300438897 -0.040211860421431461 -0.023183933858199932 -0.011317947945706638 -0.062892627471261536 0.15657526385160717 0.14503545389171343 0.066220612405386889 -0.051565201353299929 -0.032028412777338998 -0.062762922840701424 0.000696562320408421 -0.005982091868214255 -0.013972673988886394 -0.026667219895125494
leaf_weight=12719.428042173386 2440.7853394001722 4231.055349573493 24052.264024496078 1415.788270547986 2966.6131915450096 15.827289581298826 2274.8377172648907 525763.59780862927 17406.626453027129 1361.4307266622782 634.19003757834435 30.511006414890289 1878.4243483096361 293.36991576850414 469.52284902334213 104.12961700558662 737.75453996658325 24076.780492782593 5434.1708788871765 1233.2346102148294 49.352843657135963 789.5840620547533 238.23421534895897 1642.3540582954884 3856.5824410766363 415.27900207042694 316.30802629888058 4522.5654605925083 488.37389816343784 2360.6635281145573
leaf_count=75531 14481 20952 35734 7288 13845 25 11462 1744040 103345 7833 2695 162 7482 1083 958 399 3979 126073 27274 7326 103 1864 868 9423 20796 2466 1503 22301 2452 12507
internal_value=0.0718521 0.0842448 0.0866711 0.162054 0.0828596 0.183823 0.0840638 0.0844773 -0.0366494 -0.0273242 -0.0326681 0.0215 0.0508027 -0.0179914 -0.00808901 0.0697369 0.0236626 -0.0193167 -0.0164374 -0.0354668 -0.012382 0.137382 -0.0594016 -0.036644 -0.0199148 -0.053748 0.0365539 -0.00126075 0.000737623 -0.0141461
internal_weight=644220 578182 564779 27181.7 537597 24483.4 531005 528730 66037.9 48631.3 43833.6 4797.7 3436.27 13403.2 10962.5 1062.03 2616.18 29233.5 9900.43 2698.38 1465.14 820.095 14600 1880.59 9290.75 431.106 609.678 5156.76 592.504 6591.72
internal_count=2286250 1924694 1855748 52942 1802806 38225 1769347 1757885 361556 258211 236891 21320 13487 68946 54465 3809 11461 151069 50656 14717 7391 2026 85822 10291 48070 2491 2586 24996 2851 33459
is_linear=0
shrinkage=0.05


Tree=2
num_leaves=31
num_cat=0
split_feature=30 70 31 7 15 57 6 18 18 56 4 18 23 4 27 27 18 58 24 20 53 72 24 23 55 58 28 15 13 21
split_gain=294356 47888.1 50981.9 36711.3 20953.6 7754.02 7027.47 6243.29 5613.46 4677.41 6105.77 3888.05 2591.41 2245.83 2511.93 2068.77 1434.65 1098.98 755.617 671.367 658.688 611.144 495.533 412.015 389.542 979.276 350.039 323.761 291.783 218.299
threshold=1.0000000180025095e-35 0.48785029749738845 28.000000000000004 3.1155555555555563 5722.6428571428587 187337.00000000003 440.50000000000006 4271.5000000000009 1.5000000000000002 5204839.0000000009 75.000000000000014 2.5000000000000004 11.500000000000002 1503.0000000000002 21069.000000000004 2770067.0000000005 1.0000000180025095e-35 12963101.04761905 2370.5000000000005 247.16666666666669 4.5000000000000009 2.7482237614814933 17450.000000000004 18.500000000000004 1046444.8506042376 11720839.000000002 111.50000000000001 1797832.3921568629 37865.056923745462 2435502.4370650449
decision_type=2 2 2 2 2 2 2 2 2 2 2 2 2 2 2 2 2 2 2 2 2 2 2 2 2 2 2 2 2 2
left_child=7 13 4 5 -3 -4 8 9 -6 10 24 16 21 -2 19 -16 -11 -18 28 -15 22 -13 -5 -14 -1 -26 -21 -7 -12 -17
right_child=1 2 3 20 6 27 -8 -9 -10 11 18 12 23 14 15 29 17 -19 -20 26 -22 -23 -24 -25 25 -27 -28 -29 -30 -31
leaf_value=-0.061922338958596758 -0.061601377081652121 -0.013549779663818224 0.16440206283550254 -0.017541404977245538 0.0084108395107653153 0.16003138837774844 -0.011519416457074183 -0.061843104714229741 0.077208999360953837 -0.051525308144820474 0.030247059845131076 0.13754663502512779 0.043124217073746161 0.021221723537230536 0.13847240581197934 0.028762612288390589 0.040065339421319505 -0.043890256732739781 -0.022321701070021127 -0.017393634139503306 -0.062037974919795492 -0.013509310986637008 0.1381762532744524 -0.041287651140646468 0.059429156576740964 -0.051195186630291357 -0.053828300892271634 -0.061904982101408726 -0.0057023469219564006 -0.032107913755408078
leaf_weight=12259.003845095634 2353.5318670719862 6539.6651065647602 26081.802847415209 1401.3688412308693 2981.0559936314821 17.136015206575394 2259.6262998878956 16781.945986002684 548622.92716887593 1347.855986148119 645.23282173275948 1012.7761623114347 263.90699546039104 1090.2276724874973 504.1217195391655 319.33603999018669 1354.5126156061888 547.28288760781288 23764.571952342987 8000.3045715093613 1188.8382311016321 71.699174895882607 53.023181945085526 319.65682263672352 229.88877862691879 1541.3925058841705 718.40991911292076 400.36081027984619 4507.6049525141716 273.39085318148136
leaf_count=75512 14481 33459 35734 7288 13845 25 11462 103345 1744040 7993 2695 2168 1028 4802 958 1395 5354 3005 126073 41738 7326 368 103 1774 814 9126 4116 2466 22301 1456
internal_value=0.0657918 0.0766657 0.0787791 0.143256 0.0754261 0.16098 0.0764767 -0.0356014 0.0768372 -0.0264009 -0.0316899 0.0197894 0.0818436 -0.0173052 -0.00774586 0.0640142 -0.0120629 0.0159053 -0.0185581 -0.0157702 -0.0344308 0.12756 -0.0118644 -0.00311379 -0.0587555 -0.0368376 -0.0203958 -0.0527957 -0.0012008 0.000686537
internal_weight=667452 602805 589546 29142.5 560403 26499.3 553864 64647.3 551604 47865.4 42947.7 4917.69 1668.04 13259.3 10905.8 1096.85 3249.65 1901.8 28917.4 9808.94 2643.23 1084.48 1454.39 583.564 14030.3 1771.28 8718.71 417.497 5152.84 592.727
internal_count=2286250 1924694 1855748 52942 1802806 38225 1769347 361556 1757885 258211 236521 21690 5338 68946 54465 3809 16352 8359 151069 50656 14717 2536 7391 2802 85452 9940 45854 2491 24996 2851
is_linear=0
shrinkage=0.05


Tree=3
num_leaves=31
num_cat=0
split_feature=30 70 31 7 15 57 18 6 18 56 4 18 57 4 27 27 58 24 53 19 24 20 55 58 23 61 15 13 17 27
split_gain=252539 40447.6 42057.9 29909.4 17679.9 6303.26 6077.7 5919.97 4686.15 4307.9 5901.57 3394.19 2464.91 2137.6 2227.61 1718.28 1376.68 700.597 635.395 617.339 427.537 398.348 386.589 926.062 362.231 293.522 283.921 259.989 215.789 204.577
threshold=1.0000000180025095e-35 0.48785029749738845 28.000000000000004 3.1155555555555563 5722.6428571428587 187337.00000000003 4271.5000000000009 440.50000000000006 1.5000000000000002 5204839.0000000009 75.000000000000014 1.0000000180025095e-35 25.500000000000004 1503.0000000000002 21069.000000000004 2770067.0000000005 14188729.312500002 2365.5000000000005 4.5000000000000009 507.50000000000006 17450.000000000004 1518071.3319984742 798744.96019970893 11720839.000000002 87.500000000000014 6153198.0000000009 126.11111111111113 37865.056923745462 341.50000000000006 3793.5000000000005
decision_type=2 2 2 2 2 2 2 2 2 2 2 2 2 2 2 2 2 2 2 2 2 2 2 2 2 2 2 2 2 2
left_child=6 13 4 5 28 -4 9 8 -6 10 22 -11 21 -2 19 -16 -14 27 20 26 -5 -13 -1 -24 -21 -7 -15 -12 -3 -19
right_child=1 2 3 18 7 25 -8 -9 -10 11 17 12 16 14 15 -17 -18 29 -20 24 -22 -23 23 -25 -26 -27 -28 -29 -30 -31
leaf_value=-0.061331669211883093 -0.060793816842867866 -0.0062015869539290922 0.14705407695764017 -0.01683509979340388 0.0079529414847377463 -0.061174368911864001 -0.061042216711733488 -0.011016284465932598 0.070663637596396434 -0.050511706885564014 0.030128242502206942 -0.0029450389659761858 0.041120787961380328 0.067089567442650308 0.12439630607220264 0.00063940458555968634 -0.038992962225479606 -0.021906290836631925 -0.061242531333829814 -0.010085392217826278 0.12405167069518244 0.12372557769147008 0.05254787253387954 -0.050540379066235 -0.030362266368958942 0.14437268815562085 -0.00019182515172175307 -0.0048955201368091929 -0.02524834060506384 0.018483098845581414
leaf_weight=11612.987554550171 2267.7306575030088 4182.5407923609018 27655.705715477467 1387.5150309950113 2994.6964282393456 385.66163867712021 16167.594483494759 2245.0662668049335 568911.46524482965 1307.1951494961977 605.12751410901546 66.970079660415649 1996.2256538569927 308.07492120563984 532.31064957380295 592.84846051037312 733.19788825511932 23429.134857743979 1145.1720815747976 5349.2660281956196 56.022623181343079 847.5006697922945 250.35175435245037 1678.166023299098 3744.1965965032578 18.18742436170578 319.32902950048447 4260.549931704998 2307.4350352436304 317.77017021179199
leaf_count=74289 14481 20952 35734 7288 13845 2462 103345 11462 1744040 7993 2472 267 7543 1083 958 2851 4111 125957 7326 27274 103 1776 887 10276 20796 29 1503 21113 12507 1527
internal_value=0.0605934 0.0702388 0.0721027 0.129188 0.0690896 0.14419 -0.0345912 0.0700172 0.0703353 -0.0255126 -0.0306946 0.0186077 0.0434033 -0.016646 -0.00741542 0.0591886 0.0196 -0.0178243 -0.0334307 -0.0151246 -0.0113674 0.114449 -0.057889 -0.0371579 -0.0184343 -0.0519175 0.0328454 -0.000539736 -0.0129734 -0.0213658
internal_weight=687676 624403 611289 30648.3 580641 28059.6 63272.8 574151 571906 47105.2 42154.1 4951.09 3643.89 13113.8 10846 1125.16 2729.42 28612.6 2588.71 9720.87 1443.54 914.471 13541.5 1928.52 9093.46 403.849 627.404 4865.68 6489.98 23746.9
internal_count=2286250 1924694 1855748 52942 1802806 38225 361556 1769347 1757885 258211 236521 21690 13697 68946 54465 3809 11654 151069 14717 50656 7391 2043 85452 11163 48070 2491 2586 23585 33459 127484
is_linear=0
shrinkage=0.05


Tree=4
num_leaves=31
num_cat=0
split_feature=30 70 31 7 15 23 23 57 6 4 18 54 56 4 27 4 57 18 24 53 72 20 19 25 28 15 13 17 57 52
split_gain=218401 34489.7 36016.6 25026.9 15058.3 5927.27 5761.85 5265.14 5035.26 4334.24 3972.15 3144.45 2361.58 2035.62 1984.76 1462.51 1180.1 1040.19 651.995 613.319 593.089 572.821 386.824 375.51 352.08 265.648 233.433 200.012 187.633 174.021
threshold=1.0000000180025095e-35 0.48785029749738845 28.000000000000004 3.1155555555555563 5722.6428571428587 23.500000000000004 2.5000000000000004 187337.00000000003 440.50000000000006 75.000000000000014 1.0000000180025095e-35 1471500.2500000002 5489611.5000000009 1503.0000000000002 21069.000000000004 7231.5000000000009 22.500000000000004 10.500000000000002 2370.5000000000005 4.5000000000000009 2.8940940815740714 232.58333333333334 3125963.5000000005 5725.5000000000009 111.50000000000001 1797832.3921568629 37865.056923745462 341.50000000000006 25.500000000000004 12146.000000000002
decision_type=2 2 2 2 2 2 2 2 2 2 2 2 2 2 2 2 2 2 2 2 2 2 2 2 2 2 2 2 2 2
left_child=5 13 4 7 27 6 9 -4 10 12 -6 -8 -1 -2 21 -16 -14 20 26 23 -13 -15 -17 -5 -23 -9 -11 29 -19 -3
right_child=1 2 3 19 8 -7 11 25 -10 18 -12 17 16 14 15 22 -18 28 -20 -21 -22 24 -24 -25 -26 -27 -28 -29 -30 -31
leaf_value=-0.059331326309940591 -0.060038435230268153 -0.04546478320487219 0.13377718136477168 -0.015819016193986721 -0.0075467268638772294 -0.06077286680732228 -0.045432432510821436 0.13216227224710089 -0.010532534191966821 0.026598241168377945 0.064955816647509476 0.12230868382218736 0.061569840413310817 0.026548619794424057 0.13088009975705878 0.069614934767617931 -0.023851821601688385 0.086831680756837809 -0.020717903438766755 -0.060500636431353977 -0.031660118182585351 -0.015227861154418513 -0.010087257510932111 0.12205705382949109 -0.052442080479455477 -0.060374808329853848 -0.0051633200099461341 -0.024347864455528237 0.014170628542557512 -0.0032735801661167466
leaf_weight=12728.226151660085 2183.5822831690311 260.70454661548138 28846.628973245621 1381.4488392025232 1895.20736515522 15166.33694024384 607.82844738662243 18.822656959295273 2231.1354534775019 664.29286363720894 588033.86882838607 1099.7495491653681 477.60989417135715 780.85106679797173 409.16770549118519 214.50337012112141 2634.7329138219357 112.42035706341267 23462.754636183381 1102.3394958972931 66.316904738545418 8164.9550924599171 524.41749280691147 51.214500188827515 689.22011849284172 371.53599661588669 4478.8792218863964 2274.0009001344442 423.72157335281372 3907.2973069548607
leaf_count=83889 14481 1457 35734 7310 9130 100576 3815 25 11462 2695 1748755 2173 1582 3298 615 572 14159 290 127830 7326 380 43242 2622 81 4116 2466 22301 12507 1866 19495
internal_value=0.056073 0.0647053 0.0663656 0.118242 0.0636122 -0.0336114 -0.0248011 0.131309 0.0644393 -0.0288026 0.0647229 0.0521897 -0.0497848 -0.0160143 -0.00709942 0.0550433 -0.0107433 0.0870489 -0.0171837 -0.0324632 0.113552 -0.0145042 0.0130497 -0.0108903 -0.0181247 -0.0510909 -0.00106099 -0.0124202 0.0294065 -0.0059126
internal_weight=705264 643341 630374 31772 598602 61922.9 46756.5 29237 592160 44446.5 589929 2310.04 15840.6 12966.7 10783.1 1148.09 3112.34 1702.21 28605.9 2535 1166.07 9635.03 738.921 1432.66 8854.18 390.359 5143.17 6442 536.142 4168
internal_count=2286250 1924694 1855748 52942 1802806 361556 260980 38225 1769347 252456 1757885 8524 99630 68946 54465 3809 15741 4709 152826 14717 2553 50656 3194 7391 47358 2491 24996 33459 2156 20952
is_linear=0
shrinkage=0.05


Tree=5
num_leaves=31
num_cat=0
split_feature=30 70 31 7 15 18 57 6 56 4 18 18 4 72 27 27 57 17 24 61 23 23 62 55 57 24 61 13 33 21
split_gain=190123 29641.9 31747.8 21368.9 12926 5779.57 4487.18 4317.12 3659.46 5517.8 3476.75 2897.5 1939.44 1882.47 1774.6 1247.59 978.505 637.57 599.517 592.567 534.279 556.861 496.019 393.58 874.134 364.947 245 207.346 193.128 191.112
threshold=1.0000000180025095e-35 0.48785029749738845 28.000000000000004 3.1155555555555563 5722.6428571428587 4271.5000000000009 187337.00000000003 440.50000000000006 5204839.0000000009 75.000000000000014 1.5000000000000002 1.0000000180025095e-35 1503.0000000000002 2.3995484431533924 21069.000000000004 2770067.0000000005 25.500000000000004 10188517.500000002 2365.5000000000005 9966678.5000000019 87.500000000000014 371.50000000000006 0.35251138415639466 798744.96019970893 25.500000000000004 23655.000000000004 6153198.0000000009 37865.056923745462 376.26519650140909 2435502.4370650449
decision_type=2 2 2 2 2 2 2 2 2 2 2 2 2 2 2 2 2 2 2 2 2 2 2 2 2 2 2 2 2 2
left_child=5 12 4 6 -3 8 -4 10 9 23 -6 -10 -2 16 20 -16 -13 -15 27 -5 22 -22 -14 -1 -25 -21 -8 -11 -7 -17
right_child=1 2 3 19 7 28 26 -9 11 18 -12 13 14 17 15 29 -18 -19 -20 25 21 -23 -24 24 -26 -27 -28 -29 -30 -31
leaf_value=-0.059916336554418137 -0.059330257983187119 -0.011888552883004441 0.12328269535364454 -0.059701088936190819 0.0064704702811412707 -0.06009117033130125 -0.059755488813164254 -0.010067600615550305 -0.049196390324926946 0.026480540648345086 0.060088562579690225 0.099513828294746753 -0.010027278826545695 0.1935625582797878 0.10404708795298839 0.026291691350997477 0.037519623783676737 -0.037355855461265769 -0.019774861138178848 -0.01521660544284912 -0.03609869621876232 0.022778445898940874 0.033873542291820082 0.077823243822750965 -0.045435537205117477 0.12179341826301611 0.12216794209709358 -0.0044187469313535918 0.0064148775110206618 -0.030764768851285991
leaf_weight=10762.074308201671 2101.2501035183668 6395.9039303809404 29712.597640156746 1065.2294512093067 3038.6017311960459 14872.700981393456 357.36245948076248 2217.8116953670979 1253.7037897408009 622.72438758611679 602893.30518400669 936.30551382899284 5122.4348927736282 31.07642026245594 573.04452948272228 325.79428449273109 1987.8528855592012 784.08867099881172 23176.429106354713 1366.6674523204565 3236.3694102317095 458.4936538040638 735.84650123119354 157.39585299789906 1670.2302753329277 50.395491972565651 19.51742285490036 4236.676070690155 109.96690085530281 267.07563936710358
leaf_count=74289 14481 33459 35734 7348 13845 102709 2462 11462 7993 2472 1744040 1892 26389 49 958 1395 7463 4293 127484 7299 18777 2289 3201 615 10548 70 29 21113 636 1456
internal_value=0.0520963 0.0598793 0.0613708 0.109476 0.0588212 -0.0326596 0.121108 0.0595648 -0.0238104 -0.0287751 0.0598197 0.0165843 -0.0154067 0.038639 -0.00679635 0.0514384 0.05737 -0.0285526 -0.0164269 -0.0315247 -0.0139036 -0.0287927 -0.00451299 -0.0562732 -0.0348204 -0.0103441 -0.0503342 -0.000459053 -0.059603 0.000588936
internal_weight=720539 659938 647117 32571.8 614546 60601.2 30089.5 608150 45618.6 40625.5 605932 4993.03 12820.3 3739.32 10719.1 1165.91 2924.16 815.165 28035.8 2482.29 9553.14 3694.86 5858.28 12589.7 1827.63 1417.06 376.88 4859.4 14982.7 592.87
internal_count=2286250 1924694 1855748 52942 1802806 361556 38225 1769347 258211 236521 1757885 21690 68946 13697 54465 3809 9355 4342 151069 14717 50656 21066 29590 85452 11163 7369 2491 23585 103345 2851
is_linear=0
shrinkage=0.05


Tree=6
num_leaves=31
num_cat=0
split_feature=30 70 31 7 15 23 23 4 57 6 18 54 54 54 27 72 27 18 53 25 26 72 28 19 24 15 13 17 52 58
split_gain=166418 25645 28621.2 18535.7 11168.6 5653.18 4966.03 4049.32 3884.67 3726.39 3015.36 2509.18 2207.58 1849.7 1498.37 1248.54 1137.81 826.668 572.422 563.977 520.75 450.197 326.1 302.951 296.368 224.744 211.373 186.601 163.377 156.588
threshold=1.0000000180025095e-35 0.48785029749738845 28.000000000000004 3.1155555555555563 5722.6428571428587 23.500000000000004 2.5000000000000004 75.000000000000014 187337.00000000003 440.50000000000006 1.0000000180025095e-35 1471500.2500000002 1602262.642857143 757734.58333333337 21069.000000000004 2.3651477083656833 2770067.0000000005 10.500000000000002 4.5000000000000009 2389.3333333333335 210.43624782147177 3.1397916067913889 111.50000000000001 625.50000000000011 17450.000000000004 1797832.3921568629 37865.056923745462 341.50000000000006 12146.000000000002 15854340.857142856
decision_type=2 2 2 2 2 2 2 2 2 2 2 2 2 2 2 2 2 2 2 2 2 2 2 2 2 2 2 2 2 2
left_child=5 13 4 8 27 6 7 12 -4 10 -6 -8 -1 14 20 -14 -16 21 24 26 23 -13 -22 -2 -5 -10 -9 28 -3 -19
right_child=1 2 3 18 9 -7 11 19 25 -11 -12 17 15 -15 16 -17 -18 29 -20 -21 22 -23 -24 -25 -26 -27 -28 -29 -30 -31
leaf_value=-0.058810670070822128 0.043681749433879591 -0.044066202133667104 0.11477868913892614 -0.014876858008682853 -0.007497274188027001 -0.059456476834809771 -0.043425984287877618 0.0207660345943219 0.11437177839989264 -0.0096209252588270767 0.055685937277010822 0.1057866372561172 0.010247051512632039 -0.060031052638735531 0.094980662499843507 -0.050866401928836895 -0.0013087526986612496 0.039092483136487374 -0.059159167131069446 -0.019560723322761049 -0.015057334235463037 -0.05091656544071832 -0.051657436064909502 -0.0059175254104732386 0.097424486709491526 -0.059038420084161318 -0.0061149580775062577 -0.023041078907222668 -0.0025403845634436395 -0.028179082893435344
leaf_weight=11362.934746488929 567.12083581089973 252.28698752820492 30301.558942556381 1349.6333005279303 1894.1088357120752 14037.056748911738 572.35176464915276 849.91499994695187 19.757804244756699 2205.0733543336391 618236.07108533382 1181.8925180435181 2152.0256064683199 1919.93368960917 593.60608546435833 1366.3538196980953 634.98388276994228 440.78496266901493 1019.5686709433794 21950.854057013988 7624.6888067871332 47.683048278093338 661.38336506485939 673.45916147530079 61.422909379005432 343.90156731009483 5240.3149036765099 2226.0430953502655 3873.9598661661148 107.62523449957371
leaf_count=81059 2208 1457 35734 7288 9130 100576 3815 3568 25 11462 1748755 2250 9873 13795 1003 8698 3135 1554 7326 122623 41301 303 4124 3380 103 2466 26635 12507 19495 602
internal_value=0.0485642 0.0556254 0.0569747 0.102294 0.0545889 -0.0317339 -0.0231384 -0.0270134 0.112829 0.0552622 0.055493 0.047629 -0.0480946 -0.0148235 -0.00675347 -0.0134862 0.0452145 0.0769405 -0.030614 -0.0158257 -0.0134554 0.0997097 -0.0179787 0.0167564 -0.00998841 -0.049617 -0.00236361 -0.0113737 -0.00507936 0.0258905
internal_weight=733768 674459 661783 33095.8 628688 59309.8 45272.7 42922.4 30665.2 622335 620130 2350.34 14881.3 12675.2 10755.2 3518.38 1228.59 1777.99 2430.62 28041.1 9526.65 1229.58 8286.07 1240.58 1411.06 363.659 6090.23 6352.29 4126.25 548.41
internal_count=2286250 1924694 1855748 52942 1802806 361556 260980 252456 38225 1769347 1757885 8524 99630 68946 55151 18571 4138 4709 14717 152826 51013 2553 45425 5588 7391 2491 30203 33459 20952 2156
is_linear=0
shrinkage=0.05


Tree=7
num_leaves=31
num_cat=0
split_feature=30 70 31 7 15 23 23 4 57 6 18 54 54 4 27 72 4 18 61 25 23 23 72 62 24 22 61 17 13 72
split_gain=146340 22308.7 26261.3 16283.3 9703.48 5516.11 4515.23 3898.45 3404.5 3234.81 2659.84 2221.95 2163.63 1765.97 1435.07 1166.96 1011.15 751.25 553.648 521.064 491.17 522.855 479.672 438.026 291.305 272.844 209.438 172.562 159.349 158.053
threshold=1.0000000180025095e-35 0.48785029749738845 28.000000000000004 3.1155555555555563 5722.6428571428587 23.500000000000004 2.5000000000000004 75.000000000000014 187337.00000000003 440.50000000000006 1.5000000000000002 1236175.8095238099 1602262.642857143 1503.0000000000002 21069.000000000004 2.3651477083656833 7231.5000000000009 10.500000000000002 9966678.5000000019 2358.5000000000005 87.500000000000014 371.50000000000006 2.8940940815740714 0.35251138415639466 23655.000000000004 3624132.5000000005 6153198.0000000009 341.50000000000006 37865.056923745462 2.5799530355293339
decision_type=2 2 2 2 2 2 2 2 2 2 2 2 2 2 2 2 2 2 2 2 2 2 2 2 2 2 2 2 2 2
left_child=5 13 4 8 27 6 7 12 -4 10 -6 -8 -1 -2 20 -14 -16 22 -5 28 23 -22 -13 -15 -20 -18 -10 -3 -9 -19
right_child=1 2 3 18 9 -7 11 19 26 -11 -12 17 15 14 16 -17 25 29 24 -21 21 -23 -24 -25 -26 -27 -28 -29 -30 -31
leaf_value=-0.058179500032600362 -0.058056202177884632 -0.0048413406431369686 0.10775015022387223 -0.058442195621511685 0.0052449184316230744 -0.058850369959273174 -0.047931785549624545 0.02547602740732002 -0.058512450147277975 -0.0091919590236045363 0.05186716317170486 0.098536222968732504 0.0096820449716064055 -0.0090480164422742961 0.10551705830194379 -0.049920217393207456 0.046748888781001051 0.033491946952157042 -0.013995552902147372 -0.018168621366890882 -0.034590663654459231 0.022514998620578763 -0.033442901687118665 0.03197802925460641 0.10596699384658528 -0.014780017873751803 0.10737907996318226 -0.022200618167993694 -0.0030748679990923334 -0.039404260892306926
leaf_weight=10923.042226374149 1944.5591900497675 4114.1948798000813 30653.973075389862 984.41042119264603 3074.1455885469913 13486.486851781607 508.48891696333885 559.16795951128006 330.35850530862808 2192.8987884968519 629654.6447956264 1220.1934195011854 2163.4270953088999 5056.2260319143534 441.61029608547688 1323.7261596620083 302.52720482647419 485.50857131183147 1343.1641104221344 23338.763648554683 3135.0158288925886 459.59425497055054 72.961818441748619 746.68981124460697 52.586639657616615 445.5020857155323 20.188720941543579 2195.5900162607431 3878.4033824205399 87.807016775012016
leaf_count=81059 14481 20952 35734 7348 13845 100576 3569 2154 2462 11462 1744040 2234 9873 26389 615 8698 890 1756 7299 131276 18777 2289 448 3201 70 2304 29 12507 19396 517
internal_value=0.0454005 0.0518404 0.0530683 0.0963032 0.0508174 -0.0308333 -0.0223539 -0.0261303 0.105978 0.0514305 0.0516406 0.0447254 -0.0472326 -0.0142601 -0.00621601 -0.012943 0.0455228 0.0699683 -0.0297278 -0.0151825 -0.0127657 -0.0272893 0.0910898 -0.00376899 -0.00947582 0.0101043 -0.0489584 -0.0108818 0.000522763 0.0223274
internal_weight=745196 687148 674616 33384.7 641231 58048 44561.5 42186.5 31004.5 634922 632729 2374.96 14410.2 12531.7 10587.2 3487.15 1189.64 1866.47 2380.16 27776.3 9397.53 3594.61 1293.16 5802.92 1395.75 748.029 350.547 6309.78 4437.57 573.316
internal_count=2286250 1924694 1855748 52942 1802806 361556 260980 252456 38225 1769347 1757885 8524 99630 68946 54465 18571 3809 4955 14717 152826 50656 21066 2682 29590 7369 3194 2491 33459 21550 2273
is_linear=0
shrinkage=0.05


Tree=8
num_leaves=31
num_cat=0
split_feature=30 70 31 7 15 23 23 4 57 6 18 54 54 54 27 18 27 23 61 25 26 72 28 24 19 15 13 17 52 52
split_gain=129187 19498 24430.3 14453.6 8470.44 5383.3 4111.38 3752.98 3013.98 2821.77 2518.28 2121.38 1974.1 1688.67 1218.51 1156.34 885.369 663.394 535.056 488.379 467.642 446.337 312.98 262.495 262.142 193.704 176.497 159.504 152.66 139.817
threshold=1.0000000180025095e-35 0.48785029749738845 28.000000000000004 3.1155555555555563 5722.6428571428587 23.500000000000004 2.5000000000000004 75.000000000000014 187337.00000000003 440.50000000000006 120.50000000000001 1602262.642857143 1236175.8095238099 757734.58333333337 21069.000000000004 1.0000000180025095e-35 2770067.0000000005 11.500000000000002 9966678.5000000019 2389.3333333333335 210.43624782147177 2.8940940815740714 111.50000000000001 17450.000000000004 507.50000000000006 1797832.3921568629 37865.056923745462 341.50000000000006 12146.000000000002 258.00000000000006
decision_type=2 2 2 2 2 2 2 2 2 2 2 2 2 2 2 2 2 2 2 2 2 2 2 2 2 2 2 2 2 2
left_child=5 13 4 8 27 6 7 11 -4 10 -6 29 -8 14 20 -13 -16 21 -5 26 24 -14 -22 -20 -2 -10 -9 28 -3 -1
right_child=1 2 3 18 9 -7 12 19 25 -11 -12 15 17 -15 16 -17 -18 -19 23 -21 22 -23 -24 -25 -26 -27 -28 -29 -30 -31
leaf_value=-0.057682413119344446 0.049367444492761904 -0.042874793896828953 0.10184695093531496 -0.057861471616170258 0.076422114459512205 -0.058281818691365721 -0.047060543507602935 0.018914367549761765 0.10207516102009043 -0.0087801516956121633 0.047838964488233784 -0.04885693945698287 0.08926538462883582 -0.058913779776413704 0.083233461601891962 0.010533646165584536 -0.0011387550202051489 0.014437777565895189 -0.013729277381051223 -0.018101604575114009 -0.013868788519929582 -0.033021042883625486 -0.050444473670747995 0.092680114348004064 0.00032761642665517807 -0.05786216276866131 -0.0055055180175807659 -0.021383314238046132 -0.0021812102431582082 0.28124832015492734
leaf_weight=10491.979443535209 402.57409039139748 245.11293759942055 30804.424712896347 945.55982801318169 7800.4182653427124 12950.713882818818 492.41763788461685 862.65493211150169 20.131090074777603 2181.267001837492 636094.16380997002 1335.9127912968397 1340.5767556130886 1771.4126145094633 611.2308774292469 2120.495794788003 632.87380543351173 479.5286241620779 1324.7195565402508 21458.307857036591 7493.2490793913603 79.016614064574242 634.40623879432678 60.607957243919373 843.44969713687897 317.63114303350449 5201.1279663443565 2166.2946028858423 3857.7235704660416 3.0437098145484915
leaf_count=81050 1432 1457 35734 7348 21678 100576 3569 3568 25 11462 1736207 9082 2476 13795 1003 9489 3135 1983 7277 122623 41301 496 4124 92 4156 2466 26635 12507 19495 9
internal_value=0.0425465 0.0484463 0.0495693 0.0912295 0.0474317 -0.0299566 -0.0215939 -0.0252698 0.100218 0.0479929 0.0481852 -0.0463951 0.0421518 -0.0137201 -0.0061802 -0.012421 0.0403135 0.0652834 -0.0288653 -0.014561 -0.012351 0.0824587 -0.0167237 -0.00907388 0.0161717 -0.0483297 -0.00203146 -0.0104075 -0.00461234 -0.0575841
internal_weight=755023 698207 685818 33473.1 652345 56815.8 43865.1 41473.5 31142.2 646076 643895 13951.4 2391.54 12389.2 10617.8 3456.41 1244.1 1899.12 2330.89 27522.1 9373.68 1419.59 8127.66 1385.33 1246.02 337.762 6063.78 6269.13 4102.84 10495
internal_count=2286250 1924694 1855748 52942 1802806 361556 260980 252456 38225 1769347 1757885 99630 8524 68946 55151 18571 4138 4955 14717 152826 51013 2972 45425 7369 5588 2491 30203 33459 20952 81059
is_linear=0
shrinkage=0.05


Tree=9
num_leaves=31
num_cat=0
split_feature=30 70 31 7 15 23 23 4 57 18 18 56 54 54 15 27 18 26 58 53 25 18 23 23 67 24 61 13 17 52
split_gain=114416 17107.7 22977.4 12941.1 7423.31 5254.2 3747.81 3612.84 2690.05 2479.44 9909.21 2084.38 1761.72 1612.92 1460.12 1099.82 1017.4 798.94 596.308 517.356 450.36 445.827 438.831 495.81 403.245 213.715 181.774 158.368 147.3 142.171
threshold=1.0000000180025095e-35 0.48785029749738845 28.000000000000004 3.1155555555555563 5722.6428571428587 23.500000000000004 2.5000000000000004 75.000000000000014 187337.00000000003 1.5000000000000002 120.50000000000001 5079456.5000000009 1236175.8095238099 757734.58333333337 353183.58823529416 21069.000000000004 1.0000000180025095e-35 995053.90701935801 17235879.883333337 4.5000000000000009 2389.3333333333335 10.500000000000002 87.500000000000014 371.50000000000006 2.8712418300653595 17450.000000000004 6153198.0000000009 37865.056923745462 341.50000000000006 12146.000000000002
decision_type=2 2 2 2 2 2 2 2 2 2 2 2 2 2 2 2 2 2 2 2 2 2 2 2 2 2 2 2 2 2
left_child=5 13 4 8 28 6 7 11 -4 14 -11 -1 -8 15 -6 22 -13 -17 21 25 27 -14 24 -24 -2 -5 -10 -9 29 -3
right_child=1 2 3 19 9 -7 12 20 26 10 -12 16 18 -15 -16 17 -18 -19 -20 -21 -22 -23 23 -25 -26 -27 -28 -29 -30 -31
leaf_value=-0.056404495371228373 0.030577150323188546 -0.041828884822908335 0.096822379133226388 -0.013093970322402559 0.040466373191743538 -0.057747582784604692 -0.046206004964198633 0.017797531374900727 -0.057415512924328227 0.11644367613909348 0.04456839206828437 -0.046852206929750201 0.085837449388759965 -0.058403806014698349 -0.027854527329353947 0.077631088297729703 0.011978350644250291 -0.0023559932157159267 -0.026467650711982045 -0.057440074196027681 -0.017392592043840954 0.029790248089255518 -0.033143139865113427 0.022482561980888188 -0.0085099252797385758 0.080681515125398659 0.096863521239635306 -0.0052471896371464139 -0.020588741055587355 -0.0020748003647683812
leaf_weight=10360.150691688061 759.21269281208515 238.84059746563435 30782.732121884823 1315.8923277258873 1354.290532708168 12430.175382100046 476.84562212228775 870.73413901031017 304.78334900736809 4831.0997976511717 647964.59437459707 1170.8790658265352 1254.1424327492714 1699.3596021085978 1850.7160409986973 632.31897726655006 1973.6596886813641 616.62557682394981 176.42355917394161 903.31674672663212 21222.540438875556 494.79669433832169 3039.200044631958 461.41227152943611 5041.6009609848261 63.698036029934883 20.368244647979736 5184.758075684309 2138.1336059123278 3852.9252630472183
leaf_count=82955 3208 1457 35734 7288 5114 100576 3569 3568 2462 7834 1747663 8180 2223 13795 8736 1098 8495 3040 991 7326 122623 1741 18777 2290 26738 103 29 26635 12507 19495
internal_value=0.0399527 0.0453781 0.0464096 0.0868788 0.044369 -0.0291022 -0.020857 -0.0244319 0.0953112 0.0448849 0.0451003 -0.0455824 0.0398341 -0.0131969 0.00101479 -0.00591535 -0.0099274 0.0381401 0.0611433 -0.0280246 -0.0139608 0.069981 -0.0118309 -0.0258112 -0.00339419 -0.0087642 -0.0477511 -0.00193353 -0.00995296 -0.00439529
internal_weight=763486 707871 695621 33390.8 662231 55615.1 43184.9 40782.7 31107.9 656001 652796 13504.7 2402.21 12249.7 3205.01 10550.4 3144.54 1248.94 1925.36 2282.91 27278 1748.94 9301.43 3500.61 5800.81 1379.59 325.152 6055.49 6229.9 4091.77
internal_count=2286250 1924694 1855748 52942 1802806 361556 260980 252456 38225 1769347 1755497 99630 8524 68946 13850 55151 16675 4138 4955 14717 152826 3964 51013 21067 29946 7391 2491 30203 33459 20952
is_linear=0
shrinkage=0.05


Tree=10
num_leaves=31
num_cat=0
split_feature=30 52 52 26 23 2 23 4 6 18 18 4 54 54 15 57 26 18 0 23 25 72 17 52 57 52 13 68 27 15
split_gain=101627 16199.9 20861.5 17118.3 5128.44 3504.8 3419.18 3476.86 2518.33 2231.09 8252.55 2070.76 2050.58 1578.22 1206.24 1111.81 868.126 536.131 802.651 526.709 421.975 358.535 147.825 138.266 126.046 117.469 116.038 98.3435 92.5106 67.6372
threshold=1.0000000180025095e-35 258.00000000000006 385.00000000000006 182.89634291614843 23.500000000000004 30.000000000000004 2.5000000000000004 75.000000000000014 440.50000000000006 1.5000000000000002 120.50000000000001 1503.0000000000002 1602262.642857143 1236175.8095238099 353183.58823529416 22.500000000000004 7184.3443389613703 6549.5000000000009 2189599.5000000005 11.500000000000002 2354.1250000000005 2.8940940815740714 341.50000000000006 12146.000000000002 25.500000000000004 258.00000000000006 37865.056923745462 4.9172765729710326 3793.5000000000005 559.14285714285722
decision_type=2 2 2 2 2 2 2 2 2 2 2 2 2 2 2 2 2 2 2 2 2 2 2 2 2 2 2 2 2 2
left_child=4 3 -3 8 6 11 7 12 9 14 -11 -5 25 -8 -2 -14 -13 22 27 21 26 -15 23 -4 -21 -1 -9 -19 -22 -24
right_child=1 2 17 5 -6 -7 13 20 -10 10 -12 16 15 19 -16 -17 -18 18 -20 24 28 -23 29 -25 -26 -27 -28 -29 -30 -31
leaf_value=-0.056606870932409695 0.034588961625130137 0.092550593348257909 -0.042142809560155148 -0.057257325614179989 -0.057244751234842496 0.094406895437377819 -0.045365994514785422 0.02312737000255774 -0.010827140894035945 0.10583376321177798 0.041924980483771836 -0.01355493507784266 0.05563173257022367 0.078354570107146596 -0.022836230822894557 -0.023562980760914402 0.032283397652102828 0.13462840393914147 -0.059407792323597414 0.062269210791720646 -0.01656462189896088 -0.032181014341616097 -0.031980286175692131 -0.0019734596417116386 -0.00055604246783958519 0.23162488084994504 -0.0019599546717624663 0.037814005527462231 0.003933463408755682 -0.013444651145554333
leaf_weight=9679.9899401813745 1684.0196150541306 30046.116487562656 226.85065272450447 2750.2560334056616 11925.175170101225 724.27772164344788 461.77596465498209 527.1388423293829 2246.4617949426174 5090.6523381769657 654188.739134565 9918.2985427975655 524.34821906685829 1381.3401716053486 2001.1580117940903 2862.8795680403709 1152.9922427982092 160.83426828682423 94.073996439576149 100.63367299735546 22282.732285499573 77.476055681705475 801.63468153774738 3848.3609700202942 386.31058524549007 3.5362258851528159 3669.6305243521929 31.342023968696594 564.37497851252556 1274.8788255900145
leaf_count=81050 6400 35053 1419 23147 100576 846 3569 1962 11592 8261 1736032 55537 1672 2476 9620 16899 3897 215 784 250 129107 496 4886 19495 1733 9 18473 85 3284 7425
internal_value=0.0375852 0.0425913 0.0750492 0.0408492 -0.028268 -0.0128088 -0.0201416 -0.023615 0.0420225 0.0422016 0.0424185 -0.0184271 -0.0447887 0.0377331 0.00340542 -0.0113035 -0.00878122 -0.00662976 0.0602595 0.0574545 -0.0133814 0.0724842 -0.00974223 -0.00420953 0.0124277 -0.0565016 0.00119116 0.118839 -0.0160583 -0.0206003
internal_weight=770688 716241 36484.1 679757 54447.3 14545.8 42522.2 40114.6 665211 662965 659279 13821.5 13070.8 2407.54 3685.18 3387.23 11071.3 6437.98 286.25 1945.76 27043.9 1458.82 6151.73 4075.21 486.944 9683.53 4196.77 192.176 22847.1 2076.51
internal_count=2286250 1924694 69362 1855332 361556 83427 260980 252456 1771905 1760313 1744293 82581 99630 8524 16020 18571 59434 34309 1084 4955 152826 2972 33225 20914 1983 81059 20435 300 132391 12311
is_linear=0
shrinkage=0.05


Tree=11
num_leaves=31
num_cat=0
split_feature=30 52 52 26 18 2 32 58 23 6 0 18 18 4 26 4 15 18 0 33 17 52 15 1 33 56 18 23 14 14
split_gain=90496.4 15492.3 19074.7 15083.9 5009.48 3194.81 2929.09 3213.37 2603.32 2222.4 2109.84 1993.54 4779.95 1992.1 782.426 692.832 514.686 480.675 702.611 186.345 136.434 128.794 82.7892 67.021 65.1293 51.8304 78.2358 50.7907 50.5661 31.7282
threshold=1.0000000180025095e-35 258.00000000000006 385.00000000000006 182.89634291614843 4271.5000000000009 30.000000000000004 1.1938490127449446 15854340.857142856 1.0000000180025095e-35 440.50000000000006 97901012.000000015 1.0000000180025095e-35 120.50000000000001 1503.0000000000002 7184.3443389613703 75.000000000000014 353183.58823529416 6549.5000000000009 2189599.5000000005 376.26519650140909 341.50000000000006 12146.000000000002 16142.309523809527 374.50000000000006 714.92406215890981 10656867.000000002 2.5000000000000004 132607.00000000003 0.80982815157905286 314.95244177624551
decision_type=2 2 2 2 2 2 2 2 2 2 2 2 2 2 2 2 2 2 2 2 2 2 2 2 2 2 2 2 2 2
left_child=4 3 -3 9 6 13 7 8 15 11 -10 16 -13 -5 -15 -1 -2 20 22 29 21 -4 -19 -8 -22 -9 -27 -11 -29 -6
right_child=1 2 17 5 19 -7 23 25 10 27 -12 12 -14 14 -16 -17 -18 18 -20 -21 24 -23 -24 -25 -26 26 -28 28 -30 -31
leaf_value=-0.047281722187978721 0.017405811531520914 0.088789724324435187 -0.041132939734791103 -0.056780352307721452 -0.057085785592831853 0.090416920876668319 -0.057196594055471089 -0.055137742564040804 -0.048623329838021423 -0.062710823434348237 0.043232964255738394 0.08233007902000461 0.039358981416561516 -0.012985476020384322 0.030355443767300538 -0.012754983655416023 -0.029250597707833392 0.044214488547351632 -0.058930742210236788 0.0099052381588265459 -0.041738943769689951 -0.0018769611936544778 0.12544375140276406 0.083598888654063813 -0.016205810877154836 -0.050674655561682547 0.019415741850629081 -0.009711109580453136 0.12028613790697047 -0.030743734588299865
leaf_weight=1537.0713403299451 1167.7964405715466 29759.766023695469 220.95043098926544 2637.5437339544296 11561.685979768634 718.56273806095123 4586.3632631227374 4349.6272544637322 758.54001595079899 45.374666124582291 3554.3747411295772 6535.4870251864195 661791.94875891507 9837.6929750293493 1164.6006554216146 26555.268949821591 1196.9585664272308 39.076028227806091 90.191976375877857 105.56404285132885 291.08283630013466 3844.0194863080978 159.02415227890015 8.4678727462887746 1758.9224663823843 122.27649058401585 59.03530140966177 2179.7489563524723 7.5062667131423941 115.45193430781364
leaf_count=12004 4730 35053 1419 23147 101864 846 40076 36400 5948 282 11525 13399 1736032 55537 3897 151069 6152 99 784 636 1820 19495 201 49 10491 858 282 11285 25 845
internal_value=0.0354147 0.0400476 0.0719454 0.0383693 -0.0274528 -0.0123402 -0.0192892 -0.0146058 -0.00909124 0.0394513 0.0270776 0.039617 0.0397792 -0.0177536 -0.00839781 -0.0146441 -0.00621008 -0.00633996 0.0567523 -0.0562275 -0.00931446 -0.00401071 0.109421 -0.0569371 -0.0198313 -0.0540459 -0.0278532 -0.0103512 -0.00926498 -0.0568253
internal_weight=776760 723446 36163 687283 53313.7 14358.4 41531 36936.2 32405.3 672925 4312.91 670692 668327 13639.8 11002.3 28092.3 2364.76 6403.27 288.292 11782.7 6114.98 4064.97 198.1 4594.83 2050.01 4530.94 181.312 2232.63 2187.26 11677.1
internal_count=2286250 1924694 69362 1855332 361556 83427 258211 218086 180546 1771905 17473 1760313 1749431 82581 59434 163073 10882 34309 1084 103345 33225 20914 300 40125 12311 37540 1140 11592 11310 102709
is_linear=0
shrinkage=0.05


Tree=12
num_leaves=31
num_cat=0
split_feature=30 52 52 26 23 32 2 23 6 18 18 58 4 58 23 15 26 19 60 72 18 0 23 23 57 17 18 32 15 23
split_gain=80761.4 14884.7 17549 13332.1 4898.78 3026.74 2954.98 2793.61 1965.56 1948.98 6442.16 1890.46 1860.9 1272.8 1119.8 1075.22 730.547 644.457 1056.51 1542.37 432.915 621.41 361.981 248.108 149.301 125.825 124.813 72.1493 66.0373 48.2806
threshold=1.0000000180025095e-35 258.00000000000006 385.00000000000006 191.7034509456291 23.500000000000004 0.65170644485260143 30.000000000000004 2.5000000000000004 440.50000000000006 1.5000000000000002 72.500000000000014 14420334.566666668 1503.0000000000002 15854340.857142856 1.0000000180025095e-35 353183.58823529416 7184.3443389613703 109939090.50000001 10083354.500000002 1.9455503489693897 6549.5000000000009 2189599.5000000005 11.500000000000002 3.5000000000000004 226078.00000000003 341.50000000000006 1.5000000000000002 70.288890452291511 559.14285714285722 132607.00000000003
decision_type=2 2 2 2 2 2 2 2 2 2 2 2 2 2 2 2 2 2 2 2 2 2 2 2 2 2 2 2 2 2
left_child=4 3 -3 8 5 7 12 11 9 15 -11 14 -5 22 -1 -2 -14 -7 19 -19 25 27 -9 -20 -15 26 -4 -22 -27 -10
right_child=1 2 20 6 -6 17 -8 13 29 10 -12 -13 16 24 -16 -17 -18 18 23 -21 21 -23 -24 -25 -26 28 -28 -29 -30 -31
leaf_value=-0.014689276324609033 0.029582079310171691 0.085494522185317751 -0.015922906880661166 -0.056329787524188803 -0.05633758850639288 -0.056622015352315175 0.086931080495121979 0.077268767711922703 -0.061939793673779567 0.097184001297791756 0.037041228656986828 -0.055055304907796344 -0.013226448757537874 -0.043771640615369325 0.034007238773220698 -0.022571581556277753 0.028570030008278031 -0.047023616473688003 -0.056775929591218625 0.17806626575004988 0.11379392610806682 -0.058482441735608397 0.022431684225614229 0.027470758055734443 0.034584424983995526 -0.030517335254957929 0.0025373334405626403 0.028175140897166509 -0.011951742157311131 -0.0088506827901466707
leaf_weight=28459.804399311543 1887.0747918635607 29371.074263930321 1396.7055007815361 2528.4689010158181 10973.175016216934 5538.7078715488315 710.21270573139191 1232.3810562193394 43.685315355658531 4482.3246260881424 669377.89479653537 2886.3790411427617 9468.4274101853371 377.14344069361687 1231.6443345621228 2074.8281002342701 1175.2270643264055 153.52573221921921 661.03055500239134 150.91976234316826 173.7492373585701 86.434246309101582 398.16800873726606 100.70676704496145 72.476440273225307 777.71477566659451 2658.4156545847654 28.665027558803558 1246.9174126833677 2175.6655188947916
leaf_count=168767 7012 35053 7540 23147 100576 49735 846 2213 282 6861 1737700 25092 54172 2788 4608 10105 3897 862 4537 267 222 784 1487 275 349 4886 13374 78 7425 11310
internal_value=0.0334128 0.0377124 0.0691797 0.0360917 -0.0266454 -0.0187492 -0.0124148 -0.0128376 0.0370819 0.0372357 0.0374413 -0.0164247 -0.0177713 0.04334 -0.0126693 0.00226948 -0.00861146 -0.0497696 -0.0141718 0.064558 -0.00606202 0.0537457 0.063878 -0.045638 -0.031141 -0.00890348 -0.00382093 0.101669 -0.0190833 -0.00989568
internal_weight=781900 729663 35739.7 693924 52236.1 41262.9 13882.3 34658 680041 677822 673860 32577.8 13172.1 2080.17 29691.4 3961.9 10643.7 6604.89 1066.18 304.445 6368.6 288.849 1630.55 761.737 449.62 6079.75 4055.12 202.414 2024.63 2219.35
internal_count=2286250 1924694 69362 1855332 361556 260980 82062 205304 1773270 1761678 1744561 198467 81216 6837 173375 17117 58069 55676 5941 1129 34309 1084 3700 4812 3137 33225 20914 300 12311 11592
is_linear=0
shrinkage=0.05


Tree=13
num_leaves=31
num_cat=0
split_feature=30 52 52 25 18 32 58 2 14 45 6 18 18 1 15 27 0 18 0 68 17 52 1 33 15 56 18 23 14 4
split_gain=72209.8 14348.4 16233.5 11824.6 4795.76 2746.51 2946.67 2668.7 2176.64 1861.93 1744.33 1624.85 6006.19 1035.41 1019.04 607.049 426.52 391.36 554.151 183.073 115.985 118.233 64.2908 63.8672 63.6601 53.6564 72.506 45.9254 43.2377 30.3501
threshold=1.0000000180025095e-35 258.00000000000006 385.00000000000006 164.70833333333334 4271.5000000000009 1.1938490127449446 15854340.857142856 30.000000000000004 0.54811542601632712 52.178030303030319 440.50000000000006 1.5000000000000002 72.500000000000014 17.500000000000004 353183.58823529416 21069.000000000004 2367.5000000000005 6549.5000000000009 2189599.5000000005 5.7934477747515265 341.50000000000006 12146.000000000002 374.50000000000006 714.92406215890981 16142.309523809527 10656867.000000002 2.5000000000000004 132607.00000000003 0.80982815157905286 82.000000000000014
decision_type=2 2 2 2 2 2 2 2 2 2 2 2 2 2 2 2 2 2 2 2 2 2 2 2 2 2 2 2 2 2
left_child=4 3 -3 10 5 6 8 9 13 -5 11 14 -13 -1 -2 -11 -10 20 24 -6 21 -4 -7 -22 -19 -8 -27 -12 -29 -21
right_child=1 2 17 7 19 22 25 -9 16 15 27 12 -14 -15 -16 -17 -18 18 -20 29 23 -23 -24 -25 -26 26 -28 28 -30 -31
leaf_value=-0.05372119523514534 0.029870176368121268 0.082586455394120295 -0.039849159567669129 -0.056770926172180297 -0.056242530708847764 -0.056353663420667555 -0.054053582839745255 0.083862289523140413 0.0010079883881073772 -0.011779368066897548 -0.061224108377312507 0.093638799462941985 0.034871572202249561 0.04316194933390663 -0.022458659143019772 0.026106919669538337 -0.015157788987480689 0.038508266883165047 -0.058060612258615363 -0.056922192311345349 -0.04043673757027158 -0.0016218207435210255 0.079937734459665288 -0.014742284131393384 0.10884380461259896 -0.048904823900842005 0.019399052413865411 -0.0088822248085141785 0.10769643992648466 -0.00042355561942236084
leaf_weight=308.41156605631113 1758.0178013294935 28896.895864188671 213.53881980478764 2345.2112707346678 10660.181711196899 4213.6300595253706 4016.4866348206997 699.65477988123894 4912.6525710821152 9868.3911080211401 42.028152912855148 4375.962118819356 675320.54768973589 2606.1857546716928 1976.161189198494 1184.1775513440371 24080.465094529092 39.937998935580254 82.801006704568863 27.530138567090034 281.44901077449322 3832.515325948596 8.670509956777094 1718.743501573801 165.41048523783684 113.89108187705278 58.969972163438797 2156.6123627722263 7.9830535650253287 174.01812024414539
leaf_count=2684 6349 35053 1419 22504 101972 40076 36400 846 24600 56405 282 6241 1737693 9013 9686 4016 144249 99 784 258 1820 19495 49 10491 201 858 282 11285 25 1115
internal_value=0.0315626 0.0355615 0.0666959 0.0339939 -0.0258616 -0.0179176 -0.0134545 -0.0113349 -0.00827809 -0.0163063 0.0349259 0.0350692 0.0352499 0.0329101 0.00217728 -0.00772021 -0.0124186 -0.0057953 0.0511345 -0.05535 -0.00850843 -0.00363935 -0.0560738 -0.0183578 0.0951643 -0.0528797 -0.0256036 -0.00945739 -0.00845228 -0.00814089
internal_weight=786147 734966 35231.3 699735 51181.1 40319.4 36097.1 14097.4 31907.7 13397.8 685637 683431 679697 2914.6 3734.18 11052.6 28993.1 6334.4 288.149 10861.7 6046.25 4046.05 4222.3 2000.19 205.348 4189.35 172.861 2206.62 2164.6 201.548
internal_count=2286250 1924694 69362 1855332 361556 258211 218086 83771 180546 82925 1771561 1759969 1743934 11697 16035 60421 168849 34309 1084 103345 33225 20914 40125 12311 300 37540 1140 11592 11310 1373
is_linear=0
shrinkage=0.05


Tree=14
num_leaves=31
num_cat=0
split_feature=30 52 52 25 23 32 2 23 58 4 6 18 18 23 58 15 19 60 72 26 18 0 23 23 57 17 18 15 32 23
split_gain=64670.9 13865.8 15088.5 10495.3 4683.69 2799.86 2474.31 2423.89 1776.43 1754.64 1549.6 1486.85 5409.66 1076.03 1036.75 906.398 638.894 961.159 1283.29 589.395 354.927 497.532 348.272 236.335 119.14 106.824 111.721 64.3255 57.5742 43.7076
threshold=1.0000000180025095e-35 258.00000000000006 385.00000000000006 171.91666666666669 23.500000000000004 0.65170644485260143 30.000000000000004 2.5000000000000004 13242679.500000002 1503.0000000000002 440.50000000000006 1.5000000000000002 120.50000000000001 1.0000000180025095e-35 16503513.828571429 353183.58823529416 109939090.50000001 10083354.500000002 1.9455503489693897 7184.3443389613703 6549.5000000000009 2189599.5000000005 11.500000000000002 3.5000000000000004 226078.00000000003 341.50000000000006 1.5000000000000002 559.14285714285722 70.288890452291511 132607.00000000003
decision_type=2 2 2 2 2 2 2 2 2 2 2 2 2 2 2 2 2 2 2 2 2 2 2 2 2 2 2 2 2 2
left_child=4 3 -3 10 5 7 9 8 13 -5 11 15 -13 -1 22 -2 -7 18 -18 -11 25 28 -9 -19 -16 26 -4 -27 -22 -12
right_child=1 2 20 6 -6 16 -8 14 -10 19 29 12 -14 -15 24 -17 17 23 -20 -21 21 -23 -24 -25 -26 27 -28 -29 -30 -31
leaf_value=-0.013441602970409715 0.027150496679997711 0.080003792301009694 -0.015019222532121896 -0.055562635203155769 -0.055531109039559649 -0.05578711943308641 0.081142511203532289 0.070658739911539023 -0.052741907470013873 -0.011797457479805443 -0.060558809196849278 0.083526715108640515 0.032830261717267141 0.036231069766015596 -0.045446131716874193 -0.020737236465136602 -0.045304513373832705 -0.055579160892665416 0.15834260589603621 0.025495685506272438 0.10028368717932323 -0.057663222090377476 0.018233264853088026 0.026900617326596196 0.028967982341247041 -0.029121349739967772 0.0025221548343252408 -0.010559505514931908 0.024434500100310425 -0.0080709574974369789
leaf_weight=27889.093781009316 1918.1625050604343 28351.963126301765 1378.2450879365206 2325.1414747014642 10088.326872460544 5096.6779799237847 687.26208457350731 1263.9422272071242 2869.0929221957922 9473.9320660680532 40.406447395682335 5303.0997985899448 679688.16388489306 1134.6181864365935 323.90798212587833 2037.9533417224884 148.22800709307194 626.94877446442842 161.80052715539932 1192.8679738938808 177.98320028185844 79.291802197694778 422.74886772036552 100.81689245253801 64.498946979641914 755.42189705371857 2658.758688762784 1221.408474214375 29.110842525959015 2153.9775261878967
leaf_count=168185 6954 35053 7540 23154 100576 49735 846 2322 26378 54718 282 7990 1736025 3904 2603 10156 862 4537 267 3897 222 784 1587 275 325 4886 13374 7425 78 11310
internal_value=0.0298445 0.0335724 0.0644508 0.0320542 -0.0250783 -0.0174174 -0.011315 -0.011803 -0.0152099 -0.0162059 0.0329126 0.0330462 0.0332227 -0.0114998 0.0405594 0.00248161 -0.0485058 -0.012747 0.0609767 -0.00762697 -0.00553994 0.0488428 0.0575189 -0.0441533 -0.0330889 -0.00812971 -0.00346652 -0.0176527 0.0896217 -0.00903745
internal_weight=789664 739473 34652.2 704821 50190.7 40102.4 13679.2 33967.9 31892.8 12991.9 691142 688947 684991 29023.7 2075.1 3956.12 6134.47 1037.79 310.029 10666.8 6300.22 286.386 1686.69 727.766 388.407 6013.83 4037 1976.83 207.094 2194.38
internal_count=2286250 1924694 69362 1855332 361556 260980 82615 205304 198467 81769 1772717 1761125 1744015 172089 6837 17110 55676 5941 1129 58615 34309 1084 3909 4812 2928 33225 20914 12311 300 11592
is_linear=0
shrinkage=0.05


Tree=15
num_leaves=31
num_cat=0
split_feature=30 52 52 26 18 32 58 2 23 45 33 6 18 18 4 27 19 18 0 68 0 52 1 56 18 15 23 14 33 24
split_gain=58000.4 13422.3 14084.6 9343.95 4588.98 2574.41 2704.71 2291.5 1826.26 1661 1568.83 1379.27 1362.01 3124.86 664.372 523.917 373.723 322.743 449.193 182.831 105.075 90.5832 61.842 55.086 66.5689 52.517 41.6176 37.3164 28.3438 28.4758
threshold=1.0000000180025095e-35 258.00000000000006 385.00000000000006 191.7034509456291 4271.5000000000009 1.1938490127449446 15854340.857142856 30.000000000000004 1.0000000180025095e-35 52.178030303030319 0.010591711977242851 440.50000000000006 1.0000000180025095e-35 120.50000000000001 75.000000000000014 21069.000000000004 6004990.0000000009 6549.5000000000009 2189599.5000000005 5.7934477747515265 1306.5000000000002 12146.000000000002 374.50000000000006 10656867.000000002 2.5000000000000004 16142.309523809527 132607.00000000003 0.80982815157905286 376.26519650140909 4338.5000000000009
decision_type=2 2 2 2 2 2 2 2 2 2 2 2 2 2 2 2 2 2 2 2 2 2 2 2 2 2 2 2 2 2
left_child=4 3 -3 11 5 6 8 9 14 -5 -10 12 16 -14 -1 -11 -2 20 25 -6 21 -4 -7 -8 -25 -19 -13 -28 -21 -30
right_child=1 2 17 7 19 22 23 -9 10 15 -12 26 13 -15 -16 -17 -18 18 -20 28 -22 -23 -24 24 -26 -27 27 -29 29 -31
leaf_value=-0.045548772511997425 0.0096741446776416103 0.077697269111323242 -0.038682567294090558 -0.056007753729289234 -0.05551554875611462 -0.055605821929950811 -0.053058298904829541 0.078717767431370378 0.035099130961878229 -0.011762329798431241 -0.050059153248448257 -0.059939494603619629 0.064859064918962359 0.030972954193475694 -0.010486249174487913 0.02334375236121922 -0.029752064700913627 0.033769671134744925 -0.057288428640598438 -0.02695058303843827 -0.036410491339194988 -0.0050042925056372608 0.07667341514850097 -0.047212600262007576 0.019058911461327318 0.097203072911344252 -0.0081182645523446527 0.097453653445475685 0.069590842579189197 -0.00067423778123822456
leaf_weight=1426.0079428106546 1585.1754996925592 27749.15545541048 207.21957138180733 2148.103079020977 9805.5451280325651 3865.8413577079773 3707.4505027756095 673.36075738072395 3696.2694476917386 9338.8626743406057 633.52855931222439 38.822835266590118 6871.7275616079569 684294.2013899833 25695.629052966833 1199.2408129870892 968.16947302222252 40.535050928592682 75.905646987259388 93.401947140693665 303.8895727917552 5471.9045573323965 8.8559196218848211 106.05099549144506 58.959628105163574 167.29234349727631 2135.4812562018633 8.4032825678586942 17.284337878227234 86.980826579034328
leaf_count=12004 6442 35053 1424 22497 101972 40076 36400 846 11788 54703 5685 282 13846 1736032 151069 4016 5358 99 784 737 2010 29791 49 858 282 201 11285 25 91 545
internal_value=0.0282464 0.0317266 0.0624076 0.0302552 -0.0243282 -0.0166144 -0.0123705 -0.0111648 -0.00751577 -0.0159356 0.0226389 0.0310503 0.0311752 0.0313099 -0.0123298 -0.00776724 -0.00527536 -0.00529492 0.0468104 -0.0545558 -0.00776591 -0.00623314 -0.0553035 -0.0518002 -0.0235333 0.0848309 -0.00863354 -0.00770446 -0.00694628 0.0109738
internal_weight=792479 743277 34015.9 709262 49201.8 39198.6 35323.9 13359.6 31451.4 12686.2 4329.8 695902 693719 691166 27121.6 10538.1 2553.34 6266.75 283.733 10003.2 5983.01 5679.12 3874.7 3872.46 165.011 207.827 2182.71 2143.88 197.667 104.265
internal_count=2286250 1924694 69362 1855332 361556 258211 218086 82062 180546 81216 17473 1773270 1761678 1749878 163073 58719 11800 34309 1084 103345 33225 31215 40125 37540 1140 300 11592 11310 1373 636
is_linear=0
shrinkage=0.05


Tree=16
num_leaves=31
num_cat=0
split_feature=30 52 52 25 18 32 58 2 14 45 18 18 4 15 19 26 0 18 0 38 72 7 68 54 57 0 52 1 68 4
split_gain=52081.8 13008.1 13198.9 8327.4 4472.92 2487.27 2589.74 2100.55 1964.81 1624.42 1255.29 4603.99 3198.86 784.096 773.716 465.827 388.677 294.154 407.465 285.328 238.077 184.821 181.364 115.736 187.971 98.1392 84.6469 57.5199 48.6489 27.6043
threshold=1.0000000180025095e-35 258.00000000000006 385.00000000000006 171.91666666666669 4271.5000000000009 1.1938490127449446 14420334.566666668 30.000000000000004 0.54811542601632712 52.178030303030319 1.5000000000000002 72.500000000000014 307.50000000000006 353183.58823529416 78251896.000000015 7184.3443389613703 2367.5000000000005 6549.5000000000009 2189599.5000000005 901.92982456140339 2.7963801817637712 99.300000000000011 5.7934477747515265 2397268.3750000005 19.500000000000004 1306.5000000000002 12146.000000000002 374.50000000000006 4.9172765729710326 82.000000000000014
decision_type=2 2 2 2 2 2 2 2 2 2 2 2 2 2 2 2 2 2 2 2 2 2 2 2 2 2 2 2 2 2
left_child=4 3 -3 10 5 6 8 9 14 -5 13 21 -13 19 -1 -11 -10 25 28 -2 -15 -12 -6 -8 -25 26 -4 -7 -19 -24
right_child=1 2 17 7 22 27 23 -9 16 15 11 12 -14 20 -16 -17 -18 18 -20 -21 -22 -23 29 24 -26 -27 -28 -29 -30 -31
leaf_value=-0.054035303059176379 0.057561403780866417 0.075627110618212118 -0.037733638425606564 -0.055735595358237092 -0.055165642329907609 -0.055252222910682686 -0.053151363523562367 0.076544662737708477 0.0021935328292261901 -0.011008028840713904 0.048124381537852312 0.029507846880975803 -0.0041489513574329414 -0.036083299476186159 0.04313185173474976 0.021520211963101377 -0.013366515371271216 0.091162203209921272 -0.056934562974323401 0.013085152583715717 -0.0016419398802995995 0.08343163378098907 -0.056030130481692253 0.091752440332651022 -0.037257112674012723 -0.035443471175829071 -0.0047687145224309105 0.06912240910442112 0.024967914622413722 0.000459954481586724
leaf_weight=224.21688464283943 476.05906724184752 27099.727046430111 201.94462192058563 2056.8634870573878 9384.9877988770604 3700.2402235344052 3259.7349625527859 658.23585173487663 4847.6481011807919 9383.8840647190809 408.08931423723698 684248.86894457042 7133.3576614484191 1107.2714623957872 2374.5555462762713 1246.8821119815111 23319.347601503134 174.68964305520058 72.64109230786562 1486.8427310809493 917.55193668603897 4040.0389750674367 24.737856537103653 29.132647395133972 916.30731960386038 296.7551276832819 5455.5410713106394 9.3193718641996366 33.000493705272675 171.90262542665005
leaf_count=2123 1420 35053 1424 22504 101972 40076 33607 846 24600 55061 804 1723157 26049 5588 7351 4204 142878 215 784 5573 4572 5554 258 67 7460 2010 29791 49 85 1115
internal_value=0.0267529 0.0300073 0.0605362 0.0285804 -0.0235863 -0.0160104 -0.0118809 -0.0105442 -0.00685052 -0.0150623 0.0293265 0.0294868 0.0291606 0.00135356 0.0347485 -0.00719279 -0.0106886 -0.00505902 0.0449941 0.0238719 -0.0204761 0.0801924 -0.0541699 -0.0486841 -0.0332818 -0.00741556 -0.0059454 -0.0549398 0.0806444 -0.00664664
internal_weight=794760 746498 33334.3 713164 48262.1 38680.5 34970.9 13345.9 30765.8 12687.6 699818 695830 691382 3987.73 2598.77 10630.8 28167 6234.57 280.331 1962.9 2024.82 4448.13 9581.63 4205.17 945.44 5954.24 5657.49 3709.56 207.69 196.64
internal_count=2286250 1924694 69362 1855332 361556 258211 218086 82615 176952 81769 1772717 1755564 1749206 17153 9474 59265 167478 34309 1084 6993 10160 6358 103345 41134 7527 33225 31215 40125 300 1373
is_linear=0
shrinkage=0.05


Tree=17
num_leaves=31
num_cat=0
split_feature=30 52 52 27 23 32 23 2 58 45 18 18 4 20 58 15 19 60 72 28 18 6 18 0 38 23 72 17 18 57
split_gain=46819.4 12614.2 12411.6 7433.28 4369.08 2507.44 2006.3 1975.53 1599.86 1504.41 1222.51 4106.73 3810.76 824.089 783.817 697.162 611.838 863.499 1080.38 453.526 338.207 280.63 268.642 371.091 266.015 216.484 213.319 95.5144 98.8676 82.6258
threshold=1.0000000180025095e-35 258.00000000000006 385.00000000000006 474.50000000000006 23.500000000000004 0.65170644485260143 2.5000000000000004 30.000000000000004 13242679.500000002 52.178030303030319 1.5000000000000002 120.50000000000001 307.50000000000006 1917937.9564164651 17235879.883333337 353183.58823529416 109939090.50000001 10083354.500000002 1.8632496046294766 111.50000000000001 10.500000000000002 75.000000000000014 6549.5000000000009 2189599.5000000005 901.92982456140339 3.5000000000000004 2.7963801817637712 341.50000000000006 1.5000000000000002 243231.00000000003
decision_type=2 2 2 2 2 2 2 2 2 2 2 2 2 2 2 2 2 2 2 2 2 2 2 2 2 2 2 2 2 2
left_child=4 3 -3 10 5 6 8 9 13 -5 15 21 -13 -1 20 24 -7 18 -18 -11 -8 -12 27 -24 -2 -19 -17 28 -4 -16
right_child=1 2 22 7 -6 16 14 -9 -10 19 11 12 -14 -15 29 26 17 25 -20 -21 -22 -23 23 -25 -26 -27 -28 -29 -30 -31
leaf_value=-0.01169548936555586 0.053438314197658446 0.073760833233285653 -0.013674429176113957 -0.055420176016921424 -0.054473650274177166 -0.054718316779248516 0.06558475036328279 0.07458793551794328 -0.051339291606470119 -0.0047181882757768015 0.040211327900776583 0.027880118394149923 -0.011151538171393242 0.035653246230015839 -0.045446460329877918 -0.034941503730334084 -0.058970063008356159 -0.054549379929191649 0.13113022577596306 -0.046194446747414415 0.017703685440328583 0.074986285735502409 0.076948518137024954 -0.056600114516570058 0.011443888058192197 0.02463338167427857 -0.0029985644325908074 -0.016214464970120909 0.0029501085677429203 0.02354147281307159
leaf_weight=27431.401751600206 486.85767674446106 26413.503235399723 1350.9535293579102 1967.0253933370113 8876.7552285566926 4491.5496476739645 1197.5572353899479 642.1362609565258 2565.5311747044325 9397.5347538143396 658.81957679986954 687736.74236449599 6310.8082976639271 950.81366710364819 268.6167334318161 1086.8091512322426 122.37034221738577 586.40213068574667 192.01559557020664 708.79842884838581 532.92538907378912 4858.4818410873413 206.80799397826195 69.496311508119106 1672.8165292590857 101.21811417490244 1006.8861512094736 1929.8360648080707 2645.8838656097651 51.766122035682201
leaf_count=168554 1420 35053 7540 22504 100576 49735 2215 846 26378 52126 1690 1723039 24498 3535 2442 5588 766 4537 363 5024 1895 7118 300 784 6373 275 5106 12311 13374 285
internal_value=0.0253558 0.028404 0.0588139 0.0270198 -0.0228525 -0.0155603 -0.0103534 -0.0108686 -0.0135272 -0.0154137 0.0277043 0.0278668 0.0275252 -0.0101093 0.0375389 0.000979557 -0.046837 -0.0115086 0.0571363 -0.00762709 0.0508391 0.0708338 -0.00483301 0.0433582 0.0209107 -0.0428936 -0.0195797 -0.00707971 -0.00266908 -0.0342997
internal_weight=796519 749150 32616.5 716534 47368.9 38492.2 32998.6 12715.5 30947.7 12073.4 703818 699565 694048 28382.2 2050.87 4253.37 5493.56 1002.01 314.386 10106.3 1730.48 5517.3 6202.98 276.304 2159.67 687.62 2093.7 5926.67 3996.84 320.383
internal_count=2286250 1924694 69362 1855332 361556 260980 205304 80500 198467 79654 1774832 1756345 1747537 172089 6837 18487 55676 5941 1129 57150 4110 8808 34309 1084 7793 4812 10694 33225 20914 2727
is_linear=0
shrinkage=0.05


Tree=18
num_leaves=31
num_cat=0
split_feature=30 52 52 27 18 32 58 1 11 23 23 18 18 4 4 15 25 6 18 0 38 72 14 17 52 15 56 18 1 33
split_gain=42129 12235.6 11707.5 6636.75 4269.68 2327.21 2374.78 1825.56 1451.09 1439.63 1285.23 1092.74 3758.21 3411.72 641.29 629.469 449.959 262.836 247.57 370.676 232.46 198.657 181.315 82.7389 94.2481 70.0695 57.0155 61.4539 55.8296 27.654
threshold=1.0000000180025095e-35 258.00000000000006 385.00000000000006 474.50000000000006 4271.5000000000009 1.1938490127449446 15854340.857142856 57.500000000000007 21.061818181818172 1.0000000180025095e-35 18.500000000000004 1.5000000000000002 120.50000000000001 307.50000000000006 75.000000000000014 353183.58823529416 2431.5000000000005 75.000000000000014 13482.000000000002 2189599.5000000005 901.92982456140339 2.7963801817637712 314.95244177624551 341.50000000000006 12146.000000000002 559.14285714285722 10656867.000000002 2.5000000000000004 374.50000000000006 376.26519650140909
decision_type=2 2 2 2 2 2 2 2 2 2 2 2 2 2 2 2 2 2 2 2 2 2 2 2 2 2 2 2 2 2
left_child=4 3 -3 11 5 6 9 8 -5 14 -11 15 17 -14 -1 20 -10 -13 23 -20 -2 -17 -6 24 -4 -25 -8 -28 -7 -24
right_child=1 2 18 7 22 28 26 -9 16 10 -12 12 13 -15 -16 21 -18 -19 19 -21 -22 -23 29 25 -26 -27 27 -29 -30 -31
leaf_value=-0.04441002055345409 0.049756471600250832 0.072071617578199271 -0.036462124191025513 -0.055131417726722004 -0.054584530631596101 -0.054619994862925264 -0.051688355493856003 0.072899567290951692 -0.013518683220485548 0.031348023672237872 -0.047220420745979097 0.037991406040820547 0.026363745836623945 -0.010633420862301603 -0.0090582100201401766 -0.033830758560997307 0.01064277728347659 0.071575986912909506 0.081962021326253229 -0.056283716559426059 0.010817312266010929 -0.0028535632511814662 -0.025660556578100305 -0.027384035022532949 -0.00080006864682458795 -0.0077489885770968174 -0.045073841203423393 0.020099577499863658 0.067131473420127957 0.010984488176649751
leaf_weight=1351.7344181165099 496.4794602394104 25699.055960714817 194.77512174844742 1880.4517813175917 8607.6288080736995 3389.0644988492131 3287.6477107405663 624.18837302923203 7462.5820142403245 3702.5095195248723 605.64809967577457 662.35469818115234 690845.54586693645 6287.9866328090429 25168.527155026793 1066.8811892569065 2597.6892447248101 4836.0004306733608 179.23644801974297 66.469155184924603 1681.0091087967157 1005.1919746100903 101.72210029512644 728.50701320171356 3795.5125615596771 1207.4373093172908 96.236090824007988 57.950417309999466 9.4420064687728864 104.2425292134285
leaf_count=12004 1420 35053 1419 22501 101864 40076 36400 843 44971 11846 5627 1690 1723039 24498 151069 5588 12185 7118 231 784 6373 5106 845 4886 19495 7494 858 282 49 636
internal_value=0.0240467 0.0269046 0.0572206 0.0255617 -0.0221468 -0.0148167 -0.0109031 -0.0104582 -0.0148157 -0.0065052 0.0203027 0.0262019 0.0263548 0.02603 -0.0108601 0.000923692 -0.00727989 0.0675302 -0.00461687 0.0445633 0.0196957 -0.0188033 -0.0534752 -0.00665591 -0.00254082 -0.0151378 -0.0502947 -0.0205787 -0.0542817 -0.00711382
internal_weight=797800 751317 31871 719446 46482.4 37668.8 34270.3 12564.9 11940.7 30828.4 4308.16 706881 702632 697134 26520.3 4249.56 10060.3 5498.36 6171.94 245.706 2177.49 2072.07 8813.59 5926.23 3990.29 1935.94 3441.83 154.187 3398.51 205.965
internal_count=2286250 1924694 69362 1855332 361556 258211 218086 80500 79657 180546 17473 1774832 1756345 1747537 163073 18487 57156 8808 34309 1015 7793 10694 103345 33294 20914 12380 37540 1140 40125 1481
is_linear=0
shrinkage=0.05


Tree=19
num_leaves=31
num_cat=0
split_feature=30 52 52 25 18 32 58 11 24 14 18 18 4 18 57 28 0 8 18 0 0 14 4 17 18 15 56 18 1 58
split_gain=37942.2 11868.1 11074.1 5940.75 4155.8 2246.19 2266.2 1724.12 1422.77 1337.17 893.269 2434.69 3057.33 1265.05 828.274 413.343 379.394 324.379 227.212 339.757 198.903 180.245 123.541 75.9322 88.2872 65.486 56.736 57.4413 52.2911 25.6695
threshold=1.0000000180025095e-35 258.00000000000006 385.00000000000006 171.91666666666669 4271.5000000000009 1.1938490127449446 15854340.857142856 11.633333333333335 106067864.50000001 0.54811542601632712 1.0000000180025095e-35 120.50000000000001 307.50000000000006 1.5000000000000002 29.500000000000004 111.50000000000001 2400.5000000000005 31.355762206162549 13482.000000000002 2189599.5000000005 6015824.0000000009 314.95244177624551 5869.5000000000009 341.50000000000006 1.5000000000000002 559.14285714285722 10656867.000000002 2.5000000000000004 374.50000000000006 21581662.300000004
decision_type=2 2 2 2 2 2 2 2 2 2 2 2 2 2 2 2 2 2 2 2 2 2 2 2 2 2 2 2 2 2
left_child=4 3 -3 10 5 6 9 -5 15 14 17 13 -13 -12 -1 -9 -11 20 23 -20 -2 -6 -19 24 -4 -25 29 -28 -7 -8
right_child=1 2 18 7 21 28 26 8 -10 16 11 12 -14 -15 -16 -17 -18 22 19 -21 -22 -23 -24 25 -26 -27 27 -29 -30 -31
leaf_value=0.061003916411153471 -0.0083448196850144565 0.070537170746089395 -0.012900583564946944 -0.054868058914007915 -0.054285673297435881 -0.054316973880862124 -0.044658867460261362 -0.0037777886013569345 0.071877167416719775 0.0012146009646294938 0.012061607519710894 0.024945061035859778 -0.010138099283391213 0.066205388386069555 0.0057252433250985259 -0.043798006575539818 -0.012769830324212542 0.0085562820839325295 0.078761945264163608 -0.05598413120831406 -0.049509529643285671 -0.0068024642568748558 0.058884994223681479 -0.026508200644477137 0.0028670244841126381 -0.007399372954668049 -0.044317665280866059 0.018903802454037905 0.061033724812867243 -0.054323705802481116
leaf_weight=1069.0125356540084 941.87450973689556 24963.837460458279 1335.4886122643948 1797.4405374079943 8231.7668097391725 3241.3077856227756 1011.0209758430719 9789.5563357621431 614.28809460997581 6265.9706373363733 1357.1406754627824 693556.18261308968 6266.0175147354603 5260.5280720740557 1850.9309916421771 690.7198106572032 21462.099896505475 1111.036998078227 177.24227398633957 63.557207137346268 426.24987898766994 204.83148027956486 136.96413479745388 715.28982438892126 2648.2056868225336 1201.4208481311798 93.065128512680531 58.520157478749752 9.8547437787055951 2143.7771340161562
leaf_count=2798 4123 35053 7540 22500 101864 40076 10935 54221 873 33425 5015 1723039 24498 8027 8899 5021 135424 5023 231 784 2593 1481 399 4886 13374 7494 858 282 49 25465
internal_value=0.0228167 0.0254997 0.0557399 0.0241968 -0.0214492 -0.0142648 -0.0104632 -0.00944025 -0.00208045 -0.00622049 0.0248084 0.0249164 0.0246309 0.0551017 0.0259632 -0.00641539 -0.00960964 -0.00435443 -0.0044104 0.0431967 -0.02117 -0.0531328 0.0140797 -0.00635328 -0.00241889 -0.0145305 -0.0497907 -0.0199107 -0.0539673 -0.0512264
internal_weight=798695 753053 31105 721948 45642.2 37205.6 33954.4 12892 11094.6 30648 709056 706440 699822 6617.67 2919.94 10480.3 27728.1 2616.13 6141.2 240.799 1368.12 8436.6 1248 5900.4 3983.69 1916.71 3306.38 151.585 3251.16 3154.8
internal_count=2286250 1924694 69362 1855332 361556 258211 218086 82615 60115 180546 1772717 1760579 1747537 13042 11697 59242 168849 12138 34309 1015 6716 103345 5422 33294 20914 12380 37540 1140 40125 36400
is_linear=0
shrinkage=0.05


Tree=20
num_leaves=31
num_cat=0
split_feature=30 52 52 27 23 32 23 11 58 27 26 18 18 4 18 20 58 19 60 72 28 18 19 18 0 72 23 44 0 18
split_gain=34195 11508.5 10502.2 5317.87 4058.51 2241.75 1680.08 1609.67 1441.44 1341.12 904.044 882.792 2099.52 2742.04 1187.33 636.335 603.055 586.219 779.729 925.848 329.53 302.276 264.268 208.854 312.297 203.136 199.629 128.889 70.8516 86.102
threshold=1.0000000180025095e-35 258.00000000000006 385.00000000000006 474.50000000000006 23.500000000000004 0.65170644485260143 2.5000000000000004 11.633333333333335 13242679.500000002 21069.000000000004 588080.79824374197 1.0000000180025095e-35 120.50000000000001 307.50000000000006 1.5000000000000002 1917937.9564164651 17801394.250000004 109939090.50000001 10083354.500000002 1.8858371274993757 111.50000000000001 10.500000000000002 6004990.0000000009 13482.000000000002 2189599.5000000005 2.7963801817637712 3.5000000000000004 1.5000000000000002 1306.5000000000002 925.50000000000011
decision_type=2 2 2 2 2 2 2 2 2 2 2 2 2 2 2 2 2 2 2 2 2 2 2 2 2 2 2 2 2 2
left_child=4 3 -3 11 5 6 8 -5 15 20 -11 22 14 -14 -13 -1 21 -7 19 -19 -9 -8 27 28 -25 -24 -20 -2 29 -4
right_child=1 2 23 7 -6 17 16 9 -10 10 -12 12 13 -15 -16 -17 -18 18 26 -21 -22 -23 25 24 -26 -27 -28 -29 -30 -31
leaf_value=-0.010299839431027309 0.0032804396256739411 0.069138749849018716 -0.0062301000855048009 -0.054602013742827117 -0.053550216567440127 -0.053809401013379332 0.059849762450150459 -0.007818555702935423 -0.050061930220822372 0.069646374156656254 -0.0013831378828196566 0.011297282800725717 0.023615423893503594 -0.0096646413441512161 0.061857354482232375 0.030850258196880476 -0.034685460730688698 -0.052816729276939159 -0.053603230762430822 0.12234462936433786 -0.045666434297732948 0.015016528303496403 -0.054345033412415346 0.07589123668865444 -0.055700215990126395 -0.0077753532739221164 0.022746780209253969 0.057344591506974379 -0.029316621849969707 0.021660741138958418
leaf_weight=26841.42712122947 1647.4346973150969 24214.328575134277 5273.6289131045341 1717.5049876943231 7795.2826442644 3955.7705123052001 1202.3313302770257 8138.3014758005738 2298.1036906391382 970.67278338968754 831.90246213972569 1477.4919800907373 695912.5303850174 6244.8861194103956 5423.7297254055738 973.54692424088717 268.21426039934158 123.80107791721821 549.58223350346088 193.12305337190628 618.84355809539557 547.00761380046606 375.35889357328415 174.8103903979063 60.757857270538807 622.51057700812817 101.41197884827852 118.14489547908306 310.2754232659936 292.03687916696072
leaf_count=168554 6779 35053 29516 22500 100576 49735 2300 48454 26378 1430 3436 5533 1723039 24498 8808 3535 2568 799 4537 330 4680 1969 2404 231 784 3448 275 323 2079 1699
internal_value=0.0216587 0.0241803 0.0543565 0.0229165 -0.0207575 -0.0138588 -0.0090445 -0.00971035 -0.0120039 -0.00240886 0.0368657 0.0234792 0.0235892 0.0233194 0.0510329 -0.00885955 0.0351268 -0.0452753 -0.0103974 0.0539208 -0.0104932 0.0458307 -0.00472592 -0.00421228 0.0419511 -0.025293 -0.0417094 0.00689818 -0.00606298 -0.00476664
internal_weight=799275 754425 30325.8 724099 44849.6 37054.3 32130.6 12277.2 30113.1 10559.7 1802.58 711822 709059 702157 6901.22 27815 2017.55 4923.69 967.918 316.924 8757.15 1749.34 2763.45 6111.51 235.568 997.869 650.994 1765.58 5875.94 5565.67
internal_count=2286250 1924694 69362 1855332 361556 260980 205304 80500 198467 58000 4866 1774832 1761878 1747537 14341 172089 6837 55676 5941 1129 53134 4269 12954 34309 1015 5852 4812 7102 33294 31215
is_linear=0
shrinkage=0.05


Tree=21
num_leaves=31
num_cat=0
split_feature=30 52 52 25 18 32 58 11 24 23 0 14 18 4 18 15 4 28 13 18 0 14 0 18 18 56 72 1 15 58
split_gain=30839.1 11152.5 9985.17 4771.07 3955.37 2097.1 2073.22 1568.43 1235.87 1131.07 1116.45 824.779 2661.8 2327.8 1216.29 689.55 619.215 369.626 273.321 193.778 265.017 180.593 84.8033 77.1242 67.8989 57.6253 57.3282 51.0938 38.0807 27.3078
threshold=1.0000000180025095e-35 258.00000000000006 385.00000000000006 171.91666666666669 4271.5000000000009 1.1938490127449446 15854340.857142856 11.633333333333335 89589663.000000015 1.0000000180025095e-35 81093229.500000015 19.081693500732396 107363.50000000001 307.50000000000006 1.5000000000000002 95636.500000000015 75.000000000000014 111.50000000000001 470.34425994277797 6549.5000000000009 2189599.5000000005 314.95244177624551 1306.5000000000002 925.50000000000011 96732.500000000015 10656867.000000002 1.9740202314398314 374.50000000000006 16142.309523809527 21581662.300000004
decision_type=2 2 2 2 2 2 2 2 2 2 2 2 2 2 2 2 2 2 2 2 2 2 2 2 2 2 2 2 2 2
left_child=4 3 -3 11 5 6 9 -5 17 16 -11 12 14 -14 -2 18 -1 -9 -13 22 28 -6 23 -4 -17 29 -27 -7 -21 -8
right_child=1 2 19 7 21 27 25 8 -10 10 -12 15 13 -15 -16 24 -18 -19 -20 20 -22 -23 -24 -25 -26 26 -28 -29 -30 -31
leaf_value=-0.043364861010496782 -0.00065315763645797293 0.067860518587816013 -0.005941609189317739 -0.054370104041546824 -0.053758900821884115 -0.053776544956415089 -0.043379537783033051 -0.0035020036558044997 0.068874724821111802 -0.053912122093569659 0.027240386153321552 0.026902316811942769 0.020165878249610636 -0.018722535419642996 0.029191672788357922 0.022493000882160316 -0.0077815221491636085 -0.0425214391261272 0.044094358586061443 0.023128915436717318 -0.055430945572027025 -0.005810877505615447 -0.032831461124561721 0.020282191693654968 0.020093749794431588 0.085877499904357876 -0.027587721588516908 0.059840096458434092 0.077206216005368117 -0.053732706957006451
leaf_weight=1286.2566667273641 3488.5064891278744 23456.134844839573 5253.723882496357 1640.9480786398053 7552.2134370356798 2964.6178031042218 941.93878819793463 9732.2656623199582 583.08081865310669 476.96986278891563 3803.0573983564973 24769.559221237898 127759.87537831068 3967.5951648205519 159449.55797632039 32125.761934816837 24707.897625997663 647.29946733266115 2549.8240534290671 41.048460319638252 58.068316742777824 201.62395065277815 278.19445917010307 296.18129673600197 359200.98303854465 12.151326939463614 132.73866029828787 9.9283324778079969 157.33095353841782 1966.8315671011806
leaf_count=12004 15275 35053 29516 22500 101864 40076 10935 54221 901 5205 12268 59583 319386 17875 376782 79249 151069 4993 6235 99 784 1481 2010 1699 898332 49 1091 49 201 25465
internal_value=0.0205686 0.02294 0.053055 0.0217145 -0.0200954 -0.0131715 -0.00958129 -0.00878047 -0.00195637 -0.00562067 0.0181967 0.0222533 0.0242798 0.0189946 0.0285527 0.0208269 -0.00954228 -0.00593537 0.0285069 -0.00402073 0.0385168 -0.0525121 -0.00589247 -0.00454213 0.0202907 -0.0488471 -0.0180719 -0.0533973 0.0660166 -0.0503801
internal_weight=799512 755456 29540.7 725915 44056.2 36302.4 33327.8 12603.6 10962.6 30274.2 4280.03 713312 294666 131727 162938 418646 25994.2 10379.6 27319.4 6084.55 256.448 7753.84 5828.1 5549.91 391327 3053.66 144.89 2974.55 198.379 2908.77
internal_count=2286250 1924694 69362 1855332 361556 258211 218086 82615 60115 180546 17473 1772717 729318 337261 392057 1043399 163073 59214 65818 34309 1084 103345 33225 31215 977581 37540 1140 40125 300 36400
is_linear=0
shrinkage=0.05


Tree=22
num_leaves=31
num_cat=0
split_feature=30 52 52 24 23 32 11 23 58 24 18 18 4 18 18 19 17 72 72 23 23 19 57 23 18 0 72 8 0 52
split_gain=27826.9 10803 9513.04 4293.76 3844.92 2080.33 1498.83 1454.31 1336.18 1148.26 764.398 2038.92 2268.68 1034.42 602.88 556.354 705.24 828.718 534.296 366.298 284.034 265.664 248.044 187.606 178.191 244.396 131.41 83.8541 78.9547 73.546
threshold=1.0000000180025095e-35 258.00000000000006 385.00000000000006 801.50000000000011 23.500000000000004 0.65170644485260143 11.633333333333335 2.5000000000000004 13242679.500000002 106067864.50000001 1.0000000180025095e-35 120.50000000000001 307.50000000000006 1.5000000000000002 6549.5000000000009 109939090.50000001 10188517.500000002 1.8632496046294766 2.3995484431533924 87.500000000000014 11.500000000000002 6004990.0000000009 243231.00000000003 3.5000000000000004 6549.5000000000009 2189599.5000000005 2.7963801817637712 31.355762206162549 1306.5000000000002 12146.000000000002
decision_type=2 2 2 2 2 2 2 2 2 2 2 2 2 2 2 2 2 2 2 2 2 2 2 2 2 2 2 2 2 2
left_child=4 3 -3 10 5 7 -5 8 14 19 21 13 -13 -12 -1 -7 17 -17 20 -8 -9 27 -20 -18 28 -26 -23 -2 29 -4
right_child=1 2 24 6 -6 15 9 18 -10 -11 11 12 -14 -15 -16 16 23 -19 22 -21 -22 26 -24 -25 25 -27 -28 -29 -30 -31
leaf_value=-0.0069148683152796446 -0.0054809759091526645 0.066688976834435143 -0.035084977011481104 -0.054131560047485733 -0.052989661759675816 -0.053249198007402646 0.0011050929696398721 0.058092044053729412 -0.049191357233211719 0.06778025901582084 0.011225371702869979 0.02118651493265488 -0.0091747819939006492 0.058638684338612135 -0.054701507512020686 -0.057563259281120993 -0.053513013486436223 0.10927541120278267 -0.040663770494303156 -0.018662774943628887 0.010807829176527757 -0.053460029667216982 0.062459723656397785 0.020870586132119971 0.063737483752143692 -0.05517537489716115 -0.012900932623509581 0.019296099929821786 -0.03192103897558999 -0.0032475849254843848
leaf_weight=26797.988424040377 816.63796167075634 22694.10557115078 187.76422566175461 1567.2231417223811 7133.5630759522319 3627.4965848475695 6894.5046896710992 1189.030670568347 2130.9414172768593 561.56299741566181 1466.3809999525547 699723.8224785924 6207.3846691101789 5338.0924181193113 676.68794270604849 115.85699628293514 519.63259094208479 208.1623598113656 302.44938603043556 3550.1376610919833 433.3474535048008 362.59360654652119 72.23895600438118 101.2918324843049 195.29235579073429 55.485678367316723 444.55778093636036 586.88713192939758 271.98244939744473 5347.0656377673149
leaf_count=163815 3451 35053 1424 22500 100576 49735 37025 2298 26378 873 5464 1723039 24498 8884 8274 787 4514 367 2525 22516 1721 2404 293 273 300 784 2467 2211 2010 29791
internal_value=0.0195375 0.0217696 0.0518299 0.0205816 -0.0194408 -0.0128251 -0.00838353 -0.00826431 -0.0110501 -0.00186926 0.021091 0.0211821 0.0209195 0.048421 -0.00809183 -0.0443475 -0.0101754 0.0496202 0.0330335 -0.00561401 0.0454621 -0.00826481 -0.0207818 -0.0413788 -0.00383795 0.0374275 -0.0311211 0.00487961 -0.00562007 -0.00432764
internal_weight=799580 756271 28751.7 727520 43308.7 36175.1 12573.4 31602.7 29605.6 11006.2 714946 712736 705931 6804.47 27474.7 4572.44 944.944 324.019 1997.07 10444.6 1622.38 2210.68 374.688 620.924 6057.59 250.778 807.151 1403.53 5806.81 5534.83
internal_count=2286250 1924694 69362 1855332 361556 260980 82914 205304 198467 60414 1772418 1761885 1747537 14348 172089 55676 5941 1154 6837 59541 4019 10533 2818 4787 34309 1084 4871 5662 33225 31215
is_linear=0
shrinkage=0.05


Tree=23
num_leaves=31
num_cat=0
split_feature=30 52 52 25 23 32 11 23 58 27 27 14 18 4 18 15 18 19 17 57 54 28 23 13 23 18 0 72 17 52
split_gain=25123.1 10455.6 9080.82 3849.93 3735.59 1993.57 1440.94 1321.41 1277.86 1070.97 806.359 750.85 2362.96 1923.87 976.598 629.042 577.855 543.009 646.054 738.21 485.044 304.887 296.73 293.43 177.685 165.668 247.079 123.429 70.3508 81.4312
threshold=1.0000000180025095e-35 258.00000000000006 385.00000000000006 164.70833333333334 23.500000000000004 0.65170644485260143 11.633333333333335 2.5000000000000004 13242679.500000002 21069.000000000004 2770067.0000000005 19.081693500732396 107363.50000000001 307.50000000000006 1.5000000000000002 95636.500000000015 6549.5000000000009 109939090.50000001 10188517.500000002 550.50000000000011 1236175.8095238099 111.50000000000001 11.500000000000002 470.34425994277797 3.5000000000000004 13482.000000000002 2189599.5000000005 1.9076474286264136 341.50000000000006 12146.000000000002
decision_type=2 2 2 2 2 2 2 2 2 2 2 2 2 2 2 2 2 2 2 2 2 2 2 2 2 2 2 2 2 2
left_child=4 3 -3 11 5 7 -5 8 16 21 -11 12 14 -14 -2 23 -1 -7 19 -19 27 -8 -22 -13 -20 28 -27 -9 29 -4
right_child=1 2 25 6 -6 17 9 20 -10 10 -12 15 13 -15 -16 -17 -18 18 24 -21 22 -23 -24 -25 -26 26 -28 -29 -30 -31
leaf_value=-0.0065987981562381573 -0.00058339929547146876 0.065612572110169923 -0.034090949322604563 -0.053927347232044454 -0.052717868467226016 -0.052952072522156092 -0.0060456537199214807 0.034671537870218282 -0.04868280034958293 0.062153785904748286 -0.0072009252829063307 0.024366218756273747 0.018012866546052744 -0.017538515770492508 0.026509131524979954 0.018130684348791424 -0.054426120720186835 0.10265870193659402 -0.052760995116033271 -0.054840766599967818 0.053632964803648014 -0.043436728678752735 0.0073176090696301325 0.042638982372005974 0.019786913250652634 0.069072313320549139 -0.054932645030752486 -0.0517387422205869 -0.013243554945404646 0.00010932555078026618
leaf_weight=26680.562172472477 3396.8004615753889 21932.402761220932 182.50821459293365 1496.7113110497594 6819.7575716599822 3469.4552541673183 8787.6849341392517 52.28084234893322 2047.6563481912017 1043.8034359589219 700.26241367310286 24896.901131644845 128331.68985909224 3921.7179364115 160177.75123220682 393082.94971802831 646.86006294935942 210.12285348773003 501.15697737783194 115.17961958795786 1259.939732298255 581.24445248395205 476.64961763471365 2409.6737942695618 101.49197114259005 165.86493898928165 53.006932906806469 197.22992350906134 1874.7670685350895 3755.1009083986282
leaf_count=163815 14805 35053 1419 22500 100576 49735 51719 397 26378 1708 3158 59583 319386 17875 376755 977581 8274 374 4514 780 2482 4686 1855 5576 273 231 784 2103 12380 19495
internal_value=0.018565 0.0206675 0.050671 0.0195163 -0.0188053 -0.0123376 -0.00787128 -0.00791682 -0.0105856 -0.00166839 0.0343071 0.0199985 0.0219284 0.0169587 0.0259465 0.0186405 -0.00773091 -0.0438653 -0.0098916 0.046893 0.0315545 -0.00836538 0.0409206 0.0259787 -0.0405432 -0.00366343 0.0390405 -0.0336329 -0.0052715 -0.00147586
internal_weight=799369 756791 27963.7 728827 42578.3 35758.6 12609.7 31361.2 29375.1 11113 1744.07 716217 295828 132253 163575 420390 27327.4 4397.41 927.951 325.302 1986.1 9368.93 1736.59 27306.6 602.649 6031.25 218.872 249.511 5812.38 3937.61
internal_count=2286250 1924694 69362 1855332 361556 260980 83771 205304 198467 61271 4866 1771561 728821 337261 391560 1042740 172089 55676 5941 1154 6837 56405 4337 65159 4787 34309 1015 2500 33294 20914
is_linear=0
shrinkage=0.05


Tree=24
num_leaves=31
num_cat=0
split_feature=30 52 52 23 24 32 11 58 23 24 4 57 14 18 4 18 15 19 17 72 27 13 23 18 0 17 18 32 18 1
split_gain=22691.2 10112.2 8682.75 3627.26 3469.67 1909.76 1362.66 1255.02 1580.84 1008.76 921.611 711.138 667.816 2158.67 1817.17 1009.94 577.559 529.566 592.893 678.508 342.929 278.688 168.375 153.016 228.913 64.3606 78.1011 64.5917 60.6556 38.5669
threshold=1.0000000180025095e-35 258.00000000000006 385.00000000000006 23.500000000000004 801.50000000000011 0.65170644485260143 11.633333333333335 17801394.250000004 1.0000000180025095e-35 89589663.000000015 75.000000000000014 29.500000000000004 19.081693500732396 106574.50000000001 307.50000000000006 1.5000000000000002 95636.500000000015 109939090.50000001 10188517.500000002 1.9455503489693897 4438.5000000000009 470.34425994277797 3.5000000000000004 13482.000000000002 2189599.5000000005 341.50000000000006 1.5000000000000002 1243.2658579513372 96732.500000000015 374.50000000000006
decision_type=2 2 2 2 2 2 2 2 2 2 2 2 2 2 2 2 2 2 2 2 2 2 2 2 2 2 2 2 2 2
left_child=3 4 -3 5 12 7 -6 8 10 20 -1 -10 13 15 -15 -2 21 29 19 -19 -8 -14 -20 25 -25 26 -4 -27 -18 -7
right_child=1 2 23 -5 6 17 9 -9 11 -11 -12 -13 16 14 -16 -17 28 18 22 -21 -22 -23 -24 24 -26 27 -28 -29 -30 -31
leaf_value=-0.046026381029484482 -0.001279072039205565 0.06462131902181717 -0.011397881916859979 -0.05245544508169591 -0.053712664339692878 -0.052909051067793103 -0.011510245545286958 -0.049467436882989435 0.059546900961403353 0.065432812627893008 -0.0068590146087372716 0.010501600520756776 0.023095169711497436 0.017835214810240172 -0.016724252399073523 0.026361313536070265 0.019269166431352007 -0.041957142497941552 -0.052026898986627462 0.1047302796434543 0.0079496190491911475 0.040563646766968983 0.018764873518676419 0.067068472426292658 -0.05470196845848585 -0.0014115043957395573 0.003562670356969238 -0.020396290312051431 0.017008679163680165 0.066122340903583363
leaf_weight=1599.5609052404761 3393.9904084950686 21174.599296987057 1305.9814318269491 6518.7897496446967 1428.8574544712901 3311.0014624893665 7010.224489890039 1691.2653346583247 1140.8795130252838 531.02929574251175 24597.452442929149 2098.6628806963563 24951.015055909753 163317.43716184795 3894.3561809360981 125806.35335990787 32330.800798118114 133.82697925716639 483.27172861248255 191.83991748839617 3343.8196915388107 2513.199914470315 101.66418983787298 162.36837697029114 50.62900660187006 753.77687971293926 2627.4910366609693 1104.546012416482 361417.02878969908 6.8190710544586173
leaf_count=18046 14838 35053 7540 100576 22500 49699 42304 23649 2341 901 152826 8442 59584 403456 17879 293019 79249 884 4514 270 17209 6061 273 231 784 4811 13374 7569 898332 36
internal_value=0.0176446 0.0196263 0.0495719 -0.0181841 0.0185112 -0.0118653 -0.00780484 -0.0075824 -0.00517592 -0.00177863 -0.00925053 0.027774 0.0189628 0.020781 0.0170303 0.0256352 0.0176833 -0.0433944 -0.00961886 0.0444517 -0.00522572 0.0246937 -0.039723 -0.00349668 0.0381239 -0.00502731 -0.00140449 -0.0126956 0.0171943 -0.0526644
internal_weight=798993 757118 27179.4 41875 729938 35356.2 12313.9 31127.8 29436.6 10885.1 26197 3239.54 717624 296412 167212 129200 421212 4228.42 910.603 325.667 10354 27464.2 584.936 6004.79 212.997 5791.8 3933.47 1858.32 393748 3317.82
internal_count=2286250 1924694 69362 361556 1855332 260980 82914 205304 181655 60414 170872 10783 1772418 729192 421335 307857 1043226 55676 5941 1154 59513 65645 4787 34309 1015 33294 20914 12380 977581 49735
is_linear=0
shrinkage=0.05


Tree=25
num_leaves=31
num_cat=0
split_feature=30 52 52 18 26 32 58 11 24 14 18 18 4 0 18 57 15 0 27 6 68 18 0 52 17 56 72 1 58 56
split_gain=20503 9771.04 8315.88 3520.04 3123.76 1814.6 1732.01 1283.64 948.22 920.805 629.413 2590.14 1744.32 1287.4 718.44 530.732 476.367 351.427 337.416 222.092 181.199 141.468 212.397 61.1289 73.9098 59.0925 50.9003 50.0556 30.6801 23.1305
threshold=1.0000000180025095e-35 258.00000000000006 385.00000000000006 4271.5000000000009 191.7034509456291 1.1938490127449446 15854340.857142856 11.633333333333335 106067864.50000001 0.51312078718502974 120.50000000000001 1.5000000000000002 307.50000000000006 9078410.5000000019 104765.50000000001 25.500000000000004 353183.58823529416 2367.5000000000005 4115.0000000000009 75.000000000000014 5.7934477747515265 13482.000000000002 2189599.5000000005 6149.0000000000009 341.50000000000006 10656867.000000002 1.9740202314398314 374.50000000000006 21581662.300000004 9894719.0000000019
decision_type=2 2 2 2 2 2 2 2 2 2 2 2 2 2 2 2 2 2 2 2 2 2 2 2 2 2 2 2 2 2
left_child=3 4 -3 5 10 6 9 -6 18 15 11 16 14 -14 -12 -1 -2 -11 -9 -13 -5 23 -23 -4 -25 28 -27 29 -8 -7
right_child=1 2 21 20 7 27 25 8 -10 17 12 19 13 -15 -16 -17 -18 -19 -20 -21 -22 22 -24 24 -26 26 -28 -29 -30 -31
leaf_value=0.055778102050475557 0.017381112930473078 0.063706592426739636 -0.033456674112444101 -0.052753005227957277 -0.053478045969797661 -0.053450686374450711 -0.040919309275434156 -0.012764141635119975 0.064637710382740354 0.0051598078979149297 0.016744499776215834 0.025699271158549492 0.0013268927706513336 -0.060908525450594275 0.02000644958054467 0.0073711445681687165 -0.017279937540064221 -0.0098917017950153705 0.0059025727157368145 0.058076855283945072 -0.002377238340855486 0.065216717068396712 -0.054482625317036897 0.00015354125368254691 -0.012082010178486455 0.082990942218394925 -0.024425221846620986 0.059748337836930399 -0.052743604554384343 -0.013278823804982033
leaf_weight=879.08897920697927 2052.0381372272968 20423.731171071529 180.21046948432922 6321.7959152422845 1362.2149543091655 2439.4200467355549 819.23374426364899 6036.3636423423886 509.46932235360146 4688.7674439102411 422512.959912166 598.9885396361351 5163.5201023370028 990.32638508081436 281109.53555624187 1591.0992999300361 1917.6452407985926 22428.999690502882 4041.8177299126983 4574.9180497080088 183.69275300204754 158.72244995832443 48.348793596029282 3752.9400759190321 1839.0266537666321 12.136891134083269 120.7775511443615 9.9079033285379392 1660.553755890578 36.367025010287762
leaf_count=2295 7051 35053 1442 101972 22493 39777 10935 37239 873 24600 1044281 1448 20528 3970 678765 7828 10109 145823 21457 7118 1373 231 784 19497 12355 49 1091 49 25465 299
internal_value=0.0167732 0.0186419 0.0485237 -0.0175803 0.0175624 -0.0112504 -0.00807296 -0.00779168 -0.00191364 -0.00462708 0.0179838 0.0310185 0.0178159 -0.00868853 0.0180477 0.0245982 0.000637309 -0.00728924 -0.00527792 0.0543285 -0.0513306 -0.00333737 0.0372683 -0.00479406 -0.00387036 -0.0470964 -0.0146167 -0.0524117 -0.0488373 -0.0528606
internal_weight=798465 757273 26403 41191.8 730870 34686.4 32200.7 11949.9 10587.7 29588 718920 9143.59 709776 6153.85 703622 2470.19 3969.68 27117.8 10078.2 5173.91 6505.49 5979.25 207.071 5772.18 5591.97 2612.7 132.914 2485.69 2479.79 2475.79
internal_count=2286250 1924694 69362 361556 1855332 258211 218086 82062 59569 180546 1773270 25726 1747544 24498 1723046 10123 17160 170423 58696 8566 103345 34309 1015 33294 31852 37540 1140 40125 36400 40076
is_linear=0
shrinkage=0.05


Tree=26
num_leaves=31
num_cat=0
split_feature=30 52 52 23 25 44 18 11 54 4 24 18 18 4 0 18 57 15 28 18 18 0 0 18 56 57 15 14 55 57
split_gain=18531.6 9431.47 7976.3 3430.8 2812.96 1763.05 1430.89 1236.56 1178.06 939.989 882.182 620.837 2438.13 1570.79 1183.37 647.073 600.346 445.91 324.559 216.764 130.96 180.473 71.6055 73.7316 59.6067 117.71 33.7824 23.618 21.5104 30.433
threshold=1.0000000180025095e-35 258.00000000000006 385.00000000000006 23.500000000000004 171.91666666666669 1.0000000180025095e-35 1.0000000180025095e-35 11.633333333333335 1602262.642857143 75.000000000000014 106067864.50000001 120.50000000000001 1.5000000000000002 307.50000000000006 9078410.5000000019 104832.50000000001 25.500000000000004 353183.58823529416 111.50000000000001 72.500000000000014 6549.5000000000009 2189599.5000000005 1306.5000000000002 925.50000000000011 5895207.5000000009 25.500000000000004 16142.309523809527 668.56094129089604 1081356.3366292419 96541.000000000015
decision_type=2 2 2 2 2 2 2 2 2 2 2 2 2 2 2 2 2 2 2 2 2 2 2 2 2 2 2 2 2 2
left_child=3 4 -3 5 11 6 24 -6 9 -8 18 12 17 15 -15 -13 -10 -2 -9 -14 22 26 23 -4 -1 -26 -22 -24 -5 -30
right_child=1 2 20 28 7 -7 8 10 16 -11 -12 13 19 14 -16 -17 -18 -19 -20 -21 21 -23 27 -25 25 -27 -28 -29 29 -31
leaf_value=-0.053105550684118021 0.017125785668924039 0.062860851045653629 -0.0048268754703648395 -0.052909757546769576 -0.053355962908348022 -0.053424397051676724 -0.042310537576985358 -0.0026495017372986608 0.052561667046846665 -0.0062228061477075623 0.063653987316737451 0.015898353389896685 0.05834342368279205 0.0012599370765891604 -0.058799412826984393 0.018998099755865323 0.0084650372023206532 -0.016449603283254743 -0.040255292131930021 0.030616931730069713 0.016287717248402236 -0.054273944270059174 -0.00015866696246119902 0.020901651962031906 0.011502787031516807 -0.044174203327801899 0.068028591386218071 -0.037769056051334175 -0.052603429905356824 -0.028189906694346636
leaf_weight=1440.236941639334 2051.7215506136417 19682.374770283699 5171.4773975163698 5446.1958901397884 1301.9004899412394 2280.4720679447055 1948.734567694366 9589.8977275043726 1069.8582718446851 24370.180475376546 491.92091499269009 426277.33807013929 4099.3726585656404 5165.959274277091 974.94854401051998 278262.1379289031 2770.9149425253272 1908.9586248844862 610.26261220872402 851.30490563809872 40.647454097867012 46.163163099437952 52.171215951442719 294.30794401466846 112.44405369460583 609.45215365290642 140.91291642189026 208.79826777428389 302.36037479713559 220.9187249392271
leaf_count=22868 6993 35053 29516 92683 22500 37539 26326 54221 2127 152826 873 1052160 6358 20528 3970 670879 11929 10160 5021 1669 99 784 370 1699 800 6565 201 1640 4506 3387
internal_value=0.015948 0.0177119 0.047521 -0.0169736 0.0166673 -0.0109345 -0.00793664 -0.00734753 -0.00511986 -0.00889485 -0.00174541 0.0170676 0.030183 0.0169032 -0.00827526 0.0171226 0.0207483 0.000943205 -0.00489941 0.0535757 -0.00318453 0.0340005 -0.00466319 -0.00344151 -0.047228 -0.0355018 0.0564449 -0.0302502 -0.0519794 -0.0422965
internal_weight=797794 757223 25636.9 40571.8 731586 34602.3 32321.8 11994 30159.7 26318.9 10692.1 719592 8911.36 710680 6140.91 704539 3840.77 3960.68 10200.2 4950.68 5954.48 227.724 5726.75 5465.79 2162.13 721.896 181.56 260.969 5969.47 523.279
internal_count=2286250 1924694 69362 361556 1855332 260980 223441 82615 193208 179152 60115 1772717 25180 1747537 24498 1723039 14056 17153 59242 8027 34309 1084 33225 31215 30233 7365 300 2010 100576 7893
is_linear=0
shrinkage=0.05


Tree=27
num_leaves=31
num_cat=0
split_feature=30 52 52 23 27 44 18 11 54 4 27 26 57 18 14 4 19 18 15 23 23 18 0 56 57 52 17 55 57 20
split_gain=16755.5 9093.5 7662.05 3325.98 2529.74 1698 1361.15 1160.67 1068.62 945.896 857.553 716.6 580.392 537.799 1830.15 1245.61 886.707 748.028 482.881 283.159 258.314 121.337 183.69 61.3635 112.175 57.0317 68.1988 22.3731 30.5313 40.0311
threshold=1.0000000180025095e-35 258.00000000000006 385.00000000000006 23.500000000000004 474.50000000000006 1.0000000180025095e-35 1.0000000180025095e-35 11.633333333333335 1471500.2500000002 75.000000000000014 21069.000000000004 995053.90701935801 25.500000000000004 107464.50000000001 19.068230897641264 307.50000000000006 664153.50000000012 1.0000000180025095e-35 95636.500000000015 371.50000000000006 2992738.0000000005 13482.000000000002 2189599.5000000005 5895207.5000000009 25.500000000000004 6149.0000000000009 341.50000000000006 1081356.3366292419 96541.000000000015 1766408.0158730166
decision_type=2 2 2 2 2 2 2 2 2 2 2 2 2 2 2 2 2 2 2 2 2 2 2 2 2 2 2 2 2 2
left_child=3 4 -3 5 13 6 23 -6 9 -8 19 -12 -10 14 17 20 -17 -2 -16 -9 -15 25 -23 -1 -25 -4 -27 -5 -29 -30
right_child=1 2 21 27 7 -7 8 10 12 -11 11 -13 -14 15 18 16 -18 -19 -20 -21 -22 22 -24 24 -26 26 -28 28 29 -31
leaf_value=-0.052877238326444087 -0.0077445825211178545 0.062077500825299683 -0.032441120041690669 -0.052715953147901479 -0.053171374377916983 -0.053238891287111234 -0.043297860736820043 -0.010528340659121695 0.050565944203805981 -0.0059364328457616466 0.057675914440658428 -0.0090470734548827557 0.0075419752272472889 0.013741635728425006 0.021450055893777589 -0.056805989559443965 -0.0010412090257473495 0.021706262513478791 0.014658926689116742 0.031133431832609193 0.027378946752726126 0.061947467637187704 -0.05407531397343001 0.010838513820036149 -0.04348018475859812 0.00038794871956184104 -0.011414894286248886 -0.052309072967485493 0.13903292286791993 -0.030239343362782962
leaf_weight=1375.761882673949 2185.1312140673399 18952.692836821079 175.24721727520227 5199.1468778885901 1242.1828300356865 2176.619621720165 1821.2082699649036 8055.2088403999805 1085.4167746677995 24271.113628394902 997.49488979578018 674.52086986601353 2821.4533783122897 122081.53918707371 28013.597539111972 946.02871404588223 2892.1598643213511 162108.07261308283 398950.53466077149 429.59535031765699 3574.0672761797905 151.0263432264328 44.068983174860477 113.34488315880299 588.74901044368744 3742.6684921383858 1818.5929014459252 289.19179591536522 3.5512162744998923 212.09968299418688
leaf_count=22868 10770 35053 1442 92683 22500 37539 25926 50804 2169 152826 1811 3055 12287 302785 67253 3868 14006 381447 986531 2330 8172 231 784 800 6565 19497 12355 4506 34 3353
internal_value=0.015166 0.0168316 0.0465561 -0.0163898 0.0158213 -0.0105032 -0.00760328 -0.00754915 -0.00489259 -0.00854421 -0.00196954 0.0307587 0.019495 0.0161909 0.0168301 0.0132725 -0.014786 0.0213146 0.0151045 -0.00841896 0.0141295 -0.0030379 0.0357397 -0.046739 -0.0347111 -0.00435671 -0.00347171 -0.0517402 -0.041691 -0.0274519
internal_weight=796992 757034 24884.3 39957.7 732150 34253.7 32077 11399 29999.2 26092.3 10156.8 1672.02 3906.87 720751 591257 129494 3838.19 164293 426964 8484.8 125656 5931.6 195.095 2077.86 702.094 5736.51 5561.26 5703.99 504.843 215.651
internal_count=2286250 1924694 69362 361556 1855332 260980 223441 80500 193208 178752 58000 4866 14456 1774832 1446001 328831 17874 392217 1053784 53134 310957 34309 1015 30233 7365 33294 31852 100576 7893 3387
is_linear=0
shrinkage=0.05


Tree=28
num_leaves=31
num_cat=0
split_feature=30 52 52 23 25 44 18 11 54 4 24 18 18 4 0 13 72 32 23 18 18 0 0 18 56 57 55 57 20 54
split_gain=15152.7 8759.66 7368.53 3223.82 2279.73 1643.74 1302.89 1125.85 1051.72 875.907 779.807 596.427 2205.71 1312.35 991.276 543.755 524.865 412.715 319.556 208.565 112.709 156.202 65.24 68.5322 63.1206 106.841 44.2596 49.7424 50.2478 60.4938
threshold=1.0000000180025095e-35 258.00000000000006 385.00000000000006 18.500000000000004 171.91666666666669 1.0000000180025095e-35 1.0000000180025095e-35 11.633333333333335 1471500.2500000002 75.000000000000014 89589663.000000015 120.50000000000001 1.5000000000000002 307.50000000000006 9078410.5000000019 470.34425994277797 2.6181184202335372 2.825608590383244 87.500000000000014 72.500000000000014 6549.5000000000009 2189599.5000000005 1306.5000000000002 925.50000000000011 5895207.5000000009 25.500000000000004 851123.01048618136 243231.00000000003 2284749.3666666667 6760459.0000000009
decision_type=2 2 2 2 2 2 2 2 2 2 2 2 2 2 2 2 2 2 2 2 2 2 2 2 2 2 2 2 2 2
left_child=3 4 -3 5 11 6 24 -6 9 -8 18 12 17 15 -15 -13 -10 -2 -9 -14 22 -22 23 -4 -1 -26 -5 -28 29 -29
right_child=1 2 20 26 7 -7 8 10 16 -11 -12 13 19 14 -16 -17 -18 -19 -20 -21 21 -23 -24 -25 25 -27 27 28 -30 -31
leaf_value=-0.052657347297254145 -0.022048815726105536 0.061350761686697813 -0.004434253409108661 -0.052467533236060515 -0.0530230351544013 -0.053063233374579959 -0.042647579820130066 0.0018448957895887198 0.026634057829058439 -0.0056622032495882938 0.061820335610163216 0.015341286823737419 0.05569031778076499 0.00074999498928671551 -0.054989350998505215 0.041099705037358596 -0.033458305069916892 0.012116473418388125 -0.016908252783704544 0.028316442775586606 0.053497188816953194 -0.053886172466850402 -0.029048288804750313 0.020302306768287828 0.010217755059846508 -0.042779194357688254 -0.049261048550167573 0.088651769334603572 -0.029235117165605919 -0.066125155184826687
leaf_weight=1313.5198472477496 1331.3902790918946 18236.4804276824 5143.2863803207874 4966.0953959412873 1185.2487129680812 2077.145494453609 1714.3119478672743 6673.44353723526 3365.4617091938853 24176.733992882073 462.97689864039421 703876.81440988183 4003.4956171512604 5174.7265382707119 943.00495122373104 2054.8061945587397 407.35191522538662 2630.1243361830711 3443.9617488458753 842.22620330750942 173.7606066018343 42.063136376440525 253.27176185697317 296.1195016503334 114.19679234921932 568.65925697609782 416.65578632801771 20.244724925607446 217.66881741955876 9.1737341508269292
leaf_count=22861 7426 35053 29516 92663 22500 37539 25316 36713 10072 152826 901 1718864 6358 20528 3970 4175 3716 9727 22501 1669 300 784 2010 1699 800 6564 5601 108 3430 60
internal_value=0.0144233 0.0159966 0.0456285 -0.0158204 0.0150201 -0.00997543 -0.00714855 -0.00681168 -0.00451722 -0.0081111 -0.00163493 0.0153764 0.0283082 0.0152164 -0.00784183 0.0154163 0.0201459 0.000634165 -0.00453867 0.0509325 -0.00289799 0.0325686 -0.00424261 -0.0030876 -0.046247 -0.0339163 -0.0508468 -0.0387203 -0.0209459 0.0403868
internal_weight=796134 756767 24145 39367.2 732622 33737.4 31660.2 11765.6 29663.9 25891 10580.4 720857 8807.24 712049 6117.73 705932 3772.81 3961.51 10117.4 4845.72 5908.5 215.824 5692.68 5439.41 1996.38 682.856 5629.84 663.743 247.087 29.4185
internal_count=2286250 1924694 69362 361556 1855332 259694 222155 82615 191930 178142 60115 1772717 25180 1747537 24498 1723039 13788 17153 59214 8027 34309 1084 33225 31215 30225 7364 101862 9199 3598 168
is_linear=0
shrinkage=0.05


Tree=29
num_leaves=31
num_cat=0
split_feature=30 52 52 23 26 44 18 18 18 45 0 9 4 72 27 23 3 11 18 0 60 56 57 16 21 52 17 55 57 55
split_gain=13707.5 8427.08 7095.82 3121.15 2079.34 1573.34 1388.17 1230.12 1228.92 955.666 886.439 843.533 664.977 500.355 427.563 254.769 249.661 129.368 105.599 159.951 74.4604 64.7253 101.831 63.3177 56.6312 53.12 63.2089 24.0464 30.7252 33.4844
threshold=1.0000000180025095e-35 258.00000000000006 385.00000000000006 23.500000000000004 1602207.6394154204 1.0000000180025095e-35 1.5000000000000002 1.0000000180025095e-35 15.500000000000002 544.03787878787887 107762054.00000001 307.50000000000006 75.000000000000014 2.7795727896415063 21069.000000000004 87.500000000000014 471.50000000000006 11.633333333333335 13482.000000000002 2189599.5000000005 56549274.000000007 5895207.5000000009 25.500000000000004 38745706.437579401 4146754.2648726553 6149.0000000000009 341.50000000000006 1081356.3366292419 96541.000000000015 1317816.0931902863
decision_type=2 2 2 2 2 2 2 2 2 2 2 2 2 2 2 2 2 2 2 2 2 2 2 2 2 2 2 2 2 2
left_child=3 4 -3 5 6 7 14 21 9 -8 12 -10 -9 -12 15 -2 -16 -6 25 -20 24 -1 -23 -22 -19 -4 -27 -5 -29 -30
right_child=1 2 18 27 17 -7 8 10 11 -11 13 -13 -14 -15 16 -17 -18 20 19 -21 23 22 -24 -25 -26 26 -28 28 29 -31
leaf_value=-0.052446611728608275 -0.0015101425802284674 0.060675510579644515 -0.031449654768431617 -0.05235350352680488 -0.052805704135815271 -0.052896793865119876 0.05456718242701275 -0.035563259429885134 0.01466213275512558 0.0097952039544932663 0.024372785258793064 -0.0018400447830020799 -0.0053996991742520459 -0.041973023866715128 0.06625016756908271 -0.020584204120788187 0.0074317856890280358 -0.028618768520718464 0.059183648944460723 -0.053705992190592036 0.1042577800391449 0.0096370629576136586 -0.042100063166209484 -0.034317126477043533 0.14043822921814206 0.00059142917617495503 -0.010815829838568004 -0.05175826614538738 0.03204183483240472 -0.033016477194813841
leaf_weight=1254.8046095594764 8467.5049100890756 17535.219225287437 170.55289181321859 4736.8247328773141 1126.6313002705574 1981.901809412986 3387.6614392921329 1977.1657172776759 706964.35981378704 1838.8454941064119 3317.6459148265421 7829.6628459095955 24086.833588458598 310.80066772922873 330.64705665409565 2206.9360564947128 397.06011424958706 351.00731513649225 143.70306099951267 40.142541311681271 21.242564752697945 115.00261673331261 549.77931560203433 13.470396488904951 5.024610608816146 3733.7762537896633 1799.7338308393955 265.09047473967075 22.165752895176411 183.58027735352516
leaf_count=22868 43582 35053 1442 92683 22465 37539 5498 25469 1723994 10262 10940 30662 152826 3973 514 15021 1364 1806 231 784 48 800 6565 103 13 19497 12355 4506 351 3036
internal_value=0.0137192 0.0152061 0.0447287 -0.015265 0.0142626 -0.00968166 0.0143839 -0.00697231 0.014658 0.038815 -0.00446447 0.0144814 -0.00768785 0.0186898 -0.00292567 -0.0054537 0.034157 -0.0442078 -0.00276366 0.0345343 -0.0194176 -0.0457639 -0.0331499 0.0504837 -0.0262329 -0.0039658 -0.0031187 -0.0512823 -0.0405057 -0.0260075
internal_weight=795165 756363 23423.1 38801.6 732940 33593.9 731423 31612 720021 5226.51 29692.4 714794 26064 3628.45 11402.1 10674.4 727.707 1517.38 5887.91 183.846 390.745 1919.59 664.782 34.713 356.032 5704.06 5533.51 5207.66 470.837 205.746
internal_count=2286250 1924694 69362 361556 1855332 260980 1830897 223441 1770416 15760 193208 1754656 178295 14913 60481 58603 1878 24435 34309 1015 1970 30233 7365 151 1819 33294 31852 100576 7893 3387
is_linear=0
shrinkage=0.05


Tree=30
num_leaves=31
num_cat=0
split_feature=30 52 52 23 26 44 18 18 18 45 54 4 9 57 27 23 3 11 18 0 60 56 57 16 52 14 21 55 57 20
split_gain=12401.5 8099.69 6838.97 3020.74 1917.39 1513.8 1248.83 1168.63 1138.81 906.15 813.299 822.786 760.189 513.237 388.666 234.438 233.064 130.869 97.9857 149.165 67.8898 66.3353 96.9846 56.5636 49.387 57.8924 48.8956 24.9589 30.7868 31.8346
threshold=1.0000000180025095e-35 258.00000000000006 385.00000000000006 23.500000000000004 1602207.6394154204 1.0000000180025095e-35 1.5000000000000002 1.0000000180025095e-35 15.500000000000002 544.03787878787887 1471500.2500000002 69.000000000000014 307.50000000000006 25.500000000000004 21069.000000000004 87.500000000000014 471.50000000000006 11.633333333333335 13482.000000000002 2189599.5000000005 56549274.000000007 5895207.5000000009 25.500000000000004 38745706.437579401 6149.0000000000009 6158.0575117206054 4146754.2648726553 1081356.3366292419 96541.000000000015 1766408.0158730166
decision_type=2 2 2 2 2 2 2 2 2 2 2 2 2 2 2 2 2 2 2 2 2 2 2 2 2 2 2 2 2 2
left_child=3 4 -3 5 6 7 14 21 9 -8 11 -9 -10 -12 15 -2 -16 -6 24 -20 26 -1 -23 -22 -4 -26 -19 -5 -29 -30
right_child=1 2 18 27 17 -7 8 10 12 -11 13 -13 -14 -15 16 -17 -18 20 19 -21 23 22 -24 -25 25 -27 -28 28 29 -31
leaf_value=-0.052242899918154999 -0.0014358542714278419 0.060047208291923018 -0.03059748852390913 -0.052183063739989814 -0.052661545463587658 -0.052739000586323352 0.052927698490454367 -0.042177862536751209 0.013920691961011934 0.0092524782583439692 0.04641706871526665 -0.0051864930273540933 -0.0017489607328497994 0.0058270591186943338 0.06413617110532778 -0.019835851303336843 0.0070454945386418111 -0.027617509633800198 0.057834627962638364 -0.053534301244501384 0.098358028269001183 0.0090933297224106598 -0.041410643704089957 -0.033397316704681317 -0.0087194999624821811 0.0015889759627930645 0.12416725804731077 -0.051485104570458108 0.11308191986012309 -0.028148326128981993
leaf_weight=1198.1440811157227 8460.5014041140676 16850.109916746616 166.63858783990145 4520.1529325991869 1074.5444035939872 1890.7413879707456 3319.706690620631 1603.450654450804 707376.32475111634 1849.1006278321147 1074.4201074391603 24051.096317045391 7825.6594561189413 2830.3766916170716 324.62180168926716 2176.4788216501474 397.86738537251949 345.68407537043095 139.80170093476772 38.304139319807291 21.386850520968437 115.76501012593508 531.45335738733411 13.157377883791922 2441.8571515381336 3079.7914298027754 5.3885351866483679 253.46608362346888 4.0725341439247122 197.12393985316157
leaf_count=22868 43582 35053 1442 92683 22465 37539 5498 25301 1723994 10262 2169 153451 30662 12287 514 15021 1364 1806 231 784 48 800 6565 103 15919 15933 13 4506 34 3353
internal_value=0.0130498 0.0144557 0.0438597 -0.0147186 0.0135446 -0.00928872 0.0136589 -0.00667277 0.0139182 0.0373032 -0.00426284 -0.00749851 0.0137492 0.0169956 -0.00279038 -0.00520076 0.0326969 -0.0436944 -0.00263569 0.0338832 -0.0187069 -0.0452755 -0.0323772 0.0481744 -0.00377913 -0.00296978 -0.0252878 -0.0510599 -0.0398931 -0.0252896
internal_weight=794177 755907 22716.5 38270.3 733190 33295.4 731730 31404.7 720371 5168.81 29559.3 25654.5 715202 3904.8 11359.5 10637 722.489 1460.16 5866.39 178.106 385.617 1845.36 647.218 34.5442 5688.29 5521.65 351.073 4974.82 454.663 201.196
internal_count=2286250 1924694 69362 361556 1855332 260980 1830897 223441 1770416 15760 193208 178752 1754656 14456 60481 58603 1878 24435 34309 1015 1970 30233 7365 151 33294 31852 1819 100576 7893 3387
is_linear=0
shrinkage=0.05


Tree=31
num_leaves=31
num_cat=0
split_feature=30 52 52 23 26 44 18 18 18 45 9 23 32 27 72 3 23 11 18 0 56 57 60 16 55 57 20 23 52 17
split_gain=11221.7 7776.14 6597.84 2921.82 1769.05 1463.65 1123.79 1116.86 1057.51 1434.64 1021.36 890.592 458.36 353.443 295.12 217.927 215.599 132.15 90.9713 139.208 67.9452 92.2907 61.9353 50.6954 47.8825 48.9756 52.3072 62.0901 45.8872 53.5833
threshold=1.0000000180025095e-35 258.00000000000006 385.00000000000006 18.500000000000004 1602207.6394154204 1.0000000180025095e-35 1.5000000000000002 1.0000000180025095e-35 120.50000000000001 544.03787878787887 307.50000000000006 3.5000000000000004 1.3233534839873751 21069.000000000004 2.6393857302274388 471.50000000000006 87.500000000000014 11.633333333333335 13482.000000000002 2189599.5000000005 5895207.5000000009 25.500000000000004 56549274.000000007 38745706.437579401 185182.87489531873 243231.00000000003 2284749.3666666667 387.50000000000006 6149.0000000000009 341.50000000000006
decision_type=2 2 2 2 2 2 2 2 2 2 2 2 2 2 2 2 2 2 2 2 2 2 2 2 2 2 2 2 2 2
left_child=3 4 -3 5 6 7 13 20 9 -8 -10 12 -9 16 -13 -15 -2 -6 28 -20 -1 -22 -19 -24 -5 -26 27 -27 -4 -30
right_child=1 2 18 24 17 -7 8 11 10 -11 -12 14 -14 15 -16 -17 -18 22 19 -21 21 -23 23 -25 25 26 -28 -29 29 -31
leaf_value=-0.052045554368904859 -0.0013651647769453053 0.059461836659504767 -0.029755563420745468 -0.052091771538123714 -0.052525151875779746 -0.052589316319710512 0.048155256651710755 -0.0051674793243356139 0.013201096098822022 0.00077473565852667669 -0.0073469914072716649 0.038507435598596984 -0.051331025278523762 0.062160792256677588 -0.028136798496917571 0.0066801345264879651 -0.019106902562623974 -0.024372691227005638 0.056554876665707313 -0.053370638910518534 0.0085837529324035659 -0.040710119223680126 0.093048571135061153 -0.03249018507853485 -0.048677812979627672 0.014169094277083599 -0.029323427682053746 0.23632025912571319 0.00057254349961553602 -0.0099772159603163553
leaf_weight=1143.509471911937 8453.8419290333986 16182.102490782738 162.88267347216606 4232.7332266122103 1024.7253798916936 1803.5187468379736 4778.1740573719144 26997.376483701169 707351.24352961034 2400.2094588950276 6099.6560766100883 1514.0993566811085 548.63748982921243 318.35089235007763 186.58811113983393 398.62671862542629 2147.2960029914975 346.22684123367071 135.91600626707077 36.544937502592802 116.48646492511034 513.67483577132225 21.474327623844147 12.856250487267969 418.92751381918788 27.662188660353426 243.48774849250913 3.5488444566726676 3734.5063176900148 1775.9959075450897
leaf_count=22861 43582 35053 1442 90961 22465 37539 8248 174889 1723394 14223 24551 4070 11069 514 1902 1364 15021 1819 231 784 800 6564 48 103 6448 152 4268 33 19497 12355
internal_value=0.0124141 0.0137436 0.0430147 -0.0141901 0.0128644 -0.00880117 0.012972 -0.00625534 0.0132175 0.0323128 0.0130254 -0.00391895 -0.00608692 -0.00266098 0.0311957 0.0313145 -0.00495881 -0.0431813 -0.00251319 0.0332614 -0.0447808 -0.0315981 -0.018021 0.0460363 -0.0500963 -0.0379192 -0.0215119 0.0394287 -0.00360067 -0.00282757
internal_weight=793131 755381 22027.9 37750.3 733353 32823.9 731947 31020.4 720629 7178.38 713451 29246.7 27546 11318.1 1700.69 716.978 10601.1 1405.28 5845.85 172.461 1773.67 630.161 380.557 34.3306 4926.36 693.626 274.699 31.211 5673.38 5510.5
internal_count=2286250 1924694 69362 361556 1855332 259694 1830897 222155 1770416 22471 1747945 191930 185958 60481 5972 1878 58603 24435 34309 1015 30225 7364 1970 151 101862 10901 4453 185 33294 31852
is_linear=0
shrinkage=0.05


Tree=32
num_leaves=31
num_cat=0
split_feature=30 52 52 23 11 44 18 18 18 45 0 4 9 72 15 38 16 17 0 56 57 15 18 14 15 55 57 55 61 19
split_gain=10155.7 7456.85 6370.61 2825.25 1639 1399.86 1121.71 1053.21 1005.76 796.992 707.117 721.327 631.651 475.969 201.659 472.427 174.867 84.9156 122.933 69.3844 87.8877 66.4365 57.8673 29.219 29.201 26.7108 30.8792 31.2293 70.9199 31.5683
threshold=1.0000000180025095e-35 258.00000000000006 385.00000000000006 23.500000000000004 11.633333333333335 1.0000000180025095e-35 1.5000000000000002 1.0000000180025095e-35 15.500000000000002 544.03787878787887 105001579.50000001 75.000000000000014 307.50000000000006 2.6393857302274388 353183.58823529416 922.31578947368473 989601.83396470372 4938.0000000000009 1474494.5000000002 5895207.5000000009 25.500000000000004 1497.8750000000002 925.50000000000011 2979.8859547992665 16142.309523809527 1081356.3366292419 96541.000000000015 1317816.0931902863 5918386.5000000009 118593224.50000001
decision_type=2 2 2 2 2 2 2 2 2 2 2 2 2 2 2 2 2 2 2 2 2 2 2 2 2 2 2 2 2 2
left_child=3 4 -3 5 23 7 14 19 9 -8 11 -9 -10 -12 15 -6 -16 21 24 -1 -21 22 -4 -2 -19 -5 -27 28 -28 -29
right_child=1 2 17 25 6 -7 8 10 12 -11 13 -13 -14 -15 16 -17 -18 18 -20 20 -22 -23 -24 -25 -26 26 27 29 -30 -31
leaf_value=-0.051855471828704626 -0.052523587799368533 0.058915784203607137 -0.0038693359907370248 -0.051862699592283346 0.032521126850120652 -0.052447235533498317 0.049993465622075191 -0.038779504542877125 0.012553640034561562 0.0092164179042998531 0.022392511096000767 -0.00466441396775943 -0.0017580944044089412 -0.034607260089282596 -0.042334231334758582 -0.0034194646537073249 -0.0086479338752385709 0.014656905900258393 -0.053985521761529424 0.0081057916950371955 -0.040032440799516178 -0.033104268649065821 0.017589675921848222 0.024756966820858324 0.06059508369970467 -0.050967711178585763 0.16079147344295974 -0.03467050672354674 -0.03022821712369686 0.10011454716507624
leaf_weight=1092.0220620334148 993.13485651835799 15531.934875249863 5102.6075396761298 4115.8488343022764 1062.1697656065226 1720.0902500376105 3187.5446602031589 1657.1734798699617 707945.40560402721 1920.1202667206526 3390.5304018259048 23837.334701314569 7794.4971401169896 410.5985296741128 433.13270907104015 6569.198202572763 3484.8312333226204 48.695340991020203 36.460341949015856 117.16930026561022 497.03384451568127 183.90581199526787 334.77361741662025 12.383599370718001 119.45126295089722 232.19147883355618 7.2071699351072338 165.8994804173708 14.914112955331801 4.460990246385335
leaf_count=22868 22555 35053 29578 92683 3157 37539 5497 24354 1724169 10522 11037 152826 30683 4991 2536 36246 19924 153 797 800 6565 1558 2021 43 202 4506 90 2978 261 58
internal_value=0.0118104 0.0130684 0.0421914 -0.0136711 0.0122203 -0.00854252 0.0123079 -0.00610653 0.0125556 0.0346642 -0.00388245 -0.00688194 0.0123978 0.0162354 -0.0031511 0.00158292 -0.012372 -0.00239614 0.0292441 -0.0442937 -0.0308493 -0.0035478 -0.00254813 -0.0515718 0.0472914 -0.0506308 -0.038692 -0.0238837 0.0320065 -0.0311411
internal_weight=792023 754760 21357.8 37262.5 733402 32722 732397 31001.9 720848 5107.66 29295.6 25494.5 715740 3801.13 11549.3 7631.37 3917.96 5825.89 204.607 1706.23 614.203 5621.29 5437.38 1005.52 168.147 4540.52 424.673 192.482 22.1213 170.36
internal_count=2286250 1924694 69362 361556 1855332 260980 1832734 223441 1770871 16019 193208 177180 1754852 16028 61863 39403 22460 34309 1152 30233 7365 33157 31599 22598 355 100576 7893 3387 351 3036
is_linear=0
shrinkage=0.05


Tree=33
num_leaves=31
num_cat=0
split_feature=30 52 52 23 11 44 18 18 18 45 5 54 16 57 23 70 23 17 0 15 56 57 18 15 14 55 57 54 56 20
split_gain=9192.01 7142.4 6156.68 2729.06 1525.91 1345.32 1010.77 998.961 945.427 1136.35 922.84 649.245 873.351 520.744 196.269 387.141 155.033 78.6872 110.588 71.2573 70.8225 83.6121 51.8169 33.5453 28.2659 27.611 30.8219 29.068 92.7476 28.3512
threshold=1.0000000180025095e-35 258.00000000000006 385.00000000000006 23.500000000000004 11.633333333333335 1.0000000180025095e-35 1.5000000000000002 1.0000000180025095e-35 175.50000000000003 544.03787878787887 304.50000000000006 1053836.0666666671 93.082525593514518 25.500000000000004 87.500000000000014 0.30384615384615393 371.50000000000006 4064.5000000000005 1474494.5000000002 1497.8750000000002 5895207.5000000009 25.500000000000004 925.50000000000011 16142.309523809527 2979.8859547992665 1081356.3366292419 96541.000000000015 4182251.1666666674 5489611.5000000009 1766408.0158730166
decision_type=2 2 2 2 2 2 2 2 2 2 2 2 2 2 2 2 2 2 2 2 2 2 2 2 2 2 2 2 2 2
left_child=3 4 -3 5 24 7 14 20 9 -8 -10 12 -9 -13 15 -6 -16 19 23 22 -1 -22 -4 -19 -2 -5 -27 28 -28 -29
right_child=1 2 17 25 6 -7 8 11 10 -11 -12 13 -14 -15 16 -17 -18 18 -20 -21 21 -23 -24 -25 -26 26 27 29 -30 -31
leaf_value=-0.051670565833158738 -0.052385631672366852 0.058405826560429377 -0.0036849253846400684 -0.051710612658375288 0.02937240747050604 -0.05231229065033173 0.041531300991011398 -0.0044954865667739619 0.011891311257384407 0.00083270907530402197 -0.008800031464353212 0.044485962345419371 -0.046260863959973225 0.0039894043261449325 -0.02076507370612669 -0.0033310573791448155 0.01801409430631255 0.013720143803277974 -0.053821066692813696 -0.035565791917645001 0.0076571407709151345 -0.039341719402199285 0.016512869985497031 0.059550556385661028 0.023290459089917458 -0.050708852642699011 -0.025769799082229084 0.18111474695985907 0.11590344164741469 -0.042253429399236472
leaf_weight=1042.3872128836811 947.12418835610151 14900.15696811676 5090.3875010237098 3926.3413132578135 1017.9602616727352 1640.3146360442042 5559.6139245182276 23829.335524395108 707487.71735437959 2480.2637529820204 5430.1248793751001 1088.221571624279 1321.0811482146382 2934.4097639918327 2054.1360597610474 8151.0344323962927 294.70902533829212 61.001851506531239 34.785453002899885 167.19185126572847 117.81570807099342 480.88480575755239 338.6702963039279 115.56782652437687 12.502022609114645 221.96653327345848 62.032301396131516 1.4390300810337056 14.195969365537165 110.86304377764463
leaf_count=22868 22555 35053 29578 92683 4187 37539 10605 153746 1722992 14552 22722 2280 23699 13483 14313 41858 1505 249 797 1462 800 6565 2021 202 43 4506 1080 7 190 2110
internal_value=0.0112357 0.0124263 0.041385 -0.0131682 0.0116087 -0.00819018 0.0116912 -0.00584145 0.011926 0.028976 0.0117337 -0.00370622 -0.00668931 0.0149447 -0.00300377 0.000299747 -0.0158995 -0.00228402 0.0276638 -0.00341507 -0.0437987 -0.030093 -0.00242497 0.0437169 -0.0513997 -0.0504206 -0.0380821 -0.023216 0.000613969 -0.0393912
internal_weight=790934 754143 20707.8 36791.3 733435 32454.5 732476 30814.1 720958 8039.88 712918 29173 25150.4 4022.63 11517.8 9168.99 2348.85 5807.6 211.355 5596.25 1641.09 598.701 5429.06 176.57 959.626 4336.84 410.497 188.53 76.2283 112.302
internal_count=2286250 1924694 69362 361556 1855332 260980 1832734 223441 1770871 25157 1745714 193208 177445 15763 61863 46045 15818 34309 1248 33061 30233 7365 31599 451 22598 100576 7893 3387 1270 2117
is_linear=0
shrinkage=0.05


Tree=34
num_leaves=31
num_cat=0
split_feature=30 52 52 23 11 44 72 18 18 32 23 6 9 33 38 52 15 57 18 17 55 1 55 57 55 61 19 14 18 52
split_gain=8320.89 6833.28 5954.12 2634.24 1421.73 1292.34 966.625 911.307 893.532 796.098 789.792 722.307 533.614 187.269 325.989 73.0745 163.057 63.666 87.6761 49.7139 44.9538 28.6878 28.4977 30.7223 29.3529 55.4096 27.9597 27.3785 18.3259 11.941
threshold=1.0000000180025095e-35 258.00000000000006 385.00000000000006 23.500000000000004 11.633333333333335 1.0000000180025095e-35 2.6181184202335372 1.5000000000000002 15.500000000000002 1.8579213682384614 2.5000000000000004 75.000000000000014 307.50000000000006 0.013688947363972302 922.31578947368473 12146.000000000002 16142.309523809527 539685.00000000012 2.5000000000000004 341.50000000000006 6388023.5208893158 374.50000000000006 1081356.3366292419 96541.000000000015 1317816.0931902863 5918386.5000000009 118593224.50000001 2979.8859547992665 1.5000000000000002 252.50000000000003
decision_type=2 2 2 2 2 2 2 2 2 2 2 2 2 2 2 2 2 2 2 2 2 2 2 2 2 2 2 2 2 2
left_child=3 4 -3 5 27 6 9 13 11 10 -1 -9 -10 20 -15 28 19 21 -19 -17 -6 -8 -5 -24 25 -25 -26 -2 -4 -29
right_child=1 2 15 22 7 -7 17 8 12 -11 -12 -13 -14 14 -16 16 -18 18 -20 -21 -22 -23 23 24 26 -27 -28 29 -30 -31
leaf_value=-0.0043839983813268842 -0.052253741102433721 0.05792908712224492 -0.021101667224322235 -0.05156368400769637 -0.039578946711236067 -0.05218404317179938 -0.049854435764665833 0.011057599437653042 0.011325335669575514 -0.052072358983713589 0.029930260127081033 0.049351617095074352 -0.0018556887012447045 0.018610726445183461 -0.0053008462006610925 0.00092843340888365457 0.058664043322625349 -0.03662822151470551 0.053979342783051859 -0.0092587538481445405 0.11412998852695477 0.063387636544720419 -0.050453421343134214 0.13506514008398898 -0.033555118543461993 -0.028694943518291521 0.089110157543097118 0.074214942235750744 -0.053392119987363956 -0.023342476650716107
leaf_weight=26588.034346088767 903.14907915145159 14287.151525139809 125.2003915309906 3745.225689638406 370.38229416310787 1564.0534011647105 1274.6264118365943 2208.4178645685315 708224.86378058046 824.07001780346036 1789.7648675590754 2783.4270042330027 7762.5276734381914 1678.9179449602962 9438.1671969369054 3718.9314933270216 111.72389693558216 108.03522612154484 35.462774265557528 1766.4288768023252 4.8186162412166587 5.6173520386219016 212.18319874629378 8.1512560732662696 157.68339531496167 14.101731091737745 4.7864823155105105 5.8523584678769094 67.699271980673075 6.7592447847127914
leaf_count=173886 22555 35053 1142 92683 2159 37539 22697 11176 1724169 19789 5060 4843 30683 6232 53456 19495 204 1767 206 12366 16 36 4506 90 2978 261 58 16 1102 27
internal_value=0.0106898 0.0118167 0.0405953 -0.0126817 0.0110289 -0.00785209 -0.00558806 0.0111067 0.0113294 -0.00362665 -0.00221983 0.0324101 0.0111824 -0.00286225 -0.00168969 -0.00217695 -0.00113416 -0.0458177 -0.0142363 -0.00235211 -0.0376049 -0.0493576 -0.0502136 -0.0374739 -0.0225649 0.0312903 -0.0299413 -0.0512321 -0.0324342 0.0219286
internal_weight=789796 753464 20077.1 36331.8 733387 32189.7 30625.6 732472 720979 29201.9 28377.8 4991.84 715987 11492.3 11117.1 5789.98 5597.08 1423.74 143.498 5485.36 375.201 1280.24 4142.13 396.906 184.723 22.253 162.47 915.761 192.9 12.6116
internal_count=2286250 1924694 69362 361556 1855332 260980 223441 1832734 1770871 198735 178946 16019 1754852 61863 59688 34309 32065 24706 1973 31861 2175 22733 100576 7893 3387 351 3036 22598 2244 43
is_linear=0
shrinkage=0.05


Tree=35
num_leaves=31
num_cat=0
split_feature=30 52 52 23 11 44 18 18 18 45 9 23 72 18 15 38 16 56 57 17 0 15 55 57 57 16 18 15 14 57
split_gain=7532.36 6530.76 5761.38 2546.09 1325.65 1247.97 918.043 821.604 841.963 1176.41 728.963 692.263 400.408 238.105 177.956 401.457 163.105 72.2166 79.1881 68.671 96.7352 65.6391 51.6472 50.1578 50.3316 89.2202 48.3621 30.4053 26.5338 17.0951
threshold=1.0000000180025095e-35 258.00000000000006 385.00000000000006 18.500000000000004 11.633333333333335 1.0000000180025095e-35 1.0000000180025095e-35 1.5000000000000002 120.50000000000001 544.03787878787887 307.50000000000006 3.5000000000000004 2.6181184202335372 10.500000000000002 353183.58823529416 901.92982456140339 989601.83396470372 5895207.5000000009 25.500000000000004 4064.5000000000005 1474494.5000000002 1497.8750000000002 185182.87489531873 243231.00000000003 2435016.0000000005 9096305.3841723371 925.50000000000011 16142.309523809527 2979.8859547992665 25.500000000000004
decision_type=2 2 2 2 2 2 2 2 2 2 2 2 2 2 2 2 2 2 2 2 2 2 2 2 2 2 2 2 2 2
left_child=3 4 -3 5 28 6 17 14 9 -9 -10 12 -8 -13 15 -6 -16 -1 -19 21 27 26 -5 29 25 -25 -4 -21 -2 -24
right_child=1 2 19 22 7 -7 11 8 10 -11 -12 13 -14 -15 16 -17 -18 18 -20 20 -22 -23 23 24 -26 -27 -28 -29 -30 -31
leaf_value=-0.051355785754124229 -0.05212751814154501 0.057482948464988463 -0.0033964582447048512 -0.051510013072760423 0.041813252358551323 -0.052062075846108384 -0.0042373588984152156 0.043367578597279216 0.010741996486076662 0.00048890949527568282 -0.0066705056194922277 0.041406394799326209 -0.046980776786478953 0.0011247303009555452 -0.040892186265378022 -0.0015768005368878872 -0.0078758050589158649 0.0076127030948589039 -0.038346725194808563 0.013488588287004952 -0.053517305326395995 -0.034505465643728979 -0.0026741338643061149 0.046685376146427753 -0.039517761069013391 -0.040603288725548449 0.016075828260728092 0.057636577750971765 0.020642368281435137 -0.050227369608961341
leaf_weight=955.74057250842452 861.12974312901497 13693.160271465778 5069.7220088168979 3505.966513581574 576.87993209064007 1491.1710905730724 26533.379142746329 4480.4435336664319 707952.53847403824 2487.8315815329552 6062.1440589502454 1113.6254475601017 559.45657548308372 547.07433953508735 419.58082793653011 7022.3367983326316 3448.3042884543538 117.84441006928682 457.90541034191847 61.056533232331276 31.682037275284529 161.65051227062941 19.986922133713961 61.673883147537708 134.92610954865813 55.72503662481904 340.27003959566355 107.96110384166241 12.71157097071409 347.40344785153866
leaf_count=22861 22555 35053 29578 90961 1545 37539 176952 8247 1723569 14504 24551 3242 9006 2730 2536 37858 19924 800 6564 249 797 1462 113 549 2772 1132 2021 202 43 6335
internal_value=0.01017 0.0112371 0.0398216 -0.0122049 0.0104783 -0.00740702 -0.0052083 0.0105518 0.010763 0.0280589 0.0105942 -0.00319921 -0.00511999 0.0281366 -0.0027267 0.00171707 -0.0114574 -0.0429287 -0.0289398 -0.00207477 0.0266594 -0.00310982 -0.049158 -0.0358518 -0.0186875 0.00525259 -0.00217172 0.0416884 -0.051069 -0.0476404
internal_weight=788691 752789 19465.5 35901.9 733324 31776.2 30285 732450 720983 6968.28 714015 28753.5 27092.8 1660.7 11467.1 7599.22 3867.89 1531.49 575.75 5772.34 200.7 5571.64 4125.68 619.715 252.325 117.399 5409.99 169.018 873.841 367.39
internal_count=2286250 1924694 69362 361556 1855332 259694 222155 1832734 1770871 22751 1748120 191930 185958 5972 61863 39403 22460 30225 7364 34309 1248 33061 101862 10901 4453 1681 31599 451 22598 6448
is_linear=0
shrinkage=0.05


Tree=36
num_leaves=31
num_cat=0
split_feature=30 52 52 23 11 32 58 18 18 13 20 5 18 57 23 70 23 52 15 23 57 1 14 14 56 56 57 55 57 54
split_gain=6818.94 6233.91 5578.46 2453.14 1236.96 1197.85 880.386 740.781 789.321 1002.54 710.278 707.725 537.972 350.718 178.042 348.9 140.748 66.5017 142.23 65.0263 82.2381 61.677 46.7728 25.7615 25.3197 25.2346 61.0123 20.9586 27.3852 29.1775
threshold=1.0000000180025095e-35 258.00000000000006 385.00000000000006 29.500000000000004 11.633333333333335 1.1938490127449446 17001733.06666667 1.5000000000000002 175.50000000000003 540060.50827944221 1917937.9564164651 304.50000000000006 6549.5000000000009 25.500000000000004 87.500000000000014 0.30384615384615393 371.50000000000006 12146.000000000002 16142.309523809527 2.5000000000000004 243231.00000000003 374.50000000000006 6158.0575117206054 2979.8859547992665 8625081.0000000019 9894719.0000000019 550.50000000000011 185182.87489531873 96541.000000000015 4182251.1666666674
decision_type=2 2 2 2 2 2 2 2 2 2 2 2 2 2 2 2 2 2 2 2 2 2 2 2 2 2 2 2 2 2
left_child=3 4 -3 5 23 6 10 14 9 -9 12 -10 -1 -12 15 -6 -16 -4 22 -8 -21 25 -19 -2 -23 -7 -27 -5 -29 -30
right_child=1 2 17 27 7 21 19 8 11 -11 13 -13 -14 -15 16 -17 -18 18 -20 20 -22 24 -24 -25 -26 26 -28 28 29 -31
leaf_value=-0.0044827236463090923 -0.052006617725208426 0.057065065530806473 -0.031370550553897036 -0.051464463159299437 0.027977223252638368 -0.051969755743019277 -0.04982403119967134 0.03465014602435925 0.010190279605358132 -0.011085868013589874 0.048584405141501558 -0.0079890362778258766 -0.052079520833324289 0.0087181186319991982 -0.019723164856717344 -0.0029423689399093434 0.01720911890353808 -0.0073250638283511964 0.056857581136525892 -0.036854768063278399 0.031568812763968251 -0.011792511773106182 0.0019949890495806317 0.019462834202704431 0.16362404569566522 0.097891634110308337 -0.05297519191610392 -0.052416920834288443 -0.0066331833200070946 -0.043804646337621697
leaf_weight=25850.754570223391 820.98824668303132 13118.301660120487 186.20425732061267 3301.8645576909184 1028.1896309405565 1497.073238670826 1093.7351731173694 6349.0401150658727 707681.21597151458 1476.9178499653935 850.22532259300351 5394.4557499587536 607.62330297753215 1571.1142606809735 2015.2090848907828 8099.9598047658801 295.84143163263798 2400.2159479930997 104.25274959206581 200.32103753462434 56.243325296789408 3.7120839804410917 3065.3740107268095 12.805359117686747 4.6140836700797081 9.6589259207248706 21.886688835918903 211.31672314554453 96.270708169788122 116.89278781786561
leaf_count=169569 22555 35053 2244 90004 4187 39350 24900 15921 1722992 9236 2038 22722 14785 7626 14313 41858 1505 15930 204 2945 396 29 15931 43 20 31 268 5131 1880 2584
internal_value=0.00967611 0.0106869 0.0390592 -0.01174 0.00995646 -0.00723797 -0.00504873 0.0100258 0.0102261 0.0260188 -0.00320369 0.0100528 -0.0055758 0.0227167 -0.00259829 0.000540397 -0.0149954 -0.00197707 -0.000994425 -0.0445098 -0.0218551 -0.050298 -0.00209792 -0.050909 0.0854175 -0.0510372 -0.0067814 -0.05012 -0.0396617 -0.027017
internal_weight=787542 752049 18874.3 35493.3 733175 31767 30230 732341 720902 7825.96 28879.7 713076 26458.4 2421.34 11439.2 9128.15 2311.05 5756.05 5569.84 1350.3 256.564 1536.95 5465.59 833.794 8.32617 1528.62 31.5456 3726.34 424.48 213.163
internal_count=2286250 1924694 69362 361556 1855332 261957 222259 1832734 1770871 25157 194018 1745714 184354 9664 61863 46045 15818 34309 32065 28241 3341 39698 31861 22598 49 39649 299 99599 9595 4464
is_linear=0
shrinkage=0.05


Tree=37
num_leaves=31
num_cat=0
split_feature=52 11 52 55 15 57 33 33 14 13 10 57 18 68 57 24 22 23 23 13 21 27 52 15 18 14 24 17 15 18
split_gain=6367.99 6862.18 5416.06 2983.84 2228.1 906.56 553.145 542.501 485.99 1724.98 373.486 358.854 326.887 298.265 282.702 242.093 339.591 264.384 311.057 207.361 150.547 96.0345 61.942 132.98 59.536 45.2333 43.4911 42.7086 61.7794 53.009
threshold=258.00000000000006 11.633333333333335 385.00000000000006 752801.3911195019 3688.5000000000005 29.500000000000004 10.896985349326687 0.0099329951933904512 19.081693500732396 412.84511272049372 45.000000000000007 3.5000000000000004 1.0000000180025095e-35 3.0810505142405122 11.500000000000002 2425.5000000000005 471.50000000000006 371.50000000000006 164.50000000000003 37865.056923745462 894.75011655924561 4066.5000000000005 12146.000000000002 16142.309523809527 15.500000000000002 26.477986328641791 6153.5000000000009 341.50000000000006 559.14285714285722 1.5000000000000002
decision_type=2 2 2 2 2 2 2 2 2 2 2 2 2 2 2 2 2 2 2 2 2 2 2 2 2 2 2 2 2 2
left_child=1 3 -2 -1 15 11 8 12 9 -6 21 -5 -7 -10 -13 16 19 18 -17 -3 -19 -8 -4 27 -18 -9 -12 29 -29 -24
right_child=2 4 22 5 6 7 10 25 13 -11 26 14 -14 -15 -16 17 24 20 -20 -21 -22 -23 23 -25 -26 -27 -28 28 -30 -31
leaf_value=-0.050935659915012504 0.056733915808104884 0.027079093109539668 -0.030597083986782132 -0.068508022673700292 0.0079288473598208755 -0.039990737277279802 0.03998222355625361 -0.04637262524782023 0.0080562348035375202 0.015609373892926635 -0.0010671918348774778 0.074100040163785671 0.0033563931844903757 0.012462943437859801 0.023853051455838003 -0.0067121689553777371 -0.017319840505896102 0.085399080877759714 -0.037734774599722583 0.0030825062633553771 0.015171012582459696 0.070888417452146163 -0.007934731808795302 0.056004889508201497 -0.046851812328652223 0.29492642069512753 -0.051549602270459453 -0.020868919547673791 -0.0013179005754798872 0.0050113722977140453
leaf_weight=6724.5442176796496 12564.980389416218 1028.7545024901628 181.91566997021437 78.775308322161436 175333.95486932993 512.83059731125832 1403.9777050837874 947.69674375280738 379954.79678680003 125380.57785368711 379.18211241066456 432.58323311805725 2863.0964029729366 42715.201719745994 793.25320993736386 19548.493380457163 993.99303042888641 101.56011524796486 842.86022443324327 7207.7704246118665 306.95707103610039 306.15876675397158 1141.5204928666353 100.63984496891499 206.03595970571041 0.97179251909255882 48.07281705737114 636.29433365166187 1107.070895165205 2572.8217446953058
leaf_count=180380 35059 5042 2246 637 448706 8401 3029 21103 936551 298257 2567 736 16860 102067 2505 131640 6391 497 6670 40274 1670 787 6417 204 1533 2 574 4876 7490 13079
internal_value=0.00920589 0.00851132 0.0383512 -0.0284528 0.00911554 -0.00159528 0.00966976 -0.0126161 0.00959472 0.0111312 0.0350682 0.034937 -0.00322839 0.00850158 0.0415846 -0.00418307 0.00245924 -0.00719658 -0.00799446 0.00607972 0.0326302 0.0455152 -0.00188699 -0.000947359 -0.0223903 -0.046023 -0.00674725 -0.00199756 -0.00845364 0.00103268
internal_weight=786417 768112 18305.2 12353.8 755758 5629.21 725522 4324.6 723385 300715 2137.39 1304.61 3375.93 422670 1225.84 30236.4 9436.55 20799.9 20391.4 8236.52 408.517 1710.14 5740.26 5558.35 1200.03 948.669 427.255 5457.71 1743.37 3714.34
internal_count=2286250 2216879 69371 230624 1986255 50244 1792538 46366 1785581 746963 6957 3878 25261 1038618 3241 193717 53240 140477 138310 45316 2167 3816 34312 32066 7924 21105 3141 31862 12366 19496
is_linear=0
shrinkage=0.05


Tree=38
num_leaves=31
num_cat=0
split_feature=52 11 52 55 15 57 33 32 17 13 57 72 57 33 24 22 23 23 33 13 19 19 52 15 18 59 17 15 18 18
split_gain=6048.75 6307.47 5248.62 2890.33 2009.6 827.715 528.25 504.939 460.488 1312.68 340.794 317.294 241.531 233.449 219.81 309.576 235.692 292 194.923 183.173 126.352 84.4203 57.4599 124.389 57.1959 41.484 38.8221 57.0436 47.9047 18.8767
threshold=258.00000000000006 11.633333333333335 385.00000000000006 709825.6851392946 3688.5000000000005 25.500000000000004 0.0099329951933904512 10.625693993338086 104211.50000000001 410.33484256624041 3.5000000000000004 2.7795727896415063 11.500000000000002 10.385671927289554 2425.5000000000005 471.50000000000006 371.50000000000006 176.50000000000003 10.896985349326687 37865.056923745462 2089.5000000000005 36293.500000000007 12146.000000000002 16142.309523809527 15.500000000000002 4060853.3388593476 341.50000000000006 559.14285714285722 1.5000000000000002 1.5000000000000002
decision_type=2 2 2 2 2 2 2 2 2 2 2 2 2 2 2 2 2 2 2 2 2 2 2 2 2 2 2 2 2 2
left_child=1 3 -2 -1 14 10 11 8 13 -10 -5 -7 -12 -6 15 19 17 -16 -9 -3 -18 -20 29 26 -17 -8 28 -28 -24 -4
right_child=2 4 22 5 7 6 25 18 9 -11 12 -13 -14 -15 16 24 20 -19 21 -21 -22 -23 23 -25 -26 -27 27 -29 -30 -31
leaf_value=-0.050811476597257099 0.056367697480028227 0.025322982926946652 -0.018088814752774889 -0.067413509967444482 0.0075102119513902723 0.0028918069335426453 -0.012085618919192728 0.01805618817827467 0.006924940778283005 0.013282685536136474 0.071584783969854918 -0.043470197551468415 0.02397863201667436 0.011437480277653907 -0.0064516290142690213 -0.016645449112790058 0.082424848344177085 -0.037972975442284708 0.037007080077200903 0.0029227920502875072 0.015793755223425892 0.074399041769235161 -0.0075757050274504328 0.05518775355145427 -0.046010291530527214 -0.048800622296902518 -0.020132653068476589 -0.0012531260109322267 0.004746585706068519 -0.052495997303702725
leaf_weight=6406.0841560326517 12027.863192975521 1044.6668233051896 117.15801779180765 76.242012582719326 350128.037307024 3026.3340514563024 84.747920349240303 2264.072712957859 145584.82477091998 183547.72224613279 425.57234184071422 420.29529945924878 712.4920340962708 42425.115438878536 19516.437715604901 982.84168213605881 91.01233859360218 763.44641187041998 1361.8708463609219 7221.1988175809383 325.99486767500639 169.76580217480659 1135.9834375828505 97.11309252679348 199.48138856887817 834.73146897554398 626.83135166019201 1106.1046169176698 2580.3300499692559 60.421017341315746
leaf_count=180140 35059 5042 1142 641 863764 18362 1400 5166 377189 439188 736 7390 2119 104315 132088 6391 414 6222 2688 40274 1753 228 6417 204 1533 19836 4876 7490 13079 1104
internal_value=0.00875764 0.00809034 0.0376124 -0.0278957 0.00866119 -0.00158932 -0.0117446 0.0091868 0.00909114 0.0104705 0.0349247 -0.00276176 0.0417807 0.00793465 -0.0039884 0.00233083 -0.00687315 -0.00763827 0.0273756 0.0057538 0.0303361 0.0411516 -0.0017987 -0.000902309 -0.0215999 -0.0454166 -0.00190191 -0.00808216 0.000979972 -0.0297958
internal_weight=785365 767613 17751.8 11986.5 755626 5580.42 4366.11 725481 721686 329133 1214.31 3446.63 1138.06 392553 30145.1 9448.19 20696.9 20279.9 3795.71 8265.87 417.007 1531.64 5723.94 5546.36 1182.32 919.479 5449.25 1732.94 3716.31 177.579
internal_count=2286250 2216879 69371 230624 1986255 50484 46988 1792538 1784456 816377 3496 25752 2855 968079 193717 53240 140477 138310 8082 45316 2167 2916 34312 32066 7924 21236 31862 12366 19496 2246
is_linear=0
shrinkage=0.05


Tree=39
num_leaves=31
num_cat=0
split_feature=52 11 52 55 15 57 33 32 32 13 57 18 57 24 22 23 23 33 33 13 21 19 18 52 15 59 17 32 18 18
split_gain=5740.11 5798.25 5088.29 2799.23 1812.69 755.631 494.472 458.017 422.686 1458.87 302.754 302.42 248.581 199.532 282.182 210.448 274.416 197.923 178.43 162.074 105.784 80.8767 54.92 53.3072 116.399 38.5153 35.2799 53.3689 43.291 18.5646
threshold=258.00000000000006 11.633333333333335 385.00000000000006 709825.6851392946 3688.5000000000005 29.500000000000004 0.0099329951933904512 10.625693993338086 9.5386625843360537 412.84511272049372 3.5000000000000004 1.0000000180025095e-35 11.500000000000002 2425.5000000000005 471.50000000000006 371.50000000000006 164.50000000000003 10.385671927289554 10.896985349326687 37865.056923745462 894.75011655924561 36293.500000000007 15.500000000000002 12146.000000000002 16142.309523809527 4704979.1981866257 341.50000000000006 1243.2658579513372 1.5000000000000002 1.5000000000000002
decision_type=2 2 2 2 2 2 2 2 2 2 2 2 2 2 2 2 2 2 2 2 2 2 2 2 2 2 2 2 2 2
left_child=1 3 -2 -1 13 10 11 8 9 -6 -5 -7 -12 14 19 16 -15 -10 -9 -3 -17 -20 -16 29 26 -8 28 -28 -25 -4
right_child=2 4 23 5 7 6 25 18 17 -11 12 -13 -14 15 22 20 -18 -19 21 -21 -22 -23 -24 24 -26 -27 27 -29 -30 -31
leaf_value=-0.050646911976094694 0.056023978904774042 0.023710305939287048 -0.017434534828393699 -0.066401218775956589 0.0071317770646816686 -0.039204588461455213 -0.018513972523760299 0.017164785290321821 0.0072569175702176872 0.014206503522947972 0.069232135017396473 0.0032504649156291639 0.021588913294332449 -0.0061115191139058632 -0.015991416094533795 0.069963636117673311 -0.0360000962297716 0.010880203126181544 0.035267009965153299 0.0027716349078938216 0.01333517361701894 0.072214984834899229 -0.045182304073397205 -0.0072314266691530906 0.054402052788532773 -0.049163085183182395 0.0026546790388841199 -0.015185572851520439 0.0044965316710131823 -0.052130324030057754
leaf_weight=6112.9586626812816 11509.673471242189 1059.5376478508115 115.51954947412014 73.601220116019249 175343.83454398066 491.40703078359365 118.41044567525387 2262.6051476895809 379752.48765395582 124682.71448619664 418.22016347944736 2865.0470874458551 792.73567495495081 19373.857316531241 972.16506468504667 111.99469771981239 799.65692652761936 41843.466578722 1357.7171025276184 7233.9354752153158 312.81247572600842 166.24438048899174 193.14193968474865 1130.7012701630592 93.67717981338501 763.02127926796675 720.50401693582535 1002.4564173296094 2587.4420559257269 57.867267388850451
leaf_count=180140 35059 5042 1142 641 448706 8446 1923 5166 936086 299351 736 16944 2506 131640 6391 497 6670 100313 2688 40274 1670 228 1533 6417 204 19288 4810 7556 13079 1104
internal_value=0.00833118 0.00769035 0.0368822 -0.0273371 0.00822983 -0.00153483 -0.0117175 0.00872837 0.00863736 0.0100718 0.0320588 -0.00296524 0.0380432 -0.00380228 0.00220947 -0.00656289 -0.00729627 0.00761653 0.0260725 0.00544667 0.0282645 0.0392976 -0.0208296 -0.0017145 -0.000859294 -0.0450457 -0.00181071 -0.00772517 0.000930016 -0.0290141
internal_weight=784319 767102 17217.8 11635.4 755466 5522.44 4237.89 725409 721623 300027 1284.56 3356.45 1210.96 30057.1 9458.78 20598.3 20173.5 421596 3786.57 8293.47 424.807 1523.96 1165.31 5708.17 5534.78 881.432 5441.1 1722.96 3718.14 173.387
internal_count=2286250 2216879 69371 230624 1986255 50484 46601 1792538 1784456 748057 3883 25390 3242 193717 53240 140477 138310 1036399 8082 45316 2167 2916 7924 34312 32066 21211 31862 12366 19496 2246
is_linear=0
shrinkage=0.05


Tree=40
num_leaves=31
num_cat=0
split_feature=52 11 52 55 17 57 33 60 5 17 18 15 72 57 57 24 22 23 17 24 13 28 18 52 15 59 0 18 14 58
split_gain=5442.12 5331 4934.42 2710.05 1647.02 689.834 477.875 414.439 664.168 492.661 1162.3 343.986 292.835 287.551 213.528 211.052 256.94 218.235 244.699 189.189 143.619 118.593 52.7453 49.4271 108.961 41.484 35.4353 49.4586 38.0302 28.1432
threshold=258.00000000000006 11.633333333333335 385.00000000000006 709825.6851392946 4064.5000000000005 25.500000000000004 0.0099329951933904512 61689187.000000007 312.00000000000006 104904.50000000001 106511.50000000001 95636.500000000015 2.7795727896415063 3.5000000000000004 11.500000000000002 2425.5000000000005 471.50000000000006 354.00000000000006 2408.5000000000005 13663.000000000002 37865.056923745462 100.50000000000001 15.500000000000002 12146.000000000002 16142.309523809527 4704979.1981866257 1306.5000000000002 925.50000000000011 668.56094129089604 83579888.500000015
decision_type=2 2 2 2 2 2 2 2 2 2 2 2 2 2 2 2 2 2 2 2 2 2 2 2 2 2 2 2 2 2
left_child=1 3 -2 -1 15 13 12 9 19 11 -11 -6 -7 -5 -15 16 20 18 -17 -9 -3 -19 -18 -4 26 -8 27 -25 -28 -10
right_child=2 4 23 5 7 6 25 8 29 10 -12 -13 -14 14 -16 17 22 21 -20 -21 -22 -23 -24 24 -26 -27 28 -29 -30 -31
leaf_value=-0.050484360631647511 0.055701150931887169 0.022225292138029651 -0.028239559316008845 -0.065432821959582388 0.01259616362657714 0.0027901523395764158 -0.016906149851980034 0.00095338133097809346 -0.06713610972476923 0.013769276775192877 0.0072928043173289131 0.0069958572142220458 -0.042735711435917173 0.067020381159990761 0.021737767405358228 -0.046724834220441207 -0.01534524349177826 0.058297238137836584 -0.0068071546712006941 0.056734732556989832 0.0026285485828663 -0.034401854447234141 -0.044366004272035429 -0.0020276676857426115 0.053644073946267468 -0.04884321679240327 0.0079648995522980555 0.018876178346976101 -0.032729320086553784 -0.040930299652335217
leaf_weight=5833.0791374705732 11010.185799121857 1073.4444679245353 169.37335263937712 71.021529814228415 29429.53772508353 3021.5992333963513 118.06841491907835 12422.221028231084 321.51454338431358 121076.86395197362 161922.36624905467 401430.47425667942 399.97724579274654 410.61523869261146 711.32044882327318 392.15414237976074 961.6806098818779 188.24315422773361 18286.010633781552 153.88825684040785 7246.0167414098978 42.245395369827747 187.01718547195196 4869.8096758872271 90.33570059388876 732.47674089111388 84.673758074641228 300.41895797848701 178.32014243304729 150.36635875701904
leaf_count=180140 35059 5042 2246 641 78074 18362 1928 39833 1437 289688 403915 988703 7390 736 2119 3558 6389 862 125550 459 40274 325 1533 28096 204 19308 454 1696 1616 613
internal_value=0.00792542 0.00731022 0.0361596 -0.0267813 0.00782019 -0.00148218 -0.0108694 0.00828151 -0.000549192 0.00844292 0.0100637 0.00737838 -0.00253175 0.0321344 0.0383107 -0.00399723 0.00209647 -0.00704853 -0.00764524 0.00163595 0.00515708 0.0413068 -0.0200701 -0.00163405 -0.000818222 -0.0444099 -0.00172374 -0.000813038 -0.0196274 -0.0587855
internal_weight=783285 766582 16703.1 11298.2 755284 5465.08 4272.12 726907 13048 713859 282999 430860 3421.58 1192.96 1121.94 28376.8 9468.16 18908.7 18678.2 12576.1 8319.46 230.489 1148.7 5692.93 5523.56 850.545 5433.22 5170.23 262.994 471.881
internal_count=2286250 2216879 69371 230624 1986255 50484 46988 1802722 42342 1760380 693603 1066777 25752 3496 2855 183533 53238 130295 129108 40292 45316 1187 7922 34312 32066 21236 31862 29792 2070 2050
is_linear=0
shrinkage=0.05


Tree=41
num_leaves=31
num_cat=0
split_feature=52 11 52 55 17 23 72 24 58 5 17 54 60 24 22 23 17 4 28 57 18 52 15 16 0 18 14 18 55 72
split_gain=5154.25 4901.56 4786.98 2623.36 1485.93 647.111 687.975 376.862 377.124 756.053 431.749 371.833 237.354 191.667 234.136 193.678 231.705 127.888 102.972 60.8138 50.5814 45.7691 102.03 43.1847 32.6076 44.1576 35.5059 18.7103 16.7858 27.5857
threshold=258.00000000000006 11.633333333333335 385.00000000000006 709825.6851392946 4064.5000000000005 18.500000000000004 2.49740646022966 106067864.50000001 61660484.500000007 312.00000000000006 104904.50000000001 7039372.5833333349 14569402.500000002 2425.5000000000005 471.50000000000006 354.00000000000006 2408.5000000000005 93.000000000000014 100.50000000000001 243231.00000000003 15.500000000000002 12146.000000000002 16142.309523809527 9096305.3841723371 1306.5000000000002 925.50000000000011 668.56094129089604 1.5000000000000002 133766.22362664144 2.5343895028830565
decision_type=2 2 2 2 2 2 2 2 2 2 2 2 2 2 2 2 2 2 2 2 2 2 2 2 2 2 2 2 2 2
left_child=1 3 -2 28 13 6 11 8 10 -10 -6 -5 -8 14 17 16 -15 -3 -17 -7 -16 27 24 -21 25 -23 -26 -4 -1 -30
right_child=2 4 21 5 7 19 12 -9 9 -11 -12 -13 -14 15 20 18 -18 -19 -20 23 -22 22 -24 -25 26 -27 -28 -29 29 -31
leaf_value=-0.050829895696966221 0.055397749672223655 0.0202427295979455 -0.015745455721414722 0.022178616176790032 0.0070100467612368433 -0.049068013099557169 0.099581480282968898 0.058233482179165325 0.0020688362994672328 -0.058698641856829659 0.0095286397506960871 -0.022223056908250535 -0.039521079943826622 -0.046016964616841766 -0.014731451278106933 0.053470817046664336 -0.0064979820099046589 0.0023890710018500045 -0.033503433283774878 -1.4482218477731511e-05 -0.043559758274439697 -0.0019287701693153619 0.052910434965338829 -0.042811662693729789 0.0075442460888224677 0.017712229500307663 -0.031897092238909429 -0.051576672376106907 -0.012944152538755652 -0.052178508712403419
leaf_weight=5382.7560048140585 10529.120400965214 1165.9611640870571 111.45307921618223 3132.8447398133576 430824.63046088815 631.47293034940958 31.856132730841637 371.23466654121876 13818.471056014299 531.54776171594858 281236.82311937958 555.04444432631135 821.30187305063009 378.62200234085321 951.91632163524628 194.79427152127028 18200.490152537823 7177.9741907864809 41.235308729112148 130.09797460213304 181.10572583973408 4863.6994361802936 87.091310977935791 107.77325484715402 84.918807804584503 304.0559646487236 173.93679717183113 54.126863017678261 78.146234257146716 104.99519739672542
leaf_count=175361 35059 5475 1142 11803 1066777 17151 83 873 43327 2361 689384 3079 13548 3558 6389 862 125550 39841 325 2061 1533 28096 204 2759 454 1696 1616 1104 1816 2963
internal_value=0.00753932 0.00694896 0.0354414 -0.0262233 0.00743118 -0.00143059 0.00613535 0.0078688 0.00784306 -0.000182089 0.00800479 0.015496 -0.0343271 -0.00381083 0.00198786 -0.00673156 -0.00730334 0.0048839 0.0382761 -0.0409515 -0.0193395 -0.00155678 -0.000778939 -0.0194048 -0.0016406 -0.00077315 -0.0189582 -0.0274584 -0.0503234 -0.0354373
internal_weight=782259 766051 16208.4 10976.3 755075 5410.39 4541.05 726783 726411 14350 712061 3687.89 853.158 28292.1 9476.96 18815.1 18579.1 8343.94 236.03 869.344 1133.02 5679.28 5513.7 237.871 5426.61 5167.76 258.856 165.58 5565.9 183.141
internal_count=2286250 2216879 69371 230624 1986255 50484 28513 1802722 1801849 45688 1756161 14882 13631 183533 53238 130295 129108 45316 1187 21971 7922 34312 32066 4820 31862 29792 2070 2246 180140 4779
is_linear=0
shrinkage=0.05


Tree=42
num_leaves=31
num_cat=0
split_feature=52 52 11 55 15 23 72 33 18 18 54 10 60 15 23 16 23 10 72 25 25 27 57 57 52 15 24 17 15 18
split_gain=4877.02 4644.96 4507.05 2539.22 1344.9 604.081 631.605 412.299 412.495 893.991 335.257 303.149 216.5 154.815 272.197 331.659 294.469 193.42 147.883 114.566 113.851 82.5715 60.2628 43.6046 42.3898 95.5639 41.0838 32.9149 49.3804 39.2137
threshold=258.00000000000006 385.00000000000006 11.633333333333335 709825.6851392946 3688.5000000000005 18.500000000000004 2.49740646022966 10.896985349326687 1.0000000180025095e-35 120.50000000000001 7039372.5833333349 45.000000000000007 14569402.500000002 2427.5000000000005 87.500000000000014 2400.1531701327426 371.50000000000006 45.000000000000007 2.8176851448239035 2568.2500000000005 2634.2500000000005 4066.5000000000005 243231.00000000003 2435016.0000000005 12146.000000000002 16142.309523809527 6153.5000000000009 341.50000000000006 559.14285714285722 1.5000000000000002
decision_type=2 2 2 2 2 2 2 2 2 2 2 2 2 2 2 2 2 2 2 2 2 2 2 2 2 2 2 2 2 2
left_child=2 -2 3 -1 13 6 10 8 18 -10 -5 21 -8 14 15 -4 -16 19 -6 -15 -19 -9 -7 -24 -3 27 -13 29 -29 -26
right_child=1 24 4 5 7 22 12 11 9 -11 -12 26 -14 17 16 -17 -18 20 -20 -21 -22 -23 23 -25 25 -27 -28 28 -30 -31
leaf_value=-0.050165926935109663 0.055112425551913341 -0.026698951042011723 0.0027096259017570655 0.021013362498408635 -0.024481587152417623 -0.048667466030306375 0.093402967305942483 0.033916490694269406 0.025600588600377634 0.0073424874908891774 -0.021271425373689801 -0.0023822768144148129 -0.038733767930501435 0.0051795087890708774 -0.022894955553940891 0.074000495952196141 0.021847562020114581 -0.010345138965139179 -0.0027738894572711501 -0.02201169409201147 -0.00051594901638334469 0.062847181983239991 0.0040558307266236682 -0.039202264189959701 -0.0067202747209066469 0.052198084720932972 -0.051504800253359385 -0.018722286376345217 -0.00097752043844107658 0.004468127388820675
leaf_weight=5310.7008136045188 10066.148373931646 161.90726078674197 11303.843203678727 3141.0244864933193 1069.9098692759871 605.49550418555737 32.254154656082392 1391.8818099722266 6768.1547778993845 712109.64766195416 550.98778526484966 386.28089347481728 796.7255331017077 454.72908294945955 1993.1039551794529 165.53036122769117 450.9394608438015 4575.1153469532728 2941.8206807598472 2615.5821531042457 8273.8761198073626 299.74739760905504 110.36067696474493 123.38790985569358 1122.9089258760214 83.945816658437252 47.835736893117428 609.22999151051044 1099.8606244400144 2588.2511819079518
leaf_count=180140 35059 2246 63739 11803 5961 17151 83 3029 19495 1745378 3079 2567 13548 3146 16014 733 2257 32125 14747 18761 56942 787 1762 3058 6417 204 574 4876 7490 13079
internal_value=0.00717188 0.034729 0.00660555 -0.025662 0.00706171 -0.0013846 0.00584731 0.00748982 0.00742516 0.00751439 0.0147029 0.0294777 -0.0335926 -0.0033426 0.000510185 0.00373852 -0.0146397 -0.00670992 -0.00856323 -0.0179845 -0.00401581 0.0390429 -0.0403427 -0.0187786 -0.00148318 -0.000741457 -0.00779514 -0.00156135 -0.0073029 0.00108278
internal_weight=781251 15732.3 765519 10670.9 754848 5360.24 4520.99 725015 722890 718878 3692.01 2125.75 828.98 29832.7 13913.4 11469.4 2444.04 15919.3 4011.73 3070.31 12849 1691.63 839.244 233.749 5666.1 5504.2 434.117 5420.25 1709.09 3711.16
internal_count=2286250 69371 2216879 230624 1986255 50484 28513 1792538 1785581 1764873 14882 6957 13631 193717 82743 64472 18271 110974 20708 21907 89067 3816 21971 4820 34312 32066 3141 31862 12366 19496
is_linear=0
shrinkage=0.05


Tree=43
num_leaves=31
num_cat=0
split_feature=52 52 11 55 15 57 33 32 18 18 18 57 57 33 24 19 27 23 72 15 19 28 57 52 15 15 14 18 18 55
split_gain=4610.67 4507.53 4144.21 2456.97 1213.7 572.941 416.706 380.884 364.832 821.539 273.215 263.007 201.697 144.514 142.944 250.286 155.228 154.217 132.139 115.158 77.0612 64.385 41.0591 39.2039 89.5288 30.2068 42.2544 33.2556 18.7896 18.3778
threshold=258.00000000000006 385.00000000000006 11.633333333333335 709825.6851392946 3688.5000000000005 25.500000000000004 0.0099329951933904512 10.625693993338086 1.0000000180025095e-35 120.50000000000001 1.0000000180025095e-35 3.5000000000000004 11.500000000000002 10.896985349326687 2352.5000000000005 625.50000000000011 1723.0000000000002 387.50000000000006 2.8176851448239035 126.11111111111113 36293.500000000007 41.500000000000007 262956.50000000006 12146.000000000002 16142.309523809527 1497.8750000000002 668.56094129089604 925.50000000000011 1.5000000000000002 133766.22362664144
decision_type=2 2 2 2 2 2 2 2 2 2 2 2 2 2 2 2 2 2 2 2 2 2 2 2 2 2 2 2 2 2
left_child=2 -2 3 29 14 11 10 8 18 -10 -7 -5 -13 -9 15 19 -16 -18 -6 -4 -15 -17 -8 28 25 27 -27 -25 -3 -1
right_child=1 23 4 5 7 6 22 13 9 -11 -12 12 -14 20 16 21 17 -19 -20 -21 -22 -23 -24 24 -26 26 -28 -29 -30 -31
leaf_value=-0.050567282171833906 0.05484394098927009 -0.014125840366500074 0.029365990244170012 -0.065059929510162831 -0.023150917513335468 -0.037799464782660996 -0.048642944897815371 0.014995397336495157 0.024476362578640623 0.0069534507046571728 0.0032343421451395266 0.063893281051284931 0.019383936826080739 0.031129091315831494 -0.042310482613026168 -0.020704137537880831 -0.0050812865327661775 0.027620519860885095 -0.0025648623998785745 0.0058772345665830681 0.068059950276996933 0.005249568138685992 -0.018235412380927091 -0.0018019804841171189 0.051504217607752235 0.0071984076141550961 -0.038393835330377955 0.014225087077181765 -0.051042361240934399 -0.033826097678660086
leaf_weight=4897.7451424393803 9620.9042197465897 107.76563167572021 591.41320467740297 69.197959845885634 1060.4118615910411 471.66836082004011 633.6111140716821 2257.4801393151283 6752.5004503428936 710315.73857691139 2898.5869439616799 397.96542792022228 706.19639134407043 1343.9193267077208 275.58713242411613 1114.5623496547341 22672.514613471925 366.3446059525013 2942.7540781199932 4433.8789896592498 157.84281255304813 304.17516918480396 134.59998373128474 4855.2500085383654 80.900311149656773 85.120684817433357 126.11185804009438 346.78327379375696 50.676646282896399 169.60784403607249
leaf_count=175361 35059 1142 2070 641 5967 8587 18323 5166 19506 1744227 17165 736 2119 2688 2599 7195 154809 1742 14756 23355 228 1947 2913 28134 204 454 1256 2018 1104 4779
internal_value=0.00682237 0.0340237 0.00627926 -0.0251 0.00671088 -0.00133943 -0.0100832 0.00711719 0.00703443 0.00711846 -0.00250835 0.0295 0.0354261 0.0229912 -0.00318565 0.00340581 -0.0050075 -0.00456129 -0.00801797 0.00864156 0.0350107 -0.0151397 -0.0433152 -0.00141306 -0.000705934 -0.00148621 -0.0200215 -0.000733568 -0.0259333 -0.0500069
internal_weight=780242 15273.5 764968 10379.2 754589 5311.83 4138.47 724831 721071 717068 3370.26 1173.36 1104.16 3759.24 29758.5 6444.03 23314.4 23038.9 4003.17 5025.29 1501.76 1418.74 768.211 5652.61 5494.17 5413.27 211.233 5202.03 158.442 5067.35
internal_count=2286250 69371 2216879 230624 1986255 50484 46988 1792538 1784456 1763733 25752 3496 2855 8082 193717 34567 159150 156551 20723 25425 2916 9142 21236 34312 32066 31862 1710 30152 2246 180140
is_linear=0
shrinkage=0.05


Tree=44
num_leaves=31
num_cat=0
split_feature=52 52 11 55 17 23 72 24 13 17 45 55 60 24 22 23 17 13 28 57 18 16 52 15 17 15 18 56 18 57
split_gain=4354.33 4375.17 3811.18 2376.17 1096.17 556.02 585.309 358.03 358.304 1198.97 626.116 327.559 197.797 150.291 195.384 154.616 208.354 114.751 87.5779 57.4461 49.0434 45.5472 36.2672 83.8892 30.317 45.1223 35.4607 20.8709 18.3767 16.4317
threshold=258.00000000000006 385.00000000000006 11.633333333333335 422075.37971032743 4064.5000000000005 18.500000000000004 2.49740646022966 106067864.50000001 409.64719136532125 105243.50000000001 461.25000000000006 2742060.574160038 14569402.500000002 2425.5000000000005 471.50000000000006 354.00000000000006 2408.5000000000005 37865.056923745462 111.50000000000001 243231.00000000003 15.500000000000002 9096305.3841723371 12146.000000000002 16142.309523809527 341.50000000000006 559.14285714285722 1.5000000000000002 23228717.000000004 1.5000000000000002 25.500000000000004
decision_type=2 2 2 2 2 2 2 2 2 2 2 2 2 2 2 2 2 2 2 2 2 2 2 2 2 2 2 2 2 2
left_child=2 -2 3 27 13 6 11 8 10 -10 -6 -5 -8 14 17 16 -15 -4 -17 29 -16 -21 28 24 26 -26 -24 -1 -3 -7
right_child=1 22 4 5 7 19 12 -9 9 -11 -12 -13 -14 15 20 18 -18 -19 -20 21 -22 -23 23 -25 25 -27 -28 -29 -30 -31
leaf_value=-0.05023168819249943 0.054591176959763524 -0.013575627255567553 0.019462536247336709 0.040761801547218666 0.0051164795272316925 -0.0026720834452751219 0.087777069202877867 0.05736445612612992 0.0060148760557061009 0.011341536065841689 -0.012273136888499752 0.0055553672752438957 -0.037966366517699808 -0.044565800395256434 -0.013430146252836023 0.045883621632967414 -0.0057137379655821828 0.0021333893686948375 -0.038791215728070622 0.00066938631367895738 -0.042425751200449273 -0.042849953694972104 -0.0063287002521817464 0.050826306359554665 -0.017971794529164996 -0.00092214520013282533 0.0043280351925032079 0.10730176383618678 -0.050695342022035531 -0.049785217441471318
leaf_weight=4771.275530308485 9192.9889815449715 106.55808103084564 1099.5181798189878 862.23144142329693 133116.31837239116 19.147133812308311 32.571026142686605 349.25395219027996 449281.54465719312 138119.80273377895 5385.6684018075466 2826.1987925767899 785.59909501112998 351.82479356229305 930.73958051949739 209.24126798659563 17984.870443433523 7283.733267582953 35.755100332200527 131.87594743072987 172.92827342450619 110.49943512491882 1116.9803186357021 77.955245442688465 600.14291150867939 1098.1278001964092 2592.2460676655173 2.1034294031560412 48.526802152395248 553.62353972345591
leaf_count=178355 35059 1142 5042 3584 330196 109 91 873 1111454 330145 30054 11481 14350 3558 6389 891 125550 40274 296 2212 1533 3089 6417 204 4876 7490 13079 31 1104 17322
internal_value=0.00648983 0.0333207 0.00596918 -0.0245489 0.0063776 -0.00157481 0.00529874 0.00675231 0.00672796 0.00726737 0.00444028 0.0137855 -0.0329606 -0.00331775 0.00180268 -0.00593199 -0.00645919 0.00440622 0.0335261 -0.0395758 -0.0179733 -0.0191712 -0.00134606 -0.000671923 -0.00141433 -0.00694723 0.00111891 -0.0501623 -0.0251906 -0.0482103
internal_weight=779250 14833.5 764416 10095.1 754321 5321.75 4506.6 726253 725903 587401 138502 3688.43 818.17 28068.6 9486.92 18581.7 18336.7 8383.25 244.996 815.146 1103.67 242.375 5640.54 5485.45 5407.5 1698.27 3709.23 4773.38 155.085 572.771
internal_count=2286250 69371 2216879 230624 1986255 52238 29506 1802722 1801849 1441599 360250 15065 14441 183533 53238 130295 129108 45316 1187 22732 7922 5301 34312 32066 31862 12366 19496 178386 2246 17431
is_linear=0
shrinkage=0.05


Tree=45
num_leaves=31
num_cat=0
split_feature=52 52 11 55 33 57 57 17 60 36 13 17 5 57 1 24 22 4 27 13 13 26 52 15 0 18 14 56 18 52
split_gain=4108.72 4246.65 3503.73 2300.06 992.515 521.357 401.88 920.675 489.434 341.162 322.087 1085.58 575.976 242.786 220.327 146.506 172.587 162.79 136.908 105.83 102.006 48.2329 33.5306 78.6167 28.359 35.6348 31.2799 18.8768 17.9571 12.3781
threshold=258.00000000000006 385.00000000000006 11.633333333333335 422075.37971032743 537.18675336221111 29.500000000000004 243231.00000000003 10188517.500000002 12276361.500000002 17.129292929292934 409.64719136532125 105243.50000000001 312.00000000000006 3.5000000000000004 72.500000000000014 2425.5000000000005 471.50000000000006 93.000000000000014 1723.0000000000002 33975.237592344281 37865.056923745462 223.13592062443664 12146.000000000002 16142.309523809527 1306.5000000000002 925.50000000000011 668.56094129089604 23228717.000000004 1.5000000000000002 250.50000000000003
decision_type=2 2 2 2 2 2 2 2 2 2 2 2 2 2 2 2 2 2 2 2 2 2 2 2 2 2 2 2 2 2
left_child=2 -2 3 27 9 13 7 -7 -8 -4 12 -12 -11 -5 -15 16 20 19 -19 -17 -6 -18 28 24 25 -24 -26 29 -3 -1
right_child=1 22 4 5 15 6 8 -9 -10 10 11 -13 -14 14 -16 17 21 18 -20 -21 -22 -23 23 -25 26 -27 -28 -29 -30 -31
leaf_value=-0.050261630971294803 0.054353070031929601 -0.013041414377654671 0.057584168101366531 -0.063922488053598306 0.018311355501838586 0.057597214380946074 -0.048061127099502797 -0.03213498554583482 0.027438030509786871 0.0046938570285594144 0.005711845190142467 0.010781005334651251 -0.017810288986856399 0.039655599420665051 -0.030296868681730278 -0.020117247728616998 0.011329951969776984 -0.040793136110048353 -0.0031967614700458241 0.0095551765315910371 0.0020452804038194146 -0.020943883383145186 -0.0015979490028463874 0.050162004536593578 0.0068686794776824794 0.015892307393463503 -0.030377065839677628 0.093742593982240205 -0.050350949238160463 -0.0099089445695785851
leaf_weight=4531.7963089756668 8781.979642868042 105.40684273093939 325.59448918700218 69.663114350289106 1110.649690553546 324.96005621738732 268.88555094599724 2375.6154600046575 1064.4088871143758 135548.32514700294 449669.57389736921 138038.04678367823 2904.1970118135214 1048.791034584865 126.09854282997549 2593.786937057972 131.8144672960043 246.15513284504414 14868.824775092304 339.87260717153549 7290.9367226734757 950.86711592227221 4839.6809172108769 75.110554687678814 85.313495472073555 309.86641186475754 166.16027567535639 2.2822221256792536 46.467921001836658 19.084232822060585
leaf_count=178245 35059 1142 845 691 5041 2348 2459 34960 8523 345005 1114310 330145 15274 2659 598 19240 738 2471 103496 2301 40264 7125 28096 204 454 1696 1616 31 1104 110
internal_value=0.00617346 0.0326239 0.00567447 -0.0239814 0.00606115 -0.00152019 -0.0102485 -0.0213375 0.0122121 0.0064143 0.00639136 0.00690247 0.00422181 0.0267703 0.0321477 -0.00325711 0.00177432 -0.00590105 -0.00380904 -0.0166796 0.00419558 -0.0170146 -0.00128237 -0.000639657 -0.00134614 -0.000545499 -0.0177413 -0.0500203 -0.0244567 -0.0500924
internal_weight=778260 14410 763850 9831.59 754019 5278.42 4033.87 2700.58 1333.29 726486 726160 587708 138453 1244.55 1174.89 27532.9 9484.27 18048.6 15115 2933.66 8401.59 1082.68 5628.01 5476.13 5401.02 5149.55 251.474 4553.16 151.875 4550.88
internal_count=2286250 69371 2216879 230624 1986255 52238 48290 37308 10982 1805579 1804734 1444455 360279 3948 3257 180676 53168 127508 105967 21541 45305 7863 34312 32066 31862 29792 2070 178386 2246 178355
is_linear=0
shrinkage=0.05


Tree=46
num_leaves=31
num_cat=0
split_feature=52 52 11 55 15 23 72 32 2 18 55 60 33 23 44 25 23 24 19 27 21 57 16 52 15 17 32 18 18 56
split_gain=3873.06 4122.45 3221.18 2225.53 898.639 512.054 520.801 349.616 326.607 333.971 290.955 173.579 133.208 127.569 323.233 477.487 227.008 134.458 74.5547 61.4666 59.7506 54.759 44.4871 30.9831 73.6826 27.8553 41.6465 32.0573 17.5313 17.2686
threshold=258.00000000000006 385.00000000000006 11.633333333333335 422075.37971032743 3688.5000000000005 18.500000000000004 2.49740646022966 10.625693993338086 30.000000000000004 1.0000000180025095e-35 2742060.574160038 14569402.500000002 10.896985349326687 87.500000000000014 1.5000000000000002 2204.2500000000005 371.50000000000006 2352.5000000000005 36293.500000000007 818.50000000000011 2489.7329804702631 243231.00000000003 9096305.3841723371 12146.000000000002 16142.309523809527 341.50000000000006 1243.2658579513372 1.5000000000000002 1.5000000000000002 23228717.000000004
decision_type=2 2 2 2 2 2 2 2 2 2 2 2 2 2 2 2 2 2 2 2 2 2 2 2 2 2 2 2 2 2
left_child=2 -2 3 29 13 6 10 8 9 -6 -5 -8 -9 14 17 -16 19 -4 -14 -15 -18 -7 -23 28 25 27 -27 -25 -3 -1
right_child=1 23 4 5 7 21 11 12 -10 -11 -12 -13 18 16 15 -17 20 -19 -20 -21 -22 22 -24 24 -26 26 -28 -29 -30 -31
leaf_value=-0.049956877486962571 0.054128682376107518 -0.012523120447943591 0.0043746903813564235 0.038369932959877687 -0.0084310662169810088 -0.047717184032910739 0.080977543645997171 0.013685704076244733 0.057185601524123858 0.0060880760038544215 0.0051679714893301983 -0.036894855963122024 0.029174345543170294 -0.0051586266450027781 0.013913359386884018 0.12612418069930775 0.026420692688815681 -0.0045182712517801531 0.066032318911957863 -0.026245148272625047 -0.015950325530310193 0.00048799717378534402 -0.042683578957889816 -0.0059627531450343763 0.049509187954143004 0.0025204545501725188 -0.013365007290287166 0.0041848210494813262 -0.050008467952736682 0.082921439652595755
leaf_weight=4340.3972880728543 8387.4312200248241 104.30947497487068 5325.2740744948387 862.23679229803383 3982.6774924695492 538.55400628596544 32.591642443090677 2253.3196293562651 311.88191139698029 716133.88473378122 2810.998747933656 749.21106223203242 1335.553930670023 449.42830289900303 639.79184608161449 111.29744143784046 373.87833635509014 21058.594562530518 152.90739092230797 1495.8916324004531 107.02086464315653 131.93678160198033 108.94924788177013 1111.4719557762146 72.365693509578705 718.18020583689213 969.64684074372053 2596.3368253111839 44.496768919751048 2.446440525352954
leaf_count=178355 35059 1142 27474 3584 20679 17431 91 5166 844 1762933 11481 14350 2688 3278 2889 322 1775 144534 228 12891 554 2212 3089 6417 204 4810 7556 13079 1104 31
internal_value=0.00587221 0.0319289 0.00539416 -0.0234205 0.00576029 -0.00146642 0.00507477 0.00610911 0.00602993 0.00600778 0.0129616 -0.031981 0.0213532 -0.00278474 -0.00180258 0.0305409 -0.0137693 -0.00272333 0.0329607 -0.0213735 0.0169913 -0.0388538 -0.0190379 -0.00122136 -0.000608752 -0.00128093 -0.00660565 0.00114293 -0.0237322 -0.049882
internal_weight=777313 14004.2 763309 9577.32 753731 5234.48 4455.04 724170 720428 720117 3673.24 781.803 3741.78 29561.2 27135 751.089 2426.22 26383.9 1488.46 1945.32 480.899 779.44 240.886 5616.81 5468 5395.64 1687.83 3707.81 148.806 4342.84
internal_count=2286250 69371 2216879 230624 1986255 52238 29506 1792538 1784456 1783612 15065 14441 8082 193717 175219 3211 18498 172008 2916 16169 2329 22732 5301 34312 32066 31862 12366 19496 2246 178386
is_linear=0
shrinkage=0.05


Tree=47
num_leaves=31
num_cat=0
split_feature=52 52 11 55 32 3 33 18 18 45 72 18 58 15 38 16 28 32 57 28 57 58 23 15 15 14 15 57 1 57
split_gain=3647.88 4001.56 2960.84 2152.75 828.797 626.499 484.025 416.227 811.464 898.938 338.357 314.302 299.309 209.547 277.373 163.269 161.28 96.382 84.9881 67.0263 44.7478 30.6358 28.933 66.6447 25.6718 37.7108 27.9942 20.7378 16.859 16.4674
threshold=258.00000000000006 385.00000000000006 11.633333333333335 422075.37971032743 0.016218388647500154 313.50000000000006 0.010591711977242851 1.5000000000000002 72.500000000000014 544.03787878787887 2.7795727896415063 104903.50000000001 7615845.666666667 353183.58823529416 901.92982456140339 989601.83396470372 2354.5000000000005 0.014846588768737653 539685.00000000012 3796.5000000000005 38.500000000000007 83579888.500000015 1.5000000000000002 16142.309523809527 1497.8750000000002 668.56094129089604 814.67391304347825 3.5000000000000004 374.50000000000006 262956.50000000006
decision_type=2 2 2 2 2 2 2 2 2 2 2 2 2 2 2 2 2 2 2 2 2 2 2 2 2 2 2 2 2 2
left_child=2 -2 3 28 5 16 10 13 9 -9 12 -10 -5 14 -6 -15 17 -4 -12 -18 27 -7 23 24 26 -26 -3 -8 -1 -22
right_child=1 22 4 6 7 21 20 8 11 -11 18 -13 -14 15 -16 -17 19 -19 -20 -21 29 -23 -24 -25 25 -27 -28 -29 -30 -31
leaf_value=-0.049818686653411978 0.053917113151699829 -0.0020116504922263515 0.0063438570020023623 -0.033272547609622345 0.034499335698943444 -0.064138493011669045 -0.055665233263019767 0.041904343540246566 0.0050030773283036185 0.0015291198285371458 -0.046793945754869053 0.0071798618799266871 0.012615249254884607 -0.04216262729848954 -0.0015272845379953361 -0.0094346157614067349 -0.0048061936235591803 -0.0020284769123327245 0.027156979614625289 0.013791493258839368 -0.05090057887812769 -0.037044460351548285 -0.048968481569734906 0.04733288663980869 0.0064843448398017979 -0.037010368080020603 0.010447795152191953 0.051244047562692754 0.080567105017741447 -0.029087995400744832
leaf_weight=4140.0282837655395 8008.8866814672947 4800.4202575534582 7978.1163569837809 392.05784724280238 579.30382615327835 376.11039105057716 6.1277386955916908 3265.023385182023 434608.09311082959 2386.0963761433959 370.90790533274412 268136.93684952706 3796.1991592161357 427.6048681139946 6871.8379599377513 3501.6910526230931 18638.450297862291 6039.883769467473 43.397563427686691 497.39959482848644 461.10446564853191 144.38557749986649 31.473117675632238 70.727934122085571 85.474358297884464 119.51855644583702 497.55600610375404 17.462119203060865 2.4806840047240248 106.51442705094814
leaf_count=178366 35059 28497 30458 3798 1544 1751 112 6557 1069837 14172 8953 652444 19201 2536 37858 19924 129776 15501 661 3284 16647 613 904 212 454 1255 2990 95 20 2771
internal_value=0.00558541 0.0312394 0.00512754 -0.0228569 0.00547431 -0.00219252 -0.00141468 0.005833 0.0059854 0.0248565 0.0040559 0.00583364 0.00831975 -0.00365326 0.00127368 -0.0129962 -0.001338 0.0027365 -0.0390478 -0.00432278 -0.0440032 -0.0566226 -0.00116339 -0.000893451 -0.00151329 -0.0188747 -0.00084153 0.0234731 -0.0497406 -0.0468074
internal_weight=776401 13614.1 762787 9336.28 753451 33674.3 5193.77 719777 708396 5651.12 4602.56 702745 4188.26 11380.4 7451.14 3929.3 33153.9 14018 414.305 19135.8 591.209 520.496 5605.17 5573.7 5502.97 204.993 5297.98 23.5899 4142.51 567.619
internal_count=2286250 69371 2216879 230624 1986255 181383 52238 1804872 1743010 20729 32613 1722281 22999 61862 39402 22460 179019 45959 9614 133060 19625 2364 34312 33408 33196 1709 31487 207 178386 19418
is_linear=0
shrinkage=0.05


Tree=48
num_leaves=31
num_cat=0
split_feature=52 52 11 55 32 3 23 18 18 18 45 17 18 15 38 17 16 28 4 45 57 57 30 58 52 15 17 15 18 18
split_gain=3431.93 3884.68 2720.54 2082.44 748.1 580.252 460.589 480.09 375.712 748.702 844.126 329.315 284.023 190.873 249.065 173.295 153.154 147.927 109.26 83.027 53.648 44.214 37.0177 29.5971 27.8979 64.9095 25.8004 38.6572 28.9878 16.902
threshold=258.00000000000006 385.00000000000006 11.633333333333335 422075.37971032743 0.016218388647500154 313.50000000000006 18.500000000000004 2.5000000000000004 1.5000000000000002 72.500000000000014 544.03787878787887 10188517.500000002 104765.50000000001 353183.58823529416 901.92982456140339 10188517.500000002 989601.83396470372 2421.5000000000005 93.000000000000014 68.583333333333357 243231.00000000003 2435016.0000000005 28.000000000000004 83579888.500000015 12146.000000000002 16142.309523809527 341.50000000000006 559.14285714285722 1.5000000000000002 1.5000000000000002
decision_type=2 2 2 2 2 2 2 2 2 2 2 2 2 2 2 2 2 2 2 2 2 2 2 2 2 2 2 2 2 2
left_child=2 22 3 -1 5 17 7 11 13 10 -10 -5 -11 14 -6 -9 -15 18 -4 -19 -8 -22 -2 -7 29 26 28 -28 -26 -3
right_child=1 24 4 6 8 23 20 15 9 12 -12 -13 -14 16 -16 -17 -18 19 -20 -21 21 -23 -24 -25 25 -27 27 -29 -30 -31
leaf_value=-0.049598982418129905 0.20107917884377163 -0.01189090846713395 0.016675141239359707 0.035260088870519631 0.032611369175169394 -0.062607865891478542 -0.04719271825962161 -0.054010805164126777 0.040758007385371067 0.0047376137672197971 0.0014513785249814473 -0.014576193358304729 0.0067976434322975735 -0.04106697881321509 -0.0014521275111559907 0.029793460095863041 -0.0090135950333486963 -0.012079151116722316 0.00090653421777504904 -0.0029502220382170577 0.0044406752538675492 -0.038959694864170863 0.053635407283297111 -0.03573464916449727 -0.0055928767017893654 0.048295179730634928 -0.016662600966757417 -0.00073554740048106739 0.0040717652043189409 -0.04959706680802467
leaf_weight=3951.463196054101 4.2593026161193839 103.00622621923685 1181.4565366953611 384.01219192519784 582.12366580963135 366.29011559486389 501.82061076164246 64.243183046579361 3190.9146598577499 427742.25501645356 2388.1546014174819 2423.2356507517397 274821.13187643141 417.32639651745558 6866.2740019112825 1550.4176496919245 3482.4929900765419 3069.5344691351056 15652.026486754417 13207.765562899411 112.22231774404645 123.00415974110365 7641.6166062951088 142.24911177158356 1105.9364252686501 67.224921278655529 584.74655711650848 1093.2780086249113 2599.5704281255603 41.773137597367167
leaf_count=178386 7 1142 5361 1681 1544 1751 17431 238 6557 1053383 14172 22828 668898 2536 37858 4759 19924 22543 57804 93311 1900 3401 35052 613 6417 204 4876 7490 13079 1104
internal_value=0.00531289 0.0305496 0.00487448 -0.0222848 0.00520303 -0.00208716 -0.00136363 0.00473579 0.00554367 0.00568831 0.0239326 -0.00775893 0.00554343 -0.00348204 0.00121008 0.0264591 -0.0124437 -0.00127309 0.00201325 -0.00467173 -0.0379571 -0.0182542 0.0537175 -0.0550909 -0.00110769 -0.000532301 -0.00114202 -0.0062857 0.00118728 -0.0227703
internal_weight=775462 13241.4 762220 9110.42 753110 33619.3 5158.96 4421.91 719491 708142 5579.07 2807.25 702563 11348.2 7448.4 1614.66 3899.82 33110.8 16833.5 16277.3 737.047 235.226 7645.88 508.539 5595.54 5450.76 5383.53 1678.02 3705.51 144.779
internal_count=2286250 69371 2216879 230624 1986255 181383 52238 29506 1804872 1743010 20729 24509 1722281 61862 39402 4997 22460 179019 63165 115854 22732 5301 35059 2364 34312 32066 31862 12366 19496 2246
is_linear=0
shrinkage=0.05


Tree=49
num_leaves=31
num_cat=0
split_feature=52 52 11 55 32 3 33 18 18 45 18 17 57 15 38 72 28 32 58 28 57 32 58 23 15 15 14 18 57 57
split_gain=3225.96 3769.79 2500.69 2012.04 675.306 537.818 438.141 339.145 690.528 792.412 318.912 264.696 246.034 173.813 223.803 147.095 135.481 85.3809 74.2907 61.225 42.3076 29.9723 28.6924 26.4054 58.4297 23.7452 35.4458 25.4378 18.6588 17.0622
threshold=258.00000000000006 385.00000000000006 11.633333333333335 422075.37971032743 0.016218388647500154 313.50000000000006 0.010591711977242851 1.5000000000000002 72.500000000000014 544.03787878787887 1.0000000180025095e-35 93835.500000000015 22.500000000000004 353183.58823529416 901.92982456140339 2.7963801817637712 2354.5000000000005 0.014846588768737653 11378108.937500002 3796.5000000000005 38.500000000000007 0.07435194611442196 83579888.500000015 1.5000000000000002 16142.309523809527 1497.8750000000002 668.56094129089604 925.50000000000011 3.5000000000000004 262956.50000000006
decision_type=2 2 2 2 2 2 2 2 2 2 2 2 2 2 2 2 2 2 2 2 2 2 2 2 2 2 2 2 2 2
left_child=2 21 3 -1 5 16 10 13 9 -9 18 -10 -12 14 -6 -15 17 -4 -5 -18 28 -2 -7 24 25 27 -27 -3 -8 -22
right_child=1 23 4 6 7 22 20 8 11 -11 12 -13 -14 15 -16 -17 19 -19 -20 -21 29 -23 -24 -25 -26 26 -28 -29 -30 -31
leaf_value=-0.049455734520222477 0.18771727592248527 -0.0016535200082564193 0.0059033106692663491 -0.0135739398949746 0.030848051529106586 -0.061176034344062526 -0.055351412076415751 0.039640707651863345 0.021103275450970606 0.0013776534215514816 0.032301542130184255 0.0052081849858981915 0.0023163946462672379 -0.028865564274311042 -0.0013806122534918935 -0.0063090939574096108 -0.0044258669568291919 -0.0019723112930676856 -0.048339147871505998 0.013300925422120455 -0.050672717336705614 0.053446705261139954 -0.03447164783865983 -0.04838241518114908 0.046041184656618932 0.0061887182809647013 -0.036222965688679921 0.012219114275740378 0.048252337727653617 -0.027913234818454747
leaf_weight=3769.3629862610251 4.1585867851972571 4933.9317189082503 7998.6093858331442 333.19139721430838 584.56328970193863 356.37250253558159 5.7790937069803503 3118.6667329743505 2628.9933008477092 2390.1085144132376 880.72203700616956 699750.37251261622 3064.3474610503763 961.60639134794474 6860.9840356260538 2909.8938542455435 18531.656878009439 6040.094957575202 285.2061958797276 500.23774284124374 426.8874386548996 7294.5278617590666 140.14232045412064 29.317102743312716 65.773118272423744 85.644216783344746 115.97672420740128 354.16709530353546 17.52308669872582 102.02890394814312
leaf_count=178386 7 29473 30458 3611 1544 1751 112 6557 5941 14172 2146 1716340 19522 5587 37858 16873 129776 15501 7334 3284 16647 35052 613 904 212 454 1255 2014 95 2771
internal_value=0.00505358 0.0298643 0.00463391 -0.0217368 0.00494516 -0.00198683 -0.00131288 0.0052687 0.00540598 0.0230394 0.0037773 0.00526768 0.00901047 -0.00331852 0.00114972 -0.0119117 -0.00121134 0.00251486 -0.0296077 -0.00395993 -0.0433775 0.0535232 -0.0536387 -0.00105499 -0.000805233 -0.00136651 -0.0182074 -0.000724409 0.0225579 -0.0462824
internal_weight=774541 12883.5 761657 8885.05 752772 33567.1 5115.69 719205 707888 5508.78 4563.47 702379 3945.07 11317 7445.55 3871.5 33070.6 14038.7 618.398 19031.9 552.219 7298.69 496.515 5584.81 5555.49 5489.72 201.621 5288.1 23.3022 528.916
internal_count=2286250 69371 2216879 230624 1986255 181383 52238 1804872 1743010 20729 32613 1722281 21668 61862 39402 22460 179019 45959 10945 133060 19625 35059 2364 34312 33408 33196 1709 31487 207 19418
is_linear=0
shrinkage=0.05


Tree=50
num_leaves=31
num_cat=0
split_feature=52 52 11 55 17 33 72 58 24 13 17 5 60 0 23 44 23 28 57 26 52 15 17 15 18 1 1 56 57 52
split_gain=3029.16 3658.42 2298.53 1943.08 613.953 417.169 306.76 330.343 300.896 295.28 899.286 452.031 263.444 109.437 99.1217 175.777 171.937 82.046 40.2264 34.4992 25.1274 57.2079 23.685 35.2364 26.2018 23.4216 17.3814 17.2928 17.184 16.5239
threshold=258.00000000000006 385.00000000000006 11.633333333333335 342598.18523235066 3677.5000000000005 0.010591711977242851 2.3995484431533924 8003970.5625000009 106067864.50000001 409.64719136532125 105243.50000000001 312.00000000000006 14569402.500000002 771.50000000000011 64.500000000000014 1.5000000000000002 354.00000000000006 42.500000000000007 38.500000000000007 199.12930894800709 12146.000000000002 16142.309523809527 341.50000000000006 559.14285714285722 1.5000000000000002 1.0000000180025095e-35 16.500000000000004 23228717.000000004 262956.50000000006 250.50000000000003
decision_type=2 2 2 2 2 2 2 2 2 2 2 2 2 2 2 2 2 2 2 2 2 2 2 2 2 2 2 2 2 2
left_child=2 25 3 27 13 6 7 -5 9 11 -11 -6 -8 17 15 -15 -16 19 26 -4 -3 22 24 -24 -22 -2 -7 29 -20 -1
right_child=1 20 4 5 8 18 12 -9 -10 10 -12 -13 -14 14 16 -17 -18 -19 28 -21 21 -23 23 -25 -26 -27 -28 -29 -30 -31
leaf_value=-0.049764125588758631 0.17002031485212676 -0.02183905742568848 -0.010941027998705949 -0.024452525503463454 0.0032902576817424411 -0.05767757385151271 0.089195683961161704 0.016187070351161764 0.055607709096948579 0.0043605294986980995 0.0089804470532785004 -0.016742090164261755 -0.030886192715753748 -0.0026571472678949717 -0.020615307997591353 0.034503032548723958 0.025074433307928481 0.082370076380165039 -0.050485331636112511 0.075178897516805496 -0.0052552563501972634 0.047113015187443374 -0.015960623692851863 -0.00068164671436964747 0.003946021243347129 0.053267358235041723 0.044835048866982759 0.084275088883490307 -0.027459212236379774 -0.00010304320093479842
leaf_weight=3557.3604398667812 4.2982259392738333 141.0543274730444 60.447001755237579 595.18201003596187 135268.95692038536 5.3741100374609259 48.501147352159023 3128.1984494701028 293.28840655088425 449828.85254798084 137541.56863944978 2875.9480401650071 783.68802329525352 24405.807473823428 1524.624025657773 322.43737085163593 238.0574698522687 65.136260658502579 412.62031079269946 14.399128831923006 1100.9118037670851 62.458017565310001 576.72460722923279 1091.538149818778 2603.1714454814792 6961.7165228575468 17.933031970635056 2.4163078740239134 100.82439420744777 16.829464923590422
leaf_count=177485 6 2246 206 4792 344976 101 76 14502 873 1118657 330145 15274 13728 161304 12183 1265 1188 138 16867 46 6417 204 4876 7490 13079 35053 110 31 2822 110
internal_value=0.00480675 0.0291793 0.00440512 -0.021194 0.00470005 -0.0013554 0.00355688 0.00969083 0.00497363 0.00495316 0.00544235 0.00287322 -0.0238877 -0.00275619 -0.00298918 -0.00217261 -0.0144447 0.0413369 -0.0430474 0.00562699 -0.00100437 -0.000463631 -0.00101675 -0.00596365 0.00121126 0.0533394 0.0211979 -0.0494399 -0.0459637 -0.0495303
internal_weight=773650 12541.9 761108 8668.93 752440 5092.32 4555.57 3723.38 725809 725515 587370 138145 832.189 26630.9 26490.9 24728.2 1762.68 139.982 536.752 74.8461 5575.86 5434.8 5372.35 1668.26 3704.08 6966.01 23.3071 3576.61 513.445 3574.19
internal_count=2286250 69371 2216879 230624 1986255 52998 33098 19294 1809925 1809052 1448802 360250 13804 176330 175940 162569 13371 390 19900 252 34312 32066 31862 12366 19496 35059 211 177626 19689 177595
is_linear=0
shrinkage=0.05


Tree=51
num_leaves=31
num_cat=0
split_feature=52 52 11 55 32 3 23 18 24 28 28 17 17 0 15 13 57 16 58 23 15 15 14 18 16 1 1 52 57 12
split_gain=2842.29 3549.46 2111.98 1877.03 558.583 487.326 400.795 421.161 305.314 450.127 559.512 298.949 158.565 118.133 103.471 65.0148 54.4912 46.5802 28.1745 24.5179 51.1261 21.9515 33.2976 22.676 18.8415 17.648 16.8619 16.443 16.0129 14.1027
threshold=258.00000000000006 385.00000000000006 11.633333333333335 342598.18523235066 0.016218388647500154 313.50000000000006 18.500000000000004 2.5000000000000004 77861255.000000015 111.50000000000001 84.500000000000014 10188517.500000002 12680596.500000002 2333.5000000000005 63768572.000000007 37865.056923745462 243231.00000000003 9815787.406859288 83579888.500000015 1.5000000000000002 16142.309523809527 1497.8750000000002 668.56094129089604 925.50000000000011 1949.3742458351016 1.0000000180025095e-35 374.50000000000006 250.50000000000003 25.500000000000004 9.1500389439689318
decision_type=2 2 2 2 2 2 2 2 2 2 2 2 2 2 2 2 2 2 2 2 2 2 2 2 2 2 2 2 2 2
left_child=2 25 3 26 5 13 7 11 9 10 -6 -5 -9 15 -15 -4 28 -18 -7 20 21 23 -23 -3 -11 -2 27 29 -8 -1
right_child=1 19 4 6 8 18 16 12 -10 24 -12 -13 -14 14 -16 -17 17 -19 -20 -21 -22 22 -24 -25 -26 -27 -28 -29 -30 -31
leaf_value=-0.049691106189316027 0.1512647909584095 -0.001497961565902341 0.029890078323866372 0.033398980071506296 0.0047430016300068004 -0.059471436339509812 -0.001499305750352052 -0.023249389723495592 0.056873749286181108 -0.047228399201094493 0.065401283041557026 -0.014100640874455315 0.029932193648325542 -0.0032429167299779793 0.005135246476336894 0.0059015645549971608 0.0014340550037984237 -0.044468046142215778 -0.032659148371372446 -0.04785667757935376 0.044721057833659983 0.0059068852693398826 -0.035439291737360941 0.011556853837486843 -0.02790566670251848 0.053097902413116932 0.081822390278944057 -9.789615602269666e-05 -0.048515075790906886 0.17348933307391562
leaf_weight=3391.2528973836452 4.5814777016639701 4921.9092876538634 317.24450516700745 384.74482250213623 717468.76708699763 343.65594327449799 18.883539635688066 155.2678642347455 280.94836704432964 356.76722563803196 380.36430224776268 2382.4424949213862 1440.4731674715877 25800.135875627398 4299.3063194900751 2575.4894871115685 138.93841613456607 91.77573817037046 137.05242395401001 27.726911811158061 61.211191833019257 85.805871389806271 112.5890406370163 356.74280900508165 195.17684892565012 6642.7891209870577 2.4498698562383643 16.828367812559009 442.20477290265262 0.70797699689865012
leaf_count=177495 6 29473 1161 1685 1797282 1751 112 483 857 3516 1810 23180 4579 153486 10558 13814 2556 2849 613 904 212 454 1255 2014 1407 35053 20 110 17554 1
internal_value=0.00457147 0.0285006 0.00418723 -0.0206467 0.00446676 -0.00184691 -0.0013059 0.0043005 0.00476082 0.00474044 0.00477514 -0.00749638 0.0247576 -0.00111868 -0.00204621 0.00853237 -0.0366633 -0.0168253 -0.0518271 -0.000956295 -0.000721492 -0.00122936 -0.0175571 -0.000615689 -0.0403956 0.0531656 -0.0493057 -0.0493999 -0.0465896 -0.0496445
internal_weight=772834 12213.4 760621 8465.97 752155 33472.9 5054.73 4362.93 718682 718401 717849 2767.19 1595.74 32992.2 30099.4 2892.73 691.802 230.714 480.708 5565.99 5538.26 5477.05 198.395 5278.65 551.944 6647.37 3411.24 3408.79 461.088 3391.96
internal_count=2286250 69371 2216879 230624 1986255 181383 52998 29927 1804872 1804015 1799092 24865 5062 179019 164044 14975 23071 5405 2364 34312 33408 33196 1709 31487 4923 35059 177626 177606 17666 177496
is_linear=0
shrinkage=0.05


Tree=52
num_leaves=31
num_cat=0
split_feature=52 52 11 55 17 57 57 17 60 36 13 17 5 57 57 0 23 23 44 28 26 23 15 17 0 14 52 56 1 17
split_gain=2664.27 3443.67 1940.58 1812.11 514.502 385.364 332.001 784.207 438.816 272.251 262.386 809.951 392.17 214.907 217.355 95.6269 79.0311 161.643 152.384 71.8682 30.0683 23.1419 47.7757 20.2803 27.0419 22.753 16.2972 15.8132 13.5686 12.5764
threshold=258.00000000000006 385.00000000000006 11.633333333333335 342598.18523235066 4064.5000000000005 29.500000000000004 243231.00000000003 10188517.500000002 11252566.000000002 17.129292929292934 409.64719136532125 105243.50000000001 312.00000000000006 3.5000000000000004 11.500000000000002 771.50000000000011 64.500000000000014 354.00000000000006 1.5000000000000002 42.500000000000007 199.12930894800709 1.5000000000000002 16142.309523809527 1276.5000000000002 1036.5000000000002 668.56094129089604 250.50000000000003 23228717.000000004 1.0000000180025095e-35 622.50000000000011
decision_type=2 2 2 2 2 2 2 2 2 2 2 2 2 2 2 2 2 2 2 2 2 2 2 2 2 2 2 2 2 2
left_child=2 28 3 26 15 13 7 -7 -8 -6 12 -12 -11 -5 -15 19 18 -18 -17 20 -4 22 23 24 -3 -25 27 -1 -2 -28
right_child=1 21 4 5 9 6 8 -9 -10 10 11 -13 -14 14 -16 16 17 -19 -20 -21 -22 -23 -24 25 -26 -27 29 -29 -30 -31
leaf_value=-0.049525312099633415 0.13705726404437965 -0.0011723495931692182 -0.010651299690146141 -0.063543466964287906 0.055736396595552178 0.053237392741301542 -0.052930005543850023 -0.030445648393430665 0.024372481539360179 0.0029075352482499485 0.0039150530998181008 0.0083027285837737504 -0.015854524968775298 0.060039037228492298 0.013348469182034814 -0.002370958087368499 -0.018345550218909542 0.022694364640239096 0.031137105164107216 0.076403311211007366 0.068610681835025 -0.047430225353532925 0.044012813773839643 0.0055994508821091971 0.018961030447238021 -0.026254698782082499 0.046015256728605139 0.07469331067679684 0.052937739034945044 -0.040616146116415133
leaf_weight=3234.1422933693975 4.7974426150321952 5052.4862127676606 60.357496947050095 67.032215818762779 259.17979387193918 321.16734732687473 220.76760242134333 2181.9760493524373 1089.993876889348 135240.19687814265 448529.42002165318 137398.97142587602 2843.7459773123264 370.09007840044796 763.45198000967503 25250.10643107444 1655.51295068115 280.59489107877016 343.91877561807632 66.470803461968899 14.923575602471827 26.605843916535378 59.139245226979256 85.98636943846941 172.47325949370861 161.0690895691514 7.8712337836623218 2.564066767692565 6337.4512476623058 8.9560915194451791
leaf_count=177485 6 30190 206 701 845 2387 2227 35539 8878 345004 1111454 330145 15274 742 2524 167090 13340 1367 1346 138 46 904 212 454 904 1648 37 31 35053 73
internal_value=0.00434715 0.0278225 0.00397967 -0.0201117 0.00424457 -0.00125669 -0.00903351 -0.0197086 0.0113527 0.00450022 0.00448187 0.00494395 0.00252114 0.0234482 0.0285925 -0.0024466 -0.00265751 -0.0123977 -0.00192069 0.0385153 0.00506144 -0.000910329 -0.00068656 -0.00116965 -0.000507757 -0.015168 -0.0491718 -0.0494269 0.0530014 -9.30082e-05
internal_weight=772111 11900 760211 8268.01 751943 5014.48 3813.9 2503.14 1310.76 724272 724012 585928 138084 1200.57 1133.54 27671.9 27530.1 1936.11 25594 141.752 75.2811 5557.76 5531.15 5472.01 5224.96 247.055 3253.53 3236.71 6342.25 16.8273
internal_count=2286250 69371 2216879 230624 1986255 52998 49031 37926 11105 1802722 1801877 1441599 360278 3967 3266 183533 183143 14707 168436 390 252 34312 33408 33196 31094 2102 177626 177516 35059 110
is_linear=0
shrinkage=0.05


Tree=53
num_leaves=31
num_cat=0
split_feature=52 52 11 55 33 23 72 55 36 13 5 23 60 24 22 4 27 18 13 18 18 58 52 18 17 32 18 18 52 1
split_gain=2495.09 3340.45 1783.18 1748.38 465.561 371.868 389.059 280.365 259.516 249.221 419.282 394.1 223.374 89.2767 143.315 140.649 124.839 100.536 81.2822 43.7855 33.7146 120.112 22.0884 48.1884 20.5881 34.115 23.6982 16.2394 16.1628 15.4744
threshold=258.00000000000006 385.00000000000006 11.633333333333335 342598.18523235066 537.18675336221111 29.500000000000004 2.3995484431533924 2544932.0322739733 17.129292929292934 460.47984093775455 312.00000000000006 146.50000000000003 10083354.500000002 2425.5000000000005 471.50000000000006 93.000000000000014 1723.0000000000002 2568.5000000000005 37865.056923745462 15.500000000000002 22607.500000000004 13711391.766666669 12146.000000000002 22607.500000000004 341.50000000000006 1243.2658579513372 1.5000000000000002 1.5000000000000002 250.50000000000003 374.50000000000006
decision_type=2 2 2 2 2 2 2 2 2 2 2 2 2 2 2 2 2 2 2 2 2 2 2 2 2 2 2 2 2 2
left_child=2 -2 3 28 8 6 7 -5 -4 10 -10 -11 -8 14 18 17 -17 -15 -6 -16 -7 -22 27 24 26 -26 -24 -3 29 -1
right_child=1 22 4 5 13 20 12 -9 9 11 -12 -13 -14 15 19 16 -18 -19 -20 -21 21 -23 23 -25 25 -27 -28 -29 -30 -31
leaf_value=-0.049404391029354754 0.052846201894309733 -0.010186865802925797 0.055425115633685323 0.038995377363525971 0.016173675305950052 -0.046216527018292014 0.081736494495882162 0.0038382119342658567 0.0041212413423929789 0.0098971733294285786 -0.015203361961329471 -0.0079410069230566923 -0.031949617311504266 0.0069653949481464326 -0.011597648056323826 -0.039227986012990899 -0.0019730789988703849 -0.018807837061983777 0.0017619068142648302 -0.040264673256457509 0.18341408496444356 -0.032549102749271488 -0.004884322266650979 0.051644298507707145 0.0027253506970518378 -0.011692007855557468 0.0038807913036211106 -0.048915052578977429 -0.00011782619129725742 0.072921837871566836
leaf_weight=3083.8936399873346 6050.1847050487995 99.624783612787724 247.88901805877686 707.11191046983004 1129.6974735856056 452.373744238168 45.535301879048347 2863.2714809011668 684428.6058370173 33606.426007859409 2818.4474784508348 3410.5480688139796 845.13899220526218 449.89717251807451 901.03812977671623 228.38268425315619 14601.254097610712 2380.1311344057322 7303.467571221292 156.30730570107698 7.3184583038091651 53.528609864413738 1095.4224543571472 44.173444971442223 727.68388235569 940.78061852604151 2605.0386676266789 37.166050292551517 16.794431639835238 2.5874859616160384
leaf_count=177496 35059 1142 845 3022 5041 20036 78 11833 1685349 92518 15275 11592 16266 3199 6379 2471 103496 18342 40264 1484 165 1598 6417 156 4858 7556 13079 1104 110 20
internal_value=0.00413415 0.0271481 0.00378276 -0.0195844 0.00403387 -0.00121086 0.00342609 0.0108011 0.00427475 0.00425725 0.00404199 0.00825366 -0.0261375 -0.00239424 0.00151686 -0.00449611 -0.00254682 -0.0147106 0.00369249 -0.0158355 -0.0415165 -0.00657386 -0.000866457 -0.000365022 -0.000792934 -0.00540402 0.00128611 -0.0207093 -0.0490357 -0.0493018
internal_weight=771340 11600.1 759740 8077.55 751662 4974.28 4461.06 3570.38 724512 724264 687247 37017 890.674 27150.2 9490.51 17659.7 14829.6 2830.03 8433.17 1057.35 513.221 60.8471 5549.89 5413.1 5368.93 1668.46 3700.46 136.791 3103.28 3086.48
internal_count=2286250 69371 2216879 230624 1986255 52998 31199 14855 1805579 1804734 1700624 104110 16344 180676 53168 127508 105967 21541 45305 7863 21799 1763 34312 32066 31910 12414 19496 2246 177626 177516
is_linear=0
shrinkage=0.05


Tree=54
num_leaves=31
num_cat=0
split_feature=52 52 11 55 32 3 33 18 18 6 18 17 54 28 15 0 15 58 28 24 57 58 23 15 15 14 15 57 52 1
split_gain=2335.01 3239.74 1637.86 1686.62 430.625 431.821 353.592 296.983 648.396 717.517 269.14 235.565 221.706 173.095 194.685 104.724 83.5721 69.4534 57.52 47.8915 37.0514 28.0164 21.0729 42.1056 19.4756 29.5816 19.0294 17.0947 16.0784 15.2869
threshold=258.00000000000006 385.00000000000006 11.633333333333335 342598.18523235066 0.016218388647500154 313.50000000000006 0.010591711977242851 1.5000000000000002 72.500000000000014 75.000000000000014 1.0000000180025095e-35 93835.500000000015 8859065.0000000019 52.500000000000007 353183.58823529416 2333.5000000000005 63768572.000000007 11378108.937500002 2247.5000000000005 26493946.000000004 38.500000000000007 83579888.500000015 1.5000000000000002 16142.309523809527 1497.8750000000002 668.56094129089604 814.67391304347825 262956.50000000006 250.50000000000003 16.500000000000004
decision_type=2 2 2 2 2 2 2 2 2 2 2 2 2 2 2 2 2 2 2 2 2 2 2 2 2 2 2 2 2 2
left_child=2 -2 3 28 5 15 10 13 9 -9 17 -10 -12 14 -6 18 -17 -5 -4 -15 29 -7 23 24 26 -26 -3 -22 -1 -8
right_child=1 22 4 6 7 21 20 8 11 -11 12 -13 -14 19 -16 16 -18 -19 -20 -21 27 -23 -24 -25 25 -27 -28 -29 -30 -31
leaf_value=-0.049175574717573493 0.052703096903314421 -0.001466089043322204 -0.0026405180085035452 -0.013047106363409031 0.0024051024044175347 -0.057585952155960296 -0.057550393186829155 0.0037220961438209177 0.019074281580255672 0.04030524912870892 0.011145006615994664 0.0040318339786655647 -0.037529431765194389 -0.033654486166529898 -0.01166637744505656 -0.0030040015797216835 0.0045294727266968222 -0.047677768316888379 0.012657289568190795 0.055867283128912926 -0.05007502133112425 -0.030393681430750857 -0.046800542009263049 0.042813005858731851 0.0051724191957611756 -0.034155087006410047 0.0087218801883150038 -0.026397016639367735 -0.00011194397127069807 0.041947584351095149
leaf_weight=2943.3169619273394 5770.3460828363895 4760.4936055615544 882.18347360938787 328.2275395989418 7003.3699435591698 328.48915207386017 4.930255729705098 2752.4483038187027 2612.3657157197595 2612.5002969801426 3622.642494622618 698720.851723589 250.09689822793007 539.28934637457132 3787.3609492108226 25690.872434988618 4297.1392204016447 259.04622691310942 2024.8317576050758 15.365340940654276 360.15418650209904 133.10803574323654 24.811987454071641 55.246510840952396 86.233949244022369 107.32635278999805 507.17155925184488 96.692998191341758 16.793185284361243 17.789544558152556
leaf_count=177516 35059 28497 4830 3612 36337 1751 101 15208 5941 5521 20204 1716340 1800 3648 21820 153486 10558 7482 10145 57 16867 613 904 212 454 1255 2990 2822 110 110
internal_value=0.00393133 0.026481 0.00359539 -0.0190527 0.0038335 -0.00172002 -0.001168 0.00409149 0.00422033 0.0215365 0.00321865 0.00408786 0.00800167 -0.00393394 -0.00253375 -0.00104612 -0.00192449 -0.0283227 0.00801491 -0.0311745 -0.0419642 -0.0497447 -0.000824983 -0.000618194 -0.00105755 -0.0166341 -0.00048519 -0.0450635 -0.0488972 0.0203563
internal_weight=770611 11311.6 759300 7899.69 751400 33356.6 4939.58 718044 706698 5364.95 4460.01 701333 3872.74 11345.4 10790.7 32895 29988 587.274 2907.02 554.655 479.567 461.597 5541.28 5516.47 5461.23 193.56 5267.67 456.847 2960.11 22.7198
internal_count=2286250 69371 2216879 230624 1986255 181383 52998 1804872 1743010 20729 33098 1722281 22004 61862 58157 179019 164044 11094 14975 3705 19900 2364 34312 33408 33196 1709 31487 19689 177626 211
is_linear=0
shrinkage=0.05


Tree=55
num_leaves=31
num_cat=0
split_feature=52 52 11 55 17 23 18 72 24 33 13 22 18 0 23 23 44 28 57 16 26 23 15 15 14 15 15 21 52 56
split_gain=2182.94 3141.64 1503.59 1626.75 389.604 337.657 362.789 265.494 247.783 226.523 201.456 189.89 154.038 84.0733 83.9769 141.145 135.576 63.6198 52.2844 45.1271 26.5407 19.8769 39.321 17.8897 27.729 17.0957 17.052 16.1195 15.9917 15.2121
threshold=258.00000000000006 385.00000000000006 11.633333333333335 342598.18523235066 3677.5000000000005 18.500000000000004 2.5000000000000004 2.3651477083656833 106067864.50000001 0.0083485198823528024 460.47984093775455 1095177.0000000002 10.500000000000002 771.50000000000011 64.500000000000014 354.00000000000006 1.5000000000000002 42.500000000000007 243231.00000000003 9815787.406859288 199.12930894800709 1.5000000000000002 16142.309523809527 1497.8750000000002 668.56094129089604 814.67391304347825 4672576.2352941185 272.28003000177347 250.50000000000003 23228717.000000004
decision_type=2 2 2 2 2 2 2 2 2 2 2 2 2 2 2 2 2 2 2 2 2 2 2 2 2 2 2 2 2 2
left_child=2 -2 3 28 13 6 7 -5 9 11 -11 -6 -8 17 16 -16 -15 20 26 -20 -4 22 23 25 -25 -3 -7 -10 29 -1
right_child=1 21 4 5 8 18 12 -9 27 10 -12 -13 -14 14 15 -17 -18 -19 19 -21 -22 -23 -24 24 -26 -27 -28 -29 -30 -31
leaf_value=-0.049158200018790961 0.052567660066865432 -0.0013940974874937274 -0.010548583124400178 0.0016899987369207445 -0.048043412000054631 -0.049924922655526081 0.033346291091371875 -0.034857388545912735 -0.026273144253988318 0.0036970084087901822 0.0074572533901079256 -0.0061583563060992833 -0.00079036077269675027 -0.0022144039191302448 -0.019033655998659131 0.022004076964084397 0.029926020061985484 0.071162890049630056 0.0022597925978320712 -0.043914260416751484 0.063046348692486986 -0.046361322097651737 0.042101653524857577 0.0049045874545001148 -0.033392274830252498 0.0082385469296958683 -0.020857459672455864 0.056014187488608883 -0.00010635338811283224 0.07179466674266638
leaf_weight=2804.3752256082371 5502.7073957622051 4756.1300251930952 60.29770216345787 2050.6957873199135 315.85290941596031 352.06084018666297 1095.8903748579323 655.83397674374282 6.1025352627038947 684635.60423177481 37574.366263471544 1888.6296246498823 473.14071767777205 24239.620152298361 1475.82960421592 244.19515138119459 332.61359946429729 67.53770712018013 136.21202551573515 86.530336717143655 15.374101549386976 23.819886093959212 53.417674452066422 86.391716115176678 104.36520417779684 510.00458759814501 58.894857143051922 240.44550652801991 16.792000953108072 2.6019617095589629
leaf_count=177485 35059 28497 206 10507 1028 15454 3153 14358 26 1694617 108457 4950 1909 161304 12183 1188 1265 138 2556 2849 46 904 212 454 1255 2990 2212 847 110 31
internal_value=0.00373861 0.0258153 0.00341752 -0.0185174 0.00364335 -0.00112485 0.00392345 -0.007166 0.00386085 0.00384379 0.00389264 -0.0121595 0.0230524 -0.00231886 -0.00252697 -0.0132075 -0.00177935 0.0358873 -0.0351857 -0.0156778 0.00440356 -0.000785207 -0.000588191 -0.00100608 -0.016048 -0.000461213 -0.0457592 0.0539774 -0.0487551 -0.0490461
internal_weight=769866 11036.8 758829 7733.03 751096 4909.26 4275.56 2706.53 724661 724414 722210 2204.48 1569.03 26435.5 26292.3 1720.02 24572.2 143.21 633.698 222.742 75.6718 5534.13 5510.31 5456.89 190.757 5266.13 410.956 246.548 2823.77 2806.98
internal_count=2286250 69371 2216879 230624 1986255 52998 29927 24865 1809925 1809052 1803074 5978 5062 176330 175940 13371 162569 390 23071 5405 252 34312 33408 33196 1709 31487 17666 873 177626 177516
is_linear=0
shrinkage=0.05


Tree=56
num_leaves=31
num_cat=0
split_feature=52 52 11 70 72 32 3 58 18 18 6 18 72 28 15 0 15 72 1 13 57 24 58 59 52 18 17 15 18 18
split_gain=2039.07 3045.74 1381.71 1566.96 484.268 360.912 403.444 337.969 269.199 595.419 672.256 239.208 186.26 161.103 178.137 96.4853 71.4032 70.2321 62.1884 51.8863 44.9345 42.5851 27.308 26.8827 19.4396 41.148 19.5516 30.6054 21.4308 15.4415
threshold=258.00000000000006 385.00000000000006 11.633333333333335 0.93933823529411775 2.7795727896415063 0.016218388647500154 313.50000000000006 7615845.666666667 1.5000000000000002 72.500000000000014 75.000000000000014 104248.50000000001 2.1191949551170413 52.500000000000007 353183.58823529416 2333.5000000000005 63768572.000000007 1.9740202314398314 374.50000000000006 37865.056923745462 539685.00000000012 26493946.000000004 83579888.500000015 3987602.4724380909 12146.000000000002 22607.500000000004 341.50000000000006 559.14285714285722 1.5000000000000002 1.5000000000000002
decision_type=2 2 2 2 2 2 2 2 2 2 2 2 2 2 2 2 2 2 2 2 2 2 2 2 2 2 2 2 2 2
left_child=2 -2 3 -1 7 6 15 17 13 10 -10 -11 -9 14 -7 19 -17 -5 20 -4 -6 -15 -8 -20 29 26 28 -28 -26 -3
right_child=1 24 5 4 18 8 22 12 9 11 -12 -13 -14 21 -16 16 -18 -19 23 -21 -22 -23 -24 -25 25 -27 27 -29 -30 -31
leaf_value=-0.048066406314333704 0.052439437430246497 -0.0095570519076906141 0.026542611638506453 -0.043313898997164722 -0.048524564459057389 0.00210131676031771 -0.056506042241220404 0.018098101088337811 0.0034010019090955877 0.0028996572891541294 0.039074666195694427 0.0047677228074956618 -0.0057946742237656177 -0.032806499074828584 -0.011372874212848058 -0.0028290174418002662 0.0041368433008026348 0.012138623405663284 -0.0091087897095068517 0.0053380964134553373 -0.0065005285489291012 0.055261953285275882 -0.029425724509116388 0.18530796601752847 -0.0045201486182076603 0.050594562428534898 -0.014652279204233114 -0.00030305786519796429 0.003828814712597542 -0.048453205360169956
leaf_weight=2756.9970964649692 5246.8126026242971 98.421191923320293 324.6254049167037 390.42165870405734 543.81490206718445 7015.2760899141431 319.32153178751469 2513.6397873740643 2750.1804483234882 402626.34244689345 2540.6163546591997 298358.8594288677 1207.5514971837401 528.9367061406374 3771.7878413572907 25623.056360233575 4295.5475473999977 66.881003669463098 3.0755878165364257 2591.9726359918714 72.035886401310563 14.092103548347948 131.40312898159027 4.2145934626460075 1090.0650513917208 39.451790928840637 562.18624352663755 1096.1821582466364 2606.5255891159177 34.446826656349003
leaf_count=177282 35059 1142 1161 7035 21808 36337 1751 10154 15208 993764 5521 728517 9951 3648 21820 153486 10558 2055 25 13814 2290 57 613 24 6417 156 4876 7538 13079 1104
internal_value=0.00355485 0.0251538 0.00324803 -0.0180227 -0.000772189 0.00346214 -0.00162759 0.0053598 0.00369823 0.00382088 0.0205313 0.00369476 0.0103447 -0.00394777 -0.00261005 -0.000982648 -0.0018289 -0.0352039 -0.0418905 0.00769822 -0.043609 -0.030521 -0.0486111 0.103287 -0.000747293 -0.000281926 -0.00065675 -0.00516744 0.00136684 -0.0196411
internal_weight=769225 10774.1 758451 7558.63 4801.63 750892 33285.9 4178.49 717606 706276 5290.8 700985 3721.19 11330.1 10787.1 32835.2 29918.6 457.303 623.141 2916.6 615.851 543.029 450.725 7.29018 5527.28 5394.41 5354.96 1658.37 3696.59 132.868
internal_count=2286250 69371 2216879 230624 53342 1986255 181383 29195 1804872 1743010 20729 1722281 20105 61862 58157 179019 164044 9090 24147 14975 24098 3705 2364 49 34312 32066 31910 12414 19496 2246
is_linear=0
shrinkage=0.05


Tree=57
num_leaves=31
num_cat=0
split_feature=52 52 11 55 15 33 33 72 54 2 10 18 23 44 33 23 28 27 57 27 21 24 57 23 15 52 17 0 14 12
split_gain=1903.2 2951.72 1268.45 1515.67 326.654 307.414 294.257 263.896 258.72 236.911 230.583 220.8 122.684 236.326 394.334 170.441 90.0978 84.1687 79.5412 66.286 56.7283 38.2826 18.8242 18.0865 34.6401 16.9226 16.849 21.0424 18.6499 14.7082
threshold=258.00000000000006 385.00000000000006 11.633333333333335 342598.18523235066 3688.5000000000005 0.011718766939487103 10.896985349326687 2.7795727896415063 7039372.5833333349 30.000000000000004 45.000000000000007 1.0000000180025095e-35 87.500000000000014 1.5000000000000002 537.18675336221111 371.50000000000006 32.500000000000007 4066.5000000000005 539685.00000000012 818.50000000000011 576.13792802625358 6153.5000000000009 25.500000000000004 1.5000000000000002 16142.309523809527 250.50000000000003 1276.5000000000002 1036.5000000000002 668.56094129089604 9.1500389439689318
decision_type=2 2 2 2 2 2 2 2 2 2 2 2 2 2 2 2 2 2 2 2 2 2 2 2 2 2 2 2 2 2
left_child=2 -2 3 25 12 7 9 8 -5 11 17 -6 13 16 -15 19 -4 -8 -9 -14 -17 -12 -7 24 26 29 27 -3 -28 -1
right_child=1 23 4 5 6 22 10 18 -10 -11 21 -13 15 14 -16 20 -18 -19 -20 -21 -22 -23 -24 -25 -26 -27 28 -29 -30 -31
leaf_value=-0.048857102173660627 0.052318013605959474 -0.00090854778002980746 -0.012759923919596043 0.011385050587885553 -0.0083895665096154568 0.028769109912064363 0.02564971805363981 -0.045226304621269545 -0.024105194665391173 0.054848652881097942 -0.004528481182520333 0.0034944405548392407 -0.0025185362658575895 0.10744180510564699 0.010595876029941697 -0.038816070609636474 -0.00095868668444654191 0.055335912046704155 0.026454778742771537 -0.024851216065273241 0.01867838579298044 -0.051624808305166706 -0.049014231026649223 -0.045706590674773451 0.040907689405589275 0.0023364183531449064 0.0046708187373146921 0.016657548978736361 -0.024377656107603108 0.18268730994456897
leaf_weight=2559.6766383443028 5002.2135145664215 5031.545271333307 1732.9253432005644 3503.7453791936859 3930.0088149681687 7.9676461536437264 1354.4341055378318 341.48953341320157 601.69916371908039 224.08364489674568 398.15178561210632 715226.46519655734 431.69711498916149 125.43754586577415 648.58847704529762 47.418741650879383 24246.207066576928 289.87225478887558 43.64768604375422 1442.508228763938 450.51655492931604 48.393194496631622 327.25056546367705 22.243884798139334 49.977508559823036 16.284810362383723 86.526635035872459 176.46357867121696 152.88433016464114 0.68603754043579002
leaf_count=177515 35059 30190 10349 19621 20664 69 3029 10908 4555 844 2567 1764073 3278 343 2868 277 161659 787 723 12891 2052 574 17122 904 212 110 454 904 1648 1
internal_value=0.00338041 0.0244994 0.00308726 -0.017509 0.00329038 -0.000976851 0.00349995 0.00247109 0.00618356 0.00344551 0.0222301 0.0034295 -0.00190103 -0.000934727 0.0262906 -0.012799 -0.00174588 0.0308831 -0.0371027 -0.0197072 0.0132031 -0.00963243 -0.0471654 -0.000711457 -0.000529395 -0.0484719 -0.000909561 -0.000313354 -0.0138791 -0.0487951
internal_weight=768521 10521.9 757999 7402.45 750597 4825.8 721471 4490.58 4105.44 719381 2090.85 719156 29125.3 26753.2 774.026 2372.14 25979.1 1644.31 385.137 1874.21 497.935 446.545 335.218 5519.64 5497.4 2576.65 5447.42 5208.01 239.411 2560.36
internal_count=2286250 69371 2216879 230624 1986255 52998 1792538 35807 24176 1785581 6957 1784737 193717 175219 3211 18498 172008 3816 11631 16169 2329 3141 17191 34312 33408 177626 33196 31094 2102 177516
is_linear=0
shrinkage=0.05


Tree=58
num_leaves=31
num_cat=0
split_feature=52 52 11 55 32 3 57 57 17 58 24 28 28 57 57 0 15 28 58 52 18 17 15 18 16 52 18 1 12 17
split_gain=1774.71 2859.99 1163.68 1459.87 307.791 376.395 295.633 275.272 685.092 402.485 243.75 392.089 507.238 199.929 190.616 88.456 61.3566 50.0502 26.6325 17.5212 36.9771 17.7692 27.9902 19.3499 17.4085 16.7744 14.8125 14.6965 12.9752 11.6756
threshold=258.00000000000006 385.00000000000006 11.633333333333335 342598.18523235066 0.016218388647500154 313.50000000000006 25.500000000000004 243231.00000000003 10188517.500000002 8956959.208333334 77861255.000000015 111.50000000000001 84.500000000000014 3.5000000000000004 11.500000000000002 2333.5000000000005 63768572.000000007 2247.5000000000005 83579888.500000015 12146.000000000002 22607.500000000004 341.50000000000006 559.14285714285722 1.5000000000000002 1949.3742458351016 250.50000000000003 1.5000000000000002 374.50000000000006 9.1500389439689318 622.50000000000011
decision_type=2 2 2 2 2 2 2 2 2 2 2 2 2 2 2 2 2 2 2 2 2 2 2 2 2 2 2 2 2 2
left_child=2 -2 3 25 5 15 13 8 -8 -9 11 12 -6 -5 -15 17 -17 -4 -7 26 21 23 -23 -21 -13 27 -3 28 -1 -27
right_child=1 19 4 6 10 18 7 9 -10 -11 -12 24 -14 14 -16 16 -18 -19 -20 20 -22 22 -24 -25 -26 29 -28 -29 -30 -31
leaf_value=-0.048851442768443776 0.052202989267435308 -0.0090691466802527605 -0.0026213675780146534 -0.063242234852937451 0.003329231557467921 -0.055470886978885317 0.050992522872502513 -0.032088698074754209 -0.027829257867203923 0.029288743094981775 0.055477621534558243 -0.046419176913659405 0.060131792051990166 0.05713534840589081 0.011724880940455247 -0.0027024114235163991 0.0037567984088018196 0.011628453658671725 -0.028494313192151139 -0.0042638559615713976 0.049904484677832595 -0.014036693595757006 -0.0002554788877340395 0.0036771302120947556 -0.027607742997689852 0.046019162559590598 -0.04804120274595753 0.069734257025683213 0.16053233127273081 -0.038642002656265016
leaf_weight=2438.6941193584353 4768.4724103584886 97.505835391581059 881.98428859561682 64.731794122606516 715971.02340175211 310.23904636502266 317.03111214190722 379.61237973719835 2113.2490050178021 901.17507269699126 224.14377029240131 338.68919384479523 393.23679655045271 352.50955655984581 670.93632505834103 25572.63636033982 4293.8984081596136 2044.8938816785812 129.75661997497082 1086.3137205541134 36.51643093675375 555.53907895088196 1094.0081037282944 2610.880297459662 193.10902401059866 7.8710002079606083 32.511044502258301 2.6183134242892256 0.74011564254760642 8.4382926598191244
leaf_count=177495 35059 1142 4830 701 1797282 1751 2390 3082 35930 8023 857 3516 1810 742 2130 153486 10558 10145 613 6417 156 4876 7538 13079 1407 37 1104 20 1 73
internal_value=0.00321416 0.0238477 0.00293413 -0.0169909 0.00312685 -0.00157721 -0.000941251 -0.00766112 -0.0175469 0.0110971 0.00334485 0.00332855 0.00336041 0.0219758 0.0273658 -0.000960849 -0.00177377 0.00733442 -0.0475154 -0.00067702 -0.000238969 -0.000581432 -0.00489675 0.0013439 -0.0395883 -0.0483233 -0.0188142 -0.0486608 -0.0487879 0.00221618
internal_weight=767893 10281.7 757611 7257.61 750354 33233.4 4799.25 3711.07 2430.28 1280.79 717120 716896 716364 1088.18 1023.45 32793.4 29866.5 2926.88 439.996 5513.27 5383.26 5346.74 1649.55 3697.19 531.798 2458.36 130.017 2442.05 2439.43 16.3093
internal_count=2286250 69371 2216879 230624 1986255 181383 52998 49425 38320 11105 1804872 1804015 1799092 3573 2872 179019 164044 14975 2364 34312 32066 31910 12414 19496 4923 177626 2246 177516 177496 110
is_linear=0
shrinkage=0.05


Tree=59
num_leaves=31
num_cat=0
split_feature=52 52 11 70 72 58 27 24 13 5 61 18 23 72 23 57 57 27 72 1 57 28 22 23 18 18 32 18 70 23
split_gain=1653.72 2770.07 1067.99 1410.68 412.344 300.847 279.768 258.595 235.125 334.833 420.88 275.755 267.366 630.966 398.192 193.492 164.931 128.87 57.6037 56.2087 43.1077 27.2761 26.632 16.4519 30.5452 13.6569 23.2434 20.4146 12.2283 61.7644
threshold=258.00000000000006 385.00000000000006 11.633333333333335 0.93933823529411775 2.7795727896415063 7477777.4375000009 509.50000000000006 106067864.50000001 461.14584262568343 312.00000000000006 5289514.0000000009 104248.50000000001 146.50000000000003 0.80470039032964802 1.5000000000000002 13403.000000000002 11.500000000000002 1723.0000000000002 1.8632496046294766 374.50000000000006 539685.00000000012 120.50000000000001 441.50000000000006 1.5000000000000002 22607.500000000004 327.50000000000006 1243.2658579513372 1.5000000000000002 0.90454545454545465 33136.000000000007
decision_type=2 2 2 2 2 2 2 2 2 2 2 2 2 2 2 2 2 2 2 2 2 2 2 2 2 2 2 2 2 2
left_child=2 -2 3 28 5 18 8 15 9 11 -11 -4 14 -14 -10 17 -7 -8 -5 20 -6 -17 -9 24 25 27 -27 -3 -1 -30
right_child=1 23 6 4 19 16 7 22 12 10 -12 -13 13 -15 -16 21 -18 -19 -20 -21 -22 -23 -24 -25 -26 26 -28 -29 29 -31
leaf_value=-0.048646129502042237 0.052093985465338992 -0.0044808078430971718 0.0021537461473932497 -0.04762549983297814 -0.047860939636668091 0.040518799061640014 -0.013960119363892657 -0.069438448026265004 0.0066114636100440376 -0.0018176301862066751 -0.044522979614450786 0.0041725575704712609 0.025626177008916496 -0.023766205239582935 0.024235566751523982 0.055783228298405207 0.0057141201215906278 -0.0014077078409178946 9.8538625862888395e-05 0.093363612265698864 -0.0061639012373679841 -0.043218653177125053 0.055487776197472721 -0.045033961580712628 0.045135255272766212 0.0024563922114142927 -0.0092413861310053323 0.0034880398748158739 -0.045277026996997184 0.044084113344542292
leaf_weight=2208.1810085847974 4545.1625592559576 1181.0229184627533 379926.1450220868 298.70623976457864 484.45641396008432 378.5486418325454 2199.4192075580359 4.3541591912508002 24320.343481980264 1972.0466815903783 815.53854006528854 304893.5852342546 977.49121098220348 1910.0084211155772 3691.3777956217527 160.80964737385511 3376.0106298336759 29074.978320900351 80.206737691536546 7.7154540494084349 71.079120083712041 7.271826706826686 211.09174188971519 20.79467399045825 36.461864292621613 722.70981865376234 1029.6669550836086 2515.5216066949069 184.49604627117515 21.600552555173635
leaf_count=166872 35059 7558 942983 6540 21808 1204 16050 24 62133 11243 4032 738384 2417 5989 9678 495 19235 191930 2216 49 2290 48 849 904 167 4824 8101 12758 9580 830
internal_value=0.00305582 0.0232036 0.0027884 -0.0164975 -0.000530835 0.00493801 0.00297122 -0.00162886 0.0031739 0.00298216 -0.0143115 0.00305256 0.00744069 -0.00704564 0.00893396 -0.00200293 0.00922326 -0.00229048 -0.0375235 -0.0406645 -0.0425259 0.0515 0.052963 -0.000644501 -0.000476224 -0.000781437 -0.00441702 0.000942043 -0.047559 -0.0359113
internal_weight=767327 10051.3 757275 7111 4696.72 4133.47 750164 31657.9 718507 687607 2787.59 684820 30899.2 2887.5 28011.7 31442.5 3754.56 31274.4 378.913 563.251 555.536 168.081 215.446 5506.18 5485.38 5448.92 1752.38 3696.54 2414.28 206.097
internal_count=2286250 69371 2216879 230624 53342 29195 1986255 209396 1776859 1696642 15275 1681367 80217 8406 71811 208523 20439 207980 8756 24147 24098 543 873 34312 33408 33241 12925 20316 177282 10410
is_linear=0
shrinkage=0.05


Tree=60
num_leaves=31
num_cat=0
split_feature=24 57 31 55 52 52 27 72 54 13 5 16 57 1 13 16 57 21 14 18 15 54 28 52 18 18 56 15 60 16
split_gain=1564.64 998.746 764.132 1363.82 390.907 1711.98 310.183 269.078 220.953 213.943 303.468 245.28 172.676 168.975 138.458 137.631 68.8133 59.9482 51.7439 40.1751 25.4396 23.0421 18.0519 15.6257 33.0508 14.3261 13.7001 12.1124 34.9832 5.51213
threshold=20988281.000000004 141987.00000000003 1.0000000180025095e-35 133766.22362664144 258.00000000000006 385.00000000000006 509.50000000000006 2.7795727896415063 7039372.5833333349 460.47984093775455 312.00000000000006 995820.26851541793 13403.000000000002 101.50000000000001 3616.784275275324 2850297.038849588 539685.00000000012 215.87544276316319 26.477986328641791 2.5000000000000004 1797832.3921568629 43317.000000000007 2498.5000000000005 12146.000000000002 22607.500000000004 1.5000000000000002 23228717.000000004 19252424.125000004 66736752.000000007 18766615.870363835
decision_type=2 2 2 2 2 2 2 2 2 2 2 2 2 2 2 2 2 2 2 2 2 2 2 2 2 2 2 2 2 2
left_child=2 17 3 26 6 -6 9 8 13 10 -4 -11 14 -5 -8 -10 18 22 -9 -18 -3 -14 27 25 -25 -7 -1 29 -29 -2
right_child=1 20 4 7 5 23 12 16 15 11 -12 -13 21 -15 -16 -17 19 -19 -20 -21 -22 -23 -24 24 -26 -27 -28 28 -30 -31
leaf_value=-0.049004547189927888 0.045565656581953731 0.055399738084760147 0.0028907747455997248 0.0072745689061752038 0.05205230740612965 -0.008453578665923769 -0.013867714419377437 -0.046361780769881733 -0.048652083589774596 0.0061561039586051254 -0.013697347977928549 0.031870378921687849 0.033044109204514803 0.068936647930596229 -0.001368858808643691 -0.00074326865121961052 -0.021469053563123119 0.052168438876374991 0.22305243322478496 0.070533677339005216 -0.05035593202841894 0.070673795127448646 -0.049197281937663914 -0.00051141870064630316 0.049191813210838493 -0.047647557620864825 0.063887134963740086 0.22477465432843211 -0.00085294089725472403 -0.062491406137972466
leaf_weight=1980.3174245003611 1.6809096634387959 5.8060341682285062 681272.4194146432 3474.5518602393568 2145.2526936382055 96.36635635048151 2399.8094571884722 364.9585590204224 285.6266610827297 33319.325432337821 2768.3400570750237 953.92072038352489 99.216106176376343 114.77302865311503 28886.38746933639 315.48743781354278 27.356891666539013 2388.5672581261024 1.7909525781869877 20.954564400948584 276.1539779510349 68.956080080941319 18.262646066024899 5338.7893162295222 33.65756206959486 30.755645849741995 2.6910978518426409 2.41898564994335 5.9281521774828434 3.9619286954402924
leaf_count=161530 13 25 1673282 22669 17344 1142 17710 13956 2942 85943 15275 2470 439 251 193876 1963 638 18598 4 183 22437 108 150 31907 156 1103 31 7 53 45
internal_value=0.00290554 0.0408811 0.0027712 -0.0141831 0.00291868 0.0141678 0.00280398 0.000744139 0.00454776 0.00301679 0.00282364 0.0068718 -0.00205597 0.00924629 -0.00232758 -0.0235077 -0.0376571 0.0512541 -0.0450461 0.0184361 -0.0481782 0.0484735 -0.0164575 -0.000610003 -0.000200036 -0.0179361 -0.0488513 0.0262814 0.0645335 -0.030303
internal_weight=766704 2702.78 764002 6588.51 757413 7644.82 749768 4605.5 4190.44 718314 684041 34273.2 31454.4 3589.32 31286.2 601.114 415.061 2420.82 366.75 48.3115 281.96 168.172 32.2526 5499.57 5372.45 127.122 1983.01 13.99 8.34714 5.64284
internal_count=2286250 41328 2244922 204167 2040755 51652 1989103 42606 27825 1776970 1688557 88413 212133 22920 211586 4905 14781 18866 13960 821 22462 547 268 34308 32063 2245 161561 118 60 58
is_linear=0
shrinkage=0.05


Tree=61
num_leaves=31
num_cat=0
split_feature=24 57 31 55 52 52 27 72 33 54 13 27 22 72 57 16 26 57 70 14 58 15 28 23 15 56 26 58 24 16
split_gain=1494.76 947.52 699.465 1308.92 361.347 1644.85 280.013 251.076 208.033 200.967 188.08 177.418 170.934 160.91 151.449 129.366 91.3607 65.7719 58.196 44.0182 36.9296 24.1581 16.7835 14.5993 27.0224 12.8464 10.3887 20.1681 6.1854 5.14526
threshold=20988281.000000004 141987.00000000003 1.0000000180025095e-35 133766.22362664144 258.00000000000006 385.00000000000006 570.50000000000011 2.7795727896415063 0.0083485198823528024 7039372.5833333349 461.8525535849937 1723.0000000000002 1095177.0000000002 1.3240730404473917 13403.000000000002 2850297.038849588 366.87682422550739 539685.00000000012 0.30384615384615393 26.477986328641791 26767916.250000004 1797832.3921568629 2498.5000000000005 1.5000000000000002 16142.309523809527 23228717.000000004 40771887.56128037 66943289.000000007 30009205.500000004 18766615.870363835
decision_type=2 2 2 2 2 2 2 2 2 2 2 2 2 2 2 2 2 2 2 2 2 2 2 2 2 2 2 2 2 2
left_child=2 18 3 25 6 -6 8 9 12 13 -10 16 -4 -5 -13 -11 -8 19 22 -9 -19 -3 26 24 -7 -1 28 -28 -2 -24
right_child=1 21 4 7 5 23 11 17 10 15 -12 14 -14 -15 -16 -17 -18 20 -20 -21 -22 -23 29 -25 -26 -27 27 -29 -30 -31
leaf_value=-0.048892157069836753 0.064078876861464795 0.055042780082370936 -0.04647619032817344 -0.029830202495501848 0.051954029442115558 -0.00074388922986696245 -0.010219883004352972 -0.04598404853904639 0.0027488599705560906 -0.047478840111752761 0.0069319563106047567 -0.0013624452917117952 -0.0067709537285473246 0.011675200594428881 0.046266879222697593 -0.00070624189674548768 -0.035752549194975287 0.044004444136665377 0.052057321855304178 0.18939059113801476 -0.053592352425065708 -0.05029691874625495 0.024516060058766082 -0.044157461396890647 0.038580318461866547 0.058412620455717837 0.16179129065743969 0.0024340120933599835 -0.056870983088394084 -0.058443326123855735
leaf_weight=1887.958394064568 1.392375849187373 5.5577838998287907 316.53652476519346 251.05682626739144 2044.3901329189539 5431.3433406203985 1178.0027904007584 349.93966511171311 688484.57102772593 278.24000447615981 27962.584777079523 29049.001076070592 1886.8864219859242 3341.9559525279328 167.86493558436632 315.42793223075569 498.66351540386677 35.432741669937968 2276.7510348623618 1.9976743161678303 13.342561556026338 262.9863080503419 2.1249110326170948 19.152830981649458 44.040397275239229 2.7933553494513026 3.0706305801868421 5.6181285688653588 4.3892476474866271 15.520956927910445
leaf_count=161530 9 25 1030 4443 17344 33196 8356 13956 1699633 2942 74506 194789 4950 18477 545 1963 5294 491 18575 4 330 22437 18 900 212 31 9 50 72 133
internal_value=0.00276245 0.0407755 0.00263414 -0.0137256 0.00277413 0.013666 0.00266458 0.000703338 0.00286495 0.00432219 0.00291212 -0.00199649 -0.0124749 0.00877507 -0.00108879 -0.0226276 -0.0178136 -0.0371068 0.0511145 -0.044648 0.0173067 -0.0481168 -0.0157218 -0.000580024 -0.000427591 -0.0487336 0.0241927 0.0587513 -0.0277429 -0.0484534
internal_weight=766139 2577.41 763561 6478.15 757083 7538.93 749544 4587.39 718651 4186.68 716447 30893.5 2203.42 3593.01 29216.9 593.668 1676.67 400.713 2308.87 351.937 48.7753 268.544 32.1163 5494.54 5475.38 1890.75 14.4704 8.68876 5.78162 17.6459
internal_count=2286250 41328 2244922 204167 2040755 51652 1989103 42606 1780119 27825 1774139 208984 5980 22920 195334 4905 13650 14781 18866 13960 821 22462 291 34308 33408 161561 140 59 81 151
is_linear=0
shrinkage=0.05


Tree=62
num_leaves=31
num_cat=0
split_feature=24 57 31 55 52 52 32 17 13 28 72 16 60 57 55 23 57 23 58 21 25 28 52 18 18 1 0 26 0 1
split_gain=1427.69 899.015 640.239 1255.64 333.757 1579.95 258.529 694.406 303.688 277.713 239.724 284.124 280.233 205.561 202.19 181.932 174.853 142.133 115.246 56.3771 22.9499 15.4385 14.0836 29.7537 13.7092 12.6544 9.70864 12.5266 5.22417 4.30208
threshold=20988281.000000004 141987.00000000003 1.0000000180025095e-35 133766.22362664144 258.00000000000006 385.00000000000006 9.3061779064045229 105243.50000000001 413.29106493808155 111.50000000000001 2.3266635527675161 3112382.2400951753 10083354.500000002 243231.00000000003 6703153.4113774542 2992738.0000000005 441.00000000000006 11.500000000000002 6881143.0000000009 215.87544276316319 3104648.7500000005 2498.5000000000005 12146.000000000002 22607.500000000004 1.5000000000000002 374.50000000000006 93962056.500000015 40771887.56128037 31030358.500000004 1.0000000180025095e-35
decision_type=2 2 2 2 2 2 2 2 2 2 2 2 2 2 2 2 2 2 2 2 2 2 2 2 2 2 2 2 2 2
left_child=2 19 3 25 6 29 14 9 -9 -8 11 16 -12 -14 15 -4 -5 -13 -16 21 -3 26 24 -24 -7 -1 27 -2 -23 -6
right_child=1 20 4 10 5 22 7 8 -10 -11 12 17 13 -15 18 -17 -18 -19 -20 -21 -22 28 23 -25 -26 -27 -28 -29 -30 -31
leaf_value=-0.048778110836829716 -0.021141715737379666 0.0547339908801509 0.00047324134175093664 0.0083491588576920222 0.097405167368997847 -0.0080190292183194498 0.0021452879254336885 0.0028988714987492736 0.0080126209015684343 -0.039077836358625273 0.077668186160173333 0.02099618708017156 -0.040792474271510934 0.01483685720869529 0.083064292633219128 0.010604469088740119 -0.035586906188447003 -0.0078262603669262479 -0.0037849431966126262 0.051944291094628205 -0.050237105897718959 0.026986711536991698 -0.00045008463417012495 0.04853183092970749 -0.047224416498899607 0.057933673357566551 -0.069405919070638797 0.08281761311900554 -0.05797093143504637 0.051739527842685568
leaf_weight=1800.1048484090716 4.8580572763457912 5.3174803499132386 163231.36967957672 391.81782460026443 5.1712351441383353 95.575705461204052 451901.84608571231 44096.342933133245 84989.421857386827 408.92884495854378 67.263536585494876 2098.6522490121424 721.42243092600256 215.71957922913134 117.02437587082386 4554.8756904527545 536.54014889057726 537.22915347013623 56.706683546304703 2170.3962263567373 250.45265285577625 2.0581674352288273 5334.0688910037279 31.184702754020691 29.082582157105207 2.7824576720595351 2.3927603019401422 7.1806010939180851 14.975100282579659 1942.9223628938198
leaf_count=161542 51 25 527836 1526 6 1142 1137379 106886 198704 4183 175 7837 18064 2405 154 13816 5794 6805 145 18598 22437 17 31907 156 1103 19 27 40 133 17338
internal_value=0.00262623 0.0406741 0.00250371 -0.0132796 0.00263659 0.0131759 0.00253198 0.00303114 0.00626574 0.00210802 0.000663868 0.00674386 -0.0209116 -0.0279872 0.000804095 0.000748273 -0.0170435 0.0151218 0.0547163 0.050981 -0.0480547 -0.0154674 -0.000551405 -0.000165385 -0.0171656 -0.0486134 0.0225827 0.0408661 -0.0477053 0.0518607
internal_weight=765624 2457.63 763166 6371.53 756795 7438.01 749357 581397 129086 452311 4568.64 3564.24 1004.41 937.142 167960 167786 928.358 2635.88 173.731 2201.86 255.77 31.4647 5489.91 5365.25 124.658 1802.89 14.4314 12.0387 17.0333 1948.09
internal_count=2286250 41328 2244922 204167 2040755 51652 1989103 1447152 305590 1141562 42606 21962 20644 20469 541951 541652 7320 14642 299 18866 22462 268 34308 32063 2245 161561 118 91 150 17344
is_linear=0
shrinkage=0.05


Tree=63
num_leaves=31
num_cat=0
split_feature=24 57 31 55 52 52 27 72 33 18 57 57 17 58 57 13 70 1 28 15 56 28 23 18 56 26 0 24 0 21
split_gain=1363.23 853.015 586.569 1203.38 308.035 1516.98 240.447 222.722 186.419 180.285 177.39 293.421 157.065 156.877 139.841 126.305 54.8326 40.6226 29.1535 21.795 16.1741 14.3826 13.2812 23.9073 11.9689 8.09267 19.7764 5.73303 5.00488 4.14446
threshold=20988281.000000004 141987.00000000003 1.0000000180025095e-35 133766.22362664144 258.00000000000006 385.00000000000006 509.50000000000006 3.1397916067913889 0.0083485198823528024 120.50000000000001 11.500000000000002 3.5000000000000004 1124575.5000000002 7615845.666666667 13403.000000000002 58.679803516986304 0.30384615384615393 374.50000000000006 120.50000000000001 1797832.3921568629 14479714.500000002 2498.5000000000005 1.5000000000000002 22607.500000000004 23228717.000000004 40771887.56128037 66746272.500000007 30009205.500000004 31030358.500000004 6825549.9504216751
decision_type=2 2 2 2 2 2 2 2 2 2 2 2 2 2 2 2 2 2 2 2 2 2 2 2 2 2 2 2 2 2
left_child=2 16 3 24 6 -6 8 10 12 -10 11 -5 -4 -12 15 -8 21 20 -16 -3 -9 25 23 -7 29 27 -27 -2 -23 -1
right_child=1 19 4 7 5 22 14 17 9 -11 13 -13 -14 -15 18 -17 -18 -19 -20 -21 -22 28 -24 -25 -26 26 -28 -29 -30 -31
leaf_value=-0.049922203143132587 0.059332823540439741 0.054404218184292488 -0.025576081637526782 -0.063170666078142826 0.051766460967120655 -0.00063432386147220076 -0.022752228011937187 -0.050186297902475779 0.0099500748903086564 0.0025517042821883934 -0.032341112019790778 0.053833787594374294 0.001122788502399255 0.0031919369382302429 0.047612715823957222 -0.0016344344113626717 0.05184397983543048 0.089601235792064526 -0.06011583965959251 -0.050176200092465678 0.015152876767161852 0.025105978692491756 -0.043450918891972314 0.043159029826102396 0.053675240034906029 0.15079035835637364 -0.0030619029491183703 -0.056470734519780491 -0.057523016218719907 -0.043874754700685359
leaf_weight=1358.3744306927547 1.4389457106590295 5.0881866803392759 1077.3028466776013 63.794590590521693 1856.3692109361291 5435.997647203505 724.8910494428128 240.7542615160346 8331.3112403489649 707303.04788199812 340.4646035535261 334.74668362364173 1127.2343646511436 3544.0605925898999 162.6670573297888 30471.696008175611 2068.4161348715425 5.5123967081308356 6.5323203168809405 238.52007988281548 9.8592318426817638 2.1005933135747936 17.959710786119103 31.343780778348446 2.8619270492345086 3.1708283722400648 6.1204054709523916 4.154376620426774 14.364571595564483 357.97200783342123
leaf_count=129356 9 25 3138 710 17344 33241 8095 11358 29090 1741900 4550 744 2842 24966 497 203491 18575 30 50 22437 248 17 900 167 31 7 52 72 134 32174
internal_value=0.00249662 0.0405741 0.00237964 -0.0128647 0.00250575 0.0126976 0.00240588 0.000628503 0.00259311 0.00263784 0.0033369 0.0351049 -0.0119243 7.75935e-05 -0.00187926 -0.00212513 0.0508493 -0.0446626 0.0434536 -0.0479919 -0.0476158 -0.0147813 -0.000524271 -0.00038326 -0.0484906 0.0208381 0.0494434 -0.026679 -0.0469814 -0.0486609
internal_weight=765148 2343.37 762805 6258.4 756546 7341.67 749205 4539.19 717839 715634 4283.07 398.541 2204.54 3884.53 31365.8 31196.6 2099.77 256.126 169.199 243.608 250.613 31.3497 5485.3 5467.34 1719.21 14.8846 9.29123 5.59332 16.4652 1716.35
internal_count=2286250 41328 2244922 204167 2040755 51652 1989103 42606 1776970 1770990 30970 1454 5980 29516 212133 211586 18866 11636 547 22462 11606 291 34308 33408 161561 140 59 81 151 161530
is_linear=0
shrinkage=0.05


Tree=64
num_leaves=31
num_cat=0
split_feature=24 57 31 55 52 52 32 17 13 28 18 55 23 18 23 58 58 1 70 57 16 25 28 52 18 18 1 26 0 16
split_gain=1301.43 809.46 536.789 1153.42 284.067 1456.36 227.697 627.341 274.77 255.562 216.496 183.383 165.941 176.766 163.598 105.332 59.9651 57.2248 53.085 42.4719 34.0242 20.7057 13.3832 12.6996 26.6214 13.1114 11.8106 7.15673 16.2091 5.7481
threshold=20988281.000000004 141987.00000000003 1.0000000180025095e-35 133766.22362664144 258.00000000000006 385.00000000000006 9.3061779064045229 105243.50000000001 413.29106493808155 111.50000000000001 1.0000000180025095e-35 6703153.4113774542 18.500000000000004 2.5000000000000004 2992279.0000000005 6881143.0000000009 11378108.937500002 66.500000000000014 0.30384615384615393 243231.00000000003 2061533.7600851457 3104648.7500000005 2498.5000000000005 12146.000000000002 22607.500000000004 1.5000000000000002 374.50000000000006 40771887.56128037 66746272.500000007 16502536.059911532
decision_type=2 2 2 2 2 2 2 2 2 2 2 2 2 2 2 2 2 2 2 2 2 2 2 2 2 2 2 2 2 2
left_child=2 18 3 26 6 -6 11 9 -9 -8 16 14 13 -12 -4 -13 17 -5 22 -14 -18 -3 27 25 -25 -7 -1 -2 -29 -24
right_child=1 21 4 10 5 23 7 8 -10 -11 12 15 19 -15 -16 -17 20 -19 -20 -21 -22 -23 29 24 -26 -27 -28 28 -30 -31
leaf_value=-0.048541661672159904 -0.025974648276816937 0.054120012348169627 0.00033516247078816303 0.0069236472239433055 0.051682236904685319 -0.0076065977666092688 0.0019125792162556358 0.0026278203266133743 0.0074938660259559007 -0.03825497079407833 -0.0013820857512202396 0.079409566461635037 -0.040722540906802607 0.021242399505845246 0.0094420950239288062 -0.0037193189835953129 0.20842295727088667 -0.034820525661590794 0.051743199562561695 -0.0083457665064153915 -0.047372837920510502 -0.050113950527626072 0.037170188754609548 -0.00039356363821963533 0.047834868128821019 -0.046800801998369085 0.053453078690121975 0.13327490650709747 -0.0029150846603801127 -0.057102732258383027
leaf_weight=1636.6812855247408 5.4708374338224557 4.8665084270760408 162651.10001004022 165.9812293658033 1768.6380388140678 94.835176445543766 451764.68887811527 44072.726593986154 84887.091889962554 396.33856127411127 2017.7858956968412 116.15042990446091 214.60442457161844 1508.9710695603862 5085.639851346612 56.712317690253258 1.3067016750574101 162.44899739511311 1971.2739403108135 191.83841693866998 253.16129543632269 227.16405377537012 1.8268006443977345 5330.258780144155 28.76746292039752 27.532337895594537 2.8432235941290847 3.401583716273306 6.1075679808855057 14.074252590537069
leaf_count=161542 81 25 526563 1410 17344 1142 1137379 106886 198704 4183 12358 154 6528 5292 15089 145 18 2455 18575 4512 10033 22437 14 31907 156 1103 19 7 52 137
internal_value=0.00237342 0.0404787 0.00226176 -0.0124436 0.00238145 0.0122311 0.00228611 0.00275471 0.00583087 0.00187737 0.00059723 0.000664323 0.00481164 0.00829811 0.000611277 0.0521369 -0.0278402 -0.013724 0.0507242 -0.0254409 -0.0460593 -0.0479278 -0.0143239 -0.000498343 -0.000134672 -0.0164252 -0.0483648 0.0195887 0.0458024 -0.0462721
internal_weight=764670 2234.19 762436 6155.62 756280 7250.03 749030 581121 128960 452161 4516.1 167910 3933.2 3526.76 167737 172.863 582.898 328.43 2002.15 406.443 254.468 232.031 30.881 5481.39 5359.03 122.368 1639.52 14.98 9.50915 15.9011
internal_count=2286250 41328 2244922 204167 2040755 51652 1989103 1447152 305590 1141562 42606 541951 28690 17650 541652 299 13916 3865 18866 11040 10051 22462 291 34308 32063 2245 161561 140 59 151
is_linear=0
shrinkage=0.05


Tree=65
num_leaves=31
num_cat=0
split_feature=24 57 31 55 52 52 25 72 60 16 57 18 18 4 57 57 13 23 21 54 15 28 72 56 18 15 0 58 0 21
split_gain=1242.15 768.174 491.536 1104.71 261.802 1397.76 207.252 206.906 256.847 242.228 191.673 184.874 858.501 303.654 160.67 125.487 141.144 123.758 51.4329 26.2312 19.6635 12.3309 12.3221 11.1968 10.5611 6.54589 13.5982 5.46446 4.98454 4.53751
threshold=20988281.000000004 141987.00000000003 1.0000000180025095e-35 133766.22362664144 258.00000000000006 385.00000000000006 171.91666666666669 2.3266635527675161 10083354.500000002 3112382.2400951753 243231.00000000003 120.50000000000001 2.5000000000000004 307.50000000000006 441.00000000000006 13403.000000000002 3616.784275275324 11.500000000000002 215.87544276316319 43317.000000000007 1797832.3921568629 2498.5000000000005 1.1612777482922876 23228717.000000004 327.50000000000006 19252424.125000004 66746272.500000007 29524211.750000004 31030358.500000004 6825549.9504216751
decision_type=2 2 2 2 2 2 2 2 2 2 2 2 2 2 2 2 2 2 2 2 2 2 2 2 2 2 2 2 2 2
left_child=2 18 3 23 6 -6 11 9 -9 14 -10 12 -4 -13 -5 16 -8 -11 21 -17 -3 25 24 29 -7 28 -27 -23 -2 -1
right_child=1 20 4 7 5 22 15 8 10 17 -12 13 -14 -15 -16 19 -18 -19 -20 -21 -22 27 -24 -25 -26 26 -28 -29 -30 -31
leaf_value=-0.049806740755629797 0.041518637756290187 0.05380958702255955 -0.0028583848748066688 0.00825191287349877 0.051602223216408886 0.0011552081254111609 -0.013117579089136425 0.07526776939929114 -0.039876047547451554 0.019412495308654968 0.014202063383516789 0.0023616901329681006 0.032118213356317697 -0.0089239772208871346 -0.034251245057641343 0.02554555914055559 -0.00098876595035515802 -0.0076126975734925112 0.051643074160446681 0.065923455051481283 -0.050050049050243885 0.034326692035348397 -0.056508373828711579 0.049677942958890942 -0.0035325551228434851 0.11972274226927651 -0.0028745309610328554 -0.056719810491332401 -0.062485398230863132 -0.043182755179101542
leaf_weight=1233.6490168208256 1.7421902269125009 4.6553509132936588 4716.2619016095996 388.74132166430354 1684.9234394133091 3684.5337765105069 2611.2681315150112 65.998115102760494 684.12315881438553 2082.4523214753717 215.4595957454294 703123.16505839676 2793.5526737105101 6011.2008463516831 519.46832477394491 104.20248678326607 29458.324187833816 531.79981975257397 1878.7805279018357 65.509910340420902 216.35433103702962 1.8778416290879238 9.7934179790317994 2.9143223818391553 1782.8530080486089 3.5919294208288175 6.1080526653677225 13.465335044078527 3.4008823996409774 327.08032284211367
leaf_count=129356 13 25 18999 1526 17344 20284 19155 175 18064 7837 2405 1723039 6191 24498 5794 439 196674 6805 18598 108 22437 14 120 31 13904 7 53 136 45 32174
internal_value=0.0022562 0.0403859 0.00214963 -0.0120435 0.00226323 0.0117774 0.00217224 0.00056594 -0.0199389 0.00618675 -0.0269238 0.00234867 0.0101525 0.00226602 -0.0160586 -0.00174943 -0.00197636 0.0139149 0.0506028 0.0411316 -0.0478623 -0.014145 -0.00047379 -0.0482357 -0.000373418 0.0183457 0.0425236 -0.0455767 -0.0272545 -0.0484186
internal_weight=764227 2129.98 762097 6051.69 756046 7162.1 748883 4488.04 965.581 3522.46 899.583 716644 7509.81 709134 908.21 32239.3 32069.6 2614.25 1908.97 169.712 221.01 30.1862 5477.18 1563.64 5467.39 14.8431 9.69998 15.3432 5.14307 1560.73
internal_count=2286250 41328 2244922 204167 2040755 51652 1989103 42606 20644 21962 20469 1772727 25190 1747537 7320 216376 215829 14642 18866 547 22462 268 34308 161561 34188 118 60 150 58 161530
is_linear=0
shrinkage=0.05


Tree=66
num_leaves=31
num_cat=0
split_feature=24 57 31 55 52 52 32 17 13 28 18 55 33 58 58 58 58 1 70 16 25 23 15 28 1 61 28 18 15 21
split_gain=1185.25 729.017 450.082 1057.64 240.987 1341.27 198.673 566.409 248.59 235.467 196.055 166.552 159.997 158.044 161.188 96.7134 57.5737 51.1736 49.9333 28.4742 18.6809 11.8337 21.1869 11.5546 11.065 10.1081 6.50323 7.64416 5.20543 4.71134
threshold=20988281.000000004 141987.00000000003 1.0000000180025095e-35 133766.22362664144 258.00000000000006 385.00000000000006 9.3061779064045229 105243.50000000001 413.29106493808155 111.50000000000001 1.0000000180025095e-35 6703153.4113774542 0.0083485198823528024 21241104.775000002 7171471.7500000009 6881143.0000000009 11378108.937500002 66.500000000000014 0.30384615384615393 2061533.7600851457 3104648.7500000005 1.5000000000000002 16142.309523809527 2498.5000000000005 374.50000000000006 5075072.5000000009 2456.5000000000005 2249.5000000000005 9613641.0909090918 6825549.9504216751
decision_type=2 2 2 2 2 2 2 2 2 2 2 2 2 2 2 2 2 2 2 2 2 2 2 2 2 2 2 2 2 2
left_child=2 18 3 24 6 -6 11 9 -9 -8 16 12 -4 14 -12 -13 17 -5 23 -18 -3 22 -7 26 29 -15 27 -2 -25 -1
right_child=1 20 4 10 5 21 7 8 -10 -11 13 15 -14 25 -16 -17 19 -19 -20 -21 -22 -23 -24 28 -26 -27 -28 -29 -30 -31
leaf_value=-0.04974734308781803 0.06048002870888089 0.053545690426065412 -0.01298678734789914 0.0058887902916859389 0.051526178595906573 -0.0005867849118367306 0.0017018398004442965 0.0023796035801237798 0.0070097236369497081 -0.037446001390019579 -0.042409206220823781 0.076141277461549084 0.00067539306704346913 0.04645945028327883 0.0089505318981396766 -0.0036504986481565014 0.17016571753921278 -0.03386571409526911 0.051554842320969407 -0.046960125676934444 -0.049984233940525771 -0.042529069306121076 0.036330919766460364 0.031778554886733895 0.049658301033232433 -0.042749743577971552 0.098779619992231199 -0.021962315445405819 -0.05634904850367798 -0.042852175030556869
leaf_weight=1174.5442363768816 4.1064420659095076 4.4512996133416882 2171.0661623105407 167.93096945714206 1605.0544510632753 5419.396100345999 451631.95801580884 44050.551784992218 84787.511109039187 384.43656207248569 159.62328706029803 114.93024884164333 165442.97217292339 3.2332121999934307 3556.0325221922249 56.716896459460258 1.5195992067456234 156.28462560102344 1790.0941238813102 238.36744154058397 206.06877346616238 16.657710721716285 39.14392988756299 1.9257045164704312 2.888776756823062 177.3660356849432 2.1035347059369078 8.9176708161830884 12.901991058140991 313.96086361352354
leaf_count=129356 62 25 5938 1410 17344 33196 1137379 106886 198704 4183 3143 154 535714 62 19190 145 18 2455 18575 10033 22437 900 212 14 19 6295 9 69 137 32186
internal_value=0.00214502 0.0402944 0.00204332 -0.0116526 0.00215118 0.0113324 0.00206435 0.00250212 0.00542666 0.00166854 0.000535335 0.000548842 0.00049843 0.00452402 0.00674414 0.0497759 -0.0270145 -0.0132744 0.0504835 -0.0455847 -0.0477952 -0.000450453 -0.000322043 -0.0135377 -0.0481033 -0.0411527 0.0172063 0.00403137 -0.0449037 -0.048293
internal_weight=763703 2030.57 761672 5951.75 755720 7080.25 748640 580854 128838 452016 4460.36 167786 167614 3896.26 3715.66 171.647 564.103 324.216 1820.05 239.887 210.52 5475.2 5458.54 29.9553 1491.39 180.599 15.1276 13.0241 14.8277 1488.51
internal_count=2286250 41328 2244922 204167 2040755 51652 1989103 1447152 305590 1141562 42606 541951 541652 28690 22333 299 13916 3865 18866 10051 22462 34308 33408 291 161561 6357 140 131 151 161542
is_linear=0
shrinkage=0.05


Tree=67
num_leaves=31
num_cat=0
split_feature=24 57 31 55 52 52 72 24 18 18 57 57 8 55 57 24 70 14 28 57 15 72 28 56 17 28 18 15 21 22
split_gain=1130.69 691.864 411.732 1012.54 221.79 1286.61 188.307 181.102 164.176 336.281 157.536 269.85 152.801 132.589 117.376 114.555 48.4287 40.0019 26.1437 19.5421 17.7397 11.4916 10.7815 10.5056 10.0607 6.17758 6.82398 4.96791 4.91522 18.3153
threshold=20988281.000000004 141987.00000000003 1.0000000180025095e-35 133766.22362664144 258.00000000000006 385.00000000000006 3.1397916067913889 2352.5000000000005 1.0000000180025095e-35 72.500000000000014 11.500000000000002 3.5000000000000004 31.355762206162549 2571097.8154612877 13403.000000000002 4696323.0000000009 0.30384615384615393 26.477986328641791 120.50000000000001 723308.50000000012 1797832.3921568629 1.1612777482922876 2498.5000000000005 23228717.000000004 4064.5000000000005 2461.5000000000005 2249.5000000000005 9613641.0909090918 6825549.9504216751 27720877.000000004
decision_type=2 2 2 2 2 2 2 2 2 2 2 2 2 2 2 2 2 2 2 2 2 2 2 2 2 2 2 2 2 2
left_child=2 16 3 23 7 -6 10 8 12 -10 11 -5 -4 -12 15 -9 22 19 -16 -8 -3 24 25 28 -7 26 -2 -24 -1 -30
right_child=1 20 4 6 5 21 17 14 9 -11 13 -13 -14 -15 18 -17 -18 -19 -20 -21 -22 -23 27 -25 -26 -27 -28 -29 29 -31
leaf_value=-0.049688183152849043 0.055509680961240072 0.05325017888430858 -0.021830101178429283 -0.062729025633619401 0.051453890173053386 -0.00063756891708817139 -0.050672917025874731 -0.0020761524636149207 0.01458287807909898 0.0020703846170658127 0.016474125801591057 0.051784288279379177 -0.0012002896928034427 -0.0053628145986601115 0.043261854733672916 -0.032270687043310965 0.051465193528970027 0.17286719058945135 -0.059785377639092731 -0.001651165774356506 -0.049916167510868484 -0.056132416080804985 0.029483508483806195 0.04623456946178027 0.014829636234399363 0.095290978256072578 -0.021549254904986534 -0.056006014096958434 -0.0061309892225677185 -0.046676176565851046
leaf_weight=1118.9740205528215 4.2466129232198027 4.2572620064020148 1325.7989832665771 61.236827186308801 1528.8659502863884 5354.9499730858952 203.35416341293603 25031.336251873523 5410.4845819789916 713469.09869671427 912.6733355987817 321.76193179562688 2779.0282084643841 2916.2933570360765 162.54676298797131 318.11416288278997 1705.6816363073885 2.1115611344575873 6.3973294580355278 22.587989679537714 196.27949391584843 9.242899062111972 1.9706168845295895 2.9535353686660519 107.23963997606188 2.1237994730472556 8.881807975471018 12.3460197430104 31.062252776697278 269.60972430557013
leaf_count=129356 62 25 6734 710 17344 32951 11165 176575 19431 1769322 10860 744 14884 18656 495 1612 18575 4 50 467 22437 120 14 31 1237 8 70 137 3202 28972
internal_value=0.00203896 0.0402037 0.00194193 -0.0112574 0.00204435 0.0109029 0.000504506 0.00196151 0.00210762 0.00216456 0.00290051 0.033475 -0.00786342 -0.000157757 -0.00217823 -0.00245507 0.0503654 -0.0437477 0.0393598 -0.0457721 -0.047726 -0.00042816 -0.0130759 -0.0479671 -0.0003339 0.0161754 0.00337678 -0.0442388 -0.0481631 -0.0424875
internal_weight=763302 1935.79 761366 5862.62 755503 7000.3 4440.02 748503 722984 718880 4211.97 382.999 4104.83 3828.97 25518.4 25349.5 1735.25 228.054 168.944 225.942 200.537 5471.43 29.5689 1422.6 5462.19 15.2522 13.1284 14.3166 1419.65 300.672
internal_count=2286250 41328 2244922 204167 2040755 51652 42606 1989103 1810371 1788753 30970 1454 21618 29516 178732 178187 18866 11636 545 11632 22462 34308 291 161561 34188 140 132 151 161530 32174
is_linear=0
shrinkage=0.05


Tree=68
num_leaves=31
num_cat=0
split_feature=24 57 31 55 52 52 72 32 17 13 28 54 56 54 61 57 1 67 14 57 25 54 52 18 18 1 18 54 28 21
split_gain=1078.41 656.627 376.266 969.309 203.942 1233.9 177.2 175.531 511.73 224.89 216.811 154.705 154.451 450.42 321.13 148.899 51.1036 47.0344 35.3662 19.401 16.8529 11.3625 11.3515 23.625 12.6587 10.3983 8.25121 8.27794 7.49717 5.09645
threshold=20988281.000000004 141987.00000000003 1.0000000180025095e-35 133766.22362664144 258.00000000000006 385.00000000000006 3.1397916067913889 9.3061779064045229 105243.50000000001 413.29106493808155 111.50000000000001 8859065.0000000019 17606225.500000004 15010184.500000002 6377676.5000000009 212270.50000000003 85.500000000000014 2.4472739035695148 26.477986328641791 723308.50000000012 3104648.7500000005 2550.7500000000005 12146.000000000002 22607.500000000004 1.5000000000000002 374.50000000000006 2249.5000000000005 2208.5000000000005 2380.5000000000005 6825549.9504216751
decision_type=2 2 2 2 2 2 2 2 2 2 2 2 2 2 2 2 2 2 2 2 2 2 2 2 2 2 2 2 2 2
left_child=2 17 3 25 7 -6 11 12 10 -10 -9 15 13 -4 -14 -5 -13 21 19 -8 -3 26 24 -24 -7 29 27 -2 -28 -1
right_child=1 20 4 6 5 22 18 8 9 -11 -12 16 14 -15 -16 -17 -18 -19 -20 -21 -22 -23 23 -25 -26 -27 28 -29 -30 -31
leaf_value=-0.049627480739008488 0.0049404681229952147 0.053002564848865522 0.00050958029106710166 -0.00057213834115323828 0.051385143886867803 -0.0070434672567245326 -0.050564883244128035 0.0015146526214862633 0.002158146032984793 0.0065635390499702261 -0.036628408631210203 -0.015991984744241999 0.069257603211878641 -0.035701467238953968 0.0036287377874980806 0.021447376333320872 -0.060197556908252473 0.051419071533555807 0.15372436104040943 -0.0015708006984026857 -0.049845583155686803 -0.043731395339499893 -0.00029999241234455153 0.047094840554833817 -0.046380828955225127 0.04640783796254868 -0.059678644473249588 0.13557351615955326 0.022982451040685893 -0.042139427867429829
leaf_weight=1065.3612521672621 2.3610959593206706 4.0698108263313761 165863.38480535429 2886.0308151636273 1456.198778629303 93.848960094153881 193.83938752859831 451517.28462690115 44030.32639119029 84692.290777891874 372.86212883144617 163.39787201210856 248.9717138260603 863.23592895269394 741.58243945986032 1046.0029939701781 108.98669108003378 1623.1095158942044 2.2517681941390029 22.557259173132479 186.96659289393574 14.119638807140289 5322.2774539403617 26.424084339290857 26.149557046592236 2.9210700690746298 4.1460361778736106 2.493337020277977 8.1062105745077115 288.83896730467677
leaf_count=129356 35 25 537101 20464 17344 1142 11165 1137379 106886 198704 4183 1808 365 2623 1862 7677 1021 18544 4 467 22437 189 31907 156 1103 19 35 6 57 32186
internal_value=0.0019382 0.0401145 0.00184563 -0.0108628 0.00194289 0.010484 0.000478915 0.00186385 0.00227542 0.00505665 0.00148318 0.00276115 0.000439049 0.000322096 0.0201243 0.00528551 -0.0336795 0.0502497 -0.0434064 -0.0454577 -0.0476545 -0.010533 -0.000407056 -6.58487e-05 -0.0156157 -0.0478271 0.0168686 0.0720363 -0.00498923 -0.0480303
internal_weight=762880 1845.37 761035 5780.19 755255 6924.9 4423.07 748330 580613 128723 451890 4204.42 167717 166727 990.554 3932.03 272.385 1654.34 218.648 216.397 191.036 31.2263 5468.7 5348.7 119.999 1357.12 17.1067 4.85443 12.2522 1354.2
internal_count=2286250 41328 2244922 204167 2040755 51652 42606 1989103 1447152 305590 1141562 30970 541951 539724 2227 28141 2829 18866 11636 11632 22462 322 34308 32063 2245 161561 133 41 92 161542
is_linear=0
shrinkage=0.05


Tree=69
num_leaves=31
num_cat=0
split_feature=24 57 31 55 32 23 33 13 17 5 16 23 18 23 28 23 18 32 19 0 58 72 1 70 57 16 11 18 56 28
split_gain=1028.34 623.207 343.527 927.8 189.924 243.488 216.736 215.081 330.746 217.437 194.712 256.885 173.335 168.9 153.526 142.749 157.733 137.581 88.1699 74.4846 54.5111 52.2903 47.0963 45.7833 38.6211 25.5969 16.3472 9.9274 9.88272 9.46021
threshold=20988281.000000004 141987.00000000003 1.0000000180025095e-35 133766.22362664144 10.454400518823919 87.500000000000014 9.9715312784486105 409.64719136532125 105243.50000000001 312.00000000000006 2247.400896839104 61.500000000000007 1.0000000180025095e-35 371.50000000000006 111.50000000000001 18.500000000000004 2.5000000000000004 10.262357161086468 26746.500000000004 2333.5000000000005 11378108.937500002 1.9994031088163979 66.500000000000014 0.30384615384615393 243231.00000000003 2061533.7600851457 9.0384615384615419 96732.500000000015 23228717.000000004 2498.5000000000005
decision_type=2 2 2 2 2 2 2 2 2 2 2 2 2 2 2 2 2 2 2 2 2 2 2 2 2 2 2 2 2 2
left_child=2 23 3 28 6 10 7 9 -9 -4 14 -12 20 18 -6 16 -14 19 -7 -8 22 -15 -5 29 -17 -22 -3 -19 -1 -2
right_child=1 26 4 12 5 13 17 8 -10 -11 11 -13 15 21 -16 24 -18 27 -20 -21 25 -23 -24 -25 -26 -27 -28 -29 -30 -31
leaf_value=-0.047892525467533496 0.014438295752330202 -0.05041194824557671 0.00075757444552549758 0.0053763375218691001 0.0060153982769194005 -0.018980634441629621 0.0071258260009221357 0.0017088266858810823 0.0047600056376825165 -0.013422384375637968 0.002328778570121216 0.080438543519724431 -0.0017856958223957395 0.010230849229237447 -0.03397447633790384 -0.039623038585246698 0.01974382535008563 0.0027988412504926941 0.054553051040281943 -0.00092199960911118993 0.1512176274469374 0.070005587426830551 -0.033074127274084854 0.051298792369157131 -0.0082688526739458177 -0.046459773544218479 0.031725168581104017 0.0014778821708743596 0.043258384394519768 -0.042991457123987914
leaf_weight=1291.7806251039729 15.398327588103713 175.72219573659822 135247.61385666486 168.64287769142538 37629.723212860525 1827.5070424806327 2943.2004305608571 255470.82718636096 136153.22063590586 2758.6256681829691 218.67718675732613 202.9531756862998 1996.9081161431968 486.82062190026045 241.54669351130724 202.25505467317998 1482.182079449296 31922.154188394547 41.695095360279083 124212.97037390247 1.6498338701203454 39.560080781579018 150.89732738863677 1548.3064051475376 190.92760279867798 221.26072671450675 6.2739348653703919 25653.170391321182 2.9805417619645587 13.420551115646957
leaf_count=161530 140 22272 349123 1410 134028 16219 15256 629474 330038 15274 1036 535 12358 2348 2398 6528 5292 78100 70 403375 18 89 2455 18575 4512 10033 190 63392 31 151
internal_value=0.00184228 0.0400269 0.00175398 -0.0104645 0.00184638 0.00516911 0.00165712 0.00217147 0.00276961 0.000474129 0.00613654 0.0399272 0.000450992 -0.010295 0.00576034 0.00415915 0.00738644 0.000182458 -0.0173404 -0.000735722 -0.0260196 0.0147232 -0.0127812 0.0501365 -0.0243976 -0.0449967 -0.0475804 0.00221028 -0.0476827 -0.0123059
internal_weight=762519 1759.12 760760 5709.48 755050 40688.5 714362 529630 391624 138006 38292.9 421.63 4414.72 2395.58 37871.3 3872.27 3479.09 184731 1869.2 127156 542.451 526.381 319.54 1577.13 393.183 222.911 181.996 57575.3 1294.76 28.8189
internal_count=2286250 41328 2244922 204167 2040755 156723 1884032 1323909 959512 364397 137997 1571 42606 18726 136426 28690 17650 560123 16289 418631 13916 2437 3865 18866 11040 10051 22462 141492 161561 291
is_linear=0
shrinkage=0.05


Tree=70
num_leaves=31
num_cat=0
split_feature=24 57 18 18 31 31 6 40 23 28 4 54 23 28 59 18 20 37 10 57 67 55 0 26 55 21 20 21 11 33
split_gain=980.344 591.501 326.307 656.957 920.316 872.534 506.342 352.5 248.707 255.829 209.092 195.179 165.847 152.106 153.577 130.994 521.631 232.998 130.432 50.48 44.6865 35.3371 34.73 32.8781 30.2539 22.3962 44.2247 20.5348 15.6473 13.432
threshold=20988281.000000004 141987.00000000003 1.5000000000000002 72.500000000000014 1.0000000180025095e-35 28.000000000000004 75.000000000000014 1.0000000180025095e-35 29.500000000000004 120.50000000000001 307.50000000000006 5879961.3857142879 354.00000000000006 52.500000000000007 7037068.2065242697 2.5000000000000004 379886.09375000006 1.0690449676496978 507.00000000000006 19.500000000000004 2.4472739035695148 185182.87489531873 66746272.500000007 207.72130759444153 238313.20034513078 11354401.307325508 5900384.8159722248 2559.4820643447656 9.0384615384615419 4426.7383619304428
decision_type=2 2 2 2 2 2 2 2 2 2 2 2 2 2 2 2 2 2 2 2 2 2 2 2 2 2 2 2 2 2
left_child=2 20 11 6 21 10 8 -7 9 -4 -6 13 -10 14 18 16 -8 -17 -1 -16 -2 -5 -13 29 -23 26 -24 -25 -3 -15
right_child=1 28 3 4 5 7 15 -9 12 -11 -12 22 -14 23 19 17 -18 -19 -20 -21 -22 24 25 27 -26 -27 -28 -29 -30 -31
leaf_value=-0.0015090695595893449 -0.0098964398570713617 -0.050391721575203378 0.018347664952980684 -0.048619063097246167 0.0017341127085315996 0.051220957434632133 0.025942983168793121 -0.045575688145745835 -0.013976399361158371 -0.035085908138360579 -0.0071794856011421276 0.096268190845802168 0.027272206202020557 0.085644463219393036 0.014124686456028851 -0.15284040947758457 -0.19407292448403268 0.044494356808283946 -0.031094561827664704 -0.039679844321307792 0.05126290989879935 0.2151030824366148 -0.029217835945270939 -0.046834609570317029 -0.027054139018019077 -0.050067914537648354 0.062079015564838608 -0.025658255064328474 0.030542944756644042 -0.01164827263666854
leaf_weight=12606.787407025695 30.48505604127422 167.21752642374486 3667.2683823318221 884.44061958789825 728793.31182090193 1155.0728529896587 600.36238734424114 102.39171868283302 1516.7986273062415 238.57952501345426 6639.1097571998835 5.3864010423421851 290.32842721417546 8.1405934542417508 49.490320655982941 15.091307342052458 28.20548976957798 1698.2627027779818 383.8776617795229 365.86608875030652 1473.0698296837509 1.2980958791449655 619.61887062992901 179.40752309933305 202.17305212980136 129.72253023181111 13.554741838015614 316.32616324722767 6.1930576497688881 6.2874057963490477
leaf_count=93339 322 22272 24671 120407 1899438 14567 1517 3729 15187 2150 26049 68 1768 37 1156 79 157 3768 1808 17224 18544 88 5027 1406 8154 852 64 2182 190 30
internal_value=0.00175087 0.0399382 0.00166667 0.00181199 0.00165694 0.0017248 0.016014 0.0433391 0.0079877 0.0150838 0.00165365 -0.00571442 -0.0073495 -0.00435999 -0.00334025 0.0355938 0.0160703 0.0427562 -0.00238333 -0.033269 0.0500229 -0.0442969 -0.0302478 -0.0311566 -0.0255092 -0.0311411 -0.0272634 -0.033322 -0.0475013 0.0432464
internal_weight=762194 1676.97 760517 745833 737778 736690 8054.9 1257.46 5712.97 3905.85 735432 14684.5 1807.13 13916.2 13406 2341.92 628.568 1713.35 12990.7 415.356 1503.55 1087.91 768.283 510.162 203.471 762.896 633.174 495.734 173.411 14.428
internal_count=2286250 41328 2244922 2121729 2072432 1943783 49297 18296 43776 26821 1925487 123193 16955 117182 113527 5521 1674 3847 95147 18380 18866 128649 6011 3655 8242 5943 5091 3588 22462 67
is_linear=0
shrinkage=0.05


Tree=71
num_leaves=31
num_cat=0
split_feature=24 57 18 18 31 31 6 40 28 28 18 54 28 59 18 20 37 10 57 67 54 52 20 0 26 21 20 21 15 33
split_gain=934.332 561.382 295.313 599.263 866.696 831.277 478.027 334.675 229.248 689.406 191.285 180.252 141.125 143.615 125.728 427.842 205.877 119.591 48.2511 43.6382 36.1199 33.77 32.4523 30.6794 30.0936 21.6926 39.7742 20.0583 15.0693 11.2909
threshold=20988281.000000004 141987.00000000003 1.5000000000000002 72.500000000000014 1.0000000180025095e-35 28.000000000000004 75.000000000000014 1.0000000180025095e-35 111.50000000000001 84.500000000000014 2902.5000000000005 5879961.3857142879 52.500000000000007 7037068.2065242697 2.5000000000000004 379886.09375000006 1.0690449676496978 507.00000000000006 22.500000000000004 2.4472739035695148 1533504.6875000002 258.00000000000006 2284749.3666666667 66746272.500000007 207.72130759444153 11354401.307325508 5900384.8159722248 2559.4820643447656 1797832.3921568629 4426.7383619304428
decision_type=2 2 2 2 2 2 2 2 2 2 2 2 2 2 2 2 2 2 2 2 2 2 2 2 2 2 2 2 2 2
left_child=2 19 11 6 20 10 8 -7 9 -4 -6 12 13 17 15 -8 -16 -1 -15 -2 -5 -10 -22 -13 29 26 -25 -26 -3 -14
right_child=1 28 3 4 5 7 14 -9 21 -11 -12 23 24 18 16 -17 -18 -19 -20 -21 22 -23 -24 25 27 -27 -28 -29 -30 -31
leaf_value=-0.0014347608167138808 -0.0094610399123077685 0.052546736048505363 0.0057786843613474512 -0.048720210173278183 -0.0027297563883320222 0.051153924595863459 0.025077416011315214 -0.044943152758899457 -0.034416997300024503 0.083529022165552358 0.0017223507013753503 0.086408158099744267 0.077259633896103908 0.01014947434197217 -0.13658661533317604 -0.16344170718649104 0.043541610133257878 -0.029949705175482805 -0.039549777786658635 0.051189144793414423 0.072218812793350323 0.0496917125941592 -0.029531450448283376 -0.028200949223071432 -0.046005138618716433 -0.049038409090619468 0.057005004912191529 -0.024793383675470133 -0.049700046264809283 -0.011133595082368232
leaf_weight=12596.987032435369 30.298474315088242 3.6857955344021311 5050.8269023713656 828.63477590493858 24974.42361716181 1100.1428304314613 590.29089960455894 98.73449810128659 340.05579847702757 302.16527916491032 710373.7193399705 5.6924798358231774 8.5612247288227064 56.840912907384336 16.016942024230957 31.713145196437836 1649.8893885761499 378.75679393112659 346.81418414833024 1403.1957557760179 8.1477932650595886 12.368136137723921 205.01351971318945 610.10978823155165 173.65686381235719 125.92071671225131 14.010760055854915 311.12722577899694 161.55448751570657 6.2501289024949065
leaf_count=93339 322 25 38779 115894 148122 14567 1517 3729 3696 1148 1777365 68 37 1214 79 157 3768 1808 17166 18544 471 153 12284 5027 1406 852 64 2182 22437 30
internal_value=0.00166431 0.0398479 0.00158401 0.00172208 0.00157451 0.00163897 0.0153389 0.0432398 0.00759587 0.0101675 0.00157115 -0.00544992 -0.00415506 -0.00318077 0.0346477 0.0154657 0.0418098 -0.0022671 -0.0325514 0.0499072 -0.0439982 -0.0314652 -0.0256422 -0.02923 -0.0302468 -0.0301076 -0.0262882 -0.0323917 -0.0474194 0.0399593
internal_weight=761816 1598.73 760217 745582 737589 736547 7993.33 1198.88 5705.42 5352.99 735348 14634.7 13879 13379.4 2287.91 622.004 1665.91 12975.7 403.655 1433.49 1041.8 352.424 213.161 755.734 499.595 750.041 624.121 484.784 165.24 14.8114
internal_count=2286250 41328 2244922 2121729 2072432 1943783 49297 18296 43776 39927 1925487 123193 117182 113527 5521 1674 3847 95147 18380 18866 128649 3849 12755 6011 3655 5943 5091 3588 22462 67
is_linear=0
shrinkage=0.05


Tree=72
num_leaves=31
num_cat=0
split_feature=24 57 18 18 31 31 6 40 23 28 4 54 23 28 59 18 20 37 24 57 67 59 60 26 0 54 22 59 21 3
split_gain=890.324 532.78 267.246 544.851 816.161 791.794 452.228 317.779 223.629 215.312 185.894 166.398 146.492 130.873 134.234 120.566 360.272 183.354 110.135 45.8554 42.6453 37.1335 66.3572 27.586 27.2607 21.6662 33.3345 20.3259 19.5823 16.9078
threshold=20988281.000000004 141987.00000000003 1.5000000000000002 72.500000000000014 1.0000000180025095e-35 28.000000000000004 75.000000000000014 1.0000000180025095e-35 29.500000000000004 120.50000000000001 307.50000000000006 5879961.3857142879 354.00000000000006 52.500000000000007 7037068.2065242697 2.5000000000000004 379886.09375000006 1.0690449676496978 4696323.0000000009 22.500000000000004 2.4472739035695148 3264224.8028030978 28684007.000000004 207.72130759444153 66746272.500000007 8859065.0000000019 10000819.500000002 18972643.994758558 2559.4820643447656 1292.0000000000002
decision_type=2 2 2 2 2 2 2 2 2 2 2 2 2 2 2 2 2 2 2 2 2 2 2 2 2 2 2 2 2 2
left_child=2 20 11 6 21 10 8 -7 9 -4 -6 13 -10 14 18 16 -8 -17 -1 -16 -2 -5 -23 -15 29 26 -26 -27 -25 -13
right_child=1 -3 3 4 5 7 15 -9 12 -11 -12 24 -14 23 19 17 -18 -19 -20 -21 -22 22 -24 28 25 27 -28 -29 -30 -31
leaf_value=-0.0014947262947082873 -0.0090423583545610146 -0.047341185954438848 0.016829057958076408 -0.049674273635776818 0.0015686999958527692 0.051089102609643888 0.024231052440528755 -0.044289139424312805 -0.013654018897916101 -0.033396097132277654 -0.0068412151621751712 -0.055001815735639892 0.024867369947822585 0.037049062818074123 0.0096093716856653667 -0.1232342730459771 -0.1417046735150583 0.042605979130950808 -0.034259382056651397 -0.038888136888739357 0.051118015292518304 0.026487949423511473 -0.039096885538302387 -0.045188033639238089 0.01419814201683965 -0.042702140113948656 -0.02712705252965808 -0.0015706785623445562 -0.023947839176969271 0.13135247589781612
leaf_weight=12699.666782344226 30.120939052663743 157.43519266974181 3683.0415228968486 720.70382889173925 728587.41916773096 1047.7826557448134 580.61420378088951 95.271328578703105 1510.0597577039152 226.50927213020623 6630.6633477732539 1.703073295764624 295.01952132629231 15.15594621747732 57.028956076595932 16.841847434639931 34.663631081581116 1603.0146566927433 261.76750986650586 335.37149734515697 1336.5716276951134 46.304626157972962 230.81548015261069 168.09898908436298 56.739043369889259 298.79119097907096 348.67623388208449 33.392799935303628 306.13614203035831 4.2660616487264633
leaf_count=93789 322 22462 24671 102927 1899438 14567 1517 3729 15187 2150 26049 59 1768 67 1214 79 157 3768 1358 17166 18544 2918 22804 1406 360 2556 2817 210 2182 9
internal_value=0.00158203 0.0397587 0.00150546 0.00163664 0.00149627 0.0015575 0.0146564 0.0431395 0.00719829 0.0139191 0.00149285 -0.00519704 -0.00735814 -0.00395936 -0.00302868 0.0337248 0.0148825 0.0408817 -0.00215644 -0.0318398 0.0497921 -0.0436932 -0.0281382 -0.0293545 -0.0282392 -0.0291004 -0.0213435 -0.0385674 -0.0314767 0.0781831
internal_weight=761420 1524.13 759896 745309 737359 736361 7949.76 1143.05 5714.63 3909.55 735218 14586.8 1805.08 13843.2 13353.8 2235.13 615.278 1619.86 12961.4 392.4 1366.69 997.824 277.12 489.391 743.568 737.599 405.415 332.184 474.235 5.96913
internal_count=2286250 41328 2244922 2121729 2072432 1943783 49297 18296 43776 26821 1925487 123193 16955 117182 113527 5521 1674 3847 95147 18380 18866 128649 25722 3655 6011 5943 3177 2766 3588 68
is_linear=0
shrinkage=0.05


Tree=73
num_leaves=31
num_cat=0
split_feature=24 57 31 55 32 23 33 13 17 16 23 5 57 57 57 17 17 23 32 28 16 0 72 21 1 11 1 18 28 15
split_gain=847.847 505.413 249.626 808.52 163.851 208.762 191.891 189.707 297.481 183.783 223.111 174.658 159.88 249.086 149.474 430.182 314.767 138.222 121.328 113.621 81.6486 70.3557 48.3587 41.7051 33.5812 15.5494 10.8726 8.96807 8.85243 5.24439
threshold=20988281.000000004 141987.00000000003 1.0000000180025095e-35 113730.52276969912 10.454400518823919 87.500000000000014 9.9715312784486105 409.64719136532125 105243.50000000001 2247.400896839104 61.500000000000007 312.00000000000006 11.500000000000002 3.5000000000000004 243231.00000000003 10188517.500000002 10188517.500000002 371.50000000000006 10.262357161086468 111.50000000000001 11225.320151336444 2333.5000000000005 1.9994031088163979 215.87544276316319 84.500000000000014 9.0384615384615419 374.50000000000006 96732.500000000015 2498.5000000000005 19252424.125000004
decision_type=2 2 2 2 2 2 2 2 2 2 2 2 2 2 2 2 2 2 2 2 2 2 2 2 2 2 2 2 2 2
left_child=2 23 3 26 6 9 7 11 -9 19 -11 -4 13 -5 15 -14 -16 20 21 -6 -7 -8 -19 28 -15 -3 -1 -20 29 -2
right_child=1 25 4 12 5 17 18 8 -10 10 -12 -13 14 24 16 -17 -18 22 27 -21 -22 -23 -24 -25 -26 -27 -28 -29 -30 -31
leaf_value=-0.047571452443368321 -0.027349087630487313 -0.050338114380299274 0.00047393200271458094 -0.06174511296530219 0.005339326363757186 -0.017780963808503195 0.0067057241020260895 0.0013729117662976938 0.0042688719903609734 0.0028677879788702593 0.075467662623931384 -0.012329859223604561 0.046748284017674717 0.052802322508019209 -0.055602336282920356 -0.015860686469738233 0.021933415717048592 0.0083193513234697328 0.0024091896167304939 -0.03084260669820665 0.061666516574540566 -0.0010989523399587053 0.065925545354959134 0.050994791354397578 -0.048735055841498148 0.031604377843774976 0.051056703490532054 0.0011533440956560009 -0.041832968615425528 0.03560627634886037
leaf_weight=1106.776974029839 4.9252486852929023 144.60657273186371 135120.4381827889 59.400309696793556 37448.188433658332 1796.2825105581433 2956.288261724636 255340.62350092828 135860.81345964968 217.14287665486336 206.42860098183155 2717.0483048185706 309.04190723411739 300.63424486853182 149.47639498766512 2444.6621217848733 1053.0214309226722 494.78687835857272 31902.746132642031 218.24209206923842 32.93203629553318 124188.43562365882 39.32710375636816 1275.3388351481408 8.3697093557566387 6.0308785592205814 2.801365688443183 25641.196961641312 12.666949156671761 10.074621154926716
leaf_count=160952 58 22272 349123 757 134028 16236 15256 629474 330038 1036 535 15274 2508 709 2046 28859 8281 2348 78100 2398 53 403375 89 18598 37 190 18 63392 150 60
internal_value=0.00150375 0.0396529 0.00143075 -0.00924721 0.00150769 0.00460329 0.00133223 0.00181663 0.00237865 0.00549799 0.0382495 0.000221544 0.000521872 0.0320263 -0.00241184 -0.00883422 0.0122953 -0.00981661 -5.53376e-05 0.00512969 -0.0163506 -0.000917483 0.0125609 0.0496773 0.0500521 -0.0470575 -0.0473224 0.00184959 -0.0110557 0.0149347
internal_weight=761069 1453.64 759615 5434.18 754181 40453.3 713728 529039 391201 38090 423.571 137837 4324.61 368.404 3956.2 2753.7 1202.5 2363.33 184689 37666.4 1829.21 127145 534.114 1303.01 309.004 150.637 1109.58 57543.9 27.6668 14.9999
internal_count=2286250 41328 2244922 204167 2040755 156723 1884032 1323909 959512 137997 1571 364397 43197 1503 41694 31367 10327 18726 560123 136426 16289 418631 2437 18866 746 22462 160970 141492 268 118
is_linear=0
shrinkage=0.05


Tree=74
num_leaves=31
num_cat=0
split_feature=24 57 18 18 31 31 6 40 23 28 18 54 23 28 59 18 72 37 10 57 67 59 26 0 59 1 57 24 21 11
split_gain=807.631 479.711 241.938 502.223 754.276 728.816 420.635 300.705 201.916 189.063 169.239 153.444 129.107 120.862 120.578 116.109 308.869 164.441 110.676 43.8236 40.9158 38.1308 25.2262 24.7411 21.4527 27.1977 25.0982 19.9064 19.1914 14.8828
threshold=20988281.000000004 141987.00000000003 1.5000000000000002 72.500000000000014 28.000000000000004 1.0000000180025095e-35 75.000000000000014 1.0000000180025095e-35 29.500000000000004 120.50000000000001 2902.5000000000005 5879961.3857142879 387.50000000000006 52.500000000000007 7037068.2065242697 2.5000000000000004 2.6181184202335372 1.0690449676496978 507.00000000000006 22.500000000000004 2.4472739035695148 3264224.8028030978 207.72130759444153 66746272.500000007 4272526.1092466014 74.500000000000014 441.00000000000006 6133750.5000000009 2559.4820643447656 9.0384615384615419
decision_type=2 2 2 2 2 2 2 2 2 2 2 2 2 2 2 2 2 2 2 2 2 2 2 2 2 2 2 2 2 2
left_child=2 20 11 6 5 21 8 -6 9 -4 -7 13 -10 14 18 16 -8 -17 -1 -16 -2 -5 -15 -13 26 -26 -25 -9 -24 -3
right_child=1 29 3 4 7 10 15 27 12 -11 -12 23 -14 22 19 17 -18 -19 -20 -21 -22 -23 28 24 25 -27 -28 -29 -30 -31
leaf_value=-0.0013518780676923239 -0.0085061566831225299 -0.050321532438660978 0.01595878717946729 -0.049575278015085045 0.051020363414811414 -0.0027013779407808252 -0.11925958315168057 -0.049303653661958512 -0.01227989545829326 -0.032049536536125779 0.0014865857657040756 0.073067327848748989 0.027147715540699825 0.034279586965396638 0.0099620686581004866 -0.11221234254380295 0.023691717980609848 0.041621533079530065 -0.028945013499135249 -0.038005419634611133 0.050984277685127699 -0.027112844721715774 -0.044433298953881699 -0.013335108971432072 -0.01100620468772486 -0.055222948011803399 -0.04158490513392217 0.051399459561129818 -0.023128546838027848 0.030423273821671738
leaf_weight=12562.354835939128 29.608313626609743 137.5982099045068 3678.4757987689227 657.58022665558383 992.79494420066476 24971.631731893867 40.488117784261703 86.537688251584768 1551.0872185616754 217.18360911589116 710038.74082796276 6.0803118031471959 239.71841492364183 15.478502027690409 55.935990071855485 17.568224757909775 566.33211681246758 1554.4902879595757 374.22950345277786 320.13063334673643 1212.5733790546656 265.09539692150429 162.88299183174968 102.19719658978283 240.27202147804201 40.663201621733606 340.84791244100779 5.2023700922727576 301.12048971652985 5.9537795558571807
leaf_count=93339 322 22272 24671 102927 14567 148122 172 3672 15553 2150 1777365 68 1402 67 1214 79 1502 3768 1808 17166 18544 25722 1406 573 1801 574 2995 57 2182 190
internal_value=0.00142906 0.0395655 0.00135947 0.00148408 0.00134996 0.00128855 0.0140517 0.0430171 0.00689426 0.0132823 0.0013443 -0.00503218 -0.00700209 -0.0038497 -0.00296142 0.0327314 0.0141538 0.0399024 -0.00215009 -0.0308708 0.0495663 -0.0431216 -0.0285127 -0.0273713 -0.0282148 -0.0174062 -0.0350685 -0.043593 -0.0306073 -0.0469727
internal_weight=760791 1385.73 759405 744883 737018 735933 7865.34 1084.54 5686.47 3895.66 735010 14522.2 1790.81 13792.1 13312.7 2178.88 606.82 1572.06 12936.6 376.067 1242.18 922.676 479.482 730.061 723.98 280.935 443.045 91.7401 464.003 143.552
internal_count=2286250 41328 2244922 2121729 2072432 2054136 49297 18296 43776 26821 1925487 123193 16955 117182 113527 5521 1674 3847 95147 18380 18866 128649 3655 6011 5943 2375 3568 3729 3588 22462
is_linear=0
shrinkage=0.05


Tree=75
num_leaves=31
num_cat=0
split_feature=24 57 18 18 31 31 6 40 23 28 4 54 23 28 23 53 28 18 72 37 67 59 54 22 15 72 26 25 59 72
split_gain=769.12 455.286 218.941 457.789 718.544 685.995 396.462 285.648 182.28 172.304 157.265 141.747 117.179 111.973 113.079 209.382 157.79 110.961 270.884 148.123 39.8606 38.9234 24.7175 34.4911 48.8153 47.642 23.1865 19.4198 19.0743 56.7015
threshold=20988281.000000004 109249.00000000001 1.5000000000000002 72.500000000000014 28.000000000000004 1.0000000180025095e-35 75.000000000000014 1.0000000180025095e-35 29.500000000000004 120.50000000000001 307.50000000000006 5879961.3857142879 354.00000000000006 52.500000000000007 1.0000000180025095e-35 21.500000000000004 28.500000000000004 2.5000000000000004 2.6181184202335372 1.0690449676496978 2.4472739035695148 3264224.8028030978 8859065.0000000019 10000819.500000002 1797832.3921568629 1.845036586055486 207.72130759444153 1901.5833333333337 18972643.994758558 1.8858371274993757
decision_type=2 2 2 2 2 2 2 2 2 2 2 2 2 2 2 2 2 2 2 2 2 2 2 2 2 2 2 2 2 2
left_child=2 20 11 6 5 21 8 -6 9 -4 -7 13 -10 14 16 -16 -1 18 -8 -19 -2 -5 23 25 -25 -13 -15 -28 -24 -30
right_child=1 -3 3 4 7 10 17 -9 12 -11 -12 22 -14 26 15 -17 -18 19 -20 -21 -22 -23 28 24 -26 -27 27 -29 29 -31
leaf_value=-0.012972788566684651 -0.0080410614085982372 -0.046843721241060968 0.015140825672663253 -0.049518389559023532 0.050959468841901667 0.001346940836538557 -0.10841786367547118 -0.043339642144892332 -0.01245818226585624 -0.031222520561229501 -0.0064045547902438649 -0.028070634549036983 0.021743382307407778 0.031979430083803488 -0.0006501084718170128 0.046336831474311904 0.010466009772338719 -0.10274009936564993 0.022882516398957206 0.040715666037745103 0.050919999439391211 -0.026451160476965399 -0.041033428396018951 -0.04505126316799038 -0.0070946655146491497 0.062679602992347136 -0.049314145990603575 -0.024265650107589309 0.080066124707461661 -0.05374016010128492
leaf_weight=4057.6521712532267 29.394711469765753 136.92729635536671 3683.2153222705238 626.21034256601706 945.47595202736557 728288.35085850582 42.260718464851379 87.761995600070804 1482.5155196771957 211.92483840463683 6602.7026318982244 28.785069971345365 301.34048857865855 15.754809096455572 8114.6759567349218 244.23261916637421 872.42372670769691 18.210879936814308 557.27612832188606 1510.7422100156546 1154.7955709956586 258.31496970634907 284.94626468606293 154.34758794121444 187.74241883214563 29.065087171271443 98.920731693506241 355.31898022815585 13.074968777596949 20.071325975470245
leaf_count=47811 319 22466 24671 102927 14567 1899438 172 3729 15187 2150 26049 275 1768 67 60305 662 4749 79 1502 3768 18543 25722 2561 1589 1284 92 854 2734 55 155
internal_value=0.0013584 0.0394754 0.00129206 0.00141046 0.00128284 0.00122433 0.0134541 0.0429498 0.00655623 0.0126183 0.0012773 -0.00479788 -0.00668063 -0.00366765 -0.00281938 0.000722767 -0.00882507 0.0318582 0.0136273 0.039007 0.0494564 -0.0427819 -0.0264554 -0.0181821 -0.0242203 0.0175241 -0.0276523 -0.0297205 -0.0368575 -0.000958605
internal_weight=760414 1321.12 759093 744616 736809 735776 7807.49 1033.24 5679 3895.14 734891 14477 1783.86 13759 13289 8358.91 4930.08 2128.49 599.537 1528.95 1184.19 884.525 718.033 399.94 342.09 57.8502 469.995 454.24 318.093 33.1463
internal_count=2286250 41328 2244922 2121729 2072432 2054136 49297 18296 43776 26821 1925487 123193 16955 117182 113527 60967 52560 5521 1674 3847 18862 128649 6011 3240 2873 367 3655 3588 2771 210
is_linear=0
shrinkage=0.05


Tree=76
num_leaves=31
num_cat=0
split_feature=24 57 31 55 72 60 58 57 72 32 16 23 17 13 13 5 31 32 33 23 57 24 67 11 56 54 18 28 23 20
split_gain=731.967 431.876 203.129 721.752 155.778 219.984 184.794 166.389 159.75 145.523 181.918 213.739 171.296 431.485 278.09 155.56 131.816 125.786 171.377 109.109 103.712 85.4238 39.2284 15.1328 11.1951 9.75849 6.89921 7.22927 5.75318 305.155
threshold=20988281.000000004 141987.00000000003 1.0000000180025095e-35 113730.52276969912 2.3266635527675161 10083354.500000002 8151394.5000000009 243231.00000000003 1.9740202314398314 10.454400518823919 11225.320151336444 87.500000000000014 104211.50000000001 413.29106493808155 415.65311858849532 312.00000000000006 28.000000000000004 9.7552885860566843 9.9715312784486105 371.50000000000006 45878.000000000007 6153.5000000000009 2.4472739035695148 9.0384615384615419 23228717.000000004 2550.7500000000005 2249.5000000000005 2380.5000000000005 2781791.0000000005 2859852.666666667
decision_type=2 2 2 2 2 2 2 2 2 2 2 2 2 2 2 2 2 2 2 2 2 2 2 2 2 2 2 2 2 2
left_child=2 22 3 24 6 -6 8 -7 -5 12 11 16 17 15 -15 -14 -11 21 -19 -13 -8 -4 25 -3 28 26 -2 -28 -1 -30
right_child=1 23 9 4 5 7 20 -9 -10 10 -12 19 13 14 -16 -17 -18 18 -20 -21 -22 -23 -24 -25 -26 -27 27 -29 29 -31
leaf_value=-0.048584570268562777 0.067016443077256863 -0.050291788964971107 -0.00092491483263414359 -0.030731243803446651 0.071697714494594542 -0.038540777446837045 0.0037329670512667827 0.013091370197885541 0.041254189284200708 0.003680828641994276 0.060689123111693069 -0.016790430389773455 0.00052509174274371461 0.0073306258714860087 0.0025635623582158907 -0.011591320127066724 0.011963368403517347 0.0025121968811784978 -3.2576445560423031e-05 0.0092208839599663122 0.024088820106359165 -0.051322336605816248 0.050857669640279247 0.031040591409430579 0.053724740853110457 -0.041261207543216688 -0.059121521497539714 0.023786906294906474 2.1844421550623738 -0.039653541694781302
leaf_weight=877.47524617845193 4.9031730489805403 125.00525194546208 115197.57995116338 510.87684280890971 62.971775024197996 607.84000437241048 1831.0473938477226 209.92383854510263 90.763886569999158 32222.875933172181 142.11899957060814 1760.9100472293794 176964.97314363671 43964.675220549107 100587.99477612972 2689.3122174590826 5645.3786167558283 111864.4819727689 161929.82522550225 522.8711698167026 950.57964697433636 84.143259370699525 1099.850121865049 5.9933729371987274 2.7546484097838393 12.479382080957292 3.9152045100927344 8.0052745938301069 0.1544342590495934 113.6330955917947
leaf_count=140589 41 22272 388316 5716 175 18550 9458 2413 319 95135 240 16236 449082 102265 249810 15275 42704 274141 402758 2408 6566 2385 18544 190 31 189 35 57 24 20326
internal_value=0.00129113 0.0393665 0.0012279 -0.00856554 0.000378655 -0.0183523 0.00525471 -0.0252866 -0.0198715 0.00129623 0.00421958 0.00401971 0.00113109 0.00197992 0.00401343 0.000343717 0.00491559 0.000423784 0.00100714 -0.0108351 0.0106893 -0.0009617 0.0493365 -0.0465707 -0.0469331 -0.00775938 0.0170915 -0.00344383 -0.0472129 -0.036635
internal_weight=760095 1260.15 758835 5258.02 4264 880.736 3383.27 817.764 601.641 753577 40294.2 40152 713283 324207 144553 179654 37868.3 389076 273794 2283.78 2781.63 115282 1129.15 130.999 994.017 29.303 16.8237 11.9205 991.263 113.788
internal_count=2286250 41328 2244922 204167 43197 21138 22059 20963 6035 2040755 156723 156483 1884032 816432 352075 464357 137839 1067600 676899 18644 16024 390701 18866 22462 160970 322 133 92 160939 20350
is_linear=0
shrinkage=0.05


Tree=77
num_leaves=31
num_cat=0
split_feature=24 57 18 18 31 31 6 40 28 28 18 54 18 0 37 28 72 23 57 67 1 52 54 22 15 72 26 24 21 59
split_gain=696.953 409.951 200.93 414.909 678.887 614.356 373.836 266.135 167.297 557.336 146.131 131.105 106.295 239.21 134.061 106.191 109.157 119.081 39.9565 38.2358 31.6136 30.1716 23.0924 31.6906 45.6893 40.8539 21.1419 19.3941 18.9578 18.0537
threshold=20988281.000000004 141987.00000000003 1.5000000000000002 72.500000000000014 28.000000000000004 1.0000000180025095e-35 75.000000000000014 1.0000000180025095e-35 111.50000000000001 84.500000000000014 2902.5000000000005 5879961.3857142879 2.5000000000000004 6422340.0000000009 1.0690449676496978 52.500000000000007 3.9875729169863692 1.0000000180025095e-35 105899.00000000001 2.4472739035695148 374.50000000000006 258.00000000000006 8859065.0000000019 10000819.500000002 1797832.3921568629 1.845036586055486 207.72130759444153 6133750.5000000009 2559.4820643447656 18972643.994758558
decision_type=2 2 2 2 2 2 2 2 2 2 2 2 2 2 2 2 2 2 2 2 2 2 2 2 2 2 2 2 2 2
left_child=2 19 11 6 5 18 8 -6 9 -4 -7 15 13 -8 -14 16 17 -1 -5 -2 -18 -10 23 25 -25 -13 -17 -9 -28 -24
right_child=1 -3 3 4 7 10 12 27 21 -11 -12 22 14 -15 -16 26 20 -19 -20 -21 -22 -23 29 24 -26 -27 28 -29 -30 -31
leaf_value=-0.0082304370005544681 -0.0075013229399297559 -0.04647802280593949 0.0041642799423773115 -0.048388153930519512 0.050888743631129343 -0.0026089218688473748 0.01988060824554903 -0.048688547038916695 -0.031757551149562212 0.072064868326591744 0.0012841864231748767 -0.026364890450752923 -0.094697355008126108 -0.13430373103104537 0.039780914311304358 0.029193367143901017 -0.032821360107241175 0.001683140021801298 -0.022592900145635586 0.050797130860641318 0.085698834082630515 0.049456677540076988 -0.04008265456635899 -0.044057082249633749 -0.0070385741024828648 0.058421322241454521 -0.043255452460912266 0.051387496757183238 -0.02164048357832284 -0.00099707951805784109
leaf_weight=4851.5731593542732 28.901268944144249 124.86101519595832 5013.2723908661865 621.7484909305349 890.10245970822871 24951.448466181755 565.03326509892941 78.279561376199126 311.56476634182036 321.59772127866745 709736.57951581106 27.874253674410284 18.769852131605148 26.327986046671867 1466.5689178481698 16.09526389837265 332.48761703120545 8064.0923104602844 197.90869236038998 1047.4253029879183 5.7232326455414286 11.871737191453574 277.20344998687506 150.10236022807658 187.43541469099 28.977933866903186 155.25194682553411 5.1603010967373839 292.68245770782232 33.068796782754362
leaf_count=46798 322 22462 38779 110148 14567 148122 1561 3672 3696 1148 1777365 275 79 113 3768 67 9584 57108 18501 18544 37 153 2561 1589 1284 92 1406 57 2182 210
internal_value=0.0012269 0.0392829 0.00116664 0.00127992 0.00115893 0.0011037 0.0127998 0.0428847 0.00614056 0.00825748 0.00115197 -0.00467861 0.0309439 0.0130162 0.0380815 -0.00359816 -0.00277502 -0.00204074 -0.0421598 0.0492317 -0.0308158 -0.0287766 -0.0257121 -0.0176838 -0.0235006 0.0168512 -0.0271091 -0.0424994 -0.0291321 -0.0359169
internal_weight=759840 1201.19 758639 744216 736481 735508 7735.01 973.542 5658.31 5334.87 734688 14422.6 2076.7 591.361 1485.34 13717.9 13253.9 12915.7 819.657 1076.33 338.211 323.437 704.662 394.39 337.538 56.8522 464.03 83.4399 447.934 310.272
internal_count=2286250 41328 2244922 2121729 2072432 2054136 49297 18296 43776 39927 1925487 123193 5521 1674 3847 117182 113527 103906 128649 18866 9621 3849 6011 3240 2873 367 3655 3729 3588 2771
is_linear=0
shrinkage=0.05


Tree=78
num_leaves=31
num_cat=0
split_feature=24 57 18 18 31 31 6 40 23 62 56 30 54 18 72 37 59 28 10 57 57 19 59 21 54 13 59 26 24 19
split_gain=663.019 388.827 181.818 377.002 646.467 577.942 352.204 252.835 162.484 281.022 139.008 124.35 121.289 101.634 218.337 121.675 98.3663 104.431 99.5137 43.4654 54.3027 47.2558 40.9506 37.506 21.9111 29.4644 31.1359 19.4639 18.339 18.2065
threshold=20988281.000000004 141987.00000000003 1.5000000000000002 72.500000000000014 28.000000000000004 1.0000000180025095e-35 75.000000000000014 1.0000000180025095e-35 11.500000000000002 0.16566133720930235 17606225.500000004 116.00000000000001 5879961.3857142879 2.5000000000000004 2.6181184202335372 1.0690449676496978 7037068.2065242697 52.500000000000007 507.00000000000006 572871.00000000012 22.500000000000004 103940152.50000001 3264224.8028030978 215.87544276316319 8859065.0000000019 21.564560331346893 5206966.2244737661 207.72130759444153 6133750.5000000009 114372300.00000001
decision_type=2 2 2 2 2 2 2 2 2 2 2 2 2 2 2 2 2 2 2 2 2 2 2 2 2 2 2 2 2 2
left_child=2 23 12 6 5 22 8 -6 9 -4 -7 -10 16 14 -8 -15 17 18 -1 20 -18 -21 -5 -2 25 26 -14 -19 -9 -26
right_child=1 -3 3 4 7 10 13 28 11 -11 -12 -13 24 15 -16 -17 19 27 -20 21 -22 -23 -24 -25 29 -27 -28 -29 -30 -31
leaf_value=-0.0011510573541886108 -0.0094986552163473133 -0.046136681917246285 0.015804877217866775 -0.049359925578249156 0.050830995056996175 0.0010697570530782184 -0.093459921301322774 -0.048380578496553195 -0.0072489775820050676 -0.07202532438140162 0.020189821736504493 0.033369749520308835 -0.026515729092078635 -0.087639451298216486 0.021316205253782083 0.038898574635265235 0.0103666703088666 0.027329608240107287 -0.027551332195426843 -0.054170965617749235 -0.043992373922502458 0.076728207456083136 -0.024592850367350774 0.050674079858136427 -0.026454146315776146 0.10769018768936418 0.006845115525963257 -0.028269082446546846 0.051318006204341342 -0.052619436972174832
leaf_weight=12510.59358372353 26.585220561828464 119.62839551409706 3113.2089565754868 546.10126838972792 847.62944572232664 733627.62069551647 44.87708754837513 74.923947430681437 2252.1629059086554 93.818209081888199 951.83854685723782 205.62608581036329 292.78530907304958 19.254141941666603 540.18348981440067 1425.8860399723053 55.392654078546911 16.327049054205418 367.4325236082077 10.912634851410987 269.30714825727046 18.726604890543967 240.35382015956566 999.65046672616154 204.54820789210498 4.6786120831966391 91.89097798243165 438.79846912994981 4.915109619498252 98.497992626391351
leaf_count=93339 268 22462 21595 102927 14567 1923413 172 3672 21095 456 2074 630 2222 79 1502 3768 1214 67 1808 374 16535 257 25722 18598 1620 9 1009 3588 57 1151
internal_value=0.00116614 0.039171 0.00110871 0.00121635 0.00110128 0.00104867 0.0122261 0.0428189 0.00582233 0.0132355 0.00109453 -0.00385069 -0.00445998 0.0300945 0.0125123 0.0372127 -0.00342717 -0.00273618 -0.0019043 -0.0294281 -0.0347189 0.0285335 -0.0417907 0.0491153 -0.0248767 -0.0170296 -0.0185465 -0.0262746 -0.0422429 -0.0349586
internal_weight=759514 1145.86 758368 743988 736293 735366 7695.02 927.469 5664.82 3207.03 734579 2457.79 14379.9 2030.2 585.061 1445.14 13687.5 13333.2 12878 354.339 324.7 29.6392 786.455 1026.24 692.401 389.355 384.676 455.126 79.8391 303.046
internal_count=2286250 41328 2244922 2121729 2072432 2054136 49297 18296 43776 22051 1925487 21725 123193 5521 1674 3847 117182 98802 95147 18380 17749 631 128649 18866 6011 3240 3231 3655 3729 2771
is_linear=0
shrinkage=0.05


Tree=79
num_leaves=31
num_cat=0
split_feature=24 57 18 18 31 31 6 40 28 28 19 54 24 27 28 18 72 37 59 58 57 67 52 54 22 15 57 25 19 58
split_gain=630.581 368.778 164.526 343.264 615.522 543.543 331.176 240.206 153.741 477.465 138.206 111.79 97.9655 110.308 119.862 96.8869 194.548 110.746 89.3129 44.314 41.754 36.7635 27.4279 20.9764 29.6532 43.2949 36.5895 20.8898 17.9197 22.2383
threshold=20988281.000000004 109249.00000000001 1.5000000000000002 72.500000000000014 28.000000000000004 1.0000000180025095e-35 75.000000000000014 1.0000000180025095e-35 111.50000000000001 84.500000000000014 119045885.50000001 5879961.3857142879 4696323.0000000009 21069.000000000004 39.500000000000007 2.5000000000000004 2.6181184202335372 1.0690449676496978 7037068.2065242697 8308745.5000000009 105899.00000000001 2.4472739035695148 258.00000000000006 8859065.0000000019 10000819.500000002 1797832.3921568629 550.50000000000011 437087.66788321169 114372300.00000001 47006311.500000007
decision_type=2 2 2 2 2 2 2 2 2 2 2 2 2 2 2 2 2 2 2 2 2 2 2 2 2 2 2 2 2 2
left_child=2 21 11 6 5 20 8 -6 9 -4 -7 12 13 18 -15 16 -8 -17 -1 27 -5 -2 -10 24 26 -26 -13 -14 29 -25
right_child=1 -3 3 4 7 10 15 -9 22 -11 -12 23 19 14 -16 17 -18 -19 -20 -21 -22 -23 -24 28 25 -27 -28 -29 -30 -31
leaf_value=-0.0029674806103335517 -0.0069226539947958854 -0.045729774340336662 0.0036830267385646754 -0.048173388138077672 0.050774218299078633 0.0010766035238177385 -0.086684425936402187 -0.041983161738067126 -0.031134330719485973 0.065450751154828457 -0.011768447835778423 0.061105709839882741 0.034121170224015979 0.025171441594713934 -0.051088409456760686 -0.081457699855029542 0.020561979987002221 0.038026109675940396 -0.028761518868497246 0.11522794264914223 -0.020964690532541824 0.050681971641768755 0.049146920614731998 -0.028211735148549622 -0.042577428397335394 -0.0060649959688992821 -0.019932330651840538 -0.039196379501818653 -0.051926360307122478 0.079006327229881185
leaf_weight=12438.642638580408 28.529516712296754 114.78585362015292 5011.8122620778158 567.22212528157979 807.16905657574534 732430.3852561079 45.936407461762428 76.401981666684151 305.27947759674862 333.6974725946784 2100.089694365859 25.757852349430323 10.111632347106932 554.25916926562786 56.807248145341873 19.668256014585495 532.20493613183498 1386.6764042377472 344.90056262537837 4.9154113680124274 187.64660174259916 949.88210601732135 11.023248728364704 196.18066790513694 144.35129852732643 185.54746040748432 30.330753037706017 247.8998560551554 94.913182893767953 4.958455901592969
leaf_count=95680 319 22466 38779 110148 14567 1919868 172 3729 3696 1148 5619 67 37 1466 247 79 1502 3768 18380 15 18501 18543 153 1588 1589 1284 300 1357 1151 32
internal_value=0.00110833 0.0390554 0.00105362 0.00115588 0.00104642 0.000996298 0.0116953 0.0427535 0.00553471 0.00753892 0.00103988 -0.00425122 -0.00326467 -0.00267137 0.018082 0.0292716 0.0120407 0.0363551 -0.0036634 -0.0334898 -0.0414098 0.0490023 -0.0283365 -0.0240065 -0.0163271 -0.0220415 0.0172832 -0.036323 -0.0340188 -0.0255686
internal_weight=759248 1093.2 758155 743815 736169 735285 7646.3 883.571 5661.81 5345.51 734530 14339.6 13657.5 13394.6 611.066 1984.49 578.141 1406.34 12783.5 262.927 754.869 978.412 316.303 682.04 385.987 329.899 56.0886 258.011 296.052 201.139
internal_count=2286250 41328 2244922 2121729 2072432 2054136 49297 18296 43776 39927 1925487 123193 117182 115773 1713 5521 1674 3847 114060 1409 128649 18862 3849 6011 3240 2873 367 1394 2771 1620
is_linear=0
shrinkage=0.05


Tree=80
num_leaves=31
num_cat=0
split_feature=24 57 18 18 31 31 6 40 23 18 28 54 23 72 28 23 18 72 37 59 25 1 1 15 20 19 54 72 24 11
split_gain=599.603 349.724 148.882 311.878 585.434 511.069 311.559 228.192 146.513 135.803 134.691 103.319 100.46 92.6026 95.8155 106.849 92.2829 174.011 101.032 42.924 36.318 28.3271 24.1509 21.1831 45.1779 30.0432 26.4556 18.2965 17.876 17.3561
threshold=20988281.000000004 109249.00000000001 1.5000000000000002 72.500000000000014 28.000000000000004 1.0000000180025095e-35 75.000000000000014 1.0000000180025095e-35 29.500000000000004 925.50000000000011 120.50000000000001 5879961.3857142879 387.50000000000006 3.9875729169863692 52.500000000000007 1.0000000180025095e-35 2.5000000000000004 2.6181184202335372 1.0690449676496978 3264224.8028030978 16451016.900000002 374.50000000000006 5.5000000000000009 6047002.4090909092 5900384.8159722248 95405151.500000015 8859065.0000000019 1.2181238914441133 6133750.5000000009 9.0384615384615419
decision_type=2 2 2 2 2 2 2 2 2 2 2 2 2 2 2 2 2 2 2 2 2 2 2 2 2 2 2 2 2 2
left_child=2 20 11 6 5 19 8 -6 10 -7 -4 13 -10 14 15 -1 17 -8 -18 -5 -2 22 -15 24 26 -26 -13 -16 -9 -3
right_child=1 29 3 4 7 9 16 28 12 -11 -12 23 -14 21 27 -17 18 -19 -20 -21 -22 -23 -24 -25 25 -27 -28 -29 -30 -31
leaf_value=-0.0075710119210217301 0.050530589531152352 -0.050242002530426079 0.012831672407496436 -0.049240997182680622 0.050718189872390768 -0.0059470369788061882 -0.080804029670078339 -0.04779284739325395 -0.011451047174496685 0.001054601861617566 -0.029284622075811929 -0.012892921661163008 0.023041038287485101 -0.022670419190212759 -0.014406572932629456 0.0018506106993037012 -0.075995070335413889 0.019825953157300086 0.037162677993291253 -0.023012067187651284 -0.010198325578225887 0.078559238292669212 -0.052939416335754413 -0.043837361779825591 0.14795916751596036 0.01129726739395784 -0.035291704101815022 -0.034722863075051826 0.051305761627331983 0.035021702573419841
leaf_weight=4807.9880802468397 907.63129202602431 103.77467425866053 3696.3824377697892 497.58131088176742 768.62988893128932 6992.0436751917005 46.791875049471855 69.043681540060788 1525.3989886566997 727492.22019804642 200.11355391750112 327.12983402423561 245.00992400944233 227.75532315671444 207.37458979710937 8043.7409996795468 20.018391020596027 524.56295307725668 1348.9179029688239 227.2100920160301 25.305435098707676 5.9629322849214068 92.729043341707438 105.00896340142936 6.2053827643394497 11.42714526504278 220.81280283071101 238.01365875825286 4.8717658817768088 6.332692075520753
leaf_count=46798 18625 22275 24671 102927 14567 29288 172 3672 15553 1896199 2150 2815 1402 1041 1729 57108 79 1502 3768 25722 237 37 8543 840 10 60 2286 1926 57 191
internal_value=0.00105335 0.038937 0.00100121 0.00109837 0.000994273 0.000946537 0.0111704 0.0426489 0.00524949 0.000987949 0.0106687 -0.00405327 -0.00667763 -0.00311016 -0.00246426 -0.00167413 0.0284633 0.0115847 0.0355079 -0.0410187 0.0488833 -0.0294194 -0.0314285 -0.0232135 -0.0193843 0.0593924 -0.0219193 -0.0252635 -0.0412613 -0.0453382
internal_weight=758996 1043.04 757953 743659 736052 735209 7607.2 842.545 5666.9 734484 3896.5 14294.1 1770.41 13623.6 13297.1 12851.7 1940.29 571.355 1368.94 724.791 932.937 326.447 320.484 670.584 565.575 17.6325 547.943 445.388 73.9154 110.107
internal_count=2286250 41328 2244922 2121729 2072432 2054136 49297 18296 43776 1925487 26821 123193 16955 117182 107561 103906 5521 1674 3847 128649 18862 9621 9584 6011 5171 70 5101 3655 3729 22466
is_linear=0
shrinkage=0.05


Tree=81
num_leaves=31
num_cat=0
split_feature=24 57 32 13 31 30 16 13 23 57 57 18 23 3 23 54 23 30 5 15 23 23 54 22 67 23 11 54 65 23
split_gain=570.211 331.757 143.284 357.112 823.285 256.599 208.382 177.771 145.107 156.499 152.187 114.86 152.522 114.536 378.315 361.825 322.976 216.103 208.49 82.7428 82.3548 79.0042 50.8479 47.8845 36.3117 34.6563 16.372 9.30119 6.8102 6.70417
threshold=20988281.000000004 141987.00000000003 9.3061779064045229 419.48108284274514 28.000000000000004 1.0000000180025095e-35 11225.320151336444 413.29106493808155 2992738.0000000005 15027716.000000002 14992065.000000002 96732.500000000015 87.500000000000014 2242.5000000000005 748353.50000000012 15010184.500000002 746794.50000000012 132.00000000000003 312.00000000000006 100028.50000000001 748952.50000000012 5999427.5000000009 15004572.500000002 14147148.000000002 2.4472739035695148 2996477.5000000005 9.0384615384615419 2550.7500000000005 1.5000000000000002 2994882.0000000005
decision_type=2 2 2 2 2 2 2 2 2 2 2 2 2 2 2 2 2 2 2 2 2 2 2 2 2 2 2 2 2 2
left_child=2 24 8 4 5 23 11 -7 13 10 21 12 -5 15 16 18 -15 -17 -1 -13 -16 -10 -12 -4 27 29 -3 -2 -6 -11
right_child=1 26 3 6 28 7 -8 -9 9 25 22 19 -14 14 20 17 -18 -19 -20 -21 -22 -23 -24 -25 -26 -27 -28 -29 -30 -31
leaf_value=-0.00068234901575048659 0.017483902223030381 -0.050229831267269112 -0.04975887941521321 0.0029422277202561138 0.050727497978627925 0.00071493490168085495 0.059837758907407237 0.0043731538179125661 0.0024345661197125437 0.0040743211442728902 0.022523051225429868 -0.00085152818937737288 -0.010301906229409038 0.0054204495902501768 0.020441268620967595 -0.056005749691486362 -0.0074164004781635947 -0.0037885972558387958 -0.018193145741587445 0.00074849745217448003 0.057903474351396013 -0.042969782326962636 0.0038049328093071274 0.11613854539483304 0.050575376813190326 -0.10373910213813874 0.033664076072509756 -0.040448723147512217 0.14553963013213217 -0.050463582066709679
leaf_weight=141909.82573336316 16.49858079850674 98.686079530976713 251.68280217191204 63637.343981062993 903.80008231475949 48924.810051739216 148.34863083064556 103386.65694966912 2218.428557110019 10.722146704792976 1792.0824323892593 120421.68985401094 2250.7112249117345 13419.99498719722 1857.0334577560425 476.41301146661863 7718.0021073669195 339.22542158514261 1720.4659731313586 245582.92420649529 159.28774827718735 100.13087191898376 454.9187126904726 4.4261567778885356 861.57085642963648 35.638811588287354 6.1795597742311648 11.944220421370117 1.8979431614279736 11.876520961523056
leaf_count=596103 133 22272 44051 168652 17027 137237 257 244840 11414 26 3844 300843 18554 38428 4071 2054 19994 981 9664 607050 264 18253 1101 29 18544 141 190 189 6 38
internal_value=0.00100111 0.0388295 0.000951444 0.00132434 0.00339615 0.00311399 0.000588374 0.00319808 -0.000316298 0.00842157 0.00946048 0.000568022 0.00248981 -0.00055736 0.00270732 -0.00108068 0.0007334 -0.0342885 -0.000892101 0.000222062 0.0234008 0.000473703 0.0187335 -0.0468918 0.0487404 -0.0730249 -0.0452861 -0.00684422 0.0509262 -0.0245876
internal_weight=758733 994.879 757738 585514 153473 152568 432041 152311 172224 4623.8 4565.56 431893 65888.1 167600 23154.3 144446 21138 815.638 143630 366005 2016.32 2318.56 2247 256.109 890.014 58.2375 104.866 28.4428 905.698 22.5987
internal_count=2286250 41328 2244922 1538546 443190 426157 1095356 382077 706376 34817 34612 1095099 187206 671559 62757 608802 58422 3035 605767 907893 4335 29667 4945 44080 18866 205 22462 322 17033 64
is_linear=0
shrinkage=0.05


Tree=82
num_leaves=31
num_cat=0
split_feature=24 57 18 18 31 31 6 16 28 28 55 54 18 0 37 24 27 23 28 59 58 60 52 15 20 19 54 25 30 11
split_gain=542.4 314.832 133.45 283.701 524.869 471.372 289.015 214.557 131.943 367.441 127.05 94.1471 88.5243 158.171 92.3002 87.4681 98.2977 237.74 77.1355 43.8944 40.0158 36.1809 26.116 20.3967 40.5408 25.2317 24.9968 19.5076 17.5941 15.8227
threshold=20988281.000000004 109249.00000000001 1.5000000000000002 72.500000000000014 28.000000000000004 1.0000000180025095e-35 75.000000000000014 93.082525593514518 120.50000000000001 84.500000000000014 6703153.4113774542 5879961.3857142879 2.5000000000000004 6422340.0000000009 1.0690449676496978 4696323.0000000009 4521.5000000000009 91.500000000000014 32.500000000000007 3264224.8028030978 8308745.5000000009 29325977.500000004 258.00000000000006 6047002.4090909092 5900384.8159722248 95405151.500000015 8859065.0000000019 437087.66788321169 156.00000000000003 9.0384615384615419
decision_type=2 2 2 2 2 2 2 2 2 2 2 2 2 2 2 2 2 2 2 2 2 2 2 2 2 2 2 2 2 2
left_child=2 21 11 6 5 19 8 -6 9 -4 -7 15 13 -8 -14 16 18 -18 -1 -5 27 -2 -10 24 26 -26 -13 -17 -9 -3
right_child=1 29 3 4 7 10 12 28 22 -11 -12 23 14 -15 -16 20 17 -19 -20 -21 -22 -23 -24 -25 25 -27 -28 -29 -30 -31
leaf_value=-0.0058631880068470681 0.050677632219690155 -0.050218895448541023 0.0031525704899200476 -0.049160161162672189 0.050683354980178501 0.00088286026779438179 0.017156293422885924 -0.047259089376845129 -0.031689691058917967 0.054758647010961337 0.044428894249982885 -0.01229388391212277 -0.071205121648286893 -0.10199872316836847 0.036232692876991317 0.032971669092066405 0.021677840614017507 -0.013031094590217659 0.006443789308033564 -0.022088067966855446 0.10716111689088861 -0.0034088868788602978 0.048840756174904229 -0.042905240704907165 0.13391657653170683 0.010700644722227176 -0.03427979539394034 -0.037655800350414333 0.050711380562493052 0.032614901114653976
leaf_weight=9820.2808227702044 816.37634659186006 93.94182163849473 4995.3283057468943 468.2163622090593 696.10369515698403 734142.75200268626 533.32737638801336 66.216253052931279 266.86948969447985 370.509875677526 167.5395126491785 324.9539803690277 20.300637848675251 29.38560363650322 1309.4051957726479 10.191431194543837 1219.7283923700452 828.4444355070591 1462.8407695516944 220.11986899701878 5.0656588524579993 32.137308219913393 10.462307058274744 101.91290038032457 6.5063831508159664 11.495792895555494 214.69789912132546 240.30522648431361 4.9233889486640683 6.1419914579018942
leaf_count=95837 18557 22275 38779 102927 14577 1925189 1561 3655 3417 1428 298 2815 79 113 3768 37 5363 5717 8856 25722 15 305 152 840 10 60 2286 1357 64 191
internal_value=0.000951471 0.0387363 0.000904157 0.000996032 0.000897175 0.000854028 0.0106483 0.0422307 0.00497783 0.00671596 0.000892796 -0.00388936 0.0275575 0.0109339 0.0345924 -0.0029938 -0.00243835 0.00763878 -0.00426761 -0.0405029 -0.0319688 0.0486291 -0.0286517 -0.0223374 -0.0185786 0.0552336 -0.0210409 -0.0347823 -0.0404788 -0.0451355
internal_weight=758496 948.597 757548 743301 735766 734999 7535.59 767.243 5643.17 5365.84 734310 14246.4 1892.42 562.713 1329.71 13586.9 13331.3 2048.17 11283.1 688.336 255.562 848.514 277.332 659.567 557.654 18.0022 539.652 250.497 71.1396 100.084
internal_count=2286250 41328 2244922 2121729 2072432 2054136 49297 18296 43776 40207 1925487 123193 5521 1674 3847 117182 115773 11080 104693 128649 1409 18862 3569 6011 5171 70 5101 1394 3719 22466
is_linear=0
shrinkage=0.05


Tree=83
num_leaves=31
num_cat=0
split_feature=24 57 32 13 31 30 13 16 23 57 57 23 54 23 1 23 54 23 28 28 23 18 22 16 60 23 61 28 58 14
split_gain=515.654 298.637 128.372 321.233 751.946 238.004 197.248 191.933 132.982 139.215 140.57 123.092 374.374 260.68 235.548 230.904 118.19 110.576 100.688 154.048 69.1973 51.7607 44.4084 43.2503 35.9174 30.943 14.9503 13.815 11.2136 10.9899
threshold=20988281.000000004 141987.00000000003 9.3061779064045229 418.03835502850683 28.000000000000004 1.0000000180025095e-35 413.29106493808155 11225.320151336444 2992279.0000000005 15027716.000000002 14992065.000000002 2985461.5000000005 15010184.500000002 748307.50000000012 73.500000000000014 746794.50000000012 14988713.500000002 2990139.0000000005 111.50000000000001 84.500000000000014 5999427.5000000009 2987352.0000000005 14147148.000000002 1949.3742458351016 29325977.500000004 2996477.5000000005 6153198.0000000009 2498.5000000000005 56308687.750000007 0.14219874395448517
decision_type=2 2 2 2 2 2 2 2 2 2 2 2 2 2 2 2 2 2 2 2 2 2 2 2 2 2 2 2 2 2
left_child=2 24 8 4 5 22 -7 18 11 10 20 13 16 15 -15 -1 -13 -14 19 -5 -10 -12 -4 -20 29 -11 -3 28 -26 -2
right_child=1 26 3 7 -6 6 -8 -9 9 25 21 12 17 14 -16 -17 -18 -19 23 -21 -22 -23 -24 -25 27 -27 -28 -29 -30 -31
leaf_value=-0.00033840744140915943 0.19135265638729126 -0.04954901032720422 -0.049693191758013094 0.00055031577764559365 0.050851282407377754 0.00063809388850993506 0.0046354625184790331 0.058423145133789711 0.0016216924948636528 -0.023363761713982353 -0.050623298366188334 -0.030343864385836413 -0.072447542060500761 0.0041587130315792675 0.025693087575725772 -0.0087964080602959526 -0.0016108851885613602 -0.015113378454405219 -0.039003393943936392 0.034243968867139832 -0.042115781437465694 0.017346922369489658 0.10787887851767988 0.0080671081578551559 -0.058077412000793339 -0.098039734195823972 0.042523919319276959 -0.05393047187232345 0.034205815782894604 0.050374173371666608
leaf_weight=145937.48947293125 1.3848455697298039 90.706878949888051 235.23782515246421 450911.2622662615 828.53072637319565 48919.394465798512 83598.236902713776 143.34234403073788 2392.8927573887631 22.633740678429604 28.318441301584244 394.39628655323759 276.54683023691177 6228.9019181989133 1595.0316055864096 8541.5815851888619 3867.26787763834 120.84325671195984 227.59000987187028 339.49057625420392 93.983797988621518 2566.1260196566582 4.5580741022713473 62.121814329177141 3.9974487675353911 35.835157692432404 4.6341040402185163 9.4964961879886669 18.648902057670057 776.00897786580026
leaf_count=608221 7 22334 44051 1137054 17033 137237 197201 257 11861 64 90 1158 985 24216 3365 22325 9683 332 3521 1497 18253 5682 29 666 82 141 128 138 88 18551
internal_value=0.000904224 0.0386262 0.000859155 0.00121215 0.00336611 0.00306976 0.00315982 0.00057511 -0.000341273 0.00758029 0.00846299 -0.000585132 -0.00859804 -0.000355114 0.00854883 -0.000806074 -0.00426998 -0.0550127 0.000556746 0.000575665 -3.12299e-05 0.016605 -0.046698 -0.0289102 0.0484838 -0.0691321 -0.0450738 -0.00331057 0.0179163 0.0506253
internal_weight=758276 904.878 757372 585270 133586 132757 132518 451684 172102 5139.79 5081.32 166962 4659.05 162303 7823.93 154479 4261.66 397.39 451540 451251 2486.88 2594.44 239.796 289.712 809.537 58.4689 95.341 32.1428 22.6464 777.394
internal_count=2286250 41328 2244922 1538546 395551 378518 334438 1142995 706376 36091 35886 670285 12158 658127 27581 630546 10841 1317 1142738 1138551 30114 5772 44080 4187 18866 205 22462 308 170 18558
is_linear=0
shrinkage=0.05


Tree=84
num_leaves=31
num_cat=0
split_feature=24 57 18 18 31 31 28 6 19 57 57 17 57 28 28 26 23 56 18 37 57 61 67 57 37 59 26 25 11 28
split_gain=490.173 283.281 118.921 256.804 504.367 370.336 328.111 201.639 126.614 113.32 185.03 170.34 88.1436 87.0169 93.0634 219.139 126.542 83.3906 85.9493 45.817 44.3691 41.578 35.6595 22.6276 21.9262 17.8298 17.809 19.382 14.5667 9.17793
threshold=20988281.000000004 141987.00000000003 1.5000000000000002 25.500000000000004 1.0000000180025095e-35 28.000000000000004 92.500000000000014 75.000000000000014 119045885.50000001 243231.00000000003 29.500000000000004 10188517.500000002 3262060.5000000005 52.500000000000007 40.500000000000007 2589.1315829500827 1.0000000180025095e-35 14997054.500000002 2.5000000000000004 4.4327331080291286 96541.000000000015 8769744.0000000019 2.4472739035695148 5996426.5000000009 4.6575001548371073 18972643.994758558 207.72130759444153 1901.5833333333337 9.0384615384615419 64.500000000000014
decision_type=2 2 2 2 2 2 2 2 2 2 2 2 2 2 2 2 2 2 2 2 2 2 2 2 2 2 2 2 2 2
left_child=2 22 12 7 20 8 -7 9 -6 10 -4 -11 13 14 16 -16 -1 18 -9 -19 -5 -22 -2 -14 25 -25 29 -28 -3 -15
right_child=1 28 3 4 5 6 -8 17 -10 11 -12 -13 23 26 15 -17 -18 19 -20 -21 21 -23 -24 24 -26 -27 27 -29 -30 -31
leaf_value=-0.010410520051406273 -0.0070249315744299505 -0.050198118075572923 0.0098316942770747227 -0.048090124255710069 0.00085065649373850514 0.044415585183001142 -0.035485464219691315 0.011904033820659536 -0.011327941162591715 -0.056429450796623717 -0.012224559802896946 0.033323036871237298 -0.04979681457138968 -0.018070228172567124 0.021184158604301378 -0.054370153165205062 0.00012222054538045898 -0.013167462853705689 0.036257375976854522 -0.1404885724263 -0.0007175270891033133 -0.046806959713797364 0.050433821317151073 -0.029427564208974549 0.096579913748168336 0.015109972122903329 -0.047537804675571123 -0.021418826340548626 0.031466758264673232 0.057610473623916761
leaf_weight=4395.2995850834996 28.019221269059926 85.089999985648319 2951.7358136479743 535.19546827999875 732506.88899359852 813.39536966057494 152.58916283398867 549.56854151189327 2140.3905203640461 58.116531419102103 1402.738869426772 584.96526931365952 102.80728742387146 6.8744891583919552 846.48762311786413 108.24365431815386 8119.4724814891815 62.836278520524502 1063.2037821784616 7.9610832631587973 114.13367439527065 85.656904330477118 744.12292269617319 158.69158778199926 3.9065402150154105 26.1786576542072 90.107450559735298 335.438486430794 5.8349130703136316 9.6007824614644033
leaf_count=51421 322 22272 20401 115429 1921445 16971 4327 1646 5730 294 10299 1945 1526 31 4456 622 59904 218 3160 42 8216 11606 18544 1434 10 165 854 2734 190 36
internal_value=0.000859326 0.0385189 0.000816403 0.000903034 0.000814492 0.000855855 0.0317942 0.0106616 0.000815174 0.00561995 0.00272655 0.0252119 -0.00371566 -0.00314541 -0.00242905 0.0126181 -0.00357697 0.0256272 0.0279587 -0.0274846 -0.0405842 -0.0204776 0.0483488 -0.0309226 -0.0206437 -0.0231208 -0.0249747 -0.0269494 -0.0449574 0.0260319
internal_weight=758096 863.067 757232 743029 736348 735613 965.985 6681.13 734647 4997.56 4354.47 643.082 14203.1 13911.5 13469.5 954.731 12514.8 1683.57 1612.77 70.7974 734.986 199.791 772.142 291.584 188.777 184.87 442.021 425.546 90.9249 16.4753
internal_count=2286250 41328 2244922 2121729 2083724 1948473 21298 38005 1927175 32939 30700 2239 123193 120058 116403 5078 111325 5066 4806 260 135251 19822 18866 3135 1609 1599 3655 3588 22462 67
is_linear=0
shrinkage=0.05


Tree=85
num_leaves=31
num_cat=0
split_feature=24 57 32 13 31 30 16 13 23 57 57 70 54 23 31 23 23 18 23 19 33 23 54 22 60 23 11 28 23 58
split_gain=465.989 268.761 113.03 291.467 697.562 217.807 179.546 145.765 121.657 127.488 122.761 103.612 436.951 346.222 324.357 292.693 113.267 102.87 134.247 91.7629 75.0257 63.302 46.2062 41.4027 34.9704 29.5345 14.0904 12.7273 11.0575 10.1297
threshold=20988281.000000004 109249.00000000001 9.3061779064045229 419.48108284274514 28.000000000000004 1.0000000180025095e-35 11225.320151336444 413.29106493808155 2992738.0000000005 15027716.000000002 14992065.000000002 0.94281045751633996 15010184.500000002 748353.50000000012 1.0000000180025095e-35 746794.50000000012 2990139.0000000005 96732.500000000015 87.500000000000014 111107834.00000001 9.9715312784486105 5999427.5000000009 15004572.500000002 14147148.000000002 29325977.500000004 2993107.5000000005 9.0384615384615419 2498.5000000000005 2996477.5000000005 56308687.750000007
decision_type=2 2 2 2 2 2 2 2 2 2 2 2 2 2 2 2 2 2 2 2 2 2 2 2 2 2 2 2 2 2
left_child=2 24 8 4 5 23 17 -7 11 10 21 12 14 15 -1 -13 -14 18 -5 -15 -19 -10 -12 -4 -2 -11 -3 29 -27 -26
right_child=1 26 3 6 -6 7 -8 -9 9 25 22 13 16 19 -16 -17 -18 20 -20 -21 -22 -23 -24 -25 27 28 -28 -29 -30 -31
leaf_value=-0.040064133422937687 0.050517095029375174 -0.050188720696441626 -0.049624205911553816 0.0026660229651908874 0.050788929670161277 0.00056725357027610204 0.057248300273782561 0.0038808470658352797 0.0021647839043284307 0.041575521590825962 0.020577548509264833 0.0037979411927517473 -0.067882820991160067 0.012052794140576927 -0.0008455955298288366 -0.0073250699454114471 -0.012967048399634463 0.00062818308999334723 -0.0098178289861571566 0.030606411246120815 -0.00086779003052237587 -0.04115201479592661 0.0027116018823630998 0.10085288493254761 -0.058041575286987168 -0.044066339859870275 0.030452085551743915 -0.05365192823511649 -0.093146154947987947 0.03205902617634309
leaf_weight=529.25705146836117 705.15714591182768 80.998470280552283 219.62632331764325 63622.772864187136 759.22238503023982 48913.509127771482 139.05652014911175 103240.95515738428 2220.3469815403223 5.78521904349327 1784.2468482553959 18761.215838466538 303.91381431883201 2050.872382581234 136001.09945637593 8637.1671704053879 135.87710753083229 235949.85961078107 2228.9623608225957 987.21462137065828 129982.00915238261 87.67253920645453 453.98144795000553 4.6683415449224404 3.7559326728805962 16.879931792616844 5.8051719274371854 9.0220133755356056 35.847235083580017 18.409202684648335
leaf_count=91998 18557 22275 44051 168652 17033 137237 257 244840 11414 11 3844 90403 1104 4713 458544 22424 370 583236 18554 2003 324657 18253 1101 29 79 53 191 138 141 88
internal_value=0.000816613 0.0384162 0.000775731 0.001107 0.00298124 0.00274304 0.000442486 0.00281562 -0.000350999 0.00766658 0.00861042 -0.000571534 -0.00115791 0.00206726 -0.000997625 0.000291482 -0.0509161 0.000424191 0.00224347 0.0180817 9.68011e-05 0.00051935 0.0169538 -0.0464923 0.0482256 -0.0656672 -0.0447957 -0.00358698 -0.0774339 0.0167913
internal_weight=757895 823.148 757072 585061 153138 152379 431923 152154 172011 4604.76 4546.25 167407 136970 30436.5 136530 27398.4 439.791 431784 65851.7 3038.09 365932 2308.02 2238.23 224.295 736.344 58.5124 86.8036 31.1871 52.7272 22.1651
internal_count=2286250 41328 2244922 1538546 443190 426157 1095356 382077 706376 34817 34612 671559 552016 119543 550542 112827 1474 1095099 187206 6716 907893 29667 4945 44080 18862 205 22466 305 194 167
is_linear=0
shrinkage=0.05


Tree=86
num_leaves=31
num_cat=0
split_feature=24 57 0 22 16 60 5 3 13 31 52 13 72 22 32 60 26 25 32 21 23 67 22 58 22 23 23 61 58 54
split_gain=443.007 255.024 109.398 178.79 116.389 100.785 206.404 138.262 115.847 473.346 294.133 250.698 145.024 271.689 153.227 97.3415 73.1727 55.7573 54.5789 40.3814 37.9312 34.2465 31.7863 26.5894 22.8486 21.8926 16.2616 13.5669 8.93567 7.56758
threshold=20988281.000000004 109249.00000000001 119839450.00000001 1109904.5000000002 152380.40665225682 61689187.000000007 312.00000000000006 49.000000000000007 422.2182772631898 28.000000000000004 258.00000000000006 413.29106493808155 2.8204063416721539 3094185.0000000005 9.7552885860566843 61818030.500000007 2543.5590831928653 171.91666666666669 1.1669937798946075 152707.15065526144 748061.00000000012 2.4472739035695148 1109150.5000000002 83579888.500000015 1095600.0000000002 747907.50000000012 746945.50000000012 6153198.0000000009 86526320.000000015 2550.7500000000005
decision_type=2 2 2 2 2 2 2 2 2 2 2 2 2 2 2 2 2 2 2 2 2 2 2 2 2 2 2 2 2 2
left_child=2 21 5 18 -5 8 7 -7 9 11 -11 -1 14 -14 -10 -9 17 -6 22 26 -21 29 24 -8 -4 -24 -20 -3 -25 -2
right_child=1 27 3 4 16 6 23 15 12 10 -12 -13 13 -15 -16 -17 -18 -19 19 20 -22 -23 25 28 -26 -27 -28 -29 -30 -31
leaf_value=0.00022300647761376528 0.014609555860310467 -0.049426780215198855 -0.0054075279902509338 0.084093287392080995 -0.0049917735189838261 -0.04759493549776872 -0.051842272443720964 -0.010176100354871362 -0.0012596719841553423 -0.030800479347422617 0.050082828770618107 0.0030876164230023775 0.024450387414760286 -0.016212288767799673 0.00083883720674191172 0.00045776661588518781 0.083202130491282458 -0.056901920266389294 0.040670596594699883 -0.064228841951970553 0.00088071364606946581 0.050337129025245335 -0.10341620022213519 0.022944696693251315 0.065126021450111676 0.016963615592378339 -0.026771372930332472 0.041532850896500738 -0.026771234638984016 -0.039022920662037476
leaf_weight=175342.86677182955 16.667967698536817 78.471239304868504 39.007054710760713 37.247601702809334 1087.5300137088634 168.27446597232483 226.12971448898315 2786.1232726797462 121278.77980348468 132.05535775981843 755.16315945982933 135319.48773655295 1520.9792580977082 562.78893698006868 307645.80727648828 9456.4487710669637 22.697408713400364 54.312803126871586 13.226528048515318 244.94789828360081 24.617125317454338 674.60338969156146 11.237075194716455 9.8519802540540677 16.271199703216553 5.6889288127422324 27.566513329744339 4.3254053024575105 109.40269154310226 10.864263549912719
leaf_count=623370 133 22337 609 49 4731 28609 1437 7427 405431 4268 18141 323789 4053 2645 786066 32119 49 403 26 863 62 18543 45 44 26 13 81 129 566 186
internal_value=0.000776079 0.0383195 0.000737145 -0.0123877 -0.00291105 0.000764676 -0.00364198 -0.00258097 0.000840377 0.00157494 0.038044 0.00147078 0.000309409 0.0134681 0.000245482 -0.00196225 -0.00569386 -0.00746093 -0.0421577 -0.0512669 -0.0582829 0.0481063 -0.0030032 -0.0417676 0.0153541 -0.0629558 -0.00490433 -0.0446749 -0.0226641 -0.00655391
internal_weight=757683 784.932 756899 1584.35 1201.79 755314 12756.2 12410.8 742558 311550 887.219 310662 431008 2083.77 428925 12242.6 1164.54 1141.84 382.562 310.358 269.565 702.136 72.2043 345.384 55.2783 16.926 40.793 82.7966 119.255 27.5322
internal_count=2286250 41328 2244922 6957 5232 2237965 70202 68155 2167763 969568 22409 947159 1198195 6698 1191497 39546 5183 5134 1725 1032 925 18862 693 2047 635 58 107 22466 610 319
is_linear=0
shrinkage=0.05


Tree=87
num_leaves=31
num_cat=0
split_feature=24 57 18 18 31 31 6 40 18 23 28 23 54 72 28 27 18 72 37 59 60 20 57 57 1 1 57 72 24 15
split_gain=421.057 241.937 108.076 230.6 397.009 381.681 257.665 190.425 124.695 122.357 100.488 99.8798 83.5065 82.4269 85.3606 103.006 82.3157 142.537 86.7989 47.6252 34.3268 25.4773 32.4965 46.3605 18.4554 25.1498 17.0558 16.958 15.376 13.7907
threshold=20988281.000000004 141987.00000000003 1.5000000000000002 72.500000000000014 28.000000000000004 1.0000000180025095e-35 75.000000000000014 1.0000000180025095e-35 925.50000000000011 41.500000000000007 120.50000000000001 354.00000000000006 8185921.7500000009 3.9875729169863692 52.500000000000007 4521.5000000000009 2.5000000000000004 2.6181184202335372 1.0690449676496978 3264224.8028030978 29325977.500000004 1567348.0517241384 3001860.0000000005 572871.00000000012 374.50000000000006 5.5000000000000009 5996426.5000000009 1.1612777482922876 6133750.5000000009 114929.00000000001
decision_type=2 2 2 2 2 2 2 2 2 2 2 2 2 2 2 2 2 2 2 2 2 2 2 2 2 2 2 2 2 2
left_child=2 20 12 6 5 19 9 -6 -7 10 -4 -11 13 14 15 -1 17 -8 -18 -5 -2 29 23 -23 25 -15 -24 -16 -9 -14
right_child=1 -3 3 4 7 8 16 28 -10 11 -12 -13 21 24 27 -17 18 -19 -20 -21 -22 22 26 -25 -26 -27 -28 -29 -30 -31
leaf_value=-0.0035645675806728512 0.050436838641847483 -0.044596310643670582 0.010722722758527063 -0.048953829753220567 0.050476057898436871 -0.0059547156025706073 -0.072663774912447215 -0.046899070082010587 0.00075746330900615562 -0.013350732576496997 -0.026570880835519024 0.018475230136709007 0.072877119135995316 -0.021099694850031939 -0.0069351401877986111 0.0090098003739101078 -0.06943377530696819 0.01764115452630793 0.034631489821176642 -0.019111417674400302 -0.004031596488189652 -0.025986499693768379 -0.059981177464427965 0.075673517750957237 0.052292411847606503 -0.052696713280258406 -0.021942247398020073 -0.029887642335455891 0.051142679739242781 -0.05499663079716656
leaf_weight=11185.222489573527 639.43653688021004 78.900008822791278 3800.637044726871 403.94507521577179 548.38880109973252 6985.7912867516279 47.856573492288589 60.161556816194206 726972.6315038763 1310.5566783617251 189.64152598707005 303.6368011655286 2.1613409966230384 221.92191083729267 106.6360441558063 1906.2137943711132 20.365511402487755 502.66007052361965 1243.9170969501138 199.83076987718232 30.296151999384165 26.284052227623761 37.072523726150393 19.560725085437298 6.9547894261777392 87.929733816068619 143.66605248814449 328.01040587201715 4.2838585674762717 86.154718047007918
leaf_count=96336 18558 22462 27112 102927 14567 29288 172 3672 1896199 12745 2151 1768 5 1041 943 10259 79 1502 3768 25722 308 226 346 119 44 8672 1098 2712 57 1392
internal_value=0.000737534 0.0382168 0.000700457 0.000782962 0.000694448 0.000660888 0.00955374 0.0409215 0.000693577 0.00425144 0.00895031 -0.00736413 -0.00362704 -0.00304787 -0.00245739 -0.00173364 0.0259283 0.00979092 0.0329552 -0.0390769 0.0479729 -0.0290871 -0.0202081 0.0173891 -0.0282583 -0.0300663 -0.0297447 -0.0242565 -0.040382 -0.0518672
internal_weight=757501 748.633 756752 742594 735175 734562 7419.27 612.834 733958 5604.47 3990.28 1614.19 14157.8 13842.9 13526.1 13091.4 1814.8 550.517 1264.28 603.776 669.733 314.899 226.583 45.8448 316.806 309.852 180.739 434.646 64.4454 88.3161
internal_count=2286250 41328 2244922 2121729 2072432 2054136 49297 18296 1925487 43776 29263 14513 123193 120007 110250 106595 5521 1674 3847 128649 18866 3186 1789 345 9757 9713 1444 3655 3729 1397
is_linear=0
shrinkage=0.05


Tree=88
num_leaves=31
num_cat=0
split_feature=24 57 0 17 21 18 18 31 31 6 59 28 56 10 8 59 28 23 26 25 22 61 22 21 22 32 23 20 11 23
split_gain=399.621 229.218 98.9006 161.788 92.6217 90.5924 213.439 363.695 178.191 134.557 93.29 91.5726 78.9599 77.7059 122.437 79.5634 82.2645 67.644 57.572 66.0847 47.3901 40.7053 37.1648 33.7918 32.2527 28.8157 28.2978 15.3186 13.8924 11.9359
threshold=20988281.000000004 109249.00000000001 119839450.00000001 1124575.5000000002 152707.15065526144 1.5000000000000002 15.500000000000002 1.0000000180025095e-35 28.000000000000004 75.000000000000014 2264979.6149405851 84.500000000000014 15006732.000000002 507.00000000000006 30.522291757298429 7037068.2065242697 52.500000000000007 748105.50000000012 2543.5590831928653 171.91666666666669 2998923.5000000005 5404048.5000000009 1109904.5000000002 215.87544276316319 2998549.5000000005 1.1669937798946075 3.5000000000000004 855451.44244604313 9.0384615384615419 748517.50000000012
decision_type=2 2 2 2 2 2 2 2 2 2 2 2 2 2 2 2 2 2 2 2 2 2 2 2 2 2 2 2 2 2
left_child=2 23 5 4 22 13 9 10 -9 11 -8 -7 -11 15 20 16 -1 25 19 26 -15 -17 27 -2 -16 -6 -5 -4 -3 -19
right_child=1 28 3 18 17 6 7 8 -10 12 -12 -13 -14 14 24 21 -18 29 -20 -21 -22 -23 -24 -25 -26 -27 -28 -29 -30 -31
leaf_value=-0.0012744085443980259 -0.0085142937484254302 -0.050163699625269953 -0.042769313853967025 -0.018275360485826026 -0.017659288304211512 0.0030819770294187466 -0.048631429712543098 0.00069976363562351449 0.020757928660801821 0.024937725635762575 -0.0159617123683615 0.025862748916381236 -0.045399841594691015 -0.046477918086733475 0.16244128866496621 0.0060077726492599251 -0.023645236449963941 0.0016401309218196129 0.079578724724705785 -0.056175180568323595 -0.0074006957389603544 -0.031602593162314584 0.083303964314766735 0.050166415558207424 0.028965896349690847 -0.051500508688590296 0.0055619809546546724 0.019375710037377036 0.03119135742443584 0.064452518864810862
leaf_weight=12726.060716731008 25.555415994022042 70.230249576503411 14.541503459215162 148.44329826626927 75.055908873677254 3751.5201069316827 416.80700355628505 733282.34087526426 1108.9210673733614 1488.832566857338 459.32223265082575 499.91575462697074 40.998672313988209 223.65125997364521 9.7075472548604029 90.972065769135952 424.66234616190195 48.751833468675613 22.465129271149635 52.0835295394063 118.79642643034458 343.88976633921266 18.684999465942383 613.53558497875929 8.4789962172508222 388.52235911041498 771.95231544738635 31.1757592856884 5.6711693881079546 8.9519356787204725
leaf_count=96898 268 22275 46 1689 210 23581 104794 1924177 24171 4675 31408 3272 162 1291 20 2251 3635 122 49 403 469 17133 24 18594 28 1307 3022 71 191 14
internal_value=0.000700902 0.0380636 0.000665593 -0.0118284 -0.0326779 0.00069175 0.000766886 0.000691642 0.000730051 0.0103365 -0.0315039 0.00576071 0.0230527 -0.0033007 -0.026208 -0.00269261 -0.00199681 -0.0396668 0.000444923 -0.00138314 -0.0329219 -0.0237346 0.0238913 0.0478199 0.100212 -0.0460214 0.00171745 -0.000391048 -0.044085 0.0113846
internal_weight=757290 714.992 756576 1580.63 585.684 754995 741049 735267 734391 5781.27 876.129 4251.44 1529.83 13946.2 360.634 13585.6 13150.7 521.282 994.944 972.479 342.448 434.862 64.4023 639.091 18.1865 463.578 920.396 45.7173 75.9014 57.7038
internal_count=2286250 41328 2244922 6957 1794 2237965 2116240 2084550 1948348 31690 136202 26853 4837 121725 1808 119917 100533 1653 5163 5114 1760 19384 141 18862 48 1517 4711 117 22466 136
is_linear=0
shrinkage=0.05


Tree=89
num_leaves=31
num_cat=0
split_feature=24 57 32 13 31 30 16 13 23 57 57 70 54 23 23 31 23 19 28 28 32 54 16 22 60 11 28 23 58 56
split_gain=379.632 217.398 90.0194 247.409 596.699 198.037 164.956 148.997 111.006 141.925 137.756 91.4669 377.915 310.404 288.501 288.102 115.126 96.2739 89.8415 129.581 58.0306 49.7842 40.7053 36.7458 33.8236 13.2843 11.0525 10.1657 9.13319 7.90713
threshold=20988281.000000004 109249.00000000001 9.3061779064045229 418.03835502850683 28.000000000000004 1.0000000180025095e-35 11225.320151336444 413.29106493808155 2993107.5000000005 15027716.000000002 14992472.500000002 0.93095238095238109 15010184.500000002 748307.50000000012 746794.50000000012 1.0000000180025095e-35 2990461.0000000005 111107834.00000001 111.50000000000001 84.500000000000014 0.036333711116539553 15004572.500000002 1949.3742458351016 14147148.000000002 29325977.500000004 9.0384615384615419 2498.5000000000005 2996477.5000000005 56308687.750000007 15033690.500000002
decision_type=2 2 2 2 2 2 2 2 2 2 2 2 2 2 2 2 2 2 2 2 2 2 2 2 2 2 2 2 2 2
left_child=2 24 8 4 5 23 18 -7 11 10 20 12 15 14 -13 -1 -14 -15 19 -5 -10 -12 -20 -4 -2 -3 28 29 -26 -11
right_child=1 25 3 6 -6 7 -8 -9 9 27 21 13 16 17 -16 -17 -18 -19 22 -21 -22 -23 -24 -25 26 -27 -28 -29 -30 -31
leaf_value=-0.041453152370375092 0.050351709811939184 -0.050155694343118333 -0.049551138777174403 0.00034705599163211841 0.0506885940034053 0.00047267082382864258 0.055859848039662818 0.0039487067060686573 -0.046026637879612531 -0.06955786733489823 0.023594335561354565 0.0034600153956321775 -0.062668663665001498 0.0099022822017337878 -0.0077264718341777325 -0.00084355677754740772 -0.0076468610929702613 0.027127259256012726 -0.03815659604537136 0.030960229621324484 0.0019066542069606223 0.0037496999186983626 0.0076211553735956675 0.090362973023776674 -0.0581339365287043 0.030028396633830019 -0.053259564953259599 -0.088934836705361384 0.029159444514473949 0.00035495764877186477
leaf_weight=438.15363508369774 579.82155702076852 66.815472326474264 202.0146384278778 450737.28304574452 647.90091806650162 48897.024778241292 133.8885562568903 83426.194724619389 65.049744808347896 10.213171333074571 1396.4249848276377 18787.340183670633 323.0950763777364 2532.4908959083259 8314.4171027392149 135987.67557159532 134.70768377184868 1193.5117170847952 217.75390964467078 345.93826471269131 2153.7317500580102 408.49372662603855 62.497687213122845 4.8043282912112764 3.5938690248876872 5.5981768490746608 8.2898019817657751 35.704367220401764 18.02389560174197 6.6957771927118293
leaf_count=89207 18557 22275 44051 1137054 17033 137237 257 197201 15275 36 2936 93454 1151 5913 21679 458567 356 2474 3521 1497 14186 984 666 29 79 191 138 141 88 17
internal_value=0.000665988 0.0379496 0.000632368 0.000928021 0.00282181 0.0025878 0.000369411 0.00266422 -0.000373881 0.00777871 0.00884555 -0.000572034 -0.00112617 0.00188848 2.81671e-05 -0.000973981 -0.0464786 0.0154198 0.00035295 0.000370533 0.000501357 0.019103 -0.0279479 -0.046301 0.0476771 -0.0439568 -0.0041752 -0.0738101 0.0146473 -0.0418731
internal_weight=757145 682.143 756463 584675 133178 132530 451497 132323 171788 4076.31 4023.7 167711 136884 30827.8 27101.8 136426 457.803 3726 451363 451083 2218.78 1804.92 280.252 206.819 609.729 72.4136 29.9076 52.6133 21.6178 16.9089
internal_count=2286250 41328 2244922 1538546 395551 378518 1142995 334438 706376 33575 33381 672801 549281 123520 115133 547774 1507 8387 1142738 1138551 29461 3920 4187 44080 18862 22466 305 194 167 53
is_linear=0
shrinkage=0.05


Tree=90
num_leaves=31
num_cat=0
split_feature=24 57 18 18 31 31 40 18 6 54 57 22 28 54 10 8 59 23 72 3 56 22 57 22 60 22 1 58 58 54
split_gain=360.66 206.223 89.4023 188.479 322.781 143.407 551.058 134.91 127.814 96.3374 90.2477 132.297 113.124 78.3608 76.549 108.35 79.6117 82.9063 74.8469 80.6399 76.8813 44.7789 43.6676 41.8713 32.9923 25.401 19.1592 49.1714 34.3572 21.9991
threshold=20988281.000000004 109249.00000000001 1.5000000000000002 15.500000000000002 1.0000000180025095e-35 28.000000000000004 1.0000000180025095e-35 46.500000000000007 75.000000000000014 1533504.6875000002 212270.50000000003 14147148.000000002 42.500000000000007 5879961.3857142879 507.00000000000006 30.522291757298429 7037068.2065242697 83.500000000000014 1.3114409707159207 8133.0000000000009 14997054.500000002 2998923.5000000005 572871.00000000012 10861640.000000002 29325977.500000004 2998549.5000000005 67.500000000000014 15454970.833333334 9783447.2500000019 7039372.5833333349
decision_type=2 2 2 2 2 2 2 2 2 2 2 2 2 2 2 2 2 2 2 2 2 2 2 2 2 2 2 2 2 2
left_child=2 24 13 8 9 7 -7 -6 10 -5 12 -12 -4 14 16 21 17 -1 19 -10 -20 -16 -18 -11 -2 -17 27 28 -15 -28
right_child=1 -3 3 4 5 6 -8 -9 18 23 11 -13 -14 26 15 25 22 -19 20 -21 -22 -23 -24 -25 -26 -27 29 -29 -30 -31
leaf_value=0.00049847622633922403 0.050292648214424023 -0.043821790478592179 -0.0028925717615560058 -0.045448992553665073 0.031564321427268498 0.050756752782151797 -0.021454376048179444 0.0005988651276791965 0.013206143301853896 -0.057472932563084958 -0.021379721847555801 0.036305091307536203 0.016439724505146063 -0.018705766349837671 -0.045370125879394541 0.14313308993523488 -0.03224893333602704 -0.01033828960228027 0.025998235548676044 -0.18719981762162841 -0.028187615420140706 -0.0072148057587219962 0.033076949430012478 -0.0058931217347756677 -0.0040594650741802704 0.027005214122332501 -0.012840035300213971 -0.029007130391770247 0.026329608065511309 -0.044214458866807117
leaf_weight=10662.878950480372 552.1749273929745 69.097488988889381 2735.9313576989807 465.44598947232589 351.91394653916359 599.18574551306665 472.56478754384443 734085.19064246491 11.707149438560009 44.398142865626141 127.36748057371005 452.58780530514196 1046.0162992640398 76.047802176326513 218.62829498946667 10.433190129697325 292.30421138601378 2115.0118519919924 1413.9246092513204 8.7872371673583984 68.639830388128757 118.61539626121521 28.035204793326557 345.75017117406242 29.407215675804764 8.58243879675865 92.111603835597634 229.54992417106405 95.572411383502185 142.01107360282913
leaf_count=80094 18557 22466 19352 122637 1031 16618 7561 1926586 35 3082 512 1569 5831 485 1291 20 17749 16900 4508 47 253 469 631 12107 305 28 813 2100 535 2078
internal_value=0.00063289 0.037842 0.000600878 0.000675777 0.000604669 0.000640373 0.0189168 0.000613703 0.00960362 -0.0300882 0.00527075 0.0236366 0.00245438 -0.00334468 -0.00253443 -0.0254025 -0.00191244 -0.00129524 0.0221777 -0.0727205 0.0234895 -0.0319501 -0.0265318 -0.0117628 0.0475444 0.0907204 -0.0205045 -0.0138713 0.00637368 -0.0318707
internal_weight=756970 650.68 756319 742229 736364 735509 1071.75 734437 5864.96 855.594 4361.9 579.955 3781.95 14089.8 13454.5 356.259 13098.2 12777.9 1503.06 20.4944 1482.56 337.244 320.339 390.148 581.582 19.0156 635.293 401.17 171.62 234.123
internal_count=2286250 41328 2244922 2121729 2089622 1951796 24179 1927617 32107 137826 27264 2081 25183 123193 117182 1808 115374 96994 4843 82 4761 1760 18380 15189 18862 48 6011 3120 1020 2891
is_linear=0
shrinkage=0.05


Tree=91
num_leaves=31
num_cat=0
split_feature=24 57 0 22 16 60 5 3 18 4 61 57 58 57 54 60 26 25 32 21 67 23 22 58 22 23 23 11 58 58
split_gain=342.057 195.304 89.1692 147.856 99.7274 83.9077 192.935 117.502 104.392 217.111 191.642 297.435 120.49 115.421 110.656 88.7516 60.4372 49.6011 46.6332 33.2197 33.0919 30.3055 28.8152 25.9229 20.0243 19.422 14.5611 13.2865 12.9061 8.17999
threshold=20988281.000000004 141987.00000000003 119839450.00000001 1109904.5000000002 152380.40665225682 61689187.000000007 312.00000000000006 49.000000000000007 2990792.0000000005 307.50000000000006 6377676.5000000009 8051492.5000000009 61532463.000000007 15027716.000000002 15001183.500000002 61818030.500000007 2543.5590831928653 171.91666666666669 1.1669937798946075 152707.15065526144 2.4472739035695148 748061.00000000012 1109150.5000000002 83579888.500000015 1095600.0000000002 747907.50000000012 746945.50000000012 9.0384615384615419 117740554.50000001 86526320.000000015
decision_type=2 2 2 2 2 2 2 2 2 2 2 2 2 2 2 2 2 2 2 2 2 2 2 2 2 2 2 2 2 2
left_child=2 20 5 18 -5 8 7 -7 10 13 11 -1 -11 -10 -12 -9 17 -6 22 26 -2 -21 24 -8 -4 -24 -20 -3 -22 -25
right_child=1 27 3 4 16 6 23 15 9 12 14 -13 -14 -15 -16 -17 -18 -19 19 21 28 -23 25 29 -26 -27 -28 -29 -30 -31
leaf_value=0.00065581068105622991 -0.0066774399373792969 -0.050141495198904429 -0.0040450971474767332 0.078408030285137098 -0.0045809257268194601 -0.04710208392138189 -0.050939633816938251 -0.0097245622528259867 0.0069460920977352444 -0.0029442306010955474 -0.0040472797945658098 0.058056421128149176 -0.044100832582087995 -0.059543627051806138 -0.018376831655325963 0.00042927494451681556 0.076357135021208139 -0.055516967826994071 0.038447563177477211 -0.058485143064117888 0.050382420315921043 -0.00021876753541223839 -0.09722934068228524 0.021445689930780693 0.062162845843617899 0.016200599406112275 -0.025417946234822721 0.030404638286322928 -0.18351705550794514 -0.025864475390494236
leaf_weight=719754.91331071802 26.952273936476558 60.82234351313673 38.721245366148651 36.77872359752655 1084.2134323616046 145.37909634271637 219.03245304524899 2787.1968451440334 12454.453757857904 390.37220105528831 7001.118971452117 225.75418074475601 326.62804171442986 65.614093616604805 1668.2886462742463 9444.1071068271995 22.264520265161991 49.99892270565033 13.19914625585079 244.71226458251476 527.77053122222424 24.555799156427383 11.239535406231882 9.9820649921894056 16.197571367025375 5.6813764572143546 27.56027926504612 5.5905108358710995 0.59042137861251731 107.87050905823708
leaf_count=2050721 322 22272 609 49 4731 28609 1437 7427 48886 2142 58809 612 1512 230 4851 32119 49 403 26 863 18541 62 45 44 26 13 81 190 3 566
internal_value=0.000601424 0.037673 0.000570944 -0.0113132 -0.00264712 0.000595751 -0.00343186 -0.00241566 0.000664771 0.00506524 0.00058483 0.000673809 -0.021693 0.00659764 -0.00680477 -0.00188452 -0.00522486 -0.00682631 -0.0383928 -0.0468038 0.0473643 -0.0531716 -0.00209515 -0.0407658 0.0154821 -0.059144 -0.00473634 -0.0433613 0.050121 -0.0218573
internal_weight=756798 621.726 756176 1575.12 1193.26 754601 12713.6 12376.7 741887 13237.1 728650 719981 717 12520.1 8669.41 12231.3 1156.48 1134.21 381.867 310.027 555.313 269.268 71.8397 336.885 54.9188 16.9209 40.7594 66.4129 528.361 117.853
internal_count=2286250 41328 2244922 6957 5232 2237965 70202 68155 2167763 52770 2114993 2051333 3654 49116 63660 39546 5183 5134 1725 1032 18866 925 693 2047 635 58 107 22462 18544 610
is_linear=0
shrinkage=0.05


Tree=92
num_leaves=31
num_cat=0
split_feature=24 57 0 17 18 18 14 23 18 23 3 32 7 56 54 61 45 21 23 26 25 67 22 23 32 18 18 61 58 23
split_gain=324.848 185.216 80.6499 137.124 80.4078 196.218 214.944 152.708 284.188 221.733 218.668 194.415 186.964 127.187 229.934 224.328 87.5873 76.3219 55.8032 47.6688 58.6467 32.4786 31.0635 25.0243 23.6677 21.1673 13.7674 12.7746 11.42 10.4302
threshold=20988281.000000004 141987.00000000003 119839450.00000001 1124575.5000000002 103886.50000000001 106511.50000000001 18.893323572204334 146.50000000000003 22607.500000000004 2.5000000000000004 609.50000000000011 9.7552885860566843 477.94117647058829 17606225.500000004 15010184.500000002 6377676.5000000009 51.538825757575772 152707.15065526144 748105.50000000012 2543.5590831928653 171.91666666666669 2.4472739035695148 1109904.5000000002 3.5000000000000004 1.1669937798946075 106454.50000000001 747099.50000000012 6153198.0000000009 117740554.50000001 748517.50000000012
decision_type=2 2 2 2 2 2 2 2 2 2 2 2 2 2 2 2 2 2 2 2 2 2 2 2 2 2 2 2 2 2
left_child=2 21 4 17 7 6 25 9 12 11 -11 -1 -9 14 -7 -15 -10 22 24 20 23 -2 26 -5 -19 -6 -4 -3 -23 -20
right_child=1 27 3 19 5 13 -8 8 16 10 -12 -13 -14 15 -16 -17 -18 18 29 -21 -22 28 -24 -25 -26 -27 -28 -29 -30 -31
leaf_value=-0.0017632038156894692 -0.0063706282518345191 -0.049099414447782846 0.035234208512411928 -0.017173809479809277 0.0055786814008078785 1.5961074773285164e-05 0.0012194486340864944 -0.0094985664896476904 0.00039413896760385152 0.003152127976500092 0.020685033200137783 0.00071140557571044809 -0.036263564706276279 0.061560534862038357 -0.027291116865016993 0.0036801202236476588 0.021432195978029547 -0.016365077370970829 0.0010502980784626503 0.073289878290486804 -0.054904471373805046 0.050346611734231467 0.076745450660151204 0.0053506085583057495 -0.047055657241649951 0.0014569758655940839 -0.021577235365751506 0.042453051975566258 -0.1619182450987931 0.060058416665794027
leaf_weight=106819.2782665214 26.840713856741786 59.314427162287757 16.981304079294205 146.79457532917149 43414.878077915637 167566.03535753489 106984.44221089594 4254.7691598802339 1326.0124947908334 6288.9472747924738 2479.483696192503 308871.58333210694 770.65711578726768 229.14067279361188 774.45495986472815 621.30768526229076 789.1684186309576 74.963035121560097 48.700358361005783 22.042217344045639 48.077590882778168 502.37895995751023 18.243859231472015 770.73098774231039 387.7409130781889 3355.7176831420511 28.665610626339912 4.0717466291971496 0.63444921374320884 8.8495451062917692
leaf_count=411540 322 22334 34 1689 101589 486793 259970 71467 8244 45959 6804 828898 2514 357 2309 1539 1891 210 122 49 403 18541 24 3022 1307 8091 83 128 3 14
internal_value=0.000571427 0.0375563 0.000542409 -0.0107718 0.000565978 0.00116267 0.00245552 0.000119499 -0.00713171 0.000241485 0.00810998 7.551e-05 -0.013603 -1.2227e-05 -0.000109666 0.0192751 0.00824338 -0.0299748 -0.0363083 0.000585893 -0.00107375 0.0472193 0.0215983 0.00174694 -0.0420835 0.00528296 -0.000442567 -0.0432183 0.0500789 0.0101241
internal_weight=756711 593.24 756118 1571.79 754546 322946 153755 431600 7140.61 424459 8768.43 415691 5025.43 169191 168340 850.448 2115.18 584.145 520.254 987.645 965.603 529.854 63.8908 917.526 462.704 46770.6 45.6469 63.3862 503.013 57.5499
internal_count=2286250 41328 2244922 6957 2237965 860648 369650 1377317 84116 1293201 52763 1240438 73981 490998 489102 1896 10135 1794 1653 5163 5114 18866 141 4711 1517 109680 117 22462 18544 136
is_linear=0
shrinkage=0.05


Tree=93
num_leaves=31
num_cat=0
split_feature=24 57 18 18 31 31 40 18 1 28 28 54 23 45 13 54 72 23 53 28 22 19 60 1 1 1 58 58 17 54
split_gain=308.456 175.623 77.2834 167.296 294.39 136.382 519.729 120.177 114.975 101.494 250.029 95.1174 84.9817 271.713 76.875 70.8934 74.3737 79.3475 183.512 96.5521 40.3773 40.0397 32.1321 20.1701 24.4478 18.3116 45.2069 30.908 21.7759 57.4667
threshold=20988281.000000004 109249.00000000001 1.5000000000000002 15.500000000000002 1.0000000180025095e-35 28.000000000000004 1.0000000180025095e-35 46.500000000000007 78.500000000000014 111.50000000000001 84.500000000000014 1533504.6875000002 3.5000000000000004 50.316468373192329 59.258900047988924 5879961.3857142879 3.9875729169863692 1.0000000180025095e-35 21.500000000000004 28.500000000000004 10861640.000000002 4372.5000000000009 29325977.500000004 374.50000000000006 5.5000000000000009 67.500000000000014 15454970.833333334 9783447.2500000019 10188517.500000002 7701718.916666667
decision_type=2 2 2 2 2 2 2 2 2 2 2 2 2 2 2 2 2 2 2 2 2 2 2 2 2 2 2 2 2 2
left_child=2 22 15 8 11 7 -7 -6 9 10 -4 -5 13 -10 -14 16 17 19 -19 -1 -13 -11 -2 24 -18 26 27 -17 29 -27
right_child=1 -3 3 4 5 6 -8 -9 12 21 -12 20 14 -15 -16 25 23 18 -20 -21 -22 -23 -24 -25 -26 28 -28 -29 -30 -31
leaf_value=-0.010464697307048559 0.050176428975362487 -0.043017143609667609 0.0094151191336786632 -0.045148407991261873 0.029995617711424047 0.050706131772292579 -0.020513927865719657 0.00051222918326274179 -0.014851751877554553 0.022356366681536496 0.056968867298403225 -0.057290059514101335 -0.025779474043106744 -0.18592975422284075 0.046534381563390001 -0.017826228436742413 -0.020118326306901576 -0.00015779538589419953 0.043723346048231193 0.0071936202735940723 -0.0054743547313936365 -0.032657691253202399 -0.0041856423305707668 0.061226296669213677 -0.052586206680413708 0.03550399660201347 -0.027918588365303039 0.02491079130943126 -0.041559346912724192 -0.05259842486075722
leaf_weight=3858.4347675386816 476.71237046457827 60.572978424606845 5016.7690446400084 441.37645097752102 345.78859838843346 569.78604999184608 465.38612095499411 733902.98495099321 119.74183682724833 40.505422902293503 292.53308965265751 42.223229518625885 85.370408574584872 28.789504706859589 64.534137547016144 75.331441463902593 219.57352255284786 8047.5485061183572 245.52720998972654 968.39878315851092 343.15502039366402 180.26391199603677 28.82607183046639 6.3698818869888774 78.78182628727518 36.984666433185339 223.95481852535158 96.500809552147985 154.71079991431907 37.051004061941057
leaf_count=42049 18557 22466 27536 122637 1031 16618 7561 1926586 658 490 804 3082 344 151 131 485 1041 59313 662 5537 12107 1993 305 37 8543 203 2100 535 2009 679
internal_value=0.000543024 0.0374368 0.000515397 0.000584963 0.000518154 0.000551683 0.0186875 0.000526114 0.00902261 0.010654 0.0120352 -0.0293013 -0.0212071 -0.0480114 0.00535175 -0.00315839 -0.00239231 -0.00182514 0.00114136 -0.00692194 -0.0111514 -0.022564 0.0470767 -0.026812 -0.0286916 -0.0196256 -0.0131168 0.00617484 -0.0308875 -0.00858669
internal_weight=756554 566.111 755988 741939 736111 735284 1035.17 734249 5828.51 5530.07 5309.3 826.755 298.436 148.531 149.905 14049.2 13424.6 13119.9 8293.08 4826.83 385.378 220.769 505.538 304.725 298.355 624.534 395.787 171.832 228.746 74.0357
internal_count=2286250 41328 2244922 2121729 2089622 1951796 24179 1927617 32107 30823 28340 137826 1284 809 475 123193 117182 107561 59975 47586 15189 2483 18862 9621 9584 6011 3120 1020 2891 882
is_linear=0
shrinkage=0.05


Tree=94
num_leaves=31
num_cat=0
split_feature=24 57 23 57 57 32 17 70 68 13 17 30 54 23 23 72 21 23 32 18 54 67 59 8 11 58 23 23 56 54
split_gain=292.336 166.248 77.7641 115.901 122.275 93.4851 204.547 186.377 116.058 100.628 114.455 84.9081 339.913 267.49 395.334 102.657 78.674 64.6249 49.7444 45.5962 47.3177 32.105 22.6588 22.2158 13.06 10.2378 9.82786 7.46289 7.14795 6.85656
threshold=20988281.000000004 141987.00000000003 2993107.5000000005 15027716.000000002 14992472.500000002 9.3061779064045229 105243.50000000001 0.52985739750445637 3.0810505142405122 413.29106493808155 105866.50000000001 138.00000000000003 15010184.500000002 748353.50000000012 746065.00000000012 3.9875729169863692 149240.76636433936 2990461.0000000005 0.036333711116539553 2987352.0000000005 15004572.500000002 2.4472739035695148 14575904.782592423 166.45061658979725 9.0384615384615419 117740554.50000001 2996477.5000000005 1.0000000180025095e-35 15033690.500000002 2550.7500000000005
decision_type=2 2 2 2 2 2 2 2 2 2 2 2 2 2 2 2 2 2 2 2 2 2 2 2 2 2 2 2 2 2
left_child=2 21 5 4 18 11 7 8 -7 27 -11 12 15 14 -13 -1 -15 -14 -4 -6 -21 29 -20 -9 -3 -23 28 -8 -5 -2
right_child=1 24 3 26 19 6 9 23 -10 10 -12 13 17 16 -16 -17 -18 -19 22 20 -22 25 -24 -25 -26 -27 -28 -29 -30 -31
leaf_value=-0.00075672039165917374 0.013582308168018876 -0.050123009065762648 -0.045104971594782273 -0.06185293091344244 -0.046278949086677339 -1.9750813100639633e-05 0.00059121242920010019 -0.046439732390914729 0.0024134723610955214 0.0016373458630854921 0.0053309264399027528 0.011411977408954336 -0.044439110085893484 0.033526825867671139 -0.0058475310010939439 -0.028987042585770801 0.012547944892311869 -0.00568289296139287 0.0020128856280004536 0.023444981344306004 0.0039483434556331276 0.050288589904953065 -0.084791756878274518 0.28648872278408383 0.031088632824310816 -0.14543496187870603 -0.081926531919862738 -0.03322123323449417 0.0046235976294601985 -0.038489171928601212
leaf_weight=148688.00468438002 16.514854987151924 52.827556525357068 58.282623455161229 10.202772021293642 27.14809176325798 400428.53818627866 43880.721321725287 220.18624081090093 55840.129142924678 40869.461973235011 43084.573085039854 4998.6009534671903 531.82056350517087 550.41288247704506 9866.7351387888193 322.72945076739416 2376.2015440016985 134.8314583003521 2145.4553521890193 1369.3189962506294 402.73198838531971 455.47658219560981 7.5442439618054769 0.50221436191350122 5.4623489258810869 0.66910861432552238 35.039637893438339 16.325082106981426 6.6987128704786292 10.24282899033278
leaf_count=613961 133 22272 15275 36 85 992452 107187 34892 200850 97886 100818 12400 2361 1083 25475 11763 5402 356 13468 2865 970 18541 718 5 190 3 141 4456 17 189
internal_value=0.00051599 0.037251 0.000489688 0.00738886 0.00834998 0.000452408 0.000750893 0.000255818 0.000278038 0.00251854 0.00353286 -0.000589076 -0.000977236 0.00267637 -4.38684e-05 -0.000817862 0.0164935 -0.0366006 0.000474851 0.0180288 0.019014 0.046879 0.00170872 -0.0456821 -0.0425127 0.0500015 -0.0668213 0.000578638 -0.0355057 -0.00635063
internal_weight=756413 541.193 755872 4062.42 4010.48 751810 584340 456489 456269 127851 83954 167469 149677 17792 14865.3 149011 2926.61 666.652 2211.28 1799.2 1772.05 482.903 2153 220.688 58.2899 456.146 51.9411 43897 16.9015 26.7577
internal_count=2286250 41328 2244922 33575 33381 2211347 1538546 1228199 1193302 310347 198704 672801 628441 44360 37875 625724 6485 2717 29461 3920 3835 18866 14186 34897 22462 18544 194 111643 53 322
is_linear=0
shrinkage=0.05


Tree=95
num_leaves=31
num_cat=0
split_feature=24 57 0 17 60 5 3 18 4 61 57 58 57 54 60 21 23 26 25 60 22 58 22 1 20 61 28 23 58 58
split_gain=277.526 157.644 72.9393 124.782 71.7833 179.712 107.031 95.4142 197.128 157.196 252.908 111.649 92.475 87.8103 79.9376 68.7867 50.2858 43.3907 55.1742 31.2748 28.3686 25.3042 23.4014 23.2942 13.3865 12.7721 9.80943 9.34719 8.18361 7.49511
threshold=20988281.000000004 74024.500000000015 119839450.00000001 1124575.5000000002 61689187.000000007 312.00000000000006 49.000000000000007 2990792.0000000005 307.50000000000006 6377676.5000000009 8051492.5000000009 61532463.000000007 15027716.000000002 15001183.500000002 61818030.500000007 152707.15065526144 748105.50000000012 2543.5590831928653 171.91666666666669 29325977.500000004 1109904.5000000002 83579888.500000015 1094926.5000000002 140.50000000000003 855451.44244604313 6153198.0000000009 2498.5000000000005 748517.50000000012 56308687.750000007 86526320.000000015
decision_type=2 2 2 2 2 2 2 2 2 2 2 2 2 2 2 2 2 2 2 2 2 2 2 2 2 2 2 2 2 2
left_child=2 19 4 15 7 6 -6 9 12 10 -1 -10 -9 -11 -8 20 22 18 23 -2 24 -7 -17 -5 -4 -3 28 -18 -21 -23
right_child=1 25 3 17 5 21 14 8 11 13 -12 -13 -14 -15 -16 16 27 -19 -20 26 -22 29 -24 -25 -26 -27 -28 -29 -30 -31
leaf_value=0.00053916004723357296 0.050095822736519302 -0.04887015878009196 -0.040124506971380466 0.0034459506658028809 -0.046765007724871716 -0.050038264113718457 -0.009223464052607792 0.0065283139668975646 -0.0028987255666560875 -0.0037639421997006277 0.054011877801318442 -0.042732924378007853 -0.053378624907867579 -0.016536688507458222 0.00041164559385079621 -0.064367724776437235 0.0009233876869193027 0.070278044764850819 -0.054334797357817821 -0.058653229080332873 0.073747998454515018 0.020148777242110356 -0.034907472322055343 -0.033998724907213874 0.0180364810509334 0.042677494269000665 -0.052895178215048369 0.057047324689866258 0.027210201326492451 -0.024931425278688059
leaf_weight=719442.07857536548 432.15421284735203 51.816186771495268 14.515876874327658 871.73266025353223 133.69896247796714 211.92548266798258 2788.3163103610277 12438.283715116559 390.19488579034805 6984.9025044494774 221.19286692258902 320.30552020668983 64.753773361444473 1666.678793913452 9442.8943625614047 81.938896350562572 48.679750889539719 21.817925184965134 46.210537254810333 3.2970127463340821 17.933863967657089 10.096009299159048 380.10032526403666 43.612268612254411 31.067832455039024 4.1121954983100286 7.5545312399044624 8.7525066733360273 17.528218014165759 106.30369710922241
leaf_count=2050721 18551 22343 46 4538 28609 1437 7427 48886 2142 58809 612 1512 230 4851 32119 310 122 49 403 74 24 44 1207 173 71 134 138 14 88 566
internal_value=0.000490283 0.0371301 0.000465245 -0.0103132 0.00048763 -0.00324066 -0.0022712 0.000551449 0.00476223 0.000475055 0.000555595 -0.0208567 0.00621805 -0.00622454 -0.00178484 -0.0286417 -0.0346473 0.000552859 -0.00102922 0.0467568 0.0204746 -0.039751 -0.040132 0.00166187 -0.00048456 -0.042139 -0.00408856 0.00947651 0.0136165 -0.0210214
internal_weight=756304 516.462 755788 1566.36 754222 12693.2 12364.9 741528 13213.5 728315 719663 710.5 12503 8651.58 12231.2 582.989 519.471 983.373 961.555 460.534 63.5176 328.325 462.039 915.345 45.5837 55.9284 28.3798 57.4323 20.8252 116.4
internal_count=2286250 41328 2244922 6957 2237965 70202 68155 2167763 52770 2114993 2051333 3654 49116 63660 39546 1794 1653 5163 5114 18851 141 2047 1517 4711 117 22477 300 136 162 610
is_linear=0
shrinkage=0.05


Tree=96
num_leaves=31
num_cat=0
split_feature=24 57 54 54 58 72 23 72 23 23 1 23 72 18 57 18 16 60 57 3 59 22 0 32 3 1 61 22 55 23
split_gain=263.358 149.426 72.7047 190.446 182.983 103.783 117.026 90.7176 84.8651 255.96 199.609 162.861 154.85 88.7975 69.7242 49.4055 45.1615 30.7898 22.4883 22.4824 21.634 21.627 12.7223 12.3427 11.5312 10.5151 28.9129 7.72545 7.33898 7.22882
threshold=20988281.000000004 74024.500000000015 21425789.500000004 15010184.500000002 6257859.1428571437 1.5085095796873946 2990461.0000000005 1.9994031088163979 748307.50000000012 747091.50000000012 121.50000000000001 132607.00000000003 0.17683067884410988 2990792.0000000005 15027716.000000002 748534.00000000012 150177.75941583375 21020679.500000004 11773668.500000002 3525.0000000000005 16815865.782250483 42691785.000000007 41496920.000000007 0.3047232473583435 3375.0000000000005 106.50000000000001 6153198.0000000009 9373765.0000000019 10463943.119052049 747802.50000000012
decision_type=2 2 2 2 2 2 2 2 2 2 2 2 2 2 2 2 2 2 2 2 2 2 2 2 2 2 2 2 2 2
left_child=2 17 3 8 19 18 7 -7 9 11 13 -1 -11 -10 -8 20 -12 -2 -5 24 22 27 -6 -3 -4 -21 -27 -17 -22 -20
right_child=1 23 4 5 15 6 14 -9 10 12 16 -13 -14 -15 -16 21 -18 -19 29 25 28 -23 -24 -25 -26 26 -28 -29 -30 -31
leaf_value=0.00040001379292235501 0.050322564663817619 -0.048084836863321406 -0.024576223709473179 -0.014013773624936308 0.057609029351504616 -0.054573851430675217 0.0035330453398283094 -0.0071523304890391522 0.00015086489810365862 -0.0020057459633641469 0.034663082099496201 0.0087986856175189254 -0.016621220071190039 0.0085652128217300651 -0.052326504135845567 0.089616102881656862 0.014449650242993332 -0.00037135595188926649 0.035590079348412615 0.081054968740286282 0.082030968355337727 -0.0051762506351627048 -0.0045176124082612007 0.05254548657292462 0.082295861497232586 0.068243797685620153 -0.0042894290234936966 0.042864989752111622 0.021070306123183606 0.085773331652002682
leaf_weight=724222.90121632186 407.24553811177611 50.166368121746927 10.855063553899525 9.9214653652161342 8.3596534281969053 367.04990741750225 342.32412476837635 139.05913241789676 11113.177341004601 3806.464414358139 550.57344219088554 5818.4994637358468 3459.2530298212077 4367.7598190815188 66.757716923952103 10.210964024066923 554.76325656473637 32.330548700410873 10.089407430961726 67.450490295886993 9.2385151721537113 24.143022924661636 577.79513831599616 3.244203735375776 3.288630247116088 75.823678880929947 16.779473572969437 65.646239445544779 10.604062538594007 24.852603976149112
leaf_count=2125179 18515 22447 114 119 14 1465 840 479 42322 9617 1066 22018 9541 28507 240 12 1242 336 35 83 18 61 1615 30 4 107 41 127 24 32
internal_value=0.000465816 0.0369987 0.000441985 0.000425238 0.0148038 -0.02183 -0.0254697 -0.0415443 0.000453579 0.000374013 0.00399053 0.000466952 -0.00896426 0.00252487 -0.00558263 0.00347966 0.0245181 0.0465941 0.0524198 0.0606989 -0.00189339 0.0360401 -0.00363157 -0.0419725 0.000273209 0.0660386 0.0551009 0.049158 0.049453 0.0712831
internal_weight=756227 492.987 755734 754853 880.195 960.054 915.191 506.109 753893 737307 16586.3 730041 7265.72 15480.9 409.082 705.998 1105.34 439.576 44.8635 174.197 605.997 100 586.155 53.4106 14.1437 160.054 92.6032 75.8572 19.8426 34.942
internal_count=2286250 41328 2244922 2242702 2220 3210 3024 1944 2239492 2166355 73137 2147197 19158 70829 1080 1871 2308 18851 186 349 1671 200 1629 22477 118 231 148 139 42 67
is_linear=0
shrinkage=0.05


Tree=97
num_leaves=31
num_cat=0
split_feature=24 57 28 15 70 19 23 18 21 18 32 62 45 45 28 25 25 24 28 27 33 28 33 14 67 28 33 1 4 11
split_gain=249.788 141.56 70.7472 81.9836 186.758 146.055 124.823 104.865 148.982 125.086 352.934 330.522 89.4276 72.9728 250.391 104.677 91.6165 92.721 52.3145 63.9443 42.7523 39.5147 36.013 32.234 30.9167 19.2513 19.0142 13.3098 12.2485 11.8871
threshold=20988281.000000004 141987.00000000003 2421.5000000000005 95636.500000000015 0.52985739750445637 26746.500000000004 87.500000000000014 1.0000000180025095e-35 1018073.6086805823 175.50000000000003 3.7196096396530431 0.93072906000409594 144.45833333333337 68.583333333333357 3601.0000000000005 2568.2500000000005 2634.2500000000005 3190.5000000000005 4561.5000000000009 4066.5000000000005 0.16617371235339312 2863.5000000000005 0.020826886114481302 314.95244177624551 2.4472739035695148 2889.5000000000005 51315.789473684214 4.5000000000000009 85.000000000000014 9.0384615384615419
decision_type=2 2 2 2 2 2 2 2 2 2 2 2 2 2 2 2 2 2 2 2 2 2 2 2 2 2 2 2 2 2
left_child=2 24 3 4 5 6 -1 8 20 10 -9 -11 -10 14 15 28 -15 21 19 -16 -5 -18 -6 -19 -2 -17 -24 -7 -4 -3
right_child=1 29 13 7 22 27 -8 9 12 11 -12 -13 -14 16 18 25 17 23 -20 -21 -22 -23 26 -25 -26 -27 -28 -29 -30 -31
leaf_value=0.0031459132907845234 -0.0061573189746632591 -0.05010650234329668 -0.027441194757300585 -0.055398029554742892 0.073931581172177727 0.053649393124068571 -0.009120989825149162 0.0047359515644253532 -0.0225614040311331 -0.032279385003262356 0.075433181010188088 0.00035910601701819294 -0.00073046930963468289 -0.0070130877922746073 0.025656913050476567 -0.023004526700065708 0.0011043130554665667 -0.054433766893648552 -0.038508220518524192 0.084920564359434222 -0.023564713698610431 0.0088327216900938987 -0.047662585992046202 -0.0077958904955009109 0.049879212321307549 -0.013839876777887256 0.056940975472661415 0.01238425752153041 0.0096551254239861922 0.030560411572430831
leaf_weight=44122.717400653521 26.255332403350621 45.664030926767737 23.438185632228851 147.82227673754096 6.4822522923350325 152.39770022034645 2176.0625551361591 9475.6529720164835 551.68186461436562 776.56248999759555 179.88544851704501 678519.23657387495 3133.8583579733968 4501.9374097809196 104.32805668562651 1112.9371034391224 3866.2477495893836 37.932945668697357 17.680933833122253 80.74219271633774 368.14164206432179 2890.4280848130584 220.7837628913112 1589.8944070190191 393.85099030658603 1181.1659859567881 4.4315483486279836 22.415046606212854 439.55866937339306 5.0744349849410346
leaf_count=185940 322 22272 237 1380 25 291 18438 54878 21085 107987 990 1680435 16924 33233 619 9054 27914 508 135 339 1671 20376 38702 11283 18544 9268 63 74 3073 190
internal_value=0.000442597 0.0368494 0.000419914 0.000490715 0.00251835 0.0027416 0.00256936 0.00035409 -0.00752114 0.000402117 0.00605306 0.000321794 -0.0039983 -0.00288575 -0.00996551 -0.0139092 -0.00125962 0.00182962 0.0436621 0.0515124 -0.0326849 0.00441044 -0.04226 -0.00888268 0.0463771 -0.0182859 -0.0456043 0.0483582 0.00777721 -0.0420389
internal_weight=756175 470.845 755704 739858 46705.3 46473.6 46298.8 693153 4201.5 688951 9655.54 679296 3685.54 15846.3 2959.85 2757.1 12886.4 8384.5 202.751 185.07 515.964 6756.68 231.698 1627.83 420.106 2294.1 225.215 174.813 462.997 50.7385
internal_count=2286250 41328 2244922 2128883 243533 204743 204378 1885350 41060 1844290 55868 1788422 38009 116039 22725 21632 93314 60081 1093 958 3051 48290 38790 11791 18866 18322 38765 365 3310 22462
is_linear=0
shrinkage=0.05


Tree=98
num_leaves=31
num_cat=0
split_feature=24 57 18 18 31 31 6 16 37 23 23 28 18 72 37 28 28 26 27 23 25 36 59 60 72 26 30 72 26 22
split_gain=236.919 134.155 66.8604 148.77 303.618 252.841 207.01 171.401 113.532 95.0415 97.4396 86.3746 80.2907 122.194 85.3028 69.7107 80.8556 199.458 103.515 264.11 100.932 94.6841 53.4511 30.4992 16.4204 20.8747 15.2248 12.8869 12.5259 12.0917
threshold=20988281.000000004 51948.500000000007 1.5000000000000002 72.500000000000014 28.000000000000004 1.0000000180025095e-35 75.000000000000014 93.082525593514518 30.067176683880813 41.500000000000007 354.00000000000006 120.50000000000001 2.5000000000000004 2.8176851448239035 1.0690449676496978 52.500000000000007 40.500000000000007 2589.1315829500827 4521.5000000000009 91.500000000000014 2618.1250000000005 572.62272727272727 3264224.8028030978 21020679.500000004 1.2181238914441133 2324.363228729213 156.00000000000003 0.11835183251170887 2056.8781685927434 3663.5000000000005
decision_type=2 2 2 2 2 2 2 2 2 2 2 2 2 2 2 2 2 2 2 2 2 2 2 2 2 2 2 2 2 2
left_child=2 23 15 6 5 22 9 27 -7 11 -11 -4 13 -8 -14 16 18 20 21 -20 -18 -1 -5 -2 25 29 -9 -6 -26 -17
right_child=1 -3 3 4 7 8 12 26 -10 10 -12 -13 14 -15 -16 24 17 -19 19 -21 -22 -23 -24 -25 28 -27 -28 -29 -30 -31
leaf_value=-0.0039869796240331627 0.050307771309945064 -0.041462796331381009 0.0087323723071639891 -0.048494489846038158 0.04999155318006674 0.00042688634924947073 -0.013838762108671113 -0.046188081898160371 -0.010185414737320531 -0.013308330663521009 0.018192212742862045 -0.026085758730037052 -0.072193477261661934 0.035366164823790444 0.03202181786793061 -0.024274915660001312 0.013908301013648856 -0.053543881834851925 0.022932604826700502 -0.013951161140891746 0.07208235251035465 -0.020902295301761343 -0.013582503227806679 -0.00059835272537351128 -0.049647288081967118 -0.057392949714861169 0.050491201598305335 0.25035921388253413 -0.024223998361572765 0.0029656971742004525
leaf_weight=9717.4446655695792 368.75346117839217 48.919745011255145 3779.6404109653085 306.65764655405656 436.41402397397906 730858.46696596965 303.75127737224102 56.448947553057224 2528.9413817375898 1296.9109800094739 302.81272284407169 186.93042191909626 19.977959878742695 215.82644011825323 1145.2223291397095 63.528934761881828 777.45581535995007 104.89629901200533 1125.5894847586751 853.28130037337542 82.470239490270615 904.27242628484964 170.6413306039758 31.974322913680226 71.302726872265339 23.048421826213598 4.3887544292956582 0.80395466089248557 151.15794391557574 113.5510795339942
leaf_count=98244 18508 22486 27112 102927 14574 1918259 1048 3655 7228 12745 1768 2151 79 626 3768 539 4079 622 4560 6015 377 5641 25722 334 712 229 64 3 1214 961
internal_value=0.000420467 0.0367036 0.000398876 0.000463471 0.000393101 0.000366616 0.00759024 0.0394185 0.000390292 0.00294237 -0.00734557 0.00709152 0.0229462 0.00660038 0.030235 -0.0030258 -0.0024028 0.0115474 -0.00347096 0.00702847 0.0194874 -0.00542705 -0.0360129 0.0462459 -0.0230244 -0.012633 -0.0392138 0.05036 -0.0323726 -0.0068071
internal_weight=756051 449.648 755602 741614 734363 733865 7251.07 498.056 733387 5566.29 1599.72 3966.57 1684.78 519.578 1165.2 13988 13565.4 964.822 12600.6 1978.87 859.926 10621.7 477.299 400.728 422.589 200.128 60.8377 437.218 222.461 177.08
internal_count=2286250 41328 2244922 2121729 2072432 2054136 49297 18296 1925487 43776 14513 29263 5521 1674 3847 123193 119538 5078 114460 10575 4456 103885 128649 18842 3655 1729 3719 14577 1926 1500
is_linear=0
shrinkage=0.05


Tree=99
num_leaves=31
num_cat=0
split_feature=24 57 19 22 33 23 23 23 56 15 23 56 23 72 19 18 32 23 27 16 19 21 18 23 18 60 56 22 20 11
split_gain=224.366 126.979 66.4725 98.8034 85.4369 135.752 110.409 136.618 90.4238 144.182 145.199 107.074 112.788 94.515 83.1795 77.0606 65.5288 64.0754 56.567 50.0847 47.7036 35.2664 33.9664 40.7464 36.7029 30.6131 30.384 22.8979 17.1061 11.9389
threshold=20988281.000000004 141987.00000000003 119045885.50000001 1095177.0000000002 0.008445340866785802 748153.00000000012 746363.00000000012 602447.00000000012 15006732.000000002 3745963.0441810349 2990461.0000000005 14992250.000000002 2993107.5000000005 3.9875729169863692 117697472.00000001 748146.50000000012 1.1938490127449446 748307.50000000012 6201.0000000000009 152085.96888705398 118937463.00000001 152252.08769249546 2.5000000000000004 35.500000000000007 1.5000000000000002 21020679.500000004 41663164.500000007 1094714.5000000002 856344.74100719451 9.0384615384615419
decision_type=2 2 2 2 2 2 2 2 2 2 2 2 2 2 2 2 2 2 2 2 2 2 2 2 2 2 2 2 2 2
left_child=2 25 4 16 5 6 7 -1 11 15 -11 13 -13 -6 -8 -10 21 18 19 -5 26 -4 24 -24 -18 -2 -7 -23 -22 -3
right_child=1 29 3 17 8 20 14 -9 9 10 -12 12 -14 -15 -16 -17 22 -19 -20 -21 28 27 23 -25 -26 -27 -28 -29 -30 -31
leaf_value=-0.0011716677239502072 0.05026480930460029 -0.050097188780956106 -0.0020330217551420169 0.024663323153014741 0.00034481673707723693 0.022126784053079687 0.094590102725481823 0.017939366872133346 -0.0031132928737855731 -0.035256737833453559 -0.0025799124779775258 0.002848395859716702 0.019300939275698595 -0.026912135977489156 -0.0040394669457015876 0.02693746725240816 -0.01712649670805667 0.024983882684951282 0.066063184119474705 -0.0084107768308743069 -0.0044425694191362036 -0.071522358675838935 0.048064321702206821 -0.016771084864142805 -0.12882501601921681 -0.00075562012582137104 0.063909349368258275 -0.036608591976368621 0.028623567896178256 0.030963490050527304
leaf_weight=1821.3080313967075 351.22126317024231 41.683839315432124 35.194915682077408 120.71941383183002 735550.10280436301 1120.0438239276409 21.499203145503998 1921.9894856598694 1047.3609558225144 736.68996204435825 631.2624718695879 3575.2762503167614 1469.9671252220869 318.18075069598854 3753.2960727363825 267.90327724814415 33.022417530417442 181.3031957517378 27.022434011101723 2208.9788567034993 239.28442917764187 109.06010892987251 42.945266619324684 55.614739820361137 9.4615372121334058 32.086839814670384 45.269211679697037 82.476000040769577 46.756048412527889 5.0979194776155046
leaf_count=11293 18522 22272 92 262 2169654 3614 25 4255 6144 2736 1618 9232 3147 11323 9581 555 189 429 55 8989 603 409 86 153 41 344 67 270 100 190
internal_value=0.000399541 0.0365027 0.000378987 -0.00716883 0.000408131 0.00525885 0.00255618 0.00864086 0.00034962 -0.00881255 -0.0201775 0.000382801 0.00764196 0.000333031 -0.00347773 0.00300768 -0.0313891 -0.00365916 -0.00586268 -0.00669696 0.0192588 -0.0480354 -0.00462994 0.0114795 -0.0420027 0.0459939 0.0237499 -0.0564884 0.000962407 -0.0412638
internal_weight=755902 430.09 755472 2905.8 752566 8969.45 7518.09 3743.3 743597 2683.22 1367.95 740914 5045.24 735868 3774.8 1315.26 367.775 2538.02 2356.72 2329.7 1451.35 226.731 141.044 98.56 42.484 383.308 1165.31 191.536 286.04 46.7818
internal_count=2286250 41328 2244922 10975 2233947 29538 25154 15548 2204409 11053 4354 2193356 12379 2180977 9606 6699 1240 9735 9306 9251 4384 771 469 239 230 18866 3681 679 703 22462
is_linear=0
shrinkage=0.05


Tree=100
num_leaves=31
num_cat=0
split_feature=24 57 59 28 15 70 19 33 18 14 45 28 13 25 27 28 33 3 60 37 45 61 61 45 24 28 26 4 15 15
split_gain=212.662 120.267 64.4977 64.3018 74.495 171.654 135.204 90.2745 94.4717 83.6206 66.6288 223.236 96.4361 83.0179 84.5045 45.4167 33.772 33.1715 30.1177 21.427 19.2089 20.7411 11.9486 8.21958 6.70346 8.00393 5.34406 3.81823 3.77825 2.65143
threshold=20988281.000000004 51948.500000000007 24205664.475517396 2421.5000000000005 95636.500000000015 0.52985739750445637 26746.500000000004 9.9715312784486105 1.0000000180025095e-35 20.490018800129914 68.583333333333357 3601.0000000000005 33975.237592344281 2634.2500000000005 3263.5000000000005 4561.5000000000009 0.020826886114481302 2325.0000000000005 21020679.500000004 4.4327331080291286 53.452380952380963 7103139.0000000009 6153198.0000000009 52.56578947368422 112168221.50000001 2289.5000000000005 40771887.56128037 95.500000000000014 9613641.0909090918 1797832.3921568629
decision_type=2 2 2 2 2 2 2 2 2 2 2 2 2 2 2 2 2 2 2 2 2 2 2 2 2 2 2 2 2 2
left_child=2 18 3 4 5 6 -1 8 -6 -9 11 12 -5 27 -15 -13 -7 19 -2 20 23 -22 29 -4 25 26 -20 -12 -27 -3
right_child=1 22 17 10 7 16 -8 9 -10 -11 13 15 -14 14 -16 -17 -18 -19 24 -21 21 -23 -24 -25 -26 28 -28 -29 -30 -31
leaf_value=0.00241451421436899 0.05027836722771041 0.055612165669493896 -0.042075507372936749 -0.016989707950364284 -0.0068886679377838491 0.069781048884166169 0.047139761604455488 -0.0016471866324119758 0.00067980510835096287 0.00067362892309534496 -0.0067830484481241939 0.047353612089816817 0.011103225284762583 0.0038307804164576724 -0.010082791737164512 -0.037398635452715899 -0.045140418905107789 0.045628193569469025 -0.0087910325943750273 -0.12577005727527199 -0.042749829064467844 0.0074091949148897777 0.042994569892777924 -0.1097551771335922 -0.078440504103022238 0.02972783256610009 0.067408350723052832 0.034657259951053475 -0.024522401229707488 -0.050107892889378808
leaf_weight=46261.196614794666 333.86140719801188 0.60185080766677757 93.445386501960456 2380.2645848654211 4155.6638264276553 6.5903163142502299 169.59553250297904 97921.774030019296 526384.5571810042 64297.769285522634 4476.3905221372843 190.89534089714289 350.45984868891537 7110.7245137691498 1289.1429529562593 17.234229696914554 213.36223099194467 14.322350606322287 3.4702208507806116 6.0625037625432006 34.642879873514175 50.878233075141907 3.9001867566257706 4.7123771011829367 2.5413837172090998 4.0803227778524187 6.8289164453744888 5.5653868317604056 15.03681298624724 40.646041975356638
leaf_count=204378 18508 2 12348 19225 38601 25 365 245419 1430083 158545 33195 958 2407 50673 9408 135 38765 26 40 29 131 149 140 19 41 33 27 38 193 22344
internal_value=0.000379627 0.0363375 0.000360065 0.00036766 0.000435145 0.00236913 0.00257788 0.00030491 0.000620522 -0.000727302 -0.00278641 -0.00957983 -0.0133843 -0.00123657 0.00169544 0.0403357 -0.0416971 -0.027746 0.0458397 -0.0332846 -0.030232 -0.0129092 -0.0406558 -0.0453247 -0.000530948 0.00619995 0.0417335 -0.00673159 -0.0129433 -0.0485653
internal_weight=755846 410.967 755435 755231 739411 46650.7 46430.8 692760 530540 162220 15820.7 2938.85 2730.72 12881.8 8399.87 208.13 219.953 204.064 365.819 189.741 183.679 85.5211 45.1481 98.1578 31.9577 29.4163 10.2991 4481.96 19.1171 41.2479
internal_count=2286250 41328 2244922 2232220 2116181 243533 204743 1872648 1468684 403964 116039 22725 21632 93314 60081 1093 38790 12702 18842 12676 12647 280 22486 12367 334 293 67 33233 226 22346
is_linear=0
shrinkage=0.05


Tree=101
num_leaves=31
num_cat=0
split_feature=24 57 60 5 24 3 18 4 61 57 3 72 58 57 54 33 54 56 18 14 60 60 58 72 26 24 60 25 61 0
split_gain=201.772 113.997 63.1853 167.994 104.16 98.3659 77.6276 178.331 132.386 233.624 148.86 104.16 102.345 75.8319 94.6274 75.009 65.8432 164.818 61.1626 49.0346 29.6355 24.5343 21.623 17.6918 17.6384 34.9851 14.9751 12.6621 11.3529 6.63094
threshold=20988281.000000004 51948.500000000007 61689187.000000007 312.00000000000006 13663.000000000002 49.000000000000007 2990792.0000000005 307.50000000000006 6377676.5000000009 243231.00000000003 3375.0000000000005 2.8204063416721539 61532463.000000007 15027716.000000002 14996665.500000002 0.016177908721175003 15001183.500000002 17606225.500000004 2.5000000000000004 0.45168927272822446 21020679.500000004 85459020.000000015 86526320.000000015 1.8033810695926482 2834.5602117504991 17450.000000000004 61642025.500000007 2329.5000000000005 6153198.0000000009 90000342.000000015
decision_type=2 2 2 2 2 2 2 2 2 2 2 2 2 2 2 2 2 2 2 2 2 2 2 2 2 2 2 2 2 2
left_child=2 20 6 4 5 -4 8 13 9 11 -11 -1 19 14 -8 -7 18 -18 -10 -9 -2 -5 -23 -15 27 -26 -14 -6 -3 -24
right_child=1 28 3 21 24 15 7 12 16 10 -12 -13 26 23 -16 -17 17 -19 -20 -21 -22 22 29 -25 25 -27 -28 -29 -30 -31
leaf_value=0.00033720712955057503 0.050264736919041056 -0.048556697123014338 -0.046501057980154886 -0.048831954757248934 0.045018278583907487 0.00097511176941995838 0.0046301795685030692 -0.010258514699463622 -0.016843921798998025 0.013188213780543591 0.055703877475177889 0.011640140096244245 -0.034307699495136783 -0.081968562844464965 0.021276277258716367 -0.0070225320665874159 -0.027592963951940216 0.0044166051668248453 -0.0020239518603032362 0.041066378013358482 -0.00051734179378269262 0.087580143786858355 -0.063581988625532382 -0.027897340742041546 -0.031993224899209881 0.049145641529083531 -0.05807138040505936 0.14063712364420822 0.042050520788929485 -0.020283801012563454
leaf_weight=717356.5880701358 317.66274803318083 39.243165458436124 126.70786997536197 211.08126908540726 6.3677765876054746 7341.2906457707286 11494.581210484263 337.71325460076332 783.50492487032898 1025.7775333838072 257.58147883415222 2044.0642852389719 219.42397499084473 24.642551705241203 922.25284746289253 4881.0126231014729 999.46706988103688 672.8951164057944 6247.5642835523468 53.972975552082062 31.586403802037239 4.5043715536594382 9.7430094182491285 39.180783331394196 15.577308006584643 90.28279085457325 94.997367560863495 7.5879743993282318 3.7911664657294741 95.672424957156181
leaf_count=2034007 18508 22346 29900 1466 29 18462 47025 1860 17880 8586 418 12581 972 104 1986 21371 3116 1766 41559 282 334 15 58 126 84 195 540 23 140 511
internal_value=0.00036066 0.0362105 0.000342042 -0.00314243 -0.00222299 -0.00267313 0.000402058 0.00420411 0.000333319 0.000407346 0.0217215 0.000369323 -0.0202413 0.00558714 0.00586656 -0.00221877 -0.00579638 -0.0147135 -0.00367541 -0.00318613 0.045672 -0.0388569 -0.0197015 -0.0487745 0.0441716 0.0372061 -0.0414875 0.0970078 -0.0405745 -0.0242856
internal_weight=755756 392.283 755364 12789.8 12468.8 12349 742574 13186.8 729387 720684 1283.36 719401 706.108 12480.7 12416.8 12222.3 8703.43 1672.36 7031.07 391.686 349.249 321.001 109.92 63.8233 119.816 105.86 314.421 13.9558 43.0343 105.415
internal_count=2286250 41328 2244922 72114 70064 69733 2172808 52895 2119913 2055592 9004 2046588 3654 49241 49011 39833 64321 4882 59439 2142 18842 2050 584 230 331 279 1512 52 22486 569
is_linear=0
shrinkage=0.05


Tree=102
num_leaves=31
num_cat=0
split_feature=24 57 0 17 18 14 14 18 23 18 23 7 62 21 23 26 25 60 32 18 22 32 23 20 32 19 18 58 28 58
split_gain=191.177 107.911 60.8795 108.447 62.712 165.095 162.387 134.836 125.274 257.287 167.59 120.78 201.084 59.4102 42.9602 35.346 51.0596 29.4491 29.376 29.0678 25.7506 21.2003 21.166 12.2833 10.9045 8.75844 7.77996 6.26601 6.80832 7.16717
threshold=20988281.000000004 51948.500000000007 119839450.00000001 1124575.5000000002 103886.50000000001 18.769032972911923 18.893323572204334 102543.50000000001 146.50000000000003 22607.500000000004 2.5000000000000004 477.28609625668463 0.99733333333333329 152707.15065526144 748105.50000000012 2543.5590831928653 171.91666666666669 21020679.500000004 9.6670195131047389 106454.50000000001 1109904.5000000002 1.1669937798946075 3.5000000000000004 855451.44244604313 0.3047232473583435 119160113.50000001 103301.50000000001 111037773.00000001 2498.5000000000005 57954706.250000007
decision_type=2 2 2 2 2 2 2 2 2 2 2 2 2 2 2 2 2 2 2 2 2 2 2 2 2 2 2 2 2 2
left_child=2 17 4 13 7 11 19 8 10 -10 -1 12 -6 20 21 16 22 -2 26 -7 23 -15 -5 -4 -3 -16 -9 28 29 -19
right_child=1 24 3 15 5 6 -8 18 9 -11 -12 -13 -14 14 25 -17 -18 27 -20 -21 -22 -23 -24 -25 -26 -27 -28 -29 -30 -31
leaf_value=0.00031218354760004252 0.05025176912348666 -0.047549551401677034 -0.038671906241942826 -0.015809954239669216 -0.02469653679216368 0.0048737064411063036 0.00094909033579822157 -0.016893042127543254 -0.012351577034858195 0.0091202010081001313 0.0073518877812961958 0.031251574719882443 -0.000155408916087182 -0.01301781701808013 -0.012901516321845816 0.064974701195086734 -0.053572321496230473 -0.023186121248428712 -0.0013300024884476695 0.0011286870530739447 0.070671247389752417 -0.042095456646845983 0.0050383284588314606 0.017080420118795247 0.052091700647457821 0.026417713398175821 -0.0034271187723876315 -0.082096255605614815 -0.031434765526061746 0.040755039239224765
leaf_weight=341043.32959473459 302.24613516964018 38.170918783172965 14.496793344616888 144.66702037211508 838.92569743329659 43152.916708850767 106912.37767294957 107.77734654420055 4962.4888840964995 1940.7869368840475 8669.2399929233361 304.27161011099815 165512.86565406621 74.887511491775513 25.891410201787949 20.874688729643822 43.730134002864361 6.3091350449249246 51992.156665022485 5888.3733921013772 17.511635020375252 384.70332699269056 768.23244114778936 31.016778647899628 2.9586074482649556 31.26620052754879 22421.770228788955 2.1892701536416999 8.7298171333968622 14.351868885569273
leaf_count=1053898 18508 22450 46 1689 66735 101133 259970 306 73981 9662 52763 739 417849 210 70 49 403 86 129973 14222 24 1307 3022 71 36 66 56734 21 155 72
internal_value=0.00034265 0.0360362 0.000324931 -0.00955092 0.000345335 0.000872567 0.00204183 -4.91798e-05 0.00035503 -0.006315 0.000486695 -0.000221605 -0.000279172 -0.0266836 -0.0322733 0.00061077 -0.00079372 0.0454514 -0.00198348 0.00442404 0.0191468 -0.0373574 0.0017345 -0.000677579 -0.040382 0.00860678 -0.00349154 -0.000491576 0.00558701 0.0212297
internal_weight=755680 374.956 755305 1557.28 753747 322610 155954 431138 356616 6903.28 349713 166656 166352 579.774 516.748 977.504 956.63 333.826 74521.7 49041.3 63.0252 459.591 912.899 45.5136 41.1295 57.1576 22529.5 31.5801 29.3908 20.661
internal_count=2286250 41328 2244922 6957 2237965 860648 375325 1377317 1190304 83643 1106661 485323 484584 1794 1653 5163 5114 18842 187013 115355 141 1517 4711 117 22486 136 57040 334 313 158
is_linear=0
shrinkage=0.05


Tree=103
num_leaves=31
num_cat=0
split_feature=24 57 72 54 54 58 72 23 23 23 1 18 3 23 3 60 22 23 1 62 23 18 57 22 56 11 23 17 24 18
split_gain=181.247 102.211 58.2542 64.0072 154.958 148.786 88.6447 93.0021 70.4558 226.16 167.974 46.4401 38.018 35.064 29.8737 29.2753 25.1552 21.372 21.2757 24.3821 23.6694 20.5524 20.2144 14.7281 10.5272 10.43 6.55536 6.14904 5.83141 6.75624
threshold=20988281.000000004 141987.00000000003 3.9875729169863692 21425789.500000004 15010184.500000002 6257859.1428571437 1.5085095796873946 2990461.0000000005 748307.50000000012 746794.50000000012 121.50000000000001 748534.00000000012 2369.5000000000005 747733.50000000012 3375.0000000000005 21020679.500000004 63647654.000000007 741046.50000000012 374.50000000000006 0.40993806121780169 46.500000000000007 7.5000000000000009 11773668.500000002 42691785.000000007 41663164.500000007 9.0384615384615419 748105.50000000012 18091578.500000004 112168221.50000001 2249.5000000000005
decision_type=2 2 2 2 2 2 2 2 2 2 2 2 2 2 2 2 2 2 2 2 2 2 2 2 2 2 2 2 2 2
left_child=2 15 3 4 8 14 22 -8 9 -1 -10 21 18 17 26 -2 -15 -14 19 -4 -21 -7 -6 -13 -16 -3 -5 -20 29 -17
right_child=1 25 12 5 6 11 7 -9 10 -11 -12 23 13 16 24 28 -18 -19 27 20 -22 -23 -24 -25 -26 -27 -28 -29 -30 -31
leaf_value=0.00034964843716896567 0.050208283783138921 -0.05008050136014628 -0.050785547706699623 -0.049454254912185698 -0.013712084075138246 -0.05524845068858656 -0.037758147135700137 -0.00554091606274468 0.0022134303654502327 -0.0080624190580152865 0.022453049973351531 0.045558648150434956 -0.01059148038142776 -0.10938711243517762 0.035820035426061547 0.037359107932001735 -0.0024174263786789366 0.060647241640801 0.00059685812330447679 0.088556317650286612 -0.021353025531548518 -0.00036104826763035163 0.067618450440860067 -0.011264039139014472 0.068335069755072086 0.030355215268746811 0.035939537366821192 0.084255579634933797 -0.075822424190925067 -0.012771967759804166
leaf_weight=728428.35100963269 287.8768025226891 34.330570154124871 79.335805094335228 7.586006523575632 9.841728716157375 17.62922082003206 497.64311128971167 407.37740640342236 15451.539875057293 8078.6663116822019 1097.9690114557743 75.035528033040464 15.076163277029989 7.4385718405246761 31.040798664093018 10.585503265727317 21.045486450195312 34.900126427412033 3.655254587531088 4.9866062104701987 277.06805639714003 523.80926134740002 34.150740367360413 13.447317019104956 125.69703829288483 4.5662358384579411 3.1935252994298935 5.5036603286862373 2.383905882947146 18.409607616253197
leaf_count=2132696 18522 22272 11135 108 119 180 1937 1080 70802 21245 2308 139 40 30 58 92 53 57 20 12 1259 1330 67 35 177 190 6 29 41 211
internal_value=0.000325555 0.0358861 0.000308692 0.000319402 0.000304429 0.0144775 -0.019887 -0.0232562 0.000329874 0.000257377 0.00355622 0.00334 -0.0176956 0.0139224 0.0563584 0.0452095 -0.0303524 0.0391569 -0.0243904 -0.0262978 -0.0194099 -0.00214818 0.0494237 0.0369229 0.0618957 -0.0406379 -0.0241556 0.050868 -0.000650609 0.00552983
internal_weight=755610 358.153 755252 754803 754006 797.439 949.013 905.021 753057 736507 16549.5 629.921 449.01 78.4603 167.517 319.256 28.4841 49.9763 370.549 361.39 282.055 541.438 43.9925 88.4828 156.738 38.8968 10.7795 9.15891 31.379 28.9951
internal_count=2286250 41328 2244922 2232287 2230254 2033 3203 3017 2227051 2153941 73110 1684 12635 180 349 18866 83 97 12455 12406 1271 1510 186 174 235 22462 114 49 344 303
is_linear=0
shrinkage=0.05


Tree=104
num_leaves=31
num_cat=0
split_feature=24 57 28 15 70 16 23 18 21 18 32 62 45 45 28 25 25 24 24 33 27 28 14 33 60 28 8 1 4 61
split_gain=171.8 96.8809 57.9201 67.4967 161.924 123.399 103.368 82.7946 138.957 106.097 324.265 273.573 78.0965 60.806 199.903 84.3258 75.2132 76.7227 54.5801 42.7469 39.0749 35.1509 31.0296 30.1627 28.5778 24.2027 19.3189 12.7957 10.6506 10.1949
threshold=20988281.000000004 51948.500000000007 2421.5000000000005 95323.500000000015 0.52985739750445637 11225.320151336444 87.500000000000014 1.0000000180025095e-35 1018073.6086805823 175.50000000000003 3.7196096396530431 0.93072906000409594 144.45833333333337 68.583333333333357 3796.5000000000005 2568.2500000000005 2634.2500000000005 3190.5000000000005 4338.5000000000009 0.16617371235339312 4066.5000000000005 2863.5000000000005 314.95244177624551 0.020826886114481302 21020679.500000004 2889.5000000000005 166.45061658979725 4.5000000000000009 85.000000000000014 6153198.0000000009
decision_type=2 2 2 2 2 2 2 2 2 2 2 2 2 2 2 2 2 2 2 2 2 2 2 2 2 2 2 2 2 2
left_child=2 24 3 4 5 6 -1 8 19 10 -9 -11 -10 14 15 28 -15 21 20 -5 -16 -18 -19 -6 -2 -17 -25 -7 -4 -3
right_child=1 29 13 7 23 27 -8 9 12 11 -12 -13 -14 16 18 25 17 22 -20 -21 -22 -23 -24 26 -26 -27 -28 -29 -30 -31
leaf_value=0.0030782610643308736 0.050227738085124873 -0.048362698702122058 -0.026337846706294632 -0.054786920873308276 0.062824313518429098 0.056542653953877059 -0.0081714478053680952 0.0042435873904163373 -0.021117502869419744 -0.030231674205941774 0.072297540332709506 0.0002461582723695894 -0.00036876924391070952 -0.0064720310417513416 0.027720846627880536 -0.02171721504405295 0.00076457579853442378 -0.054164207176998137 -0.014248853919515945 -0.022337802262392212 0.083944687643349794 0.0080251687262250203 -0.0072048071865854456 -0.045532406643454287 -0.00045504453463008357 -0.011430810084038333 0.24787724979156464 0.011921279210690439 0.0087262403657539945 0.041315259478580557
leaf_weight=36580.103237881558 273.61966478638351 34.076739805168472 22.765360716730356 140.68061245814897 6.7340654432773581 116.16213555634022 2162.6608233693987 9410.775674438104 530.83894617157057 737.07390275178477 178.35581406904384 685861.13081763685 3113.2761492580175 4463.6451579108834 53.621133893728256 1082.1623278819025 3884.6777741387486 35.981489889323711 30.64162970520556 364.36182752694003 72.93815603852272 2920.0167586803436 1575.3175070658326 203.79508884577081 30.960041714832187 1212.6284070387483 0.562563706189393 18.645272985100746 444.64614015817642 3.4941683390643439
leaf_count=167625 18508 22346 237 1380 25 238 18464 54878 21085 108009 999 1698802 16924 33233 269 9054 27914 508 211 1671 256 20376 11283 38735 334 9625 4 44 3073 140
internal_value=0.000309317 0.0357314 0.000293269 0.000357274 0.00237933 0.00261646 0.00245029 0.000244415 -0.00679766 0.000286385 0.00550938 0.00021344 -0.00339124 -0.00270229 -0.00921757 -0.0123388 -0.00122549 0.00155715 0.0456269 -0.0313766 0.0601236 0.00388023 -0.00825345 -0.0412938 0.0450759 -0.0162816 -0.0447247 0.0503711 0.00701844 -0.0400225
internal_weight=755566 342.151 755224 739425 39088.7 38877.6 38742.8 700336 4149.16 696187 9589.13 686598 3644.12 15799 2919.4 2762.2 12879.6 8415.99 157.201 505.042 126.559 6804.69 1611.3 211.092 304.58 2294.79 204.358 134.807 467.412 37.5709
internal_count=2286250 41328 2244922 2128883 225135 186371 186089 1903748 41060 1862688 55877 1806811 38009 116039 22725 21989 93314 60081 736 3051 525 48290 11791 38764 18842 18679 38739 282 3310 22486
is_linear=0
shrinkage=0.05


Tree=105
num_leaves=31
num_cat=0
split_feature=24 57 60 5 24 3 18 4 16 56 57 57 61 22 33 57 54 18 14 60 60 60 58 54 26 23 61 11 0 58
split_gain=162.673 91.6595 56.996 156.063 92.373 90.0336 70.7104 162.53 118.27 260.749 100.265 197.074 115.371 95.2026 69.2195 68.2858 86.2513 39.9696 39.1202 28.3879 23.8828 21.1729 19.0742 18.1319 30.0018 16.8961 13.2583 9.75981 6.38721 5.51232
threshold=20988281.000000004 51948.500000000007 61689187.000000007 312.00000000000006 13663.000000000002 49.000000000000007 2990792.0000000005 307.50000000000006 11560561.299198495 15012570.500000002 243231.00000000003 441.00000000000006 8016555.0000000009 3000387.0000000005 0.016177908721175003 15027716.000000002 14996665.500000002 2987352.0000000005 0.45168927272822446 21020679.500000004 85459020.000000015 61642025.500000007 86526320.000000015 43317.000000000007 2834.5602117504991 2996477.5000000005 46989510.000000007 9.0384615384615419 90000342.000000015 111037773.00000001
decision_type=2 2 2 2 2 2 2 2 2 2 2 2 2 2 2 2 2 2 2 2 2 2 2 2 2 2 2 2 2 2
left_child=2 19 6 4 5 -4 8 15 10 17 11 -1 -12 21 -7 16 -8 -10 -15 -2 -5 -9 -22 24 -6 -17 -11 -3 -24 -21
right_child=1 27 3 20 23 14 7 13 9 26 12 -13 -14 18 -16 25 -18 -19 -20 29 22 -23 28 -25 -26 -27 -28 -29 -30 -31
leaf_value=0.00032413137749382376 0.050216590468625158 -0.049592088407317318 -0.046156938811001566 -0.047972012554688685 0.086648215239503987 0.00090671723722549741 0.0043669173967774144 -0.029530631863136231 -0.0092758855382755658 -0.05610261061113736 0.018839600377317915 -0.017656031778694504 0.00032185237899543797 -0.007095262337696303 -0.0067783064821476391 -0.021131301529788857 0.020278621512961625 -0.00060493490700863281 0.039513977912789239 0.0051904244818018683 0.079453354534516893 -0.05699974874700578 -0.062750910355625411 0.063251128837333498 0.0055716301189279492 -0.072869488087020845 -0.011968127695961166 0.029641310285224792 -0.019516267310570986 -0.079609033648291805
leaf_weight=718621.11902756873 260.33138629607856 31.491288687102497 117.40186459221877 204.37574806064367 14.763057768344877 7339.9416036754847 11485.150627571158 294.81077235937119 2385.1237956399564 269.35064251627773 1569.4625751725398 1527.2320746770129 1812.502764548175 258.38927486538887 4876.9062542319298 32.075218871235847 919.88521198928356 3001.5628752929624 54.517761215567589 28.90208201715723 4.7098816484212866 92.055222436785698 9.3907262682914716 53.674862757325172 50.241807661950588 31.060530439019203 18.164071053266525 4.4337541833519927 94.579943478107452 2.0525042265653601
leaf_count=2040903 18508 22294 29900 1466 52 18462 47025 1308 20587 1056 10970 29003 9835 1531 21371 98 1986 7504 275 313 15 540 58 87 192 132 55 192 511 21
internal_value=0.00029383 0.0355406 0.000278557 -0.00303399 -0.00215746 -0.00257988 0.00033552 0.00396686 0.000269946 -0.00692054 0.000326336 0.000286001 0.00891535 -0.0194809 -0.00216111 0.00528286 0.00554684 -0.00444427 0.00102546 0.0448342 -0.0379012 -0.0360669 -0.018963 0.0417436 0.0239847 -0.0465846 -0.0533144 -0.0398134 -0.0234213 -0.000432369
internal_weight=755466 327.211 755138 12766 12452.9 12334.2 742372 13167.9 729205 5674.2 723530 720148 3381.97 699.773 12216.8 12468.2 12405 5386.69 312.907 291.286 313.056 386.866 108.681 118.68 65.0049 63.1357 287.515 35.925 103.971 30.9546
internal_count=2286250 41328 2244922 72114 70064 69733 2172808 52895 2119913 29202 2090711 2069906 20805 3654 39833 49241 49011 28091 1806 18842 2050 1848 584 331 244 230 1111 22486 569 334
is_linear=0
shrinkage=0.05


Tree=106
num_leaves=31
num_cat=0
split_feature=24 57 19 22 53 23 23 56 18 20 23 56 32 18 72 32 54 23 1 23 27 16 21 18 23 18 60 22 32 19
split_gain=153.982 86.708 56.9771 86.7242 76.5861 203.259 281.477 177.205 132.222 243.762 96.8481 94.4631 88.2664 81.8898 79.1367 57.2434 56.0831 100.672 53.0227 51.1809 45.2779 44.6467 30.6984 30.0947 37.5571 30.2405 28.1935 21.1366 9.49125 9.02474
threshold=20988281.000000004 51948.500000000007 119045885.50000001 1095177.0000000002 17.500000000000004 746065.00000000012 748061.00000000012 15006732.000000002 1.0000000180025095e-35 638413.66060606076 748952.50000000012 14993142.500000002 9.3061779064045229 2990792.0000000005 0.17604132279369275 1.1938490127449446 8185921.7500000009 2990461.0000000005 99.500000000000014 748307.50000000012 6201.0000000000009 152085.96888705398 152252.08769249546 2.5000000000000004 35.500000000000007 1.5000000000000002 21020679.500000004 1094714.5000000002 0.3047232473583435 119160113.50000001
decision_type=2 2 2 2 2 2 2 2 2 2 2 2 2 2 2 2 2 2 2 2 2 2 2 2 2 2 2 2 2 2
left_child=2 26 4 15 7 8 14 11 -6 -10 -8 12 -1 -13 -7 22 18 -18 -9 20 21 -5 -4 25 -25 -17 -2 -24 -3 -21
right_child=1 28 3 19 5 6 10 16 9 -11 -12 13 -14 -15 -16 23 17 -19 -20 29 -22 -23 27 24 -26 -27 -28 -29 -30 -31
leaf_value=-0.00088119527410523253 0.050205992427066339 -0.047147933555995634 -0.0022385440667331028 0.023492282859696723 -0.021439148221471166 0.00055100876187875656 0.0074547246528085948 -0.0053940898798483673 0.073788541820183032 0.01294806227701808 0.034624933899046285 0.00073873043876018026 0.00049220948463873416 0.014519850383465222 -0.010798984158583753 -0.016018499995714083 -0.029071856291191075 -0.0033319066267010994 0.048468863642233025 0.015640646039092768 0.061375270919663397 -0.0077659223702251428 -0.067624887107213483 0.046924999040103943 -0.015903081109915455 -0.11534767249975353 -0.00041575203952278546 -0.033941791981491269 0.051773393346787523 0.041210345706783447
leaf_weight=146295.68398050149 247.68583199195564 31.741515206871554 35.179335445165634 120.49175874888897 255.7429738715291 2485.2287148982286 4526.3656985014677 533.81884112115949 172.42879071831703 3642.0312697887421 353.59984776377678 2152.7108057625592 583950.73207242345 2159.1222832947969 4019.926446840167 32.380068071186543 961.73316656239331 627.86647824943066 49.966730701271445 132.92017296818085 25.099002689123154 2200.1058064117096 107.92684812098742 41.542648658156395 55.649407520890236 10.038047254085539 30.941201238892972 81.931638225913048 2.6254065004177383 46.608709434745833
leaf_count=636356 18508 22450 92 262 935 6187 10660 3442 253 8348 688 5806 1538527 4788 10658 189 5486 1618 195 298 55 8989 409 86 153 41 334 270 36 131
internal_value=0.000279142 0.035342 0.000264608 -0.00674265 0.000291529 0.00377488 0.000346456 0.000218455 0.0133648 0.0156983 0.00942346 0.000260635 0.000217065 0.00763954 -0.00646283 -0.0295363 -0.0140375 -0.018905 -0.000783911 -0.0034512 -0.00542047 -0.00614291 -0.04514 -0.00438474 0.0109514 -0.0395243 0.0445845 -0.0530893 -0.039591 0.022279
internal_weight=755390 312.994 755077 2889.87 752187 15455.3 11385.1 736732 4070.2 3814.46 4879.97 734558 730246 4311.83 6505.16 364.648 2173.39 1589.6 583.786 2525.23 2345.7 2320.6 225.038 139.61 97.1921 42.4181 278.627 189.858 34.3669 179.529
internal_count=2286250 41328 2244922 10975 2233947 37729 28193 2196218 9536 8601 11348 2185477 2174883 10594 16845 1240 10741 7104 3637 9735 9306 9251 771 469 239 230 18842 679 22486 429
is_linear=0
shrinkage=0.05


Tree=107
num_leaves=31
num_cat=0
split_feature=24 57 18 18 14 18 7 62 21 23 23 7 23 30 3 55 45 60 32 18 18 11 0 14 13 58 17 60 32 17
split_gain=145.734 81.9987 54.6653 153.047 156.97 121.577 108.997 179.11 227.698 106.613 221.288 160.497 155.971 184.529 172.702 91.3739 74.074 28.1496 26.4207 15.6629 19.7122 9.17679 7.77711 7.32092 7.05789 5.13608 6.22745 6.35663 5.40983 4.96662
threshold=20988281.000000004 109249.00000000001 103886.50000000001 106511.50000000001 18.893323572204334 102543.50000000001 477.28609625668463 0.99733333333333329 431156.83540620917 146.50000000000003 15465.500000000002 477.94117647058829 2.5000000000000004 444.00000000000006 609.50000000000011 1844524.1564151586 51.538825757575772 21020679.500000004 9.6670195131047389 106454.50000000001 106197.50000000001 9.0384615384615419 112254722.50000001 18.780312598717192 13.749843992160246 111037773.00000001 89999340.000000015 66736752.000000007 0.011005457488549851 103897.50000000001
decision_type=2 2 2 2 2 2 2 2 2 2 2 2 2 2 2 2 2 2 2 2 2 2 2 2 2 2 2 2 2 2
left_child=2 17 5 4 19 9 7 8 -5 12 11 -11 13 -1 -14 -9 -12 -2 22 20 -4 -3 24 -21 -7 26 27 -19 -28 -6
right_child=1 21 3 6 29 18 -8 15 -10 10 16 -13 14 -15 -16 -17 -18 25 -20 23 -22 -23 -24 -25 -26 -27 28 -29 -30 -31
leaf_value=0.00024382119489236689 0.050161075131947008 -0.050066819519222851 0.0036532253344306364 -0.039975909418616104 0.0054462207017455001 -0.014341123136781035 0.029539708539737017 -0.00026897766260928758 0.018340529757574768 -0.0077460291768959065 0.00032208052285777734 -0.032706282479817154 0.0026384745492235265 -0.053158447929425957 0.0183104938438419 0.034637477547746563 0.019871425820455087 0.0062871300628121784 -0.0013341232128301975 0.0046248378256157751 0.005814738697315934 0.028897765887273854 0.037205164311330939 -0.00049765926583688681 -0.0033335447498472125 -0.07840489777742117 -0.0072088534947606156 -0.057394477788341863 0.076097646943275227 0.00080611304688382583
leaf_weight=340940.11610174831 235.90655148588121 28.305633555166423 25054.664855553536 594.31542933150195 579.8384185731411 146.57732793153264 305.68401816487312 168836.91619763523 233.01169294817373 4127.6840098050889 1235.8166193333454 763.09684526175261 6376.0702289338224 161.84236106649041 2426.9923159405589 187.68666608631611 797.08234002441168 15.740450471639642 51991.809107893147 989.83014732808806 18216.773082464701 4.2290177596732965 11.795387417078016 2361.7031006726902 22375.060863107443 1.9811078347265709 3.290723152458666 5.2176257399842134 4.7788952216506004 106301.67413087701
leaf_count=1054157 18521 22275 59171 48726 1392 428 739 426483 18863 64963 14954 2514 46631 1073 6886 362 1908 197 129973 2341 42418 191 23 5750 56589 21 36 71 16 258578
internal_value=0.000265242 0.0351393 0.000251411 0.000742566 0.00188729 -0.000117123 -0.000290127 -0.000343812 -0.0235514 0.000266497 -0.00587751 -0.0116405 0.00038807 0.000218483 0.00695923 -0.000230217 0.00798721 0.0442741 -0.0019539 0.00430815 0.0045632 -0.0398026 -0.00338393 0.0010152 -0.00340519 -0.000512398 0.00480368 -0.00956675 0.042126 0.000831286
internal_weight=755315 299.45 755016 323662 153504 431354 170158 169852 827.327 356829 6923.68 4890.78 349905 341102 8803.06 169025 2032.9 266.915 74525.2 46623 43271.4 32.5347 22533.4 3351.53 22521.6 31.0088 29.0277 20.9581 8.06962 106882
internal_count=2286250 41328 2244922 864823 369650 1380099 495173 494434 67589 1193086 84339 67477 1108747 1055230 53517 426845 16862 18862 187013 109680 101589 22466 57040 8091 57017 341 320 268 52 259970
is_linear=0
shrinkage=0.05


Tree=108
num_leaves=31
num_cat=0
split_feature=24 60 59 23 57 56 23 18 54 23 23 19 56 32 18 3 11 37 45 61 7 23 57 28 0 28 24 52 17 30
split_gain=138.107 78.4379 53.4315 51.2177 75.4856 80.2985 66.9972 153.37 120.667 114.531 147.283 120.715 41.619 37.3363 35.5874 28.8942 26.1955 19.0744 17.4606 19.4735 10.1802 9.22242 8.00765 7.14146 7.1397 4.20731 3.51577 2.05103 1.96968 0.462067
threshold=20988281.000000004 11252566.000000002 24205664.475517396 2993107.5000000005 15027716.000000002 14992552.000000002 2985461.5000000005 2987352.0000000005 15001183.500000002 748353.50000000012 747091.50000000012 82041964.000000015 15006732.000000002 0.036333711116539553 2987352.0000000005 2325.0000000000005 8.4494949494949534 4.4327331080291286 53.452380952380963 7355538.5000000009 2.3888888888888897 2996477.5000000005 4077432.5000000005 2498.5000000000005 74924928.000000015 2456.5000000000005 28996739.500000004 258.00000000000006 45977095.500000007 316.00000000000006
decision_type=2 2 2 2 2 2 2 2 2 2 2 2 2 2 2 2 2 2 2 2 2 2 2 2 2 2 2 2 2 2
left_child=2 -2 3 6 5 13 9 8 -8 10 -1 -11 -9 -5 -7 17 27 18 22 -20 -18 24 -4 25 -6 -22 -25 -3 -23 -29
right_child=1 16 15 4 21 14 7 12 -10 11 -12 -13 -14 -15 -16 -17 20 -19 19 -21 23 28 -24 26 -26 -27 -28 29 -30 -31
leaf_value=0.00026938075009895647 0.05017869508808577 -0.05009088290058198 -0.050357075658249095 -0.043288019733224312 0.0025724981356376954 -0.042013863378719978 -0.012786725704726234 9.85833146325235e-05 -0.052701783133493656 0.0032221213694183948 -0.0065122122216155019 0.019139739196909204 -0.01599175053821196 0.0012932844401911101 0.015545529955433339 0.042539808861101883 0.051073042407786311 -0.11855922859075874 -0.037501592659437255 0.010344321257951518 0.00713526615478563 -0.076446524941925456 -0.0067391903700743383 0.019420564048205451 -0.063884251267201847 0.078692970881985624 -0.052120958080360207 -0.026010108128091111 -0.042040817106259655 0.050168889816888232
leaf_weight=729644.62028223835 214.01438917056657 27.373840308748189 74.859298578463495 47.999288115766831 9.5932360887527484 27.279104977846146 733.44801238179207 4249.6528403956909 255.23820772767067 5810.9408534258837 8095.079866622109 1498.1776469796896 443.85971386730671 2177.6392894058954 1722.0720908641815 14.20617727935314 13.064140889793633 6.0843273699283591 40.531720571219921 44.741683296859264 18.427142789121724 27.583479017019272 12.243395467987282 2.2030983846634609 6.9835657030344001 2.3118617162108412 7.7878044183598831 0.29202084033749898 4.898577243089675 0.62527110055088997
leaf_count=2138436 17601 22015 11957 13894 27 85 1968 10498 905 21685 21121 4316 1303 14046 3769 26 902 29 153 127 167 122 410 15 26 9 558 7 19 54
internal_value=0.00025202 0.0349846 0.000238858 0.000245578 0.00587142 0.0066322 0.000215423 -0.00519325 -0.0230912 0.000256673 0.000194968 0.00648482 -0.00142306 0.000331821 0.014648 -0.0260887 -0.0101254 -0.0315518 -0.0284807 -0.0123976 0.0141004 -0.055771 -0.044226 -0.00161773 -0.0254248 0.0151121 -0.0363453 -0.0476264 -0.0712578 0.0259172
internal_weight=755234 286.1 754948 754755 4024.05 3974.99 750731 5682.2 988.686 745049 737740 7309.12 4693.51 2225.64 1749.35 192.667 72.0852 178.46 172.376 85.2734 43.794 49.0589 87.1027 30.7299 16.5768 20.739 9.9909 28.2911 32.4821 0.917292
internal_count=2286250 41328 2244922 2232220 31988 31794 2200232 14674 2873 2185558 2159557 26001 11801 27940 3854 12702 23727 12676 12647 280 1651 194 12367 749 53 176 573 22076 141 61
is_linear=0
shrinkage=0.05


Tree=109
num_leaves=31
num_cat=0
split_feature=24 60 18 18 31 31 40 18 1 59 57 57 17 61 23 45 57 28 28 26 27 23 36 25 11 72 26 21 16 27
split_gain=130.794 75.1924 52.9304 127.284 212.285 120.631 469.848 102.502 102.402 90.3498 84.2528 195.274 97.0284 67.7913 66.7962 188.894 68.2838 65.7254 71.5485 180.794 88.2143 224.385 92.7235 83.7126 24.8466 15.9187 17.159 13.3102 12.3112 10.4755
threshold=20988281.000000004 11252566.000000002 1.5000000000000002 15.500000000000002 1.0000000180025095e-35 28.000000000000004 1.0000000180025095e-35 25.500000000000004 78.500000000000014 2264979.6149405851 212270.50000000003 29.500000000000004 10188517.500000002 5918386.5000000009 3.5000000000000004 50.316468373192329 11.500000000000002 52.500000000000007 40.500000000000007 2589.1315829500827 4521.5000000000009 91.500000000000014 572.62272727272727 2585.3333333333335 8.4494949494949534 1.1612777482922876 2324.363228729213 2559.4820643447656 2153.675009876823 4232.5000000000009
decision_type=2 2 2 2 2 2 2 2 2 2 2 2 2 2 2 2 2 2 2 2 2 2 2 2 2 2 2 2 2 2
left_child=2 -2 17 8 9 7 -7 -6 10 -5 11 -4 -12 -11 15 -10 -16 18 20 23 22 -22 -1 -20 -3 26 28 -27 -19 -29
right_child=1 24 3 4 5 6 -8 -9 14 13 12 -13 -14 -15 16 -17 -18 25 19 -21 21 -23 -24 -25 -26 27 -28 29 -30 -31
leaf_value=-0.0036243347467379613 0.050168471095143052 -0.047600922708377291 0.012423860944916962 -0.047828722324697315 0.039262130877281906 0.05064313438341092 -0.019279390607295804 0.00022087124525694494 -0.014770010167862847 0.011619013716857158 -0.065920194383010444 -0.011581315884326097 0.028740261711193368 -0.028639227076254294 0.04261854982111983 -0.1502254852840193 -0.026640707054099974 -0.0019496076457163022 0.012871105646576479 -0.052506491181336684 0.021082038532717815 -0.013113826789658984 -0.020430852078269019 0.063389046978535077 0.013664579891765869 -0.042315403745963279 -0.057063413221248131 -0.0083446918184058132 0.078504987379219598 -0.03100657959877064
leaf_weight=9638.1066601274069 203.6172432305757 26.925567589583807 3622.2921569528989 299.09815976140089 168.16049325466156 513.36344129219651 451.59008550364524 733423.85793527216 118.79593317583203 177.6642517906148 28.159778953064233 1105.804404980503 700.0407637488097 254.1661947008688 62.769041505642235 32.855774998664856 82.182548287790269 84.929017640650272 778.64826619625092 100.91515147686005 1124.5026367586106 836.62784669548273 897.0653397589922 91.657987982034683 42.942699484759942 107.19026105105877 13.939028568565844 94.469221916049719 5.0368772894144049 110.8087313733995
leaf_count=98244 17601 22076 20530 105395 442 16618 7561 1927175 658 5086 136 7817 2340 27345 139 151 336 761 4053 622 4560 6015 5641 403 1651 1083 147 782 35 847
internal_value=0.00023944 0.0348109 0.000226916 0.000284223 0.00022626 0.000253059 0.01792 0.000229821 0.00769257 -0.0267062 0.00924789 0.00680954 0.0250797 -0.0120761 -0.0209191 -0.0441168 0.00335094 -0.00283178 -0.00222689 0.0108456 -0.00324289 0.00649392 -0.0050554 0.0181915 -0.00994569 -0.0223969 -0.00544312 -0.0280346 0.00255477 -0.0205775
internal_weight=755198 273.486 754925 741041 735288 734557 964.954 733592 5752.9 730.929 5456.3 4728.1 728.201 431.83 296.603 151.652 144.952 13883.9 13467.5 971.221 12496.3 1961.13 10535.2 870.306 69.8683 416.373 103.905 312.468 89.9659 205.278
internal_count=2286250 41328 2244922 2121729 2089622 1951796 24179 1927617 32107 137826 30823 28347 2476 32431 1284 809 475 123193 119538 5078 114460 10575 103885 4456 23727 3655 943 2712 796 1629
is_linear=0
shrinkage=0.05


Tree=110
num_leaves=31
num_cat=0
split_feature=24 60 72 54 58 56 56 30 23 54 19 16 18 3 23 3 11 22 23 1 62 23 18 17 56 7 16 16 23 22
split_gain=123.39 72.5136 52.0031 54.6501 133.097 122.564 82.3762 80.9009 80.1812 54.7307 53.4511 50.6721 39.4106 34.8012 31.9139 26.9187 23.4345 22.4965 20.0853 18.8841 23.2532 20.7646 18.8057 13.6851 10.5904 9.94674 6.74572 9.81808 5.79779 5.47044
threshold=20988281.000000004 11252566.000000002 3.9875729169863692 21425789.500000004 6257859.1428571437 15006732.000000002 14992250.000000002 138.00000000000003 2993107.5000000005 8185921.7500000009 119045885.50000001 2971760.2923464351 748534.00000000012 2369.5000000000005 747733.50000000012 3375.0000000000005 8.4494949494949534 63647654.000000007 741046.50000000012 374.50000000000006 0.40993806121780169 46.500000000000007 7.5000000000000009 44663236.000000007 41663164.500000007 2.3888888888888897 15642750.782822071 17277026.418543089 748105.50000000012 18313286.500000004
decision_type=2 2 2 2 2 2 2 2 2 2 2 2 2 2 2 2 2 2 2 2 2 2 2 2 2 2 2 2 2 2
left_child=2 -2 3 5 15 6 10 9 -8 -7 -1 -9 22 19 18 28 -3 -16 -15 20 -4 -22 -6 -14 -17 -18 -27 -28 -5 -21
right_child=1 16 13 4 12 7 8 11 -10 -11 -12 -13 23 14 17 24 25 -19 -20 29 21 -23 -24 -25 -26 26 27 -29 -30 -31
leaf_value=0.00022944808367285623 0.05015859013786278 -0.047351757659906749 -0.050731735481118534 -0.047458813021645944 -0.054084274721965891 -0.0013849600729727157 0.0026136509261331384 0.055387257526812061 0.016511753147938759 -0.018555846414493624 -0.0068679318532501856 -0.012048228011252889 0.04197239058898164 -0.010839165069744859 -0.10342315649944181 0.03256758932027435 0.051015717911104166 -0.00245459618481894 0.058292743319386324 -0.0010110012447942327 0.080925732335983269 -0.020725774155650363 -0.00043088704211483172 -0.015376417639955443 0.065723138066924175 -0.062239326030949629 0.096252804646111245 -0.0034037692585964369 0.033470231956624769 0.077537279532482725
leaf_weight=743526.13673420879 193.72390865383204 25.743832458509132 71.973702868679538 7.4272185345180315 16.85825858451426 663.31141069205478 3623.246824124828 71.773623943328857 1454.315814062953 1544.9964399444871 2662.2734168198658 45.526749446988106 75.445355981588364 15.060684129595755 7.4799312353134182 30.041335195302963 12.275198876857756 21.019327998161316 34.745878055691719 3.6428647786378843 5.1173374801874152 274.93569617718458 523.03111639688723 12.066242039203642 121.4653659760952 4.0642551027704057 2.7571041695773628 23.855744197964668 3.1523583829402924 5.6615359634160995
leaf_count=2196947 17601 22076 11135 108 180 3991 9421 117 3147 7038 9471 122 142 40 30 58 902 53 57 20 12 1259 1330 32 177 506 10 233 6 29
internal_value=0.000227511 0.0345071 0.000215593 0.000225612 0.0133738 0.000211838 0.000247315 -0.0112489 0.00659435 -0.0133982 0.000204126 0.0292141 0.00293903 -0.0169758 0.0132429 0.0537645 -0.0096303 -0.0289549 0.0373884 -0.0235246 -0.025383 -0.0188683 -0.00210624 0.034065 0.0591489 0.0129784 -0.00224196 0.0069207 -0.0233447 0.046784
internal_weight=755083 262.42 754821 754381 789.487 753592 751266 2325.61 5077.56 2208.31 746188 117.3 627.401 439.637 78.3058 162.086 68.6961 28.4993 49.8066 361.331 352.027 280.053 539.889 87.5116 151.507 42.9523 30.6771 26.6128 10.5796 9.3044
internal_count=2286250 41328 2244922 2232287 2033 2230254 2218986 11268 12568 11029 2206418 239 1684 12635 180 349 23727 83 97 12455 12406 1271 1510 174 235 1651 749 243 114 49
is_linear=0
shrinkage=0.05


Tree=111
num_leaves=31
num_cat=0
split_feature=24 60 28 15 70 19 33 26 14 14 45 28 25 25 27 14 28 27 17 14 33 28 11 33 28 13 1 28 7 28
split_gain=116.695 69.6399 50.4686 61.1952 143.777 117.206 106.101 85.9493 79.5398 96.5317 55.5167 181.212 82.3434 68.1576 69.9801 49.4715 36.8435 42.2102 36.3202 28.1131 27.6151 24.3383 22.1217 19.2473 17.0031 14.7811 14.3072 10.2317 9.54453 6.46365
threshold=20988281.000000004 11252566.000000002 2421.5000000000005 96295.500000000015 0.52985739750445637 26746.500000000004 9.9715312784486105 4003.2577391448849 19.638745281037423 19.252891544094748 68.583333333333357 3601.0000000000005 2568.2500000000005 2634.2500000000005 3263.5000000000005 20.490018800129914 4561.5000000000009 4066.5000000000005 100914.50000000001 314.95244177624551 0.020826886114481302 2863.5000000000005 8.4494949494949534 51315.789473684214 2889.5000000000005 444.20439460615859 4.5000000000000009 2466.5000000000005 2.3888888888888897 2498.5000000000005
decision_type=2 2 2 2 2 2 2 2 2 2 2 2 2 2 2 2 2 2 2 2 2 2 2 2 2 2 2 2 2 2
left_child=2 -2 3 4 5 7 8 -1 9 -5 11 12 27 -12 21 25 17 -13 -10 -16 -6 -15 -3 -22 -14 -8 -7 -4 -24 -30
right_child=1 22 10 6 20 26 15 -9 18 -11 13 16 24 14 19 -17 -18 -19 -20 -21 23 -23 28 -25 -26 -27 -28 -29 29 -31
leaf_value=0.001851214040109005 0.050149020451932452 -0.047081508734596975 0.016444608063049176 0.00062856894525288674 0.058213529610080819 0.050579935322363559 -0.0010323280899644785 -0.032501757086690217 0.00046654538262835913 -0.001042421911777819 -0.0061962444779524182 0.020280552325525603 -0.020985864964373074 0.000705412448150674 -0.053946338798476559 0.0002734065664576879 -0.03615399970962279 0.066424864511898399 0.0028162092417593184 -0.0081058204340919999 -0.046532793624240808 0.006560270195624854 0.050972345170625925 0.060156010194366782 -0.012213188556224473 -0.002268087545693413 0.0072014417599406246 0.0010743911885574603 0.013508007099933508 -0.035900755165518737
leaf_weight=64474.623884406406 184.31015272584045 24.625377257994842 169.2415524777025 342373.83461878938 6.8232323974370948 137.94462461769581 43722.085623383988 182.59216413274407 25331.282529426739 115615.63251400529 4444.3118805885315 110.00966645032167 1065.1997095011175 3887.9007941931486 34.374306134879589 45881.712155569345 16.737282630056143 90.188307649455965 46891.227787198732 1239.0539604350924 188.45704637514427 3266.1359067112207 11.686215359717606 4.3243962880223981 1147.1870919754729 54188.948892951012 22.046390645205975 300.56971373781562 20.883509972714823 9.6909203160321322
leaf_count=248367 17601 22076 1145 1016181 25 291 109179 1086 62544 288397 33233 619 9054 27914 508 113470 135 339 114205 8900 38760 22759 902 63 9268 136240 75 2165 176 573
internal_value=0.000216163 0.0342897 0.000204824 0.00026455 0.00172949 0.00185997 0.000123237 0.0017542 0.000449931 0.000206741 -0.00259395 -0.00884479 -0.0123999 -0.00118606 0.00145612 -0.00108139 0.0351104 0.0410684 0.00199209 -0.00934322 -0.0406408 0.00337842 -0.00941217 -0.0441396 -0.016437 -0.00171626 0.0446025 0.00661125 0.0125378 -0.00215267
internal_weight=755044 251.196 754792 739022 65016.8 64817.2 674005 64657.2 530212 457989 15770.9 2899.13 2682.2 12871.8 8427.46 143793 216.935 200.198 72222.5 1273.43 199.605 7154.04 66.886 192.781 2212.39 97911 159.991 469.811 42.2606 30.5744
internal_count=2286250 41328 2244922 2128883 288667 249819 1840216 249453 1481327 1304578 116039 22725 21632 93314 60081 358889 1093 958 176749 9408 38848 50673 23727 38823 18322 245419 366 3310 1651 749
is_linear=0
shrinkage=0.05


Tree=112
num_leaves=31
num_cat=0
split_feature=24 60 10 16 18 8 14 21 22 72 10 72 72 38 5 16 18 18 18 8 8 8 18 19 11 22 21 23 21 60
split_gain=110.396 66.8379 49.9673 199.295 139.052 99.728 92.6668 112.161 90.1663 85.6157 58.2457 210.015 230.13 189.596 102.921 312.17 56.2524 116.575 103.826 54.1102 47.7499 46.4148 42.7941 39.2337 20.8797 19.7384 16.3711 22.2791 16.1811 15.8072
threshold=20988281.000000004 11252566.000000002 507.00000000000006 417234.63347117649 2.5000000000000004 30.522291757298429 2.9905794256523972 431156.83540620917 2998923.5000000005 2.8204063416721539 466.50000000000006 2.8204063416721539 0.80470039032964802 922.31578947368382 312.00000000000006 25371.344862363923 103886.50000000001 106511.50000000001 102543.50000000001 31.355762206162549 31.761866703180228 30.419493556522173 1.5000000000000002 8170981.5000000009 8.4494949494949534 2998549.5000000005 426847.82738209306 124531.50000000001 270941.98244573001 85459020.000000015
decision_type=2 2 2 2 2 2 2 2 2 2 2 2 2 2 2 2 2 2 2 2 2 2 2 2 2 2 2 2 2 2
left_child=2 -2 10 23 5 8 7 -6 -5 -8 14 12 28 -14 16 29 18 -18 -1 22 -21 -17 -13 26 -3 -7 -4 -28 -12 -16
right_child=1 24 3 4 6 25 9 -9 -10 -11 11 19 13 -15 15 21 17 -19 -20 20 -22 -23 -24 -25 -26 -27 27 -29 -30 -31
leaf_value=0.00021482339756302593 0.050139731620140161 -0.046788728689100993 -0.067098740407528334 -0.048072450110921393 -0.018920345111985849 0.12598106880998811 -0.018569044466809074 0.034692695568174413 0.0020168418644527695 0.041146659222908062 0.011381022349273337 -0.070193805450806543 -0.019606158155942632 0.01712795808794499 -0.038894443553351553 8.607887265282092e-05 0.0017263875045718435 -0.00018383354437971874 -0.0018402413466449186 0.033737956487989093 0.10040764008266967 -0.020121289997027759 0.030643200219283229 -0.082711546704380759 0.012149485511452967 0.026226523150922387 -0.019774754088806908 -0.050647283142421652 0.024980286194451803 -0.018243493465916638
leaf_weight=350293.66821078118 175.35290375188924 23.567334524472244 35.690291360020638 249.26410257071257 124.31028865277767 11.686586119234564 336.94064998626709 453.21714413166046 140.47991932928562 73.032951325178146 330.59041269123554 21.874819919466972 1313.4914273098111 479.48978739231825 673.2314779125154 3676.7277790084481 153432.15700071747 166585.52094121568 74538.709181366954 551.55851636081934 28.231571823358536 307.97215036302805 20.27267399430275 51.640751481056213 41.466996133560315 8.6140541136264783 161.76429806649685 91.487745225429535 646.46707168221474 107.45519329607487
leaf_count=1170870 17601 22076 144 1467 407 22 1097 1075 534 165 823 95 4889 1544 4255 17668 369650 477294 187013 1422 37 1174 51 216 1651 28 532 341 1525 584
internal_value=0.000205341 0.0340836 0.000194551 -0.00827326 8.48071e-05 -0.0243905 0.0102478 0.0231527 -0.0300182 -0.00793125 0.000214096 0.00675135 0.000856143 -0.0097825 0.000184516 -0.00714016 0.000231377 0.00073202 -0.000145747 0.0330079 0.0369843 -0.00147572 -0.0216919 -0.0425697 -0.00920872 0.0836528 -0.0353954 -0.0309275 0.0203789 -0.036052
internal_weight=754986 240.387 754746 1738.13 1397.55 410.045 987.501 577.527 389.744 409.974 753007 3391.98 2770.04 1792.98 749615 4765.39 744850 320018 424832 621.938 579.79 3984.7 42.1475 340.583 65.0343 20.3006 288.942 253.252 977.057 780.687
internal_count=2286250 41328 2244922 6028 4795 2051 2744 1482 2001 1262 2238894 10386 8781 6433 2228508 23681 2204827 846944 1357883 1605 1459 18842 146 1233 23727 50 1017 873 2348 4839
is_linear=0
shrinkage=0.05


Tree=113
num_leaves=31
num_cat=0
split_feature=24 60 59 24 21 27 19 52 38 31 23 24 57 32 3 23 11 37 45 61 19 7 57 16 16 52 57 13 59 54
split_gain=104.038 64.5141 47.9826 46.1162 79.9231 63.8545 64.5762 112.814 57.7332 357.07 125.237 45.7323 31.3587 29.9224 26.64 20.469 19.6734 17.0005 16.5931 17.6666 13.8441 9.28225 8.03401 6.22038 8.62012 2.53881 1.59953 0.414334 0.294776 0.0107315
threshold=20988281.000000004 11252566.000000002 24205664.475517396 4696323.0000000009 4146754.2648726553 21069.000000000004 26746.500000000004 255.50000000000003 922.31578947368473 28.000000000000004 146.50000000000003 23655.000000000004 12361.500000000002 1.028753863477446 2325.0000000000005 87.500000000000014 8.4494949494949534 4.4327331080291286 53.452380952380963 7103139.0000000009 8652310.5000000019 2.3888888888888897 4077432.5000000005 15642750.782822071 17277026.418543089 258.00000000000006 8106.5000000000009 233.82982528994827 6053773.3645459171 4673244.2714285729
decision_type=2 2 2 2 2 2 2 2 2 2 2 2 2 2 2 2 2 2 2 2 2 2 2 2 2 2 2 2 2 2
left_child=2 -2 3 5 12 8 11 -8 9 -1 -10 -7 13 -5 17 -14 25 18 22 -20 -6 29 -4 27 -25 -3 -22 -23 -27 -18
right_child=1 16 14 4 20 6 7 -9 10 -11 -12 -13 15 -15 -16 -17 21 -19 19 -21 26 23 -24 24 -26 28 -28 -29 -30 -31
leaf_value=0.00021161578562545687 0.050130694020419392 -0.050071855778625912 -0.049963357974846384 -0.037651200187361511 0.14111251271359154 0.031342855231675265 0.0054051634263536114 0.049909625400375919 -0.00048110411138812246 0.039521745842978628 -0.012312781428185385 -0.096206860226324728 0.065214395608888059 0.014685347022217167 0.04092721729871765 -0.057945183999190866 0.050181638941736328 -0.11270267346426882 -0.039529562592875662 0.0068586996714358949 0.05108526096726497 -0.055639331913366133 -0.0059575700791379416 0.088266565036129424 -0.00388910963660125 0.049921578292411818 -0.0031876936557647499 -0.10464412272134407 -0.0089322955873339435 0.054221714056417361
leaf_weight=740062.79112952156 166.83016311906977 21.572953402355783 70.291996136074886 230.43301815725863 4.8398683667182949 10.440958566963674 495.06607242114842 199.8903380073607 9954.0614600330591 578.12713491730392 2884.7162541355938 21.495953790843487 14.129755700007083 30.982207775115967 14.131013438105581 4.4317881129682055 8.9835507217794639 6.0646131560206404 34.579201921820641 50.4984977170825 19.568711504340175 3.3748210885096372 12.167045451467855 2.8406040631234672 23.782420970499516 0.68551960145123203 1.4587881416082371 0.4945411980152129 0.3085012948140502 2.0117904990911475
leaf_count=2133804 17601 22015 11957 1421 8 25 1633 419 55547 21664 17088 101 51 130 26 34 889 29 131 149 278 504 410 10 233 48 17 2 13 13
internal_value=0.000195072 0.0337536 0.000184805 0.000191094 -0.0192204 0.000198966 0.0150112 0.018206 0.000184676 0.0002423 -0.00313954 -0.0545077 -0.0269895 -0.0314484 -0.02509 0.0358086 -0.00890059 -0.0304638 -0.0274868 -0.0119955 0.0648689 0.0115361 -0.0434702 -0.00266577 0.00594365 -0.0464719 0.0473201 -0.0619026 0.0316559 0.0509208
internal_weight=754931 230.885 754700 754512 305.844 754207 726.893 694.956 753480 740641 12838.8 31.9369 279.977 261.415 187.732 18.5615 64.0547 173.601 167.537 85.0777 25.8674 41.4877 82.459 30.4924 26.623 22.567 21.0275 3.86936 0.994021 10.9953
internal_count=2286250 41328 2244922 2232220 1939 2230281 2178 2052 2228103 2155468 72635 126 1636 1551 12702 85 23727 12676 12647 280 303 1651 12367 749 243 22076 295 506 61 902
is_linear=0
shrinkage=0.05


Tree=114
num_leaves=31
num_cat=0
split_feature=24 60 60 5 3 24 33 18 4 16 56 57 57 61 58 57 54 14 18 58 11 54 72 60 37 7 58 60 0 28
split_gain=98.3559 61.9612 47.3319 135.925 78.63 75.6089 60.5225 60.178 133.083 93.1886 209.546 89.3516 170.481 97.889 84.3267 54.4494 77.9049 37.8515 32.8599 23.0472 18.6663 17.214 16.1241 14.8603 13.0747 8.89145 6.21775 11.2307 6.23029 5.88137
threshold=20988281.000000004 11252566.000000002 61689187.000000007 312.00000000000006 49.000000000000007 13663.000000000002 0.016177908721175003 2990792.0000000005 307.50000000000006 11560561.299198495 15012570.500000002 216963.50000000003 441.00000000000006 8016555.0000000009 61532463.000000007 15027716.000000002 14996665.500000002 0.45168927272822446 2987352.0000000005 83579888.500000015 8.4494949494949534 43317.000000000007 1.8033810695926482 61642025.500000007 4.4327331080291286 2.3888888888888897 86526320.000000015 85459020.000000015 90000342.000000015 2498.5000000000005
decision_type=2 2 2 2 2 2 2 2 2 2 2 2 2 2 2 2 2 2 2 2 2 2 2 2 2 2 2 2 2 2
left_child=2 -2 7 4 -4 6 -6 9 15 11 18 12 -1 -13 17 16 -9 -10 -11 -5 -3 -7 -17 -16 -12 -22 27 -21 -28 -27
right_child=1 20 3 19 5 21 -8 8 14 10 24 13 -14 -15 23 22 -18 -19 -20 26 25 -23 -24 -25 -26 29 28 -29 -30 -31
leaf_value=0.00021371003935290032 0.050121863868160005 -0.046435188516388427 -0.045492562844730411 -0.046877807532769114 0.00080409305356258327 0.021784508686144649 -0.0063886923356727193 0.0038768165711287523 -0.0089906564447756673 -0.0084121491568693342 -0.045752057747467628 0.017389119050890647 -0.016813574049209728 0.0003681007939827037 -0.030720170696087269 -0.0753231868561796 0.01903289605061954 0.035203648611130983 -0.00054578092865631867 -0.031154831315971212 0.050876717700346075 0.060825947341613597 -0.022369515617956776 -0.055287296196989279 -0.093254975102242843 0.012192381747730047 -0.061763694536024955 0.074108168522017459 -0.018059859043839967 -0.035354203511988994
leaf_weight=718267.27616635396 158.72102117229952 21.483267624105792 103.27787353179883 187.36214286834002 7337.13620980829 65.310939066112041 4862.9408437982202 11465.206030067289 332.91421539336443 2380.9864070611075 265.28393556643277 1583.731309582945 1473.0388485922012 1810.1806223718449 209.48133462667465 23.002758860588074 915.58272743225098 56.701448202133179 3000.6561635369435 5.3052202463150007 10.467923337593673 49.733644589781761 38.329553082585335 87.168282508850098 15.322103254497049 20.972688274690885 8.9428352713584882 4.8508418202400208 92.532864734530449 9.4276792916934919
leaf_count=2040903 17601 22076 29900 1437 18462 244 21371 47025 1860 20587 1041 11313 28484 10011 972 104 1986 282 7504 29 902 87 126 540 70 176 58 15 511 573
internal_value=0.00018536 0.033531 0.000175592 -0.00284893 -0.00204685 -0.0016825 -0.00206295 0.000227435 0.00358254 0.000166997 -0.00622245 0.000217027 0.000178862 0.00831077 -0.0178526 0.00476483 0.00499764 -0.00255898 -0.00402608 -0.0361626 -0.00870238 0.0386621 -0.0422299 -0.037939 -0.0483459 0.0111327 -0.0181782 0.019122 -0.0219114 -0.00255264
internal_weight=754863 221.073 754642 12717.4 12418.4 12315.1 12200.1 741925 13128.4 728796 5662.25 723134 719740 3393.91 686.265 12442.1 12380.8 389.616 5381.64 298.994 62.3516 115.045 61.3323 296.65 280.606 40.8683 111.632 10.1561 101.476 30.4004
internal_count=2286250 41328 2244922 72114 70064 40164 39833 2172808 52895 2119913 29202 2090711 2069387 21324 3654 49241 49011 2142 28091 2050 23727 331 230 1512 1111 1651 613 44 569 749
is_linear=0
shrinkage=0.05


Tree=115
num_leaves=31
num_cat=0
split_feature=24 60 0 22 16 30 23 23 56 72 23 72 72 22 56 59 23 54 23 1 32 26 25 22 72 22 19 11 22 23
split_gain=92.9661 59.5143 47.2299 93.4528 76.6568 53.3569 175.172 271.746 138.09 121.338 96.2402 92.1881 89.9808 86.1242 73.4924 79.8539 69.6701 47.9741 84.0796 51.6041 35.7271 31.7348 38.9795 26.5198 23.75 21.1229 18.1034 17.6014 16.4621 16.4317
threshold=20988281.000000004 11252566.000000002 119839450.00000001 1109904.5000000002 152380.40665225682 138.00000000000003 746065.00000000012 748061.00000000012 15006732.000000002 0.18382179680418678 743247.50000000012 0.1737934977804505 0.1764279436744616 3624132.5000000005 14992250.000000002 16034008.039272441 2993107.5000000005 8185921.7500000009 2990139.0000000005 99.500000000000014 1.1669937798946075 2543.5590831928653 171.91666666666669 1109150.5000000002 0.17838312096432979 1095600.0000000002 119160113.50000001 8.4494949494949534 1095600.0000000002 747907.50000000012
decision_type=2 2 2 2 2 2 2 2 2 2 2 2 2 2 2 2 2 2 2 2 2 2 2 2 2 2 2 2 2 2
left_child=2 -2 5 20 -5 8 9 12 14 10 -7 -9 -8 -11 15 -1 -16 19 -19 -10 23 22 -6 28 25 -22 -26 -3 -4 -25
right_child=1 27 3 4 21 6 7 11 17 13 -12 -13 -14 -15 16 -17 -18 18 -20 -21 24 -23 -24 29 26 -27 -28 -29 -30 -31
leaf_value=0.00012714418887880443 0.050113212818857091 -0.046090182039056134 0.000707596208587018 0.071117660001927804 -0.0031433770010553391 0.027878858463544921 -0.00041529782856577807 0.033220537012895152 -0.0050855682606623619 -0.0024437515762718263 0.0080503995934259089 0.0067737836146203219 -0.011892469450026791 0.023049266962656381 0.0024514975831125552 -0.028887226110352535 0.015430970861125718 -0.026496711616422298 -0.0031715901432488795 0.045272513581236629 -0.039307738565511029 0.059824377365818762 -0.052747711366481313 -0.088834671980527677 -0.060511521662578109 0.0055596194154468462 -0.029570006006042395 0.010777599371337083 0.061096046707554502 0.016054951449067462
leaf_weight=729027.10497507197 151.00551105244085 20.584696275996976 37.980192808434367 35.132043287158012 1074.5113430505153 1342.3301721960306 3142.1440109610558 354.51103448867798 571.15242097107694 1702.8220636835322 1124.6866776496172 4672.6238958835602 3740.8709980100393 411.32912881858647 3616.8946071211249 237.21979524707422 1447.7109272927046 941.2038595629856 655.37419438362122 55.847198923584074 57.154884874820709 19.221949137747288 41.119401454925537 11.064469784498216 117.89442451298237 48.484935536980629 78.918092858046293 40.139300209353678 16.056445926427841 5.6356858611106864
leaf_count=2152621 17601 22076 609 49 4731 2764 7874 694 3645 5059 2631 11041 10030 1147 9400 20357 3147 5624 1709 222 193 49 403 45 444 124 271 1651 26 13
internal_value=0.000176083 0.033303 0.000166788 -0.0085715 -0.00162233 0.000184695 0.00299743 -0.000198547 0.000121718 0.0113064 0.0188393 0.0086388 -0.00665306 0.00251617 0.000159391 0.000117706 0.00616166 -0.0123196 -0.0169221 -0.000600146 -0.0303578 -0.00387417 -0.00497167 0.00163185 -0.0378395 -0.0187152 -0.0481046 -0.00849989 0.0186514 -0.0534383
internal_weight=754799 211.73 754587 1543.17 1169.98 753044 16491.3 11910.1 736553 4581.17 2467.02 5027.13 6883.02 2114.15 734329 729264 5064.61 2223.58 1596.58 627 373.189 1134.85 1115.63 70.7368 302.452 105.64 196.813 60.724 54.0366 16.7002
internal_count=2286250 41328 2244922 6957 5232 2237965 41240 29639 2196725 11601 5395 11735 17904 6206 2185525 2172978 12547 11200 7333 3867 1725 5183 5134 693 1032 317 715 23727 635 58
is_linear=0
shrinkage=0.05


Tree=116
num_leaves=31
num_cat=0
split_feature=24 60 28 15 31 16 16 33 14 14 14 45 28 25 25 24 17 28 27 28 14 22 45 11 13 1 4 7 16 16
split_gain=87.5175 57.4897 45.7196 55.5392 136.84 101.252 87.0337 68.3983 76.3291 71.6659 69.7597 50.6356 162.289 75.5041 61.7441 63.9856 39.5067 32.5326 35.7712 28.567 28.4298 28.2459 16.7766 16.5844 13.359 12.64 9.64277 8.76661 5.86447 7.61543
threshold=20988281.000000004 11252566.000000002 2421.5000000000005 95323.500000000015 1.0000000180025095e-35 11225.320151336444 93.082525593514518 9.9715312784486105 20.490018800129914 19.664039879148103 19.252891544094748 68.583333333333357 3601.0000000000005 2568.2500000000005 2634.2500000000005 3190.5000000000005 100914.50000000001 4561.5000000000009 4066.5000000000005 2863.5000000000005 314.95244177624551 14147148.000000002 63.750000000000007 8.2554347826087007 446.92510450566431 4.5000000000000009 85.000000000000014 2.3888888888888897 15642750.782822071 17277026.418543089
decision_type=2 2 2 2 2 2 2 2 2 2 2 2 2 2 2 2 2 2 2 2 2 2 2 2 2 2 2 2 2 2
left_child=2 -2 3 4 21 6 -6 9 24 10 -5 12 13 26 -13 19 -11 18 -14 -16 -17 -1 -15 -3 -9 -7 -4 -25 -29 -30
right_child=1 23 11 7 5 25 -8 8 -10 16 -12 14 17 22 15 20 -18 -19 -20 -21 -22 -23 -24 27 -26 -27 -28 28 29 -31
leaf_value=-0.049253059082699058 0.050104703381327477 -0.046094311898793289 -0.025779655712507274 0.00054218082890339131 0.0031676679475925958 0.054342421716219419 -0.0031306738554312112 -0.0012602453734757648 0.00047725916771578999 0.00040489622811768942 -0.0008468910174424005 -0.0059484343883538723 0.018965175566583059 -0.038257354735198756 0.00063108286980909827 -0.053738168882105225 0.0029324506516842774 -0.035266961102403703 0.060931376924911795 0.0071532753613073362 -0.0067062969137919801 0.073893583188378395 -0.014982395324002694 0.050825359768520019 -0.0025037547954232802 0.0095922536774385742 0.007804246962849321 -0.060780636579866133 0.081411856999527868 -0.00425681513353195
leaf_weight=146.86459272529464 143.66466799844056 19.483998817449901 22.440002876333892 342194.9705079071 32130.389976887032 104.2056367136538 6614.0631829155609 65756.432375808479 71838.369378765579 25328.57529611513 122827.45931281173 4427.0453177541494 111.48140629380941 80.37642583809793 3891.9560533240438 32.805704433470964 39679.461788467364 16.323311969637871 93.253079739399254 2952.4901750087738 1563.1645773798227 4.808863916900008 2106.3940550610423 9.9451452214270812 32161.988641738892 18.595538541674614 449.7931561768055 3.8661647163680781 2.9130399562418487 23.694960823282599
leaf_count=43275 17601 21869 237 1016266 134352 240 47206 164426 176917 62544 306098 33233 619 1016 27914 508 96504 135 339 20376 11283 17 17306 908 80993 45 3073 707 10 233
internal_value=0.0001673 0.0329469 0.000158456 0.000215278 0.00205118 0.00223615 0.00209248 0.000112912 -0.000760555 0.000392663 0.000175282 -0.00250739 -0.0085003 -0.0119225 -0.00116603 0.00134237 0.00194766 0.032664 0.0380801 0.00344456 -0.00767305 -0.0453486 -0.0158379 -0.0082021 -0.00166868 0.047566 0.00620838 0.0100637 -0.00323871 0.00512218
internal_weight=754757 203.568 754554 738806 39018.9 38867.3 38744.5 699787 169757 530030 465022 15747.5 2880.06 2659 12867.5 8440.42 65008 221.058 204.734 6844.45 1595.97 151.673 2186.77 59.9033 97918.4 122.801 472.233 40.4193 30.4742 26.608
internal_count=2286250 41328 2244922 2128883 225135 181843 181558 1903748 422336 1481412 1322364 116039 22725 21632 93314 60081 159048 1093 958 48290 11791 43292 18322 23727 245419 285 3310 1858 950 243
is_linear=0
shrinkage=0.05


Tree=117
num_leaves=31
num_cat=0
split_feature=24 60 32 17 70 13 28 28 23 32 3 33 72 18 22 31 28 14 56 7 33 16 3 18 33 18 11 7 16 16
split_gain=82.6227 55.2912 44.2735 152.447 124.688 103.297 74.4697 104.047 64.4984 265.13 228.632 228.015 117.845 189.634 139.05 101.022 95.5039 56.7147 53.4584 39.891 38.1186 37.1235 32.5223 26.7246 19.4186 26.2503 15.6288 8.38307 5.57132 6.6913
threshold=20988281.000000004 11252566.000000002 9.3229227364804022 105761.50000000001 0.63333333333333341 413.29106493808155 111.50000000000001 84.500000000000014 1.0000000180025095e-35 6.383381068772513 313.50000000000006 0.16617371235339312 0.1764279436744616 744158.00000000012 1109602.5000000002 1.0000000180025095e-35 26.500000000000004 17.777856818919453 5895207.5000000009 47.500000000000007 0.016264847618418756 1949.3742458351016 141.50000000000003 106197.50000000001 51315.789473684214 1.0000000180025095e-35 8.2554347826087007 2.4949494949494957 15642750.782822071 17277026.418543089
decision_type=2 2 2 2 2 2 2 2 2 2 2 2 2 2 2 2 2 2 2 2 2 2 2 2 2 2 2 2 2 2
left_child=2 -2 8 4 6 -5 7 -4 10 12 15 20 13 -10 -14 18 -13 -17 -1 23 -12 -8 -11 -7 -6 -26 -3 -28 -29 -30
right_child=1 26 3 5 24 19 21 -9 9 22 11 16 14 -15 -16 17 -18 -19 -20 -21 -22 -23 -24 -25 25 -27 27 28 29 -31
leaf_value=-0.044767795924410395 0.050096301223699714 -0.04572307464354422 2.7639633714221152e-05 0.00027988717691521293 -0.050117145946343172 0.0028348524688177001 -0.036757886176767118 0.027191961898986344 0.02864077540094332 -0.051161047378357895 -0.031439548089561571 -0.0024936398752340942 -0.0079442314420836175 0.0036173984814075405 0.00078698556156612067 0.0017423984951895238 -0.061942698247737737 -0.0011863726460274195 -0.010940538178244546 0.053523888571789829 -0.057674092133911864 0.0072064759090065336 0.072031696729483646 0.0052186824278328183 -0.05859417577911924 0.18398268923849864 0.050731253588931963 -0.060705596278969223 0.075363250399093917 -0.004050578507933611
leaf_weight=182.22618960216641 136.6804024882149 18.680503639974631 488561.05140519864 37058.077533386531 137.765981832752 31797.582492083311 203.64735909318551 352.7664911095053 829.41021545673721 5.5641103587113312 706.6947907730937 1576.5024035274982 5290.2148917436134 8686.5487062673783 33033.985594774364 19547.852100644261 70.581706129014492 107058.07001599576 325.2704589292407 40.231766447424889 172.20064531266689 62.830350339412689 144.1771901845932 18654.60368193686 2.3668904155492774 2.1090075471438468 9.4871041364967805 3.6893655967433032 2.9874808378517654 23.657318187877536
leaf_count=44996 17601 21869 1267666 94955 34530 75340 3528 1497 3565 1821 4669 6733 23870 34083 174198 51928 403 367825 7320 93 1427 668 213 43531 36 27 910 705 10 233
internal_value=0.000158919 0.0326859 0.000150505 0.000363039 1.92268e-05 0.00228462 3.2837e-05 4.72395e-05 -0.000539726 0.00102623 -0.00111941 -0.0160148 0.000818313 0.00579843 -0.000418258 -0.000823415 -0.00504118 -0.000734173 -0.0230868 0.00375596 -0.0365796 -0.0263919 0.0674541 0.00371627 -0.0467872 0.0557061 -0.0079909 0.00970958 -0.00312007 0.0048535
internal_weight=754698 195.182 754502 576873 489323 87550.5 489180 488914 177629 47989.9 129639 2525.98 47840.2 9515.96 38324.2 127113 1647.08 126606 507.497 50492.4 878.895 266.478 149.741 50452.2 142.242 4.4759 58.5018 39.8213 30.3342 26.6448
internal_count=2286250 41328 2244922 1521871 1307952 213919 1273359 1269163 723051 237750 485301 13232 235716 37648 198068 472069 7136 419753 52316 118964 6096 4196 2034 118871 34593 63 23727 1858 948 243
is_linear=0
shrinkage=0.05


Tree=118
num_leaves=31
num_cat=0
split_feature=24 60 60 5 3 24 33 54 58 56 30 56 18 16 72 54 18 72 3 58 54 17 11 1 7 58 60 0 61 19
split_gain=77.9749 53.1909 43.6983 117.244 72.259 68.0085 54.4252 52.5746 116.905 102.692 65.3625 64.7686 57.3375 51.6339 51.4396 47.9636 29.7231 31.6051 24.8378 23.0858 17.2472 17.1649 14.7191 10.9342 8.01552 5.78189 9.99242 6.13623 5.56867 41.2823
threshold=20988281.000000004 11252566.000000002 61689187.000000007 312.00000000000006 49.000000000000007 13663.000000000002 0.016177908721175003 21425789.500000004 6257859.1428571437 15006732.000000002 138.00000000000003 14993142.500000002 2990792.0000000005 2971760.2923464351 3.9875729169863692 5360639.7500000009 748534.00000000012 4.0399813815162444 3375.0000000000005 83579888.500000015 43317.000000000007 45977095.500000007 8.2554347826087007 106.50000000000001 2.3888888888888897 86526320.000000015 85459020.000000015 90000342.000000015 5446728.0000000009 84983285.000000015
decision_type=2 2 2 2 2 2 2 2 2 2 2 2 2 2 2 2 2 2 2 2 2 2 2 2 2 2 2 2 2 2
left_child=2 -2 7 4 28 6 -6 9 18 11 15 14 -13 -12 -1 -11 17 -10 -9 -5 -7 -18 -3 -20 -24 26 -21 -27 29 -4
right_child=1 22 3 19 5 20 -8 8 16 10 13 12 -14 -15 -16 -17 21 -19 23 25 -22 -23 24 -25 -26 27 -28 -29 -30 -31
leaf_value=0.00018412887776111898 0.050087969194212489 -0.045323381861193682 0.29675099120232656 -0.045542120621983172 0.00066046718911094303 0.020225997419152063 -0.0061640694250786124 -0.022940135137266303 -0.0023527766727955372 0.0079477514333848084 0.052672948452855951 0.00058885094066954955 0.012131070514590343 -0.022806689319168266 -0.021093063776522529 -0.014908819861281642 0.038889529307618798 0.09026319907403757 0.072485735373558333 -0.029142520817456836 0.059721776017225052 -0.026007587053032119 0.050754471980047171 0.0449705487883795 -0.0029713903420005914 -0.060723999891377473 0.070505712322458142 -0.016118983534612927 -0.048524339575123775 -0.050607681329466907
leaf_weight=734034.56020362303 130.03550978208659 17.92226151941577 0.99168726406060059 177.36046150326729 7335.2232454493642 65.714337892830372 4855.0586845204234 10.428440977819262 543.19217522069812 260.38440765719861 70.442490547895432 2164.1360925650224 2139.8831323087215 33.401038989424706 284.16942882933654 1936.6497447793372 77.347102543339133 9.3702816963195783 63.803073823451996 5.1178499460220319 47.70902606844902 11.734797477722166 9.0115054640918952 83.175459399819374 30.234555249102414 8.4340091049671155 4.9481101185083389 89.86213518679142 89.380936998175457 6.2220381507650018
leaf_count=2140566 17601 21869 203 1437 18462 244 21371 114 1517 1295 117 5874 4788 95 8271 9744 148 11 87 29 87 33 908 148 950 58 15 511 28767 930
internal_value=0.00015095 0.0324163 0.000142944 -0.00276681 -0.00203718 -0.00169899 -0.00205756 0.000192711 0.0130112 0.000178887 -0.0103678 0.000211741 0.00632744 0.0283951 0.000175895 -0.0121999 0.00353869 -0.000782207 0.0516243 -0.034433 0.036839 0.0303406 -0.00777987 0.0569148 0.0093649 -0.0162502 0.0198414 -0.0199462 -0.0451138 -0.00285549
internal_weight=754596 187.204 754409 12686 12400.3 12303.7 12190.3 741723 799.051 740924 2300.88 738623 4304.02 103.844 734319 2197.03 641.644 552.562 157.407 285.723 113.423 89.0819 57.1683 146.979 39.2461 108.362 10.066 98.2961 96.5947 7.21373
internal_count=2286250 41328 2244922 72114 70064 40164 39833 2172808 2058 2170750 11251 2159499 10662 212 2148837 11039 1709 1528 349 2050 331 181 23727 235 1858 613 44 569 29900 1133
is_linear=0
shrinkage=0.05


Tree=119
num_leaves=31
num_cat=0
split_feature=24 60 0 17 21 33 31 54 72 23 23 23 72 16 32 13 17 72 23 19 2 54 55 23 20 20 32 21 11 16
split_gain=73.5363 51.2057 42.4033 86.3879 48.1529 45.8575 171.132 215.496 157.897 104.943 88.4365 95.606 58.9388 50.9207 50.9171 86.0667 66.8669 38.0748 33.595 31.6805 35.1809 35.122 51.53 24.266 22.0829 19.3548 17.704 16.6961 13.8566 11.9525
threshold=20988281.000000004 11252566.000000002 119839450.00000001 1124575.5000000002 152707.15065526144 0.0092189661477217032 1.0000000180025095e-35 1902987.3333333335 2.1191949551170413 748153.00000000012 746363.00000000012 201882.00000000003 0.17429969251038585 150177.75941583375 10.501829944157278 677517.21841647755 100272.50000000001 0.1775347995104529 748105.50000000012 119922611.00000001 4.5000000000000009 13521.250000000002 2710414.8349519824 748803.50000000012 855451.44244604313 2217557.6000000006 1.1669937798946075 152989.94708702315 8.2554347826087007 207172.61905103244
decision_type=2 2 2 2 2 2 2 2 2 2 2 2 2 2 2 2 2 2 2 2 2 2 2 2 2 2 2 2 2 2
left_child=2 -2 5 4 24 9 7 25 -9 10 11 -1 -12 23 16 -16 -8 -15 26 20 27 29 -23 -11 -4 -7 -6 -5 -3 -21
right_child=1 28 3 19 18 6 14 8 -10 13 12 -13 -14 17 15 -17 -18 -19 -20 21 -22 22 -24 -25 -26 -27 -28 -29 -30 -31
leaf_value=0.00098910283035510082 0.050079670665289969 -0.044893892102199996 -0.036142730516511415 0.022822594520496457 -0.010879438219457754 -0.048022531741438002 -0.00074701174929132517 0.025144925854674711 -0.029437166798543586 0.022436073544085767 0.015233605966894166 0.013020663005858989 -0.0058825292793297183 -0.003735871123629492 0.0031949195655474765 -0.0050108103313088797 0.00034232573654486892 0.015842444302693527 0.0076798423123543543 -0.12924876665952276 0.096713980227923324 0.042911550426154119 -0.038026196920398742 0.066016363959242277 0.03446194302924712 -0.029233940694654809 -0.037533669673738008 0.00081297753475819833 0.0090187454120662768 -0.045848449673625363
leaf_weight=5591.6731627560221 123.71359094372019 17.207230037311092 14.431651711463926 97.790615950128995 74.559602901339531 352.68021203717217 194033.07761987741 326.98062053823378 222.76941021601669 706.26384508609772 358.85326486825943 2342.9717588893836 4175.7680892450735 447.71095527836587 25626.269378582016 3650.7513276729733 514175.63668180816 557.6194474544609 56.676415383815765 4.7153474837541571 10.232896402478216 36.516094439895824 42.614585610106587 33.454796287696809 47.608836650848389 224.20869438373484 378.83994947746396 724.76513445540331 38.776032902416773 48.306868337793276
leaf_count=40749 17601 21869 46 830 210 109056 583607 7108 6584 1483 819 5736 10852 5677 108034 23935 1291265 3778 136 25 39 299 303 82 95 39200 1307 3065 1858 602
internal_value=0.000143411 0.0321249 0.000135793 -0.00816046 -0.0235548 0.000152732 9.85961e-05 -0.0193735 0.0030272 0.00296575 0.00135857 0.00454183 -0.00421148 0.0144499 0.000128343 0.00217169 4.3872e-05 0.00712349 -0.0286137 0.000966858 0.00457585 -0.021776 -0.000676203 0.0244071 0.0180381 -0.0407203 -0.0331505 0.00342962 -0.00755205 -0.0532654
internal_weight=754543 179.697 754364 1537.06 572.116 752827 738612 1126.64 549.75 14214.3 12469.3 7934.64 4534.62 1745.05 737486 29277 708209 1005.33 510.076 964.942 832.789 132.153 79.1307 739.719 62.0405 576.889 453.4 822.556 55.9833 53.0222
internal_count=2286250 41328 2244922 6957 1794 2237965 2168789 161948 13692 69176 58156 46485 11671 11020 2006841 131969 1874872 9455 1653 5163 3934 1229 602 1565 141 148256 1517 3895 23727 627
is_linear=0
shrinkage=0.05


Tree=120
num_leaves=31
num_cat=0
split_feature=24 60 10 16 18 8 14 21 72 72 10 16 72 38 5 16 8 19 23 57 23 8 19 22 21 23 60 21 11 7
split_gain=69.1131 49.5113 41.4108 180.217 127.533 89.3368 85.0298 100.74 84.9382 77.3039 53.936 193.598 193.423 151.957 77.7164 246.398 49.282 47.4762 43.7261 62.6354 60.1088 41.4589 36.8883 16.8437 15.36 20.6367 15.2716 13.9118 13.0258 8.73228
threshold=20988281.000000004 11252566.000000002 507.00000000000006 417234.63347117649 2.5000000000000004 30.522291757298429 2.9905794256523972 431156.83540620917 2.8176851448239035 2.8204063416721539 466.50000000000006 995820.26851541793 0.80470039032964802 922.31578947368382 312.00000000000006 25371.344862363923 31.761866703180228 6001674.5000000009 2993107.5000000005 15027716.000000002 2985461.5000000005 30.419493556522173 8170981.5000000009 2998549.5000000005 426847.82738209306 124531.50000000001 85459020.000000015 270941.98244573001 7.5683229813664612 2.3888888888888897
decision_type=2 2 2 2 2 2 2 2 2 2 2 2 2 2 2 2 2 2 2 2 2 2 2 2 2 2 2 2 2 2
left_child=2 -2 10 22 5 8 7 -6 -5 -8 14 12 27 -14 18 26 17 -13 20 -20 -1 -17 24 -7 -4 -26 -16 -12 -3 -30
right_child=1 28 3 4 6 23 9 -9 -10 -11 11 16 13 -15 15 21 -18 -19 19 -21 -22 -23 -24 -25 25 -27 -28 -29 29 -31
leaf_value=0.00017377643198324987 0.050071360470352259 -0.047438655031070434 -0.064493999996770843 -0.050882996719709833 -0.017582433058159031 0.11604736941013452 -0.017379384587710666 0.033362774923193457 -0.0037807694926813261 0.039755227514835186 0.011126832338135441 0.042525244241353483 -0.016317915790222414 0.015811277827302558 -0.035855774413086378 9.3955806482416972e-05 0.10152194841063589 0.0095888302740153725 0.00705045186668532 -0.051098364911533127 -0.0049949550914111934 -0.019015915127996767 -0.079811684494253354 0.024730134819095282 -0.018403488485845595 -0.048280405813406008 -0.015020777502447425 0.023731594802509266 0.050687323756431903 -0.0050517433390005109
leaf_weight=735772.95785287803 117.69904934981605 14.789788503432645 35.024620369076729 203.57356857508421 123.53650309145451 12.052995055913927 337.81586720049381 452.3653257638216 180.63809284567833 71.7829819470644 330.66033717989922 317.86218938976526 1402.6571455821395 498.90692147612572 629.65179468505085 3676.0605554580688 26.254857152700424 166.83935049921274 2987.0640805939911 47.039618641138077 5668.1696627931669 307.56599500775337 50.544894218444824 8.6909632980823499 160.72250507771969 90.253761529922485 102.23007220029831 647.68422251939774 9.0431786151602847 31.51111860742094
leaf_count=2162202 17601 20106 144 1313 407 22 1097 1075 688 165 823 758 5110 1591 4255 17668 33 546 27764 194 14667 1174 216 28 532 341 584 1525 940 2681
internal_value=0.000136224 0.0317316 0.000128976 -0.00760464 0.000341665 -0.0232809 0.0100485 0.0224345 -0.0287378 -0.00736643 0.000146723 0.00643851 0.00140619 -0.00788829 0.000118246 -0.00628044 0.0348022 0.0311882 0.000158775 0.00614893 0.000134263 -0.00138147 -0.0404352 0.0777888 -0.0334762 -0.0291475 -0.0329455 0.0194714 -0.00727122 0.00737748
internal_weight=754482 173.043 754309 1727 1390.46 404.956 985.501 575.902 384.212 409.599 752582 3390.87 2879.91 1901.56 749191 4715.51 510.956 484.702 744475 3034.1 741441 3983.63 336.546 20.744 286.001 250.976 731.882 978.345 55.3441 40.5543
internal_count=2286250 41328 2244922 6028 4795 2051 2744 1482 2001 1262 2238894 10386 9049 6701 2228508 23681 1337 1304 2204827 27958 2176869 18842 1233 50 1017 873 4839 2348 23727 3621
is_linear=0
shrinkage=0.05


Tree=121
num_leaves=31
num_cat=0
split_feature=26 52 27 27 19 4 27 60 5 72 24 28 58 18 32 56 57 26 72 72 28 18 61 9 26 24 28 28 60 1
split_gain=65.5185 71.1232 43.0985 75.296 64.9207 76.0026 48.6626 45.393 100.362 55.135 40.9276 40.5186 39.3355 38.657 30.9002 53.3481 46.0829 16.3468 15.9469 14.5058 19.9164 14.2506 12.9021 10.3815 9.37527 5.50226 7.34907 6.20412 5.3942 2.85614
threshold=4148397.033142976 258.00000000000006 4029514.0000000005 21069.000000000004 26746.500000000004 7231.5000000000009 9303.5000000000018 61689187.000000007 312.00000000000006 2.8204063416721539 23655.000000000004 32.500000000000007 8308745.5000000009 1.0000000180025095e-35 1.028753863477446 1247.5000000000002 1966.5000000000002 7184.3443389613703 2.8289876302002539 3.3148616704856528 24.500000000000004 1.5000000000000002 26690996.000000004 2713.0000000000005 26838.565811591568 28996739.500000004 2289.5000000000005 2208.5000000000005 8473216.5000000019 102.50000000000001
decision_type=2 2 2 2 2 2 2 2 2 2 2 2 2 2 2 2 2 2 2 2 2 2 2 2 2 2 2 2 2 2
left_child=2 22 3 6 10 24 7 9 -9 -1 -5 -7 14 18 15 -4 -17 -15 -8 21 -21 -16 29 -12 -6 -24 27 -27 -14 -2
right_child=1 -3 12 4 5 11 13 8 -10 -11 23 -13 28 17 19 16 -18 -19 -20 20 -22 -23 25 -25 -26 26 -28 -29 -30 -31
leaf_value=0.00015306873306853612 -0.052153147824021057 0.050148886516301561 -0.061880861139091907 0.030058412375902711 0.03479114288857324 0.018049559811403309 -0.012794088217254166 -0.0021899729455899498 -0.032815893246858435 0.0089164400061832096 -0.066951979634413517 -0.019425403102196231 0.12879486452952063 -0.050880714622640648 -0.001128203681475553 0.049967088429752116 -0.024363071934555704 -0.004582300803116602 0.029013931931196751 -0.00027925101058506868 -0.05774393554343258 0.055183596754673818 0.074266447636767749 -0.14114341636274336 0.056774619452025658 0.0027349416016336637 -0.026180784199002168 0.089191627829574099 0.019917831985784274 0.051837981943184896
leaf_weight=738669.14524827711 21.35016642941628 128.15273564960808 83.690943434776273 10.360399834811689 88.319915875792503 284.12104903161526 88.469865504652262 12288.534420939861 273.45591074228287 1799.2098545683548 14.658038564026358 96.671167336404324 5.1188761442899695 99.227749574929476 26.479178637266159 24.939258601050824 127.23653865110828 23.599486418068409 30.731333523988724 78.478985294699669 18.664153188467026 19.515282645821571 2.4306939393281963 6.9510698914527884 107.56643774267286 6.7159973069792631 15.259118557209147 3.0027838678797707 1.4626770124305037 0.68134992569684882
leaf_count=2142379 22484 17878 552 25 207 790 638 69781 2050 24766 70 340 10 942 121 153 824 116 133 331 98 53 8 31 1070 89 209 9 84 9
internal_value=0.0001294 0.0304954 0.000122251 0.000130798 0.0177099 0.0215548 0.000116594 0.000123799 -0.00285665 0.000174362 -0.051645 0.00853585 -0.0165898 -0.0222997 -0.0186943 -0.029816 -0.0121815 -0.0419851 -0.00201554 -0.00036753 -0.01132 0.0227647 -0.0204479 -0.0908174 0.0468629 0.00245231 -0.0045362 0.0294472 0.104598 -0.0489371
internal_weight=754444 177.593 754267 753881 608.648 576.679 753272 753030 12562 740468 31.9695 380.792 385.586 242.028 379.004 235.867 152.176 122.827 119.201 143.138 97.1431 45.9945 49.4401 21.6091 195.886 27.4086 24.9779 9.71878 6.58155 22.0315
internal_count=2286250 40686 2245564 2243338 2533 2407 2240805 2238976 71831 2167145 126 1130 2226 1829 2132 1529 977 1058 771 603 429 174 22808 101 1277 315 307 98 94 22493
is_linear=0
shrinkage=0.05


Tree=122
num_leaves=31
num_cat=0
split_feature=26 52 32 70 33 16 28 28 17 14 13 0 18 4 27 28 16 4 24 33 22 33 18 61 0 17 52 58 28 25
split_gain=61.8605 67.8944 41.0495 114.595 102.958 81.6969 75.4317 83.9955 67.7434 71.1089 114.935 55.8433 50.7815 49.4421 43.688 36.5595 35.6964 29.4544 28.9092 28.6534 25.1342 18.5253 21.3931 12.4304 11.279 9.05919 7.28749 5.32026 5.45755 7.04611
threshold=4148397.033142976 258.00000000000006 10.341956801922974 0.63333333333333341 9.9715312784486105 11225.320151336444 111.50000000000001 84.500000000000014 101852.50000000001 19.252891544094748 412.84511272049372 2333.5000000000005 102543.50000000001 21.500000000000004 2266.5000000000005 6176.5000000000009 1949.3742458351016 93.000000000000014 1634.5000000000002 9.9086914089123308 14147148.000000002 51315.789473684214 1.0000000180025095e-35 26690996.000000004 101531.50000000001 100552.50000000001 258.00000000000006 111037773.00000001 2289.5000000000005 14634754.937500002
decision_type=2 2 2 2 2 2 2 2 2 2 2 2 2 2 2 2 2 2 2 2 2 2 2 2 2 2 2 2 2 2
left_child=2 23 4 5 8 6 7 -4 19 10 -10 14 -11 26 18 -15 -8 -16 -6 24 21 -5 -23 -2 -1 -21 -13 28 -25 -30
right_child=1 -3 3 20 11 -7 16 -9 9 12 -12 13 -14 15 17 -17 -18 -19 -20 25 -22 22 -24 27 -26 -27 -28 -29 29 -31
leaf_value=0.0030401767733360128 -0.048864511458655592 0.05012625719635079 0.0012749183488916336 -0.050163211093443072 0.029641124076249827 0.048628407094667286 -0.036046156001648413 0.025605809016633688 -0.00042335154360014594 0.00044137122212765912 0.0014108857198566935 -0.050922439057350936 -0.0017544818172530816 -0.0012445994545732665 0.023646698125835731 -0.049493713226670281 0.0072297960946229242 0.0073004468639823183 -0.0045644178432729821 0.0015125035210897565 0.069335067003190004 -0.05796891332903982 0.15787181876416256 0.039525352117339096 0.0014413048042903312 -0.0003982599743288854 0.054412542763502304 -0.079544367568487928 0.068084127864498883 -0.02284670985017552
leaf_weight=30497.130866063759 20.987386651686393 121.95631467597559 69231.706307285 136.45142624794971 65.814881650730968 91.296401403844357 197.11297507793643 356.5422045327723 176626.542550902 40847.378605396021 165363.83881224692 55.389741789316759 74078.520445402944 150769.37744060531 333.59782280027866 39.271231736987829 62.842779699712992 1584.6768921017647 1005.2944080894813 10549.936936940299 4.8146820985712102 2.254838445223867 2.3387487041763961 9.018169853719888 17279.952862000093 15055.740733059822 1.6921622939407814 1.8498691208660591 2.5164907872676858 13.886913695605472
leaf_count=76317 22493 17878 230279 38484 379 237 3528 1497 610067 100874 406821 3577 185786 465884 1148 605 666 8124 5610 25878 19 36 27 88 42377 37339 5 24 8 195
internal_value=0.000122928 0.0302619 0.000116127 0.0012686 -1.9341e-06 0.00136093 0.00129915 0.00139958 0.00032845 0.000101974 0.000463564 -0.00114068 -0.000974024 -0.00127477 0.00562644 -0.00125716 -0.0255844 0.0101431 -0.00246264 0.0017386 -0.0430037 -0.0468384 0.0519228 -0.0199378 0.0024619 0.000389004 -0.0477998 0.0023234 0.00828073 -0.00889676
internal_weight=754410 170.215 754240 70085.4 684154 69939.5 69848.2 69588.2 530299 456916 341990 153855 114926 150866 2989.38 150809 259.956 1918.27 1071.11 73382.8 145.86 141.045 4.59359 48.2588 47777.1 25605.7 57.0819 27.2714 25.4216 16.4034
internal_count=2286250 40686 2245564 274773 1970791 236207 235970 231776 1485459 1303548 1016888 485332 286660 470071 15261 466489 4194 9272 5989 181911 38566 38547 63 22808 118694 63217 3582 315 291 203
is_linear=0
shrinkage=0.05


Tree=123
num_leaves=31
num_cat=0
split_feature=24 60 72 54 58 56 30 56 18 54 16 18 18 3 23 3 22 23 18 1 62 23 22 11 56 7 54 23 28 58
split_gain=58.5252 43.9928 39.5217 41.9779 112.459 88.2016 62.4058 60.7157 50.006 44.0545 42.0838 41.377 31.8416 28.2409 28.0049 23.0859 20.1706 18.5093 17.1511 15.2535 22.7974 18.2928 11.7068 11.2773 10.6336 6.6952 5.36499 5.16229 4.94975 4.69394
threshold=20988281.000000004 11252566.000000002 3.9875729169863692 21425789.500000004 6257859.1428571437 15006732.000000002 138.00000000000003 14993142.500000002 2990792.0000000005 4077830.5000000005 2971760.2923464351 107363.50000000001 748534.00000000012 2369.5000000000005 747733.50000000012 3375.0000000000005 63647654.000000007 741046.50000000012 2.5000000000000004 374.50000000000006 0.40993806121780169 46.500000000000007 42691785.000000007 8.4494949494949534 41663164.500000007 2.3888888888888897 4552056.5089285718 748105.50000000012 2498.5000000000005 57954706.250000007
decision_type=2 2 2 2 2 2 2 2 2 2 2 2 2 2 2 2 2 2 2 2 2 2 2 2 2 2 2 2 2 2
left_child=2 -2 3 5 15 7 9 11 -9 -7 -8 -1 18 19 17 27 -16 -15 -6 20 -4 -22 -14 -3 -17 -25 -21 -5 29 -27
right_child=1 23 13 4 12 6 10 8 -10 -11 -12 -13 22 14 16 24 -18 -19 -20 26 21 -23 -24 25 -26 28 -28 -29 -30 -31
leaf_value=0.00027093120405105819 0.050054391025190985 -0.043884781412494737 -0.050649541004484322 -0.044905746755949973 -0.060540026505163803 0.023835325835495049 0.050750346029845489 0.00070724883673161732 0.011493040193015197 -0.012961728516760807 -0.011091772658823863 -0.00072191091946920897 0.038465742654587139 -0.011589139551136853 -0.098049744092285077 0.027960749505623467 -0.002433518129567807 0.054907036586713531 -0.00085041487697816464 0.074533082235894249 0.07609766500824322 -0.018738672197411422 -0.012388077223264737 0.050663363239805984 0.06205035015840054 -0.027027476349829091 -0.0031821186659563407 0.031917225416397403 -0.034223410721695387 0.025697968265260409
leaf_weight=620090.59884532925 101.80778606474632 14.592491752584463 61.460880645434372 7.2877331366762501 12.316315488889812 84.607153235003352 69.4302998483181 2164.4705023998395 2134.2564493864775 2106.4557422623038 45.562546849250793 126316.24402088556 72.629831117577851 15.036175414919851 7.480795010924342 28.571303516626358 20.996556371450424 34.422115191817284 526.35456253914163 5.353327911347149 5.183621108531951 266.60212517529726 13.405804559588431 7.3734071855433276 114.75673857331276 5.9020823194296161 3.795043271034956 3.1242049634456635 8.718004431575535 14.821995116770266
leaf_count=1819790 17601 22076 11135 108 165 351 117 5874 4788 10678 122 388534 139 40 30 58 53 57 1345 30 12 1259 35 902 177 113 19 6 573 63
internal_value=0.00011677 0.0310158 0.000110493 0.000119039 0.0117239 0.000107043 -0.0096565 0.000137035 0.00606224 -0.0115408 0.0262472 0.00010291 0.00229618 -0.015217 0.011948 0.0500327 -0.0275512 0.034691 -0.00221517 -0.0214003 -0.0231488 -0.0169299 0.0305419 -0.00668787 0.0552549 0.00805581 0.0422943 -0.0218543 -0.00261473 0.0106821
internal_weight=754364 153.216 754210 753790 778.446 753012 2306.06 750706 4298.73 2191.06 114.993 746407 624.707 420.331 77.9356 153.74 28.4774 49.4583 538.671 342.395 333.247 271.786 86.0356 51.408 143.328 36.8155 9.14837 10.4119 29.4421 20.7241
internal_count=2286250 41328 2244922 2232287 2033 2230254 11268 2218986 10662 11029 239 2208324 1684 12635 180 349 83 97 1510 12455 12406 1271 174 23727 235 1651 49 114 749 176
is_linear=0
shrinkage=0.05


Tree=124
num_leaves=31
num_cat=0
split_feature=26 52 10 16 18 72 14 21 72 8 10 16 20 23 5 16 38 8 19 14 13 31 7 8 19 60 21 23 61 15
split_gain=55.5429 62.641 38.5589 163.863 116.42 80.8341 77.3998 90.895 69.4279 59.6602 46.2524 171.344 178.816 165.192 68.5329 219.25 53.4514 44.9967 42.4154 39.5974 137.192 101.254 38.7672 38.0195 34.7854 15.8571 14.4015 19.0972 11.6253 6.37415
threshold=4148397.033142976 258.00000000000006 507.00000000000006 417234.63347117649 2.5000000000000004 2.8176851448239035 2.9905794256523972 431156.83540620917 2.8204063416721539 30.522291757298429 466.50000000000006 995820.26851541793 375942.40625000006 79.500000000000014 312.00000000000006 25371.344862363923 922.31578947368382 31.761866703180228 6001674.5000000009 19.068230897641264 413.29106493808155 1.0000000180025095e-35 477.11764705882365 30.419493556522173 8170981.5000000009 85459020.000000015 426847.82738209306 124531.50000000001 26690996.000000004 497272.11764705891
decision_type=2 2 2 2 2 2 2 2 2 2 2 2 2 2 2 2 2 2 2 2 2 2 2 2 2 2 2 2 2 2
left_child=2 28 10 24 5 9 7 -6 -8 -5 14 12 13 -12 19 25 -14 18 -13 20 -1 -21 -7 -17 26 -16 29 -28 -2 -4
right_child=1 -3 3 4 6 22 8 -9 -10 -11 11 17 16 -15 15 23 -18 -19 -20 21 -22 -23 -24 -25 -26 -27 27 -29 -30 -31
leaf_value=-0.0002354130001071663 -0.048569180735145656 0.050104247632631341 -0.033451938597070421 -0.049399512513306154 -0.016810440933933912 -0.01829395768821546 -0.01655133568293014 0.031659763731015776 0.038049381837067561 0.095202064015004917 0.001404258218352877 0.039939221208315466 0.010187474109154146 -0.034872702991548842 -0.034547403265712325 4.731623886767532e-05 0.045493273792766326 0.096647078742733816 0.008786192313811076 -0.046103031103141477 0.002042872915761303 -0.00014188246492723131 0.02695423052635005 -0.018252870187218797 -0.077548018708618202 -0.012993321875004724 -0.017597300845067092 -0.046467954773200676 0.002231885700309552 -0.078413409690423083
leaf_weight=181000.12057191017 19.44468824879732 111.34748192038387 12.228699535131453 199.67761725187302 123.07014751434326 113.03682035207748 338.82934335619211 451.80552127212286 70.30034314095974 7.3973562419414511 841.60776259750128 317.33717161417007 1424.3172942623496 500.38913325965405 610.37332720309496 3674.7551855370402 115.92849519103765 26.07050484418869 166.63298831880093 119.86315860430477 104069.81747877598 459185.53620116977 81.443902790546417 307.56940583884716 49.473508358001709 99.198616340756416 160.08185060322285 89.193821012973785 26.759359839255922 22.18114185333252
leaf_count=615888 22493 17878 48 1313 407 451 1097 1075 165 16 3044 758 4033 1606 4255 17668 366 33 546 41215 249753 1298613 271 1174 216 584 532 341 315 96
internal_value=0.000110946 0.0297953 0.000104745 -0.00737582 0.000194602 -0.0224934 0.0094532 0.0212832 -0.00716935 -0.0442339 0.000121832 0.00594702 0.00121991 -0.0121223 9.54511e-05 -0.00592849 0.0128448 0.03266 0.0292131 0.000133421 0.000596316 -0.000153877 0.000654908 -0.00136607 -0.0388601 -0.0315341 -0.0321132 -0.0279276 -0.0191474 -0.0624348
internal_weight=754336 157.552 754178 1718.72 1385.56 401.556 984.005 574.876 409.13 207.075 752460 3392.28 2882.24 1342 749067 4691.9 1540.25 510.041 483.97 744375 285070 459305 194.481 3982.32 333.159 709.572 283.686 249.276 46.204 34.4098
internal_count=2286250 40686 2245564 6028 4795 2051 2744 1482 1262 1329 2239536 10386 9049 4650 2229150 23681 4399 1337 1304 2205469 865641 1339828 722 18842 1233 4839 1017 873 22808 144
is_linear=0
shrinkage=0.05


Tree=125
num_leaves=31
num_cat=0
split_feature=24 60 19 22 33 31 54 72 23 23 23 0 72 16 32 17 22 16 22 23 72 55 19 23 20 21 32 22 23 18
split_gain=52.4146 40.7959 38.4232 69.8967 63.2321 150.115 201.591 145.451 83.5342 64.7098 85.7861 51.5994 47.841 45.458 44.3191 76.4223 76.1763 41.6917 45.5225 50.4672 37.3984 25.8003 25.3649 22.5194 19.4035 17.4413 23.0144 14.4966 12.2308 10.7851
threshold=20988281.000000004 11252566.000000002 119045885.50000001 1095177.0000000002 0.0092189661477217032 1.0000000180025095e-35 1902987.3333333335 2.0168853029470823 748153.00000000012 746363.00000000012 602447.00000000012 119560658.00000001 0.17429969251038585 150177.75941583375 10.388261265051076 100272.50000000001 38143.000000000007 152085.96888705398 1125736.0000000002 748061.00000000012 0.1775347995104529 14649537.1295383 119063895.50000001 748803.50000000012 2217557.6000000006 152252.08769249546 1.1938490127449446 1078391.5000000002 747201.50000000012 2.5000000000000004
decision_type=2 2 2 2 2 2 2 2 2 2 2 2 2 2 2 2 2 2 2 2 2 2 2 2 2 2 2 2 2 2
left_child=2 -2 4 11 8 6 24 -8 9 10 -1 27 -11 23 15 -7 -16 22 19 -19 -15 -20 28 -10 -6 -13 -27 -4 -5 -29
right_child=1 -3 3 17 5 14 7 -9 13 12 -12 25 -14 20 16 -17 -18 18 21 -21 -22 -23 -24 -25 -26 26 -28 29 -30 -31
leaf_value=0.0014810854651186617 0.050043169417939994 -0.0062754134467903171 0.063100828724831373 0.030027417423476851 -0.047742145471955676 -0.0009527872513843301 0.027988383136271579 -0.023584522978923127 0.021489220446024838 0.014538960222175238 0.013603678453653012 -0.0014992607234343535 -0.0045742033328519715 -0.0038191762266872094 0.0013642811030574137 0.00027873101793704513 0.04903878965046779 -0.01830392466843998 5.9465383266490628e-06 0.015891218767002759 0.016732850596005849 0.044791672930111714 0.059748053153318381 0.063794036983883126 -0.028490189848228726 -0.048601155539271676 -0.016530573741597412 -0.030573797462555109 -0.0029977397525358818 0.02131236641642166
leaf_weight=5108.3180230344879 92.628906764555722 49.253178683924489 13.191939689218996 49.641590043902397 325.68642331496812 166872.35243725206 281.75361953116953 265.58151218504645 703.45489120483398 358.50755414366722 2043.0374558379408 35.155358195304871 3772.8745111185126 437.95312914566603 56333.504837545566 513983.51323279925 83.913868576288223 749.81831239908934 1444.7179225501604 126.03660751879215 447.55906237126328 32.889839618466794 35.5480115711689 32.929586352780461 218.80910519673489 186.28068196028471 79.949269950389862 15.300352483987806 64.412822857499123 28.993676707148552
leaf_count=39079 17601 23727 30 102 109056 517300 6657 7035 1482 819 4652 92 9726 5719 198050 1291094 226 2259 6741 287 3770 125 57 82 39200 679 284 86 164 69
internal_value=0.000105383 0.0304926 9.96663e-05 -0.00568277 0.000121694 6.10516e-05 -0.018465 0.00296384 0.00359149 0.00206626 0.00494433 -0.0263192 -0.00291563 0.0142017 8.8487e-05 -2.31043e-05 0.00143519 -0.00272407 -0.00435102 -0.0133832 0.00656831 0.00100283 0.0228702 0.023381 -0.0400056 -0.0345995 -0.0389703 0.0170921 0.0113763 0.00338949
internal_weight=754274 141.882 754132 2861.94 751270 738365 1091.83 547.335 12904.6 11282.7 7151.36 358.871 4131.38 1621.9 737273 680856 56417.4 2503.07 2353.46 875.855 885.512 1477.61 149.602 736.384 544.496 301.385 266.23 57.486 114.054 44.294
internal_count=2286250 41328 2244922 10975 2233947 2168618 161948 13692 65329 54276 43731 1240 10545 11053 2006670 1808394 198276 9735 9412 2546 9489 6866 323 1564 148256 1055 963 185 266 155
is_linear=0
shrinkage=0.05


Tree=126
num_leaves=31
num_cat=0
split_feature=26 52 27 27 19 4 27 19 22 33 28 24 18 58 32 56 57 26 20 72 28 18 61 26 62 58 28 25 28 16
split_gain=49.3962 58.6376 38.8652 63.3138 57.9041 68.225 43.7896 38.6704 61.5627 57.0124 36.9386 36.5515 36.4382 35.0796 28.5999 51.5078 41.2673 15.6984 14.4506 12.7718 18.8739 12.5495 11.2085 9.50301 8.4894 5.04623 4.76648 6.54995 3.27745 3.10964
threshold=4148397.033142976 258.00000000000006 4029514.0000000005 21069.000000000004 26746.500000000004 7231.5000000000009 9303.5000000000018 119045885.50000001 1095177.0000000002 0.0092189661477217032 32.500000000000007 23655.000000000004 1.0000000180025095e-35 8308745.5000000009 1.028753863477446 1247.5000000000002 1966.5000000000002 7184.3443389613703 6950.1913580246928 3.3148616704856528 24.500000000000004 1.5000000000000002 26690996.000000004 26838.565811591568 0.34175170068027222 111037773.00000001 2289.5000000000005 14634754.937500002 2208.5000000000005 2168023.5332479952
decision_type=2 2 2 2 2 2 2 2 2 2 2 2 2 2 2 2 2 2 2 2 2 2 2 2 2 2 2 2 2 2
left_child=2 22 3 6 11 23 7 9 -9 -1 -7 -5 18 14 15 -4 -17 -14 -8 21 -21 -16 -2 -6 -13 26 28 -28 -24 -15
right_child=1 -3 13 4 5 10 12 8 -10 -11 -12 24 17 29 19 16 -18 -19 -20 20 -22 -23 25 -25 -26 -27 27 -29 -30 -31
leaf_value=0.0034139721349841206 -0.048144403565830426 0.05007908698553757 -0.061143486441573795 0.028739193905177148 0.03290380225336198 0.017116943341177731 -0.015102281127493233 -0.02514240792746732 -0.0029359671259585368 6.0779230853933553e-05 -0.018686589953874847 -0.12910136830666738 -0.050081696277129474 0.12856052145355479 -0.0012702055725061887 0.046217522939855871 -0.023406560349009696 -0.0044960132062800391 0.021104544318501457 -3.5744610412983813e-05 -0.056610129893984576 0.051293113325126753 0.015384422831762924 0.055750394887716576 -0.063225478608172195 -0.078979542518118451 0.065410509093999689 -0.021905287652356348 0.079094618771215652 0.059936688089338198
leaf_weight=12898.11052095762 18.558936071000062 101.981429730542 80.258609659911599 10.275251440703867 84.649330027401447 284.46183243393898 75.023573003709316 356.9454450532794 2484.4308329045307 737119.45373776194 96.46976774930954 7.4188091009855262 94.892781147733331 3.6767430864274493 26.518080219626427 25.648876250255853 125.02549686346902 23.57865696400404 43.557348974049091 78.25739935785532 18.163911253213882 19.8595060557127 5.7831906995270455 98.452907028608024 14.351243760436775 1.7766292211599637 2.5539278537034997 13.506119994213805 3.1010722155915573 2.9959926748415455
leaf_count=65329 22493 17878 552 25 207 790 568 1240 9691 2162716 340 32 942 12 121 153 824 116 203 331 98 53 79 1070 69 24 8 195 9 82
internal_value=0.000100106 0.0290555 9.44512e-05 0.000102516 0.0163915 0.0201061 8.96227e-05 9.63881e-05 -0.00572563 0.000118444 0.00804981 -0.0489882 -0.0213968 -0.0158834 -0.0179122 -0.0287888 -0.0115546 -0.0410091 -0.00180273 -0.000322735 -0.0106933 0.0212381 -0.0182946 0.0451883 -0.0856747 0.00243742 0.00823624 -0.00802001 0.0376226 0.0977491
internal_weight=754220 147.261 754072 753692 596.079 564.034 753096 752859 2841.38 750018 380.932 32.0453 237.052 380.405 373.732 230.933 150.674 118.471 118.581 142.799 96.4213 46.3776 45.2799 183.102 21.7701 26.7209 24.9443 16.06 8.88426 6.67274
internal_count=2286250 40686 2245564 2243338 2533 2407 2240805 2238976 10931 2228045 1130 126 1829 2226 2132 1529 977 1058 771 603 429 174 22808 1277 101 315 291 203 88 94
is_linear=0
shrinkage=0.05


Tree=127
num_leaves=31
num_cat=0
split_feature=26 52 18 18 31 31 40 18 6 59 62 23 72 3 28 57 28 28 26 23 53 25 56 32 72 21 26 27 61 28
split_gain=46.555 56.0159 38.6923 123.355 164.329 100.731 448.605 97.9711 97.4453 83.0021 73.0048 259.823 69.0584 65.7953 64.1272 63.6796 59.6725 69.1953 152.287 86.4071 123.269 69.2312 58.0564 53.6703 15.7314 16.3507 13.4173 11.0442 10.6746 10.5176
threshold=4148397.033142976 258.00000000000006 1.5000000000000002 15.500000000000002 1.0000000180025095e-35 22.000000000000004 1.0000000180025095e-35 25.500000000000004 75.000000000000014 2264979.6149405851 0.16566133720930235 3.5000000000000004 1.3114409707159207 8133.0000000000009 120.50000000000001 216963.50000000003 52.500000000000007 40.500000000000007 2589.1315829500827 1.0000000180025095e-35 18.500000000000004 2618.1250000000005 14997054.500000002 0.07435194611442196 1.1444610058760498 2559.4820643447656 2324.363228729213 4232.5000000000009 26690996.000000004 120.50000000000001
decision_type=2 2 2 2 2 2 2 2 2 2 2 2 2 2 2 2 2 2 2 2 2 2 2 2 2 2 2 2 2 2
left_child=2 28 16 8 9 7 -7 -6 10 -5 14 -12 13 -10 -4 -11 17 19 21 23 -21 -19 -14 -1 26 -26 29 -27 -2 -18
right_child=1 -3 3 4 5 6 -8 -9 12 15 11 -13 22 -15 -16 -17 24 18 -20 20 -22 -23 -24 -25 25 27 -28 -29 -30 -31
leaf_value=0.0035005659092315284 -0.047732080973902156 0.050053959836681254 0.0071580239592526733 -0.047312864843689149 0.038578640686793932 0.050467291431757655 -0.020276885777053499 7.5033420406065332e-05 0.01043921837653225 -0.027540352858270247 -0.10561858323691278 0.0020696924517114748 0.02271415049062055 -0.17284848355521443 -0.023854456964288201 0.011925056419285027 0.017583681508791093 0.0125703074117672 -0.050219791293806729 -0.0010112616730144359 0.035353021672218238 0.058838831803957575 -0.023624825157332382 -0.011287336648577591 -0.042209708804016838 -0.0063174541500530855 -0.052448148328772995 -0.028966831758774444 0.0023156959300243605 -0.026144472637546625
leaf_weight=742.45363710506354 17.802512373891659 97.055222008842975 3756.4050865345635 252.07029789581429 165.24682502797805 471.36596776393708 427.16811079357285 732902.38723270223 10.633168429136276 244.15105798875447 68.131286899093539 314.88030889071524 1300.1281953901052 9.0752068608999252 174.4301169004757 175.8195889715571 52.5513228289783 787.1356073319912 92.228637166321278 7818.6454720756738 240.20590448845178 90.102832898497581 71.299032740294933 3534.3994218261214 108.32521945238113 100.79474949836731 11.326544224750249 115.49203284876421 26.533791157067753 18.624490052461624
leaf_count=6045 22493 17878 22973 105395 442 17031 7453 1927120 35 23614 451 2020 4508 47 2076 8817 345 4079 641 60758 728 377 253 46986 1145 842 179 922 315 282
internal_value=9.51025e-05 0.0287831 8.97233e-05 0.000138467 8.1592e-05 0.00010422 0.0168351 8.37128e-05 0.00746234 -0.0246317 0.00375147 -0.0170862 0.0189696 -0.0739601 0.00578185 -0.0110183 -0.00254201 -0.00196505 0.0108971 -0.00297589 7.26292e-05 0.0173226 0.020305 -0.00872018 -0.0213982 -0.0263532 -0.00190222 -0.0184117 -0.0177802 0.00614139
internal_weight=754197 141.392 754055 740343 734638 733966 898.534 733068 5704.98 672.041 4313.85 383.012 1391.14 19.7084 3930.84 419.971 13712.3 13305.2 969.467 12335.7 8058.85 877.238 1371.43 4276.85 407.114 324.612 82.5024 216.287 44.3363 71.1758
internal_count=2286250 40686 2245564 2122235 2089872 1952046 24484 1927562 32363 137826 27520 2471 4843 82 25049 32431 123329 119614 5097 114517 61486 4456 4761 53031 3715 2909 806 1764 22808 627
is_linear=0
shrinkage=0.05


Tree=128
num_leaves=31
num_cat=0
split_feature=26 52 59 10 16 18 72 14 10 8 72 5 22 23 19 3 37 33 18 21 18 61 58 17 0 13 3 1 3 3
split_gain=43.8034 53.5492 37.1636 35.6991 149.2 104.831 75.7866 70.9139 41.6462 162.017 133.363 62.9428 201.175 41.2399 32.9647 23.0807 16.1829 17.9607 17.021 13.5286 10.8075 10.1874 4.69706 4.46866 6.87281 4.97884 3.83037 3.0755 0.674312 0.0733129
threshold=4148397.033142976 258.00000000000006 24205664.475517396 507.00000000000006 417234.63347117649 2.5000000000000004 2.8176851448239035 2.9905794256523972 466.50000000000006 31.761866703180228 2.8204063416721539 312.00000000000006 9985.5000000000018 2993107.5000000005 8170981.5000000009 2925.0000000000005 4.4327331080291286 0.011718766939487103 2.5000000000000004 426847.82738209306 1.0000000180025095e-35 26690996.000000004 111037773.00000001 89999340.000000015 66746272.500000007 2.0509416595186285 541.00000000000011 102.50000000000001 65.000000000000014 500.50000000000006
decision_type=2 2 2 2 2 2 2 2 2 2 2 2 2 2 2 2 2 2 2 2 2 2 2 2 2 2 2 2 2 2
left_child=2 21 3 8 14 6 -6 -7 11 10 -10 13 -13 -1 19 16 17 18 -4 -5 -11 27 23 24 -23 -25 -19 29 -3 -2
right_child=1 28 15 4 5 7 -8 -9 9 20 -12 12 -14 -15 -16 -17 -18 26 -20 -21 -22 22 -24 25 -26 -27 -28 -29 -30 -31
leaf_value=9.4547592027339697e-05 -0.051284705746863314 0.050203775598023075 -0.054282516931033031 -0.060480476300731938 -0.043039677543924321 0.020202565260621905 0.00073510449342811248 -0.0070789366001044428 -0.00021651014156479651 0.12610927191477214 0.025992136290936142 -0.031143905951944911 -0.0014698514996110753 0.0059493872667832123 -0.075503028989256163 0.083384978145553651 -0.10657839963827312 -0.050509946700365509 -0.0097727968773474085 -0.026746102416334669 0.075456528584753671 0.012874217572029494 -0.077735326165200125 -0.0067874095126283689 -0.057979550013589225 0.076706427634414653 -0.099053877146887903 0.052019645281589533 -0.053769990733670371 -0.072528687258466062
leaf_weight=741013.23213353206 15.924421061936304 92.2123884675093 26.034725724253803 33.775170966982841 202.09121456742287 573.22907634079456 193.58946791291237 407.54459363222122 2749.4123660996556 22.866866171360016 589.44526472687721 666.29953264445066 4000.2345243766904 3019.911488341284 48.315531134605408 4.9658022522926322 6.0067773796617976 8.8737208240199852 122.74825661769137 247.52324779331684 19.520414397120476 12.899660239811064 1.7188849823432963 3.14120426820591 4.6585492828162378 4.1370328143239021 7.4965378344058982 0.74550248682498832 0.15620254725217719 0.41674256324768144
leaf_count=2166394 22482 17875 3888 144 1329 1482 722 1262 8757 32 1568 4618 19063 26373 216 6 29 2388 6361 873 29 129 24 49 98 15 30 9 3 2
internal_value=9.03723e-05 0.0284629 8.52541e-05 9.062e-05 -0.00713389 0.000101771 -0.0216226 0.00886618 0.000107009 0.00564358 0.00441039 8.20045e-05 -0.00570679 0.000118311 -0.0373497 -0.0228798 -0.0259628 -0.0230307 -0.0175613 -0.0307965 0.102782 -0.0171796 0.00219808 0.00773012 -0.00592472 0.0406714 -0.07274 -0.0472956 0.0500279 -0.0518265
internal_weight=754099 136.011 753963 753787 1706.07 1376.45 395.681 980.774 752081 3381.24 3338.86 748700 4666.53 744033 329.614 176.126 171.16 165.153 148.783 281.298 42.3873 43.642 26.5553 24.8364 17.5582 7.27824 16.3703 17.0867 92.3686 16.3412
internal_count=2286250 40686 2245564 2232862 6028 4795 2051 2744 2226834 10386 10325 2216448 23681 2192767 1233 12702 12696 12667 10249 1017 61 22808 315 291 227 64 2418 22493 17878 22484
is_linear=0
shrinkage=0.05


Tree=129
num_leaves=31
num_cat=0
split_feature=24 28 28 4 28 18 18 28 60 24 27 14 13 24 28 24 11 7 17 16 16 4 14 52 16 3 4 57 54 4
split_gain=41.6109 37.0192 44.7053 58.7397 51.0954 35.861 113.583 55.2026 35.3058 25.9759 23.5511 16.0848 13.2806 14.0467 14.037 10.3075 8.93933 6.17541 5.90066 4.91928 4.30767 3.32943 1.56984 0.832363 0.324795 0.264158 0.0309983 0.0284424 0.00223437 0.00192361
threshold=20988281.000000004 6176.5000000000009 3796.5000000000005 93.000000000000014 3143.5000000000005 1.5000000000000002 72.500000000000014 52.500000000000007 11252566.000000002 4338.5000000000009 4066.5000000000005 500.41706987316456 28315.335758575962 3278.5000000000005 3288.5000000000005 3929.0000000000005 7.5683229813664612 2.3888888888888897 4938.0000000000009 15642750.782822071 17277026.418543089 85.000000000000014 314.95244177624551 258.00000000000006 4012536.2629791158 500.50000000000006 82.000000000000014 2265967.0000000005 4673244.2714285729 93.000000000000014
decision_type=2 2 2 2 2 2 2 2 2 2 2 2 2 2 2 2 2 2 2 2 2 2 2 2 2 2 2 2 2 2
left_child=1 2 4 9 5 7 -7 -1 27 10 -4 18 13 -6 -14 -13 23 28 -5 25 -21 -11 24 -10 26 -19 -3 -2 -18 -28
right_child=8 22 3 11 12 6 -8 -9 16 21 -12 15 14 -15 -16 -17 17 19 -20 20 -22 -23 -24 -25 -26 -27 29 -29 -30 -31
leaf_value=-0.0018899082368063957 0.050063475128389046 -0.06160361747608082 0.023462380945670044 0.0017179290771054186 -0.022129682848518149 0.0064580971666416444 8.1539863368499556e-05 -0.020746027300626645 -0.050040753845317455 0.036472996257928623 0.065696200838597327 0.0092366348938770753 -0.00047672779882634657 -0.0085163653218337087 -0.020769676180705961 0.045004695431901359 0.0501124349443062 -0.051157430456150614 -0.015400935026251018 0.058082604554522702 -0.0035523301213345824 -0.014750964748283286 -0.023772153188599435 0.017559196853390923 -0.02712882411240565 -0.085538453987704419 -0.054644161673258897 0.025944538614089359 0.052412954745430174 -0.053211226735611718
leaf_weight=13282.199009200442 76.403012280352414 1.174351492896675 55.740392610430717 125.47744320333004 234.35642480105162 7051.0349328410812 730658.38242750207 399.83042925409973 9.6833910026471095 3.7319168513640788 80.941502869129181 72.244112119078636 718.20765356719494 989.77822726685554 96.688846282660961 27.928459346294403 5.118832330685108 2.9841464976198071 84.059095241129398 3.2495877332985428 22.21115280687809 21.151708871126175 5.4605277702212325 0.47783598594833243 1.1991211716085661 0.68737334012985218 2.5509005486965206 0.12242946936748822 1.3296205662190912 28.611703749746084
leaf_count=119538 17594 13 269 784 1963 49282 2053784 3653 20083 32 256 448 5136 7502 744 159 927 2435 629 10 233 114 60 23 15 3 33 7 13 508
internal_value=8.58358e-05 8.11058e-05 8.36257e-05 0.0154785 7.39961e-05 9.54456e-05 0.000142487 -0.00244094 0.0292522 0.0399185 0.0484728 0.00272894 -0.00783025 -0.0111226 -0.00288452 0.0192089 -0.00550003 0.00631217 -0.00514959 -0.00348806 0.00431422 -0.00706866 -0.0486334 -0.0468618 -0.0526815 -0.0575942 -0.053629 0.0500249 0.0505868 -0.0533285
internal_weight=754063 753941 753902 471.275 753430 751391 737709 13682 122.267 161.566 136.682 309.709 2039.03 1224.13 814.896 100.173 45.7419 35.5807 209.537 29.1323 25.4607 24.8836 38.9966 10.1612 33.5361 3.67152 32.337 76.5254 6.44845 31.1626
internal_count=2286250 2244922 2244293 2691 2241602 2226257 2103066 123191 41328 671 525 2020 15345 9465 5880 607 23727 3621 1413 2681 243 146 629 20106 569 2438 554 17601 940 541
is_linear=0
shrinkage=0.05


Tree=130
num_leaves=31
num_cat=0
split_feature=26 52 32 70 33 16 28 28 17 14 13 0 15 65 28 72 27 24 33 4 22 33 18 0 58 17 52 24 61 16
split_gain=39.2545 49.3267 35.1218 95.2807 83.0183 67.7949 64.4336 77.0443 62.0374 62.5326 92.0939 50.1943 47.446 46.9414 39.9582 36.0471 32.1355 27.8594 25.7889 25.4188 23.4653 17.857 18.009 10.1189 9.5358 8.17755 6.43385 4.34958 6.46971 8.46866
threshold=4148397.033142976 258.00000000000006 10.341956801922974 0.63333333333333341 9.9715312784486105 11225.320151336444 111.50000000000001 84.500000000000014 101852.50000000001 19.252891544094748 412.84511272049372 2333.5000000000005 103112.50000000001 1.5000000000000002 2247.5000000000005 1.4232527889294373 3793.5000000000005 1634.5000000000002 9.9086914089123308 93.000000000000014 14147148.000000002 51315.789473684214 1.0000000180025095e-35 101531.50000000001 27995888.625000004 100552.50000000001 258.00000000000006 28996739.500000004 58324573.000000007 38745706.437579401
decision_type=2 2 2 2 2 2 2 2 2 2 2 2 2 2 2 2 2 2 2 2 2 2 2 2 2 2 2 2 2 2
left_child=2 24 4 5 8 6 7 -4 18 10 -10 14 -11 16 17 -8 -13 -6 23 -16 21 -5 -23 -1 -2 -20 -15 -26 -29 -30
right_child=1 -3 3 20 11 -7 15 -9 9 12 -12 13 -14 26 19 -17 -18 -19 25 -21 -22 22 -24 -25 27 -27 -28 28 29 -31
leaf_value=0.0028481004103265307 -0.048836140611967248 0.050008077297765297 0.0011400605147476783 -0.049930960950348692 0.027599333209189381 0.046490830216321222 -0.028441192098662572 0.024379466360053365 -0.00040713795962257662 -0.00020875530960458701 0.0012353405123707031 -0.001208597681604406 -0.0023327696406917706 -0.050881148836758067 0.021435802359005034 0.060989755503067372 0.011196628990757278 -0.0059432915615984169 0.0014011808142751702 0.0066725842865773379 0.066448691214233288 -0.05725007345727632 0.14061296488921851 0.0013335242936445236 0.063688944514586787 -0.00041434100993549978 0.050402944194140931 -0.046129898696017087 0.046127522270742224 -0.023177785430638052
leaf_weight=30490.069637324719 14.707259836664887 84.267615703865886 69193.117355451104 118.63101892743725 66.86717332713306 82.61016446352005 237.57663932419382 358.48785611614585 176525.99238693487 74209.442703484325 165222.82818469405 150267.03601098829 40718.394842298352 52.26534428447485 350.01756311953068 11.828686152584849 523.87356270849705 834.00461769849062 10547.861343743396 1745.8441720604897 4.8057004609145215 2.1192169778514645 2.5145368021912873 17276.606888259528 2.5229786336421993 15055.31480501045 1.6164294779300679 6.9437923837103908 8.6587424782919715 8.9782431132043694
leaf_count=76317 20422 17878 230279 38484 379 237 4044 1497 610067 184164 406821 463214 102496 3535 1217 150 3318 4737 25878 8928 19 36 27 42377 7 37339 4 2177 67 135
internal_value=8.1533e-05 0.0279785 7.68676e-05 0.00114349 -3.23253e-05 0.00122245 0.00116887 0.00125984 0.000264461 4.76437e-05 0.000386939 -0.00105488 -0.000961284 -0.00118217 0.00535281 -0.0241997 -0.0011655 -0.00345359 0.001614 0.0091381 -0.0419439 -0.0461698 0.0501216 0.0023003 -0.0164207 0.000333608 -0.0478427 0.00116884 -0.00524824 0.0108471
internal_weight=754026 126.079 753900 70011.7 683888 69883.6 69801 69551.6 530047 456677 341749 153842 114928 150845 2996.73 249.405 150791 900.872 73369.9 2095.86 128.07 123.265 4.63375 47766.7 41.811 25603.2 53.8818 27.1038 24.5808 17.637
internal_count=2286250 40686 2245564 274773 1970791 236207 235970 231776 1485459 1303548 1016888 485332 286660 470071 15261 4194 466532 5116 181911 10145 38566 38547 63 118694 22808 63217 3539 2386 2379 202
is_linear=0
shrinkage=0.05


Tree=131
num_leaves=31
num_cat=0
split_feature=24 13 23 15 28 44 23 27 32 52 52 30 65 72 18 18 33 32 17 60 19 52 18 33 26 26 23 11 7 28
split_gain=37.2457 35.6497 92.7291 105.119 232.851 131.228 94.4753 76.9461 68.4003 108.503 382.313 99.1836 46.4591 43.0251 42.9119 40.2536 39.9467 63.6797 55.9759 32.7469 27.3561 21.3368 18.4491 16.2482 14.0157 13.4018 8.627 8.11462 5.6926 4.65123
threshold=20988281.000000004 677517.21841647755 354.00000000000006 126.11111111111113 42.500000000000007 1.5000000000000002 533.50000000000011 1723.0000000000002 10.544796933866179 385.00000000000006 258.00000000000006 1.0000000180025095e-35 1.5000000000000002 1.9994031088163979 15.500000000000002 10.500000000000002 9.9715312784486105 10.262357161086468 101852.50000000001 11252566.000000002 718.50000000000011 258.00000000000006 22607.500000000004 714.92406215890981 563.55708270824482 1984.8830090452986 430.50000000000006 7.5683229813664612 2.4949494949494957 2498.5000000000005
decision_type=2 2 2 2 2 2 2 2 2 2 2 2 2 2 2 2 2 2 2 2 2 2 2 2 2 2 2 2 2 2
left_child=1 8 3 4 5 -3 7 26 12 10 11 -10 16 -9 15 -5 18 -18 -1 -2 -6 -14 23 -11 -16 -8 -4 -21 -29 -30
right_child=19 2 6 14 20 -7 25 13 9 22 -12 -13 21 -15 24 -17 17 -19 -20 27 -22 -23 -24 -25 -26 -27 -28 28 29 -31
leaf_value=0.0015335163953244784 0.050015591363088141 -0.015967243796251387 -0.0040900055183601776 -0.013111084426680499 0.049024397416642052 0.02831480082857421 -0.060669046098029124 0.054191865459233657 -0.043791349681967372 -0.016618179889246455 0.050416649611125443 0.0042083577695738641 -0.051303924517426706 0.16864424830705482 -0.043970907359951961 0.010818752277682163 -0.0012569381934529182 0.00058629477169470305 4.5560512424151821e-05 -0.046756766289829686 0.14763908317455696 0.057742024682532068 0.044921804370678206 -0.0027686684638910789 -0.015317221157995376 0.021917253934070485 -0.063415846514734406 0.050508883030018659 0.0099407387091458438 -0.034084038140097334
leaf_weight=73360.035901482916 69.674611211725278 699.33504015207291 38.187437672168016 1897.2243061996996 208.40686102211475 219.9185738787055 29.684013180434704 121.19026451930404 108.49784722633194 221.44426541030407 455.11965934745967 13337.771139968187 58.191323799081147 8.8080991804599744 138.36421780660748 193.6779520586133 126851.94522423216 74305.13585281081 456668.65073282609 9.2546017277927586 7.2781141698360434 4.8606054633855811 19.851986311376095 4850.3235769160092 61.711156042292714 5.8864793740212908 7.2991989254951468 5.939221315784379 19.953987589979082 8.578848335077053
leaf_count=181911 17601 3359 260 13960 633 726 192 488 43030 1950 17027 44567 3825 19 1742 1247 414849 182451 1303029 20106 19 29 130 28189 1210 29 51 942 360 2319
internal_value=7.74419e-05 7.31319e-05 -0.00486517 -0.00684678 0.00559682 -0.00537338 0.0273009 0.042362 9.70714e-05 0.0030594 0.00534655 0.00382105 2.01296e-05 0.0619466 -0.0130113 -0.0108945 2.38305e-05 -0.000576069 0.000251505 0.0287302 0.0523521 -0.0428977 -0.00318507 -0.00337337 -0.035133 -0.047002 -0.01361 -0.00518622 0.00597409 -0.00329601
internal_weight=753992 753879 3636.97 3425.92 1134.94 919.254 211.055 175.485 750242 18993 13901.4 13446.3 731249 129.998 2290.98 2090.9 731186 201157 530029 113.401 215.685 63.0519 5091.62 5071.77 200.075 35.5705 45.4866 43.7267 34.4721 28.5328
internal_count=2286250 2244922 23935 22896 4737 4085 1039 818 2220987 134893 104624 87597 2086094 507 18159 15207 2082240 597300 1484940 41328 652 3854 30269 30139 2952 221 311 23727 3621 2679
is_linear=0
shrinkage=0.05


Tree=132
num_leaves=31
num_cat=0
split_feature=26 52 24 19 27 19 52 38 31 40 8 23 23 23 28 24 28 56 54 25 28 25 58 62 58 58 60 13 21 16
split_gain=35.14 45.5525 34.6755 43.1522 39.4246 46.1601 76.6803 40.4761 303.378 217.257 172.008 114.21 130.084 113.78 35.0807 32.6179 29.3165 24.0283 40.5871 29.2463 10.6319 9.04726 8.94211 7.02923 4.25295 4.46941 7.05033 4.59042 3.93564 3.42164
threshold=4148397.033142976 258.00000000000006 4696323.0000000009 8170981.5000000009 21069.000000000004 26746.500000000004 255.50000000000003 922.31578947368473 28.000000000000004 1.0000000180025095e-35 31.761866703180228 146.50000000000003 1.5000000000000002 310.50000000000006 30.500000000000004 23655.000000000004 64.500000000000014 1247.5000000000002 1936.3095238095241 437087.66788321169 92.500000000000014 11970.750000000002 27995888.625000004 0.34175170068027222 111037773.00000001 90310380.000000015 66736752.000000007 2.0509416595186285 4146754.2648726553 2168023.5332479952
decision_type=2 2 2 2 2 2 2 2 2 2 2 2 2 2 2 2 2 2 2 2 2 2 2 2 2 2 2 2 2 2
left_child=2 22 4 16 7 15 14 8 10 -10 -1 12 -9 -13 -7 -6 17 19 -19 -4 -18 -8 -2 -17 25 26 -24 -27 -5 -30
right_child=1 -3 3 28 5 6 21 11 9 -11 -12 13 -14 -15 -16 23 20 18 -20 -21 -22 -23 24 -25 -26 27 -28 -29 29 -31
leaf_value=8.0729923433145386e-05 -0.048564681198822388 0.049982237963583726 0.034848827936352154 0.04302350173026466 0.027354219490596632 0.013398939305387714 0.031622114105516887 -0.0072961043222184337 0.051082927298876382 -0.050159702757522275 0.10163599494702474 -0.021914048035268183 0.0044530592512016824 -0.0019304081690008454 -0.016176493681656506 -0.11991697985955137 0.070844498343551263 0.041785095773265862 -0.027069579353361479 -0.055270385748103661 -0.0062874983309813802 0.055118362158526148 0.012847966215423352 -0.060347482586894166 -0.0770193006016065 -0.0049746515190325739 -0.056602123436275555 0.077391175350545141 0.13075392213879772 0.056852289227420895
leaf_weight=739569.08437998465 13.653955434216185 76.975650032050908 10.016059204936026 8.5647656720248033 10.181925922632216 353.01436458528042 75.511422425508499 3891.5443565975875 442.24112282693386 60.20255560753867 41.697268486022949 1372.3779385350645 5969.9966916404665 1480.9046631101519 140.03845232818276 7.5768955945968619 10.588779032230379 26.471266500651836 111.76822567358613 88.990880392491817 7.7286077141761771 89.562306759878993 12.989472387213036 14.2960173599422 1.6300248277839262 3.0478917449945575 5.0847868043056215 3.8014205880463123 3.2510394454002371 3.0223696104367264
leaf_count=2146449 20422 17878 37 896 25 1073 187 23291 17054 4610 57 10658 32256 6430 560 32 30 130 736 615 42 232 265 69 24 49 2033 15 4 91
internal_value=7.35692e-05 0.0274518 6.9313e-05 -0.0178326 7.57371e-05 0.0120204 0.0148741 6.47864e-05 0.00011284 0.0389521 8.64553e-05 -0.00273236 -0.000183375 -0.0115422 0.00499883 -0.0465705 -0.0226455 -0.027351 -0.0138847 -0.0461535 0.0383004 0.0443702 -0.0156819 -0.0809827 0.00122655 0.00634391 -0.00669026 0.040739 0.065062 0.09515
internal_weight=753906 117.183 753789 270.402 753518 690.181 658.127 752828 740113 502.444 739611 12714.8 9861.54 2853.28 493.053 32.0548 255.564 237.246 138.239 99.0069 18.3174 165.074 40.2076 21.8729 26.5536 24.9236 18.0743 6.84931 14.8382 6.27341
internal_count=2286250 40686 2245564 2581 2242983 2178 2052 2240805 2168170 21664 2146506 72635 55547 17088 1633 126 1590 1518 866 652 72 419 22808 101 2386 2362 2298 64 991 95
is_linear=0
shrinkage=0.05


Tree=133
num_leaves=31
num_cat=0
split_feature=72 31 52 23 28 54 58 54 72 23 19 22 33 18 30 23 3 23 22 23 18 1 3 23 1 57 22 1 22 1
split_gain=34.0591 53.4139 39.027 63.6859 44.2821 36.8062 103.261 82.1714 52.8948 61.7608 38.6873 53.825 43.731 29.1486 25.8163 25.3071 21.3404 19.8693 18.3814 16.4664 16.0892 14.9807 21.8435 15.8921 14.6827 12.6025 11.112 10.7245 7.07487 6.26016
threshold=3.9875729169863692 180.00000000000003 255.50000000000003 75.500000000000014 35.500000000000007 21425789.500000004 6257859.1428571437 15010184.500000002 1.5085095796873946 2990139.0000000005 119045885.50000001 1095177.0000000002 0.0092189661477217032 748534.00000000012 382.00000000000006 747733.50000000012 3375.0000000000005 747802.50000000012 63647654.000000007 741046.50000000012 2.5000000000000004 374.50000000000006 500.50000000000006 46.500000000000007 50.500000000000007 1157.5000000000002 46010062.500000007 106.50000000000001 9985.5000000000018 60.500000000000007
decision_type=2 2 2 2 2 2 2 2 2 2 2 2 2 2 2 2 2 2 2 2 2 2 2 2 2 2 2 2 2 2
left_child=1 5 3 4 28 7 16 10 17 -10 12 -12 -1 20 21 19 -7 -9 -17 29 -8 22 -2 -24 -5 -25 -15 -18 -3 -16
right_child=14 2 -4 24 -6 6 13 8 9 -11 11 -13 -14 26 15 18 27 -19 -20 -21 -22 -23 23 25 -26 -27 -28 -29 -30 -31
leaf_value=0.0030329119988600326 -0.050594900240084645 -0.0044354175827947921 0.050518198763717798 -0.032982799992033289 -0.039361086172123673 -0.021052250804031711 -0.060012626883376899 -0.0021140102270794728 -0.030166597390414281 -0.0036752023574410028 -0.023941735449032202 -0.0031410082469742148 4.8867472545703933e-05 0.035529297246959156 -0.043718542471652563 -0.093681286784745743 0.069416182910946742 0.069020800004266428 -0.0022567118349609084 0.052470334162251712 -0.0009839681272402034 0.042925042400404102 0.069686931779647923 -0.027895577283486402 0.050173967532428421 -0.0058710527044428217 -0.022035653692112633 0.041378057474587185 0.048531348145702369 0.019242518860347099
leaf_weight=12485.974389913259 55.945742622832768 6.7505880726093883 83.702422960894182 68.914703007350909 18.333399620605633 10.322773091495035 11.802756974473594 16.315014022868127 457.88194605452009 423.50046923756599 356.79965738579631 2423.1225098451832 736188.87294265139 75.926451710984111 7.1732704862952223 7.4471457749605205 59.924702644348145 24.64525095326826 21.00430703163147 34.121908143162727 526.14440899970941 9.0834231898188573 5.274756893515586 144.11230421811342 5.7512251874431959 118.24155497550964 9.4238542318344098 79.154412627220154 95.409174239786807 8.7808592170476896
leaf_count=61103 11133 84 19418 14450 575 114 165 149 1871 1146 1240 9050 2161510 148 24 30 87 37 53 57 1345 49 12 685 643 576 26 148 295 27
internal_value=6.9917e-05 7.77683e-05 0.0219565 0.00970661 0.0321908 6.96675e-05 0.0109766 5.8466e-05 -0.0148563 -0.0174376 7.67726e-05 -0.00581076 9.86337e-05 0.00202781 -0.0143164 0.0114697 0.0483105 0.0406869 -0.026187 0.032865 -0.00227908 -0.0204035 -0.0221813 -0.0162416 -0.0265776 -0.0179692 0.0291733 0.0534588 0.0450314 -0.00906593
internal_weight=753840 753429 278.862 195.159 120.493 753150 772.699 752377 922.343 881.382 751455 2779.92 748675 623.297 411.185 78.5275 149.402 40.9603 28.4515 50.076 537.947 332.658 323.574 267.629 74.6659 262.354 85.3503 139.079 102.16 15.9541
internal_count=2286250 2273604 35465 16047 954 2238139 2033 2236106 3203 3017 2232903 10290 2222613 1684 12646 191 349 186 83 108 1510 12455 12406 1273 15093 1261 174 235 379 51
is_linear=0
shrinkage=0.05


Tree=134
num_leaves=31
num_cat=0
split_feature=59 24 28 28 4 28 10 60 30 24 14 37 33 45 16 13 33 19 60 60 28 3 14 1 52 17 54 4 57 1
split_gain=33.4865 31.7891 35.2676 37.0526 51.2975 44.9457 31.5231 28.4819 23.3492 22.3866 14.2482 13.9491 15.7517 17.1914 14.1931 12.2088 6.53035 6.15418 4.84427 7.08847 3.26818 3.23069 1.57622 1.37379 0.558757 0.288932 0.0341662 0.0203137 0.00350628 0.00174351
threshold=24205664.475517396 20988281.000000004 6176.5000000000009 3796.5000000000005 93.000000000000014 3143.5000000000005 507.00000000000006 11252566.000000002 372.00000000000006 4338.5000000000009 500.41706987316456 4.4327331080291286 0.011718766939487103 51.298920377867752 24377430.467615589 28315.335758575962 0.13209704319818896 84983285.000000015 28684007.000000004 56549274.000000007 2952.5000000000005 541.00000000000011 314.95244177624551 155.50000000000003 258.00000000000006 7325971.0000000009 7701718.916666667 85.000000000000014 210161.50000000003 374.50000000000006
decision_type=2 2 2 2 2 2 2 2 2 2 2 2 2 2 2 2 2 2 2 2 2 2 2 2 2 2 2 2 2 2
left_child=1 2 3 5 9 6 -1 26 11 -5 -6 12 13 17 -15 -7 18 -2 20 -20 -9 29 25 24 -18 27 28 -4 -3 -14
right_child=8 7 22 4 10 15 -8 16 -10 -11 -12 -13 21 14 -16 -17 23 -19 19 -21 -22 -23 -24 -25 -26 -27 -28 -29 -30 -31
leaf_value=9.6825963581656613e-05 0.00149326093818634 0.050055132480266808 -0.059717410435711528 0.044242351452100571 -0.0053786386822469931 -0.010557554498925384 -0.0067279498769860675 0.0030722731276515572 0.038714808002642799 -0.0071906981180280306 0.017385923226302794 -0.10249138360221254 -0.050385401944130694 0.00054427969895965279 -0.065839257470384785 -0.0026345144063270234 -0.053141293872416409 -0.050447328438102595 -0.052156859935181092 0.0099799086618489775 0.067494330419079041 -0.094424350041292959 -0.023347599174297684 0.051072559196376634 0.050086337048435597 -0.027777597000368338 0.015723555223410329 -0.053181737853973787 0.040201066470918194 -0.054328824847301331
leaf_weight=749308.90883671818 6.6301244121859773 59.926223576534539 1.2382475249469305 140.54387532174587 210.19418665766716 1212.1503204936162 1695.7952067181468 3.5336132794036521 14.622594241052864 24.905646026134491 102.13410483300686 5.9368219263851634 9.2376643090392463 81.520759269595146 8.9343084543943387 811.87687772512436 7.0505144991329862 40.778862216859125 6.179136497667062 17.844812832365278 4.4453210409847088 7.4707992374896994 5.4004637822508803 0.34392465278506268 0.1335739567875861 1.1367653775960196 0.072618875652550652 29.839421957731247 0.090408693999051049 0.28906750306487161
leaf_count=2207527 2443 17589 14 525 1413 9465 6028 185 35 146 607 29 5220 258 31 5880 14894 7497 4778 211 781 30 60 6 27 16 4 539 8 4
internal_value=6.6426e-05 7.15103e-05 6.77765e-05 7.01933e-05 0.0139898 6.13617e-05 8.14154e-05 0.0283142 -0.0217766 0.0365 0.00206557 -0.0272776 -0.0243941 -0.0187949 -0.00601247 -0.00737947 -0.00464757 -0.0431835 0.00520876 -0.00600213 0.0389639 -0.0698086 -0.0483458 -0.0465486 -0.051222 -0.0525365 0.0499988 -0.0534421 0.0500403 -0.0505051
internal_weight=753819 753644 753544 753507 477.778 753029 751005 99.6201 175.421 165.45 312.328 160.798 154.862 137.864 90.4551 2024.03 39.5309 47.409 32.0029 24.0239 7.97893 16.9975 37.6149 7.52801 7.18409 32.2144 60.0893 31.0777 60.0166 9.52673
internal_count=2286250 2270703 2232220 2231591 2691 2228900 2213555 38483 15547 671 2020 15512 15483 10229 289 15345 20882 9940 5955 4989 966 5254 629 14927 14921 569 17601 553 17597 5224
is_linear=0
shrinkage=0.05


Tree=135
num_leaves=31
num_cat=0
split_feature=60 5 3 60 18 4 16 56 57 57 17 21 61 16 58 19 19 56 54 54 57 54 14 62 17 23 54 58 72 33
split_gain=31.9215 81.5125 61.257 53.843 51.6952 83.8078 73.9257 163.46 73.7615 114.524 379.605 197.336 76.6522 129.477 62.8714 47.1452 79.0522 45.6505 58.6017 146.845 41.1844 34.3183 31.8164 30.2325 30.1667 29.8412 24.067 22.953 22.7772 21.9448
threshold=61689187.000000007 312.00000000000006 45.000000000000007 67398667.500000015 2990792.0000000005 307.50000000000006 11560561.299198495 15012570.500000002 216963.50000000003 29.500000000000004 10188517.500000002 3650487.745332804 8016555.0000000009 3627657.4716800158 61532463.000000007 96722333.000000015 88614798.000000015 15421624.500000002 14996665.500000002 15004572.500000002 5996426.5000000009 14994280.500000002 0.45168927272822446 0.30563103864734303 27496606.500000004 222.50000000000003 14998710.500000002 83579888.500000015 0.31490733448695063 0.016177908721175003
decision_type=2 2 2 2 2 2 2 2 2 2 2 2 2 2 2 2 2 2 2 2 2 2 2 2 2 2 2 2 2 2
left_child=4 2 -2 29 6 17 8 23 9 11 -11 -1 13 -10 22 16 -5 18 21 -20 -17 -6 28 24 -8 -14 -25 -3 -7 -4
right_child=1 27 3 15 5 14 7 -9 12 10 -12 -13 25 -15 -16 20 -18 -19 19 -21 -22 -23 -24 26 -26 -27 -28 -29 -30 -31
leaf_value=7.0009082928859038e-05 -0.044272657830141594 -0.042397821963916178 -0.0015960501732383643 0.0014499377877870189 0.0038932566609622488 -0.00926534784686644 0.20989558826955795 -0.043447464143173707 0.0033601070699818174 0.020984019441469194 -0.023879662703070143 0.027117047350948012 0.012139750638226086 0.032513068605523207 -0.032674171154069141 -0.0098909253497538579 0.021923453086533432 -0.072395827753254274 0.040738664739826035 0.00047929705087290143 0.011837031018342657 -0.0087839540372286109 0.032989160273367193 -0.0017603858402870194 -0.029747299837028798 -0.0030899293636846938 -0.011446853333940165 -0.011803147553198204 0.079724084321510069 -0.0083273243950857546
leaf_weight=716086.04802190023 84.515929175075144 155.31936574727297 2058.0824814140797 5167.9871548563242 10877.077153143473 319.40016205608845 1.3265290125273157 272.17689659423195 908.98534601222491 660.21378026870661 1649.5514206540247 675.01976477634162 419.03742433415027 655.52540903200861 270.54371950030327 1348.5658140070736 518.81969463080168 19.450958296656609 371.33333329856396 580.71074749529362 260.16331619024277 561.40196767449379 57.775435015559196 4507.3879993062583 130.92311893723672 1383.8749606554629 747.61692894250154 101.27800352871418 7.3561891168355933 2941.1713834702969
leaf_count=2030638 32190 1437 5233 16013 45598 1825 371 1111 6656 22244 40942 5235 3537 10417 1512 7384 2338 93 674 1454 709 1423 282 11907 17200 6494 2073 613 35 8612
internal_value=6.30948e-05 -0.00242885 -0.00185067 -0.00155906 0.000105579 0.00322287 4.96423e-05 -0.00564265 9.42345e-05 5.96607e-05 -0.011056 9.5481e-05 0.00747704 0.0155751 -0.0142071 0.00117998 0.00331778 0.00414293 0.00426309 0.016182 -0.00637709 0.00327106 -0.00121427 -0.00373266 -0.0273436 0.000449791 -0.00313846 -0.0303222 -0.00726195 -0.00555621
internal_weight=753799 12635.9 12379.3 12294.8 741163 13065 728098 5659.43 722438 719071 2309.77 716761 3367.42 1564.51 655.076 7295.54 5686.81 12410 12390.5 952.044 1608.73 11438.5 384.532 5387.25 132.25 1802.91 5255 256.597 326.756 4999.25
internal_count=2286250 74529 72479 40289 2211721 52896 2158825 32662 2126163 2099059 63186 2035873 27104 17073 3654 26444 18351 49242 49149 2128 8093 47021 2142 31551 17571 10031 13980 2050 1860 13845
is_linear=0
shrinkage=0.05


Tree=136
num_leaves=31
num_cat=0
split_feature=72 31 52 23 28 54 58 54 23 72 57 57 18 54 18 3 16 30 23 16 23 22 23 1 3 23 1 57 23 22
split_gain=31.4252 46.4722 36.9221 58.1953 42.0326 34.4299 107.117 88.2363 68.9861 56.6117 49.5216 36.9592 49.8175 41.6557 30.1988 24.76 23.9606 23.5374 23.206 22.3953 17.6329 16.5698 14.9215 14.0003 20.7703 14.3168 11.4269 11.1218 7.68036 7.00516
threshold=3.9875729169863692 180.00000000000003 255.50000000000003 70.500000000000014 35.500000000000007 16890462.000000004 6257859.1428571437 15010184.500000002 2989027.5000000005 1.4142135623730299 15027716.000000002 14992065.000000002 2990792.0000000005 6640729.5000000009 748534.00000000012 3375.0000000000005 405316.83046599763 382.00000000000006 747733.50000000012 6340046.6412477428 3.5000000000000004 63647654.000000007 741046.50000000012 374.50000000000006 500.50000000000006 46.500000000000007 106.50000000000001 1157.5000000000002 748253.50000000012 9985.5000000000018
decision_type=2 2 2 2 2 2 2 2 2 2 2 2 2 2 2 2 2 2 2 2 2 2 2 2 2 2 2 2 2 2
left_child=1 5 3 4 29 7 15 11 9 -9 -10 13 -13 -1 20 28 -5 23 22 -16 -8 -20 -19 24 -2 -26 -17 -27 -7 -3
right_child=17 2 -4 16 -6 6 14 8 10 -11 -12 12 -14 -15 19 26 -18 18 21 -21 -22 -23 -24 -25 25 27 -28 -29 -30 -31
leaf_value=6.4108083474744386e-05 -0.050552352208220956 -0.0043976800340626739 0.050459862023579882 0.046272242314416234 -0.038864426998787428 -0.039961686617240165 -0.04492439970371305 0.069706143198369999 0.0025237972016042306 -0.038763303737660008 -0.042403540763099837 -0.0011998425523713949 0.0086795868889917929 -0.0050545227303808275 0.034300365474840958 0.068127877211271795 -0.034820364913198364 -0.0084796996077042535 -0.089705680303051052 -0.041506192333340276 -0.00061582202400196071 -0.0026030884727340671 0.050213674287088443 0.04136166515596057 0.065167984890766903 -0.026917263350382217 0.039972049028239219 -0.0062211812319875465 0.078402951745067728 0.048500815141853115
leaf_weight=742231.41810795642 51.484935140120797 6.7237432081310535 75.651951544889016 10.520109396893529 17.734723271336406 9.8185541657730919 23.315035125240684 12.517680593067778 396.10807508230209 308.16584312252235 72.573330208659172 2300.291938547045 2865.6689701080322 3996.1251415314618 95.407772243022919 67.320077180862427 67.915096255223034 15.934928692877291 7.3808476030826595 10.850833094445987 607.81738103576936 20.980465337634087 33.792347878217697 9.1187950335443002 5.341225951910018 143.00384276360273 77.544460907578468 118.87549516558647 1.5928253531455983 90.451560608140426
leaf_count=2204917 11133 84 19418 640 571 190 319 60 1023 1305 288 6041 6544 15401 182 101 14476 51 30 42 1576 53 57 49 12 685 148 576 2 276
internal_value=5.99029e-05 6.73969e-05 0.020846 0.00925865 0.031922 5.99748e-05 0.00986825 4.83217e-05 -0.0166598 -0.0345293 -0.00443301 6.58741e-05 0.00428049 3.66973e-05 0.00189916 0.0474705 -0.0239438 -0.0138484 0.010821 0.0265592 -0.00225265 -0.025271 0.0314056 -0.0197248 -0.0214726 -0.0158698 0.0530564 -0.0175226 -0.0234401 0.0448407
internal_weight=753751 753346 268.997 193.345 114.91 753077 893.667 752183 789.365 320.684 468.681 751394 5165.96 746228 737.391 156.276 78.4352 405.913 78.0886 106.259 631.132 28.3613 49.7273 327.824 318.705 267.221 144.865 261.879 11.4114 97.1753
internal_count=2286250 2273604 35465 16047 931 2238139 2560 2235579 2676 1365 1311 2232903 12585 2220318 2119 441 15116 12646 191 224 1895 83 108 12455 12406 1273 249 1261 192 360
is_linear=0
shrinkage=0.05


Tree=137
num_leaves=31
num_cat=0
split_feature=13 23 15 28 44 23 27 32 52 52 23 44 21 18 18 72 0 52 32 3 18 72 20 28 72 27 23 4 19 28
split_gain=31.1421 83.1437 93.2469 207.796 117.451 84.6531 66.6699 60.7066 152.51 309.712 123.544 135.827 84.7905 40.4576 36.0436 34.8944 34.5344 55.0284 45.7543 103.181 45.8164 33.5299 52.8129 31.6389 31.1994 30.2728 25.7427 23.4297 21.6313 19.6884
threshold=677517.21841647755 354.00000000000006 126.11111111111113 42.500000000000007 1.5000000000000002 533.50000000000011 1723.0000000000002 10.625693993338086 385.00000000000006 258.00000000000006 91.500000000000014 1.5000000000000002 2150.1213849046867 15.500000000000002 10.500000000000002 1.4063349819925053 2333.5000000000005 258.00000000000006 0.016218388647500154 313.50000000000006 1.0000000180025095e-35 1.9994031088163979 1031.2500000000002 48.500000000000007 1.4392861820683949 2266.5000000000005 51.500000000000007 93.000000000000014 718.50000000000011 48.500000000000007
decision_type=2 2 2 2 2 2 2 2 2 2 2 2 2 2 2 2 2 2 2 2 2 2 2 2 2 2 2 2 2 2
left_child=7 2 3 4 26 6 -3 16 9 10 11 -9 -12 14 15 -4 25 18 19 -18 -20 22 -8 -16 -6 -1 -2 -27 29 -5
right_child=1 5 13 28 24 -7 21 8 -10 -11 12 -13 -14 -15 23 -17 17 -19 20 -21 -22 -23 -24 -25 -26 27 -28 -29 -30 -31
leaf_value=-0.00019995868197766753 -0.025197379275933192 -0.012975676313644637 -0.01943418225212417 0.049443884075874411 0.031715191488159281 -0.045785815534223423 0.071639354858645726 0.0068209943977919065 -0.0030504358192763653 0.050376513223659908 0.011996050821924061 0.040510756514185724 -0.01834828099765351 -0.03420934498523704 0.023076439205278975 -0.0057885962256668229 -0.0016322270954268515 0.042641006618151692 -0.0052381906999698375 -0.031591702619666318 0.00010518064434799971 0.14768522410349169 0.00022794305448249334 -0.021249023660438831 -0.039898484674164091 0.021090759734734784 -0.0059436167916280631 0.0066208791319847596 0.13062471859941491 -0.020028470141529427
leaf_weight=1562.2320643234998 339.79511734843254 45.07492308318615 911.89588403888047 200.77482589334249 205.56646322458982 34.664595514535904 87.063379433006048 5308.9549304913962 5081.7733989357948 411.7350705191493 324.95327220519539 317.045657398412 789.63061789283529 193.39844385907054 138.18742734193802 963.53606834821403 29583.252413623733 75.644965067505836 4034.8309907066869 290.20839077979326 700397.14984545589 9.5392838567495328 36.848807480186224 56.808184310793877 16.423867262899876 339.19407512247562 354.9573342576623 1596.4058180451393 7.8147200793027869 10.744008317589758
leaf_count=9414 1517 311 7294 581 649 221 258 46639 30269 17026 7933 1166 15673 2952 890 6666 173112 18855 41978 2364 1888614 19 230 357 77 1148 1842 8124 19 52
internal_value=5.69104e-05 -0.00457394 -0.00647326 0.00521559 -0.00524398 0.0257157 0.0395992 7.9216e-05 0.00357248 0.00827811 0.00570661 0.00871954 -0.00950149 -0.0123392 -0.0102963 -0.0124235 2.12974e-05 -2.30967e-06 -6.7026e-06 -0.00192327 7.4575e-05 0.057357 0.0504031 0.0101631 0.0264169 0.00497768 -0.0153604 0.00915658 0.0489332 0.0459151
internal_weight=753726 3613.09 3399.9 1136.08 916.743 213.191 178.526 750113 12234.1 7152.32 6740.58 5626 1114.58 2263.83 2070.43 1875.43 737879 734381 734305 29873.5 704432 133.451 123.912 194.996 221.99 3497.83 694.752 1935.6 219.334 211.519
internal_count=2286250 23935 22896 4737 4085 1039 818 2262315 118706 88437 71411 47805 23606 18159 15207 13960 2143609 2124923 2106068 175476 1930592 507 488 1247 726 18686 3359 9272 652 633
is_linear=0
shrinkage=0.05


Tree=138
num_leaves=31
num_cat=0
split_feature=23 23 70 22 0 0 22 21 30 18 23 72 56 1 58 16 23 58 32 19 22 16 3 10 18 1 19 58 54 3
split_gain=30.3135 40.2367 192.984 366.842 118.8 30.1212 68.1543 41.2458 37.005 157.963 195.327 153.991 86.5094 52.8115 46.6525 34.3004 27.0773 25.9317 28.802 25.9207 21.7976 17.3749 11.0179 9.93376 5.84268 3.29239 42.3654 146.328 1.0174 0.0569663
threshold=5999427.5000000009 5096086.5000000009 0.77500000000000013 20295352.000000004 116402757.50000001 119839450.00000001 1124608.5000000002 152707.15065526144 138.00000000000003 744158.00000000012 748353.50000000012 0.1804581476731684 15006732.000000002 102.50000000000001 47006311.500000007 152380.40665225682 748105.50000000012 5125965.2777777789 0.3276350198272821 119922611.00000001 1109904.5000000002 2326035.7079800121 14.000000000000002 1.0000000180025095e-35 96628.500000000015 3.5000000000000004 66861260.500000007 22052356.916666672 2902192.2301587309 1.0000000180025095e-35
decision_type=2 2 2 2 2 2 2 2 2 2 2 2 2 2 2 2 2 2 2 2 2 2 2 2 2 2 2 2 2 2
left_child=1 5 17 -4 -5 8 7 20 12 11 -11 -10 13 -1 -14 -8 -9 28 21 -17 -7 -19 -20 25 -25 29 27 -27 -3 -2
right_child=23 2 3 4 -6 6 15 16 9 10 -12 -13 14 -15 -16 19 -18 18 22 -21 -22 -23 -24 24 -26 26 -28 -29 -30 -31
leaf_value=4.2040385945947941e-05 -0.050131007418335538 0.18279453575826191 4.0965553766009393 -0.050190373542128387 2.1410533069506998 -0.0001373001481704802 0.068158192926126709 -0.02969468150689264 0.02313926610956378 -0.0034588895068881353 0.011514299952935025 0.0024950445038581827 -0.011435755321116787 0.039601481378919251 0.024783714670479545 0.0033604749674442389 0.0069556846190007293 0.062164836146198582 -0.050157408896409052 -0.020824395988076901 0.064797555981328706 -0.058291870829644557 0.2598341404332789 -0.046623019665742498 0.022169540878994989 -0.050178937606237643 -0.050147144879984944 2.7346488013567658 0.25983414043327863 -0.064533392964516031
leaf_weight=733280.43658115994 42.112292777543182 0.71370090867276359 0.083225939888507905 0.28833142179064453 0.078748876228928566 61.95849826245103 18.831796258687973 449.79027425218374 1610.8017360568047 10027.688402578235 2782.4468705356121 2056.6669073543744 2099.0000409411732 84.375909726251848 92.838321929099038 796.11853740739753 56.753892377018929 5.6034437199123186 0.34877789788879443 128.70009242053493 16.330201685428619 6.4276168615615461 1.6089414954185475 4.4688775022223117 9.9780737757682783 0.19757533143274431 3.1217862274497747 0.061964362859725952 1.0726276636123657 0.69795590639114991
leaf_count=2167503 19837 71 19 81 19 678 27 1688 3390 25566 6288 37755 10967 3568 233 4616 137 170 122 1508 24 714 3 35 23 59 1124 19 2 4
internal_value=5.40424e-05 5.6887e-05 0.0787939 1.09942 0.419892 5.51916e-05 -0.00695669 -0.0203682 6.9443e-05 0.00241282 -0.000206613 0.0115623 1.69478e-05 4.65918e-05 -0.00990163 0.00135514 -0.0255883 0.0496598 0.0267517 -5.15266e-06 0.0134074 -0.00218939 0.204608 -0.0352965 0.000889928 -0.0466142 0.000883672 0.614691 0.229054 -0.0503658
internal_weight=753640 753579 16.2254 0.450306 0.36708 753563 1528.48 584.833 752034 16477.6 12810.1 3667.47 735557 733365 2191.84 943.65 506.544 15.7751 13.9888 924.819 78.2887 12.0311 1.95772 60.6385 14.447 46.1916 3.38133 0.25954 1.78633 42.8102
internal_count=2286250 2265149 1201 119 100 2263948 8678 2527 2255270 72999 31854 41145 2182271 2171071 11200 6151 1825 1082 1009 6124 702 884 125 21101 58 21043 1202 78 73 19841
is_linear=0
shrinkage=0.05


Tree=139
num_leaves=31
num_cat=0
split_feature=59 14 15 14 70 22 32 13 28 28 52 24 36 21 18 18 30 33 18 22 18 37 33 19 22 15 54 33 13 33
split_gain=29.7882 29.2116 121.574 95.1838 82.001 70.6517 54.0198 60.7333 51.8657 85.4632 64.8462 51.724 48.4513 121.112 60.6658 30.8969 21.1802 16.0398 15.3258 14.1443 13.262 12.9616 14.724 15.3313 20.6157 12.8528 12.463 4.7978 3.54283 5.51897
threshold=24205664.475517396 19.068230897641264 106464.50000000001 18.893323572204334 0.63333333333333341 38143.000000000007 9.7552885860566843 436.83512949763212 77.500000000000014 100.50000000000001 258.00000000000006 6153.5000000000009 480.43927125506076 431156.83540620917 175.50000000000003 1.5000000000000002 372.00000000000006 51315.789473684214 1.0000000180025095e-35 14147148.000000002 106197.50000000001 4.4327331080291286 0.011718766939487103 90020411.500000015 71162064.500000015 105989.50000000001 2724657.7500000005 9.3993354671900899 419.21330812653122 9.5255785600438596
decision_type=2 2 2 2 2 2 2 2 2 2 2 2 2 2 2 2 2 2 2 2 2 2 2 2 2 2 2 2 2 2
left_child=1 2 3 20 5 6 11 -8 12 15 -11 -3 14 -14 -4 -10 21 19 -19 -6 25 22 23 24 -2 -1 -25 -22 29 -5
right_child=16 4 8 28 17 -7 7 -9 9 10 -12 -13 13 -15 -16 -17 -18 18 -20 -21 27 -23 -24 26 -26 -27 -28 -29 -30 -31
leaf_value=0.004201926106201969 -0.01115974406856643 -0.00096577576379522703 0.0034461505737843276 0.00049037766072986021 -0.049610156522953169 0.046621048121474447 0.0011978957011500382 -0.00029730338470663082 -0.0087416752112640852 -0.020085159220576729 0.049812740751625811 -0.049270239000020845 -0.030424673168276462 -0.0025702360024305315 -0.00044771354408166603 0.067435153048138449 0.036968865097081569 -0.056706922047826847 0.12603558206894092 0.064582811512760588 0.0032224159772700819 -0.099206210388918581 -0.068600365833885332 -0.060254017075054213 0.072829900233620543 0.0019093031176303666 -0.017469317476252615 0.0050604844139970281 0.0020179689883561103 -0.0030316796172524399
leaf_weight=10285.329995709151 52.577415874926373 146292.00703793403 10603.356144643738 54557.499263320933 105.6259174462175 80.615396551787853 99754.960270987824 212783.27751171868 15.581113960244691 121.06088513307623 45.71021403116174 55.439822473563254 449.45349170267582 2962.3394317291677 176612.83680139238 91.359180749859661 14.483392104506491 2.0061558296438298 2.6800290262326598 2.7831490337848654 4759.4140358367004 5.858191166073083 16.078591092955321 27.192094990983605 8.4852130498038587 15070.965978565393 45.505721075343899 13974.215343568707 3691.9391685575247 1135.40349790256
leaf_count=29119 2514 463476 83069 131547 36407 241 283597 554508 463 17777 13929 2385 1645 13920 546240 935 35 36 27 5 11231 29 5254 5593 1040 35866 1082 32592 8877 2811
internal_value=5.10171e-05 5.57414e-05 0.000444528 0.00182468 -0.000193561 -0.000183071 -0.000191294 0.00017993 -0.000303557 0.0214461 -0.000926876 -0.000984075 -0.000334786 -0.00623965 -0.000227177 0.0563363 -0.0208654 -0.0427636 0.0478035 -0.0466785 0.00358464 -0.0262453 -0.0233928 -0.0179587 0.000511388 0.00283926 -0.0334726 0.00459351 0.000518008 0.000418574
internal_weight=753626 753456 294376 103475 459079 458966 458886 312538 190902 273.711 166.771 146347 190628 3411.79 187216 106.94 170.181 113.095 4.68618 108.409 44089.9 155.697 149.839 133.76 61.0626 25356.3 72.6978 18733.6 59384.8 55692.9
internal_count=2286250 2270703 930021 252043 1340682 1304207 1303966 838105 677978 33104 31706 465861 644874 15565 629309 1398 15547 36475 63 36412 108808 15512 15483 10229 3554 64985 6675 43823 143235 134358
is_linear=0
shrinkage=0.05


Tree=140
num_leaves=31
num_cat=0
split_feature=23 23 57 23 18 54 23 23 23 1 23 54 23 57 1 18 20 0 23 54 56 54 22 10 56 23 56 23 18 1
split_gain=28.9367 31.701 46.7268 46.017 113.117 83.8252 80.6078 117.41 116.703 85.5451 82.5781 56.9902 55.0094 41.2812 29.0515 28.562 26.5672 314.071 22.7447 31.7612 24.3974 20.862 18.4506 9.77177 9.5272 9.41241 7.32542 6.20129 5.31007 2.65505
threshold=5999427.5000000009 2993107.5000000005 15027716.000000002 2985461.5000000005 2987352.0000000005 15001183.500000002 748353.50000000012 747091.50000000012 132607.00000000003 73.500000000000014 748061.00000000012 14988713.500000002 748803.50000000012 14992472.500000002 8.5000000000000018 2987352.0000000005 14091291.000000002 61629735.500000007 2989704.5000000005 14993877.500000002 15006732.000000002 15004572.500000002 2999955.5000000005 1.0000000180025095e-35 15022387.000000002 2996477.5000000005 15033690.500000002 2994157.5000000005 96628.500000000015 3.5000000000000004
decision_type=2 2 2 2 2 2 2 2 2 2 2 2 2 2 2 2 2 2 2 2 2 2 2 2 2 2 2 2 2 2
left_child=1 3 13 6 5 11 7 8 -1 14 -9 -5 -11 16 -8 27 22 -18 20 -20 -6 -17 -3 29 -7 26 -4 -15 -25 -2
right_child=23 2 25 4 18 24 9 10 -10 12 -12 -13 -14 15 -16 21 17 -19 19 -21 -22 -23 -24 28 -26 -27 -28 -29 -30 -31
leaf_value=1.8880761131001727e-05 -0.050341348583833948 -0.031105069087651389 -0.043216388710792884 -0.03606121352298778 -0.0044634943540318795 -0.041771537182829575 -0.00033778346475407477 -0.0093648926537534521 0.0070193668899442667 0.013518119319995168 0.0015577340770458041 -0.0035799117315630184 0.047886310303347536 -0.079313478950996164 0.0066539809107663177 0.014648883295639679 2.4674006331916685 0.050369128665992836 -0.0031867884876699338 0.0064287631018951673 -0.025720316584407873 0.0016187270275167928 0.00082957720266158648 -0.04463987247604876 -0.073322198052010401 -0.063400546818864756 0.026046613988777174 -0.025512923063045145 0.021079054048207809 -0.0077985556895046248
leaf_weight=722526.63546877727 40.622492815600708 46.231573882570956 9.5242578387260419 178.33180698077194 963.15573056950234 218.26630944013596 3332.0198091483908 5583.6179174542194 6002.8747697039507 1163.0088614374399 2507.5198638978181 556.32627481222153 129.38227754831314 7.3247030824422863 2681.2546080028405 1320.4155765175819 0.1370740425772955 6.8929192690411583 2109.8920820411295 1448.294751778245 156.98711566627026 400.31202183663845 2087.8795124792377 4.4416245638858518 26.87288835644722 28.75308221578598 6.3709617704153052 19.928771451115608 9.9800934642553312 4.0313820522278538
leaf_count=2153923 19841 163 36 548 2461 781 17067 14947 32793 2570 6204 1420 222 27 6936 2865 23 997 5306 3477 557 970 10516 35 124 141 17 58 23 1202
internal_value=4.84553e-05 5.11987e-05 0.00452798 2.77049e-05 -0.00446437 -0.0199124 6.18706e-05 1.00381e-05 7.65628e-05 0.00528807 -0.00597987 -0.0114645 0.0169587 0.00511186 0.00277977 0.0108132 0.000457433 0.0974975 -0.00122904 0.000727046 -0.00744262 0.0116175 0.000137772 -0.0349439 -0.0452302 -0.0463315 -0.0154551 -0.0399725 0.00083883 -0.0465006
internal_weight=753577 753518 3933.77 749584 5658.13 979.797 743926 736621 728530 7305.67 8091.14 734.658 1292.39 3889.12 6013.27 1747.98 2141.14 7.02999 4678.33 3558.19 1120.14 1720.73 2134.11 59.0756 245.139 44.6483 15.8952 27.2535 14.4217 44.6539
internal_count=2286250 2265149 15813 2249336 14674 2873 2234662 2207867 2186716 26795 21151 1968 2792 15619 24003 3920 11699 1020 11801 8783 3018 3835 10679 21101 905 194 53 85 58 21043
is_linear=0
shrinkage=0.05


Tree=141
num_leaves=31
num_cat=0
split_feature=72 31 52 23 28 54 58 54 23 72 58 0 22 1 18 3 16 30 23 16 23 1 3 23 1 67 23 18 19 23
split_gain=28.3739 40.8326 33.3772 52.9958 37.5966 31.1797 100.229 70.8279 59.7875 50.4521 42.9289 35.6048 62.4158 61.8515 25.6029 22.8231 22.0285 21.2669 21.9678 19.9596 16.3604 11.7667 20.9005 12.9629 11.1811 9.97414 8.25454 10.3623 6.98062 6.96068
threshold=3.9875729169863692 180.00000000000003 255.50000000000003 70.500000000000014 35.500000000000007 16890462.000000004 6257859.1428571437 15010184.500000002 2989027.5000000005 1.4142135623730299 47006311.500000007 119687958.50000001 1109150.5000000002 122.50000000000001 748534.00000000012 3375.0000000000005 405316.83046599763 382.00000000000006 748014.50000000012 6340046.6412477428 3.5000000000000004 374.50000000000006 500.50000000000006 46.500000000000007 106.50000000000001 2.2476491636847804 741046.50000000012 747099.50000000012 905370.00000000012 748253.50000000012
decision_type=2 2 2 2 2 2 2 2 2 2 2 2 2 2 2 2 2 2 2 2 2 2 2 2 2 2 2 2 2 2
left_child=1 5 3 4 -3 7 15 11 9 -9 -10 13 -13 -1 20 29 28 21 26 -16 -8 22 -2 -24 -17 -25 -19 -28 -5 -7
right_child=17 2 -4 16 -6 6 14 8 10 -11 -12 12 -14 -15 19 24 -18 18 -20 -21 -22 -23 23 25 -26 -27 27 -29 -30 -31
leaf_value=3.6241517535764035e-05 -0.050526556115318623 0.042874091632706703 0.050279163212990953 -0.14785809918324358 -0.037684678957467833 -0.037944802260318336 -0.043966576088487766 0.067695123705402635 -0.0089835640340218126 -0.035934894235348749 0.039634611213349984 -0.013964729729636525 -0.00072735458458581426 0.0051199476861273066 0.032006243805168887 0.066972853252144346 -0.033243045249755222 -0.008466617928409843 -0.046520011872260639 -0.039773870129639684 -0.00050002185450152392 0.036711295404305837 0.061821150570091576 -0.014169683986374401 0.038749352001987508 -0.056442026376901926 0.05837052334350569 0.01161565894727732 0.054023771543087545 0.076084897583075781
leaf_weight=740773.00556514738 49.035237441770732 97.352470101963263 67.053775964741362 0.44761696457862754 17.01439055177616 9.7028113703709078 22.447927675209939 12.220885680057107 415.38143706321716 301.53515727748163 50.975859463214874 1234.9829237639788 3192.390488845238 6031.8656869148836 94.164225369691849 65.130141615867615 66.80624362025992 15.91747462376952 13.974401816725729 10.794889412587507 607.68762327940203 9.238197732716797 5.381379932165145 244.52053344249725 76.086700707674026 14.798648640513418 21.938447937369347 25.772481232881546 9.86748996702954 1.5524327754974354
leaf_count=2203217 11133 360 19418 2 571 190 319 60 1209 1305 102 4063 10757 14866 182 101 14476 51 45 42 1576 49 12 1172 148 89 34 61 638 2
internal_value=4.59621e-05 5.30378e-05 0.0199201 0.00928918 0.0308893 4.62156e-05 0.00941211 3.51614e-05 -0.0150229 -0.0318985 -0.00366928 5.07984e-05 -0.00441982 7.73021e-05 0.00175987 0.0463049 -0.0227427 -0.0132577 0.0102453 0.0246238 -0.00204847 -0.0189049 -0.0205426 -0.0149881 0.0517662 -0.0165821 0.0227124 0.0331145 0.0452632 -0.0222167
internal_weight=753559 753158 258.542 191.488 114.367 752900 887.567 752012 780.113 313.756 466.357 751232 4427.37 746805 735.095 152.472 77.1214 400.577 77.6028 104.959 630.136 322.974 313.736 264.701 141.217 259.319 63.6284 47.7109 10.3151 11.2552
internal_count=2286250 2273604 35465 16047 931 2238139 2560 2235579 2676 1365 1311 2232903 14820 2218083 2119 441 15116 12646 191 224 1895 12455 12406 1273 249 1261 146 95 640 192
is_linear=0
shrinkage=0.05


Tree=142
num_leaves=31
num_cat=0
split_feature=13 28 15 72 23 23 28 44 23 72 32 52 52 30 23 27 21 28 23 72 28 33 32 17 14 13 0 32 65 72
split_gain=28.0012 80.8946 137.635 122.517 102.086 97.7369 94.5349 87.22 65.6357 79.1763 55.3766 90.2333 333.879 89.9639 71.3664 52.0923 50.7215 48.3139 62.275 44.9187 35.6584 34.5206 57.5892 47.2079 55.4511 76.9831 45.493 42.4048 39.0245 33.7762
threshold=677517.21841647755 40.500000000000007 126.11111111111113 1.6128788859674901 52.500000000000007 64.500000000000014 48.500000000000007 1.5000000000000002 354.00000000000006 1.2181238914441133 10.544796933866179 385.00000000000006 258.00000000000006 1.0000000180025095e-35 91.500000000000014 635.50000000000011 321.92618627691576 100.50000000000001 207.50000000000003 1.4232527889294373 42.500000000000007 9.9715312784486105 10.262357161086468 101852.50000000001 19.252891544094748 412.84511272049372 2333.5000000000005 9.6670195131047389 1.5000000000000002 2.0321833465078512
decision_type=2 2 2 2 2 2 2 2 2 2 2 2 2 2 2 2 2 2 2 2 2 2 2 2 2 2 2 2 2 2
left_child=10 4 20 17 -2 7 29 -6 16 -10 21 12 13 -12 -15 -9 -7 18 -4 -19 -3 23 26 -1 25 -25 -23 -26 -28 -5
right_child=1 2 3 6 5 8 -8 15 9 -11 11 -13 -14 14 -16 -17 -18 19 -20 -21 -22 22 -24 24 27 -27 28 -29 -30 -31
leaf_value=0.0013848555751650316 -0.024149093333883861 0.0056923395017353055 -0.0082184341214156572 0.15045483513826008 -0.007259035075622651 -0.005947727134941805 -0.036444766975664449 0.043839938424386361 -0.041506500546042394 0.048726626730308878 -0.043634904175789732 -0.0029635682650618104 0.05035759579913799 0.0049511462101699457 -0.0084114898154687406 -0.0065126853821110197 -0.029732395635459555 -0.042897296793586871 0.036078769869393248 0.063233778559316361 0.045804311794394835 0.0048647460189995759 0.00054351827970893743 -0.00038818003661840976 -0.0029012145710653951 0.0011138251512550015 -0.0013399400903111077 -0.00046342589160591616 -0.047610874765321547 0.040457634761877401
leaf_weight=73343.304844725062 806.53204694762826 73.773047745227814 621.64009178802371 24.353231750428677 246.49607355892658 540.19675147347152 13.725610699504612 235.36867678165436 33.785643942654133 86.690978474915028 100.4554001778597 5076.1401653252542 391.32197012752295 12237.993603467941 1088.0281242467463 65.703985080122948 383.12320297956467 129.10714296996593 90.949729416519403 10.80399603396654 222.53651387244463 3009.4782484397292 74298.540557022439 176483.3523744191 22080.857629779144 165128.38264564425 123807.15214990929 92851.641893720604 45.584823126904666 9.7821933850646001
leaf_count=181911 4861 291 3876 90 1353 3837 96 723 184 325 43030 30269 17027 36198 8369 330 4158 2498 532 83 652 15261 182451 650908 55813 406823 399869 230847 3539 46
internal_value=4.36678e-05 -0.00435881 0.00625898 -0.00346874 -0.00965762 -0.00231308 0.0743736 0.0147951 -0.0112879 0.0234223 6.47695e-05 0.00273735 0.00483165 0.00350478 0.00386013 0.0328513 -0.015817 -0.00783896 -0.00256466 -0.0347018 0.0358175 -4.30339e-06 -0.000561946 0.000207394 1.82363e-05 0.00033786 -0.00120938 -0.000931774 -0.00135697 0.118933
internal_weight=753537 3594.57 1196.67 900.362 2397.9 1591.37 47.861 547.569 1043.8 120.477 749942 18893.9 13817.8 13426.5 13326 301.073 923.32 852.501 712.59 139.911 296.31 731048 201161 529888 456544 341612 126862 114932 123853 34.1354
internal_count=2286250 23935 8164 7221 15771 10910 232 2406 8504 509 2262315 134893 104624 87597 44567 1053 7995 6989 4408 2581 943 2127422 601120 1526302 1344391 1057731 418669 286660 403408 136
is_linear=0
shrinkage=0.05


Tree=143
num_leaves=31
num_cat=0
split_feature=23 23 57 23 18 54 23 23 23 72 1 54 23 54 1 18 54 56 54 23 59 58 23 54 10 23 14 23 18 1
split_gain=27.0833 28.8775 42.242 39.7862 100.641 74.0536 72.6498 108.042 138.304 95.1589 76.3324 51.3405 50.6045 37.6872 26.1164 25.8348 20.2275 29.5311 18.9066 18.1349 17.6706 16.0758 12.6761 9.73585 9.55593 9.08748 6.92621 5.57403 4.81448 2.66522
threshold=5999427.5000000009 2993107.5000000005 15027716.000000002 2985461.5000000005 2987352.0000000005 15001183.500000002 748353.50000000012 746794.50000000012 132607.00000000003 0.1764279436744616 73.500000000000014 14988713.500000002 748803.50000000012 14992484.500000002 8.5000000000000018 2987352.0000000005 14993718.500000002 15006732.000000002 15004572.500000002 5096086.5000000009 6809608.1971577061 5125965.2777777789 2988161.5000000005 15004572.500000002 1.0000000180025095e-35 2996477.5000000005 0.1600178281196237 2994157.5000000005 96628.500000000015 3.5000000000000004
decision_type=2 2 2 2 2 2 2 2 2 2 2 2 2 2 2 2 2 2 2 2 2 2 2 2 2 2 2 2 2 2
left_child=1 3 13 6 5 11 7 8 -1 -9 14 -5 -12 19 -8 27 22 -18 -17 20 -3 -21 -6 -7 29 26 -4 -15 -26 -2
right_child=24 2 25 4 16 23 10 9 -10 -11 12 -13 -14 15 -16 18 17 -19 -20 21 -22 -23 -24 -25 28 -27 -28 -29 -30 -31
leaf_value=1.3258590557682245e-05 -0.05032872348111931 0.00026088859784520197 -0.053352834782334192 -0.034196163796333501 -0.020629883822940745 -0.059342213772298515 -0.00030339649399270578 0.00062714079369869508 0.0082467741949566343 -0.0098257749544865582 0.012777146813181589 -0.0033824909008195307 0.045924148262292512 -0.075248101386984942 0.0063278628712597571 0.014008600054905354 0.0054317144158961897 -0.0091927865809636865 0.0015941480919024369 0.17563959174580779 -0.073771734004878159 0.031836806219743927 -0.0033711447680401549 -0.036696892145365256 -0.042656088571211503 -0.061829632073834045 0.013785587331355049 -0.024246936600366212 0.020043167340776432 -0.0074510121768481515
leaf_weight=722428.93765252712 38.635055747872684 2117.7080491884553 6.6085942089557639 178.55677838390693 111.27107356488705 64.937154605984688 3331.7182746870676 3741.3062292784452 5136.6602187370881 5208.2734865276143 1158.7800059765577 556.45874401926994 127.84750565886497 7.3252506703138378 2678.40261601971 1312.0250952541828 1706.1515336185694 432.74124382436275 400.24706710875034 2.1673091189004507 8.0909680424956587 18.818045881140279 2426.2260562900919 176.38404195010662 4.4167191991000427 27.80518139898777 9.1741990447044355 19.941921323537827 9.9798571616411191 3.9993437790544695
leaf_count=2153923 19841 9861 26 548 310 223 17067 9319 30585 14040 2570 1420 222 27 6936 2856 4061 1303 970 74 646 1127 6127 682 35 141 27 58 23 1202
internal_value=4.14568e-05 4.4065e-05 0.00431893 2.16492e-05 -0.00415726 -0.0187583 5.34076e-05 4.22295e-06 7.13877e-05 -0.00545601 0.00501798 -0.010868 0.0160708 0.00486792 0.00265182 0.0103378 -0.00110886 0.00247288 0.0111067 0.000435709 -2.08857e-05 0.0466884 -0.00412795 -0.0427905 -0.0344133 -0.0446293 -0.0143267 -0.0379483 0.000807691 -0.0463066
internal_weight=753452 753395 3929.91 749465 5652.73 976.337 743812 736515 727566 8949.58 7296.75 735.016 1286.63 3886.32 6010.12 1739.54 4676.39 2138.89 1712.27 2146.78 2125.8 20.9854 2537.5 241.321 57.031 43.588 15.7828 27.2672 14.3966 42.6344
internal_count=2286250 2265149 15813 2249336 14674 2873 2234662 2207867 2184508 23359 26795 1968 2792 15619 24003 3911 11801 5364 3826 11708 10507 1201 6437 905 21101 194 53 85 58 21043
is_linear=0
shrinkage=0.05


Tree=144
num_leaves=31
num_cat=0
split_feature=59 0 22 21 33 31 23 23 23 72 58 72 5 14 16 16 23 19 4 54 30 22 23 17 32 33 37 18 16 18
split_gain=26.5776 25.7314 59.7249 36.8401 32.9498 253.213 77.7755 95.3615 101.286 61.3831 48.7685 74.0934 68.3176 38.3878 31.4534 28.0422 23.8112 23.3529 33.036 32.7937 20.139 19.4185 19.107 175.111 15.8743 13.4139 14.4091 16.1487 19.8471 12.45
threshold=24205664.475517396 119839450.00000001 1124608.5000000002 152707.15065526144 0.012886860243868701 1.0000000180025095e-35 748200.50000000012 746065.00000000012 3.5000000000000004 0.17604132279369275 61696065.000000007 2.8204063416721539 312.00000000000006 0.048202244208169508 152380.40665225682 148265.66554365991 748105.50000000012 119922611.00000001 1503.0000000000002 13521.250000000002 462.00000000000006 1109904.5000000002 2781791.0000000005 2985003.0000000005 1.1669937798946075 0.011718766939487103 4.4327331080291286 2.5000000000000004 23033740.751492314 749617.50000000012
decision_type=2 2 2 2 2 2 2 2 2 2 2 2 2 2 2 2 2 2 2 2 2 2 2 2 2 2 2 2 2 2
left_child=1 4 3 21 6 22 7 8 -1 -9 11 -7 -12 29 -4 -15 24 18 -16 -19 25 -3 -6 -24 -5 26 27 -2 -29 -8
right_child=20 2 14 16 5 10 13 9 -10 -11 12 -13 -14 15 17 -17 -18 19 -20 -21 -22 -23 23 -25 -26 -27 -28 28 -30 -31
leaf_value=-0.0009600770942843035 -0.054602161806711486 0.00037919124247032124 0.065804549070273485 -0.0067334275339373988 -0.044326412208170844 3.6830989465970514e-05 -0.00052959387157699989 0.0021901800809518385 0.0082290491376997826 -0.0083685296068808333 -0.0033267723176699788 0.0093214973666727718 -0.04016617303169908 0.030617405651066631 0.0019977301937185343 0.0097815700621575966 0.0065473402101939929 -0.051417184760641159 0.08648507860746571 0.00058787863844139482 0.074975217023275753 0.062541500429920835 1.3194723378023594 -0.009387091100755059 -0.032079303823235067 -0.06756362084094962 -0.095938696063766316 0.00090643097527759507 -0.055024148030811897 -0.048928922609585479
leaf_weight=6269.1681655875873 21.984026230988093 61.884728583478136 18.556424513459206 74.057884946465492 345.24165894277394 721206.37158097012 21.472445735358633 2221.2485734224319 5748.3635894246399 3619.2813524573576 7553.6924900431186 2155.1750653777272 127.98049189150333 173.93393729394302 777.82807984531973 2256.0447449150961 56.603795975446701 49.921748114749789 11.74500676197931 77.17827764514368 5.4147535413503638 15.763357713818548 0.25185123085975902 15.843949674046597 372.50366821885109 15.323563140700569 5.756409339606761 100.09680905786809 18.847955994773656 34.856205502059311
leaf_count=45226 3888 678 27 210 117239 1991687 487 5473 30667 9601 28087 7432 1253 345 4106 7497 137 598 301 784 15 24 26 4604 1478 5254 29 2217 4144 12736
internal_value=3.93836e-05 4.38109e-05 -0.0064636 -0.0190567 5.69343e-05 1.72621e-06 0.00204173 0.000888201 0.00343537 -0.00435288 2.24095e-05 6.44936e-05 -0.00394054 0.010327 0.0013572 0.011273 -0.0240035 5.25751e-05 0.00325449 -0.0198384 -0.0198798 0.0129988 -0.0418438 0.0114056 -0.0278759 -0.0230501 -0.0183999 -0.0152328 -0.00795631 -0.0304791
internal_weight=753432 753265 1516.04 580.813 751749 731405 20344.4 17858.1 12017.5 5840.53 731043 723362 7681.67 2486.31 935.23 2429.98 503.165 916.673 789.573 127.1 167.424 77.6481 361.337 16.0958 446.562 162.009 146.685 140.929 118.945 56.3287
internal_count=2286250 2270703 8343 2527 2262360 2150328 112032 90967 75893 15074 2028459 1999119 29340 21065 5816 7842 1825 5789 4407 1382 15547 702 121869 4630 1688 15532 10278 10249 6361 13223
is_linear=0
shrinkage=0.05


Tree=145
num_leaves=31
num_cat=0
split_feature=18 18 31 6 31 40 18 72 7 18 20 37 23 6 23 30 23 28 18 72 4 59 58 56 57 28 28 72 28 25
split_gain=26.3447 104.09 190.17 160.733 133.845 123.167 84.0853 131.847 125.293 72.3549 109.618 85.3466 69.9029 169.13 165.319 99.1036 83.236 77.614 72.628 65.4665 55.3174 55.1554 70.6724 53.1211 52.3182 47.4691 57.714 115.524 102.481 93.7896
threshold=1.5000000000000002 72.500000000000014 28.000000000000004 75.000000000000014 1.0000000180025095e-35 1.0000000180025095e-35 925.50000000000011 2.8204063416721539 477.28609625668463 2.5000000000000004 379886.09375000006 1.0690449676496978 11.500000000000002 48.500000000000007 3.5000000000000004 220.00000000000003 387.50000000000006 120.50000000000001 25.500000000000004 2.8184422692378832 124.50000000000001 3264224.8028030978 16070525.41666667 14997054.500000002 2994888.5000000005 52.500000000000007 28.500000000000004 3.2245785380917988 1.0000000180025095e-35 2231.5000000000005
decision_type=2 2 2 2 2 2 2 2 2 2 2 2 2 2 2 2 2 2 2 2 2 2 2 2 2 2 2 2 2 2
left_child=24 3 4 12 21 -4 7 -6 -8 10 19 20 13 17 -15 16 -14 -2 -17 -5 -11 -3 -23 -13 25 26 28 -28 29 -1
right_child=1 2 5 9 6 -7 8 -9 -10 11 -12 23 15 14 -16 18 -18 -19 -20 -21 -22 22 -24 -25 -26 -27 27 -29 -30 -31
leaf_value=-0.0019730153903135196 0.010902827914441795 -0.047660394317153493 0.049224943781477626 -0.0018497009790734995 -0.0068567417197667293 -0.034750111547408528 4.4668249277720712e-05 0.028044831860136545 0.017725950859069129 0.068723423429896582 -0.069670000747423869 0.032383280495423911 -0.011074280020628345 -0.11791560158070727 0.033325525536436029 0.047734095413500585 0.020363232943949094 -0.023164383085903628 -0.018635267635433678 0.038218065963745808 -0.12813924811257119 0.050692215184304293 -0.028315581459238955 -0.012938358854089444 -0.024442687987627779 -0.018749747454021935 0.011363832536779861 -0.040316629407726061 -0.013838530655727039 0.015683083293839963
leaf_weight=8795.9495780407015 2841.0297127240192 204.45508540829178 297.89604867895832 297.227066449821 6695.22902120254 51.164682480564807 724122.94901098311 281.99217189848423 1003.3188021332026 4.7864664196968087 45.320691630244255 985.83162532746792 1906.2298901965842 51.652962371706963 27.789378255605698 145.5909434184432 236.69328936301463 177.64266437059268 57.499485754349735 155.16585858166218 14.022471781820059 38.517627766355872 106.74182407336775 69.191956177353859 258.079701819006 396.69586828595493 1501.4843524501484 116.5252346098423 1682.6363448371994 822.48244187614182
leaf_count=91062 20198 102927 22056 1037 28688 10001 1894026 600 2412 7 157 3532 20193 213 64 11478 4756 4182 5334 480 72 2741 22981 236 5432 5683 8566 645 12433 4058
internal_value=3.73621e-05 7.74115e-05 1.93813e-05 0.00613879 1.7977e-06 0.036916 1.65701e-05 -0.00544616 6.91329e-05 0.0202248 0.00446615 0.0275288 0.00207261 0.00700287 -0.0650106 -0.00443823 -0.0076019 0.00889804 0.0289434 0.0118931 -0.078042 -0.0309233 -0.00736553 0.0294109 -0.00214546 -0.0017133 -0.00119018 0.00764193 -0.0024547 -0.000463223
internal_weight=753392 739818 732802 7015.67 732453 349.061 732103 6977.22 725126 1571.55 497.714 1073.83 5444.13 3098.11 79.4423 2346.01 2142.92 3018.67 203.09 452.393 18.8089 349.715 145.259 1055.02 13573.9 13315.8 12919.1 1618.01 11301.1 9618.43
internal_count=2286250 2158371 2086432 71939 2054375 32057 1925726 29288 1896438 5521 1674 3847 66418 24657 277 41761 24949 24380 16812 1517 79 128649 25722 3768 127879 122447 116764 9211 107553 95120
is_linear=0
shrinkage=0.05


Tree=146
num_leaves=31
num_cat=0
split_feature=72 24 28 23 72 16 19 27 32 72 21 38 31 40 8 28 28 12 72 28 16 11 24 32 30 23 27 1 3 23
split_gain=27.8465 36.0117 115.819 225.149 81.0406 74.0219 67.263 42.5251 37.966 37.6982 69.0082 36.4297 245.328 190.419 155.243 116.341 113.759 93.4186 34.9084 32.5841 30.5159 25.3196 24.2698 20.5145 20.401 19.9525 17.8439 11.8662 19.3756 11.5336
threshold=3.9875729169863692 13663.000000000002 1.0000000180025095e-35 91.500000000000014 1.8775624059832914 2068.8725655092894 8170981.5000000009 7610.0000000000009 355.52395623494107 3.3148616704856528 19160.159461906886 922.31578947368473 28.000000000000004 1.0000000180025095e-35 31.761866703180228 37.500000000000007 120.50000000000001 1778.5656811088218 2.8289876302002539 25.500000000000004 2696.2832338572075 822.57142857142856 23655.000000000004 415.87246627664166 382.00000000000006 748014.50000000012 12015937.000000002 374.50000000000006 500.50000000000006 46.500000000000007
decision_type=2 2 2 2 2 2 2 2 2 2 2 2 2 2 2 2 2 2 2 2 2 2 2 2 2 2 2 2 2 2
left_child=1 7 3 4 20 -5 9 11 -9 10 -4 12 14 -14 -1 17 -17 -13 -6 -11 -3 -7 -8 -10 27 -26 -24 28 -2 -30
right_child=24 2 6 5 18 21 22 8 23 19 -12 15 13 -15 -16 16 -18 -19 -20 -21 -22 -23 26 -25 25 -27 -28 -29 29 -31
leaf_value=4.7200273283417403e-05 -0.050503550480755166 0.052996232576170949 -0.01631708601354135 0.21261020618252158 -0.041811360850236096 0.031253071927169022 -0.01867754401405573 -0.050479072039872688 0.09575487511067797 0.0071086944987085003 0.013006545797959696 -0.004098998504853955 0.051078665411490198 -0.0504041113845759 0.096910666981946531 0.009546496696126637 -0.0271905601743089 -0.024626640147396437 0.039947356841261175 -0.058703770993989747 0.10437550436784847 -0.016111453049625333 0.048633964974732186 -0.031534391491037754 0.02182413586515352 -0.044148946594345338 -0.016083483868271211 0.037068242641215506 0.056876050307379016 -0.016743359896571081
leaf_weight=738985.99225991243 45.642062257858925 45.119908228545683 473.89591770560946 3.7698389068245879 14.189946889906421 32.014549908140907 20.064000159502029 69.652977209538221 7.5747595801949483 27.237469226121902 347.94392996179522 8467.1759307701141 366.81770774722099 52.888370169792324 41.367094337940216 2459.5382884610444 230.47155989613384 593.05658539757133 163.34308810532093 60.766900613903999 80.388814501464367 237.78073032200336 93.929139645304531 5.4375410303473473 63.261174466460943 13.996045634150503 12.013134806300512 9.2461846321821195 5.4311605691909781 260.14290817081928
leaf_count=2134572 11133 141 6956 11 67 400 85 653 32 116 1317 45476 17054 4583 57 13480 3904 4157 429 379 162 1706 17947 32 146 45 19888 49 12 1261
internal_value=3.55203e-05 4.25073e-05 0.00750669 0.0254674 0.0551529 -0.00741664 -0.00249118 2.64871e-05 -0.0358333 -0.00723275 -0.00390228 3.04333e-05 7.43258e-05 0.0382905 5.26222e-05 -0.00273174 0.00639898 -0.00544268 0.0334125 -0.0383347 0.0859049 -0.0104911 0.0317459 0.0425636 -0.0131912 0.00987234 0.0412954 -0.0187514 -0.0204098 -0.0152378
internal_weight=753290 752892 1612.46 576.607 303.042 273.565 1035.85 751280 82.6653 909.844 821.84 751197 739447 419.706 739027 11750.2 2690.01 9060.23 177.533 88.0044 125.509 269.795 126.006 13.0123 397.72 77.2572 105.942 320.462 311.216 265.574
internal_count=2286250 2273604 49604 2916 799 2117 46688 2224000 717 8768 8273 2223283 2156266 21637 2134629 67017 17384 49633 496 495 303 2106 37920 64 12646 191 37835 12455 12406 1273
is_linear=0
shrinkage=0.05


Tree=147
num_leaves=31
num_cat=0
split_feature=32 70 33 28 16 23 25 23 28 28 52 36 21 72 23 25 13 0 4 28 27 28 27 24 56 4 22 33 57 18
split_gain=26.2512 72.9812 58.605 55.6243 54.3667 46.737 64.3203 47.6096 43.2715 74.9307 54.9899 50.3956 110.909 133.29 70.34 46.9021 45.978 37.954 34.9471 32.9546 28.3018 27.8836 45.8694 24.5477 21.7177 20.1147 19.5169 16.3602 16.05 13.253
threshold=10.341956801922974 0.63333333333333341 9.9905589220681765 207.50000000000003 11225.320151336444 1560.5000000000002 3477.2692307692309 83.500000000000014 77.500000000000014 100.50000000000001 258.00000000000006 480.43927125506076 431156.83540620917 2.7795727896415063 132607.00000000003 2281.6250000000005 432.04391138249724 2333.5000000000005 21.500000000000004 2247.5000000000005 4115.0000000000009 6176.5000000000009 3793.5000000000005 1634.5000000000002 11461.500000000002 93.000000000000014 14147148.000000002 51315.789473684214 12026.000000000002 1.0000000180025095e-35
decision_type=2 2 2 2 2 2 2 2 2 2 2 2 2 2 2 2 2 2 2 2 2 2 2 2 2 2 2 2 2 2
left_child=2 3 8 4 5 7 -7 -2 11 20 24 15 14 -14 -13 16 -1 19 -19 23 -10 22 -20 -4 -11 -21 27 -3 -22 -29
right_child=1 26 17 -5 -6 6 -8 -9 9 10 -12 12 13 -15 -16 -17 -18 18 21 25 28 -23 -24 -25 -26 -27 -28 29 -30 -31
leaf_value=1.7519288012743572e-06 0.0012345218541058261 -0.04961189230494488 0.025551285046248789 -0.03825594713442642 0.044360913801414846 0.12687207402730002 -0.03283450778643094 -0.0063490484130195191 -0.020400708453955283 0.0026765821774118914 0.049707338921934935 -0.034557822230074774 0.021427926270649433 -0.0071107736125861605 0.043735223030607055 0.038033296847311618 0.0012686116367604261 -0.047186403461758189 -0.0010921580732332792 0.018848861967629835 0.075630998339065725 -0.047742013188595021 0.014193003290055165 -0.0057705512533233368 -0.040345990395275866 0.0058178839928158975 0.058862920458200643 -0.056264627504258757 0.03283430539179006 0.11455845242048486
leaf_weight=447935.80689123611 67283.123101769539 96.423089777992573 67.640488027594984 90.025384965585545 72.454494647681713 16.797744996845726 10.09203416854143 2135.2818190231919 11.988483369394087 58.386057569179684 38.828504541656002 414.84904965758324 490.20293517410755 2474.0452782399952 30.818906188011169 81.950153116718866 85250.283989086747 41.057181363925338 142997.68311311305 355.9620895087719 64.138946073362604 31.967487215995789 492.51114716380835 831.87063926737756 58.950058950882521 1762.1709436476231 4.719252889044582 1.9016325862612564 33.272239223006181 2.818007486872375
leaf_count=1271584 215965 38484 379 1586 235 44 47 18330 77 1174 13929 1566 1513 12440 80 8758 213982 3582 445235 1217 753 605 2713 4737 17655 8928 19 36 570 27
internal_value=3.37297e-05 0.000957995 -6.05374e-05 0.00102108 0.00107195 0.00102678 0.0669324 0.00100125 0.000181362 0.0203594 -0.00187022 0.000171377 -0.00588776 -0.00239128 -0.0291437 0.000210122 0.000204308 -0.000946644 -0.00106329 0.00460277 0.0520915 -0.0010501 -0.00103969 -0.00341524 -0.0189381 0.0080078 -0.0405255 -0.0451629 0.0610132 0.0457306
internal_weight=753238 69713.6 683524 69607.8 69517.7 69445.3 26.8898 69418.4 536944 265.564 156.165 536678 3409.92 2964.25 445.668 533268 533186 146581 143563 3017.64 109.4 143522 143490 899.511 117.336 2118.13 105.862 101.143 97.4112 4.71964
internal_count=2286250 274773 2011477 236207 234621 234386 91 234295 1544081 34158 32758 1509923 15599 13953 1646 1494324 1485566 467396 452135 15261 1400 448553 447948 5116 18829 10145 38566 38547 1323 63
is_linear=0
shrinkage=0.05


Tree=148
num_leaves=31
num_cat=0
split_feature=54 58 56 30 56 18 18 18 54 54 56 59 54 17 23 32 58 18 18 7 57 72 57 18 3 16 58 16 0 23
split_gain=25.3823 96.9814 60.1416 45.2905 43.256 46.4553 88.848 61.4526 67.7814 59.8969 56.9044 41.4933 34.7189 43.6088 38.2668 48.8183 36.7449 28.6131 105.163 69.5647 23.9998 23.4283 23.1815 22.7834 21.0504 17.986 16.261 15.5525 13.9217 13.5921
threshold=16890462.000000004 6257859.1428571437 15006732.000000002 324.00000000000006 14993142.500000002 244.50000000000003 2.5000000000000004 2987352.0000000005 14996665.500000002 15001183.500000002 14994437.500000002 16034008.039272441 4077830.5000000005 10017469.000000002 2990461.0000000005 0.16005890921079977 47006311.500000007 107363.50000000001 105817.50000000001 477.28609625668463 572871.00000000012 2.49740646022966 31655.000000000004 748534.00000000012 3375.0000000000005 6063118.4357195934 6635418.1428571437 4805402.2746585384 41496920.000000007 746065.00000000012
decision_type=2 2 2 2 2 2 2 2 2 2 2 2 2 2 2 2 2 2 2 2 2 2 2 2 2 2 2 2 2 2
left_child=2 24 4 12 11 6 10 9 -9 -7 -6 17 13 -4 15 -14 -16 18 -1 -19 -13 -22 -15 26 -2 -8 -3 -25 -28 -30
right_child=1 23 3 -5 5 7 25 8 -10 -11 -12 20 14 22 16 -17 -18 19 -20 -21 21 -23 -24 27 -26 -27 28 -29 29 -31
leaf_value=-0.00010004610458200568 -0.020987004562639189 -0.078329941998927483 0.078726977415618585 0.061565081713437386 0.023743557171769101 -0.0026828723735754217 -0.028130473659930738 0.0025310182040972186 0.019152779221693936 -0.03990756296665407 -0.058886861373107426 -0.040980985610079498 -0.028576421319340847 -0.010999632299431098 -0.0037902983465750574 -0.0086181522774627078 0.039390294183539072 -0.00072068181815605726 0.001774275073540748 0.023101581218513748 -0.023153324490497437 0.016674437230141007 0.093703159139322451 0.035645703425211665 0.050595072755576134 0.048155467238534054 0.048561426844886721 -0.0023373573452027722 0.0069073299459778761 -0.0078202661970269444
leaf_weight=532334.72430972243 11.097980722552164 6.9265657411888233 24.398892668599728 22.924193955899682 41.741244360775454 678.73014445602894 8.0838330352271424 2372.3593557476997 827.189319267869 128.52800707519054 41.601425086148083 90.144754100751015 447.85722835548222 53.556429764721543 566.99806174635887 969.98533932864666 53.955714017152786 125853.64578391844 87078.115248264861 307.20048852264881 101.85102167732839 57.922625176608562 5.865413532126694 73.973828196525574 137.74876298010349 174.81812067702413 13.700623154640196 42.395764915738255 249.1733862448018 421.95568153262138
leaf_count=1641926 192 64 98 196 307 1720 31 5661 1792 407 334 17458 1765 244 1511 7083 104 383970 208636 735 8230 850 21 139 249 411 24 114 875 1103
internal_value=3.20122e-05 0.00816986 2.16596e-05 -0.00833762 4.557e-05 0.00506187 0.0252863 0.00371799 0.00682829 -0.00860962 -0.0175023 1.68301e-05 -0.00909257 0.022445 -0.0103892 -0.0149224 -3.82643e-05 2.36582e-05 0.000163449 -0.000662675 -0.020353 -0.00871459 -0.000664625 0.0013387 0.0452579 0.0447838 -0.00210467 0.0218077 -0.00133371 -0.00235228
internal_weight=753199 956.973 752242 2145.54 750097 4273.05 266.245 4006.81 3199.55 807.258 83.3427 745824 2122.62 83.8207 2038.8 1417.84 620.954 745574 619413 126161 249.918 159.774 59.4218 808.126 148.847 182.902 691.756 116.37 684.83 671.129
internal_count=2286250 2760 2283490 11022 2272468 10663 1083 9580 7453 2127 641 2261805 10826 363 10463 8848 1615 2235267 1850562 384705 26538 9080 265 2319 441 442 2066 253 2002 1978
is_linear=0
shrinkage=0.05


Tree=149
num_leaves=31
num_cat=0
split_feature=72 24 23 23 23 28 19 11 26 31 40 8 28 23 18 18 28 23 23 27 21 56 23 20 16 19 23 23 23 16
split_gain=24.3417 34.6076 149.999 218.609 94.5458 91.4134 94.0653 66.735 52.349 87.3319 274.781 131.559 76.6031 76.1414 72.6459 70.4368 81.9541 51.9575 48.1273 46.2505 42.6625 33.1154 29.7372 24.9163 22.3135 20.8132 18.655 32.7799 16.778 15.2374
threshold=3.9875729169863692 10862.500000000002 91.500000000000014 1.5000000000000002 430.50000000000006 207.50000000000003 6949.5000000000009 769.88392857142867 220.0013154218839 28.000000000000004 1.0000000180025095e-35 31.761866703180228 42.500000000000007 354.00000000000006 1.0000000180025095e-35 15.500000000000002 26.500000000000004 489.50000000000006 164.50000000000003 1723.0000000000002 2489.7329804702631 38295.500000000007 489.50000000000006 1123864.1964285716 619.60222619141575 26746.500000000004 743247.50000000012 747661.00000000012 3.5000000000000004 2168023.5332479952
decision_type=2 2 2 2 2 2 2 2 2 2 2 2 2 2 2 2 2 2 2 2 2 2 2 2 2 2 2 2 2 2
left_child=1 8 3 21 7 6 -5 -4 9 11 -11 14 -12 15 -1 16 -10 19 -9 -15 22 23 -6 -3 -19 -22 29 -28 -7 -2
right_child=26 2 4 5 20 28 -8 18 13 10 12 -13 -14 17 -16 -17 -18 24 -20 -21 25 -23 -24 -25 -26 -27 27 -29 -30 -31
leaf_value=-0.0082291521516243346 -0.013114625584114482 -0.0039022717469516231 0.050047077720934863 0.05343172430672604 0.067801126229007483 -0.039263156377462999 0.021171794361388604 -0.0077932016224270461 -0.010646075375991521 0.05098566651322313 -0.0041263173804439359 0.088387016782740829 0.019359926460870331 -0.010843467780869191 4.585278665012596e-05 -0.032915311077581583 0.0031633128128081781 -0.054688117100899408 -0.031414667245929548 0.048046714478871433 -0.024488347155436307 0.054499877497723205 0.018509646307194746 -0.028843228296059977 0.0052847856038992589 0.024826508757427517 0.042637086801028345 -0.014763106728207348 0.20843093273251645 -0.04129981688467791
leaf_weight=2661.7878707493655 220.9536242405884 589.88366294420848 36.823076279688394 354.50328336103121 54.288987397798337 50.163745113823097 623.2081859667087 467.99034149944782 2687.6390042621642 345.50538687035441 1285.3654902544804 42.118065565824509 475.66228389926255 43.095779104158282 740105.75219584396 240.2567347032018 1789.9105621818453 24.32067409157753 399.89057173207402 147.28566861152649 54.693871968018357 21.747777536962531 70.11776173223916 120.61287710838951 42.809138771146536 35.143115530474461 37.970213234424591 72.105701431632042 0.69312082562828337 61.243583214585669
leaf_count=37089 2022 4092 11930 1263 247 1684 4366 3557 21691 17045 7029 62 1954 300 2111599 5519 11936 162 3342 576 319 1956 2674 1878 197 21057 69 199 80 10356
internal_value=3.0418e-05 3.69068e-05 0.00550764 0.0146044 -0.00880725 0.0294692 0.0328688 -0.01588 1.58979e-05 5.00394e-05 0.0102162 2.12091e-05 0.00221743 -0.00509584 1.61984e-05 -0.00654094 -0.00512574 0.0213795 -0.0186772 0.034716 0.0210593 -0.00627591 0.0400196 -0.00813621 -0.016443 -0.00519699 -0.0124215 0.00503684 -0.0358874 -0.0192315
internal_weight=753164 752771 2879.76 1760.81 1118.95 1028.57 977.711 904.704 749892 744916 2106.53 742810 1761.03 4975.32 742768 4717.81 4477.55 257.511 867.881 190.381 214.244 732.244 124.407 710.497 67.1298 89.837 392.273 110.076 50.8569 282.197
internal_count=2286250 2273604 58445 15319 43126 7393 5629 18829 2215159 2174778 26028 2148750 8983 40381 2148688 39146 33627 1235 6899 876 24297 7926 2921 5970 359 21376 12646 268 1764 12378
is_linear=0
shrinkage=0.05


Tree=150
num_leaves=31
num_cat=0
split_feature=28 28 10 28 0 22 16 33 31 23 32 28 27 17 27 24 27 52 37 27 27 4 1 27 27 15 27 27 27 14
split_gain=23.5233 32.62 46.9709 36.2055 23.7141 55.1158 55.4019 27.6233 230.895 68.1946 27.4269 14.9715 14.0831 12.9772 18.9133 12.3473 10.2265 9.59214 8.37974 7.49965 8.80937 4.90999 3.9214 3.69855 3.69732 3.61445 2.88853 3.37865 2.16671 1.88868
threshold=6176.5000000000009 3796.5000000000005 45.000000000000007 3192.5000000000005 119839450.00000001 1109904.5000000002 152380.40665225682 0.012886860243868701 1.0000000180025095e-35 748061.00000000012 1.1669937798946075 4561.5000000000009 4066.5000000000005 4938.0000000000009 4800.5000000000009 4678.5000000000009 4232.5000000000009 258.00000000000006 5.0116238143396492 3719.5000000000005 3620.5000000000005 86.500000000000014 50.500000000000007 5349.0000000000009 3915.5000000000005 5722.6428571428587 4687.5000000000009 5079.5000000000009 5079.5000000000009 314.95244177624551
decision_type=2 2 2 2 2 2 2 2 2 2 2 2 2 2 2 2 2 2 2 2 2 2 2 2 2 2 2 2 2 2
left_child=1 3 11 4 7 10 -7 9 -9 -1 -6 12 24 14 15 -4 -14 22 19 20 -5 -21 29 28 -3 -25 -13 -28 -15 -2
right_child=17 2 13 18 5 6 -8 8 -10 -11 -12 26 16 23 -16 -17 -18 -19 -20 21 -22 -23 -24 25 -26 -27 27 -29 -30 -31
leaf_value=0.0006192685872627577 -0.05280653926238793 0.030643631608352956 0.0066116709270069088 -0.0079975143776815204 0.0049206565170940315 0.063376787102030638 -0.0027403663774272454 -0.041226518007187941 1.9576145244749869e-05 0.0085638940731576612 -0.029980905591232496 -0.060468913488387711 0.061422136364163341 -0.012135448868220546 0.073653385936896396 -0.059956182887190602 0.029545060533295184 0.044755472116540608 0.04930179089628229 -0.0020952017461479278 0.0066128551276213622 -0.030758943059171651 0.050191178063722509 0.0040962322989975429 0.0055296716647545499 -0.019907469086824892 0.02690076864096131 -0.039383775412943661 -0.04627315612195082 -0.019348963010283087
leaf_weight=17243.034738296003 30.969433665042743 29.03522087635065 213.37546239793301 1416.7912636222027 69.746365963088465 32.60648088157177 1119.5967003572005 339.4619113819208 728665.16940872627 3202.8373437426635 291.74347733287141 3.4354714602231962 62.456071138381958 7.2424671053886422 10.332078799605368 7.2010882496833792 42.132702633898589 3.2012226406950495 6.4745655432052436 20.449980547622545 111.2753716907464 55.450995702500222 1.0410257261246432 27.674510322511196 29.591519191861153 36.193234557285905 3.9537181928753853 3.7419682039762847 12.975478060543537 4.8830906897783271
leaf_count=97823 10932 128 1284 11023 693 49 5422 123650 2000073 24536 1137 24 182 48 55 52 2290 1000 2831 205 798 471 137 203 141 286 23 600 94 60
internal_value=2.88711e-05 3.09101e-05 0.0129361 2.25188e-05 3.85788e-05 -0.00621338 -0.000869301 5.12061e-05 3.6985e-07 0.00186379 -0.0232469 0.0337581 0.0375845 0.00141129 0.0075355 0.00443845 0.0485807 -0.0382681 -0.00746641 -0.00769556 -0.00693357 -0.0230361 -0.0454719 -0.0154064 0.0179675 -0.00950643 -0.0223475 -0.00532958 -0.0340444 -0.0482496
internal_weight=753104 753064 489.341 752575 750964 1513.69 1152.2 749451 729005 20445.9 361.49 174.347 163.216 314.994 230.909 220.577 104.589 40.0948 1610.44 1603.97 1528.07 75.901 36.8936 84.0857 58.6267 63.8677 11.1312 7.69569 20.2179 35.8525
internal_count=2286250 2274121 5410 2268711 2253383 7301 5471 2246082 2123723 122359 1830 3388 2741 2022 1391 1336 2472 12129 15328 12497 11821 676 11129 631 269 489 647 623 142 10992
is_linear=0
shrinkage=0.05


Tree=151
num_leaves=31
num_cat=0
split_feature=32 70 33 22 28 23 25 23 28 28 52 36 21 22 23 13 16 13 0 4 24 18 28 27 24 56 22 13 33 57
split_gain=23.566 65.5129 51.7911 49.8185 49.6088 40.0571 52.7831 39.7554 37.4685 66.9865 50.0126 44.0545 101.879 119.969 63.6737 41.7905 141.314 50.4482 34.1748 32.2751 29.6001 25.1517 24.8258 37.286 22.626 20.2866 18.4529 17.7316 15.5216 14.0247
threshold=10.341956801922974 0.63333333333333341 9.9905589220681765 38143.000000000007 207.50000000000003 1560.5000000000002 3477.2692307692309 79.500000000000014 77.500000000000014 100.50000000000001 258.00000000000006 480.43927125506076 431156.83540620917 2969177.0000000005 132607.00000000003 432.04391138249724 995820.26851541793 423.34354810980284 2333.5000000000005 21.500000000000004 2239.5000000000005 1.5000000000000002 6176.5000000000009 3793.5000000000005 1634.5000000000002 11461.500000000002 14147148.000000002 37865.056923745462 51315.789473684214 12026.000000000002
decision_type=2 2 2 2 2 2 2 2 2 2 2 2 2 2 2 2 2 2 2 2 2 2 2 2 2 2 2 2 2 2
left_child=2 3 8 4 5 7 -7 -2 11 21 25 15 14 -14 -13 17 -17 -1 20 -20 24 -10 23 -21 -4 -11 28 -22 -3 -23
right_child=1 26 18 -5 -6 6 -8 -9 9 10 -12 12 13 -15 -16 16 -18 -19 19 22 27 29 -24 -25 -26 -27 -28 -29 -30 -31
leaf_value=0.0003170882596735345 0.0011601811293767631 -0.049435646716776131 0.02393129443238419 0.044379884479300385 -0.037163811508298894 0.11227251320422614 -0.031401201230768248 -0.0056440632996079838 -0.009937365922653485 0.0023315761659774732 0.049600893389466084 -0.033150833233635511 0.017455815182726125 -0.0073475340351474147 0.040950712187314164 0.0010199351195222062 0.023334433063281305 -0.00088681008688163462 -0.046726490548354538 -0.0010316370615290813 0.017912166461674175 0.072045582582141596 -0.046988087831070016 0.012658202382443222 -0.0060216686105169738 -0.039569079332411668 0.056960988269043202 0.0055007863725008129 0.043236828269188537 0.031160517996613148
leaf_weight=329735.15485067619 67163.873663300532 88.884134427644312 68.628820372745395 66.002978056669235 85.40549845690839 17.890036284923557 9.946997255086897 2217.6049517337233 15.668615518137811 58.244950686581433 35.231273483601399 410.52065102756023 616.08430825173855 2336.0635347627103 31.192573428153992 84521.168352842331 715.50199425965548 118214.30812785029 38.58902569138445 142984.7406870164 341.15581018477678 63.123640990350395 29.33181618899107 499.11768968403339 775.25874309334904 57.311938285798533 4.6847255639731875 1839.0065200179815 4.7602939237840465 31.413299975713016
leaf_count=985569 215432 38484 379 224 1586 44 47 18874 463 1174 13929 1566 1758 12195 80 211938 2046 294771 3582 445235 1171 518 605 2713 4415 17655 19 9296 63 419
internal_value=2.73985e-05 0.000903486 -6.1899e-05 0.000961137 0.0009199 0.00096676 0.0609336 0.000942701 0.000165539 0.0191056 -0.00254977 0.000156326 -0.00552226 -0.00217132 -0.027918 0.000192472 0.00120725 -6.2171e-07 -0.000894902 -0.00100571 0.00436529 0.0487356 -0.000993419 -0.000984016 -0.00358576 -0.0184496 -0.0398801 0.00744294 -0.0447248 0.05846
internal_weight=753076 69659.1 683417 69560.7 69494.7 69409.3 27.837 69381.5 536841 260.994 150.788 536580 3393.86 2952.15 441.713 533186 85236.7 447949 146576 143552 3024.05 110.206 143513 143484 843.888 115.557 98.3292 2180.16 93.6444 94.5369
internal_count=2286250 274773 2011477 236207 235983 234397 91 234306 1544081 34158 32758 1509923 15599 13953 1646 1494324 213984 1280340 467396 452135 15261 1400 448553 447948 4794 18829 38566 10467 38547 937
is_linear=0
shrinkage=0.05


Tree=152
num_leaves=31
num_cat=0
split_feature=59 32 70 15 21 20 17 28 72 33 32 17 14 15 15 0 65 28 33 30 22 24 33 60 60 61 61 23 54 3
split_gain=22.7222 22.0409 63.1651 59.849 76.5708 77.5856 47.0471 95.081 34.4819 29.7305 39.9259 36.2688 44.4047 64.4188 38.3505 34.34 30.1415 26.6686 22.192 20.4823 17.3833 15.6721 14.7228 11.5099 33.3965 34.6405 82.9244 19.4065 17.3806 15.2388
threshold=25665777.054982185 10.501829944157278 0.63333333333333341 559.14285714285722 894.75011655924561 833.50000000000011 93835.500000000015 1.0000000180025095e-35 1.8858371274993757 9.9715312784486105 10.24385496777011 101852.50000000001 19.252891544094748 106464.50000000001 102925.23529411767 2333.5000000000005 1.5000000000000002 2247.5000000000005 9.9086914089123308 372.00000000000006 14147148.000000002 23655.000000000004 51315.789473684214 71197007.500000015 74836989.500000015 5446728.0000000009 5289514.0000000009 194.50000000000003 2724657.7500000005 14.000000000000002
decision_type=2 2 2 2 2 2 2 2 2 2 2 2 2 2 2 2 2 2 2 2 2 2 2 2 2 2 2 2 2 2
left_child=1 9 3 4 5 -3 7 -5 -6 11 15 18 13 -13 -14 17 -17 -11 -1 23 22 -8 -4 27 25 26 -25 -2 -26 -27
right_child=19 2 20 6 8 -7 21 -9 -10 10 -12 12 14 -15 -16 16 -18 -19 -20 -21 -22 -23 -24 24 28 29 -28 -29 -30 -31
leaf_value=0.0018388577011631852 -0.0094043617290982453 -0.0024724032663885811 -0.049277019616747547 0.0099305825738669022 -0.046271361099787356 0.036528784977628605 0.0010399976409327259 -0.0018989677969861671 0.015653853818600842 -0.0031025976913625604 0.00035673017509549863 0.0010633198656883587 -2.2999642844213616e-05 -0.00032030947883963923 -0.0018594258167196035 -0.0012392242281934532 -0.046446619919279925 0.0071767033119030143 1.3858044629235483e-05 0.03567465699601359 0.054924651785547188 0.042921610830854044 0.040075727338891982 -0.050466500543181886 -0.062851873019764859 -0.050759054514702986 0.99996867568576531 -0.063101527490186757 0.0054577938287657208 0.09145790279941797
leaf_weight=47726.361188613984 28.826571061072173 6615.2975302342093 84.59035377309192 5067.8211825994076 138.15693983994424 130.02257040236145 14333.605119583779 2555.0069785807282 26.848633341491222 895.80858706776053 74408.873282694258 150529.83300980204 63422.536344547756 190687.20467255771 51525.487014083425 116966.56510553882 36.882750467862934 2134.3225010186434 25588.47411870223 14.271387871354817 4.6325444150716057 22.371615782380104 4.8758723714854559 0.44117584894411166 19.343581184977666 2.7482660265377481 0.32724255055654794 40.418364278841182 17.955883731890935 5.986847221851348
leaf_count=118694 2396 44682 38359 36699 2142 715 34602 17499 174 5116 183239 364176 157199 679281 129461 382904 3539 10145 63217 35 17 83 63 77 5653 1001 9 3196 1870 7
internal_value=2.60028e-05 2.96162e-05 0.00138165 0.00151487 -0.00254381 -0.00172062 0.00279095 0.00596557 -0.0361953 -2.45142e-05 -0.000553269 0.000169662 3.76163e-06 0.000290086 -0.000846178 -0.00111738 -0.00125347 0.0041378 0.00120189 -0.0208503 -0.0395172 0.00110526 -0.0444073 -0.0278017 -0.00864833 0.0750261 0.396877 -0.0407475 -0.0299677 0.0467132
internal_weight=753036 752906 28983.2 28889.1 6910.33 6745.32 21978.8 7622.83 165.006 723922 194442 529480 456165 341217 114948 120034 117003 3030.13 73314.8 130.319 94.0988 14356 89.4662 116.048 46.803 9.50353 0.768418 69.2449 37.2995 8.73511
internal_count=2286250 2272006 175035 136596 47713 45397 88883 54198 2316 2096971 584943 1512028 1330117 1043457 286660 401704 386443 15261 181911 14244 38439 34685 38422 14209 8617 1094 86 5592 7523 1008
is_linear=0
shrinkage=0.05


Tree=153
num_leaves=31
num_cat=0
split_feature=23 23 57 23 18 54 23 23 23 23 1 23 54 56 23 18 20 60 23 54 54 22 56 56 10 23 56 23 57 1
split_gain=22.5069 25.3727 38.5112 36.1069 85.375 62.1043 61.2659 95.6605 91.9572 66.837 60.8604 47.3394 46.4398 32.3546 27.4806 22.1181 19.2055 55.5463 18.931 25.5951 17.3129 17.1386 17.0509 10.0643 9.11142 8.76976 6.93432 4.92672 3.92702 2.788
threshold=5999427.5000000009 2993107.5000000005 15027716.000000002 2985461.5000000005 2987352.0000000005 15001183.500000002 748353.50000000012 747091.50000000012 132607.00000000003 748061.00000000012 73.500000000000014 748952.50000000012 14988713.500000002 14992552.000000002 748952.50000000012 2987352.0000000005 14091291.000000002 27369013.000000004 2989704.5000000005 14993877.500000002 15004572.500000002 3001098.0000000005 15012570.500000002 15022387.000000002 1.0000000180025095e-35 2996477.5000000005 15033690.500000002 2994157.5000000005 96541.000000000015 3.5000000000000004
decision_type=2 2 2 2 2 2 2 2 2 2 2 2 2 2 2 2 2 2 2 2 2 2 2 2 2 2 2 2 2 2
left_child=1 3 13 6 5 12 7 8 -1 -9 14 -12 -5 16 -8 27 21 -18 22 -20 -17 -3 -6 -7 29 26 -4 -15 -26 -2
right_child=24 2 25 4 18 23 10 9 -10 -11 11 -13 -14 15 -16 20 17 -19 19 -21 -22 -23 -24 -25 28 -27 -28 -29 -30 -31
leaf_value=-5.003697445892452e-08 -0.050339144597660125 -0.011999777163132826 -0.040863674691446167 -0.032445895439477325 -0.0051689676135125567 -0.036128612023434176 -0.0020254511532762274 -0.0084635273179465235 0.0062232226063202896 0.0013689217706129501 0.012249021503047085 0.055414141494702966 -0.0031472343596394732 -0.070136956109569104 0.0050251389330878684 0.013256388174815751 0.38807182650573208 0.021931199472457696 -0.0028976230292861479 0.0057394624440819577 0.0013413450704937127 0.001839712053361817 -0.029547873981905844 -0.06962477812639549 -0.022963614020751963 -0.060512824691294098 0.026846691140224234 -0.022126556592163227 0.029582857022981104 -0.0051856718074253377
leaf_weight=722026.34976697352 33.862674133386463 253.42827362932439 9.3591482341289503 178.66147091356106 1039.5839189707767 212.79472868144512 2156.5581464974093 5580.084705600515 5985.1276330653345 2503.9105674659368 1209.033897459507 67.039960816502571 556.61133119463921 7.2972371578216579 3848.0224008061341 1282.7906085848808 1.2221743881236742 6.7948079501511529 2110.9379401304759 1444.8543089777231 399.91765071451664 1907.3235399619007 77.037883013486862 25.066555216908455 7.7749776020646078 26.955698594450951 6.3445120900869361 19.95835043489933 6.5519260168075562 3.8024950085673472
leaf_count=2153923 19841 737 36 548 2702 781 5347 14947 32793 6204 2685 107 1420 27 18656 2804 125 895 5306 3477 970 10003 316 124 44 141 17 58 14 1202
internal_value=2.4669e-05 2.69406e-05 0.00403837 5.93929e-06 -0.0039776 -0.0174507 3.61922e-05 -8.95113e-06 5.11127e-05 -0.00541806 0.00460031 0.0145167 -0.0102664 0.00455802 0.0024929 0.0097009 0.000503121 0.0777487 -0.00117154 0.000611955 0.0104246 0.000216519 -0.00685092 -0.0396585 -0.0328714 -0.0432094 -0.0135077 -0.0349806 0.00106674 -0.0457807
internal_weight=752995 752943 3921.39 749022 5645.55 973.134 743376 736095 728011 8084 7280.65 1276.07 735.273 3878.73 6004.58 1709.96 2168.77 8.01698 4672.41 3555.79 1682.71 2160.75 1116.62 237.861 51.9921 42.6594 15.7037 27.2556 14.3269 37.6652
internal_count=2286250 2265149 15813 2249336 14674 2873 2234662 2207867 2186716 21151 26795 2792 1968 15619 24003 3859 11760 1020 11801 8783 3774 10740 3018 905 21101 194 53 85 58 21043
is_linear=0
shrinkage=0.05


Tree=154
num_leaves=31
num_cat=0
split_feature=54 58 54 23 72 57 23 0 72 22 19 1 17 72 57 18 13 22 14 57 18 23 72 13 18 3 17 58 22 19
split_gain=22.5343 90.2242 51.8118 47.9296 44.2181 37.896 28.3056 27.9596 60.7702 77.0324 49.2596 45.6867 130.847 100.936 83.4156 39.2415 27.0822 26.4937 26.2642 26.1382 38.9878 33.0157 22.5642 22.7178 20.5601 19.5232 17.5525 14.9032 14.1036 12.9581
threshold=16890462.000000004 6257859.1428571437 15010184.500000002 2989027.5000000005 1.4142135623730299 15027716.000000002 2996477.5000000005 119687958.50000001 0.17683067884410988 1095177.0000000002 118984589.50000001 122.50000000000001 3687057.5000000005 0.17583410921938605 550.50000000000011 744158.00000000012 58.887996659171456 45006893.000000007 1.177309021846368 14992065.000000002 110110.50000000001 354.00000000000006 1.8160918606443845 21.564560331346893 748534.00000000012 3375.0000000000005 1094645.5000000002 6635418.1428571437 39345486.000000007 39500777.500000007
decision_type=2 2 2 2 2 2 2 2 2 2 2 2 2 2 2 2 2 2 2 2 2 2 2 2 2 2 2 2 2 2
left_child=2 25 7 4 -4 6 17 11 10 18 15 19 13 -13 -14 -9 -11 -5 -10 20 -1 -21 -6 -24 27 -2 -12 -3 -26 -29
right_child=1 24 3 5 22 -7 -8 8 9 16 26 12 14 -15 -16 -17 -18 -19 -20 21 -22 -23 23 -25 28 -27 -28 29 -30 -31
leaf_value=8.7196049182419039e-05 -0.019838763982916896 -0.075427206188231094 0.0660989714683375 -0.012436076650969031 -0.074396893743876369 -0.037225313708263562 0.047023115326976284 0.034176708119156282 -0.036908372982443212 -0.0018996647494818498 0.014748493767514423 0.0095466952332489505 0.068173996918079169 -0.0036286138767594174 0.0045017735666796664 -0.0014757572289880244 -0.015894382382590649 0.015035083407798517 -0.013916922323985738 0.024213748215580089 -0.0013779532831845068 0.0027906260327356588 -0.038879865196228804 -0.0084051387116486267 0.032658884376106409 0.049299957854431455 0.059871132519036953 0.058939377288060861 -0.004865815097548274 -0.0021264263517726876
leaf_weight=687037.8991744275 11.053250547964124 6.8560812724754205 11.890084763523189 210.50592976808548 28.661554951220751 68.35136491060257 33.560806900262833 92.923475161194801 232.83660462417174 2904.785699876491 33.5208870023489 2912.5505163967027 128.78433106874581 2902.1270116562955 85.647016762115527 455.55098987859674 392.39618167281151 150.52529077231884 266.25799205200747 186.61978672072291 48618.218026734539 4952.9091430008411 166.38243366708048 96.694681264460087 78.70335405622609 133.92040404677391 60.360819905996323 8.8004589825868589 36.724135294556618 675.58116874890402
leaf_count=2037849 192 64 60 601 190 288 60 179 822 12862 79 6751 341 8070 2370 1763 1148 362 991 656 194904 11929 757 361 158 249 97 14 95 1988
internal_value=2.34294e-05 0.00771264 1.36993e-05 -0.0129786 -0.0284165 -0.00285343 0.00310048 2.69564e-05 -0.00392966 -0.00633624 0.010293 5.04719e-05 0.00438536 0.00297085 0.0427424 0.00456454 -0.00356517 -0.000982484 -0.0246428 1.51916e-05 -9.63309e-06 0.00356851 -0.0322686 -0.0276788 0.00118594 0.0440286 0.0437599 -0.00207601 0.0207201 -0.00134118
internal_weight=752982 951.639 752030 766.572 303.629 462.943 394.592 751263 4438.63 3796.28 642.356 746825 6029.11 5814.68 214.431 548.474 3297.18 361.031 499.095 740796 735656 5139.53 291.739 263.077 806.665 144.974 93.8817 691.238 115.427 684.382
internal_count=2286250 2760 2283490 2679 1368 1311 1023 2280811 17941 15823 2118 2262870 17532 14821 2711 1942 14010 963 1813 2245338 2232753 12585 1308 1118 2319 441 176 2066 253 2002
is_linear=0
shrinkage=0.05


Tree=155
num_leaves=31
num_cat=0
split_feature=72 24 23 23 28 19 23 11 23 38 31 40 8 38 28 28 72 23 28 26 21 56 27 23 72 19 30 23 23 0
split_gain=21.8618 29.8948 135.668 211.251 83.9597 79.5998 78.6493 65.7784 54.5875 45.8953 229.208 157.89 128.02 82.838 56.966 92.6425 86.9205 109.747 66.9621 49.5877 36.5661 30.9666 30.5968 27.1044 24.687 18.418 17.3006 17.902 14.4063 13.4238
threshold=3.9875729169863692 10862.500000000002 83.500000000000014 1.5000000000000002 207.50000000000003 3622.5000000000005 430.50000000000006 769.88392857142867 152.50000000000003 922.31578947368473 28.000000000000004 1.0000000180025095e-35 31.761866703180228 922.31578947368382 32.500000000000007 100.50000000000001 0.83890054053318985 1.5000000000000002 84.500000000000014 261.61463367738799 2489.7329804702631 38295.500000000007 525.50000000000011 460.00000000000006 1.1908690870378875 26746.500000000004 382.00000000000006 748014.50000000012 3.5000000000000004 219442.00000000003
decision_type=2 2 2 2 2 2 2 2 2 2 2 2 2 2 2 2 2 2 2 2 2 2 2 2 2 2 2 2 2 2
left_child=1 9 3 21 5 -5 7 29 -9 10 12 -12 13 -1 16 18 19 -18 -16 -11 23 24 -17 -8 -3 -22 -2 -28 -6 -4
right_child=26 2 6 4 28 -7 20 8 -10 14 11 -13 -14 -15 15 22 17 -19 -20 -21 25 -23 -24 -25 -26 -27 27 -29 -30 -31
leaf_value=1.6884987812192988e-05 -0.017103801729193478 -0.024545917552720398 0.32510194303372519 -0.038163048110655406 -0.038038662040549953 0.03655289188235615 0.073889081038835014 -0.005081971341120998 -0.02913337905153833 -0.035412405364853537 0.051045278690138175 -0.049783202646543338 0.089052191178461262 0.020210838100675945 0.0034410199644876946 0.11665193796481368 -0.014146216434577015 -0.00052558376656557007 0.031559120020228502 0.022508461759323646 -0.023324379576203036 0.053880110376399865 -0.026708502508689294 0.022460313660729682 -0.0025031485489806428 0.023874631028609233 0.020797732684181669 -0.041773730702175764 0.18147564301525929 0.049991312106639936
leaf_weight=738318.29574822716 310.67251858254895 166.27098928349733 0.44914832711219688 37.196244898921577 47.072650679183425 855.97437188070035 35.558697168744402 512.10325805097818 437.42329102009535 331.82194228470325 330.06508127041161 44.002571220509708 40.388057306408882 508.18984129279852 2137.3169327676296 3.7746823094785205 2033.8032057955861 5420.4008363597095 235.01997800543904 41.583329111337662 53.763356405281229 21.019883610599209 265.87108856160194 91.654263374701259 538.08495138701983 33.577327033563051 62.781151028349996 13.975796684622763 0.75948419133783218 34.683112248574616
leaf_count=2133141 12455 1701 1 241 1684 4828 153 3646 3744 1473 17054 4491 57 1580 12196 16 11922 28083 890 387 319 1956 3869 2768 4269 21057 146 45 71 12007
internal_value=2.22647e-05 2.83776e-05 0.00512558 0.0143547 0.0299851 0.0334413 -0.00769889 -0.013676 -0.0161619 8.89477e-06 5.54511e-05 0.0391846 3.56412e-05 3.07751e-05 -0.00327838 0.00307 -0.00542108 -0.00424183 0.00622659 -0.0289622 0.0197323 -0.00592193 -0.0247016 0.0368357 -0.00770659 -0.00517915 -0.011852 0.00940481 -0.0345532 0.0535085
internal_weight=752964 752576 2865.59 1666.38 941.003 893.171 1199.21 984.659 949.527 749711 739241 374.068 738867 738826 10469.6 2641.98 7827.61 7454.2 2372.34 373.405 214.554 725.376 269.646 127.213 704.356 87.3407 387.429 76.7569 47.8321 35.1323
internal_count=2286250 2273604 58445 14750 6824 5069 43695 19398 7390 2215159 2156323 21545 2134778 2134721 58836 16971 41865 40005 13086 1860 24297 7926 3885 2921 5970 21376 12646 191 1755 12008
is_linear=0
shrinkage=0.05


Tree=156
num_leaves=31
num_cat=0
split_feature=28 28 10 28 28 13 28 13 13 25 24 27 14 13 24 28 25 24 24 52 10 17 28 17 27 27 1 27 27 4
split_gain=21.2209 26.2631 41.2982 32.198 25.6774 50.0665 44.4552 104.482 28.9962 27.5154 13.3625 17.3511 12.0811 10.3183 14.2136 12.8624 9.27992 8.75381 8.53284 7.99738 7.73525 7.13054 6.01036 4.63192 20.5914 3.83969 3.5962 3.45331 3.21157 2.58896
threshold=6176.5000000000009 3796.5000000000005 45.000000000000007 3143.5000000000005 2896.5000000000005 29658.763234350012 2481.5000000000005 32426.665043388872 461.8525535849937 2942.5000000000005 4338.5000000000009 4066.5000000000005 500.41706987316456 28315.335758575962 3278.5000000000005 3288.5000000000005 3281.5000000000005 3160.5000000000005 3929.0000000000005 258.00000000000006 42.500000000000007 3091.5000000000005 5496.5000000000009 4938.0000000000009 4800.5000000000009 4294.5000000000009 50.500000000000007 5349.0000000000009 3915.5000000000005 85.000000000000014
decision_type=2 2 2 2 2 2 2 2 2 2 2 2 2 2 2 2 2 2 2 2 2 2 2 2 2 2 2 2 2 2
left_child=1 3 10 4 6 21 8 -8 -1 -7 11 28 23 14 29 17 -16 -15 -14 26 22 -6 -12 24 -4 -13 -2 -25 -3 -5
right_child=19 2 12 13 5 9 7 -9 -10 -11 20 25 18 15 16 -17 -18 -19 -20 -21 -22 -23 -24 27 -26 -27 -28 -29 -30 -31
leaf_value=-2.0117212028811132e-05 -0.047567782127841809 0.027863752706074382 -0.0062498244229707081 -0.055660942738230884 -0.010091463247515017 0.018097836630349379 -0.020095166943670858 -0.0017245304962387989 0.0013468917271623505 0.0051467138112300474 0.060569447819916501 0.047390329851254756 0.0056472650875190739 -0.01269854821891556 0.068183810514446302 -0.019326583496070651 -0.0069490698785933044 0.0027259315698409618 0.03723785900845554 0.043231657199095906 -0.015664627300016679 0.003391168630038242 -0.048674267842370111 -0.033440011665908473 0.065508859547188256 0.080004975480433477 0.050179562697582371 -0.0095948884700585799 0.0046453910692258651 -0.01972837367563858
leaf_weight=697775.95373060228 32.841921044746414 29.709471397101879 117.63039711117744 5.1291153356723944 521.60781102631881 541.05794136226177 859.31389499350917 7794.9047931991518 41075.232507539913 1694.5313632842153 6.9454473936930317 77.600449204444885 75.413846656680107 108.6053773611784 4.1273751631379119 93.895849138498306 967.00225734311971 601.06287607550621 29.830999761819839 2.7953264560783273 21.37172532081604 120.77014844883524 1.5378421455388886 19.910437390208244 10.925698742270468 10.211775526404379 0.96872119302861293 63.957776362076402 29.864601388573647 221.23661708831787
leaf_count=1998934 10992 128 729 63 4317 3675 7890 57722 164366 11773 2573 230 448 784 30 744 10683 4352 159 1000 114 1478 176 142 55 26 137 489 141 1900
internal_value=2.11289e-05 2.29799e-05 0.0115373 1.54059e-05 3.22968e-05 0.00474606 1.41484e-05 -0.00354863 5.58794e-05 0.00828115 0.0308737 0.0370527 0.000748616 -0.00631857 -0.00925972 -0.00193558 -0.00662975 0.000365418 0.0146014 -0.0380474 0.000370071 -0.00755666 0.0407659 -0.00611471 -0.000151212 0.0511831 -0.0447672 -0.0152558 0.0162243 -0.0205426
internal_weight=752916 752879 494.91 752384 750383 2877.97 747505 8654.22 738851 2235.59 177.241 147.386 317.669 2001.06 1197.5 803.564 971.13 709.668 105.245 36.606 29.855 642.378 8.48329 212.424 128.556 87.8122 33.8106 83.8682 59.5741 226.366
internal_count=2286250 2274121 5410 2268711 2250155 21243 2228912 65612 2163300 15448 3388 525 2022 18556 12676 5880 10713 5136 607 12129 2863 5795 2749 1415 784 256 11129 631 269 1963
is_linear=0
shrinkage=0.05


Tree=157
num_leaves=31
num_cat=0
split_feature=23 23 60 32 15 18 31 22 18 18 16 18 53 72 7 56 33 54 19 20 21 20 22 18 21 10 58 1 17 57
split_gain=20.8971 22.8092 39.0615 23.7144 88.4766 81.8217 56.7695 55.5752 35.6662 166.822 160.664 152.762 141.84 134.658 114.302 22.7371 21.3376 19.8465 18.1273 17.7887 38.9175 19.1195 17.5452 15.5586 12.229 8.84996 7.3169 15.6211 3.60572 3.55364
threshold=5999427.5000000009 2993772.5000000005 45005802.500000007 9.3061779064045229 105833.50000000001 106454.50000000001 1.0000000180025095e-35 38143.000000000007 175.50000000000003 925.50000000000011 990883.57577305695 2.5000000000000004 57.500000000000007 2.7976171860452923 477.28609625668463 15421624.500000002 0.013334480898759502 14992484.500000002 73000818.500000015 14091291.000000002 7763845.929535958 7199985.2000000002 14147148.000000002 106197.50000000001 13913873.942000048 1.0000000180025095e-35 45019115.500000007 9.5000000000000018 46753439.000000007 96541.000000000015
decision_type=2 2 2 2 2 2 2 2 2 2 2 2 2 2 2 2 2 2 2 2 2 2 2 2 2 2 2 2 2 2
left_child=1 3 15 8 6 23 22 -8 11 10 -10 12 -1 -13 -11 19 17 24 -19 21 -21 -3 -5 -6 -4 -2 27 -18 -28 -27
right_child=25 2 16 4 5 -7 7 -9 9 14 -12 13 -14 -15 -16 -17 26 18 -20 20 -22 -23 -24 -25 -26 29 28 -29 -30 -31
leaf_value=-0.0011511052097467123 -0.045528395403469687 0.001931635289555558 -0.013200348866641891 -0.048130964112796347 0.0023461828436597367 8.3977112814983971e-05 -0.00010587024417538808 0.04412148929768523 -0.042119263862383738 -0.00064950994713667231 -0.007867607043902972 0.015292556630987839 -0.052495036379631814 -0.002221141368920718 0.016270858772448705 -0.06526218929967495 -0.068799710919411061 0.023801544490469728 0.006544153690662198 0.69778651461228192 0.060069255202156703 -0.019923979620934673 0.051696927948830879 0.0042469079264624348 0.015581411172776338 -0.021910210590987918 0.079890767780690153 0.03279336899449619 0.036231674370192223 0.02812219776647637
leaf_weight=8862.2064044699655 35.837451998770121 2035.4074430477922 122.26920789631549 75.103809855529107 26557.458530015079 44296.236217667349 493762.34550860908 71.039710933342576 418.93088723170513 149827.40537766708 1873.4138874268247 3109.4580144735519 136.58507453417405 1696.2458729805076 1004.7936906516552 12.984603852033613 3.9696714890887952 284.689503505826 326.89467763900757 0.24928237381391127 5.9367740321904421 105.24109584480175 4.6754305141512296 18107.109676660155 52.861668468685821 7.7507997867214709 11.523207646096125 80.796447813510895 8.020974987448426 6.5467650890350342
leaf_count=80184 21043 9676 413 43970 63013 108043 1280854 246 3026 559863 16632 39463 793 10469 2412 74 379 589 768 105 342 532 27 42393 555 44 16 157 155 14
internal_value=2.00428e-05 2.21924e-05 0.00433672 4.6372e-06 0.000155118 0.00160664 -0.000106321 -9.9508e-05 -0.000520804 -0.000740246 -0.0141272 0.00191333 -0.00193041 0.00911083 -0.000536792 0.000702838 0.0131451 0.0103277 0.0145774 0.00110181 0.0857676 0.000857144 -0.0422806 0.00311674 -0.00451284 -0.0322596 0.0343944 0.0280357 0.061973 0.000999315
internal_weight=752904 752854 3050.84 749803 582874 88960.8 493913 493833 166929 153125 2292.34 13804.5 8998.79 4805.7 150832 2159.82 891.025 786.715 611.584 2146.83 6.18606 2140.65 79.7792 44664.6 175.131 50.135 104.31 84.7661 19.5442 14.2976
internal_count=2286250 2265149 13761 2251388 1538546 213449 1325097 1281100 712842 581933 19658 130909 80977 49932 562275 10729 3032 2325 1357 10655 447 10208 43997 105406 968 21101 707 536 171 58
is_linear=0
shrinkage=0.05


Tree=158
num_leaves=31
num_cat=0
split_feature=54 58 56 30 56 18 18 56 18 54 54 59 54 17 23 59 58 55 31 72 57 72 57 18 3 16 57 16 37 56
split_gain=20.7212 83.8476 50.733 41.0253 33.5859 41.7167 81.2066 52.7797 50.1583 61.9986 50.4674 36.0275 30.6151 40.501 32.8043 42.0887 31.1911 23.0569 233.223 136.715 22.6528 21.7934 20.4668 18.8842 18.2956 16.6032 14.1578 12.7764 12.7064 21.6219
threshold=16890462.000000004 6257859.1428571437 15006732.000000002 324.00000000000006 14993142.500000002 244.50000000000003 2.5000000000000004 14994437.500000002 2987352.0000000005 14996665.500000002 15001183.500000002 16034008.039272441 4077830.5000000005 10017469.000000002 2990461.0000000005 4272526.1092466014 47006311.500000007 113730.52276969912 1.0000000180025095e-35 2.1191949551170413 572871.00000000012 1.9107730805498373 31655.000000000004 748534.00000000012 3375.0000000000005 6063118.4357195934 1499199.5000000002 4805402.2746585384 4.4327331080291286 19437263.000000004
decision_type=2 2 2 2 2 2 2 2 2 2 2 2 2 2 2 2 2 2 2 2 2 2 2 2 2 2 2 2 2 2
left_child=2 24 4 12 11 6 7 -6 10 -10 -7 17 13 -4 15 -14 -16 18 -1 -19 -13 -22 -15 26 -2 -8 -3 -25 29 -28
right_child=1 23 3 -5 5 8 25 -9 9 -11 -12 20 14 22 16 -17 -18 19 -20 -21 21 -23 -24 27 -26 -27 28 -29 -30 -31
leaf_value=-0.042389008119814033 -0.018943890348197219 -0.07695053649729458 0.076339738532973558 0.059765497075143906 0.021775777916343789 -0.0025066785176630665 -0.026963184078411445 -0.05807593688535511 0.0019013008993661572 0.017834173763824478 -0.036711525860451066 -0.04017424808697348 -0.019586991132867385 -0.010633248005951959 -0.0034999646835437697 -0.00076251519527660008 0.036436009914859721 0.011785851375047672 1.3273800856140062e-05 -0.010658300585030714 -0.039400219968582159 0.002832638835399567 0.086802442558857246 0.032721223489278681 0.048130754949627631 0.046167601666903035 0.037982384694043157 -0.0018626815427779143 -0.040808910432835278 -0.0022237206494301067
leaf_weight=324.43074579874519 11.02541949902661 6.2345759049057952 23.848909051215742 22.296659172105137 42.523967109649675 678.85219676792622 8.1322426125116163 40.310039434581995 2365.8886981010437 822.94565382599831 128.20503567159176 84.343930189032108 976.99988064169884 53.39826887845993 564.57249762117863 426.58298957976513 53.527994707226753 2046.046048799355 741885.70861944766 1015.1296422775486 41.241331740733585 117.79666624242964 5.9946186235174528 72.387480795383453 130.49229052662849 170.13157768175006 35.314252574113198 42.317592209437862 19.725729428231716 629.6072703327518
leaf_count=148697 192 68 98 196 307 1720 31 334 5661 1792 407 17458 6244 244 1511 2604 104 31774 2038543 16253 4333 4747 21 139 249 411 94 114 87 1817
internal_value=1.90394e-05 0.00741008 9.72954e-06 -0.00770096 3.1606e-05 0.00446015 0.0238234 -0.017083 0.00319492 0.00601311 -0.00794029 6.31844e-06 -0.00841561 0.0213014 -0.0096392 -0.0138658 -4.14775e-05 1.25997e-05 -5.26085e-06 0.00434305 -0.0192278 -0.00811908 -0.000798909 0.00117466 0.0429051 0.0428314 -0.0019446 0.0199623 -0.00126158 -8.8358e-05
internal_weight=752846 947.105 751899 2127.22 749772 4256.99 261.098 82.834 3995.89 3188.83 807.057 745515 2104.93 83.2418 2021.68 1403.58 618.1 745271 742210 3061.18 243.382 159.038 59.3929 805.587 141.518 178.264 690.882 114.705 684.647 664.922
internal_count=2286250 2760 2283490 11022 2272468 10663 1083 641 9580 7453 2127 2261805 10826 363 10463 8848 1615 2235267 2187240 48027 26538 9080 265 2319 441 442 2066 253 1998 1911
is_linear=0
shrinkage=0.05


Tree=159
num_leaves=31
num_cat=0
split_feature=19 54 55 28 28 10 28 59 13 30 28 27 14 59 17 24 52 72 72 37 27 57 57 3 25 22 18 26 18 17
split_gain=20.6715 28.8112 45.9135 20.1213 23.6869 36.7114 29.2272 20.2023 18.7699 17.2982 12.1467 10.8951 10.8445 8.88536 8.29749 7.41817 7.23684 7.15007 15.0898 7.04888 6.97918 6.49567 7.59871 5.02897 11.3046 4.69516 4.62121 14.8669 8.72885 4.24544
threshold=119922611.00000001 13521.250000000002 2650576.0796911502 6176.5000000000009 3796.5000000000005 45.000000000000007 3192.5000000000005 24205664.475517396 677517.21841647755 462.00000000000006 4561.5000000000009 4066.5000000000005 500.41706987316456 9046776.8997337669 10188517.500000002 3929.0000000000005 258.00000000000006 1.5502867009512198 1.6035219733565818 5.0116238143396492 3719.5000000000005 22.500000000000004 63.500000000000007 7125.0000000000009 171.91666666666669 1110177.0000000002 1.0000000180025095e-35 182.89634291614843 15.500000000000002 4938.0000000000009
decision_type=2 2 2 2 2 2 2 2 2 2 2 2 2 2 2 2 2 2 2 2 2 2 2 2 2 2 2 2 2 2
left_child=3 23 13 4 6 10 7 8 -1 -9 11 -6 29 21 -4 -14 -5 -16 -19 20 -8 -3 -23 24 26 -25 27 -2 -28 -7
right_child=1 2 14 16 5 12 19 9 -10 -11 -12 -13 15 -15 17 -17 -18 18 -20 -21 -22 22 -24 25 -26 -27 28 -29 -30 -31
leaf_value=5.1406388258896376e-05 0.16349957049862984 0.12203946150458884 0.031563966179884516 -0.044407831137709838 0.015311638503943712 -0.00011838875507722457 -0.0062179805721742851 -0.020870987938484253 -0.0036014665163179808 0.073774773231750482 -0.022040046169579941 0.041879075562036586 0.005378857902607375 -0.055012134364163204 -0.13245809739994127 0.03457824924552462 0.042333040762365624 0.06365806853491017 -0.047101903521400645 0.04914021030918897 -0.021925364950883 -0.039404613476369699 0.050772463153210261 -0.045871909066067015 -0.055979968492060522 -0.12053957446748031 -0.083811932280620241 -0.016954778866203585 0.024301294600330162 -0.014629612245827376
leaf_weight=746863.09769562725 1.5671812813088744 2.8427862646058193 4.2741013425402334 32.291151596873533 60.072993464709725 128.48688724637032 1510.4565798914409 152.51287533412687 3533.3163742311299 4.9854849837720385 10.921125570050206 107.90660882703378 75.65854287147522 2.1543175881961352 2.0617358889430752 30.528212070465088 2.5980607173987655 3.3926809765398493 32.850025976251345 5.6204505643108851 74.192813677189406 2.5605900292284813 26.643357658904279 4.2710724398493749 34.088829273357987 4.1520244926214218 3.5833318114746362 4.2007246240973473 3.8978049773722887 82.937598951160908
leaf_count=2212790 52 15 32 10858 269 784 11821 15380 23935 10 646 2469 448 151 16 159 1000 9 329 2828 676 21 305 20 398 22 92 33 51 631
internal_value=1.80713e-05 -0.0197263 0.000140077 2.15482e-05 2.33083e-05 0.0109406 1.61015e-05 3.04483e-05 3.42065e-05 -0.0178751 0.029056 0.032378 0.000736789 0.0432814 -0.034513 0.0137736 -0.0379486 -0.041886 -0.0367337 -0.00675515 -0.0069534 0.0498891 0.0428658 -0.0470811 -0.0407472 -0.0826781 -0.00155431 0.032076 -0.027483 -0.00581085
internal_weight=752808 132.541 76.7796 752676 752641 496.512 752144 750554 750396 157.498 178.901 167.98 317.611 34.2011 42.5785 106.187 34.8892 38.3044 36.2427 1590.27 1584.65 32.0467 29.2039 55.761 47.3379 8.4231 13.249 5.76791 7.48114 211.424
internal_count=2286250 1546 878 2284704 2272846 5406 2267440 2252115 2236725 15390 3384 2738 2022 492 386 607 11858 354 338 15325 12497 341 326 668 626 42 228 85 143 1415
is_linear=0
shrinkage=0.05


Tree=160
num_leaves=31
num_cat=0
split_feature=0 22 72 21 1 20 72 60 55 18 18 16 18 17 72 23 62 23 23 32 22 18 18 18 7 62 21 72 23 4
split_gain=19.4762 54.4059 59.751 51.2178 47.0259 131.397 91.305 61.2228 46.6496 34.7427 32.8944 62.9898 53.1822 30.2169 27.8602 24.9324 89.5196 62.0529 24.5364 36.2914 24.8542 23.9059 82.8645 67.9998 57.5962 62.6404 123.025 51.7143 46.5787 30.2595
threshold=119687958.50000001 1095177.0000000002 0.17660863933900359 151828.01805365938 122.50000000000001 895660.33458646631 0.17460733843643667 5884340.5000000009 14649537.1295383 744158.00000000012 744158.00000000012 150912.50389201357 748146.50000000012 3687057.5000000005 2.218567768169851 3.5000000000000004 0.96773527224655054 35.500000000000007 748061.00000000012 1.1938490127449446 1094714.5000000002 107363.50000000001 105817.50000000001 106454.50000000001 477.28609625668463 0.99733333333333329 431156.83540620917 4.0399813815162444 164.50000000000003 307.50000000000006
decision_type=2 2 2 2 2 2 2 2 2 2 2 2 2 2 2 2 2 2 2 2 2 2 2 2 2 2 2 2 2 2
left_child=4 3 -3 9 21 6 -6 13 15 -2 11 -8 -12 -7 -9 16 -4 -17 19 20 -5 22 27 -24 25 26 -23 28 -1 -27
right_child=1 2 8 18 5 7 10 14 -10 -11 12 -13 -14 -15 -16 17 -18 -19 -20 -21 -22 24 23 -25 -26 29 -28 -29 -30 -31
leaf_value=-5.1061076938453036e-05 0.031353011477144199 0.027946743841791251 -0.00508100268662062 -0.062585352940759814 0.01640787155558969 -0.00080416116642248936 0.022108812665732735 -0.0080255340779502356 0.052969314742254636 -0.0095772143945812606 -0.0054206124829853826 -0.0009865364033627463 0.010169288692054386 0.073920848911013706 0.065960237738023314 0.029214250719563462 -0.089274565824386948 -0.0031974572926029132 0.0021036934224022375 -0.0086560009306665599 -0.028306269471553992 -0.028763795916631352 0.0028833487657714519 8.3887156464676276e-05 0.020952663892347768 -0.00048945507818073323 0.015613342805152385 -0.054573868599695353 -0.0043891786738863769 -0.006054616153312777
leaf_weight=526536.25429195724 62.016113713325467 172.12235963076819 197.65814917147509 110.25125581771135 1050.4109263569699 15.37303741276264 447.76365788606927 58.593906645663083 37.898015127982944 316.14930006011855 2819.9551897197962 866.65228349796962 678.70139966905117 112.7695769444108 16.253726858005393 154.90636320435442 37.573481228202581 3162.0329519075749 53.11927542090416 92.850370911881328 101.61600555479527 512.00617516716011 45809.203948212671 41202.497308432125 308.12203477323055 118832.03223346174 224.72169252461754 43.575518264202401 6261.2104954143288 2493.8251873701811
leaf_count=1545490 139 451 1753 446 2316 38 1236 257 109 1359 7262 4879 1540 157 104 455 222 12227 141 493 348 48067 108179 100450 735 295890 18483 8126 109775 15123
internal_value=1.71544e-05 -0.00326305 -0.000830888 -0.0156955 3.68727e-05 0.0044212 0.00305204 0.0439702 -0.0022106 -0.00286498 0.000137244 0.00688103 -0.00239634 0.0649562 0.00804103 -0.00279932 -0.0185292 -0.00168378 -0.0292548 -0.0347213 -0.0461444 1.03797e-06 0.000127119 0.00155772 -0.000637609 -0.00069211 -0.0152276 -0.000106495 -0.000102041 -0.000603846
internal_weight=752788 4498.19 3762.19 736.002 748290 6066.47 5863.48 202.99 3590.07 378.165 4813.07 1314.42 3498.66 128.143 74.8476 3552.17 235.232 3316.94 357.837 304.718 211.867 742223 619853 87011.7 122371 122063 736.728 532841 532797 121326
internal_count=2286250 18143 15217 2926 2268107 17789 17233 556 14766 1498 14917 6115 8802 195 361 14657 1975 12682 1428 1287 794 2250318 1872020 208629 378298 377563 66550 1663391 1655265 311013
is_linear=0
shrinkage=0.05


Tree=161
num_leaves=31
num_cat=0
split_feature=32 70 14 28 16 28 28 15 28 28 52 36 21 72 23 25 13 0 65 27 27 28 27 56 24 26 4 22 0 33
split_gain=19.3223 52.5416 51.6702 43.0539 42.926 38.1656 137.367 86.9317 32.5285 70.6687 43.3191 32.2389 78.5256 107.579 55.729 39.9054 34.1706 29.7643 27.058 24.9483 24.0769 20.4413 28.8068 19.0018 18.1199 17.9885 16.8087 15.6071 15.3353 13.9987
threshold=10.281666247103688 0.63333333333333341 20.005701625463544 207.50000000000003 11225.320151336444 40.500000000000007 1.0000000180025095e-35 126.11111111111113 84.500000000000014 100.50000000000001 258.00000000000006 480.43927125506076 431156.83540620917 2.7795727896415063 132607.00000000003 2325.5000000000005 1436.7891485699517 2333.5000000000005 1.5000000000000002 4115.0000000000009 2266.5000000000005 6176.5000000000009 3793.5000000000005 11978.500000000002 1634.5000000000002 2897.0975129794701 93.000000000000014 14147148.000000002 2272.5000000000005 51315.789473684214
decision_type=2 2 2 2 2 2 2 2 2 2 2 2 2 2 2 2 2 2 2 2 2 2 2 2 2 2 2 2 2 2
left_child=2 3 8 4 5 6 -2 -7 11 19 23 15 14 -14 -13 16 -1 20 21 -10 24 22 -19 -11 -4 -17 -22 29 -28 -3
right_child=1 27 17 -5 -6 7 -8 -9 9 10 -12 12 13 -15 -16 25 -18 18 -20 -21 26 -23 -24 -25 -26 -27 28 -29 -30 -31
leaf_value=0.00012895546001416672 0.00090216489925924639 -0.049024743737310895 0.022539343919731107 -0.035851172213329015 0.041742252120543714 0.032347975710673611 -0.012027386448185042 0.0031727140352603047 -0.040784306836715294 -0.0017160935270731448 0.049429104924471293 -0.029689660298211504 0.019574501363060652 -0.0060750010247618783 0.039466561962916591 0.098240695766438901 0.0075652530526837307 -0.0011590221142638005 -0.046042162949561261 0.061579176612045851 0.01713051759912454 -0.045754061176733939 0.010836973228546003 -0.044484703316800218 -0.0038943026623407778 0.026911908869318921 0.027576208799685878 0.051130115798287551 0.0039715920258611521 0.037708675042507626
leaf_weight=535776.28949445672 85307.735631712829 75.529456841526553 69.343250913545489 80.305751675157808 63.898118354380131 301.15440809726715 2104.949101805687 1677.6713723186404 6.420294150710105 71.542481677606702 31.113498905499 400.27096590399742 489.89354643970728 2469.5618321970105 31.417752474546432 10.24258236591413 1549.291621863842 118493.59540130326 33.527282058726996 81.671739270270336 347.71848587691784 25.643789511173964 502.57433096319437 40.771006579510868 996.30342210829258 64.505704442926799 71.99883559346199 4.5878237695433191 1552.4534792900085 4.9575234199874094
leaf_count=1491777 256349 38536 379 1586 235 945 15268 11407 38 1311 13929 1570 1514 12555 80 27 4742 384715 3539 804 1148 605 2705 17518 5610 9152 337 19 7787 63
internal_value=1.62946e-05 0.000705372 -7.68349e-05 0.00074269 0.000775541 0.000746258 0.000590814 0.00761285 0.000132834 0.0188705 -0.00277875 0.000124812 -0.00473502 -0.00182911 -0.0246566 0.000155479 0.000150397 -0.00100592 -0.00113063 0.0541188 0.00388134 -0.00111798 -0.00110836 -0.0172416 -0.00217423 0.0366859 0.00715342 -0.0385695 0.00501779 -0.0436825
internal_weight=752737 89620.8 663116 89535.7 89455.4 89391.5 87412.7 1978.83 541023 231.519 143.427 540791 3391.14 2959.46 431.689 537400 537326 122093 119055 88.092 3037.82 119022 118996 112.313 1065.65 74.7483 1972.17 85.0748 1624.45 80.487
internal_count=2286250 324408 1961842 285790 284204 283969 271617 12352 1555017 33600 32758 1521417 15719 14069 1650 1505698 1496519 406825 391564 842 15261 388025 387420 18829 5989 9179 9272 38618 8124 38599
is_linear=0
shrinkage=0.05


Tree=162
num_leaves=31
num_cat=0
split_feature=19 54 55 32 15 21 20 27 70 17 28 23 72 23 14 15 13 52 32 17 18 14 24 27 13 33 22 18 24 32
split_gain=18.881 26.1338 41.3205 18.4881 52.6603 68.9198 70.4083 68.8894 43.1984 44.5424 75.9509 33.2955 32.1094 74.0451 24.5533 77.2931 65.8137 33.6152 31.8554 57.5062 31.2868 27.7638 26.4615 30.3201 25.6107 16.0663 15.8597 13.8346 12.6015 11.7829
threshold=119922611.00000001 13521.250000000002 2650576.0796911502 10.501829944157278 559.14285714285722 894.75011655924561 833.50000000000011 818.50000000000011 0.63333333333333341 93835.500000000015 1.0000000180025095e-35 533.50000000000011 1.8858371274993757 201.50000000000003 19.068230897641264 106464.50000000001 415.46865337148819 258.00000000000006 9.7552885860566843 100914.50000000001 1.0000000180025095e-35 20.490018800129914 5669.0000000000009 3793.5000000000005 433.27769654871315 9.4409539141938428 14147148.000000002 2987352.0000000005 23655.000000000004 6.383381068772513
decision_type=2 2 2 2 2 2 2 2 2 2 2 2 2 2 2 2 2 2 2 2 2 2 2 2 2 2 2 2 2 2
left_child=3 -2 -3 14 5 6 7 -5 9 10 -6 -8 -7 -14 15 16 25 20 22 21 -17 -20 23 -16 -21 -1 -10 -19 -11 -24
right_child=1 2 -4 4 8 12 11 -9 26 28 -12 -13 13 -15 18 17 -18 27 19 24 -22 -23 29 -25 -26 -27 -28 -29 -30 -31
leaf_value=0.0028077459243847133 -0.045672418985728262 0.0407573444650123 -0.0332941905702639 -0.001397623039327032 0.0092009875128395754 -0.04540759968356578 0.042702438979399127 -0.026022333462226894 -0.047990060977392231 0.0008749516594528452 -0.0014085976844016228 -0.041859187762510741 -0.022027256860773576 0.20107652865243902 -0.00089477697505202936 -0.0047129405118519754 0.00040787776850408129 0.048456468629779717 -0.00089267075910915046 0.00046407214148149123 -0.00019364510386127236 0.00033255690522432369 -0.032135057108325669 0.01201010279029964 0.0022558522216139421 0.0083668699023549571 0.04942275795104855 -0.051496686294301403 0.040667483397146618 0.059670555173499319
leaf_weight=39230.33263093431 53.907620547484839 34.074156613642117 42.12991868390236 6321.5981419975869 5062.8300160183571 131.21571340807714 118.79599809739739 297.38184273801744 53.982279706280679 14326.877574998885 2529.700373345986 12.905266842572017 22.967957983957607 4.4374874904751769 145718.09908651852 3909.9031835351489 62747.543382048607 45.8044136519311 123310.01057950151 54935.218653111835 186585.87329684565 73973.80863529793 84.102683771401644 456.58490376966074 31309.222167491913 1344.2365987560479 4.5288832359947255 3.7449281401932231 19.923369728028774 3.6466068327426902
leaf_count=95732 668 492 386 48425 36699 2223 642 3510 30950 34602 17499 88 285 12 460513 41359 151266 18053 307963 135468 631783 182154 2972 2379 76154 3081 17 784 83 8
internal_value=1.54489e-05 -0.0190298 -0.000182528 1.87417e-05 0.0012587 -0.00254916 -0.00178369 -0.00250398 0.00245472 0.00256914 0.00566606 0.0344163 -0.0351267 0.0140977 -3.07897e-05 0.000321428 0.00142263 -0.000275692 -0.000271617 3.75558e-05 -0.000286403 -0.000433258 -0.000870946 -0.000854468 0.00111454 0.00299192 -0.0404501 0.040902 0.000930211 -0.0283199
internal_weight=752695 130.112 76.2041 752565 28907.1 6909.3 6750.68 6618.98 21997.8 21939.3 7592.53 131.701 158.621 27.4054 723658 293867 103322 190545 429791 283528 190496 197284 146262 146175 86244.4 40574.6 58.5112 49.5493 14346.8 87.7493
internal_count=2286250 1546 878 2284704 175035 55185 52665 51935 119850 88883 54198 730 2520 297 2109669 942058 250079 691979 1167611 701739 673142 490117 465872 462892 211622 98813 30967 18837 34685 2980
is_linear=0
shrinkage=0.05


Tree=163
num_leaves=31
num_cat=0
split_feature=59 30 22 22 31 3 3 21 58 18 18 23 72 33 23 23 15 8 72 18 55 59 59 57 18 72 23 13 20 23
split_gain=18.2952 18.4282 17.9184 148.881 124.733 97.4006 107.187 94.7418 84.6508 66.1658 63.3743 76.8431 58.6405 55.1185 44.0952 42.2401 70.4277 39.0583 38.7671 133.343 168.043 116.285 229.599 171.35 44.5122 36.2473 32.6584 116.917 55.1146 12.3695
threshold=25665777.054982185 372.00000000000006 2998549.5000000005 2985110.5000000005 1.0000000180025095e-35 6125.0000000000009 6525.0000000000009 1023974.3141842072 6016993.0000000009 1.0000000180025095e-35 72.500000000000014 298.50000000000006 2.8006000314608652 0.16617371235339312 3.5000000000000004 2781791.0000000005 1797832.3921568629 31.761866703180228 2.1981336135054188 244.50000000000003 2742060.574160038 2345043.8200092879 756989.97198013414 243231.00000000003 2990792.0000000005 1.3683580329116851 748952.50000000012 66.427650511178939 921234.36046511645 748014.50000000012
decision_type=2 2 2 2 2 2 2 2 2 2 2 2 2 2 2 2 2 2 2 2 2 2 2 2 2 2 2 2 2 2
left_child=2 -2 3 4 15 18 8 17 -7 -9 14 13 -13 -12 25 -1 -17 -8 19 20 -4 22 -20 -23 -21 -5 28 -28 -6 -10
right_child=1 -3 5 10 26 6 7 9 29 -11 11 12 -14 -15 -16 16 -18 -19 21 24 -22 23 -24 -25 -26 -27 27 -29 -30 -31
leaf_value=-0.046770059484777277 -0.025786073984158921 0.034920534099447072 0.02291724703506488 0.080223088816839122 -5.6422016449175442e-07 0.073379619878749247 -0.0027886460405316185 0.0024467630554006201 -0.019915391650195475 0.02626724472170058 0.045492840872856405 -0.029674484504199822 0.013521619074939463 -0.04191921056859161 0.015531102061148584 0.77765552369528768 -0.051494795781555372 0.10291430711103777 -0.0016383558324321633 -0.0028558856216363993 0.0012919778360821763 -0.032238476859373651 0.073643638449710336 0.012025267312128836 0.0031625576912750666 -0.012728852330527764 0.029466979169456627 0.0010861220864394566 -0.046628333631047653 0.032584270808394454
leaf_weight=155.57511184026953 112.15416613768321 14.069452283903955 1477.3702645987796 10.637446254550012 721857.09108772664 114.09042251110077 1226.8184334412217 461.93644133210182 35.868208423256874 790.22446304559708 18.802914245286956 145.37798545148689 170.96570437325863 441.07678577303886 189.69576217234135 0.41547602228820213 0.66765434655826539 8.8020532280206663 4532.039315024449 9186.3594858703436 2292.0340991955891 708.07036990500637 103.59631828172132 316.30909178612637 4615.9225359295378 747.23672575212549 427.60290493071079 2397.6023382246494 63.38052062666975 16.32669885456562
leaf_count=97915 14209 35 35490 43 1955110 160 3862 1650 100 2095 38 476 473 1481 754 6 65 14 34997 55592 13728 22831 447 3075 28153 3152 861 9203 202 33
internal_value=1.46534e-05 -0.0190194 1.78461e-05 -2.82047e-05 6.69621e-06 0.00131052 0.0103846 0.00778684 0.0492501 0.0174796 -0.014705 -0.0252975 -0.00632946 -0.0383452 -0.00602796 -0.0446037 0.266557 -0.00203566 0.000273857 0.00143307 0.00976773 -0.00332495 4.40321e-05 -0.0185707 -0.000843127 -0.0114242 1.6339e-05 0.00538165 -4.65787e-06 -0.00349336
internal_weight=752638 126.224 752512 726626 724902 25885.8 2654.07 2487.78 166.285 1252.16 1723.79 776.223 316.344 459.88 947.57 156.658 1.08313 1235.62 23231.7 17571.7 3769.4 5660.02 4635.64 1024.38 13802.3 757.874 724746 2825.21 721920 52.1949
internal_count=2286250 14244 2272006 2069779 2063362 202227 7914 7621 293 3745 6417 2468 949 1519 3949 97986 71 3876 194313 132963 49218 61350 35444 25906 83745 3195 1965376 10064 1955312 133
is_linear=0
shrinkage=0.05


Tree=164
num_leaves=31
num_cat=0
split_feature=23 23 60 23 18 23 23 23 72 1 21 54 54 23 3 56 20 23 20 60 20 23 54 15 56 72 10 58 57 23
split_gain=18.2385 20.701 33.5795 22.6899 84.5606 54.8476 87.1448 107.404 76.0102 52.5315 56.4979 51.2168 44.2368 41.2652 24.2733 21.3305 19.7861 17.6306 15.7074 32.6543 17.4799 12.9335 11.5261 31.3584 19.0908 10.9378 8.48756 6.86378 3.26235 3.1766
threshold=5999427.5000000009 2993772.5000000005 45005802.500000007 2985461.5000000005 2987352.0000000005 748353.50000000012 746794.50000000012 132607.00000000003 0.1764279436744616 8.5000000000000018 149240.76636433936 15001183.500000002 14988713.500000002 749313.50000000012 634.50000000000011 15421624.500000002 7199985.2000000002 2989704.5000000005 14091291.000000002 27369013.000000004 7199985.2000000002 2991828.5000000005 14995617.500000002 6824097.8395721931 14994200.500000002 1.8160918606443845 1.0000000180025095e-35 45006439.500000007 96541.000000000015 2994157.5000000005
decision_type=2 2 2 2 2 2 2 2 2 2 2 2 2 2 2 2 2 2 2 2 2 2 2 2 2 2 2 2 2 2
left_child=1 3 15 5 11 6 7 -1 -8 13 -11 12 -5 -7 21 18 27 -16 20 -20 -3 -6 24 -24 -18 -13 -2 29 -28 -4
right_child=26 2 16 4 14 9 8 -9 -10 10 -12 25 -14 -15 17 -17 22 -19 19 -21 -22 -23 23 -25 -26 -27 28 -29 -30 -31
leaf_value=-8.6580702543853026e-06 -0.045068690097581847 0.0019372036993331428 0.009796215965964649 -0.03111164499640889 -0.089953006629814355 -0.0091958572015005246 0.0005097508014168115 0.0072631712577492756 -0.0088393276561361412 0.023439348275848464 0.005893507485157704 -0.07303671790919114 -0.002976937944919831 0.0031982319403250367 -0.0059278727782252211 -0.064303249341263483 0.009441307928813876 0.001132542802588739 0.27718984340955888 0.014980030667469122 -0.018951781184436512 -0.021086029164333716 0.06418452500910099 0.012458256075933245 -0.020306846553781843 -0.033540314584099638 -0.020893207128402924 0.062019281951109277 0.027100881405649726 0.040224723366111714
leaf_weight=721700.60776436445 32.864308184332913 2030.864171245179 15.442940980195997 186.39968412497547 10.580857414053755 933.27037761730026 3739.1468027681112 5113.7622122883331 5194.1267743136268 530.16274407505989 3408.5279472286347 19.063334226608276 557.82177291810513 2395.0052548587846 1107.8900499045849 12.523333474993704 492.23950487512047 4379.0173986554146 1.5728993675438676 4.844136934960261 105.34300001851807 19.168890572618693 33.305630296468735 243.6410994976759 60.567867666482925 217.78334720432758 7.7187981505703629 22.767156368223368 6.5414190590381622 19.292119120116695
leaf_count=2153923 21043 9676 35 572 42 2436 9319 30585 14040 1092 8636 94 1424 14631 2995 74 1994 10717 125 322 532 54 50 565 162 828 44 118 14 108
internal_value=1.39044e-05 1.58522e-05 0.00413187 -8.55454e-07 -0.00294267 2.48709e-05 -1.78226e-05 4.25055e-05 -0.00492614 0.0043474 0.00825524 -0.0164684 -0.0100236 -0.000277152 -0.000537279 0.000761445 0.0123186 -0.000293062 0.00114174 0.0792511 0.000907103 -0.0455794 0.0103531 0.0186789 0.00618198 -0.0367193 -0.0310909 0.040682 0.00112255 0.0266964
internal_weight=752602 752555 3042.4 749512 6497.73 743015 735748 726814 8933.27 7266.97 3938.69 981.068 744.221 3328.28 5516.66 2155.15 887.256 5486.91 2142.62 6.41704 2136.21 29.7497 829.754 276.947 552.807 236.847 47.1245 57.5022 14.2602 34.7351
internal_count=2286250 2265149 13761 2251388 16726 2234662 2207867 2184508 23359 26795 9728 2918 1996 17067 13808 10729 3032 13712 10655 447 10208 96 2771 615 2156 922 21101 261 58 143
is_linear=0
shrinkage=0.05


Tree=165
num_leaves=31
num_cat=0
split_feature=54 58 56 30 21 57 19 31 57 57 21 23 7 72 72 16 72 60 1 57 59 53 59 18 3 58 1 0 1 16
split_gain=18.2617 73.8363 44.7063 36.7831 32.4986 142.313 146.752 126.429 112.759 133.395 88.6049 140.767 91.2604 87.021 80.8669 46.8558 28.791 113.277 94.0559 57.1463 31.0004 39.2775 29.751 16.7083 16.5647 13.6839 13.1902 34.4905 18.4381 11.6479
threshold=16890462.000000004 6257859.1428571437 15006732.000000002 324.00000000000006 1023974.3141842072 22.500000000000004 5997193.5000000009 1.0000000180025095e-35 148.50000000000003 209.50000000000003 529854.91013295332 146.50000000000003 477.28609625668463 1.3683580329116851 1.9356403587452966 1640134.9376265176 1.8160918606443845 10045100.000000002 80.500000000000014 550.50000000000011 2091080.8711025 17.500000000000004 7483913.0681921849 748534.00000000012 3375.0000000000005 6635418.1428571437 106.50000000000001 119560658.00000001 119.50000000000001 4805402.2746585384
decision_type=2 2 2 2 2 2 2 2 2 2 2 2 2 2 2 2 2 2 2 2 2 2 2 2 2 2 2 2 2 2
left_child=2 24 4 16 7 6 15 -1 14 -10 12 -12 -9 -8 -7 -6 20 19 -19 -18 21 -4 -22 25 -2 -3 -26 28 -28 -25
right_child=1 23 3 -5 5 8 13 10 9 -11 11 -13 -14 -15 -16 -17 17 18 -20 -21 22 -23 -24 29 26 -27 27 -29 -30 -31
leaf_value=-0.043448866802968444 -0.017739803151985846 -0.07248619967825308 -0.037245399471978351 0.057720628537257485 0.0040306504788285256 -0.00053708057604402563 -0.01115400400394506 3.3133618763188673e-06 0.051868048657050053 0.00023050343893535688 -0.0011491169484215183 -0.020422000821950299 0.015139184272698739 0.020669132097795254 -0.039724124844044001 -0.014875986561927922 0.0758134214576478 -0.0042984046338347482 -0.055556269459285025 -0.039900644105401076 -0.002457461950793782 0.071397126586935117 -0.053330689236435261 0.031260182548662557 0.06373959428225906 -0.0010093891952137489 -0.055035556593465318 0.056807680417172227 0.037269438829168187 -0.0018466546091009221
leaf_weight=167.61418987612706 11.007992974016814 6.7622801568359128 204.04377186184865 21.559537783818087 1036.6027730944334 232.97397272833041 236.87382974679349 724237.59800925292 126.12416668585502 14947.596828502108 3098.337818422413 1364.7567567440565 997.252161629498 2307.514204262814 302.71069180581253 479.1813099795836 61.370031218975782 1409.3157224130118 95.565037936437875 12.915227646008132 269.26689421432093 8.6728491783142072 32.172105449251831 71.55050303041935 57.833321124315262 683.65891635848675 13.836345463991167 44.375600725412369 8.8837260454893094 42.258805542020127
leaf_count=107417 192 64 2579 196 5187 2943 10684 1964978 1413 141263 12209 4275 2395 12324 4436 2944 110 5360 1056 145 1306 12 258 139 101 2002 47 83 18 114
internal_value=1.32066e-05 0.00697733 4.49587e-06 -0.00725488 2.49789e-05 0.00203051 0.0103695 -2.90695e-05 -0.000138555 0.000662563 -1.90958e-05 -0.00704252 2.41263e-05 0.0177065 -0.0226813 -0.00194626 -0.00792408 -0.00457818 -0.00755345 0.0556954 -0.0182006 -0.0328158 -0.00788708 0.00121656 0.0410592 -0.00170946 0.0462402 0.0311566 -0.0189436 0.0189672
internal_weight=752590 940.167 751650 2114.88 749535 19669.6 4060.17 729866 15609.4 15073.7 729698 4463.09 725235 2544.39 535.685 1515.78 2093.32 1579.17 1504.88 74.2853 514.156 212.717 301.439 804.231 135.937 690.421 124.929 67.0957 22.7201 113.809
internal_count=2286250 2760 2283490 11022 2272468 181194 31139 2091274 150055 142676 1983857 16484 1967373 23008 7379 8131 10826 6671 6416 255 4155 2591 1564 2319 441 2066 249 148 65 253
is_linear=0
shrinkage=0.05


Tree=166
num_leaves=31
num_cat=0
split_feature=19 54 55 28 28 10 28 25 4 28 24 27 14 59 17 10 72 72 24 27 37 52 14 59 1 18 3 25 18 1
split_gain=17.4691 24.2256 36.6108 17.3786 17.2481 31.642 25.8243 18.7463 40.0932 34.7854 11.0153 13.5362 9.17183 7.91088 7.28706 6.95718 6.52515 13.6625 6.37992 5.96677 5.89367 5.84966 5.23954 13.0948 9.7415 4.05288 7.26277 11.2252 4.29995 3.45599
threshold=119922611.00000001 13521.250000000002 2650576.0796911502 6176.5000000000009 3796.5000000000005 45.000000000000007 3192.5000000000005 2898.5000000000005 86.500000000000014 2481.5000000000005 4338.5000000000009 4066.5000000000005 500.41706987316456 9046776.8997337669 10188517.500000002 42.500000000000007 1.5502867009512198 1.6035219733565818 3929.0000000000005 3193.5000000000005 5.0116238143396492 258.00000000000006 0.42615805209619595 3264224.8028030978 32.500000000000007 72.500000000000014 7125.0000000000009 171.91666666666669 1.0000000180025095e-35 50.500000000000007
decision_type=2 2 2 2 2 2 2 2 2 2 2 2 2 2 2 2 2 2 2 2 2 2 2 2 2 2 2 2 2 2
left_child=3 25 13 4 6 10 7 9 -9 -1 11 -6 -7 22 -4 -12 -16 -18 -14 -8 -21 29 24 -24 -3 26 27 28 -2 -5
right_child=1 2 14 21 5 12 19 8 -10 -11 15 -13 18 -15 16 -17 17 -19 -20 20 -22 -23 23 -25 -26 -27 -28 -29 -30 -31
leaf_value=4.1527266542434782e-05 0.033197890370279141 0.030891517339961316 0.030143837200279494 -0.046308566240413032 0.013128923050544106 -0.0062087368012587549 -0.057860242147643973 -0.0073523922366575574 0.0051684648751472075 -0.0031498148953201747 0.038871315866198089 0.043496079546367777 0.0038866918230016259 -0.055144138331283149 -0.12559659062400799 -0.016687517819325821 0.06211425821060465 -0.043927329061810051 0.030557515116746144 -0.0063625700541900809 0.048966434750724978 0.040240906406453655 0.067428005864323376 -0.055809205654492822 0.097163207982453315 0.01520154047278565 -0.094255190357834223 -0.055431380494274665 -0.028197655044117677 0.050174037077464664
leaf_weight=736935.4564859285 5.7079413075844041 14.35794808206265 4.257797514088451 28.251888292434167 61.290653966396349 212.50186803936958 5.6077727079682509 761.66280681244098 3981.5517510526115 8638.7592040891759 7.6232168060669236 91.453532949090004 77.038396179676056 2.1386803635396054 2.0508752558380356 21.600576125085354 3.3561127930879584 31.995553766566445 31.627868711948395 1568.6896520900773 4.8278625256789374 2.2667626467882647 4.708171093137933 3.9757362687960267 9.0341197764500958 2.6938075425568959 7.1884373463690272 31.228815719950944 5.6995481408666819 0.9596706097945561
leaf_count=2131100 85 227 32 10722 269 1415 48 27830 27775 65410 2745 256 448 151 16 114 9 329 159 12449 2828 1000 16 71 27 42 40 395 106 136
internal_value=1.25329e-05 -0.018429 -0.000359621 1.56797e-05 1.7234e-05 0.00927173 1.10413e-05 2.44842e-05 0.00315787 4.55008e-06 0.0259299 0.0313109 -0.0001665 0.0379652 -0.0318349 -0.00219463 -0.0388904 -0.0338603 0.0116494 -0.00637629 -0.00619281 -0.0371347 0.0441733 0.0110066 0.0564859 -0.0445343 -0.0477639 -0.0399256 0.0025227 -0.0431389
internal_weight=752560 128.394 75.875 752431 752400 503.136 751897 750317 4743.21 745574 181.968 152.744 321.168 34.2147 41.6603 29.2238 37.4025 35.3517 108.666 1579.13 1573.52 31.4783 32.076 8.68391 23.3921 52.5186 49.8247 42.6363 11.4075 29.2116
internal_count=2286250 1546 878 2284704 2272846 5406 2267440 2252115 55605 2196510 3384 525 2022 492 386 2859 354 338 607 15325 15277 11858 341 87 254 668 626 586 191 10858
is_linear=0
shrinkage=0.05


Tree=167
num_leaves=31
num_cat=0
split_feature=72 24 23 23 23 28 19 67 26 31 40 8 23 18 28 18 28 21 19 28 21 11 56 23 20 25 23 23 19 16
split_gain=17.4143 24.7315 122.887 166.165 80.8506 66.3628 81.6081 52.1859 35.8309 75.7126 248.732 102.973 64.0801 63.0089 62.3509 61.5304 70.4959 44.9705 46.4705 35.744 33.9343 28.9303 28.5837 24.1803 23.3888 20.3787 15.7946 28.4283 15.3885 14.0762
threshold=3.9875729169863692 10862.500000000002 91.500000000000014 1.5000000000000002 430.50000000000006 207.50000000000003 6949.5000000000009 2.6038551205326024 220.0013154218839 28.000000000000004 1.0000000180025095e-35 31.761866703180228 354.00000000000006 1.0000000180025095e-35 42.500000000000007 15.500000000000002 25.500000000000004 576.13792802625358 2089.5000000000005 1.5000000000000002 2489.7329804702631 769.88392857142867 38295.500000000007 489.50000000000006 1123864.1964285716 390.66666666666674 743247.50000000012 747661.00000000012 26746.500000000004 2168023.5332479952
decision_type=2 2 2 2 2 2 2 2 2 2 2 2 2 2 2 2 2 2 2 2 2 2 2 2 2 2 2 2 2 2
left_child=1 8 3 22 7 6 -5 19 9 11 -11 13 15 -1 -12 16 -10 25 -19 -4 23 -9 24 -6 -3 -14 29 -28 -22 -2
right_child=26 2 4 5 20 -7 -8 21 12 10 14 -13 17 -15 -16 -17 -18 18 -20 -21 28 -23 -24 -25 -26 -27 27 -29 -30 -31
leaf_value=-0.007723753293498648 -0.011433344876820224 -0.0032372563671176514 -0.019134073623757568 0.047061574503908701 0.059493362238617023 -0.03371338151659365 0.017367115031849775 0.051264537574120334 -0.009683735778399212 0.05094973260768873 -0.0034713656939666503 0.079654858406164653 0.045073382882658032 2.422174466099458e-05 0.017673952670650726 -0.031160337826776515 0.0031214745494548691 0.050649418579410348 0.005135014084232864 -0.057739214856930336 -0.022081942035478627 -0.0025553028349850869 0.053256010389540059 0.015865833981594257 -0.027695622167920937 -0.053312436310781731 0.04062104668646524 -0.013051169851279696 0.022341534551727382 -0.039823738937601189
leaf_weight=2633.3522206064081 215.29815426823916 579.0376079394191 535.8781290963525 366.43594994452724 57.139089863485424 45.08060987200588 627.77118442642677 27.84141941551934 2563.1401425777003 309.08091495372355 1275.7032563448884 40.572113990783691 6.542522929608821 739680.01556302898 479.71830976568162 224.27782259415835 1850.9852763805538 113.01799195259809 111.32098507881165 67.512613270882866 52.746451307786629 242.0560248196125 20.002881650696509 71.505179045445402 117.59539483801927 26.916843239217997 37.5046696215868 72.100263670086861 30.923292476451024 54.765557726554107
leaf_count=37089 2022 4092 4654 1263 247 1764 4366 10707 21181 17045 7029 62 39 2111599 1954 5519 12446 399 625 1702 319 1766 1956 2674 1878 172 69 199 21057 10356
internal_value=1.18924e-05 1.72963e-05 0.00467313 0.0128489 -0.00855091 0.0256212 0.0283116 -0.0152789 -3.59395e-07 2.76812e-05 0.00958956 1.08943e-06 -0.00426366 -3.26415e-06 0.00230719 -0.00561218 -0.0043141 0.0199994 0.0280644 -0.0234536 0.0191227 0.00299651 -0.00567387 0.0352436 -0.00736596 -0.0340744 -0.0106937 0.00531442 -0.00566358 -0.0171906
internal_weight=752536 752156 2841.53 1755.92 1085.6 1039.29 994.207 873.288 749315 744418 2064.5 742354 4896.2 742313 1755.42 4638.4 4414.13 257.798 224.339 603.391 212.314 269.897 716.636 128.644 696.633 33.4594 379.669 109.605 83.6697 270.064
internal_count=2286250 2273604 58445 15319 43126 7393 5629 18829 2215159 2174778 26028 2148750 40381 2148688 8983 39146 33627 1235 1024 6356 24297 12473 7926 2921 5970 211 12646 268 21376 12378
is_linear=0
shrinkage=0.05


Tree=168
num_leaves=31
num_cat=0
split_feature=8 32 15 21 27 27 70 17 27 23 72 23 0 52 24 43 32 27 22 24 4 0 24 18 24 24 19 25 25 43
split_gain=17.2286 17.2476 47.1453 63.5085 57.865 52.7591 36.5055 40.5804 63.0213 36.5052 30.6053 61.1244 21.3606 31.5819 29.4156 31.6518 21.0375 15.8907 15.7201 15.2831 15.0346 13.5474 13.5471 12.7178 12.2891 11.2159 9.2355 8.50962 7.58011 3.79615
threshold=220.28487702305191 10.501829944157278 559.14285714285722 894.75011655924561 1723.0000000000002 818.50000000000011 0.63333333333333341 93835.500000000015 3263.5000000000005 533.50000000000011 1.8858371274993757 201.50000000000003 2333.5000000000005 258.00000000000006 4696323.0000000009 1.0000000180025095e-35 1.028753863477446 2266.5000000000005 14147148.000000002 1634.5000000000002 93.000000000000014 2272.5000000000005 1489.5000000000002 2987352.0000000005 23655.000000000004 2189.5000000000005 1.0000000180025095e-35 2325.5000000000005 1650.8750000000002 1.0000000180025095e-35
decision_type=2 2 2 2 2 2 2 2 2 2 2 2 2 2 2 2 2 2 2 2 2 2 2 2 2 2 2 2 2 2
left_child=1 12 3 4 5 -3 7 8 -4 -6 25 -12 17 14 15 -14 -16 19 29 22 27 -22 -1 -15 -9 -5 -2 -19 -21 -8
right_child=26 2 6 10 9 -7 18 24 -10 -11 11 -13 13 23 16 -17 -18 20 -20 28 21 -23 -24 -25 -26 -27 -28 -29 -30 -31
leaf_value=0.0048659485448456184 0.034999583157470003 -0.0013220951548752876 0.0096806908713426686 0.046016414511989845 0.042139307208331256 -0.022793863226741259 -0.051421069211992347 0.000828350614174645 0.00052832170903196671 -0.051748583902155955 -0.020956882189011983 0.1751594715498124 -4.8154352590095785e-05 0.048137507344546172 -0.021023301859687434 -0.050902774729176731 0.020413767408953537 0.020759800797099069 0.049876369692580615 -0.055513181666935085 0.025831859632015005 0.0038077568183990766 0.040443591842879219 -0.051456402424240037 0.041235928635628194 -0.047172481711683888 -0.048786678918374168 0.002809776981413133 -0.0032985845236357184 0.0047385560706145451
leaf_weight=534.45709198899567 3.7684777192771461 6306.534680158773 4029.7734573261114 3.3164623721968374 106.59243573620915 299.68456350360066 44.835618196579162 14324.946982902242 3527.1642679031938 11.467002782970665 22.487082723877396 4.8256944343447676 719722.16508940968 43.749543268466368 253.65241857187357 30.598205651156604 34.837636741576716 261.28589907288551 4.5203449516557148 7.000075126066803 73.105396777391434 1555.2527074217796 28.166860518045723 3.4588496363721779 18.841110959649086 122.19653832446784 25.845857337117195 88.353646352887154 986.42360193282366 3.2255727946758261
leaf_count=3662 37 48437 30292 105 455 3645 30876 34602 23590 72 285 12 2044878 18067 24286 3544 968 844 17 236 337 7787 142 784 82 2118 338 304 5374 74
internal_value=1.12789e-05 1.27798e-05 0.00121207 -0.00240045 -0.00167609 -0.00229614 0.00234373 0.00244364 0.00540887 0.0330201 -0.0342723 0.0136935 -3.50021e-05 -5.40332e-05 -5.67144e-05 -5.03163e-05 -0.0160194 0.00384273 -0.0392676 6.2602e-05 0.00681647 0.00479653 0.00664709 0.0408405 0.000881428 -0.0447101 -0.0381247 0.0162238 -0.00366651 -0.047652
internal_weight=752483 752453 28830.4 6877.1 6724.28 6606.22 21953.3 21900.7 7556.94 118.059 152.826 27.3128 723623 720088 720041 719753 288.49 3534.05 52.5815 1556.05 1978 1628.36 562.624 47.2084 14343.8 125.513 29.6143 349.64 993.424 48.0612
internal_count=2286250 2285875 174662 55129 52609 52082 119533 88566 53882 527 2520 297 2111213 2092527 2073676 2048422 25254 18686 30967 9414 9272 8124 3804 18851 34684 2223 375 1148 5610 30950
is_linear=0
shrinkage=0.05


Tree=169
num_leaves=31
num_cat=0
split_feature=28 0 22 23 21 21 33 31 23 23 23 72 19 0 27 16 14 27 25 23 32 22 22 32 24 16 14 23 52 1
split_gain=16.7834 16.6757 48.2321 45.8489 29.553 21.9274 21.5857 177.393 51.1764 92.3991 99.4175 44.8203 41.0245 49.6401 44.5286 34.0833 23.9031 20.5526 25.5319 18.7302 37.8801 17.9848 17.3567 14.534 7.71364 6.21408 6.11604 5.6462 5.04899 3.18927
threshold=6176.5000000000009 119839450.00000001 1125736.0000000002 748681.00000000012 152707.15065526144 152989.94708702315 0.012886860243868701 1.0000000180025095e-35 748061.00000000012 745431.50000000012 201882.00000000003 0.17604132279369275 118341892.50000001 97901012.000000015 405.50000000000006 148265.66554365991 0.048202244208169508 6201.0000000000009 171.91666666666669 2781791.0000000005 0.56501087232640679 1110177.0000000002 1094926.5000000002 1.1725088088038167 7104.5000000000009 152380.40665225682 0.51312078718502974 747505.50000000012 258.00000000000006 50.500000000000007
decision_type=2 2 2 2 2 2 2 2 2 2 2 2 2 2 2 2 2 2 2 2 2 2 2 2 2 2 2 2 2 2
left_child=1 6 3 4 21 25 8 19 9 10 -1 -11 13 -9 -14 23 -17 18 -7 26 -21 -3 -6 -10 -19 -4 -8 -27 29 -2
right_child=28 2 5 -5 22 17 7 12 15 11 -12 -13 14 -15 -16 16 -18 24 -20 20 -22 -23 -24 -25 -26 27 -28 -29 -30 -31
leaf_value=0.00087684945489447752 -0.045925128812387632 -0.00066617404497864663 0.065460938298507118 0.068891076747666632 -0.043014259426718972 0.0015182829474631508 -0.032586353987893557 3.0056819507235604e-06 0.033730512165560105 0.0010535013481558718 0.012790910835726097 -0.008287071815523064 0.23066679370268367 -0.013114824366238493 0.032044172203120357 -0.027825487873414247 0.0067196559280868172 0.16951012906582608 -0.042747626687879819 -0.0051706206314969319 0.33018408836681262 0.058465367464172247 -0.017651482887472928 -0.0026373654928977114 0.047424380921773986 0.0383799474833997 -0.048222817389554209 0.0013318722359972903 0.038313579257591053 0.05017093413213302
leaf_weight=9529.6725927938242 27.151806441659581 59.255503076783498 11.743044957518576 15.829093813896177 77.899542493280023 719.91872491315007 98.539856960938778 729537.11612374417 163.58775948919356 2049.527710467577 2145.1360164169455 3439.8049188442528 2.9774323105812064 721.90179001446813 53.973718907916918 50.946062259958126 2928.6865270141279 1.434944987297057 34.118786487728357 14.21962323033949 0.89506204240024168 16.422896221280098 503.09661580855027 33.016627594828606 13.154108298811478 27.476432919502258 171.15995898935944 16.435768408759031 2.0555884835193856 0.89177436078898509
leaf_count=77670 10992 674 17 23 441 3664 25306 2010344 659 5071 5916 9166 11 9549 820 14212 9585 2 414 4748 45 26 1598 80 326 54 93551 149 1000 137
internal_value=1.06882e-05 1.21817e-05 -0.00526011 -0.015197 -0.0172239 0.00284703 2.26905e-05 -2.20385e-05 0.0016293 0.000550427 0.00306595 -0.00479962 -6.65263e-06 -9.96203e-06 0.0424283 0.00745945 0.006129 0.000652601 -0.000484667 -0.0394743 0.0146884 0.0121659 -0.0210521 0.0276231 0.0594324 0.0331531 -0.0425097 0.0245133 -0.037325 -0.0428693
internal_weight=752468 752438 1496.79 672.504 656.675 824.282 750941 730601 20340.4 17164.1 11674.8 5489.33 730316 730259 56.9512 3176.24 2979.63 768.627 754.038 284.815 15.1147 75.6784 580.996 196.604 14.5891 55.6552 269.7 43.9122 30.0992 28.0436
internal_count=2286250 2274121 7388 2762 2739 4626 2266733 2144374 122359 97823 83586 14237 2020724 2019893 831 24536 23797 4406 4078 123650 4793 700 2039 739 328 220 118857 203 12129 11129
is_linear=0
shrinkage=0.05


Tree=170
num_leaves=31
num_cat=0
split_feature=54 58 56 30 21 57 19 31 57 57 21 14 7 72 72 16 58 72 22 1 19 57 3 18 1 0 1 58 0 37
split_gain=16.4906 68.9301 40.4719 33.9698 30.7537 127.529 134.456 111.95 103.543 89.5629 78.668 138.865 82.3198 78.6049 71.5446 41.5918 26.6913 56.3632 42.5848 56.2506 40.7607 26.707 15.5149 15.0849 12.9305 32.5335 16.4674 12.4344 11.6109 10.8652
threshold=16890462.000000004 6257859.1428571437 15006732.000000002 324.00000000000006 1023974.3141842072 22.500000000000004 5997193.5000000009 1.0000000180025095e-35 122.50000000000001 209.50000000000003 529854.91013295332 0.99640772071972972 477.28609625668463 1.3683580329116851 1.8257748222252097 1640134.9376265176 8151394.5000000009 2.076518425626714 10000819.500000002 80.500000000000014 99998702.000000015 550.50000000000011 3375.0000000000005 748534.00000000012 106.50000000000001 119560658.00000001 119.50000000000001 6635418.1428571437 41496920.000000007 4.4327331080291286
decision_type=2 2 2 2 2 2 2 2 2 2 2 2 2 2 2 2 2 2 2 2 2 2 2 2 2 2 2 2 2 2
left_child=2 22 4 16 7 6 15 -1 14 -10 12 -12 -9 -8 -7 -6 17 20 21 -20 -4 -18 -2 27 -24 26 -26 -3 -29 -30
right_child=1 23 3 -5 5 8 13 10 9 -11 11 -13 -14 -15 -16 -17 18 -19 19 -21 -22 -23 24 -25 25 -27 -28 28 29 -31
leaf_value=-0.042812983898221836 -0.016902963928206994 -0.069475566925034635 0.050690682198419296 0.056307824858389366 0.0037254845475860826 0.0034427522575623121 -0.010533353214275135 -1.32036307526018e-06 0.038654787016577243 0.00027286111867122546 -0.092969165668059822 -0.0057427787741780867 0.014372673208802778 0.019741674746939518 -0.036154015557624757 -0.014090170628395635 0.070423772394749271 0.049169635039631183 -0.0048695567385114843 -0.050336273078735311 -0.037919364920031257 -0.031657680423471293 0.062912322421468034 0.01806347227883209 -0.051047834388394268 0.055872306931029625 0.036229480989955855 0.044905447305534911 -0.00079564913715583915 -0.038449023746956773
leaf_weight=152.88230798358563 10.969749945099464 6.6906177434138945 13.912678976281311 21.030793213896686 1036.4038173557055 174.82872960853274 236.44417211471591 724161.5025704233 153.55384837643942 14922.160536685449 46.105636194464751 4410.1260603610426 997.44100496172905 2299.387351953832 328.28477960225428 479.01336418412393 28.662953153252602 23.870285493321717 1746.0481491584796 70.784551960066892 193.23205762542784 8.2518622078932804 55.722017884254456 113.00656544952653 14.222821697592737 42.935564398765564 8.716968968510626 13.51411861181259 650.01166266866494 19.740640310570598
leaf_count=107417 192 64 277 196 5187 2198 10684 1964978 1947 141263 177 16307 2395 12324 4647 2944 45 75 6829 812 2719 69 101 253 47 83 18 24 1889 89
internal_value=1.01278e-05 0.00664434 1.86905e-06 -0.0069201 2.13196e-05 0.00197428 0.00987719 -3.12132e-05 -8.08567e-05 0.000663801 -2.22488e-05 -0.00664525 1.84508e-05 0.0169188 -0.0223944 -0.00190593 -0.00755793 -0.0235842 -0.00556073 -0.00664096 -0.031968 0.0476047 0.0400466 0.00112972 0.0451842 0.0301885 -0.017883 -0.00164382 -0.000979606 -0.00190546
internal_weight=752439 935.531 751504 2105.79 749398 19630.1 4051.25 729768 15578.8 15075.7 729615 4456.23 725159 2535.83 503.114 1515.42 2084.76 231.015 1853.75 1816.83 207.145 36.9148 132.567 802.964 121.597 65.8754 22.9398 689.957 683.266 669.752
internal_count=2286250 2760 2283490 11022 2272468 181194 31139 2091274 150055 143210 1983857 16484 1967373 23008 6845 8131 10826 3071 7755 7641 2996 114 441 2319 249 148 65 2066 2002 1978
is_linear=0
shrinkage=0.05


Tree=171
num_leaves=31
num_cat=0
split_feature=59 30 23 57 56 23 18 23 23 23 23 1 21 54 23 56 14 18 58 72 23 22 54 0 18 19 23 55 56 58
split_gain=16.3561 16.7462 16.1878 28.5793 28.3795 27.5105 63.2068 48.299 81.4275 73.1304 52.7559 46.6736 49.2606 45.5833 37.7027 37.5909 18.2639 18.1419 16.7425 18.7904 15.8602 15.3603 14.7567 11.3614 14.4032 28.2417 61.0104 15.5434 10.1413 9.02225
threshold=25665777.054982185 372.00000000000006 2993107.5000000005 15027716.000000002 14992552.000000002 2985461.5000000005 2987352.0000000005 748353.50000000012 747091.50000000012 132607.00000000003 748061.00000000012 8.5000000000000018 149240.76636433936 15001183.500000002 749313.50000000012 14988617.000000002 0.048202244208169508 2987352.0000000005 47031017.500000007 1.8961402021794453 2989027.5000000005 3001098.0000000005 15004572.500000002 86778457.000000015 22607.500000000004 93973981.000000015 45594.000000000007 1808312.5247253843 15022387.000000002 26767916.250000004
decision_type=2 2 2 2 2 2 2 2 2 2 2 2 2 2 2 2 2 2 2 2 2 2 2 2 2 2 2 2 2 2
left_child=2 23 5 4 16 7 13 8 9 -1 -10 14 -13 15 -9 -7 -4 -6 20 -20 -8 -18 -19 -2 29 26 -26 -27 -15 -25
right_child=1 -3 3 -5 17 6 18 11 10 -11 -12 12 -14 28 -16 -17 21 22 19 -21 -22 -23 -24 24 25 27 -28 -29 -30 -31
leaf_value=-7.9804833862288138e-06 -0.071879746347604689 0.033601061879183151 -0.037779401926885982 -0.038969450296277346 -0.032045830308448257 -0.029356803561758345 -0.0089628459358848788 -0.0087812034989901682 -0.0077276274276886214 0.0055571434668643775 0.0010263332818347363 0.022033884980601461 0.0055821532689900996 -0.031120607159608477 0.0030630585795429818 -0.0027746617636967112 -0.011153822515475482 0.011794005078862631 0.055786956475310651 0.0074325913154716528 -0.00051413962995064909 0.0019699443552139134 0.00077156678044099569 -0.01482496217586517 1.0765195420946281 -0.07938483612863878 0.069147644499757618 0.0061264509293248752 -0.066222018559041668 -0.051996064284094104
leaf_weight=721481.96569790842 11.389841578711637 13.922277398407457 31.698811595939333 39.759456589818001 27.147232010960579 174.31327593617607 650.88943884545006 933.91538989401306 5560.2967211959185 5951.9127460918389 2492.6271622229833 525.90481816232204 3375.0264190924354 206.00272057950497 2394.7366849268146 561.11940851807594 252.18333427596372 1270.3352721631527 22.296166986227036 203.14818572998047 3789.4347825297154 1923.8266197613848 399.03204999864101 33.537507735192776 0.153156234533525 7.4555866831215125 8.0645428405259718 18.502451803768054 22.860642328858376 31.806931438521133
leaf_count=2144693 3032 35 13878 194 85 536 1813 2436 14932 32483 6196 1092 8545 781 14219 1432 731 2799 37 488 9463 14079 970 955 78 739 1004 90 124 8311
internal_value=9.616e-06 -0.0180875 1.2619e-05 0.0032075 0.00363702 -4.21889e-06 -0.00348617 2.21756e-05 -1.78002e-05 3.75537e-05 -0.00501801 0.00408903 0.0078001 -0.0151395 -0.00026007 -0.0090752 -9.98949e-05 0.00849994 -0.00107771 0.0122148 -0.0017526 0.000448998 0.00915929 -0.0245759 -0.0191621 0.00713997 0.0879224 -0.0184338 -0.0346268 -0.0329183
internal_weight=752415 124.832 752290 3943.98 3904.22 748346 5630.06 742716 735487 727434 8052.92 7229.58 3900.93 964.296 3328.65 735.433 2207.71 1696.51 4665.77 225.444 4440.32 2176.01 1669.37 110.91 99.5202 34.1757 8.2177 25.958 228.863 65.3444
internal_count=2286250 14244 2272006 32736 32542 2239270 14674 2224596 2198304 2177176 21128 26292 9637 2873 16655 1968 28688 3854 11801 525 11276 14810 3769 14209 11177 1911 1082 829 905 9266
is_linear=0
shrinkage=0.05


Tree=172
num_leaves=31
num_cat=0
split_feature=8 28 32 15 21 20 17 17 72 18 18 16 18 72 53 62 24 19 52 1 14 28 72 13 23 28 20 26 18 28
split_gain=16.0738 15.8746 15.8057 42.5832 59.4371 52.2504 32.4445 63.0584 29.0193 20.7083 142.52 141.441 131.572 124.176 123.976 87.3104 11.5205 8.70614 4.7419 2.98606 2.61373 2.15727 5.72497 0.986565 0.0300701 0.00902411 0.00299249 0.0038141 0.00124677 0.00034469
threshold=220.28487702305191 6176.5000000000009 10.501829944157278 559.14285714285722 894.75011655924561 833.50000000000011 93835.500000000015 25411.000000000004 1.8858371274993757 175.50000000000003 925.50000000000011 990883.57577305695 2.5000000000000004 2.7976171860452923 57.500000000000007 0.93072906000409594 23655.000000000004 1.0000000180025095e-35 258.00000000000006 50.500000000000007 314.95244177624551 30.500000000000004 1.7697749264068219 1.0000000180025095e-35 1266253.0000000002 52.500000000000007 1.2500000000000002 1928.612259282645 1.0000000180025095e-35 84.500000000000014
decision_type=2 2 2 2 2 2 2 2 2 2 2 2 2 2 2 2 2 2 2 2 2 2 2 2 2 2 2 2 2 2
left_child=1 2 9 4 5 -4 7 -5 -6 12 11 -11 14 -14 -1 -12 -8 -2 19 20 24 22 -19 -20 -3 28 29 -28 -23 -27
right_child=17 18 3 6 8 -7 16 -9 -10 10 15 -13 13 -15 -16 -17 -18 21 23 -21 -22 25 -24 -25 -26 26 27 -29 -30 -31
leaf_value=-0.000961652833777024 0.03233950559641386 -0.051593177808974336 -0.0022174542438058277 0.0016599361603123726 -0.044085058124540513 0.029201460531140547 0.00078614482615910457 0.011326779756627665 0.012993183781131658 -0.039084387870571863 -0.028445562411889821 -0.0067056627400247431 0.014597857844879365 -0.0023239926396545554 -0.04971284573094617 -1.9809322282757105e-05 0.040592761682393765 0.06461088669842048 -0.059871356005308407 0.050156366565233236 -0.006542202171637178 -0.055741993236947146 -0.056729022705120404 0.050215444198213478 -0.060495199705935393 -0.053031324762389843 -0.057431675371040582 -0.053618779298424082 -0.057088881564779509 -0.054017666496772004
leaf_weight=8782.8088630746061 3.8717811070382622 21.374253871937995 6579.4130736161023 5068.3220684092375 121.04008228646126 135.04276192921679 14331.925908482575 2528.6606507273391 27.288623724831268 411.67794549629616 270.23880740697496 1866.4157013500662 3069.1163353433076 1676.2577675399953 132.37442983407527 707324.31503170333 18.199176236987114 1.4554177187383199 0.23016905668191512 0.84113715565763314 3.6850367560982695 9.831029839813711 2.9271820671856403 1.7573890602507161 0.99268984363879909 4.7707952857017499 1.1355352383106949 1.5527071096003053 2.0820306912064543 1.0876993536949155
leaf_count=81461 37 10923 51879 71928 2223 730 38600 8923 297 3132 104401 12265 34824 10467 792 1851742 82 22 4 137 60 107 35 996 9 90 19 29 20 16
internal_value=9.1233e-06 1.0551e-05 1.1974e-05 0.00116046 -0.00227715 -0.00158555 0.00223539 0.00487755 -0.0335841 -3.37569e-05 -7.0864e-05 -0.0125569 0.00189452 0.00862038 -0.00168552 -3.06655e-05 0.000836629 -0.0373996 -0.0370584 -0.0425662 -0.0455599 -0.0482686 -0.0164332 0.0374668 -0.0519883 -0.055088 -0.0538482 -0.0552294 -0.0559774 -0.0532145
internal_weight=752401 752372 752343 28809.9 6862.78 6714.46 21947.1 7596.98 148.329 723533 709873 2278.09 13660.6 4745.37 8915.18 707595 14350.1 28.7142 28.8807 26.8931 26.052 24.8424 4.3826 1.98756 22.3669 20.4598 8.54674 2.68824 11.9131 5.85849
internal_count=2286250 2285875 2273746 174662 55129 52609 119533 80851 2520 2099084 1971540 15397 127544 45291 82253 1956143 38682 375 12129 11129 10992 338 57 1000 10932 281 154 48 127 106
is_linear=0
shrinkage=0.05


Tree=173
num_leaves=31
num_cat=0
split_feature=0 22 72 55 1 17 72 60 57 23 23 16 32 23 18 1 23 21 23 21 0 55 23 62 23 18 18 18 72 7
split_gain=15.6299 48.5348 59.4103 37.8902 34.8987 112.573 77.8952 69.1883 41.3159 35.955 48.6347 34.7379 38.341 38.584 30.2578 29.1034 26.1504 25.8397 23.7836 42.3125 25.4196 22.9036 22.3811 77.1156 50.9839 21.2972 68.1283 60.3374 46.2606 44.4333
threshold=119687958.50000001 1109150.5000000002 0.17660863933900359 14649537.1295383 122.50000000000001 3687057.5000000005 0.17583410921938605 5884340.5000000009 550.50000000000011 743247.50000000012 748307.50000000012 151333.88979488215 1.1669937798946075 747907.50000000012 744158.00000000012 132.50000000000003 746794.50000000012 1731120.304630076 741046.50000000012 156192.52304341653 112254722.50000001 4921771.5386035657 3.5000000000000004 0.96773527224655054 35.500000000000007 107363.50000000001 105865.50000000001 106454.50000000001 4.0399813815162444 477.28609625668463
decision_type=2 2 2 2 2 2 2 2 2 2 2 2 2 2 2 2 2 2 2 2 2 2 2 2 2 2 2 2 2 2
left_child=4 11 -3 22 25 6 9 15 17 -6 -11 14 -13 16 -2 -7 -14 -9 19 -8 -20 -10 23 -4 -24 26 28 -28 -1 -27
right_child=1 2 3 -5 5 7 18 8 21 10 -12 12 13 -15 -16 -17 -18 -19 20 -21 -22 -23 24 -25 -26 29 27 -29 -30 -31
leaf_value=-8.8442809644030521e-05 0.029686741273552992 0.033554305994956839 -0.0045607269852826109 0.05057239758154837 0.025124791522024421 0.072716311011859561 0.022994841721008283 -0.066966176341748895 0.0037584571755974964 0.0029608024923271827 0.020036150122546087 0.033246559777216786 -0.016976144602851156 0.0025931539035669777 -0.0058970168991703065 0.0069436529146709768 -0.038021235667222972 0.070335457367245877 -0.026142017940563596 -0.002866834847361967 -0.0047286902004890783 -0.060940414430966552 0.027976159506212867 -0.086136309266890698 -0.0020689917772462041 -0.00065541688523427578 0.0027699328859625218 8.1374958415883492e-05 -0.054266645795866264 0.018331278463037629
leaf_weight=536002.65646458918 72.005439897955512 128.65750444692094 192.80826423945837 35.057148955296725 283.07143726944923 107.73534423112869 212.37076789187267 3.8500996604561797 67.61474683979759 2091.9820005446672 520.8314688205719 35.492031494330149 363.60585056850687 152.44821548461914 350.7480509034358 19.929993828525767 248.48701310157776 31.159925144864246 149.42235781252384 619.58423286414472 1912.2014192938805 17.14800898055546 148.95823931670748 34.093741081655025 2709.7480496497446 122006.77312304557 42285.236614640686 41202.1930540842 39.40343453339301 308.92108921706676
leaf_count=1663607 157 349 1750 109 574 153 747 37 2105 5089 1088 86 1338 397 1436 120 889 141 431 1999 4893 412 446 209 10977 377563 99837 100450 8126 735
internal_value=8.65076e-06 -0.00293847 0.000256889 -0.00111588 2.62736e-05 0.00381251 0.00240096 0.0368393 0.00954258 0.00819836 0.00636456 -0.0114295 -0.0175556 -0.019914 0.000163783 0.0624485 -0.0255197 0.0552362 -0.00340106 0.0037348 -0.00628069 -0.00933051 -0.00170314 -0.0168181 -0.000503433 -4.53755e-06 0.0001145 0.00144309 -9.24253e-05 -0.000607464
internal_weight=752354 4472.11 3249.32 3120.67 747882 6036.9 5789.46 247.438 119.773 2895.88 2612.81 1222.79 800.033 764.541 422.753 127.665 612.093 35.01 2893.58 831.955 2061.62 84.7628 3085.61 226.902 2858.71 741845 619529 83487.4 536042 122316
internal_count=2286250 18143 13840 13491 2268107 17789 14821 2968 2695 6751 6177 4303 2710 2624 1593 273 2227 178 8070 2746 5324 2517 13382 1959 11423 2250318 1872020 200287 1671733 378298
is_linear=0
shrinkage=0.05


Tree=174
num_leaves=31
num_cat=0
split_feature=19 54 55 8 28 28 10 28 28 28 13 14 19 59 72 72 17 57 57 52 25 45 18 23 18 1 14 28 72 23
split_gain=15.2621 20.8066 33.0635 14.998 14.9002 15.4481 28.1082 23.7831 23.435 10.0215 8.86153 8.24887 8.21874 7.18884 6.7014 10.1408 8.26485 4.78063 6.27818 4.47314 4.10791 11.4393 6.44102 4.11859 3.33781 2.80418 2.60413 2.15725 5.19793 1.91346
threshold=119922611.00000001 13521.250000000002 2650576.0796911502 220.28487702305191 6176.5000000000009 3796.5000000000005 45.000000000000007 3143.5000000000005 2896.5000000000005 4561.5000000000009 28315.335758575962 500.41706987316456 1.0000000180025095e-35 9046776.8997337669 1.5502867009512198 1.6035219733565818 10188517.500000002 22.500000000000004 63.500000000000007 258.00000000000006 171.91666666666669 50.348436285936295 72.500000000000014 23.500000000000004 1.0000000180025095e-35 50.500000000000007 314.95244177624551 30.500000000000004 1.7697749264068219 51.500000000000007
decision_type=2 2 2 2 2 2 2 2 2 2 2 2 2 2 2 2 2 2 2 2 2 2 2 2 2 2 2 2 2 2
left_child=3 20 13 4 5 7 9 8 -1 -7 -9 -8 -5 17 -4 -16 -17 -3 -19 25 21 22 23 -2 29 26 -6 28 -14 -23
right_child=1 2 14 12 19 6 11 10 -10 -11 -12 -13 27 -15 15 16 -18 18 -20 -21 -22 24 -24 -25 -26 -27 -28 -29 -30 -31
leaf_value=5.0060202603044933e-06 -0.061086564124453513 0.10170667181433085 -0.1156755865950107 0.029956949219284813 -0.051897230675474283 0.02731527742619333 -0.0059169277501411113 -0.0082395982303351007 0.0045194809988986983 -0.022480069849775654 -0.0014090408852791712 0.010991713389455536 0.058022874655664039 -0.055186560926619548 0.056242930407786301 0.033846791513130081 -0.042691132210383079 -0.040901454235654895 0.042546796739864647 0.037426003846942807 -0.054833279959857012 0.062150015502298574 0.041311386280065206 -0.14029936896437065 -0.01877806218070217 0.050145979633967587 -0.0062477368508247521 -0.054819185269543727 -0.056402486307681722 0.0040263780040330037
leaf_weight=746782.1492666509 5.1402373123564775 3.0010630881879505 2.21046178927645 3.9686991460621384 21.211967562208894 172.36942160502076 211.59311659634113 1173.9507731056074 2885.795097046881 10.733172849984838 797.32114282250404 109.43597127497196 1.537481147795918 2.0393723578890777 3.4049954768270245 3.9731142092496148 31.422144513460808 2.4654872422106591 26.266732821939513 1.8930068226763967 28.748176318593323 2.8688171952962858 1.136300466081593 2.4104713314445689 6.6439889669418335 0.79627466364763577 3.6637391187250605 19.55337743088603 2.7999152224510908 2.796002097427845
leaf_count=2227269 138 15 22 37 10662 2738 1415 12673 21243 646 5880 607 22 151 12 23 329 21 305 1000 398 19 35 32 24 136 60 281 35 22
internal_value=8.2266e-06 -0.0174946 -0.000825769 1.11242e-05 1.2483e-05 1.38302e-05 0.00876347 7.96175e-06 2.23842e-05 0.0243964 -0.00547684 -0.000152922 -0.0366742 0.0358102 -0.0309958 -0.0261716 -0.0340998 0.0416582 0.0353862 -0.0367479 -0.042554 -0.0257409 -0.0696724 -0.0863743 0.005264 -0.0422173 -0.0451739 -0.0477428 -0.015842 0.0334618
internal_weight=752323 124.527 74.7834 752199 752171 752143 504.132 751639 749668 183.103 1971.27 321.029 27.8595 33.7727 41.0107 38.8003 35.3953 31.7333 28.7322 27.565 49.744 20.9958 8.68701 7.55071 12.3088 25.672 24.8757 23.8908 4.3374 5.66482
internal_count=2286250 1546 878 2284704 2284329 2272471 5406 2267065 2248512 3384 18553 2022 375 492 386 364 352 341 326 11858 668 270 205 170 65 10858 10722 338 57 41
is_linear=0
shrinkage=0.05


Tree=175
num_leaves=31
num_cat=0
split_feature=23 61 20 18 22 16 60 72 54 23 18 23 1 54 54 23 23 21 22 14 70 45 19 23 19 58 72 22 21 22
split_gain=14.8963 29.9136 26.1554 20.3201 18.7677 22.574 46.909 34.1798 22.8711 18.1738 68.9072 45.1708 97.1442 42.5303 36.3836 35.7618 129.797 83.3119 94.1333 78.4252 45.9013 27.3676 25.1852 35.9239 23.2724 22.7906 21.6236 28.7483 23.2288 20.8653
threshold=2993772.5000000005 45006082.500000007 7200168.1500000013 97493.500000000015 45014342.500000007 12966718.564610528 45991029.500000007 1.8770409188822981 14996665.500000002 2985461.5000000005 2987352.0000000005 748952.50000000012 12.500000000000002 15001183.500000002 14988713.500000002 746065.00000000012 361164.00000000006 149240.76636433936 1094268.0000000002 0.99640772071972972 0.98473193473193488 51.136950904392769 2339853.0000000005 2172646.5000000005 15574080.500000002 41994170.000000007 1.8384414408736944 44012454.500000007 13283298.123432258 1109150.5000000002
decision_type=2 2 2 2 2 2 2 2 2 2 2 2 2 2 2 2 2 2 2 2 2 2 2 2 2 2 2 2 2 2
left_child=9 2 -2 -4 -3 6 8 -7 -6 11 13 15 22 14 -11 16 20 29 -19 -18 -1 -14 23 -13 -23 -12 27 -27 -28 -17
right_child=1 4 3 -5 5 7 -8 -9 -10 10 25 12 21 -15 -16 17 19 18 -20 -21 -22 24 -24 -25 -26 26 28 -29 -30 -31
leaf_value=1.3100662856994208e-05 0.0017321010202953485 0.029847266128964697 0.065860154098251841 -0.026964930064389131 -0.012504874057054036 0.03181417609851752 -0.052512779186278641 0.0048051711554753622 0.024443713195142547 -0.028215262230217017 -0.015172043563977226 -0.0017620827541390016 0.041741512278404232 -0.033629421450124056 -0.0026878608273712425 0.0079330332972296635 -0.017074374644928888 -0.011756201794116645 -0.0014175865064317283 0.01213790144225105 -0.0070499872031880616 0.03784876339030932 0.0051646799131030317 -0.039878808964318328 0.0091497290283544166 0.0025190669328437796 -0.012759285738079496 0.02378382508489164 -0.00055594039408761323 0.039484253592040636
leaf_weight=719707.78633719077 2109.3274343562371 119.30151069490239 6.2154781177232499 114.59774136357009 81.547820717096329 177.97460813494399 42.189287987479474 342.66847890312783 86.10586903989315 186.14915190299507 251.70662244968116 974.95643452191143 173.37786370376125 231.09174147248268 557.98822931945324 1299.9830109629547 248.48948573158123 2885.0989466160536 9294.9235022609355 3047.4255671380088 2307.6298242422054 99.100345462560654 2348.0798096699 65.999306522193365 245.96389909088612 1748.25344838202 450.81443375349045 174.83417128026485 2888.291712731123 54.600992366671562
leaf_count=2153171 10387 304 3464 16983 211 1693 826 803 191 572 685 5149 348 922 1424 3038 2180 7712 23730 7113 18854 189 11989 521 567 4294 1246 377 7206 101
internal_value=7.80293e-06 0.00347795 0.000436206 -0.0221894 0.0114606 0.00845769 -0.00538724 0.0140378 0.00647169 -6.46189e-06 -0.00264104 1.65553e-05 0.00537829 -0.0148924 -0.00907365 -1.18009e-05 3.57177e-05 -0.00255829 -0.00386651 0.0099355 -9.47364e-06 0.0255349 0.0022948 -0.00417878 0.0173919 -0.000474165 0.000228879 0.00445232 -0.00220352 0.00920481
internal_weight=752322 3079.93 2230.14 120.813 849.788 730.486 209.843 520.643 167.654 749243 6489.13 742753 3907.48 975.229 744.137 738846 725311 13534.6 12180 3295.92 722015 518.442 3389.04 1040.96 345.064 5513.9 5262.19 1923.09 3339.11 1354.58
internal_count=2286250 34862 30834 20447 4028 3724 1228 2496 402 2251388 16726 2234662 18763 2918 1996 2215899 2181318 34581 31442 9293 2172025 1104 17659 5670 756 13808 13123 4671 8452 3139
is_linear=0
shrinkage=0.05


Tree=176
num_leaves=31
num_cat=0
split_feature=54 58 54 22 14 23 72 57 23 18 54 0 38 54 23 23 57 59 59 70 16 22 32 3 18 18 1 0 13 18
split_gain=14.867 61.9763 34.5636 39.7176 33.6132 31.5564 34.3461 20.4197 28.2104 33.3882 67.2568 26.743 28.5197 24.6029 72.6112 127.227 52.485 112.214 52.9578 29.9178 18.1508 15.0982 14.9959 14.0726 13.4998 25.7988 13.1475 30.6538 13.6793 12.7324
threshold=16890462.000000004 6257859.1428571437 15010184.500000002 46990559.500000007 0.15762054970198919 2990139.0000000005 1.4142135623730299 14992065.000000002 354.00000000000006 2990792.0000000005 14996665.500000002 75405740.000000015 18.807017543859622 5524127.8285714295 3.5000000000000004 222.50000000000003 216963.50000000003 2148262.3405490476 5954965.0218816213 0.98449519230769245 9815787.406859288 46005625.500000007 0.22698881352076553 3375.0000000000005 2987352.0000000005 747763.50000000012 106.50000000000001 119560658.00000001 51.73927691825515 748534.00000000012
decision_type=2 2 2 2 2 2 2 2 2 2 2 2 2 2 2 2 2 2 2 2 2 2 2 2 2 2 2 2 2 2
left_child=2 23 7 4 -4 6 -6 13 11 22 -11 12 -9 16 19 -16 18 -18 -1 -15 -13 -7 -10 -2 25 -5 -25 28 -28 -3
right_child=1 29 3 24 5 21 -8 8 9 10 -12 20 -14 14 15 -17 17 -19 -20 -21 -22 -23 -24 26 -26 -27 27 -29 -30 -31
leaf_value=7.1845876417281783e-06 -0.015723618213819301 -0.0013683944082606087 -0.052973112060651729 0.044821267087653945 0.062764194179727631 -0.002975614338340116 -0.027400379780177161 0.060224823350403113 -0.0019840728570303663 0.0020166423122577174 0.020950494188426323 0.085117790169183277 -0.034477053218152205 -0.008729879292544724 0.019974734528811378 -0.004540534064457087 -0.0019468951911487031 0.025512033389851418 -0.012774563152042532 -0.029033761997580582 0.026813523116980501 0.057908308896804289 -0.054558149844278751 0.062056302162863057 0.03146360961334415 -0.07413207400266697 -0.046918691183049005 0.05443627902182107 0.033510688701733182 0.016807750706625598
leaf_weight=738124.91614609899 10.877914862940086 689.31663189828396 53.31841818196699 8.7749546946724877 10.992507038172333 316.68561911582947 269.68530998425558 10.454116329550741 2092.7443344444036 2234.9923021346331 593.59807406365871 14.940402820706366 33.189482495188713 394.33507606487547 617.93628504441585 3686.6663898174156 914.20039625112258 627.41385718683887 811.27189647767227 336.04121813143138 125.28476906567812 10.520922377705572 13.651935905218123 53.27739018201828 67.849550396203995 9.4851574301719666 14.637674197554588 40.682880282402039 8.2752727270126343 112.00432117353193
leaf_count=2163748 192 2066 233 38 60 887 1246 31 5340 5297 1247 35 153 2931 2033 13047 12939 21636 48305 3587 437 19 45 101 151 45 47 83 18 253
internal_value=7.41857e-06 0.00632846 -3.97331e-07 -0.010748 -0.0149078 -0.011569 -0.0238692 1.03028e-05 0.00315749 0.00244101 0.00599003 0.0223874 -0.0117928 -1.13065e-05 -0.00349462 -0.00102131 1.23788e-05 0.00922848 -6.84839e-06 -0.0180716 0.0330256 -0.00101797 -0.00232481 0.0386714 0.0211932 -0.0169687 0.0437342 0.0283848 -0.0178707 0.00117217
internal_weight=752308 929.072 751379 747.312 661.203 607.884 280.678 750632 5118.86 4934.99 2828.59 183.869 43.6436 745513 5034.98 4304.6 740478 1541.61 738936 730.376 140.225 327.207 2106.4 127.751 86.1097 18.2601 116.873 63.5958 22.9129 801.321
internal_count=2286250 2760 2283490 2679 2445 2212 1306 2280811 12585 11929 6544 656 184 2268226 21598 15080 2246628 34575 2212053 6518 472 906 5385 441 234 83 249 148 65 2319
is_linear=0
shrinkage=0.05


Tree=177
num_leaves=31
num_cat=0
split_feature=59 22 22 31 20 18 23 72 19 72 18 72 60 20 58 59 23 59 59 72 22 18 1 23 72 31 23 15 30 33
split_gain=15.349 16.4259 119.181 97.0484 74.6508 52.6726 70.7906 54.6199 49.1188 43.1125 132.581 146.671 105.758 59.0888 49.6667 48.5841 39.5415 35.632 47.9252 51.9356 33.2657 32.8269 31.7789 28.519 26.813 286.97 78.1537 18.4037 14.9356 12.9067
threshold=24205664.475517396 2998549.5000000005 2985110.5000000005 1.0000000180025095e-35 1074178.0943877553 72.500000000000014 298.50000000000006 2.8006000314608652 6015785.0000000009 2.1981336135054188 244.50000000000003 1.2993775338438767 33815275.500000007 1123864.1964285716 14634552.238095243 2345043.8200092879 3.5000000000000004 2264979.6149405851 1463712.6038407858 2.0168853029470823 2997813.5000000005 1.0000000180025095e-35 374.50000000000006 2781791.0000000005 0.17660863933900359 28.000000000000004 746794.50000000012 1797832.3921568629 462.00000000000006 0.011718766939487103
decision_type=2 2 2 2 2 2 2 2 2 2 2 2 2 2 2 2 2 2 2 2 2 2 2 2 2 2 2 2 2 2
left_child=1 2 3 23 17 16 8 -8 -7 10 11 -6 15 -12 -14 -11 20 18 21 -20 -4 -3 -19 -1 25 -5 -26 -25 29 -2
right_child=28 4 5 24 9 6 7 -9 -10 12 13 -13 14 -15 -16 -17 -18 22 19 -21 -22 -23 -24 27 26 -27 -28 -29 -30 -31
leaf_value=-0.046007031871443664 -0.014174183670108188 -0.0011440274054988584 -0.016277947371873543 3.5805169529810288e-05 -0.03904012164939346 -0.040598413874577466 -0.027171566150742829 0.014555999461566611 0.016613600445288375 -0.0055170284432544941 -0.046940979309511958 0.011835489431271476 0.055553580122317939 -0.0007469710213449161 -0.00022095024948464334 -0.024518443868668808 0.0152236327829403 -0.056034334399937637 -0.060355645527870684 0.067959963996425315 0.008273931511132343 0.010053000615684198 0.061543584713662815 0.30800052416829016 0.00023515735167363487 0.049696154276775088 -0.0066188900616590447 -0.051280593147540847 0.070626655429354368 -0.067321020328704809
leaf_weight=127.07661399664357 135.75343274159241 850.11694038228597 574.01691012200899 704411.73838639446 147.62041279187542 416.08958527515642 145.343725350569 170.32644965813961 41.233436182141304 618.93114730826346 69.601037517539226 3512.0320710933447 40.328993316012202 12872.316060558136 3886.1651380656403 736.96261770538695 188.44859125837684 36.35205738368677 9.1434119606856239 57.33414719812572 181.61574860662222 2845.9098808793933 6.8259069714695206 0.94270755350589641 13972.52714248863 291.02919785212725 5921.7236489504576 0.57312828674912453 4.8380397651344529 12.473094943357863
leaf_count=97915 10278 3993 2527 1855689 2124 1419 476 473 100 5606 276 46142 462 80678 35913 11999 754 2807 149 190 668 10563 23 6 74407 17235 18044 65 15 5254
internal_value=7.04763e-06 1.02695e-05 -3.36711e-05 -2.49796e-06 0.00125281 -0.0131909 -0.0228689 -0.00465658 -0.03544 0.000128818 0.00138066 0.00978331 -0.00380549 -0.0009954 0.00035191 -0.0158448 -0.00526678 0.00771611 0.00823439 0.0503113 -0.0103769 0.00747759 -0.0374467 -0.0434353 5.20996e-06 5.6314e-05 -0.00180502 0.172159 -0.0158247 -0.0186464
internal_weight=752285 752132 726443 724726 25689.6 1717.07 772.993 315.67 457.323 21884 16601.6 3659.65 5282.39 12941.9 3926.49 1355.89 944.081 3805.68 3762.5 66.4776 755.633 3696.03 43.178 128.592 724597 704703 19894.3 1.51584 153.065 148.227
internal_count=2286250 2270703 2069778 2063361 200925 6417 2468 949 1519 183200 129220 48266 53980 80954 36375 17605 3949 17725 14895 339 3195 14556 2830 97986 1965375 1872924 92451 71 15547 15532
is_linear=0
shrinkage=0.05


Tree=178
num_leaves=31
num_cat=0
split_feature=14 15 13 22 70 32 17 0 2 28 28 52 15 18 21 18 20 18 22 33 13 27 56 33 32 33 1 18 21 15
split_gain=15.0921 64.9871 53.3285 40.8473 37.8837 36.15 41.059 42.7314 33.0852 27.7656 65.1142 34.3044 26.4064 24.9103 127.427 62.267 251.563 117.328 50.2353 33.4807 22.9679 22.0147 17.8319 14.5166 14.122 13.0168 11.8659 11.17 9.0457 8.28742
threshold=19.068230897641264 106464.50000000001 415.46865337148819 38143.000000000007 0.63333333333333341 9.7552885860566843 100914.50000000001 97432.500000000015 3.5000000000000004 84.500000000000014 100.50000000000001 258.00000000000006 2321.5000000000005 1.0000000180025095e-35 1018073.6086805823 175.50000000000003 227255.58333333334 925.50000000000011 2999955.5000000005 0.16617371235339312 433.27769654871315 4115.0000000000009 11978.500000000002 9.4409539141938428 9.4166835384334266 51315.789473684214 4.5000000000000009 1.0000000180025095e-35 117498.02436883257 102263.50000000001
decision_type=2 2 2 2 2 2 2 2 2 2 2 2 2 2 2 2 2 2 2 2 2 2 2 2 2 2 2 2 2 2
left_child=1 2 23 4 5 8 7 -7 12 13 21 22 -2 14 19 16 -15 -17 -16 -3 -8 -11 -12 24 -1 -6 -5 -27 -28 -4
right_child=3 9 29 26 25 6 20 -9 -10 10 11 -13 -14 15 18 17 -18 -19 -20 -21 -22 -23 -24 -25 -26 27 28 -29 -30 -31
leaf_value=0.003494965282481494 0.0043116983193825396 -0.05160775740014259 0.031387531708303905 0.047144580798396868 -0.0479728362457566 0.0005776746683447357 0.00044297169559174063 -0.00081356486540481434 -0.050696305014202296 -0.039361343254549264 -0.0014725218662652157 0.049076831584133396 -0.00089871308356783558 0.064631316634032918 0.0082730321763660446 -0.011717417862834412 0.0027121164693439843 -0.00025832497042396101 -0.0048946763382212762 -0.020917222857960868 0.0021399606791202806 0.058038798139012686 -0.043686228436104785 0.007824502731435156 0.0015966458563990888 -0.056567974621542762 -0.078378206433189823 0.096796224612057266 0.023636412094899351 0.00037256837602626393
leaf_weight=19372.688528207451 2473.5252205841243 120.14733480253199 21.545971214771271 58.117340935510583 52.752850946271792 95843.458606855711 54933.132924909238 130130.86735165189 33.244450047146529 6.2491003926697877 70.557493877829984 24.447942525293911 143728.78025448474 167.15174920960271 1036.7492415322922 2262.6552381249203 8796.8170908701286 175048.23256760629 2403.508746061314 341.29127829993377 31299.856856763363 80.97862255104701 38.759070489832084 1341.4776740066009 19820.915376089746 1.9543577982112754 3.4125795935397019 3.0248089181259274 5.9822141540935263 62720.864918828011
leaf_count=47787 12324 1398 45 870 34187 301475 135468 325013 3809 38 1311 13929 449728 2974 4386 11242 59167 544161 34622 1977 76149 802 17518 3081 49909 36 1288 27 308 151221
internal_value=6.69801e-06 0.000286554 0.00129645 -0.000172526 -0.000178253 -0.000173152 0.000130717 -0.000223492 -0.000821901 -0.000261247 0.0174514 -0.00446537 -0.000810561 -0.000281829 -0.00423578 -0.00019901 0.00386673 -0.000404554 -0.000926482 -0.0289083 0.00105893 0.0510609 -0.0164397 0.00271 0.00253495 -0.0406788 0.0387167 0.0365997 -0.0134195 0.000383219
internal_weight=752243 293675 103277 458568 458501 458443 312207 225974 146236 190398 220.992 133.765 146202 190177 3901.7 186275 8963.97 177311 3440.26 461.439 86233 87.2277 109.317 40535.1 39193.6 57.732 67.5121 4.97917 9.39479 62742.4
internal_count=2286250 945568 252043 1340682 1338216 1303966 838105 626488 465861 693525 33598 32758 462052 659927 42383 617544 62141 555403 39008 3375 211617 840 18829 100777 97696 34250 2466 63 1596 151266
is_linear=0
shrinkage=0.05


Tree=179
num_leaves=31
num_cat=0
split_feature=15 33 3 58 18 4 58 54 54 54 56 14 54 23 56 23 1 18 18 72 23 20 56 19 23 56 72 60 58 58
split_gain=14.4366 57.0353 36.0346 28.4958 25.611 77.2526 62.2186 35.2681 109.299 41.4935 31.6931 28.0221 26.0136 25.5958 61.8546 43.792 78.7231 38.3168 86.2632 77.4401 29.8072 33.3194 32.3982 24.0552 23.6417 20.6719 19.5236 15.575 17.2075 15.3921
threshold=61722642.000000007 0.016177908721175003 313.50000000000006 61732481.000000007 2990792.0000000005 307.50000000000006 61532463.000000007 14996665.500000002 15004572.500000002 14994280.500000002 15000945.000000002 0.45168927272822446 14993718.500000002 2985461.5000000005 15012570.500000002 748681.00000000012 37.500000000000007 747099.50000000012 112235.50000000001 0.17460733843643667 2988161.5000000005 3728587.4840909089 14988617.000000002 2339853.0000000005 748952.50000000012 15421624.500000002 0.31490733448695063 61642025.500000007 61718907.000000007 83579888.500000015
decision_type=2 2 2 2 2 2 2 2 2 2 2 2 2 2 2 2 2 2 2 2 2 2 2 2 2 2 2 2 2 2
left_child=4 2 -2 -3 13 7 11 9 10 12 -9 26 -6 15 20 17 23 18 -1 -19 22 -22 -15 -17 -18 -10 -7 -8 -29 -4
right_child=1 3 29 -5 5 6 27 8 25 -11 -12 -13 -14 14 -16 16 24 19 -20 -21 21 -23 -24 -25 -26 -27 -28 28 -30 -31
leaf_value=-3.8294772147917846e-05 0.00072882423994784099 0.0041633824674271397 -0.039741758979103571 -0.013535602246411907 0.002319437146709053 -0.0088295376312295219 -0.023276052775231704 0.025510277724999933 0.00048458949886774584 -0.011095162683286291 0.059929871077231162 0.030535480355711589 0.012644595697232445 -0.034213284249929039 -0.031264522560617659 -0.0042567523668274416 0.014572532580554673 0.0079387020335116264 0.0048913177064419146 -0.004747493282624235 -0.013654603637621762 0.0012976928444050628 -0.0067470751934390217 0.0044510382914762954 0.035399730067236602 -0.062057921900364736 0.07145091021960151 -0.050718896148690955 0.082172620147246245 -0.0095045865352279754
leaf_weight=701143.37541368068 5886.542655444704 274.11971937119961 73.843260891735554 1334.8434723392129 11383.943098328891 317.59004460275173 188.46030078828335 267.08406890928745 575.75462530553341 556.2793977856636 89.221160531044006 59.007361426949501 644.56386038661003 121.72826403989166 194.04997210204601 1051.002674260526 415.81571024656296 1389.7725720491726 8988.1876088633435 8948.0486774313031 419.83716815547086 3310.1256312120968 909.92444682121277 3232.1635545676108 202.66729757189751 13.522320494055746 7.75820468366146 100.11041226238012 2.4966697320342055 97.869534060359001
leaf_count=2079633 20040 730 745 3902 48925 1825 972 538 1454 1423 136 282 1426 386 877 5712 920 16439 39583 23351 2284 16098 2466 14162 384 88 35 800 21 613
internal_value=6.3535e-06 -0.00215218 7.02157e-05 -0.0105202 2.85822e-05 0.00213123 -0.0143717 0.00295504 0.0122678 0.00225531 0.0341292 -0.00116565 0.00287272 -1.23171e-05 -0.00359349 1.21491e-05 0.00472218 -1.98952e-05 2.40997e-05 -0.00304202 -0.00246581 -0.000385308 -0.00998791 0.00231432 0.0213973 -0.000950593 -0.00691518 -0.0318103 -0.0474853 -0.0225078
internal_weight=752200 7667.22 6058.26 1608.96 744532 14205.8 675.423 13530.4 945.582 12584.8 356.305 384.356 12028.5 730327 4955.67 725371 4901.65 720469 710132 10337.8 4761.62 3729.96 1031.65 4283.17 618.483 589.277 325.348 291.067 102.607 171.713
internal_count=2286250 26030 21398 4632 2260220 57925 3935 53990 2216 51774 674 2142 50351 2202295 22111 2180184 21178 2159006 2119216 39790 21234 18382 2852 19874 1304 1542 1860 1793 821 1358
is_linear=0
shrinkage=0.05


Tree=180
num_leaves=31
num_cat=0
split_feature=28 59 22 31 22 23 3 3 8 58 72 72 59 18 23 23 23 15 0 61 56 23 56 18 59 59 1 32 61 1
split_gain=14.2459 14.1423 14.8708 90.4299 83.1397 115.867 78.7477 85.6161 81.3474 74.3451 33.1575 29.031 94.8443 93.4578 24.1332 14.7962 30.5948 12.2382 8.38214 17.8899 29.9802 10.1576 16.9259 8.31085 7.67692 7.1626 5.23095 5.09051 3.97987 2.14821
threshold=6176.5000000000009 25665777.054982185 2998923.5000000005 1.0000000180025095e-35 2983741.0000000005 103.50000000000001 6125.0000000000009 6525.0000000000009 31.761866703180228 6016993.0000000009 1.5959133045515987 2.1981336135054188 2345043.8200092879 244.50000000000003 2781791.0000000005 747585.50000000012 748253.50000000012 1797832.3921568629 114668538.00000001 7039818.0000000009 225799.50000000003 194.50000000000003 14990752.500000002 748534.00000000012 27485867.972826105 41542814.018645756 58.500000000000007 60661.764705882364 6016125.5000000009 50.500000000000007
decision_type=2 2 2 2 2 2 2 2 2 2 2 2 2 2 2 2 2 2 2 2 2 2 2 2 2 2 2 2 2 2
left_child=1 2 3 14 10 -6 11 9 -9 -8 -5 13 -13 -4 27 18 -17 -16 21 20 -20 22 -3 26 -23 -25 -18 -1 29 -2
right_child=28 15 6 4 5 -7 7 8 -10 -11 -12 12 -14 -15 17 16 23 -19 19 -21 -22 24 -24 25 -26 -27 -28 -29 -30 -31
leaf_value=-0.047150261461394422 -0.043706278242914974 -0.060488522869855503 0.0084113919392952135 -1.0937039249436243e-05 8.695913618445326e-05 -0.019976615351312461 0.06903841182714307 0.006092506015583035 0.080967779227378037 -0.0038548883857543563 0.0054789243414226337 0.00020436305612446873 -0.016850885053583866 -0.00057941471089215351 0.23459042175734704 0.075499910812207097 -0.073845673384033181 -0.051216242201682298 0.57201755009311495 -0.058838734210890004 0.040924244799099972 -0.082117901068643584 0.016481008110913384 -0.064619825244547791 -0.0355470636899664 0.0088206840665619717 0.069404389660906729 0.030847978563106268 0.045564737671009548 0.050078069120820357
leaf_weight=117.98151516367216 24.323978618573172 12.144634944270367 3667.2781606050994 720971.921771453 1700.3484124541283 1247.5532476454973 107.58247891068459 2126.9155878350139 36.904341384768486 51.832961142063141 2760.9535275110975 4597.2624980877736 990.83028507820563 13644.277802179116 1.1676187515258778 11.694167345762251 7.658585679833779 0.55144464771728952 0.2771915895282272 5.4915214885841124 6.4238325816695578 15.01007889973698 17.34154098900035 4.009236946556487 21.559193454653723 19.312438779103104 0.69512259960174549 2.1296133244177318 1.3904452704882704 0.62631999352015455
leaf_count=97253 11118 3846 42699 1945382 6977 3951 160 6563 55 133 16137 35443 25867 78492 6 16 2868 68 108 1719 667 274 106 967 2807 849 1 707 879 132
internal_value=6.02715e-06 7.31487e-06 1.0072e-05 -3.13479e-05 -2.41265e-05 -0.00840395 0.0012036 0.00997481 0.00736952 0.0453376 1.00061e-05 0.000313732 -0.00281972 0.0013252 -0.043105 -0.0170416 0.00638403 0.142909 -0.0300255 0.00806516 0.0628932 -0.0370562 -0.0152209 -0.0191327 -0.0546623 -0.0038045 -0.0619257 -0.0457673 -0.036764 -0.041352
internal_weight=752173 752147 752025 726803 726681 2947.9 25222.9 2323.24 2163.82 159.415 723733 22899.6 5588.09 17311.6 121.83 121.618 43.3696 1.71906 78.248 12.1925 6.70102 66.0554 29.4862 31.6754 36.5693 23.3217 8.35371 120.111 26.3407 24.9503
internal_count=2286250 2274121 2259893 2070481 1972447 10928 189412 6911 6618 293 1961519 182501 61310 121191 98034 14228 4701 74 9527 2494 775 7033 3952 4685 3081 1816 2869 97960 12129 11250
is_linear=0
shrinkage=0.05


Tree=181
num_leaves=31
num_cat=0
split_feature=19 54 55 8 54 58 56 30 21 57 31 72 20 61 23 70 72 19 59 72 72 17 26 18 57 16 18 14 58 1
split_gain=14.2098 19.0513 29.8832 14.1578 13.6379 56.2312 30.3735 29.5148 27.7256 108.825 91.8833 26.518 13.6931 25.1488 12.1129 10.9126 8.80316 7.7157 6.4875 6.18898 9.08019 7.52245 4.45949 14.7745 6.12536 5.18359 8.53556 4.30232 11.7677 8.09299
threshold=119922611.00000001 13521.250000000002 2650576.0796911502 220.28487702305191 16890462.000000004 6257859.1428571437 15006732.000000002 324.00000000000006 1023974.3141842072 22.500000000000004 1.0000000180025095e-35 1.8160918606443845 1123864.1964285716 5810526.5000000009 3.5000000000000004 0.98787834263884811 2.1797662881260051 1.0000000180025095e-35 9046776.8997337669 1.5502867009512198 1.6035219733565818 10188517.500000002 194.3514417257403 1.0000000180025095e-35 917.50000000000011 191530.02413885327 72.500000000000014 0.42615805209619595 10213860.875000002 32.500000000000007
decision_type=2 2 2 2 2 2 2 2 2 2 2 2 2 2 2 2 2 2 2 2 2 2 2 2 2 2 2 2 2 2
left_child=3 22 18 4 6 12 8 11 10 -10 -1 -8 13 -6 16 -16 -7 -5 27 -4 -21 -22 23 24 -2 -25 -27 29 -29 -3
right_child=1 2 19 17 5 14 7 -9 9 -11 -12 -13 -14 -15 15 -17 -18 -19 -20 20 21 -23 -24 25 -26 26 -28 28 -30 -31
leaf_value=-0.041743754940789399 0.12417217851722161 0.026684312087536251 -0.11177886064470616 0.027277866986573036 0.040422188236208148 -0.057743928650625422 -0.016683725742787207 0.054305168214934307 0.0092069960294314333 -2.6919816646053926e-05 -2.3136325430734976e-05 -0.0034138436405888035 0.059128604223350228 -0.026681052747906803 0.0059550402198630175 -0.0072486203397910971 0.0088757954469364606 -0.047290712741649518 -0.055054802923391245 0.053185467352989707 0.031846388035341566 -0.041212468651988771 -0.054671094706044955 0.0096488895528700856 0.0067590284217323177 -0.079047767327338189 0.024916428874760175 0.042669815529279308 -0.093316875163495142 0.087200185096565241
leaf_weight=131.99389758298639 1.8966121348203184 14.135387527290737 2.1891078809276214 4.0824608728289631 59.532383352983743 14.667118274606766 498.10640286750277 20.051710074039875 4022.1116574514745 15437.679676347077 729432.46469472558 1541.9088086134288 45.871069656335749 18.240972604602575 560.69317626289558 217.07096493989229 7.4915512340376145 23.085292857140303 1.937612926820292 3.3585902964696279 3.9762173141352823 30.933902473479975 27.397290069144219 3.3349024504423168 2.6810276284813881 10.830091679585164 2.4143900619819751 6.3785420634376333 2.1195261493267026 9.0694549484178406
leaf_count=107416 54 227 22 37 193 259 4117 193 30972 148881 1983404 6596 190 54 1418 574 62 338 151 12 23 329 394 8 22 152 38 55 32 27
internal_value=5.70982e-06 -0.0170116 -0.00105997 8.48524e-06 9.7892e-06 0.00608193 2.32262e-06 -0.00606058 1.89976e-05 0.00188162 -3.06845e-05 -0.00665392 0.0374625 0.0246838 0.00123142 0.00226995 -0.0352207 -0.0360854 0.0337617 -0.030014 -0.0253368 -0.0328912 -0.0413551 -0.0241117 0.0554058 -0.0460668 -0.0600957 0.0391899 0.00875301 0.0503365
internal_weight=752158 122.653 74.0983 752035 752008 923.567 751084 2060.07 749024 19459.8 729564 2040.02 123.644 77.7734 799.923 777.764 22.1587 27.1678 33.6405 40.4578 38.2687 34.9101 48.5543 21.157 4.57764 16.5794 13.2445 31.7029 8.49807 23.2048
internal_count=2286250 1546 878 2284704 2284329 2750 2281579 10906 2270673 179853 2090820 10713 437 247 2313 1992 321 375 492 386 364 352 668 274 76 198 190 341 87 254
is_linear=0
shrinkage=0.05


Tree=182
num_leaves=31
num_cat=0
split_feature=9 28 54 72 18 28 23 24 23 23 72 19 23 11 23 28 72 57 21 18 1 13 8 72 25 21 28 18 31 18
split_gain=14.0852 77.8705 33.8349 25.9001 28.2586 34.5768 37.3987 22.8823 137.368 76.4924 79.0091 73.9136 69.2026 47.9251 53.1979 44.6739 64.5329 40.8318 29.2026 27.7547 59.5855 102.706 77.0866 61.3151 53.6687 62.7513 43.806 25.4324 165.216 105.243
threshold=4298.5000000000009 30.500000000000004 1936.3095238095241 3.3148616704856528 1.5000000000000002 100.50000000000001 29.500000000000004 10862.500000000002 83.500000000000014 1.5000000000000002 3.9875729169863692 3622.5000000000005 430.50000000000006 769.88392857142867 152.50000000000003 24.500000000000004 1.1908690870378875 10226.000000000002 2489.7329804702631 1.0000000180025095e-35 5.5000000000000009 1433.6481458453516 31.761866703180228 2.053773590371311 171.91666666666669 175.51541735386641 28.500000000000004 175.50000000000003 28.000000000000004 925.50000000000011
decision_type=2 2 2 2 2 2 2 2 2 2 2 2 2 2 2 2 2 2 2 2 2 2 2 2 2 2 2 2 2 2
left_child=7 2 -2 4 -3 6 -6 19 9 15 11 -11 13 -10 -15 -9 -17 -12 -14 20 24 23 -23 -22 25 -1 -26 -21 29 -29
right_child=1 3 -4 -5 5 -7 -8 8 12 10 17 -13 18 14 -16 16 -18 -19 -20 27 21 22 -24 -25 26 -27 -28 28 -30 -31
leaf_value=-0.0013537163886830164 0.027462614691075627 -0.030413943144322199 -0.035119233489307844 -0.055695737403022152 0.035361435728807636 -0.052521904459524787 -0.057755226194679765 -0.037315681535933003 0.053609665527107046 -0.039144183475921378 -0.019279612647343406 0.032324162341358341 0.032720295238318577 -0.0046483031117261295 -0.028403289670487348 -0.022459878879698782 0.021481297604791109 0.074831579851309296 -0.0055725513790226 0.0022071847200921344 -0.002982969861466186 -0.0019946975921445644 0.091183038108069908 -0.03112903858156665 -0.0071952947611166069 0.020825923018606609 0.0075150665466789156 -0.0074263095961680965 0.042955570120655449 1.8716180993784205e-05
leaf_weight=714.15885663253721 147.1369544826448 154.70682812482119 25.313388824462891 52.549021534621716 63.602543815970421 21.242881961166859 12.984415896236895 74.854268088180106 25.991703613617574 37.916292559559224 131.71672749519348 788.81963000480027 131.00463056055014 530.44056781753898 424.12463818490505 132.93594749111799 224.94156907340221 12.630592573434113 80.309686383392545 13084.395040654228 276.32009867916349 1080.3077658116817 22.662669479846954 645.54717812140007 2165.1057772189379 576.19151568261441 660.47324094176292 4778.0867188906996 223.60317121376283 724843.19418400573
leaf_count=7063 535 1170 159 349 161 220 59 557 12011 318 675 5995 2921 3846 3795 1437 4261 68 21378 101317 7986 4578 28 21153 16010 5217 3963 28597 17567 2012856
internal_value=5.41559e-06 -0.008579 0.0182764 -0.0237591 -0.0171136 0.00391949 0.0195746 1.08693e-05 0.0046973 0.0152958 0.0230871 0.0290464 -0.00778591 -0.0133789 -0.0152029 -0.00218825 0.00515906 -0.0110448 0.0181672 -5.3702e-06 -0.00335301 -0.0103751 -8.01801e-05 -0.0226925 0.000101527 0.00855035 -0.00375678 2.23001e-05 -1.68697e-05 -3.00392e-05
internal_weight=752143 477.536 172.45 305.086 252.537 97.8298 76.587 751666 2595.69 1403.82 971.083 826.736 1191.87 980.557 954.565 432.732 357.878 144.347 211.314 749070 6140.77 2024.84 1102.97 921.867 4115.93 1290.35 2825.58 742929 729845 729621
internal_count=2286250 2653 694 1959 1610 440 220 2283597 57262 13311 7056 6313 43951 19652 7641 6255 5698 743 24299 2226335 65998 33745 4606 29139 32253 12280 19973 2160337 2059020 2041453
is_linear=0
shrinkage=0.05


Tree=183
num_leaves=31
num_cat=0
split_feature=22 21 32 57 26 20 20 54 18 23 20 56 58 54 24 60 5 60 4 58 58 15 54 57 27 58 18 27 3 57
split_gain=13.8497 56.2548 91.8126 59.7921 40.7674 37.8812 30.7432 31.8768 39.6111 28.6064 29.4056 36.163 23.8935 33.8273 67.8434 22.1824 59.056 39.9615 93.1777 39.3846 36.6391 22.8331 21.3965 24.7667 22.6983 21.3417 20.9484 20.1677 20.1192 20.104
threshold=98570160.500000015 44377448.794351645 0.053097421956575255 1157.5000000000002 231.15065362618921 22833791.000000004 29605469.375000004 950.50000000000011 1.0000000180025095e-35 748585.50000000012 13124575.500000002 5998484.0000000009 119949365.50000001 9144.0000000000018 3103.5000000000005 61689187.000000007 312.00000000000006 61499355.000000007 307.50000000000006 65529398.000000007 61532463.000000007 11279237.627777779 1035.5000000000002 880.50000000000011 474.50000000000006 83579888.500000015 61594577.500000007 425.50000000000006 45.000000000000007 880.50000000000011
decision_type=2 2 2 2 2 2 2 2 2 2 2 2 2 2 2 2 2 2 2 2 2 2 2 2 2 2 2 2 2 2
left_child=1 15 22 29 -5 -6 9 8 27 10 -2 -12 13 14 -9 17 19 21 26 -17 -20 -1 23 -3 -25 -18 -19 -8 -21 -4
right_child=6 2 3 4 5 -7 7 12 -10 -11 11 -13 -14 -15 -16 16 25 18 20 28 -22 -23 -24 24 -26 -27 -28 -29 -30 -31
leaf_value=5.5842861297981575e-06 -0.052453095346506995 -0.03939430612010001 0.071448939413217033 0.20422769179160599 0.023308930103400401 0.074341527969532625 0.20133039526151447 0.0053319979090662491 -0.025819246962485654 0.022315536710286129 -0.012538864542520367 0.037362800583451025 -0.039034973569397925 0.0041000763388677032 0.17927398991641136 -0.0050452289673229194 -0.039657323745298005 0.0082884464688632014 0.023228305000451883 -0.050094341299313817 -0.030189432970983254 -0.0073634310002433151 0.00050399005783522874 0.085836388492133583 -0.014705806335463492 -0.0090862559798496143 0.0027340589695870089 0.022043813297124199 0.0013086398433381091 -0.025595011006196395
leaf_weight=730871.32106684078 43.294403817970306 7.8489374063938149 6.3145374541636548 4.5937351643806315 62.490948587656021 86.974578075110912 5.9451825679279846 16.028687270765662 4.9309399476624085 64.164100795402192 753.50638293218799 38.143493809038773 26.818890857510269 200.71703556901775 8.6208403930067998 4774.3275458459393 138.20900355651975 2656.5739891466219 36.552607208490372 19.100964476412628 263.56036777049303 1052.7174309529364 502.55130760399334 22.237308633048091 7.5091157779097548 97.264256298542023 4702.2224267269485 2.1307186186313629 5589.7476664446294 34.46958244650159
leaf_count=2164346 802 821 39 197 395 457 126 139 480 151 5891 125 351 1203 39 26184 1437 6381 151 13650 1550 27040 4232 109 48 613 11450 15 17599 229
internal_value=5.10095e-06 1.35495e-05 0.0138395 0.043263 0.0575142 0.053005 -0.00544395 0.00951626 0.0858473 -0.00985647 -0.0123288 -0.0101345 0.00557938 0.0108885 0.0661659 3.86254e-09 -0.00226905 3.2582e-05 0.0036255 -0.00170752 -0.0236834 -5.01448e-06 0.00322583 0.0396097 0.0604558 -0.0270297 0.00473923 0.154028 0.00113359 -0.0105699
internal_weight=752101 750937 734.99 194.843 154.059 149.466 1164.3 265.192 13.0068 899.108 834.944 791.65 252.185 225.367 24.6495 750202 10618.6 739583 7658.91 10383.2 300.113 731924 540.147 37.5954 29.7464 235.473 7358.8 8.0759 5608.85 40.7841
internal_count=2286250 2276928 6527 1317 1049 852 9322 2353 621 6969 6818 6016 1732 1381 178 2270401 59483 2210918 19532 57433 1701 2191386 5210 978 157 2050 17831 141 31249 268
is_linear=0
shrinkage=0.05


Tree=184
num_leaves=31
num_cat=0
split_feature=18 18 31 6 28 28 57 22 57 59 72 37 31 18 52 3 57 58 56 16 72 57 28 28 72 23 53 72 37 19
split_gain=13.6526 67.8704 90.3897 73.4131 60.8446 133.663 68.3784 111.812 95.5327 60.2878 60.1365 58.0067 210.077 77.6324 57.7985 55.1129 51.1722 64.2114 50.458 56.1279 46.5634 46.2981 46.9304 55.5043 85.2402 69.4632 111.378 66.9362 56.9835 40.3497
threshold=1.5000000000000002 15.500000000000002 1.0000000180025095e-35 75.000000000000014 84.500000000000014 100.50000000000001 18848.500000000004 15785015.000000002 29.500000000000004 2264979.6149405851 1.3114409707159207 31.730775364985291 28.000000000000004 25.500000000000004 258.00000000000006 8133.0000000000009 216963.50000000003 16070525.41666667 14997054.500000002 995085.71785265976 1.8952067717494658 2994888.5000000005 48.500000000000007 28.500000000000004 3.2245785380917988 1.0000000180025095e-35 20.500000000000004 0.94359742345003583 31.730775364985291 4372.5000000000009
decision_type=2 2 2 2 2 2 2 2 2 2 2 2 2 2 2 2 2 2 2 2 2 2 2 2 2 2 2 2 2 2
left_child=21 3 9 4 6 -6 8 -8 -2 -3 15 12 13 -4 -14 -5 20 -18 19 -12 -11 22 23 25 27 28 -27 -25 -1 -7
right_child=1 2 11 10 5 29 7 -9 -10 16 18 -13 14 -15 -16 -17 17 -19 -20 -21 -22 -23 -24 24 -26 26 -28 -29 -30 -31
leaf_value=-0.004556698079517754 0.0026944214909429554 -0.045924446173878725 0.03627547207831619 0.0096158445343565574 0.046052511787687246 0.032577381386237433 -0.017164856076010922 0.027471832880856653 -0.016774271616951029 -0.0033242083639249383 0.0086396969414754138 -0.015672323401539387 -0.030492870962761504 -4.5712300650933791e-06 0.048875897722957855 -0.15986967774964411 0.03969122452459916 -0.02124414172489858 -0.023956538685350522 0.030228764337902083 -0.049246710865685217 -0.023019801767451629 -0.016041056052404506 -0.010158828528701886 -0.035454692920436841 -8.1339806259499433e-05 0.035536218201734547 0.017238343124369254 -0.021008702694375492 -0.015129998117460151
leaf_weight=3052.0950004337647 2117.0442352322716 161.25354034834891 147.48055437928997 9.9835275374352932 236.64626369971666 55.76018706180912 198.0184866074851 481.28270136198262 897.13389206142165 113.8614560753922 587.53215915337205 589.39459534641355 25.061697231401922 731738.80728410557 270.70208143183845 9.232024684548378 90.875428700004704 82.463859818584751 70.026075974106789 617.44471192359924 107.13999570932356 247.22602960620134 510.28165602640365 279.00065077003092 102.78584992140532 7102.5209232173947 226.48773757833987 1109.542202408833 635.99689986556768 216.04035529786779
leaf_count=44815 14421 105395 423 35 668 759 2943 2568 6555 17799 2241 4788 20385 1926676 22571 47 1696 7121 253 2267 5815 5432 6447 1180 614 57528 717 6653 4493 12945
internal_value=4.79996e-06 3.33457e-05 -8.14205e-06 0.00556888 0.00236182 0.0185781 0.000129472 0.0144601 -0.0031002 -0.0201679 0.0159812 7.14329e-06 1.9765e-05 2.73947e-06 0.0421505 -0.0718127 -0.0096356 0.010702 0.0173044 0.0197022 -0.0255871 -0.00158501 -0.00117796 -0.000571617 0.0084811 -0.00179704 0.00101935 0.0117334 -0.00739378 -0.00534278
internal_weight=752089 738823 733327 5496.14 4201.93 508.447 3693.48 679.301 3014.18 555.594 1294.22 732771 732182 731886 295.764 19.2156 394.341 173.339 1275 1204.98 221.001 13265.9 13018.7 12508.4 1491.33 11017.1 7329.01 1388.54 3688.09 271.801
internal_count=2286250 2158371 2112669 45702 40859 14372 26487 5511 20976 137826 4843 1974843 1970055 1927099 42956 82 32431 8817 4761 4508 23614 127879 122447 116000 8447 107553 58245 7833 49308 13704
is_linear=0
shrinkage=0.05


Tree=185
num_leaves=31
num_cat=0
split_feature=0 22 23 16 21 33 31 23 23 23 72 72 22 23 19 15 3 19 0 33 26 16 23 14 18 32 27 26 18 19
split_gain=13.7378 41.1573 27.8222 24.2653 19.4733 16.712 136.552 41.3973 72.1497 71.346 63.5493 39.8465 98.7613 39.1023 37.6685 32.1263 47.7697 31.4283 41.8655 29.3714 27.3701 25.6015 18.9637 17.8951 16.5894 21.9494 16.374 20.0295 15.0506 14.3848
threshold=119839450.00000001 1124608.5000000002 748585.50000000012 152380.40665225682 152707.15065526144 0.012886860243868701 1.0000000180025095e-35 748061.00000000012 745431.50000000012 201882.00000000003 3.1397916067913889 0.17683067884410988 1095177.0000000002 743247.50000000012 118984589.50000001 61722642.000000007 313.50000000000006 118341892.50000001 97901012.000000015 0.016177908721175003 182.89634291614843 148265.66554365991 2781791.0000000005 0.048202244208169508 25.500000000000004 0.56501087232640679 6201.0000000000009 194.3514417257403 747099.50000000012 119160113.50000001
decision_type=2 2 2 2 2 2 2 2 2 2 2 2 2 2 2 2 2 2 2 2 2 2 2 2 2 2 2 2 2 2
left_child=5 2 4 -3 28 7 22 8 9 10 -1 14 -13 -11 -10 17 19 18 -8 -17 -19 -9 -7 -23 -24 -26 27 -5 -2 -6
right_child=1 3 -4 26 29 6 15 21 11 13 -12 12 -14 -15 -16 16 -18 20 -20 -21 -22 23 24 -25 25 -27 -28 -29 -30 -31
leaf_value=0.0012965919010699334 0.039471400731936716 0.059813825977337524 0.051642420052905869 0.0011348357254469001 -0.028527627688664365 -0.041032072484578824 2.1979117015095138e-05 0.024389841582780167 -0.0012342368612481152 0.015725162251424087 -0.035507954041173642 -0.038565700357207876 -0.0056127077996280458 0.0013160521543702684 0.046710515591138597 -0.00036795701419607197 -0.039327105413370117 0.13722293823635806 -0.012116868629520387 -0.0089475824353839311 0.024893202810535996 -0.024894987063386404 0.17885035090552615 0.0060451742495615853 -0.022583405080986284 0.18880875688385632 0.052739470942710615 -0.040538126657659934 -0.0098199663881783326 -0.011173408683675645
leaf_weight=9326.3862018029904 24.241378481514403 17.64188289642334 15.054953172802923 853.37865918123862 266.78265527635813 228.21806605762686 724921.11330100242 191.99288795184111 3111.2249265313148 1425.7053175903857 118.78018402963062 255.38816818594933 2072.6617664089426 702.99751603184268 41.51381827890873 2734.2608036547899 95.084551349282265 6.0258795768604605 710.9957890463993 1570.4971523284912 54.18718009366421 47.495640513981925 1.4496559513499949 2913.0000808539335 11.332732226961522 1.3771856420207775 14.810119777146609 29.842086480930448 42.880007990985177 216.15760771301575
leaf_count=61707 54 27 26 4132 968 118857 1999565 739 7849 4228 15963 824 5487 1688 77 6876 1019 20 16722 4238 2873 14212 91 9585 4663 39 1832 410 632 847
internal_value=4.55268e-06 -0.00480666 -0.0154175 0.0017419 -0.0172529 1.4045e-05 -2.52003e-05 0.00143247 0.000459474 0.00269741 0.000833747 -0.00426642 -0.00922767 0.0109666 -0.000602922 -1.27433e-05 -0.00427234 1.30825e-05 1.00851e-05 -0.00349805 0.0361347 0.00669625 -0.0375484 0.0055488 0.0185997 0.000322034 0.000601071 -0.000273202 0.00798197 -0.0207601
internal_weight=752022 1480.79 565.117 915.673 550.062 750542 730335 20207.1 17054.7 11573.9 9445.17 5480.79 2328.05 2128.7 3152.74 730092 4399.84 725692 725632 4304.76 60.2131 3152.49 242.378 2960.5 14.1596 12.7099 898.031 883.221 67.1214 482.94
internal_count=2286250 8928 2527 6401 2501 2277322 2154963 122359 97823 83586 77670 14237 6311 5916 7926 2031313 12133 2019180 2016287 11114 2893 24536 123650 23797 4793 4702 6374 4542 686 1815
is_linear=0
shrinkage=0.05


Tree=186
num_leaves=31
num_cat=0
split_feature=53 23 23 23 1 23 33 19 0 14 18 18 7 66 21 22 27 72 23 55 1 32 72 55 33 20 28 22 15 0
split_gain=13.8048 83.4587 120.506 83.4916 44.4307 31.0694 37.6721 18.0077 26.579 14.5124 57.6384 49.4765 39.8812 47.8303 102.673 38.2112 36.579 50.608 44.2471 36.4157 37.0239 32.3844 31.8811 30.7563 29.8999 24.411 19.9116 14.1783 11.6383 16.489
threshold=140.50000000000003 3.5000000000000004 35.500000000000007 61.500000000000007 169.50000000000003 1.5000000000000002 0.0083714491692599511 119397258.50000001 119687958.50000001 19.068230897641264 106454.50000000001 105865.50000000001 477.28609625668463 0.9920000000000001 431156.83540620917 38143.000000000007 9303.5000000000018 2.5343895028830565 2064.0000000000005 10463943.119052049 102.50000000000001 9.7552885860566843 0.99898857054584578 1844524.1564151586 0.0092189661477217032 6950.1913580246928 43.500000000000007 1109904.5000000002 106349.50000000001 106387.50000000001
decision_type=2 2 2 2 2 2 2 2 2 2 2 2 2 2 2 2 2 2 2 2 2 2 2 2 2 2 2 2 2 2
left_child=9 4 -3 27 5 7 -7 -2 -9 10 11 19 13 14 -12 16 18 26 21 20 -1 -11 -20 -15 -21 -19 -18 -4 -13 -30
right_child=1 2 3 -5 -6 6 -8 8 -10 15 12 28 -14 23 -16 -17 17 25 22 24 -22 -23 -24 -25 -26 -27 -28 -29 29 -31
leaf_value=0.00036408506515477285 -0.063140689966038208 0.043672077403573595 -0.15406250686865139 -0.005711201865381807 0.064213801891268241 -0.10359506904826295 0.012733443499020589 0.019432976594286149 -0.060019887162023625 -0.00077625924027512625 -0.026307359401454469 0.0021315914745012629 0.017582923253769308 -0.00029747430489669594 0.014781304543871863 0.038409647422555933 -0.020990955209088384 -0.027184148723380926 -0.052409842772008809 -0.040615606989202475 0.022424300378502411 0.00012550521703619033 0.1041001526516854 0.021968446643381528 0.046573363519995692 0.051723364575146584 -0.056812549821506957 -0.066377515170763582 0.0073962700444160619 0.0024535849331057541
leaf_weight=77490.8509305935 26.797735512256622 131.4349490404129 9.9245327264070529 652.24304772913456 8.8878232389688474 39.185923311859369 8.4626813828945142 27.265421070158482 17.14466455951333 146227.69115843362 481.68354632449336 35102.066490282654 311.26123505830765 171350.57353423536 222.159769721271 64.193980299052782 135.47320504486561 14.198988899588583 4.0536316646612276 84.449136211536825 190.6647690111422 311970.66739374457 16.490243731183 155.23377491533756 11.128820075711699 31.646924152970314 54.359160915017128 8.6093411892652494 2734.1067023277283 4407.3869659600314
leaf_count=334523 188 298 47 1688 47 170 21 160 143 465559 48731 83147 739 433748 18863 2466 884 102 7726 1188 4610 862837 251 362 175 84 773 30 6266 10424
internal_value=4.30008e-06 -0.00608384 -0.000106605 -0.00868479 -0.0436199 -0.0516834 -0.0829344 -0.0307719 -0.0112401 1.18384e-05 0.000286999 0.00112844 -0.000298383 -0.000330702 -0.0133382 -0.000163718 -0.000169119 -0.0198622 -0.000158991 0.000380281 0.000418231 -0.00016228 0.0732183 -0.000277321 -0.0304636 0.0272848 -0.0312486 -0.113331 0.00250593 0.00434588
internal_weight=751990 929.956 802.212 670.777 127.744 118.856 47.6486 71.2078 44.4101 751060 292542 120021 172521 172210 703.843 458519 458455 235.678 458219 77777.1 77681.5 458198 20.5439 171506 95.578 45.8459 189.832 18.5339 42243.6 7141.49
internal_count=2286250 2792 2063 1765 729 682 191 491 303 2283458 942776 440333 502443 501704 67594 1340682 1338216 1843 1336373 340496 339133 1328396 7977 434110 1363 186 1657 77 99837 16690
is_linear=0
shrinkage=0.05


Tree=187
num_leaves=31
num_cat=0
split_feature=23 61 20 19 16 57 60 18 56 54 33 22 16 16 16 18 18 55 61 54 19 18 7 4 23 18 6 55 72 33
split_gain=13.5485 25.1113 22.482 17.7951 38.0024 28.6965 31.1862 17.7934 17.5046 23.7697 21.8229 15.5926 38.6934 21.4831 17.4225 15.3986 52.0815 38.5632 60.9747 128.288 47.9717 36.6439 35.0555 64.2199 168.908 35.5692 33.1234 32.2711 28.5937 27.2802
threshold=2993772.5000000005 45006082.500000007 7200168.1500000013 73000818.500000015 12966718.564610528 14994996.500000002 46579692.500000007 97493.500000000015 14992552.000000002 14992076.000000002 0.013334480898759502 3001098.0000000005 1034.5334240783479 312.94988665577637 861241.91734959139 107363.50000000001 105766.50000000001 883105.48426333827 5918386.5000000009 4182251.1666666674 100215775.50000001 106454.50000000001 477.28609625668463 307.50000000000006 132607.00000000003 112235.50000000001 440.50000000000006 10463943.119052049 4.0399813815162444 0.0092189661477217032
decision_type=2 2 2 2 2 2 2 2 2 2 2 2 2 2 2 2 2 2 2 2 2 2 2 2 2 2 2 2 2 2
left_child=15 2 11 8 -5 -6 -7 -4 9 10 -3 13 -13 -2 -15 16 26 22 19 20 -19 -18 23 25 -25 -17 27 28 -1 -29
right_child=1 3 7 4 5 6 -8 -9 -10 -11 -12 12 -14 14 -16 17 21 18 -20 -21 -22 -23 -24 24 -26 -27 -28 29 -30 -31
leaf_value=-8.4180788914748508e-05 0.0063736261837990422 -0.0085892029848708799 0.061127385284089314 -0.037450046028798492 -0.0020498108523137343 0.063522620004805755 0.011976006034388753 -0.025232647130056851 0.024797178028900121 -0.072993711434795397 0.035599098257987717 0.063340369559237081 0.0024385239465730397 -0.027411074311942493 0.049156754606016928 -0.001068414662201253 0.0021209273587372529 0.083853153304200692 0.0027737372501555474 0.043748482755566004 0.45620978427846137 0.00010114631367574392 0.016272754887443962 -0.024580685898860425 0.0040408706631173208 0.00068196995353328829 -0.057333678026920881 -0.039245110108738358 -0.037801124635996684 0.043567807611638955
leaf_weight=529579.89962036931 111.51865297553013 71.292753561981954 6.2989593043312189 50.034568846225739 231.45268974715145 40.538104698061943 106.2510482519865 112.32589439544245 289.73314884305 9.6284743845462781 45.94861111685168 26.458065893151797 1827.6265309341397 131.31524638168048 7.8750328798778346 80662.048730388226 49349.195422573423 1.271223554387688 136.24451140989549 58.325076660141349 2.7067208560183644 41207.076066283102 309.2370595484972 966.46206171810627 1104.635294303298 45335.820169211773 25.274711402133107 83.064213156729238 50.254930146271363 11.297215340862747
leaf_count=1649277 262 947 3464 162 1313 62 239 16983 593 33 679 91 9571 418 45 201328 116943 47 1011 248 36 100457 735 5475 6054 157418 273 1188 10723 175
internal_value=4.08393e-06 0.00331981 0.000531493 0.0106577 0.00350082 0.00891788 0.0262114 -0.0206469 0.0180151 0.00252671 0.00872884 0.0017251 0.0033076 -0.00997812 -0.0230791 -9.50116e-06 9.37232e-05 -0.000507497 0.0215111 0.0624859 0.337217 0.00120184 -0.000541551 -0.000582151 -0.00931516 -0.000438601 -9.56997e-05 -9.29687e-05 -8.77596e-05 -0.0293305
internal_weight=751951 3068.3 2223.42 844.879 428.276 378.242 146.789 118.625 416.603 126.87 117.241 2104.79 1854.08 250.709 139.19 748883 620306 128577 198.548 62.303 3.97794 90556.3 128378 128069 2071.1 125998 529750 529725 529630 94.3614
internal_count=2286250 34862 30834 4028 1776 1614 301 20447 2252 1659 1626 10387 9662 725 463 2251388 1879036 372352 1342 331 83 217400 371010 370275 11529 358746 1661636 1661363 1660000 1363
is_linear=0
shrinkage=0.05


Tree=188
num_leaves=31
num_cat=0
split_feature=8 28 28 10 28 28 13 28 24 27 13 24 28 17 27 28 72 10 27 52 1 14 13 32 23 28 28 21 28 14
split_gain=13.3293 13.0002 14.1196 24.9378 20.9056 22.0211 41.4194 31.4737 9.43174 11.9458 8.14804 13.4694 11.4981 7.91079 14.24 7.49199 20.0768 5.83476 3.59971 3.54364 2.36173 2.70293 0.98114 0.023684 0.02365 0.00763571 0.00247038 0.00123207 0.000491784 0.000467553
threshold=220.28487702305191 6176.5000000000009 3796.5000000000005 45.000000000000007 3143.5000000000005 2896.5000000000005 29658.763234350012 2481.5000000000005 4338.5000000000009 4066.5000000000005 28315.335758575962 3278.5000000000005 3288.5000000000005 4938.0000000000009 4800.5000000000009 35.500000000000007 1.7402676727512782 42.500000000000007 5349.0000000000009 258.00000000000006 50.500000000000007 314.95244177624551 1.0000000180025095e-35 237.09409078232537 1266253.0000000002 52.500000000000007 100.50000000000001 1.0000000180025095e-35 30.500000000000004 855.24913039614319
decision_type=2 2 2 2 2 2 2 2 2 2 2 2 2 2 2 2 2 2 2 2 2 2 2 2 2 2 2 2 2 2
left_child=1 2 4 8 5 7 -7 -1 9 -4 11 -6 -12 14 -5 16 -2 -10 -15 20 21 24 -21 -18 -3 27 29 -17 -25 -27
right_child=15 19 3 13 10 6 -8 -9 17 -11 12 -13 -14 18 -16 25 23 -19 -20 22 -22 -23 -24 28 -26 26 -28 -29 -30 -31
leaf_value=3.2309912976671292e-05 0.097642840048749763 -0.051338872369312984 0.010927216899745552 0.0017837014931014784 -0.018995211540616411 -0.00691107338377065 0.0075438919152497307 -0.0030129111412828665 0.036605431833957723 0.039160748683620704 0.00090984921331700632 -0.0052330431108531354 -0.017946635839640717 -0.032347286426762843 0.058936913532116365 -0.056559568048429244 -0.062133339591801999 -0.016365214155018466 -0.0076510892316448741 -0.059957714333705253 0.050111280589480826 -0.0038941986543056897 0.050146645271000823 -0.054300183739190044 -0.059486307859938498 -0.053831266206276485 -0.055017800315803105 -0.055166560950515503 -0.055418962451763309 -0.052643870921516026
leaf_weight=737930.78183179686 3.3891669418662804 17.842511012757328 62.540874488680856 227.83730748295784 218.93419291451573 635.04976610164158 2256.4301833193749 8583.6589741830248 6.8615402354334973 93.439633935689926 704.2038592249155 946.13016270822845 91.327920511364937 19.371312916278839 11.44609849154949 1.9817399457097069 1.4784171879291532 21.451468497514725 61.920540165156126 0.23607372329570253 0.68380196345969935 3.5013043396174899 1.4155547074333297 2.4489725194871426 0.93749547553306811 1.0002768822014321 1.6897763498127458 7.9758719131350517 1.6400789767503736 4.8431276343762875
leaf_count=2162925 37 10923 269 1336 1963 5795 15448 65612 2749 256 5136 10713 744 142 55 20 13 114 489 4 137 60 996 35 9 16 37 95 19 103
internal_value=3.85177e-06 5.1003e-06 6.28992e-06 0.00836514 6.73329e-07 1.41633e-05 0.00436918 -2.705e-06 0.0230213 0.0278404 -0.00515565 -0.00781917 -0.0012549 -6.04461e-05 0.00451762 -0.0354917 0.00169682 -0.003528 -0.013536 -0.0363298 -0.0414172 -0.0442262 0.034409 -0.0567098 -0.0517456 -0.0545351 -0.053334 -0.0554438 -0.0547489 -0.0528471
internal_weight=751922 751896 751871 504.869 751367 749406 2891.48 746514 184.294 155.981 1960.6 1165.06 795.532 320.575 239.283 26.4474 8.95664 28.313 81.2919 24.6167 22.9651 22.2813 1.65163 5.56747 18.78 17.4908 7.53318 9.95761 4.08905 5.8434
internal_count=2286250 2285875 2273746 5410 2268336 2249780 21243 2228537 3388 525 18556 12676 5880 2022 1391 375 104 2863 631 12129 11129 10992 1000 67 10932 271 156 115 54 119
is_linear=0
shrinkage=0.05


Tree=189
num_leaves=31
num_cat=0
split_feature=0 72 22 19 55 1 17 72 60 57 20 23 1 18 21 13 23 19 19 16 21 55 22 23 23 22 21 18 18 0
split_gain=12.8948 41.4942 55.2902 41.0992 31.6539 26.1543 97.3397 66.0659 55.6781 36.4484 31.777 32.3575 26.744 25.6237 22.5482 21.9666 56.2173 21.3107 20.7941 21.9998 20.5642 20.3381 18.5223 20.9127 18.0883 17.7311 23.7214 17.5046 17.0658 119.251
threshold=119687958.50000001 0.17683067884410988 1095177.0000000002 118984589.50000001 14649537.1295383 122.50000000000001 3687057.5000000005 0.17583410921938605 5884340.5000000009 550.50000000000011 855331.06834532379 748307.50000000012 131.50000000000003 744158.00000000012 1731120.304630076 58.887996659171456 3.5000000000000004 119014929.00000001 116688289.00000001 150912.50389201357 151828.01805365938 4921771.5386035657 1093604.0000000002 746794.50000000012 748307.50000000012 1094268.0000000002 151080.64799482722 2.5000000000000004 110110.50000000001 111975.50000000001
decision_type=2 2 2 2 2 2 2 2 2 2 2 2 2 2 2 2 2 2 2 2 2 2 2 2 2 2 2 2 2 2
left_child=5 3 17 13 15 28 7 10 12 14 11 -7 -8 -2 -10 20 -17 22 19 -9 -4 -11 23 -3 -19 -15 -27 -20 -1 -30
right_child=1 2 4 -5 -6 6 8 18 9 21 -12 -13 -14 25 -16 16 -18 24 27 -21 -22 -23 -24 -25 -26 26 -28 -29 29 -31
leaf_value=6.0704872581146383e-05 0.028205034141211522 -0.009533189167701548 0.010623878151397079 0.039969447849504833 0.047797250631459676 0.0040047327012893439 0.070937673223732567 0.010439639363023279 -0.065016549832776091 0.0038882831963406653 0.039613274699296437 0.017978675749326132 0.014434478005119803 -0.020054870840016122 0.068433638009605197 -0.077959671651751813 -0.0083303999874277928 -0.032402654784435651 -0.025183830625218891 -0.021127950345278666 -0.0028113576940917598 -0.060016896043544113 -0.00028034622454464205 -0.094424887685379155 0.010970185571966497 0.033718286521756589 -0.001429806675277214 -0.0010276757938900694 -0.0050650918298541575 0.00043767226435310739
leaf_weight=686720.32205741585 90.436432570204488 18.461850847059399 320.14540278131608 92.361431196331978 31.179787104949355 2303.8117374926805 94.359050359576941 68.941077044291887 3.5453470489010206 66.543176115083043 74.450522944331169 505.08650287985802 26.915851353260223 95.738016478950158 29.526834839605726 31.569907858967781 354.52707695960999 274.55733014456928 77.348513857461512 276.74575780594023 2580.7947157744347 15.315833322936667 157.95447036623955 11.950833976268767 26.344806790351868 57.091743547818623 301.57223667018116 2465.7403224795125 12873.801073115363 41855.366993263786
leaf_count=2039711 179 102 858 176 109 5540 140 465 37 2105 140 1071 133 787 141 204 951 1195 444 864 12090 412 405 48 63 134 842 6297 32885 177722
internal_value=3.64334e-06 -0.00268151 -0.00465785 0.0091278 -0.0023442 1.96103e-05 0.00330519 0.00201778 0.0347653 0.00982895 0.00737204 0.00651748 0.0583973 0.0038995 0.0541277 -0.00281983 -0.0140238 -0.020349 -0.00332641 -0.0148324 -0.00132866 -0.00806839 -0.00716016 -0.0428919 -0.0286052 -0.000937865 0.00416503 -0.00176239 -7.01434e-06 -0.000856729
internal_weight=751903 4444.69 3807.49 637.2 3318.22 747458 6008.33 5772.12 236.206 114.931 2883.35 2808.9 121.275 544.838 33.0722 3287.04 386.097 489.269 2888.78 345.687 2900.94 81.859 188.367 30.4127 300.902 454.402 358.664 2543.09 741449 54729.2
internal_count=2286250 18143 16025 2118 14212 2268107 17789 14821 2968 2695 6751 6611 273 1942 178 14103 1155 1813 8070 1329 12948 2517 555 150 1258 1763 976 6741 2250318 210607
is_linear=0
shrinkage=0.05


Tree=190
num_leaves=31
num_cat=0
split_feature=59 13 23 19 15 27 21 21 28 23 72 72 32 52 52 23 33 65 15 52 27 52 18 33 28 1 26 54 52 3
split_gain=12.8704 12.6566 49.5131 61.0969 89.9321 62.4296 59.0893 58.005 42.3714 38.2322 35.235 34.7612 28.1624 95.348 202.528 62.4443 21.2523 18.421 20.2835 23.3681 21.1569 16.5214 16.2458 18.5723 11.372 9.27584 6.76286 4.79207 2.43475 0.815788
threshold=57222602.478939138 677517.21841647755 354.00000000000006 625.50000000000011 126.11111111111113 405.50000000000006 576.13792802625358 98.299075311821625 40.500000000000007 588.00000000000011 1.1908690870378875 1.4671652654880227 10.625693993338086 385.00000000000006 258.00000000000006 91.500000000000014 3007.5255978870441 1.5000000000000002 2321.5000000000005 258.00000000000006 2266.5000000000005 258.00000000000006 22607.500000000004 714.92406215890981 42.500000000000007 58.500000000000007 1984.8830090452986 3967637.2590909097 511.50000000000006 541.00000000000011
decision_type=2 2 2 2 2 2 2 2 2 2 2 2 2 2 2 2 2 2 2 2 2 2 2 2 2 2 2 2 2 2
left_child=1 12 3 4 5 -3 16 -5 -9 10 -8 -6 17 14 15 -14 -4 18 20 -20 -1 25 23 -15 -18 -19 -11 29 -23 -2
right_child=27 2 6 7 11 -7 9 8 -10 26 -12 -13 13 22 -16 -17 24 21 19 -21 -22 28 -24 -25 -26 -27 -28 -29 -30 -31
leaf_value=6.8167129055499821e-05 -0.050201915909726239 -0.015082249000675558 -0.063786055517380771 0.167357026099234 -0.017268944221213792 0.025443740024452061 0.015226372443012129 -0.015065154970751558 0.00030627047146045589 -0.06480555706422135 0.061204677533291146 0.0096772447164458122 0.0067048594467201423 -0.017067505165538389 0.050238920791860958 -0.0066330351961274014 -0.019445895442745744 -0.050872013580069313 -3.7538128728967697e-05 0.039051485841058595 0.008518946948044552 0.058969731820338461 0.044125926575322647 -0.0022920939854238534 0.10634740954087143 0.050242533285760588 0.00689405002358704 -0.0030548058352781599 -0.060303394650381981 -0.084775669564455203
leaf_weight=1550.0466219497612 2.4616420764941704 117.32646774500608 25.117063606157899 4.6127615645527831 419.90108367800713 500.07232930511236 82.882942451164126 1401.1557297036052 659.25228469166905 10.981354489922522 83.796483535319567 167.39881875924766 5549.3149055961403 222.49734140373766 252.34116025641561 1042.3519954890362 4.3434670716524115 35.372208299173508 733441.07259336975 38.23642251896672 1418.3070894777775 4.9825741510721846 18.398146294057369 4819.8919508624822 3.0640704929828644 2.4235184532590202 4.6948497071862212 3.3622812819667152 0.4680616334080695 5.5595003217458725
leaf_count=9133 1540 418 191 30 2447 1651 450 11527 5991 80 248 832 47805 1950 17026 23606 32 13983 2093034 17983 6608 871 130 28189 13 392 25 37 5 23
internal_value=3.46914e-06 4.27406e-06 -0.00300211 -0.00453001 0.00441843 0.0177424 0.0202472 -0.00975038 -0.0101469 0.0313204 0.0383415 -0.00958844 1.8272e-05 0.00243074 0.0062786 0.00459571 -0.0418368 -2.07236e-05 -1.88074e-05 -3.55004e-05 0.00410603 -0.0326524 -0.00277294 -0.00294406 0.0325875 -0.0443884 -0.0433323 -0.0531616 0.0487274 -0.0741652
internal_weight=751892 751880 3484.6 3269.72 1204.7 617.399 214.88 2065.02 2060.41 182.356 166.679 587.3 748396 11904.8 6844.01 6591.67 32.5246 736491 736448 733479 2968.35 43.2464 5060.79 5042.39 7.40754 37.7957 15.6762 11.3834 5.45064 8.02114
internal_count=2286250 2284650 23935 22896 5348 2069 1039 17548 17518 803 698 3279 2260715 118706 88437 71411 236 2142009 2126758 2111017 15741 15251 30269 30139 45 14375 105 1600 876 1563
is_linear=0
shrinkage=0.05


Tree=191
num_leaves=31
num_cat=0
split_feature=8 59 23 23 28 28 10 28 28 28 0 19 19 23 56 16 13 45 19 14 28 72 59 55 52 14 1 13 32 28
split_gain=12.5994 12.3059 13.4988 27.97 12.4878 12.666 22.2728 19.0069 19.7715 8.50187 8.29261 16.7917 49.1374 9.19086 15.8479 7.89229 7.45161 7.41238 7.39198 7.30289 7.24765 17.4651 7.06508 4.48898 3.15084 2.36554 2.1651 0.951266 0.0207259 0.00656928
threshold=220.28487702305191 25665777.054982185 747585.50000000012 748200.50000000012 6176.5000000000009 3796.5000000000005 45.000000000000007 3143.5000000000005 2896.5000000000005 4561.5000000000009 114668538.00000001 84983285.000000015 83381096.000000015 194.50000000000003 14990752.500000002 23033740.751492314 28315.335758575962 50.990196078431381 93140670.500000015 500.41706987316456 35.500000000000007 1.7402676727512782 27485867.972826105 3562760.1792755392 258.00000000000006 314.95244177624551 50.500000000000007 1.0000000180025095e-35 237.09409078232537 52.500000000000007
decision_type=2 2 2 2 2 2 2 2 2 2 2 2 2 2 2 2 2 2 2 2 2 2 2 2 2 2 2 2 2 2
left_child=1 4 10 -4 5 7 9 8 -1 -7 13 12 -12 14 -3 18 -9 -13 -5 -8 21 -2 -15 -17 25 26 -6 -26 -23 -22
right_child=20 2 3 15 24 6 19 16 -10 -11 11 17 -14 22 -16 23 -18 -19 -20 -21 29 28 -24 -25 27 -27 -28 -29 -30 -31
leaf_value=-3.3518783220132469e-07 0.085104593445357909 -0.061331790031385169 0.077059410962669064 -0.07354350523383528 -0.051632855841096795 0.02433359468507559 -0.0055255389607687388 -0.0074818491874384654 0.0041360804568507893 -0.022035527339805051 0.064865640761058135 -0.032446354932737696 0.96429195256088895 -0.079073461878572601 0.015726315492913791 -0.071292454515062206 -0.0011950967467609938 0.083367233278570443 0.01303577976488436 0.010364804637595532 -0.055186414916891441 -0.061566848900273169 -0.034051846025460686 -0.0016140750012506476 -0.059769948585183245 -0.003713615777704995 0.050068482391875384 0.0501313799676988 -0.054528734510911885 -0.053189718873624295
leaf_weight=746333.67764308886 3.6777312681078929 10.957983590480582 10.543043807148932 2.8533951756544438 17.758508932136476 174.8904817183211 210.28924705088139 1158.185101408395 2900.1125474643195 10.477697864203945 1.4367771184770379 8.6282653923262824 0.16979802394052956 14.823361943417693 17.06013235473074 7.8651543054511404 794.80098010599613 1.6449912190437306 18.126527567976154 110.19349658489227 9.5738790333271044 1.4252924323081968 21.142772037681425 3.273551129270345 0.23272786196321149 3.4893879368901244 0.53920748527161677 1.2788196008768862 3.9309468828141689 7.2305113151669493
leaf_count=2214325 37 3849 14 602 10921 2738 1415 12674 21232 647 329 2158 10 277 106 3997 5880 2 73 607 115 13 2812 15 4 60 132 996 54 156
internal_value=3.28666e-06 4.48656e-06 -0.0161051 0.00639627 7.02663e-06 8.1612e-06 0.00791736 2.83512e-06 1.56759e-05 0.0217126 -0.0287587 0.00960577 0.159926 -0.0358817 -0.0144114 -0.0167991 -0.00492335 -0.0139019 0.00126048 -6.18672e-05 -0.0349111 0.00120562 -0.0526074 -0.0508147 -0.036598 -0.0414412 -0.0486359 0.0332102 -0.0564016 -0.0543273
internal_weight=751860 751834 118.526 42.6617 751716 751693 505.851 751187 749234 185.368 75.8641 11.8798 1.60658 63.9842 28.0181 32.1186 1952.99 10.2733 20.9799 320.483 25.8384 9.03397 35.9661 11.1387 23.2987 21.7871 18.2977 1.51155 5.35624 16.8044
internal_count=2286250 2285875 14244 4701 2271631 2259518 5407 2254111 2235557 3385 9543 2499 339 7044 3955 4687 18554 2160 675 2022 375 104 3089 4012 12113 11113 11053 1000 67 271
is_linear=0
shrinkage=0.05


Tree=192
num_leaves=31
num_cat=0
split_feature=23 56 21 20 20 16 59 22 20 23 23 1 54 23 23 18 57 23 23 23 14 72 22 20 70 1 23 23 16 22
split_gain=12.1049 23.0622 23.441 20.1625 21.0183 22.9755 17.0678 15.6157 19.961 14.6162 43.0858 80.9729 42.3707 38.1671 38.0751 48.1459 37.3796 33.6104 31.6039 101.76 70.0974 69.7256 173.753 48.207 39.7112 27.6983 21.2685 20.9934 19.7165 18.9472
threshold=2993772.5000000005 15421624.500000002 3185.8696026359908 21843995.000000004 14091291.000000002 8819428.2351653147 2406.0677267021383 2997813.5000000005 2999953.2500000005 2921991.5000000005 748952.50000000012 9.5000000000000018 14988713.500000002 2991348.5000000005 2578324.0000000005 2483903.5000000005 15010181.500000002 2989027.5000000005 746065.00000000012 361164.00000000006 0.99640772071972972 0.17604132279369275 1093604.0000000002 855331.06834532379 0.98473193473193488 43.500000000000007 1040327.5000000001 749144.00000000012 12914172.269340936 46990559.500000007
decision_type=2 2 2 2 2 2 2 2 2 2 2 2 2 2 2 2 2 2 2 2 2 2 2 2 2 2 2 2 2 2
left_child=9 2 7 4 6 -6 -4 -2 -9 10 18 14 13 28 26 -16 -14 -18 19 24 -21 23 -23 -20 -1 27 -12 -13 -11 -19
right_child=1 -3 3 -5 5 -7 -8 8 -10 12 11 25 16 -15 15 -17 17 29 21 20 -22 22 -24 -25 -26 -27 -28 -29 -30 -31
leaf_value=1.0509740767107797e-05 0.16957285710498077 -0.061544842808782765 0.0077045819821331893 -0.050128587246183569 0.3204637532031302 0.057292832121223297 -0.064703062466132027 -0.026928561012985342 -0.00026807226995510482 -0.033109470216567891 0.0021993034253813843 0.0033834253764166364 2.3796103046395778e-06 0.0015804141831895716 0.05308225618702142 0.0066922482628342279 -0.030929111679533185 -0.0073693062523104763 0.0014697915358142769 -0.016737714656487549 0.010909543713466363 -0.026930711472563595 -0.0027742357875229118 0.026398295142969097 -0.0066009374527615933 0.03801345996683933 -0.0086027076575214047 0.022827071159309955 -0.010529582087629471 0.040311400650150514
leaf_weight=719350.32616067294 1.3309840184592747 13.718616679310797 1704.4734701609705 15.17986445018323 0.93040387390646895 7.634335400769487 8.1776048601896019 74.420361283468083 1240.3154588644029 238.72231316845864 1944.4740414996922 233.35283437371254 5746.7235260903835 230.06582107499707 75.65212905529188 214.55226494430099 191.00648348033428 209.94727338850498 4429.9456074684858 248.02730699093081 3030.7521416989621 820.17533186613582 8057.0347735473188 202.81465438008308 2278.4158584466204 168.20111289620399 595.16383028964628 342.70501216128469 162.47788137989119 23.130778267979622
leaf_count=2153171 3 93 3985 10151 191 755 4019 239 15426 960 6073 556 14228 570 561 1587 900 634 10840 2180 7113 2393 20920 428 18854 312 7515 1044 499 50
internal_value=3.10621e-06 0.0031383 0.00342901 0.0072436 0.00774958 0.0858816 0.00735885 -0.00160389 -0.00177718 -9.73189e-06 1.14189e-05 0.00548795 -0.00231693 -0.014655 0.00162839 0.0187855 -0.00105476 -0.0153799 -1.50887e-05 2.95668e-05 0.00881813 -0.00241118 -0.00500608 0.00256112 -1.03647e-05 0.0201629 -0.000332147 0.0149507 -0.0239651 -0.00263745
internal_weight=751860 3066.18 3052.46 1736.4 1721.22 8.56474 1712.65 1316.07 1314.74 748794 741992 3574.1 6802.07 631.266 2829.84 290.204 6170.81 424.085 738417 724908 3278.78 13510 8877.21 4632.76 721629 744.259 2539.64 576.058 401.2 233.078
internal_count=2286250 34862 34769 19101 8950 946 8004 15668 15665 2251388 2233547 17648 17841 2029 15736 2148 15812 1584 2215899 2181318 9293 34581 23313 11268 2172025 1912 13588 1600 1459 684
is_linear=0
shrinkage=0.05


Tree=193
num_leaves=31
num_cat=0
split_feature=14 15 13 22 27 72 23 70 18 72 52 24 28 28 20 20 28 0 56 32 57 33 33 32 18 54 23 30 32 15
split_gain=11.8801 48.2462 40.424 35.5831 32.9626 46.2601 39.8104 31.3769 29.3895 27.572 22.4853 23.0096 26.5621 64.9551 22.2428 20.6071 19.3757 22.0512 18.8405 47.566 40.2169 13.4582 13.1997 12.435 12.4111 11.9199 11.3313 10.8698 8.42177 7.39349
threshold=19.068230897641264 106464.50000000001 415.46865337148819 38143.000000000007 9303.5000000000018 2.5343895028830565 2064.0000000000005 0.63333333333333341 102543.50000000001 0.99898857054584578 258.00000000000006 4696323.0000000009 120.50000000000001 84.500000000000014 6950.1913580246928 2948.0833333333335 43.500000000000007 85619.000000000015 1247.5000000000002 1.028753863477446 2271.0000000000005 51315.789473684214 9.4409539141938428 9.4166835384334266 2987352.0000000005 11282.250000000002 164.50000000000003 98.000000000000014 355.52395623494107 102263.50000000001
decision_type=2 2 2 2 2 2 2 2 2 2 2 2 2 2 2 2 2 2 2 2 2 2 2 2 2 2 2 2 2 2
left_child=1 2 22 4 6 16 7 8 -2 -8 11 12 13 -3 28 -11 17 -6 19 -13 -20 -9 23 -1 -12 -14 -16 -5 -7 -4
right_child=3 10 29 27 5 14 9 21 -10 15 24 18 25 -15 26 -17 -18 -19 20 -21 -22 -23 -24 -25 -26 -27 -28 -29 -30 -31
leaf_value=0.0030882866355605321 9.0273290956329106e-05 -0.00021995849309252528 0.029899973987639564 0.043678794936971493 -0.024919261568351184 -0.047902256854112236 -0.05231535965020976 -0.051201994192413516 -0.00081628436803537628 -0.065913529838068627 0.047586283003284185 -0.055395577186825522 0.00039526379007260855 0.039357762607523411 0.069876235830815467 0.11483500987356177 -0.056131996847966228 0.064877219657783966 0.046269991578806208 0.018997528211034054 -0.015865058816033124 0.036213673405644714 0.0072362488878444618 0.0013057649667058636 -0.051645241118593789 -0.055004714000125167 0.0048571610880312468 -0.034190744835531348 0.043459503737032432 0.00031690041305157401
leaf_weight=19342.124625568191 336331.23589661904 189708.40026975534 21.127539649605751 57.502228761499282 126.73845960944891 10.638073004782198 3.8290358219819636 40.504051642434206 121768.24441532313 1.7584660114080204 34.149689408863196 68.342730991294957 13.932574996724723 103.7263324521482 21.57802135497332 15.273522770556154 51.61298237554729 7.226642381399869 31.632933896500617 31.340001238277182 147.34397455443104 4.9399985638447097 1338.4073711390374 19799.037101045862 3.4713334513362488 32.032086379826069 9.7193199098110181 4.8603431507945052 3.3063797764480105 62709.371181443334
leaf_count=47787 998781 648563 45 2449 797 79 7726 26238 303314 40 18055 577 133 343 44 211 773 87 154 943 23580 63 3081 49909 784 393 40 17 23 151221
internal_value=2.94028e-06 0.000251396 0.00112175 -0.000156055 -0.000161193 -0.0190513 -0.000151677 -0.000154822 -0.0001507 0.0689185 -0.000220958 -0.000228606 -0.000207534 -0.000198331 0.0262833 0.0961736 -0.0301034 -0.0200753 -0.0145858 -0.0320066 -0.00488312 -0.0416995 0.00235358 0.00218662 0.0384301 -0.0382122 0.0496847 0.0376099 -0.0262394 0.000326864
internal_weight=751843 293384 103210 458459 458397 230.82 458166 458145 458099 20.861 190174 190137 189858 189812 45.2418 17.032 185.578 133.965 278.66 99.6827 178.977 45.4441 40479.6 39141.2 37.621 45.9647 31.2973 62.3626 13.9445 62730.5
internal_count=2286250 945568 252043 1340682 1338216 1843 1336373 1328396 1302095 7977 693525 674686 649432 648906 186 251 1657 884 25254 1520 23734 26301 100777 97696 18839 526 84 2466 102 151266
is_linear=0
shrinkage=0.05


Tree=194
num_leaves=31
num_cat=0
split_feature=19 54 55 54 58 56 56 56 18 18 30 58 72 22 59 59 72 20 61 0 37 56 56 23 56 56 23 59 72 72
split_gain=11.762 16.3556 26.7076 11.7751 48.6718 25.3277 25.3518 29.1609 53.51 36.3333 25.2441 24.0247 48.0597 37.376 19.347 27.4371 19.0619 13.8073 22.4435 11.7909 11.473 16.7178 20.1643 14.9395 7.73455 11.4614 5.96561 5.8654 5.68126 8.26917
threshold=119922611.00000001 13521.250000000002 2650576.0796911502 16890462.000000004 6257859.1428571437 15006732.000000002 14993546.000000002 14994200.500000002 327.50000000000006 2.5000000000000004 324.00000000000006 8151394.5000000009 2.076518425626714 10000819.500000002 15725950.065126192 11249803.179452723 1.8257748222252097 1123864.1964285716 5810526.5000000009 119239815.50000001 4.4327331080291286 19437263.000000004 17606225.500000004 3.5000000000000004 18146378.000000004 20534191.000000004 746363.00000000012 9046776.8997337669 1.5502867009512198 1.6035219733565818
decision_type=2 2 2 2 2 2 2 2 2 2 2 2 2 2 2 2 2 2 2 2 2 2 2 2 2 2 2 2 2 2
left_child=3 -2 27 5 17 6 14 8 -8 -9 11 12 -7 -13 15 -1 -16 18 19 -5 21 22 -6 -23 -22 -26 -20 -3 -4 -30
right_child=1 2 28 4 20 10 7 9 -10 -11 -12 13 -14 -15 16 -17 -18 -19 26 -21 24 23 -24 -25 25 -27 -28 -29 29 -31
leaf_value=-7.5003791219221522e-06 -0.039269185193468018 0.037208061325825492 -0.1075866545677423 0.0091740030576446963 0.0031715995748378824 -0.029721845585257468 0.042643840488665652 -0.042977244626713651 0.007091866472108195 0.0019281517564390248 0.051905396515842799 0.046698913355260108 0.047547663788924749 -0.0052176532462383596 -0.042255685239114202 0.017639860461035356 -0.0071797047904512828 0.058206132791143277 0.0060807454317523234 0.056404588705196212 -0.080989120332628145 -0.04756814628594716 0.066176860602755849 0.001308073177449293 0.022484436773641973 -0.073931752727180916 -0.051126536374976009 -0.055042623763526602 0.051233945601741042 -0.03138780436272235
leaf_weight=744582.99976269237 45.51936440798454 31.274692415594473 2.1550590661354354 21.358458654955029 30.354031055001542 195.59749011366512 117.60699129474233 45.88243980333209 1057.7681831270456 2468.2577169059368 18.93723617788055 35.358086605556309 22.431350953876972 1774.7554915345972 48.006373727090249 220.3167668642709 200.52524560727034 43.158474628115073 8.3189073042012769 34.654110704548657 6.5278723686933544 15.98678846657276 21.83315331407357 709.35950608109124 8.0716582871973497 4.9865139648318282 10.077812716364859 1.8235166362719599 3.3205536603927603 34.419962504776777
leaf_count=2223952 668 341 22 96 83 2964 363 386 2456 6096 193 114 71 7564 8879 10362 18554 190 22 97 30 276 52 1813 30 29 32 151 12 352
internal_value=2.77859e-06 -0.0157477 -0.00107952 5.2618e-06 0.00567485 -1.64547e-06 1.35394e-05 0.00414798 0.0106492 0.00110864 -0.00555567 -0.00609219 -0.0217722 -0.00420353 -6.93449e-06 -2.2802e-06 -0.013955 0.0357073 0.0226576 0.0383948 0.00124535 0.0021974 0.0295306 0.000230831 -0.0365496 -0.0143339 -0.0252577 0.0321256 -0.0286272 -0.0241184
internal_weight=751822 118.513 72.9938 751703 914.687 750788 748741 3689.52 1175.38 2514.14 2047.08 2028.14 218.029 1810.11 745052 744803 248.532 117.568 74.4093 56.0126 797.12 777.533 52.1872 725.346 19.586 13.0582 18.3967 33.0982 39.8956 37.7405
internal_count=2286250 1546 878 2284704 2750 2281954 2271048 9301 2819 6482 10906 10713 3035 7678 2261747 2234314 27433 437 247 193 2313 2224 135 2089 89 59 54 492 386 364
is_linear=0
shrinkage=0.05


Tree=195
num_leaves=31
num_cat=0
split_feature=32 14 28 28 16 20 26 28 28 13 28 72 14 17 14 32 18 72 7 13 65 18 13 16 24 52 27 27 72 18
split_gain=11.759 38.932 38.6245 33.0251 65.6554 51.9317 33.1203 32.3907 44.1478 72.7058 49.2992 28.4109 29.0008 23.3099 28.7148 33.2873 31.815 36.3999 32.7218 22.2284 20.8802 22.8762 30.0295 17.0286 13.4084 13.0599 12.9671 26.0055 11.8396 11.2875
threshold=10.281666247103688 20.005701625463544 207.50000000000003 170.50000000000003 2068.8725655092894 2264.5833333333339 173.66497683965255 111.50000000000001 84.500000000000014 540060.50827944221 52.500000000000007 1.399530108402895 624.70718375211072 101852.50000000001 19.252891544094748 9.6670195131047389 106715.50000000001 4.0399813815162444 477.28609625668463 435.4861856960361 1.5000000000000002 2327.5000000000005 37865.056923745462 2068.8725655092894 2239.5000000000005 258.00000000000006 5079.5000000000009 3793.5000000000005 1.1010815818709461 102543.50000000001
decision_type=2 2 2 2 2 2 2 2 2 2 2 2 2 2 2 2 2 2 2 2 2 2 2 2 2 2 2 2 2 2
left_child=1 13 3 7 6 -6 -5 8 10 -10 -2 12 -9 19 16 -16 17 -15 -18 -1 21 22 -3 -13 -24 -22 27 -23 -8 -17
right_child=2 20 -4 4 5 -7 28 11 9 -11 -12 23 -14 14 15 29 18 -19 -20 -21 25 26 24 -25 -26 -27 -28 -29 -30 -31
leaf_value=0.0016784387246783637 0.00059504343775557611 0.018870385759024721 -0.034925018776421582 0.30074744478033477 0.35034395280454306 0.056932370487765706 -0.036931147567276522 0.058186258732279707 0.040824146648105221 -0.0039584851186933922 -0.017375978392067549 0.067676520678106422 -0.043966794022132473 0.00066432908351342487 -0.0024571000571659025 0.00032433568784506208 -0.00034715986209732266 -0.045110319754854411 0.01587597910730712 6.0415613944001991e-05 -0.050674194562229505 -0.00099971703737072154 -0.0033304468733748047 -0.062189329108745244 0.0044718213358690903 0.051668199774888679 -0.019634232823965203 0.011318931748338434 0.041358793173643688 -0.00078618680113025179
leaf_weight=42627.785710127326 88435.655817358987 289.53622855339199 76.702025558624882 0.95686008135090261 2.9698157683014861 3.0638853684067726 10.400541937910022 7.5300578931346527 177.81390029937029 184.8579859957099 383.27688036276959 11.337113266810773 89.853118620812893 181475.23353178854 22095.774602235528 40839.028213403653 158666.49297604471 43.44042701824219 311.42880195379257 42279.787706777453 30.342722054570913 118723.60892259388 829.41382014751434 3.247227292507886 1638.3511433899403 3.4741326868534079 92.985309774056077 429.98152895271778 9.0146834924817068 52036.320564115245
leaf_count=106260 315642 947 1586 4 14 29 254 86 533 965 3071 159 1903 577620 55815 100874 468926 10243 739 104567 3812 386112 4517 42 8134 8 1208 2087 120 129973
internal_value=2.63958e-06 -7.00041e-05 0.000540916 0.000571372 0.0564799 0.201351 0.0135728 0.000554838 0.000588581 0.0179979 0.000517494 -0.026321 -0.0360679 0.000112158 -2.96288e-05 -0.000712842 0.000201063 0.000653374 -0.00031538 0.000872743 -0.000876607 -0.000865719 0.0036368 0.0387617 0.00184949 -0.0401602 -0.000969829 -0.000955264 -0.000580344 -0.000297869
internal_weight=751810 662413 89396.7 89320 26.4058 6.0337 20.3721 89293.6 89181.6 362.672 88818.9 111.968 97.3832 540375 455468 114971 340497 181519 158978 84907.6 122038 122004 2757.3 14.5843 2467.76 33.8169 119247 119154 19.4152 92875.3
internal_count=2286250 1961842 324408 322822 421 43 378 322401 320211 1498 318713 2190 1989 1555017 1344190 286662 1057528 587863 469665 210827 406825 403005 13598 201 12651 3820 389407 388199 374 230847
is_linear=0
shrinkage=0.05


Tree=196
num_leaves=31
num_cat=0
split_feature=8 22 21 32 57 60 19 57 0 26 23 19 26 27 25 54 24 58 5 33 60 9 15 58 57 21 18 15 54 56
split_gain=11.6855 11.4472 49.6987 79.1766 50.6229 30.6647 26.6289 26.1525 25.5291 42.4548 39.3878 20.6379 22.4197 19.6494 19.3495 18.9587 22.4724 18.5044 43.3789 36.0911 34.425 82.7735 20.0102 18.5769 17.7111 17.1717 13.9399 12.0119 11.7884 8.19565
threshold=220.28487702305191 98570160.500000015 44377448.794351645 0.053097421956575255 1157.5000000000002 91318811.000000015 108608628.00000001 11465.500000000002 109792893.00000001 1993.8957584615839 64.500000000000014 112937198.50000001 324.66096093751281 4601.0000000000009 2029.9583333333333 1035.5000000000002 938.50000000000011 61696065.000000007 312.00000000000006 0.016177908721175003 61499355.000000007 307.50000000000006 11279237.627777779 83579888.500000015 880.50000000000011 51494770.098296516 104472.50000000001 9613641.0909090918 10535.500000000002 12929.500000000002
decision_type=2 2 2 2 2 2 2 2 2 2 2 2 2 2 2 2 2 2 2 2 2 2 2 2 2 2 2 2 2 2
left_child=1 2 17 15 24 -6 7 14 9 10 -8 12 -10 -13 28 16 -4 20 19 -19 22 -22 -1 -20 -5 29 -17 -27 -3 -9
right_child=-2 6 3 4 5 -7 8 25 11 -11 -12 13 -14 -15 -16 26 -18 18 23 -21 21 -23 -24 -25 -26 27 -28 -29 -30 -31
leaf_value=1.970948045094734e-06 -0.034148840333183467 -0.021821099671678886 0.015011727994691205 0.064936942021237495 0.02637059661393298 0.070902167408421882 0.092381890995783658 -0.0081040523846013287 0.00026484827881078027 -0.052321354769370235 -0.024012776460365974 -0.00080677185002038391 -0.046174797388766786 0.031796194497094928 0.073965180051694182 -0.0021246549673792983 0.10374964966264424 0.00054810167299338482 -0.037057975730570812 -0.0057560017565038528 0.0042912460836399546 -0.0225924426240935 -0.0069040985253109675 -0.0076155295710082019 -0.024691458167590996 0.057792257333581953 0.027656684405644491 0.0052259663028909244 -0.053556341323732395 -0.061464809920392362
leaf_weight=730571.67669775337 25.047162979841232 240.32211716799065 28.98815923978691 6.5828951845178372 65.846955714281648 93.624533780501224 27.245116780861281 15.86692092753947 53.900680390157504 10.550007671117781 9.9128679605782946 523.6409349339956 50.188230007886887 50.687572862952948 4.9596701413393012 459.15227235367638 9.4638920947909337 6565.0643496786943 122.57787420228124 3470.5543709646445 7696.3947776585119 297.38451239466667 1050.3946420532884 95.17246413230896 33.875928839668632 12.109216049313543 42.969824025232811 105.99974878289504 33.319664982962422 13.167319076892452
leaf_count=2163971 375 2264 933 39 528 521 185 114 594 79 189 3906 398 246 24 3510 45 31098 1373 13338 30828 1765 27040 613 229 67 722 548 279 429
internal_value=2.47173e-06 3.60959e-06 1.12528e-05 0.0129581 0.039842 0.0525148 -0.00497702 -0.0149053 0.000844188 0.0361979 0.0613306 -0.00164197 -0.0221268 0.00207061 -0.0239113 0.00301513 0.0368521 -1.5324e-06 -0.00211106 -0.00163201 2.77122e-05 0.00329112 -7.94414e-06 -0.0241895 -0.0101084 0.0021466 0.000423926 0.0106154 -0.0256853 -0.0323037
internal_weight=751787 751762 750610 740.504 199.93 159.471 1151.87 425.745 726.125 47.708 37.158 678.417 104.089 574.329 278.601 540.574 38.4521 749869 10253.4 10035.6 739616 7993.78 731622 217.75 40.4588 147.143 502.122 118.109 273.642 29.0342
internal_count=2286250 2285875 2276553 6527 1317 1049 9322 3725 5597 453 374 5144 992 4152 2567 5210 978 2270026 46422 44436 2223604 32593 2191011 1986 268 1158 4232 615 2543 543
is_linear=0
shrinkage=0.05


Tree=197
num_leaves=31
num_cat=0
split_feature=0 17 21 19 55 32 16 23 23 0 31 23 58 5 72 18 72 24 23 72 17 21 20 13 72 32 32 1 45 23
split_gain=11.2356 37.8231 33.7532 47.2556 28.532 28.5154 31.2098 34.9373 34.3457 23.4472 138.385 38.8043 35.8845 47.4784 38.6702 94.0022 45.8789 36.8636 31.8818 40.5591 377.617 86.1662 30.2853 30.4732 23.2453 37.3892 21.1477 20.3201 19.9798 19.8809
threshold=119687958.50000001 1109309.0000000002 151828.01805365938 118984589.50000001 20024095.903964367 1.1669937798946075 151333.88979488215 747907.50000000012 743247.50000000012 81093229.500000015 1.0000000180025095e-35 748153.00000000012 61696065.000000007 312.00000000000006 2.8204063416721539 1.0000000180025095e-35 2.7795727896415063 13663.000000000002 745431.50000000012 1.9842865050970728 10188517.500000002 3650487.745332804 9044914.5757575762 7.0314620551889044 0.1764279436744616 1.1694112846969682 1.1694112846969682 7.5000000000000009 54.356060606060609 746794.50000000012
decision_type=2 2 2 2 2 2 2 2 2 2 2 2 2 2 2 2 2 2 2 2 2 2 2 2 2 2 2 2 2 2
left_child=9 5 3 24 -4 -2 8 29 -7 10 -1 18 14 17 16 -16 -12 -14 19 21 -21 -11 23 -20 25 -3 -10 -13 -24 -8
right_child=1 2 4 -5 -6 6 7 -9 26 11 12 27 13 -15 15 -17 -18 -19 22 20 -22 -23 28 -25 -26 -27 -28 -29 -30 -31
leaf_value=-0.03763141340916807 0.032073519112985525 -0.0020681107411034418 -0.0027964808976008123 0.033378399497358192 0.054371900872863546 0.032376113418466669 -0.015022890488851252 0.0036815597834506638 0.0065658319486576388 0.0014312371600801671 2.8875792999896648e-05 -0.016944235663545169 -0.0034073891861238037 -0.03557521636108698 -0.004174312152977395 0.017004431586231845 -0.0056761938997546522 0.044303990412156963 0.088366715159500897 0.076917737586263052 -0.0056120873551732111 0.013857655540308733 -0.083667316858994395 -0.0025696482431381944 -0.0022505381586352571 0.063005788865069398 -0.018983871178637639 0.0096276652427639223 0.025315693204635694 -0.033056990028513193
leaf_weight=244.55315931048244 39.044789567546104 51.669707070919685 2511.0408806814376 166.75288465380436 22.016666666604578 68.411539185093716 376.65752204158343 161.95300185680389 157.05296412110329 5706.2502313690929 717724.7890084394 74.89803054274671 6493.7683996614069 114.5901661477983 1011.2854884415865 1087.2027326989919 3541.3501735962927 40.738946246448904 9.23295611143112 144.75575661286712 3260.4231630861323 1846.4437821816755 18.446467836387459 4184.3231552690268 418.72687121180934 38.536657586693764 167.22580203413963 1826.9553505704389 5.4473731368780127 257.16120289266109
leaf_count=125647 88 665 11663 338 65 146 1742 423 386 24065 1968115 18212 19662 1324 4249 3220 13224 171 11 245 49740 24256 75 10679 1166 59 472 5200 12 930
internal_value=2.31136e-06 -0.00250654 0.000348974 0.0102781 -0.00229959 -0.00997096 -0.0113523 -0.0170441 0.000182052 1.72041e-05 -2.56238e-05 0.00184862 -1.3026e-05 -0.00366944 2.05834e-05 0.00679815 8.64427e-07 -0.00310994 0.00100486 0.00242665 -0.00210371 0.00446918 -0.00268926 -0.00236943 0.00270922 0.0257318 -0.00660978 0.00858122 -0.0588211 -0.0223399
internal_weight=751772 4436.25 3208.74 675.686 2533.06 1227.51 1188.46 795.772 392.69 747335 730258 17077.2 730014 6649.1 723365 2098.49 721266 6534.51 15175.3 10957.9 3405.18 7552.69 4217.45 4193.56 508.933 90.2064 324.279 1901.85 23.8938 633.819
internal_count=2286250 18143 13956 2228 11728 4187 4099 3095 1004 2268107 2135612 132495 2009965 21157 1988808 7469 1981339 19833 109083 98306 49985 48321 10777 10690 1890 724 858 23412 87 2672
is_linear=0
shrinkage=0.05


Tree=198
num_leaves=31
num_cat=0
split_feature=9 28 26 28 0 28 24 23 25 67 23 54 23 27 32 25 22 26 21 25 20 28 32 19 27 72 25 25 18 18
split_gain=12.0204 71.7026 27.9079 21.9464 45.2602 34.8147 20.6494 81.9884 150.902 52.338 56.4524 35.5764 35.3797 31.3598 33.4674 30.3752 26.1968 23.7521 22.6724 19.4623 19.3259 17.4623 17.0527 15.8314 14.1129 13.5466 13.2152 11.2223 11.1325 21.2772
threshold=4298.5000000000009 32.500000000000007 1826688.6647937617 61.500000000000007 828985.00000000012 111.50000000000001 13663.000000000002 91.500000000000014 3138.5000000000005 2.6038551205326024 430.50000000000006 43317.000000000007 171.50000000000003 7610.0000000000009 355.52395623494107 2539.416666666667 3738.5000000000005 3446.219994121614 36752747.921867386 2475.5000000000005 3249.5500000000006 17.500000000000004 415.87246627664166 119922611.00000001 5079.5000000000009 1.2418714133685578 171.91666666666669 2325.5000000000005 2.5000000000000004 1.5000000000000002
decision_type=2 2 2 2 2 2 2 2 2 2 2 2 2 2 2 2 2 2 2 2 2 2 2 2 2 2 2 2 2 2
left_child=6 2 25 28 -5 -6 13 8 16 10 12 18 -9 17 -15 -12 19 23 -10 -8 -18 -4 -16 24 -1 -2 -25 -11 29 -3
right_child=1 3 21 4 5 -7 7 9 11 27 15 -13 -14 14 22 -17 20 -19 -20 -21 -22 -23 -24 26 -26 -27 -28 -29 -30 -31
leaf_value=7.0422808352650988e-06 -0.043328433375267525 -0.03443311725857312 0.060318302118040346 -0.051602587714346559 0.04288682045000132 -0.067773023434704996 -0.059228521958749572 -0.0081282330082333189 0.0036784161996554279 -0.061211566146946075 0.048181542344040373 0.054568943664317818 -0.037618125563877093 -0.048874824066165272 0.084733717774125875 -0.002973483426217637 0.076739337516707209 0.080511163331162205 -0.054463939325555016 0.060071790558925559 0.035082826264277917 -0.024139831930448288 -0.030588432988739596 -0.0095068493043387742 -0.0080947659049985746 0.032674606167291044 -0.050733739070826948 0.030278164086384951 -0.060367426910431232 0.019046817482922869
leaf_weight=749231.9615376502 6.157187156379222 148.20871881768107 7.0087676644325247 29.749183385632932 44.899053871631622 8.444343186914919 7.6020336151123029 219.47873530069774 462.25813196360832 3.47602904587984 47.541886001825333 33.901481062115636 189.53806746238843 59.476754561066628 8.0283690653741342 74.481731356398086 112.09979836642742 9.1604924052953702 17.397935174405575 6.212278738617897 37.043637618422508 48.269062027335167 5.3362585678696624 84.494390992564149 537.90400201408193 122.63265566900373 25.24582445435226 93.775579720240785 30.872261732816696 21.266976363956928
leaf_count=2229035 43 1077 33 430 114 52 30 1884 5051 25 177 3507 2683 653 32 9271 232 34 76 16 115 285 32 845 4011 397 392 25496 159 63
internal_value=2.19376e-06 -0.00801272 0.0162861 -0.0237925 -0.00218859 0.0253692 7.18139e-06 0.00629172 0.0183703 -0.0067139 -0.0128895 0.00506815 -0.0217938 -3.75265e-06 -0.0328092 0.0169571 0.0602916 -5.66049e-07 0.00156949 -0.00557932 0.0663929 -0.0134312 0.0386876 -1.54958e-06 1.22984e-06 0.0290411 -0.0189911 0.0270081 -0.0327525 -0.0277221
internal_weight=751734 467.508 184.068 283.441 83.0926 53.3434 751266 1304.81 676.515 628.292 531.04 513.558 409.017 749962 72.8414 122.024 162.958 749889 479.656 13.8143 149.143 55.2778 13.3646 749880 749770 128.79 109.74 97.2516 200.348 169.476
internal_count=2286250 2653 758 1895 596 166 2283597 48563 9027 39536 14015 8634 4567 2235034 717 9448 393 2234317 5127 46 347 318 64 2234283 2233046 440 1237 25521 1299 1140
is_linear=0
shrinkage=0.05


Tree=199
num_leaves=31
num_cat=0
split_feature=23 56 61 13 23 18 20 61 23 18 54 23 1 56 23 23 20 21 22 70 22 45 19 3 19 23 23 54 56 23
split_gain=11.2602 21.5195 21.3306 20.0606 17.8631 17.2119 15.9663 15.455 13.5279 52.7505 37.413 34.7052 74.6843 33.8212 28.0892 91.8692 63.7424 62.891 106.756 36.5454 25.3677 20.3926 21.9761 19.7626 18.7317 33.1865 20.4535 16.2705 18.9511 15.9275
threshold=2993772.5000000005 15421624.500000002 44005334.500000007 21.564560331346893 5096086.5000000009 97306.500000000015 5195382.1086956533 26690996.000000004 2985461.5000000005 2987352.0000000005 14998710.500000002 748952.50000000012 12.500000000000002 14988617.000000002 746065.00000000012 361164.00000000006 1018037.0980322425 150170.47442394777 1095600.0000000002 0.98473193473193488 1078870.0000000002 51.136950904392769 15574080.500000002 634.50000000000011 2339853.0000000005 2172646.5000000005 749313.50000000012 14993718.500000002 15006732.000000002 2991828.5000000005
decision_type=2 2 2 2 2 2 2 2 2 2 2 2 2 2 2 2 2 2 2 2 2 2 2 2 2 2 2 2 2 2
left_child=8 2 3 5 -5 7 -6 -2 11 10 13 14 24 29 15 19 -17 20 -19 -1 -16 -14 -23 -11 25 -13 -26 -25 -29 -10
right_child=1 -3 -4 4 6 -7 -8 -9 9 23 -12 12 21 -15 17 16 -18 18 -20 -21 -22 22 -24 27 26 -27 -28 28 -30 -31
leaf_value=8.8748961256467018e-06 -0.042697729876583171 -0.060809972165305308 0.0083433494087563377 0.00042065762337527095 0.1012900840804816 -0.034907692237776178 -0.0053218358716206407 0.10902012220799549 -0.031583945722801578 -0.040982552690686236 -0.028211749063948008 -0.00128406288255368 0.036874528035713026 3.8954023467250766e-05 0.012617993131460946 0.010342408445076072 -0.016505959180613601 -0.011000802184096192 -0.00040501261838991046 -0.0063462981891878063 0.0016144051549936936 0.035520719810806976 0.0075380513920455102 -0.0026884138753628336 -0.0036382418004524048 -0.038547696901417176 0.0071723556209539255 0.0049212894693291603 -0.0060077899261890139 0.0091492608609484629
leaf_weight=719248.63465185754 2.8108308678420135 13.144285276532171 1243.2245312123559 1720.6623374819756 8.3292264342308027 62.255519747915969 6.0718832165002814 4.1669659132021479 152.67997264734004 29.82807585131377 286.55074425041676 970.26822816458298 167.15226321108639 499.37481585144997 670.10744649323169 3033.6539701692527 238.44789369415957 3663.5851155519485 6770.1065112912329 2269.2693009282229 2398.7470265179873 98.428099006414413 244.33929181098938 2957.2585980892181 581.39562918385491 63.669797396461945 1768.1872280851239 2024.8674421310425 493.27759096026421 28.47467602789402
leaf_count=2153171 3833 93 5137 7397 29 18265 34 74 490 96 1099 5149 348 1259 1523 7502 1791 9959 17244 18854 5855 189 567 7430 1467 521 10522 4788 1494 70
internal_value=2.05547e-06 0.00302862 0.00330396 -0.000168357 0.000884789 -0.0265613 0.0563397 0.0479044 -1.03177e-05 -0.0022863 -0.0130562 9.53025e-06 0.00471777 -0.0066746 -1.5299e-05 2.67957e-05 0.00838589 -0.00227486 -0.00412552 -1.1113e-05 0.00401712 0.022556 0.0155735 -0.000394409 0.00202942 -0.00357875 0.00449731 -0.000173299 0.0027804 -0.0251813
internal_weight=751719 3060.67 3047.52 1804.3 1735.06 69.2333 14.4011 6.9778 748658 6472.31 967.08 742186 3893.44 680.529 738293 724790 3272.1 13502.5 10433.7 721518 3068.85 509.92 342.767 5505.23 3383.52 1033.94 2349.58 5475.4 2518.15 181.155
internal_count=2286250 34862 34769 29632 7460 22172 63 3907 2251388 16726 2918 2234662 18763 1819 2215899 2181318 9293 34581 27203 2172025 7378 1104 756 13808 17659 5670 11989 13712 6282 560
is_linear=0
shrinkage=0.05


end of trees

feature_importances:
Fwd_IAT_Min=568
Flow_IAT_Min=538
Active_Min=306
Bwd_IAT_Min=290
iat_cv=255
Init_Bwd_Win_Byts=224
Bwd_IAT_Tot=190
Active_Mean=185
Flow_IAT_Mean=171
Idle_Mean=160
Fwd_IAT_Max=146
Flow_IAT_Max=142
Fwd_Pkts/s=141
Flow_IAT_Std=137
Flow_Duration=136
Active_Max=133
Bwd_IAT_Max=131
Tot_Fwd_Pkts=129
Fwd_IAT_Tot=127
Flow_Byts/s=116
Flow_Pkts/s=111
Fwd_IAT_Std=111
Bwd_Pkts/s=111
Idle_Max=104
Bwd_Header_Len=99
TotLen_Bwd_Pkts=95
Active_Std=89
Bwd_IAT_Std=84
Bwd_Pkt_Len_Mean=82
Fwd_Header_Len=77
Idle_Std=76
TotLen_Fwd_Pkts=75
Fwd_IAT_Mean=74
Bwd_IAT_Mean=74
Idle_Min=53
fwd_pkt_ratio=46
Fwd_Pkt_Len_Min=41
Fwd_Pkt_Len_Mean=39
Pkt_Size_Avg=37
Bwd_Pkt_Len_Min=35
Fwd_Pkt_Len_Std=33
Pkt_Len_Std=32
Fwd_Pkt_Len_Max=31
SYN_Flag_Cnt=20
Down/Up_Ratio=20
pkt_range_ratio=20
Pkt_Len_Var=18
pkt_mean_to_max=18
Fwd_Act_Data_Pkts=16
Tot_Bwd_Pkts=12
Bwd_Pkt_Len_Max=10
Pkt_Len_Mean=9
tcp_flag_density=8
log_flow_activity=8
Bwd_Pkt_Len_Std=4
ACK_Flag_Cnt=2
pkt_min_to_max=1

parameters:
[boosting: gbdt]
[objective: binary]
[metric: binary_logloss]
[tree_learner: serial]
[device_type: cpu]
[data_sample_strategy: bagging]
[data: ]
[valid: ]
[num_iterations: 200]
[learning_rate: 0.05]
[num_leaves: 31]
[num_threads: -1]
[seed: 42]
[deterministic: 0]
[force_col_wise: 0]
[force_row_wise: 0]
[histogram_pool_size: -1]
[max_depth: 6]
[min_data_in_leaf: 20]
[min_sum_hessian_in_leaf: 0.001]
[bagging_fraction: 1]
[pos_bagging_fraction: 1]
[neg_bagging_fraction: 1]
[bagging_freq: 0]
[bagging_seed: 400]
[bagging_by_query: 0]
[feature_fraction: 1]
[feature_fraction_bynode: 1]
[feature_fraction_seed: 30056]
[extra_trees: 0]
[extra_seed: 12879]
[early_stopping_round: 0]
[early_stopping_min_delta: 0]
[first_metric_only: 0]
[max_delta_step: 0]
[lambda_l1: 0]
[lambda_l2: 0]
[linear_lambda: 0]
[min_gain_to_split: 0]
[drop_rate: 0.1]
[max_drop: 50]
[skip_drop: 0.5]
[xgboost_dart_mode: 0]
[uniform_drop: 0]
[drop_seed: 17869]
[top_rate: 0.2]
[other_rate: 0.1]
[min_data_per_group: 100]
[max_cat_threshold: 32]
[cat_l2: 10]
[cat_smooth: 10]
[max_cat_to_onehot: 4]
[top_k: 20]
[monotone_constraints: ]
[monotone_constraints_method: basic]
[monotone_penalty: 0]
[feature_contri: ]
[forcedsplits_filename: ]
[refit_decay_rate: 0.9]
[cegb_tradeoff: 1]
[cegb_penalty_split: 0]
[cegb_penalty_feature_lazy: ]
[cegb_penalty_feature_coupled: ]
[path_smooth: 0]
[interaction_constraints: ]
[verbosity: -1]
[saved_feature_importance_type: 0]
[use_quantized_grad: 0]
[num_grad_quant_bins: 4]
[quant_train_renew_leaf: 0]
[stochastic_rounding: 1]
[linear_tree: 0]
[max_bin: 255]
[max_bin_by_feature: ]
[min_data_in_bin: 3]
[bin_construct_sample_cnt: 200000]
[data_random_seed: 175]
[is_enable_sparse: 1]
[enable_bundle: 1]
[use_missing: 1]
[zero_as_missing: 0]
[feature_pre_filter: 1]
[pre_partition: 0]
[two_round: 0]
[header: 0]
[label_column: ]
[weight_column: ]
[group_column: ]
[ignore_column: ]
[categorical_feature: ]
[forcedbins_filename: ]
[precise_float_parser: 0]
[parser_config_file: ]
[objective_seed: 16083]
[num_class: 1]
[is_unbalance: 1]
[scale_pos_weight: 1]
[sigmoid: 1]
[boost_from_average: 1]
[reg_sqrt: 0]
[alpha: 0.9]
[fair_c: 1]
[poisson_max_delta_step: 0.7]
[tweedie_variance_power: 1.5]
[lambdarank_truncation_level: 30]
[lambdarank_norm: 1]
[label_gain: ]
[lambdarank_position_bias_regularization: 0]
[eval_at: ]
[multi_error_top_k: 1]
[auc_mu_weights: ]
[num_machines: 1]
[local_listen_port: 12400]
[time_out: 120]
[machine_list_filename: ]
[machines: ]
[gpu_platform_id: -1]
[gpu_device_id: -1]
[gpu_device_id_list: ]
[gpu_use_dp: 0]
[num_gpu: 1]

end of parameters

pandas_categorical:null
