tree
version=v4
num_class=1
num_tree_per_iteration=1
label_index=0
max_feature_idx=43
objective=binary sigmoid:1
feature_names=flow_packet_APDU_length_max flow_packet_APDU_length_min flow_packet_APDU_length_mean flow_packet_APDU_length_std flow_packet_APDU_length_var fw_packet_APDU_length_max fw_packet_APDU_length_min fw_packet_APDU_length_mean fw_packet_APDU_length_std fw_packet_APDU_length_var bw_packet_APDU_length_max bw_packet_APDU_length_min bw_packet_APDU_length_mean bw_packet_APDU_length_std bw_packet_APDU_length_var flow_packets_APDU_total_length fw_packets_APDU_total_length bw_packets_APDU_total_length flow_duration flow_down/up_ratio flow_total_IEC104_I_Message_SingleIOA_packets fw_total_IEC104_I_Message_SingleIOA_packets bw_total_IEC104_I_Message_SingleIOA_packets flow_total_IEC104_S_Message_packets fw_total_IEC104_S_Message_packets bw_total_IEC104_S_Message_packets flow_total_IEC104_U_Message_packets fw_total_IEC104_U_Message_packets bw_total_IEC104_U_Message_packets cot=1 cot=3 cot=6 cot=7 cot=10 cot=20 type_id_process_information_in_monitor_direction type_id_process_information_in_control_direction type_id_system_information_in_control_direction cmd_frame_count mon_frame_count cmd_to_mon_ratio i_msg_ratio s_msg_ratio u_msg_ratio
feature_infos=[4:22] none [4:14] [-1:6.06630035524124] [-1:36.799999999999997] [4:22] [4:14] [4:14.033333333333331] [-1:6.4031242374328485] [-1:41] [0:22] [0:14] [0:14.032921810699589] [-1:6.9282032302755097] [-1:48] [4:5260] [4:5062] [0:4172] [0:119.9999999440918] [-1:18.46153846153846] [0:362] [0:361] [0:298] [0:73] [0:70] [0:72] [0:18] [0:9] [0:9] [0:3] [0:361] [0:1] [0:4] [0:4] [0:1] [0:361] [0:8] [0:6] [0:9] [0:361] [0:4.9999999995] [0:0.99999999989999999] [0:0.99999999989999999] [0:0.99999999996666666]
tree_sizes=1069 1643 1858 1741 1747 1869 1765 1755 1860 1852 1862 1858 1865 1870 1754 1872 1873 1865 1876 1862 1865 1872 1861 1871 1870 1865 1866 1868 2084 1875 2080 1869 1970 2093 1975 1866 1875 1863 1868 1870 1867 1867 1867 1874 1877 1877 1875 1873 1880 1878 1885 2092 1982 2099 1986 2091 2098 2091 2092 2090 2092 2095 2096 2098 2101 2100 1989 2105 2095 2096 2099 2102 2096 2104 2101 2102 2096 2105 2105 2105 2096 2307 2201 2198 2309 2109 2312 2421 2313 2111 2431 2427 2435 2429 2005 2541 2327 2318 2547 2118 2330 2328 2329 2445 2117 2331 2448 2330 2336 2335 2336 2345 2344 2338 2343 2343 2349 2344 2238 2346 2345 2340 2347 2341 2348 2244 2344 2351 2344 2345 2346 2349 1919 2350 2342 2348 2348 1919 2349 2352 2346 1926 2355 2358 1926 2691 2579 2571 2585 2584 2587 2575 2475 2697 2584 2810 2584 2585 2592 2589 2592 2463 2594 2716 2377 2602 2371 2601 2826 2590 2587 1939 2489 2490 1826 1816 2496 1944 2613 2053 2386 2061 2387 1945 2061 2613 2955 1947 2620 2623 1959 2515 2295 1611 2072 1725 1951 1726 2069 2181

Tree=0
num_leaves=9
num_cat=0
split_feature=26 2 28 42 26 17 19 2
split_gain=43575.9 223.045 79.3816 25.9388 0.419652 0.138043 6.50265 1.81899e-12
threshold=9.5000000000000018 6.1929280397022337 1.5000000000000002 0.23333333333290127 7.5000000000000009 20.500000000000004 0.24844826994959021 13.32177035289876
decision_type=2 2 2 2 2 2 2 2
left_child=1 2 -1 4 5 6 -3 -7
right_child=-2 3 -4 -5 -6 7 -8 -9
leaf_value=0.64203493255209887 0.45467461887152283 0.67292692462020232 0.45467461887152283 0.55347061668473774 0.66122041626477057 0.67292692462020232 0.61184376355740755 0.67292692462020232
leaf_weight=8.8065609633922595 4595.0265311300755 200.45607537031174 15.789041340351103 4.5548404455184928 7.7464661300182334 4385.9789291024208 4.4538004696369162 9.6218916177749616
leaf_count=36 11059 875 38 15 33 19145 17 42
internal_value=0.563801 0.67193 0.52176 0.67273 0.672848 0.672868 0.671599 0.672927
internal_weight=9232.43 4637.41 24.5956 4612.81 4608.26 4600.51 204.91 4395.6
internal_count=31260 20201 74 20127 20112 20079 892 19187
is_linear=0
shrinkage=1


Tree=1
num_leaves=14
num_cat=0
split_feature=26 42 20 17 19 42 17 8 17 42 19 2 8
split_gain=38393.1 123.923 112.933 56.7483 3.23853 0.5445 0.138679 5.84255 0.00239342 0.000457104 0.000291548 7.27596e-12 1.81899e-12
threshold=7.5000000000000009 0.090499590499136709 1.5000000000000002 6.0000000000000009 0.30566483084185686 0.22857142857106125 20.500000000000004 5.4558828190150406 31.000000000000004 0.27793103448172307 0.16563217996639348 6.5962962962962974 -1.0000000180025095e-35
decision_type=2 2 2 2 2 2 2 2 2 2 2 2 2
left_child=2 -2 3 4 -1 6 7 10 -3 11 -4 -10 -8
right_child=1 8 5 -5 -6 -7 12 -9 9 -11 -12 -13 -14
leaf_value=0.076024692391034709 0.075826289075987929 -0.12959887472357057 0.075510647111763488 -0.10748661464411112 0.020269126229909951 0.058887676490870455 0.075510647111763488 0.019855631688579768 -0.12878302984985618 -0.12911602516179688 0.075918103390769154 -0.12878302984985618 0.075510647111763488
leaf_weight=5.6278836876153964 7.4114685803651801 9.0226785540580732 187.46454748511314 12.522314578294752 4.8478813469409943 4.9672666937112799 318.33180318772793 4.8326258212327948 3510.3523381352425 10.32812663912773 4.4955153018236151 1241.9126016497612 3971.4297273308039
leaf_count=25 33 21 838 32 19 21 1423 19 8149 24 20 2883 17753
internal_value=-0.0296941 -0.128468 0.0748669 -0.0356491 0.0502226 0.0754328 0.0754511 0.0741532 -0.128785 -0.128784 0.0755202 -0.128783 0.0755106
internal_weight=9293.55 4779.03 4514.52 22.9981 10.4758 4491.52 4486.55 196.793 4771.62 4762.59 191.96 4752.26 4289.76
internal_count=31260 11110 20150 76 44 20074 20053 877 11077 11056 858 11032 19176
is_linear=0
shrinkage=0.05


Tree=2
num_leaves=16
num_cat=0
split_feature=26 20 42 28 19 42 17 8 18 42 19 19 0 0 2
split_gain=34180.4 105.748 101.509 50.5512 9.99884 0.536634 0.135692 5.59924 0.00175873 0.000311229 0.000232629 1.28583e-06 3.63798e-12 1.81899e-12 9.09495e-13
threshold=7.5000000000000009 1.5000000000000002 0.090909090908471088 1.5000000000000002 0.97222222222222232 0.22857142857106125 20.500000000000004 5.4558828190150406 75.115776462036152 0.27793103448172307 0.16563217996639348 0.68990384615384626 17.000000000000004 15.000000000000002 12.640424987199184
decision_type=2 2 2 2 2 2 2 2 2 2 2 2 2 2 2
left_child=1 3 -2 4 -1 6 7 10 -4 11 -3 -10 -13 14 -8
right_child=2 5 8 -5 -6 -7 13 -9 9 -11 -12 12 -14 -15 -16
leaf_value=0.074410602467027173 0.062812243736400639 0.07365525911759023 -0.11995371149671713 -0.12075413221601212 -0.011958841538300876 0.057001297535280562 0.07365525911759023 0.018985381395381973 -0.11924712199761503 -0.11953456784935979 0.074023871831876198 -0.11926326622437877 -0.11926326622437877 0.07365525911759023 0.07365525911759023
leaf_weight=6.3896018117666262 7.6667857170104972 182.69816854596138 9.2553592920303327 9.6805821657180768 7.0463375151157379 4.8773648440837851 3176.2883264273405 4.8022280931472769 12.365023016929625 10.590752482414244 4.3828773498535147 4561.1970771253109 297.63257139921188 978.89591500163078 25.507978186011314
leaf_count=29 34 838 21 22 25 21 14569 19 28 24 20 10329 674 4490 117
internal_value=-0.0281255 0.0730138 -0.11898 -0.0336462 0.0291151 0.0735771 0.0735956 0.0722955 -0.119265 -0.119264 0.0736639 -0.119263 -0.119263 0.0736553 0.0736553
internal_weight=9299.28 4400.57 4898.71 23.1165 13.4359 4377.45 4372.58 191.883 4891.04 4881.79 187.081 4871.19 4858.83 4180.69 3201.8
internal_count=31260 20150 11110 76 54 20074 20053 877 11076 11055 858 11031 11003 19176 14686
is_linear=0
shrinkage=0.05


Tree=3
num_leaves=15
num_cat=0
split_feature=26 20 42 17 19 42 17 8 18 43 19 42 19 2
split_gain=30680.4 99.1704 89.138 45.238 2.86307 0.532519 0.133615 5.3908 0.00125 0.00024526 0.000186686 5.17966e-06 8.90581e-07 1.81899e-12
threshold=7.5000000000000009 1.5000000000000002 0.090909090908471088 6.0000000000000009 0.30566483084185686 0.22857142857106125 20.500000000000004 5.4558828190150406 75.115776462036152 0.38585607940310257 0.16563217996639348 0.27793103448172307 0.68990384615384626 13.32177035289876
decision_type=2 2 2 2 2 2 2 2 2 2 2 2 2 2
left_child=1 3 -2 4 -1 6 7 10 -4 -10 -3 12 -11 -8
right_child=2 5 8 -5 -6 -7 13 -9 9 11 -12 -13 -14 -15
leaf_value=0.072390238003800678 0.061052743896566376 0.071975540684649786 -0.11205361403019454 -0.093699469178117167 0.019207985798900328 0.05522579488588375 0.071975540684649786 0.018151198785220368 -0.11169743880908606 -0.11146294796182124 0.072310272104722614 -0.11143913571665434 -0.11147627824218083 0.071975540684649786
leaf_weight=5.3402711302042025 7.4976617693901053 177.73941221833229 9.4081232845783216 12.988459765911101 4.8101756572723389 4.7848283350467673 4058.3125458061695 4.7725534737110129 12.555705249309538 12.561495423316954 4.2653819918632498 9.4214973449707013 4924.8936667442322 8.9081805646419507
leaf_count=25 34 838 21 32 19 21 19134 19 28 28 20 21 10978 42
internal_value=-0.0267872 0.0713359 -0.111218 -0.0318958 0.0471878 0.0718967 0.0719155 0.0706079 -0.111478 -0.111477 0.0719834 -0.111476 -0.111476 0.0719755
internal_weight=9258.26 4281.92 4976.34 23.1389 10.1504 4258.78 4254 186.777 4968.84 4959.43 182.005 4946.88 4937.46 4067.22
internal_count=31260 20150 11110 76 44 20074 20053 877 11076 11055 858 11027 11006 19176
is_linear=0
shrinkage=0.05


Tree=4
num_leaves=15
num_cat=0
split_feature=26 20 42 28 19 42 17 8 17 42 18 43 18 3
split_gain=27722.6 93.1695 79.0702 41.0739 8.57909 0.531541 0.132317 5.21128 0.00094912 0.00017899 0.000153197 6.61516e-07 5.36063e-07 9.09495e-13
threshold=7.5000000000000009 1.5000000000000002 0.090909090908471088 1.5000000000000002 0.97222222222222232 0.22857142857106125 20.500000000000004 5.4558828190150406 31.000000000000004 0.27793103448172307 75.115776462036152 0.38585607940310257 99.998666522018439 5.4849759927033181
decision_type=2 2 2 2 2 2 2 2 2 2 2 2 2 2
left_child=1 3 -2 4 -1 6 7 10 -4 11 -3 -10 -13 -8
right_child=2 5 8 -5 -6 -7 13 -9 9 -11 -12 12 -14 -15
leaf_value=0.07126143015644551 0.059403344121413029 0.070749582338053757 -0.10549211853348964 -0.10709733555725075 -0.0097015881768916633 0.053547443713681545 0.070449423768573494 0.017351491913253792 -0.10497914497699479 -0.10519448200299597 0.070449179768037815 -0.10498593919275385 -0.1049913016514015 0.070449423768573494
leaf_weight=6.063478812575342 7.3249550610780707 4.3511644601821891 9.4919731914997083 9.9314388632774335 7.1070509552955627 4.6904743909835807 3290.8634685277939 4.74364249408245 11.310008168220518 10.854607969522474 172.4326354265213 47.049357891082764 4932.0166895985603 659.65599262714386
leaf_count=29 34 21 21 22 25 21 15974 19 25 24 837 104 10902 3202
internal_value=-0.0256326 0.0698105 -0.104753 -0.0303216 0.0275724 0.0703697 0.0703888 0.0690688 -0.104993 -0.104992 0.0704566 -0.104991 -0.104991 0.0704494
internal_weight=9177.89 4159.84 5018.05 23.102 13.1705 4136.74 4132.05 181.527 5010.72 5001.23 176.784 4990.38 4979.07 3950.52
internal_count=31260 20150 11110 76 54 20074 20053 877 11076 11055 858 11031 11006 19176
is_linear=0
shrinkage=0.05


Tree=5
num_leaves=16
num_cat=0
split_feature=26 20 42 25 19 42 17 8 18 43 19 42 19 2 2
split_gain=25188.2 87.6324 70.7207 37.1916 6.79809 0.533221 0.131697 5.05588 0.000707494 0.00014383 0.00012441 5.51343e-06 1.49066e-06 9.09495e-13 3.55271e-15
threshold=7.5000000000000009 1.5000000000000002 0.090909090908471088 1.0000000180025095e-35 0.64171122994652419 0.22857142857106125 20.500000000000004 5.4558828190150406 75.115776462036152 0.38585607940310257 0.16563217996639348 0.27793103448172307 0.68990384615384626 12.896627881921999 13.27755609763978
decision_type=2 2 2 2 2 2 2 2 2 2 2 2 2 2 2
left_child=1 3 -2 4 -1 6 7 10 -4 -10 -3 12 -11 -8 -15
right_child=2 5 8 -5 -6 -7 13 -9 9 11 -12 -13 -14 14 -16
leaf_value=0.069800570145369223 0.057850191033152087 0.069058289937052125 -0.09994226705700994 -0.096152469288289896 -0.0051045054120455839 0.051954546081604283 0.069058348534964481 0.016584780204689214 -0.099678847613550767 -0.099493294941789101 0.069339730682347195 -0.099472322361345608 -0.09951044984627376 0.069058348534964481 0.069058348534964481
leaf_weight=5.8853779137134552 7.1499978601932517 167.44270747900009 9.5172604918479902 10.857239812612534 6.2412156462669373 4.5950118005275717 3816.0211489498615 4.7155262827873221 12.694581419229506 12.695439100265501 4.0209340155124655 9.5215592980384809 4977.5281051397324 5.3949403613805762 10.190442904829977
leaf_count=29 34 838 21 25 22 21 19098 19 28 28 20 21 10978 27 51
internal_value=-0.024627 0.0684197 -0.0992879 -0.0289336 0.031249 0.0689774 0.0689969 0.0676602 -0.0995116 -0.0995108 0.0690649 -0.0995103 -0.0995104 0.0690583 0.0690583
internal_weight=9064.47 4035.36 5029.11 22.9838 12.1266 4012.38 4007.79 176.179 5021.96 5012.44 171.464 4999.75 4990.22 3831.61 15.5854
internal_count=31260 20150 11110 76 51 20074 20053 877 11076 11055 858 11027 11006 19176 78
is_linear=0
shrinkage=0.05


Tree=6
num_leaves=15
num_cat=0
split_feature=26 20 42 28 19 42 17 42 10 17 42 43 18 15
split_gain=22991.5 82.5613 63.6878 34.2093 7.32173 0.537182 0.13168 5.04782 0.0152677 0.000556272 0.000109394 1.28243e-06 5.86882e-07 9.09495e-13
threshold=7.5000000000000009 1.5000000000000002 0.090909090908471088 1.5000000000000002 0.97222222222222232 0.22857142857106125 20.500000000000004 0.077813390313076256 8.5000000000000018 31.000000000000004 0.27793103448172307 0.38585607940310257 99.998666522018439 3557.0000000000005
decision_type=2 2 2 2 2 2 2 2 2 2 2 2 2 2
left_child=1 3 -2 4 -1 6 7 8 -3 -4 11 -11 -13 -8
right_child=2 5 9 -5 -6 -7 13 -9 -10 10 -12 12 -14 -15
leaf_value=0.068466970525770041 0.056381419881775009 0.067786397788153332 -0.095204216839015532 -0.097201929576102297 -0.0074508323185146774 0.050437088259025958 0.067786630724832556 0.017046562201132449 0.070797039327469391 -0.094803929628384617 -0.094979686363282925 -0.09481523189991678 -0.094820844829998724 0.067786630724832556
leaf_weight=5.7045961469411868 6.9739406257867804 161.41314050555229 9.4926105439662916 9.9644038677215558 7.1646279394626617 4.4990527778863898 3614.2058801949024 5.0350009948015204 4.3239185214042655 11.301457136869429 10.850519239902495 47.014705896377563 4928.4411467313766 97.158153146505356
leaf_count=29 34 834 21 22 25 21 18674 22 21 25 24 104 10902 502
internal_value=-0.0237438 0.0671472 -0.0946115 -0.0276507 0.0262016 0.0677042 0.0677242 0.0663666 0.0678649 -0.0948218 -0.0948211 -0.0948208 -0.0948208 0.0677866
internal_weight=8923.54 3909.47 5014.07 22.8336 12.8692 3886.64 3882.14 170.772 165.737 5007.1 4997.61 4986.76 4975.46 3711.36
internal_count=31260 20150 11110 76 54 20074 20053 877 855 11076 11055 11031 11006 19176
is_linear=0
shrinkage=0.05


Tree=7
num_leaves=15
num_cat=0
split_feature=26 20 16 25 19 42 15 17 8 10 17 43 42 2
split_gain=21069.2 77.8502 50.281 31.0512 5.871 0.543102 0.18466 0.133171 4.97439 0.000754942 0.00035724 8.8832e-05 4.96089e-06 9.09495e-13
threshold=7.5000000000000009 1.5000000000000002 23.000000000000004 1.0000000180025095e-35 0.64171122994652419 0.22857142857106125 89.500000000000014 20.500000000000004 5.4558828190150406 8.5000000000000018 35.500000000000007 0.38585607940310257 0.27793103448172307 13.432521446078434
decision_type=2 2 2 2 2 2 2 2 2 2 2 2 2 2
left_child=1 3 -2 4 -1 7 -4 8 9 -3 -8 -12 -13 -9
right_child=2 5 6 -5 -6 -7 10 13 -10 -11 11 12 -14 -15
leaf_value=0.067246121355707567 0.044727673513153987 0.066620672662650357 -0.083375429623399069 -0.087613740623008668 -0.0034892029000661976 0.048986478166554326 -0.090998735227507219 0.066620886926070086 0.013993501900336167 0.067272063127777379 -0.090899207592092815 -0.090766174153735238 -0.090729859349796271 0.066620886926070086
leaf_weight=5.5223748534917831 6.8576824069023123 156.15886831283569 8.4635789394378644 10.832953184843063 6.2572884261608124 4.4031247645616522 16.606861770153046 3584.3747718036175 4.6158218681812277 4.5784758180379859 12.567243903875349 4922.9916509985924 9.4224254786968213 6.1789880096912375
leaf_count=29 33 834 20 25 22 21 37 19143 19 24 28 10971 21 33
internal_value=-0.0229628 0.0659802 -0.090568 -0.0265157 0.0296719 0.0665364 -0.0907546 0.066557 0.0651696 0.0666392 -0.0907672 -0.0907664 -0.0907661 0.0666209
internal_weight=8759.83 3782.92 4976.91 22.6126 11.7797 3760.31 4970.05 3755.91 165.353 160.737 4961.59 4944.98 4932.41 3590.55
internal_count=31260 20150 11110 76 51 20074 11077 20053 877 858 11057 11020 10992 19176
is_linear=0
shrinkage=0.05


Tree=8
num_leaves=16
num_cat=0
split_feature=26 20 16 28 19 42 15 17 42 10 17 42 43 2 2
split_gain=19373 73.5209 45.7978 29.0247 6.29776 0.550761 0.182025 0.134287 6.74818 0.0222432 0.00027652 6.96418e-05 1.49445e-06 9.09495e-13 3.55271e-15
threshold=7.5000000000000009 1.5000000000000002 23.000000000000004 1.5000000000000002 0.97222222222222232 0.22857142857106125 89.500000000000014 20.500000000000004 0.090499590499136709 13.500000000000002 35.500000000000007 0.27793103448172307 0.38585607940310257 12.761380225613804 13.27755609763978
decision_type=2 2 2 2 2 2 2 2 2 2 2 2 2 2 2
left_child=1 3 -2 4 -1 7 -4 8 9 -3 -8 12 -12 -9 -15
right_child=2 5 6 -5 -6 -7 10 13 -10 -11 11 -13 -14 14 -16
leaf_value=0.066125605163289844 0.043349316920278387 0.065554938146257166 -0.079861430360631952 -0.089757065299370956 -0.0055298471246108634 0.047595317466115207 -0.087434680451404095 0.065549670006364927 -0.0023534256919407392 0.069179887907043255 -0.087210564932863513 -0.087356878707924412 -0.087228939004416042 0.065549670006364899 0.065549670006364927
leaf_weight=5.339784577488901 6.7253482639789572 151.8394623696804 8.3958373963832837 9.8341651260852796 7.2023905515670776 4.3076795637607566 16.424081206321716 3452.2779722064734 3.734660103917121 4.3531991243362418 11.091724783182142 10.652784258127211 4867.8444354236126 8.3235382735729235 9.2282706946134549
leaf_count=29 33 839 20 22 25 21 37 19079 16 22 25 24 10971 46 51
internal_value=-0.0222676 0.0649068 -0.0870388 -0.0254473 0.0249772 0.0654632 -0.0872173 0.0654844 0.0640678 0.065656 -0.0872299 -0.0872292 -0.0872289 0.0655497 0.0655497
internal_weight=8577.58 3656.44 4921.13 22.3763 12.5422 3634.06 4914.41 3629.76 159.927 156.193 4906.01 4889.59 4878.94 3469.83 17.5518
internal_count=31260 20150 11110 76 54 20074 11077 20053 877 861 11057 11020 10996 19176 97
is_linear=0
shrinkage=0.05


Tree=9
num_leaves=16
num_cat=0
split_feature=26 20 16 28 3 42 15 17 19 8 18 3 42 17 7
split_gain=17865.9 69.4802 41.9063 26.543 1.79951 0.559932 0.182121 0.136507 6.76254 0.0243907 0.000223669 0.000915467 4.99476e-06 4.66053e-06 2.01303e-07
threshold=7.5000000000000009 1.5000000000000002 23.000000000000004 1.5000000000000002 4.9996551486293006 0.22857142857106125 89.500000000000014 20.500000000000004 0.2215277777777778 5.3380196308642462 99.998666522018439 4.5237912461003456 0.27793103448172307 35.500000000000007 7.6306818181818192
decision_type=2 2 2 2 2 2 2 2 2 2 2 2 2 2 2
left_child=1 3 -2 4 -1 7 -4 8 9 -3 11 14 13 -12 -8
right_child=2 5 6 -5 -6 -7 10 -9 -10 -11 12 -13 -14 -15 -16
leaf_value=0.038187946981615178 0.042017959324784644 0.064565845369725164 -0.076709777042313965 -0.086350333202116006 -0.0017053691547777282 0.046257197500546438 -0.084119474425721819 0.064563081287975929 -0.0039220150893578337 0.068319296723851175 -0.084090165546606213 -0.084689419362987406 -0.08408370501328713 -0.084119066630750999 -0.084110696222814918
leaf_weight=7.9963269829750079 6.5948779582977286 146.40008257329464 8.3059798181056959 9.7140017151832563 4.3725288063287735 4.2131024450063697 25.798368245363235 3349.7532999515533 3.680304989218711 4.460016041994094 13.990060389041899 8.7648150026798231 10.05499756336212 4767.4403395652771 8.7447832822799665
leaf_count=37 33 838 20 22 17 21 59 19176 16 23 32 20 23 10903 20
internal_value=-0.0216455 0.0639177 -0.0839357 -0.0244941 0.0240852 0.0644742 -0.0841072 0.0644961 0.0630432 0.0646768 -0.0841199 -0.084233 -0.0841189 -0.084119 -0.0841173
internal_weight=8380.28 3530.59 4849.69 22.0829 12.3689 3508.51 4843.1 3504.29 154.54 150.86 4834.79 43.308 4791.49 4781.43 34.5432
internal_count=31260 20150 11110 76 54 20074 11077 20053 877 861 11057 99 10958 10935 79
is_linear=0
shrinkage=0.05


Tree=10
num_leaves=16
num_cat=0
split_feature=26 20 16 25 2 42 15 17 35 0 17 43 42 0 2
split_gain=16518.7 65.8092 38.5003 24.7314 0.913056 0.570452 0.18443 0.139174 7.08062 0.0199063 0.000183597 4.71552e-05 3.17235e-06 9.09495e-13 5.68434e-14
threshold=7.5000000000000009 1.5000000000000002 23.000000000000004 1.0000000180025095e-35 5.3861283643892355 0.22857142857106125 89.500000000000014 20.500000000000004 1.5000000000000002 15.000000000000002 35.500000000000007 0.38585607940310257 0.27793103448172307 17.000000000000004 12.493865783339468
decision_type=2 2 2 2 2 2 2 2 2 2 2 2 2 2 2
left_child=1 3 -2 4 -1 7 -4 8 -3 -10 -8 -12 -13 -9 -15
right_child=2 5 6 -5 -6 -7 10 13 9 -11 11 12 -14 14 -16
leaf_value=0.01430906911762618 0.040729503266843568 -0.0086115058851255772 -0.073861092448650509 -0.07870909135494325 0.042784129268748444 0.044966581026553785 -0.081536743633570788 0.063652554498690242 0.06366650052740884 0.067111700197883498 -0.081465443015350539 -0.081366410439993181 -0.081336730676167202 0.063652554498690242 0.063652554498690242
leaf_weight=5.925438329577446 6.4666290879249564 3.4590693414211264 8.1977297216653806 10.523594290018082 5.3633190840482712 4.1197202056646338 15.909588366746901 2933.9368228316307 141.42473578453064 4.3208688497543326 12.037097126245497 4713.589051425457 9.0204991400241834 291.97843769192696 4.8859634697437277
leaf_count=25 33 15 20 25 26 21 37 17414 839 23 28 10971 21 1733 29
internal_value=-0.021086 0.063003 -0.0811886 -0.0235669 0.0278376 0.0635609 -0.0813542 0.0635836 0.0620906 0.0637686 -0.0813672 -0.0813666 -0.0813664 0.0636526 0.0636526
internal_weight=8171.16 3405.94 4765.22 21.8124 11.2888 3384.13 4758.75 3380.01 149.205 145.746 4750.56 4734.65 4722.61 3230.8 296.864
internal_count=31260 20150 11110 76 51 20074 11077 20053 877 862 11057 11020 10992 19176 1762
is_linear=0
shrinkage=0.05


Tree=11
num_leaves=16
num_cat=0
split_feature=26 20 16 28 19 42 42 17 35 0 18 42 17 2 2
split_gain=15307.9 62.4449 35.4977 23.132 5.77334 0.582179 0.189227 0.142044 6.8451 0.0164454 0.00337347 3.85552e-05 4.43398e-06 9.09495e-13 1.42109e-14
threshold=7.5000000000000009 1.5000000000000002 23.000000000000004 1.5000000000000002 0.97222222222222232 0.22857142857106125 0.096369047618808698 20.500000000000004 1.5000000000000002 15.000000000000002 75.115776462036152 0.27793103448172307 35.500000000000007 12.346326836581708 13.432521446078434
decision_type=2 2 2 2 2 2 2 2 2 2 2 2 2 2 2
left_child=1 3 -2 4 -1 7 -4 8 -3 -10 -8 12 -12 -9 -15
right_child=2 5 6 -5 -6 -7 10 13 9 -11 11 -13 -14 14 -16
leaf_value=0.064229147340664053 0.039480421560858736 -0.0081497341986189031 -0.071928203522429221 -0.081444994519896396 -0.0058496173950160222 0.04371867431543263 -0.079913063618452018 0.062810617800749202 0.062823569093013648 0.066008590660376967 -0.078886618659174304 -0.079012998642836646 -0.078915347196317043 0.062810617800749202 0.062810617800749202
leaf_weight=4.9918067306280154 6.3408970534801474 3.4719693362712851 9.7047855257987958 9.421352952718733 7.1465365290641785 4.027807042002677 8.4899977147579175 3050.5455983430147 136.28637489676476 4.1770693659782401 13.470103502273558 10.112772822380064 4621.8954881727695 57.4747534096241 5.3578159958124152
leaf_count=29 33 15 24 22 25 21 20 18789 839 23 32 24 10977 354 33
internal_value=-0.0205806 0.0621555 -0.078742 -0.0226583 0.0229698 0.0627161 -0.0789028 0.0627396 0.061204 0.0629183 -0.0789173 -0.0789155 -0.0789153 0.0628106 0.0628106
internal_weight=7952.92 3282.9 4670.01 21.5597 12.1383 3261.34 4663.67 3257.31 143.935 140.463 4653.97 4645.48 4635.37 3113.38 62.8326
internal_count=31260 20150 11110 76 54 20074 11077 20053 877 862 11053 11033 11009 19176 387
is_linear=0
shrinkage=0.05


Tree=12
num_leaves=16
num_cat=0
split_feature=26 20 42 28 19 42 17 35 18 0 42 43 17 0 2
split_gain=14214.8 59.1917 40.5979 21.3312 5.46324 0.594986 0.145092 6.62801 0.0148608 0.013623 0.000125238 3.10792e-05 3.48615e-06 9.09495e-13 5.68434e-14
threshold=7.5000000000000009 1.5000000000000002 0.090909090908471088 1.5000000000000002 0.97222222222222232 0.22857142857106125 20.500000000000004 1.5000000000000002 75.115776462036152 15.000000000000002 0.099999999999250008 0.38585607940310257 35.500000000000007 17.000000000000004 12.493865783339468
decision_type=2 2 2 2 2 2 2 2 2 2 2 2 2 2 2
left_child=1 3 -2 4 -1 6 7 -3 -4 -9 -10 -12 -13 -8 -15
right_child=2 5 8 -5 -6 -7 13 9 10 -11 11 12 -14 14 -16
leaf_value=0.063344936435653074 0.051135114287082811 -0.0077145177210002566 -0.078782821621192656 -0.078998177156293384 -0.0055498322862800598 0.042509317086613055 0.062030722701218594 0.062042775601398939 -0.07690723868986192 0.064992757150434621 -0.07680328242791043 -0.076695421943693831 -0.0767211843082478 0.062030722701218594 0.062030722701218594
leaf_weight=4.8129440099000949 6.2167089134454718 3.484128311276435 8.7620379328727704 9.2322693169116956 7.1557039022445679 3.9375916421413413 2722.3659859597683 131.22954669594765 9.0758715867996198 4.0338690578937522 11.536022812128065 13.169787645339964 4517.3261348903179 270.9234095364809 4.5336288958787909
leaf_count=29 34 15 21 22 25 21 17414 839 22 23 28 32 10973 1733 29
internal_value=-0.0201226 0.0613711 -0.0765516 -0.0218939 0.0221548 0.0619332 0.0619576 0.0603768 -0.0767256 0.0621308 -0.0767217 -0.0767213 -0.0767211 0.0620307 0.0620307
internal_weight=7727.8 3161.71 4566.09 21.2009 11.9686 3140.51 3136.57 138.748 4559.87 135.263 4551.11 4542.03 4530.5 2997.82 275.457
internal_count=31260 20150 11110 76 54 20074 20053 877 11076 862 11055 11033 11005 19176 1762
is_linear=0
shrinkage=0.05


Tree=13
num_leaves=16
num_cat=0
split_feature=26 20 42 25 19 42 17 42 43 18 42 42 42 17 2
split_gain=13223.9 56.156 37.5816 20.0212 4.32458 0.777148 0.14844 6.51668 0.0188747 0.0120703 0.000362298 9.92536e-05 2.56923e-05 2.76814e-06 9.09495e-13
threshold=7.5000000000000009 1.5000000000000002 0.090909090908471088 1.0000000180025095e-35 0.64171122994652419 0.23105625717517325 20.500000000000004 0.090499590499136709 0.49999999999437506 75.115776462036152 0.2226164357800251 0.099999999999250008 0.27793103448172307 35.500000000000007 13.432521446078434
decision_type=2 2 2 2 2 2 2 2 2 2 2 2 2 2 2
left_child=1 3 -2 4 -1 6 7 8 -3 -4 14 -11 13 -13 -8
right_child=2 5 9 -5 -6 -7 10 -9 -10 11 -12 12 -14 -15 -16
leaf_value=0.062526696660452602 0.049959272161147664 0.065035860499964224 -0.076627252301615434 -0.072071010670972838 -0.0013875151311768506 0.036447286110937928 0.06130712207473657 -0.0073104354806772121 0.061324523874184939 -0.074915443416941049 0.061802773549933854 -0.074724545009899543 -0.074829395697038378 -0.074747786005402869 0.06130712207473657
leaf_weight=4.636599063873291 6.0491570532321921 3.521060809493064 8.5631218254566175 10.023947685956955 6.1664639115333557 3.1660719066858283 2876.4459486305714 3.5421819984912863 126.59082877635956 8.856856703758238 3.6915531754493704 12.849393665790556 9.6491319537162763 4409.1440809071064 4.9637983739376059
leaf_count=29 34 20 21 25 22 17 19123 16 841 22 24 32 24 10977 33
internal_value=-0.0197061 0.0606424 -0.0745825 -0.0211783 0.026044 0.0612063 0.0612323 0.0596033 0.061425 -0.0747518 0.0613078 -0.0747482 -0.0747479 -0.0747477 0.0613071
internal_weight=7497.86 3042.75 4455.11 20.827 10.8031 3021.92 3018.76 133.654 130.112 4449.06 2885.1 4440.5 4431.64 4421.99 2881.41
internal_count=31260 20150 11110 76 51 20074 20057 877 861 11076 19180 11055 11033 11009 19156
is_linear=0
shrinkage=0.05


Tree=14
num_leaves=15
num_cat=0
split_feature=26 20 42 28 19 42 17 35 10 18 42 42 43 17
split_gain=12322.2 53.3523 34.8682 18.714 4.76704 0.789008 0.152311 6.46913 0.012231 0.00986326 0.000303121 7.9169e-05 2.08712e-05 2.20264e-06
threshold=7.5000000000000009 1.5000000000000002 0.090909090908471088 1.5000000000000002 0.97222222222222232 0.23105625717517325 20.500000000000004 1.5000000000000002 13.500000000000002 75.115776462036152 0.2226164357800251 0.099999999999250008 0.38585607940310257 35.500000000000007
decision_type=2 2 2 2 2 2 2 2 2 2 2 2 2 2
left_child=1 3 -2 4 -1 6 7 -3 -9 -4 -8 -11 -13 -14
right_child=2 5 9 -5 -6 -7 10 8 -10 11 -12 12 13 -15
leaf_value=0.061768215220472614 0.048822669665592157 -0.0087225524796512074 -0.074685706819656653 -0.075311261925382997 -0.004053603066906746 0.035335269413639618 0.060634734656445893 0.060633735704102881 0.0631461218950395 -0.073117100056618561 0.061096985895805228 -0.073034380094874229 -0.072944357449624728 -0.072965365561101031
leaf_weight=4.4632486999034899 5.8846887946128836 3.4445435702800742 8.3517937362194044 8.839403569698332 7.1691389381885529 3.1040232628583899 2770.5025934576988 120.17891222238541 5.0477281808853141 8.6267873048782331 3.5510464310646048 10.963335692882536 12.513343393802641 4292.3610397577286
leaf_count=29 34 15 21 22 25 17 19156 831 31 22 24 28 32 10973
internal_value=-0.0193259 0.0599637 -0.0728039 -0.0204711 0.0212017 0.0605304 0.0605573 0.0588756 0.060735 -0.0729691 0.0606353 -0.0729658 -0.0729655 -0.0729653
internal_weight=7265 2926.3 4338.7 20.4718 11.6324 2905.83 2902.72 128.671 125.227 4332.82 2774.05 4324.46 4315.84 4304.87
internal_count=31260 20150 11110 76 54 20074 20057 877 862 11076 19180 11055 11033 11005
is_linear=0
shrinkage=0.05


Tree=15
num_leaves=16
num_cat=0
split_feature=26 20 42 25 19 42 17 19 10 18 42 42 42 17 0
split_gain=11498.8 50.7011 32.4171 17.4171 3.81712 0.801848 0.15608 8.10965 0.012554 0.00810273 0.000254081 6.34807e-05 1.74097e-05 1.76977e-06 4.54747e-13
threshold=7.5000000000000009 1.5000000000000002 0.090909090908471088 1.0000000180025095e-35 0.64171122994652419 0.23105625717517325 20.500000000000004 0.24844826994959021 13.500000000000002 75.115776462036152 0.2226164357800251 0.099999999999250008 0.27793103448172307 35.500000000000007 20.000000000000004
decision_type=2 2 2 2 2 2 2 2 2 2 2 2 2 2 2
left_child=1 3 -2 4 -1 6 7 8 -3 -4 14 -11 13 -13 -8
right_child=2 5 9 -5 -6 -7 10 -9 -10 11 -12 12 -14 -15 -16
leaf_value=0.061064013499094377 0.047720904163651073 0.060021875812090557 -0.072929675582056319 -0.068330805690165683 -0.00036460105828736131 0.034251493876802229 0.06000906146743662 -0.026453402617089856 0.062566960470125305 -0.071487157068321872 0.060440707794072027 -0.071330278918580931 -0.071418413462200028 -0.07134937724689594 0.06000906146743662
leaf_weight=4.2932882606983185 5.7236438244581214 115.97537961602211 8.1308447420597059 9.6326890587806702 6.1536630988121033 3.0436834990978232 2646.4582543373108 2.7663383334875098 5.0565398037433615 8.3883506655693036 3.4136046171188346 12.165489137172697 9.137464374303816 4174.6443359255791 15.703921794891356
leaf_count=29 34 834 21 25 22 17 19043 11 32 22 24 32 24 10977 113
internal_value=-0.0189779 0.0593318 -0.0711912 -0.0198354 0.0248802 0.059901 0.059929 0.0581935 0.0601282 -0.0713528 0.0600096 -0.0713497 -0.0713495 -0.0713493 0.0600091
internal_weight=7030.69 2812.5 4218.19 20.0796 10.447 2792.42 2789.37 123.798 121.032 4212.47 2665.58 4204.34 4195.95 4186.81 2662.16
internal_count=31260 20150 11110 76 51 20074 20057 877 866 11076 19180 11055 11033 11009 19156
is_linear=0
shrinkage=0.05


Tree=16
num_leaves=16
num_cat=0
split_feature=26 20 42 28 19 42 17 42 43 18 42 42 43 42 2
split_gain=10744.8 48.2509 30.1946 16.5458 4.17817 0.815548 0.159285 8.36971 0.0185858 0.00668818 0.00021333 5.11679e-05 1.42239e-05 1.65721e-06 4.54747e-13
threshold=7.5000000000000009 1.5000000000000002 0.090909090908471088 1.5000000000000002 0.97222222222222232 0.23105625717517325 20.500000000000004 0.096369047618808698 0.49999999999437506 75.115776462036152 0.2226164357800251 0.099999999999250008 0.38585607940310257 0.27793103448172307 11.902593295382671
decision_type=2 2 2 2 2 2 2 2 2 2 2 2 2 2 2
left_child=1 3 -2 4 -1 6 7 8 -3 -4 14 -11 -13 -14 -8
right_child=2 5 9 -5 -6 -7 10 -9 -10 11 -12 12 13 -15 -16
leaf_value=0.060409248422710442 0.046650106922848614 0.06328488745385856 -0.071335500301645233 -0.072287738627888606 -0.002735956605938809 0.033194327289890524 0.059426092686778613 -0.029918276701156155 0.059457718228419137 -0.07000472262355667 0.059829620830124657 -0.069937813329456561 -0.069879163011798806 -0.069856018047900412 0.059426092686778613
leaf_weight=4.1270411461591738 5.5662966966629019 3.2637733519077292 7.9027049243450156 8.41287052631378 7.1723596155643463 2.9850980937480918 2449.6372425556183 2.6731917709112158 113.10066622495651 8.1438828706741315 3.279443383216857 10.348271131515501 4055.0316916704178 7.7488051056861869 106.90054106712341
leaf_count=29 34 20 21 22 25 17 18355 11 846 22 24 28 10984 21 801
internal_value=-0.0186584 0.0587415 -0.0697239 -0.0191992 0.0203275 0.0593144 0.0593435 0.0575556 0.0595651 -0.0698823 0.0594266 -0.0698795 -0.0698793 -0.0698791 0.0594261
internal_weight=6796.29 2701.55 4094.74 19.7123 11.2994 2681.84 2678.85 119.038 116.364 4089.18 2559.82 4081.27 4073.13 4062.78 2556.54
internal_count=31260 20150 11110 76 54 20074 20057 877 866 11076 19180 11055 11033 11005 19156
is_linear=0
shrinkage=0.05


Tree=17
num_leaves=16
num_cat=0
split_feature=26 20 42 28 7 42 17 42 43 18 42 42 42 17 2
split_gain=10052.5 45.926 28.1725 15.3959 2.02047 0.829984 0.162841 8.01303 0.0155266 0.0055438 0.000179399 4.14235e-05 1.21049e-05 1.20144e-06 4.54747e-13
threshold=7.5000000000000009 1.5000000000000002 0.090909090908471088 1.5000000000000002 6.2986111111111116 0.23105625717517325 20.500000000000004 0.096369047618808698 0.49999999999437506 75.115776462036152 0.2226164357800251 0.099999999999250008 0.27793103448172307 35.500000000000007 13.487177492141548
decision_type=2 2 2 2 2 2 2 2 2 2 2 2 2 2 2
left_child=1 3 -2 4 -1 6 7 8 -3 -4 14 -11 13 -13 -8
right_child=2 5 9 -5 -6 -7 10 -9 -10 11 -12 12 -14 -15 -16
leaf_value=0.035922708121188494 0.04560687544040095 0.062476281360398615 -0.06988336027139945 -0.070751519309734043 -0.0081824227035818039 0.032162384866023852 0.058882254011879964 -0.02807737971279968 0.058911913523510329 -0.068652187690803265 0.05925990462292087 -0.068521242597318038 -0.068596803277231597 -0.068537464529588185 0.058882254011879964
leaf_weight=7.0197928100824374 5.4128673374652854 3.1437552124261847 7.6694860756397238 8.1718707680702192 4.1210608184337616 2.9282980263233176 2450.6699401736259 2.7051824033260337 108.55610704421997 7.8954104185104361 3.1487314701080313 11.447232484817503 8.5996749699115735 3928.3387355804443 3.0742253065109244
leaf_count=33 34 20 21 22 21 17 19132 11 846 22 24 32 24 10977 24
internal_value=-0.0183646 0.0581903 -0.0683847 -0.0186262 0.019608 0.0587666 0.0587969 0.0569529 0.0590122 -0.0685404 0.0588827 -0.0685378 -0.0685375 -0.0685374 0.0588823
internal_weight=6562.9 2593.54 3969.36 19.3127 11.1409 2574.23 2571.3 114.405 111.7 3963.95 2456.89 3956.28 3948.39 3939.79 2453.74
internal_count=31260 20150 11110 76 54 20074 20057 877 866 11076 19180 11055 11033 11009 19156
is_linear=0
shrinkage=0.05


Tree=18
num_leaves=16
num_cat=0
split_feature=26 20 42 25 19 42 17 19 2 18 42 42 42 17 0
split_gain=9415.06 43.8431 26.3272 14.4925 3.42328 0.84506 0.166449 8.55194 0.0217246 0.00461251 0.00015108 3.36821e-05 9.91322e-06 9.76514e-07 4.54747e-13
threshold=7.5000000000000009 1.5000000000000002 0.090909090908471088 1.0000000180025095e-35 0.64171122994652419 0.23105625717517325 20.500000000000004 0.30566483084185686 9.3205128205128229 75.115776462036152 0.2226164357800251 0.099999999999250008 0.27793103448172307 35.500000000000007 15.000000000000002
decision_type=2 2 2 2 2 2 2 2 2 2 2 2 2 2 2
left_child=1 3 -2 4 -1 6 7 8 -3 -4 14 -11 13 -13 -8
right_child=2 5 9 -5 -6 -7 10 -9 -10 11 -12 12 -14 -15 -16
leaf_value=0.059702706319865032 0.04458821326642879 0.058416638120101907 -0.068556542087198608 -0.064079921490702324 -0.00018045320870298817 0.031154482686852548 0.058374350932792911 -0.034291812661357599 0.063010962605165685 -0.067414645586443139 0.058728131362131002 -0.067294649574790796 -0.067364087206641568 -0.06730951321236528 0.058374350932792911
leaf_weight=3.9379769414663315 5.2635256648063651 104.72261667251587 7.4330183267593375 8.9902920424938202 6.0578646063804626 2.8733016401529303 1802.3863088488579 2.540183261036872 2.6378615051507941 7.6446877717971793 3.0215979218482962 11.082341074943541 8.3261265158653242 3803.1778933703899 551.48007595539093
leaf_count=29 34 850 21 25 22 17 14668 10 17 22 24 32 24 10977 4488
internal_value=-0.0180934 0.0576727 -0.0671589 -0.0180175 0.0234112 0.0582545 0.0582861 0.0563841 0.0585295 -0.0673122 0.0583748 -0.0673098 -0.0673096 -0.0673095 0.0583744
internal_weight=6331.58 2488.65 3842.93 18.9861 9.99584 2469.66 2466.79 109.901 107.36 3837.66 2356.89 3830.23 3822.59 3814.26 2353.87
internal_count=31260 20150 11110 76 51 20074 20057 877 867 11076 19180 11055 11033 11009 19156
is_linear=0
shrinkage=0.05


Tree=19
num_leaves=16
num_cat=0
split_feature=26 20 42 28 7 42 17 19 2 18 42 42 43 42 42
split_gain=8827.04 41.8235 24.6386 13.7249 1.84978 1.15873 0.170274 8.16903 0.0183738 0.00385052 0.00166809 2.7484e-05 8.30891e-06 1.15849e-06 8.46831e-08
threshold=7.5000000000000009 1.5000000000000002 0.090909090908471088 1.5000000000000002 6.2986111111111116 0.23181337407442049 20.500000000000004 0.30566483084185686 9.3205128205128229 75.115776462036152 0.22586618876900857 0.099999999999250008 0.38585607940310257 0.27793103448172307 0.2208518617054179
decision_type=2 2 2 2 2 2 2 2 2 2 2 2 2 2 2
left_child=1 3 -2 4 -1 6 7 8 -3 -4 14 -11 -13 -14 -8
right_child=2 5 9 -5 -6 -7 10 -9 -10 11 -12 12 13 -15 -16
leaf_value=0.034472687594522579 0.043591485050906389 0.057939232196352532 -0.067340843915986492 -0.068458725586053329 -0.0081977415778791193 0.021625412470860188 0.057899500574285501 -0.0321461429074495 0.062245862466305313 -0.066279336696615052 0.05923870579458837 -0.066229802759197945 -0.06618275583308697 -0.066162441025796229 0.057890454132366757
leaf_weight=6.862601116299631 5.1183986961841574 100.41520175337791 7.1948838233947745 7.7214325070381156 4.0321154892444611 2.2146315574645987 2255.5503999590874 2.5733587443828574 2.5392686426639548 7.3932278752326956 2.3275806605815879 9.3931585252284986 3680.0548410415649 7.0312763750553122 2.58988332748413
leaf_count=33 34 850 21 22 21 13 19144 10 17 22 18 28 10984 21 22
internal_value=-0.0178429 0.0571886 -0.0660341 -0.0174623 0.0186804 0.0577754 0.0578092 0.0558461 0.0580455 -0.0661853 0.0579009 -0.066183 -0.0661828 -0.0661827 0.0578995
internal_weight=6103.01 2386.83 3716.19 18.6161 10.8947 2368.21 2366 105.528 102.954 3711.07 2260.47 3703.87 3696.48 3687.09 2258.14
internal_count=31260 20150 11110 76 54 20074 20061 877 867 11076 19184 11055 11033 11005 19166
is_linear=0
shrinkage=0.05


Tree=20
num_leaves=16
num_cat=0
split_feature=26 20 42 28 7 42 17 42 43 18 42 42 42 17 42
split_gain=8283.37 39.9887 23.0896 12.8139 1.69918 1.16644 0.173961 9.05921 0.0161475 0.00322407 0.00140713 2.25082e-05 6.99078e-06 6.74749e-07 7.11766e-08
threshold=7.5000000000000009 1.5000000000000002 0.090909090908471088 1.5000000000000002 6.2986111111111116 0.23181337407442049 20.500000000000004 0.1109742747667473 0.49999999999541672 75.115776462036152 0.22586618876900857 0.099999999999250008 0.27793103448172307 35.500000000000007 0.2208518617054179
decision_type=2 2 2 2 2 2 2 2 2 2 2 2 2 2 2
left_child=1 3 -2 4 -1 6 7 8 -3 -4 14 -11 13 -13 -8
right_child=2 5 9 -5 -6 -7 10 -9 -10 11 -12 12 -14 -15 -16
leaf_value=0.033195627128466125 0.042614386557372999 0.060971010214884137 -0.066224118267315349 -0.067255964793336495 -0.0077655663578591744 0.020820304333620521 0.05745511265713539 -0.043432147698347655 0.057479319231547948 -0.065235333010516178 0.058710759333734409 -0.065133633347777303 -0.065193832631710955 -0.065146417325379777 0.057446640849914313
leaf_weight=6.772608049213888 4.9775759875774375 3.4299280866980544 6.956444799900054 7.4728452563285819 4.0433908849954605 2.1860002428293219 2161.7196774482727 2.269608035683631 95.588160872459412 7.1423296928405753 2.2334672808647147 10.351742267608641 7.778493493795394 3552.5769510865211 2.4821231067180625
leaf_count=33 34 24 21 22 21 13 19144 8 845 22 18 32 24 10977 22
internal_value=-0.0176109 0.0567332 -0.0649993 -0.0169049 0.0178829 0.0573265 0.0573617 0.0553364 0.0576003 -0.0651488 0.0574564 -0.0651467 -0.0651465 -0.0651464 0.0574551
internal_weight=5877.98 2288.2 3589.78 18.2888 10.816 2269.91 2267.72 101.288 99.0181 3584.81 2166.44 3577.85 3570.71 3562.93 2164.2
internal_count=31260 20150 11110 76 54 20074 20061 877 869 11076 19184 11055 11033 11009 19166
is_linear=0
shrinkage=0.05


Tree=21
num_leaves=16
num_cat=0
split_feature=26 20 42 25 19 42 17 19 8 18 42 42 43 42 42
split_gain=7779.83 38.2633 21.6653 12.1961 3.34833 1.17472 0.176719 10.3479 0.0673488 0.00270674 0.00118845 1.84928e-05 5.81063e-06 8.67123e-07 5.98393e-08
threshold=7.5000000000000009 1.5000000000000002 0.090909090908471088 1.0000000180025095e-35 0.64171122994652419 0.23181337407442049 20.500000000000004 0.73508771929824568 5.4558828190150406 75.115776462036152 0.22586618876900857 0.099999999999250008 0.38585607940310257 0.27793103448172307 0.2208518617054179
decision_type=2 2 2 2 2 2 2 2 2 2 2 2 2 2 2
left_child=1 3 -2 4 -1 6 7 8 -3 -4 14 -11 -13 -14 -8
right_child=2 5 9 -5 -6 -7 10 -9 -10 11 -12 12 13 -15 -16
leaf_value=0.059001792919512644 0.041654897357286738 0.057078163345058754 -0.065195905918567387 -0.060672211430353243 -0.0015071932093673644 0.020038084732887037 0.057038847907264836 -0.054326494775239223 0.065400228528099263 -0.064273180215818501 0.058217164877044196 -0.064231879077933735 -0.06419113319232897 -0.064172928977866292 0.057030911565480846
leaf_weight=3.7331868708133698 4.8411146998405448 92.552191555500031 6.7188705503940573 8.3304866254329681 5.8988319635391235 2.1584826707839957 2070.9173582196236 2.1226356923580161 2.4967102259397498 6.893103063106536 2.1420955061912528 8.7571094930171949 3430.5078213512897 6.553995966911315 2.3778431266546241
leaf_count=29 34 853 21 25 22 13 19144 8 16 22 18 28 10984 21 22
internal_value=-0.0173957 0.0563056 -0.0640454 -0.0163705 0.0219449 0.0569059 0.0569425 0.0548584 0.0572968 -0.0641933 0.0570401 -0.0641914 -0.0641912 -0.0641911 0.0570388
internal_weight=5657 2192.73 3464.27 17.9625 9.63202 2174.77 2172.61 97.1715 95.0489 3459.43 2075.44 3452.71 3445.82 3437.06 2073.3
internal_count=31260 20150 11110 76 51 20074 20061 877 869 11076 19184 11055 11033 11005 19166
is_linear=0
shrinkage=0.05


Tree=22
num_leaves=16
num_cat=0
split_feature=26 20 42 28 7 42 17 19 30 18 42 42 42 17 42
split_gain=7312.69 36.5814 20.3531 11.4964 1.56123 1.18343 0.180791 9.7691 0.0581376 0.0022779 0.00100489 1.52375e-05 4.96395e-06 4.69869e-07 5.0361e-08
threshold=7.5000000000000009 1.5000000000000002 0.090909090908471088 1.5000000000000002 6.2986111111111116 0.23181337407442049 20.500000000000004 0.73508771929824568 1.5000000000000002 75.115776462036152 0.22586618876900857 0.099999999999250008 0.27793103448172307 35.500000000000007 0.2208518617054179
decision_type=2 2 2 2 2 2 2 2 2 2 2 2 2 2 2
left_child=1 3 -2 4 -1 6 7 8 -3 -4 14 -11 13 -13 -8
right_child=2 5 9 -5 -6 -7 10 -9 -10 11 -12 12 -14 -15 -16
leaf_value=0.031884183557621223 0.040711260227255908 0.065120439382588532 -0.064247162000461835 -0.065471841242852533 -0.007824317891435742 0.01927836716036084 0.05664859430587578 -0.050579415047767577 0.056698674881837829 -0.063384655586723057 0.057755222235616001 -0.063297755736579517 -0.063350235290522916 -0.063308815585348066 0.05664115419630749
leaf_weight=6.6258806958794612 4.7090432345867148 2.0975589007139197 6.4831586778163901 7.0227186977863303 3.951689288020134 2.1320532560348502 1983.1442980766296 2.1647540777921668 88.94153043627739 6.6464932560920706 2.053508222103118 9.6312456130981428 7.2381458580493918 3305.411978572607 2.2770441472530356
leaf_count=33 34 14 21 22 21 13 19144 8 855 22 18 32 24 10977 22
internal_value=-0.0171958 0.0559041 -0.0631642 -0.0158775 0.0170494 0.0565106 0.0565488 0.0543966 0.0568927 -0.0633108 0.0566497 -0.063309 -0.0633089 -0.0633088 0.0566486
internal_weight=5440.53 2100.41 3340.12 17.6003 10.5776 2082.81 2080.68 93.2038 91.0391 3335.41 1987.47 3328.93 3322.28 3315.04 1985.42
internal_count=31260 20150 11110 76 54 20074 20061 877 869 11076 19184 11055 11033 11009 19166
is_linear=0
shrinkage=0.05


Tree=23
num_leaves=16
num_cat=0
split_feature=26 20 42 25 19 42 17 19 30 18 42 42 42 17 42
split_gain=6878.54 35.0537 19.1419 10.804 3.23589 1.19251 0.184727 9.24384 0.0497172 0.00192117 0.000850574 1.25922e-05 4.1265e-06 3.87918e-07 4.24952e-08
threshold=7.5000000000000009 1.5000000000000002 0.090909090908471088 1.0000000180025095e-35 0.64171122994652419 0.23181337407442049 20.500000000000004 0.73508771929824568 1.5000000000000002 75.115776462036152 0.22586618876900857 0.099999999999250008 0.27793103448172307 35.500000000000007 0.2208518617054179
decision_type=2 2 2 2 2 2 2 2 2 2 2 2 2 2 2
left_child=1 3 -2 4 -1 6 7 8 -3 -4 14 -11 13 -13 -8
right_child=2 5 9 -5 -6 -7 10 -9 -10 11 -12 12 -14 -15 -16
leaf_value=0.05843929154505937 0.03978196522644134 0.064264057542137029 -0.06337002018901973 -0.058467230932894555 -0.0020734867788341584 0.018540797135651637 0.056282430767903784 -0.047207444151640132 0.056329623416865385 -0.062562600126132961 0.057322506320121307 -0.062482120990831107 -0.06253083539129127 -0.062492359649760479 0.056275445402906257
leaf_weight=3.5609040483832377 4.5813660323619834 2.0211718901991835 6.2501560151576987 7.8990757763385764 5.8200505077838898 2.1066846996545783 1898.3869467973709 2.2023956030607215 85.144045360386372 6.4032969474792472 1.9677289426326741 9.2780704498290998 6.9730605483055106 3184.2369998395443 2.1797105073928824
leaf_count=29 34 14 21 25 22 13 19144 8 855 22 18 32 24 10977 22
internal_value=-0.0170097 0.0555249 -0.0623486 -0.0153824 0.0208965 0.0561394 0.0561791 0.0539575 0.0565136 -0.0624943 0.0562835 -0.0624926 -0.0624924 -0.0624923 0.0562824
internal_weight=5229.01 2011.29 3217.72 17.28 9.38095 1994.01 1991.9 89.3676 87.1652 3213.14 1902.53 3206.89 3200.49 3193.52 1900.57
internal_count=31260 20150 11110 76 51 20074 20061 877 869 11076 19184 11055 11033 11009 19166
is_linear=0
shrinkage=0.05


Tree=24
num_leaves=16
num_cat=0
split_feature=26 20 42 28 7 42 17 42 26 18 42 42 43 42 42
split_gain=6474.56 33.56 18.022 10.3548 1.43649 1.20188 0.188566 8.89988 0.0240469 0.00162341 0.000720661 1.04299e-05 3.48704e-06 5.82056e-07 3.59028e-08
threshold=7.5000000000000009 1.5000000000000002 0.090909090908471088 1.5000000000000002 6.2986111111111116 0.23181337407442049 20.500000000000004 0.12454379561963408 3.5000000000000004 75.115776462036152 0.22586618876900857 0.099999999999250008 0.38585607940310257 0.27793103448172307 0.2208518617054179
decision_type=2 2 2 2 2 2 2 2 2 2 2 2 2 2 2
left_child=1 3 -2 4 -1 6 7 8 -3 -4 14 -11 -13 -14 -8
right_child=2 5 9 -5 -6 -7 10 -9 -10 11 -12 12 13 -15 -16
leaf_value=0.030644429717826122 0.038865699228533654 0.061612847741786436 -0.062557596510163252 -0.063944759514243568 -0.0078826147857723045 0.017825025827215103 0.055938609972583743 -0.047309392458544458 0.055983789934638352 -0.06180072943341032 0.056916811950674544 -0.061768949279838427 -0.061735570925199171 -0.061719796407532314 0.055932046311380983
leaf_weight=6.4859276562929171 4.4580656290054312 1.9424304515123356 6.0205761790275565 6.5829676091670981 3.858869306743145 2.0823488235473624 1816.6194876432419 2.1332052350044242 81.586767107248306 6.1641813516616812 1.8847650587558735 7.8305000066757193 3067.0785457193851 5.8589727580547324 2.0858120620250693
leaf_count=33 34 14 21 22 21 13 19144 7 856 22 18 28 10984 21 22
internal_value=-0.0168364 0.0551685 -0.0615926 -0.0149226 0.0162729 0.0557903 0.0558317 0.0535392 0.0561147 -0.0617374 0.0559396 -0.0617358 -0.0617356 -0.0617355 0.0559386
internal_weight=5022.67 1925.26 3097.41 16.9278 10.3448 1908.33 1906.25 85.6624 83.5292 3092.95 1820.59 3086.93 3080.77 3072.94 1818.71
internal_count=31260 20150 11110 76 54 20074 20061 877 870 11076 19184 11055 11033 11005 19166
is_linear=0
shrinkage=0.05


Tree=25
num_leaves=16
num_cat=0
split_feature=26 20 42 28 7 42 17 19 30 18 42 42 42 17 42
split_gain=6098.06 32.2038 16.9849 9.70986 1.31792 1.21148 0.191198 8.66673 0.0502662 0.00137419 0.000611161 8.66097e-06 2.95462e-06 2.73261e-07 3.03335e-08
threshold=7.5000000000000009 1.5000000000000002 0.090909090908471088 1.5000000000000002 6.2986111111111116 0.23181337407442049 20.500000000000004 0.73508771929824568 1.5000000000000002 75.115776462036152 0.22586618876900857 0.099999999999250008 0.27793103448172307 35.500000000000007 0.2208518617054179
decision_type=2 2 2 2 2 2 2 2 2 2 2 2 2 2 2
left_child=1 3 -2 4 -1 6 7 8 -3 -4 14 -11 13 -13 -8
right_child=2 5 9 -5 -6 -7 10 -9 -10 11 -12 12 -14 -15 -16
leaf_value=0.029492373524887025 0.037961346932984266 0.063863528114911042 -0.061803859526068497 -0.06310060901459312 -0.0074695850157037065 0.017130717884492469 0.05561552831328466 -0.044377256160544748 0.055657407710666552 -0.061093520259495396 0.056536143447663202 -0.061024053580972487 -0.061066817326401859 -0.061032984193865929 0.055609359839983032
leaf_weight=6.4044345691800135 4.3391074538230887 1.911894991993903 5.7950149178504935 6.3435488045215598 3.8683819025754929 2.0590163171291342 1737.8059768676758 2.2165633738040915 77.947681024670601 5.9296992421150199 1.8046095669269551 8.5905309319496137 6.45711526274681 2948.3462880849838 1.9953072369098652
leaf_count=33 34 14 21 22 21 13 19144 8 855 22 18 32 24 10977 22
internal_value=-0.0166745 0.0548314 -0.0608905 -0.0144613 0.0155738 0.0554621 0.0555053 0.053147 0.0558539 -0.0610347 0.0556165 -0.0610332 -0.061033 -0.061033 0.0556155
internal_weight=4821.82 1842.36 2979.46 16.6164 10.2728 1825.74 1823.68 82.0761 79.8596 2975.12 1741.61 2969.32 2963.39 2956.94 1739.8
internal_count=31260 20150 11110 76 54 20074 20061 877 869 11076 19184 11055 11033 11009 19166
is_linear=0
shrinkage=0.05


Tree=26
num_leaves=16
num_cat=0
split_feature=26 20 42 25 42 2 17 42 26 18 42 42 43 42 42
split_gain=5746.76 30.9239 16.0231 9.18468 1.22122 1.18248 0.195122 8.34768 0.0244972 0.00116503 0.000518735 7.20408e-06 2.48011e-06 4.32698e-07 2.56721e-08
threshold=7.5000000000000009 1.5000000000000002 0.090909090908471088 1.0000000180025095e-35 0.23181337407442049 5.3861283643892355 20.500000000000004 0.12454379561963408 3.5000000000000004 75.115776462036152 0.22586618876900857 0.099999999999250008 0.38585607940310257 0.27793103448172307 0.2208518617054179
decision_type=2 2 2 2 2 2 2 2 2 2 2 2 2 2 2
left_child=1 3 -2 5 6 -1 7 8 -3 -4 14 -11 -13 -14 -8
right_child=2 4 9 -5 -6 -7 10 -9 -10 11 -12 12 13 -15 -16
leaf_value=0.0032393175685942691 0.037067982652543602 0.061186587868797715 -0.06110347587479073 -0.055854182142283007 0.016457551532331853 0.039580208459465596 0.055311747013156658 -0.044504892621461574 0.055351761741410203 -0.060436060103120574 0.056178684980761409 -0.06040901942831748 -0.060379746802107427 -0.060365602093908156 0.055305944103386573
leaf_weight=4.962182357907297 4.2244414985179892 1.8432944938540448 5.5739655494689933 7.27026543021202 2.0366569906473151 4.0780163705348969 1661.9011995196342 2.1455799341201773 74.64272328466177 5.700304150581359 1.7272434532642353 7.2409179508686057 2835.9308224916458 5.4170872271060935 1.9081439822912205
leaf_count=25 34 14 21 25 13 26 19144 7 856 22 18 28 10984 21 22
internal_value=-0.0165233 0.0545125 -0.0602376 -0.014015 0.0551525 0.0196326 0.0551977 0.0527638 0.0554924 -0.0603813 0.0553126 -0.0603799 -0.0603798 -0.0603797 0.0553117
internal_weight=4626.6 1762.52 2864.09 16.3105 1746.2 9.0402 1744.17 78.6316 76.486 2859.86 1665.54 2854.29 2848.59 2841.35 1663.81
internal_count=31260 20150 11110 76 20074 51 20061 877 870 11076 19184 11055 11033 11005 19166
is_linear=0
shrinkage=0.05


Tree=27
num_leaves=16
num_cat=0
split_feature=26 20 42 28 42 7 17 42 18 42 18 42 42 42 43
split_gain=5418.58 29.7436 15.1299 8.86498 1.62763 1.17737 0.19804 10.2621 0.0450422 0.00270141 0.000989122 6.00701e-06 2.12579e-06 2.658e-07 2.05746e-07
threshold=7.5000000000000009 1.5000000000000002 0.090909090908471088 1.5000000000000002 0.23333333333290127 6.2986111111111116 20.500000000000004 0.14260294865172501 48.060170542541513 0.22663528726700133 75.115776462036152 0.099999999999250008 0.27793103448172307 0.22222222222150209 0.38585607940310257
decision_type=2 2 2 2 2 2 2 2 2 2 2 2 2 2 2
left_child=1 3 -2 5 6 -1 7 8 -3 13 -4 -12 14 -8 -13
right_child=2 4 10 -5 -6 -7 9 -9 -10 -11 11 12 -14 -15 -16
leaf_value=0.028220880588452898 0.036184821703255987 0.062580616003289555 -0.060451737792643095 -0.062014280375236319 0.0045150946049124637 -0.0070174105353407804 0.055025923009808499 -0.066206133436057288 0.055066651991848709 0.057048303994368769 -0.059824027765318637 -0.059762443498077591 -0.059801429299499026 0.055005871570482368 -0.059771564500618893
leaf_weight=6.2981626018881816 4.1140045076608649 2.0516960620880118 5.3578291684389105 5.941191464662551 1.6037943810224522 3.800935685634613 1589.4339431151748 1.7804885506629933 71.470409587025642 1.6528987884521473 5.4763599634170523 6.196875497698783 5.963308557868003 1.6544556990265835 2724.3717047572136
leaf_count=33 34 15 21 22 10 21 19151 5 857 16 22 25 24 20 10984
internal_value=-0.0163817 0.0542101 -0.0596296 -0.0135516 0.0548611 0.0149585 0.0549095 0.0524039 0.0552763 0.055028 -0.059773 -0.0597717 -0.0597716 0.0550259 -0.0597715
internal_weight=4437.17 1685.69 2751.48 16.0403 1669.65 10.0991 1668.04 75.3026 73.5221 1592.74 2747.37 2742.01 2736.53 1591.09 2730.57
internal_count=31260 20150 11110 76 20074 54 20064 877 872 19187 11076 11055 11033 19171 11009
is_linear=0
shrinkage=0.05


Tree=28
num_leaves=18
num_cat=0
split_feature=26 20 42 28 42 7 15 17 42 19 42 18 3 42 17 42 42
split_gain=5111.73 28.6011 20.4451 8.32837 1.61906 1.07971 0.309192 0.199182 9.64228 0.0393578 0.00229685 6.20782e-06 3.52801e-05 5.04009e-06 6.09536e-07 4.0468e-07 2.25193e-07
threshold=7.5000000000000009 1.5000000000000002 0.090499590499136709 1.5000000000000002 0.23333333333290127 6.2986111111111116 89.500000000000014 20.500000000000004 0.14260294865172501 0.2215277777777778 0.22663528726700133 99.998666522018439 4.5237912461003456 0.099999999999250008 43.500000000000007 0.27793103448172307 0.22222222222150209
decision_type=2 2 2 2 2 2 2 2 2 2 2 2 2 2 2 2 2
left_child=1 3 -2 5 7 -1 -4 8 9 -3 16 12 14 -13 -8 -15 -9
right_child=2 4 6 -5 -6 -7 11 10 -10 -11 -12 13 -14 15 -16 -17 -18
leaf_value=0.027149356816509942 0.057730689219630683 0.054816241861967652 -0.071753010631277925 -0.061312943403586541 0.0043020426940774811 -0.006652206620660555 -0.059184025223697714 0.054756836297973337 -0.062261885850728421 0.062873144987097729 0.056662543860316432 -0.059253550327180299 -0.059351276415726212 -0.059204577305584205 -0.05920473544789439 -0.059190965123864153 0.054737957712605673
leaf_weight=6.221391595900057 3.7417802885174742 68.736465461552143 4.9183591306209555 5.7144369333982459 1.5991778224706639 3.8089142963290215 4.7552240341901841 1519.1580567806959 1.7981327027082432 1.5499534830451001 1.5827188491821278 5.2581540644168845 4.8075090348720542 2598.7736136466265 14.050165742635725 5.4715320318937293 1.5812748298048962
leaf_count=33 33 861 20 22 10 21 20 19151 5 11 16 22 20 10913 59 23 20
internal_value=-0.0162492 0.0539252 -0.0590626 -0.0131345 0.0545868 0.0143135 -0.0592283 0.0546372 0.052069 0.0549939 0.0547588 -0.0592049 -0.0592304 -0.0592046 -0.0591995 -0.0592045 0.0547568
internal_weight=4253.53 1611.75 2641.78 15.7447 1596.01 10.0303 2638.03 1594.41 72.0846 70.2864 1522.32 2633.12 23.6129 2609.5 18.8054 2604.25 1520.74
internal_count=31260 20150 11110 76 20074 54 11077 20064 877 872 19187 11057 99 10958 79 10936 19171
is_linear=0
shrinkage=0.05


Tree=29
num_leaves=16
num_cat=0
split_feature=26 20 42 25 42 2 17 42 19 42 17 42 42 17 42
split_gain=4824.6 27.5217 13.2948 7.83948 1.61113 1.27767 0.20008 9.07789 0.0334836 0.00195427 0.000555143 4.20833e-06 1.53953e-06 8.58249e-07 1.9108e-07
threshold=7.5000000000000009 1.5000000000000002 0.090909090908471088 1.0000000180025095e-35 0.23333333333290127 5.3861283643892355 20.500000000000004 0.14260294865172501 0.2215277777777778 0.22663528726700133 31.000000000000004 0.099999999999250008 0.27793103448172307 35.500000000000007 0.22222222222150209
decision_type=2 2 2 2 2 2 2 2 2 2 2 2 2 2 2
left_child=1 3 -2 5 6 -1 7 8 -3 14 -4 -12 13 -13 -8
right_child=2 4 10 -5 -6 -7 9 -9 -10 -11 11 12 -14 -15 -16
leaf_value=0.0010215800187048617 0.034144552406560634 0.054559646108145912 -0.059207372715223354 -0.053546158144535394 0.0040985025113933968 0.039356044146954358 0.054503372531010265 -0.058701469291814891 0.062136053536888572 0.056300098345326559 -0.058721168741573494 -0.058656763436130167 -0.058701898955923162 -0.058675449050007683 0.054485582389452558
leaf_weight=4.8121587336063367 3.8635714277625075 65.683868303894997 4.9165375083684912 6.6798071414232245 1.5947826653718937 3.9641571715474129 1451.6180331334472 1.8114671707153309 1.4914062395691861 1.5149753987789143 5.0459057688713065 6.1603233516216269 5.4944744259119025 2509.524983137846 1.5109460055828083
leaf_count=25 34 861 21 25 10 26 19151 5 11 16 22 27 24 10982 20
internal_value=-0.0161252 0.0536552 -0.0585351 -0.0127295 0.0543279 0.0183368 0.0543804 0.0517494 0.0547279 0.0545052 -0.0586766 -0.0586756 -0.0586755 -0.0586754 0.0545034
internal_weight=4075.69 1540.68 2535.01 15.4561 1525.23 8.77632 1523.63 68.9867 67.1753 1454.64 2531.14 2526.23 2521.18 2515.69 1453.13
internal_count=31260 20150 11110 76 20074 51 20064 877 872 19187 11076 11055 11033 11009 19171
is_linear=0
shrinkage=0.05


Tree=30
num_leaves=18
num_cat=0
split_feature=26 20 42 28 42 7 16 17 42 19 42 18 3 42 7 42 42
split_gain=4555.45 26.5289 18.5451 7.63765 1.60378 0.968203 0.319151 0.20077 8.56167 0.0285086 0.00166391 3.77211e-06 2.60672e-05 3.53525e-06 1.33042e-06 2.99226e-07 1.62184e-07
threshold=7.5000000000000009 1.5000000000000002 0.090499590499136709 1.5000000000000002 0.23333333333290127 6.2986111111111116 35.500000000000007 20.500000000000004 0.14260294865172501 0.2215277777777778 0.22663528726700133 99.998666522018439 4.5237912461003456 0.099999999999250008 7.7321428571428577 0.27793103448172307 0.22222222222150209
decision_type=2 2 2 2 2 2 2 2 2 2 2 2 2 2 2 2 2
left_child=1 3 -2 5 7 -1 -4 8 9 -3 16 12 14 -13 -8 -15 -9
right_child=2 4 6 -5 -6 -7 11 10 -10 -11 -12 13 -14 15 -16 -17 -18
leaf_value=0.026015055527721605 0.057058633061562614 0.054317822458651133 -0.071470981444245241 -0.060456603452532225 0.0039040897347182289 -0.0062747433325316326 -0.05818283268434659 0.054264489822779642 -0.055464475137497672 0.061447421688272212 0.055959321171769952 -0.058223801216656337 -0.058310476513606262 -0.058181050299355656 -0.058151243146427826 -0.058168848961756725 0.05424772085170311
leaf_weight=6.1242407709360105 3.4946210607886306 62.751554541289806 4.5260321646928778 5.3419247269630423 1.5905984640121449 3.738828033208847 14.02888853847981 1386.746667034924 1.821061074733733 1.434164211153983 1.4496426880359639 4.8397749662399283 4.4260791987180701 2390.6835822761059 4.3717140704393378 5.0354539453983298 1.443398855626582
leaf_count=33 33 861 20 22 10 21 64 19151 5 11 16 22 20 10908 20 23 20
internal_value=-0.0160084 0.0533979 -0.0580404 -0.0123047 0.0540834 0.0137748 -0.0582061 0.0541383 0.0514439 0.0544771 0.0542662 -0.0581813 -0.0582015 -0.0581811 -0.0581753 -0.058181 0.0542645
internal_weight=3903.85 1472.44 2431.41 15.205 1457.24 9.86307 2427.91 1455.65 66.0068 64.1857 1389.64 2423.39 22.8267 2400.56 18.4006 2395.72 1388.19
internal_count=31260 20150 11110 76 20074 54 11077 20064 877 872 19187 11057 104 10953 84 10931 19171
is_linear=0
shrinkage=0.05


Tree=31
num_leaves=16
num_cat=0
split_feature=26 20 42 28 42 7 15 17 42 19 42 17 42 42 42
split_gain=4303.19 25.5613 17.4973 7.18603 1.59695 0.887411 0.310244 0.201296 8.08773 0.0242903 0.00141755 3.50449e-06 2.74541e-06 1.11471e-06 1.37836e-07
threshold=7.5000000000000009 1.5000000000000002 0.090499590499136709 1.5000000000000002 0.23333333333290127 6.2986111111111116 89.500000000000014 20.500000000000004 0.14260294865172501 0.2215277777777778 0.22663528726700133 35.500000000000007 0.099999999999250008 0.27793103448172307 0.22222222222150209
decision_type=2 2 2 2 2 2 2 2 2 2 2 2 2 2 2
left_child=1 3 -2 5 7 -1 -4 8 9 -3 14 -8 -13 -14 -9
right_child=2 4 6 -5 -6 -7 11 10 -10 -11 -12 12 13 -15 -16
leaf_value=0.025015536343769507 0.056670837752450298 0.05408980639339122 -0.071105446062556338 -0.059865163058124497 0.0037184422733299183 -0.0059500187780533228 -0.057752317053032548 0.054039249941983392 -0.052502873875703363 0.060803345299932955 0.055638708513676527 -0.057759031260259934 -0.05771860557268696 -0.057742117225809769 0.054023431482090462
leaf_weight=6.0523598045110685 3.3463570997118941 59.936390936374664 4.3362255841493598 5.1303229182958594 1.5866158008575428 3.7455547004938126 7.7927993386983863 1324.4733289331198 1.8274155855178822 1.3783028721809376 1.3866875544190396 4.2182138562202445 2306.1220617890358 5.052271142601966 1.3785595819354046
leaf_count=33 33 861 20 22 10 21 37 19151 5 11 16 20 10976 24 20
internal_value=-0.0158992 0.0531545 -0.0575795 -0.0119244 0.0538525 0.013178 -0.0577438 0.0539097 0.0511514 0.0542407 0.0540409 -0.0577188 -0.0577187 -0.0577187 0.0540392
internal_weight=3737.76 1406.9 2330.87 14.9282 1391.97 9.79791 2327.52 1390.38 63.1421 61.3147 1327.24 2323.19 2315.39 2311.17 1325.85
internal_count=31260 20150 11110 76 20074 54 11077 20064 877 872 19187 11057 11020 11000 19171
is_linear=0
shrinkage=0.05


Tree=32
num_leaves=17
num_cat=0
split_feature=26 20 42 28 42 7 16 17 25 19 42 42 18 3 42 42
split_gain=4066.43 24.6459 16.5164 6.76542 1.59061 0.81311 0.301181 0.201694 11.9272 0.125558 0.0012084 2.47863e-06 1.34216e-06 2.10256e-05 2.21431e-07 1.17175e-07
threshold=7.5000000000000009 1.5000000000000002 0.090499590499136709 1.5000000000000002 0.23333333333290127 6.2986111111111116 35.500000000000007 20.500000000000004 1.0000000180025095e-35 0.24844826994959021 0.22663528726700133 0.099999999999250008 99.998666522018439 4.5237912461003456 0.27793103448172307 0.22222222222150209
decision_type=2 2 2 2 2 2 2 2 2 2 2 2 2 2 2 2
left_child=1 3 -2 5 7 -1 -4 8 9 -3 15 -8 13 -13 -14 -9
right_child=2 4 6 -5 -6 -7 11 10 -10 -11 -12 12 14 -15 -16 -17
leaf_value=0.024048531022614991 0.056306656275149441 0.053880658924198147 -0.070774938613252833 -0.059311869230734553 0.0035412037174023555 -0.0056426638929638505 -0.057323221343186681 0.053826762378232786 -0.095663088013219003 0.069025830458514667 0.05533689178783651 -0.057273870745024519 -0.0572857553014742 -0.057400503863646958 -0.057274803889549725 0.053811836925078488
leaf_weight=5.9827503338456136 3.2032197490334502 57.63077786564827 4.1458627730607978 4.9244825541973105 1.5828250795602787 3.7519277483224869 4.4462581574916831 1264.7256769388914 1.3574652671813954 1.4017520993947972 1.3260702490806568 16.890863865613941 2196.1263963729143 4.0671719163656226 4.6254375427961341 1.3163522630929936
leaf_count=33 33 866 20 22 10 21 22 19151 3 8 16 84 10908 20 23 20
internal_value=-0.0157964 0.0529231 -0.0571481 -0.0115542 0.0536341 0.012605 -0.057311 0.0536938 0.0508707 0.0542403 0.0538283 -0.0572859 -0.0572859 -0.0572984 -0.0572857 0.0538267
internal_weight=3577.51 1344 2233.51 14.6592 1329.34 9.73468 2230.3 1327.76 60.39 59.0325 1267.37 2226.16 2221.71 20.958 2200.75 1266.04
internal_count=31260 20150 11110 76 20074 54 11077 20064 877 874 19187 11057 11035 104 10931 19171
is_linear=0
shrinkage=0.05


Tree=33
num_leaves=18
num_cat=0
split_feature=26 20 42 25 42 2 17 25 19 42 17 16 26 42 43 2 42
split_gain=3844.07 23.7804 10.1322 6.46617 1.58475 1.45152 0.199458 11.155 0.10666 0.00103066 0.000141146 4.98957e-06 1.27353e-05 2.09555e-06 8.13741e-07 3.64718e-07 9.95797e-08
threshold=7.5000000000000009 1.5000000000000002 0.090909090908471088 1.0000000180025095e-35 0.23333333333290127 5.3861283643892355 20.500000000000004 1.0000000180025095e-35 0.24844826994959021 0.22663528726700133 31.000000000000004 37.000000000000007 11.000000000000002 0.099999999999250008 0.38585607940310257 5.9258241758241761 0.22222222222150209
decision_type=2 2 2 2 2 2 2 2 2 2 2 2 2 2 2 2 2
left_child=1 3 -2 5 6 -1 7 8 -3 16 -4 12 -12 -13 -15 -14 -8
right_child=2 4 10 -5 -6 -7 9 -9 -10 -11 11 13 15 14 -16 -17 -18
leaf_value=-0.0019138070014988148 0.029825717508317431 0.053677322868125488 -0.057173449932891987 -0.051047491400074932 0.0033720316643106453 0.039749396932325723 0.053626222717068441 -0.091497244391404164 0.067875075444835939 0.05505259825093322 -0.056775214112166496 -0.056915235831101599 -0.056880152737070394 -0.056899495136369271 -0.056880078074163537 -0.056862308864633143 0.053612140677629178
leaf_weight=4.6102936342358571 3.3746458068490019 55.022503606975079 4.1047239899635306 5.9626692980527869 1.5792177021503437 3.8249712511897087 1207.4293716102839 1.3485141098499287 1.3554170727729786 1.2677460499107827 4.0015869736671457 4.2589604556560507 11.184986710548399 5.4097236841917029 2103.145676523447 3.8491149246692666 1.2566991895437229
leaf_count=25 34 866 21 25 10 26 19151 3 8 16 21 22 58 28 10906 20 20
internal_value=-0.0156998 0.0527035 -0.0567438 -0.0111934 0.0534284 0.0169784 0.0534907 0.0506193 0.0540187 0.0536277 -0.0568805 -0.05688 -0.0568545 -0.0568802 -0.0568801 -0.0568756 0.0536262
internal_weight=3422.99 1283.66 2139.33 14.3979 1269.26 8.43526 1267.68 57.7264 56.3779 1209.95 2135.95 2131.85 19.0357 2112.81 2108.56 15.0341 1208.69
internal_count=31260 20150 11110 76 20074 51 20064 877 874 19187 11076 11055 99 10956 10934 78 19171
is_linear=0
shrinkage=0.05


Tree=34
num_leaves=17
num_cat=0
split_feature=26 20 19 28 42 7 16 17 25 42 19 42 18 3 42 42
split_gain=3634.97 22.9861 9.65524 6.23387 1.5793 0.734245 0.314575 0.196655 10.4544 0.0931749 0.0907015 0.00087951 9.63407e-07 1.52086e-05 1.59661e-07 8.4774e-08
threshold=7.5000000000000009 1.5000000000000002 1.3452380952380956 1.5000000000000002 0.23333333333290127 6.2986111111111116 35.500000000000007 20.500000000000004 1.0000000180025095e-35 0.099999999999250008 0.24844826994959021 0.22663528726700133 99.998666522018439 4.5237912461003456 0.27793103448172307 0.22222222222150209
decision_type=2 2 2 2 2 2 2 2 2 2 2 2 2 2 2 2
left_child=1 3 6 5 7 -1 -2 8 10 -8 -3 15 13 -11 -14 -9
right_child=2 4 -4 -5 -6 -7 9 11 -10 12 -12 -13 14 -15 -16 -17
leaf_value=0.023090399885611065 -0.070883319199515724 0.053485337597795772 0.022987420676380758 -0.058682467103416174 0.0032105879159033388 -0.0053732920768614122 -0.049176849560764707 0.053436884513087549 -0.087868889828000341 -0.056489091330141329 0.066808011887513008 0.0547846754923349 -0.056499692515494707 -0.056601541745531052 -0.056489981904251363 0.053423585384281505
leaf_weight=5.8988771513104421 3.800122767686843 52.522143516689539 3.8264774605631819 4.5957224220037451 1.5757846981286991 3.6785707250237465 4.3530827760696402 1152.5090034119785 1.3343339860439289 15.490074902772905 1.3093803673982609 1.2116656154394139 2012.9725290238857 3.731050878763198 4.2418915182352057 1.1995217204093922
leaf_count=33 20 866 37 22 10 21 24 19151 3 84 8 16 10902 20 23 20
internal_value=-0.0156083 0.0524933 -0.0563624 -0.0108125 0.0532338 0.0121579 -0.0565109 0.053299 0.0503825 -0.0564842 0.0538094 0.0534383 -0.0564998 -0.0565109 -0.0564997 0.0534369
internal_weight=3274.25 1225.84 2048.42 14.1732 1211.66 9.57745 2044.59 1210.09 55.1659 2040.79 53.8315 1154.92 2036.44 19.2211 2017.21 1153.71
internal_count=31260 20150 11110 76 20074 54 11073 20064 877 11053 874 19187 11029 104 10925 19171
is_linear=0
shrinkage=0.05


Tree=35
num_leaves=16
num_cat=0
split_feature=26 20 42 28 42 7 15 17 25 19 42 19 42 17 42
split_gain=3438.22 22.2072 14.7721 5.87547 1.57424 0.672326 0.305089 0.193366 9.81458 0.0772027 0.000750884 3.43955e-05 9.17545e-06 1.72333e-06 7.22289e-08
threshold=7.5000000000000009 1.5000000000000002 0.090499590499136709 1.5000000000000002 0.23333333333290127 6.2986111111111116 89.500000000000014 20.500000000000004 1.0000000180025095e-35 0.24844826994959021 0.22663528726700133 1.3038461538461541 0.099999999999250008 35.500000000000007 0.22222222222150209
decision_type=2 2 2 2 2 2 2 2 2 2 2 2 2 2 2
left_child=1 3 -2 5 7 -1 -4 8 9 -3 14 12 -8 -14 -9
right_child=2 4 6 -5 -6 -7 11 10 -10 -11 -12 -13 13 -15 -16
leaf_value=0.022185865417451101 0.055747553268579692 0.053304006146322053 -0.070619673286819604 -0.058208011875598653 0.0030565650218086025 -0.0050969015226766737 -0.056219163060181848 0.05325805066480347 -0.084683398579612559 0.065816786706713079 0.054532046408978629 -0.05629380635301956 -0.05616896231170402 -0.056142561111548688 0.05324548463232958
leaf_weight=5.8340937122702581 2.9528457820415488 50.126271348446608 3.6462359130382529 4.4063153713941565 1.5725182890892018 3.6840027868747711 3.92569676041603 1099.8886633291841 1.3157619237899769 1.2638010382652272 1.1577763520181168 3.7782252877950659 6.2007741034030905 1940.2531272768974 1.1447404697537411
leaf_count=33 33 866 20 22 10 21 22 19151 3 8 16 21 35 10979 20
internal_value=-0.0155217 0.0522941 -0.0560015 -0.0104726 0.0530498 0.011626 -0.0561701 0.0531179 0.0501593 0.0536117 0.0532594 -0.0561431 -0.0561428 -0.0561426 0.053258
internal_weight=3131.15 1170.39 1960.76 13.9244 1156.47 9.5181 1957.8 1154.9 52.7058 51.3901 1102.19 1954.16 1950.38 1946.45 1101.03
internal_count=31260 20150 11110 76 20074 54 11077 20064 877 874 19187 11057 11036 11014 19171
is_linear=0
shrinkage=0.05


Tree=36
num_leaves=16
num_cat=0
split_feature=26 20 42 25 42 2 16 17 25 19 42 19 42 43 42
split_gain=3253.26 21.4695 13.9658 5.56754 1.56951 1.51795 0.295968 0.189669 9.22735 0.0657687 0.000641366 2.90717e-05 7.74232e-06 5.68048e-07 6.152e-08
threshold=7.5000000000000009 1.5000000000000002 0.090499590499136709 1.0000000180025095e-35 0.23333333333290127 5.3861283643892355 35.500000000000007 20.500000000000004 1.0000000180025095e-35 0.24844826994959021 0.22663528726700133 1.3038461538461541 0.099999999999250008 0.38585607940310257 0.22222222222150209
decision_type=2 2 2 2 2 2 2 2 2 2 2 2 2 2 2
left_child=1 3 -2 5 7 -1 -4 8 9 -3 14 12 -8 -14 -9
right_child=2 4 6 -5 -6 -7 11 10 -10 -11 -12 -13 13 -15 -16
leaf_value=-0.0036142673140711736 0.055439422974134914 0.053132666181876023 -0.070422560519083882 -0.049148367075357281 0.0029096345733424069 0.039604552912672411 -0.055879171938234599 0.053089070398569853 -0.081867207653476853 0.064894490915996791 0.054293731766661558 -0.055949380259477793 -0.0558252489441943 -0.055807274236151207 0.053077198008687557
leaf_weight=4.4913346245884878 2.8240499421954146 47.831457778811455 3.4705839455127707 5.4825439602136603 1.5694104582071293 3.7097788900136948 3.7563831508159629 1049.4924423210323 1.293529450893401 1.2188149839639653 1.1060227155685414 3.6155230104923239 4.4058499783277503 1857.9709929227829 1.0922760516405094
leaf_count=25 33 866 20 25 10 26 22 19151 3 8 16 21 26 10988 20
internal_value=-0.0154408 0.0521039 -0.0556673 -0.0101411 0.0528757 0.0159358 -0.0558348 0.0529468 0.0499487 0.0534249 0.0530903 -0.0558077 -0.0558075 -0.0558073 0.0530891
internal_weight=2993.33 1117.29 1876.04 13.6837 1103.6 8.20111 1873.22 1102.03 50.3438 49.0503 1051.69 1869.75 1866.13 1862.38 1050.58
internal_count=31260 20150 11110 76 20074 51 11077 20064 877 874 19187 11057 11036 11014 19171
is_linear=0
shrinkage=0.05


Tree=37
num_leaves=16
num_cat=0
split_feature=26 20 42 28 42 43 16 17 25 19 42 19 42 42 43
split_gain=3079.07 20.794 13.208 5.43183 2.7835 0.64807 0.286639 0.186159 8.686 0.0560713 0.0108735 2.46099e-05 6.54627e-06 4.14203e-06 4.81639e-07
threshold=7.5000000000000009 1.5000000000000002 0.090499590499136709 1.5000000000000002 0.23559577677184088 0.92857142851530627 35.500000000000007 20.500000000000004 1.0000000180025095e-35 0.24844826994959021 0.23105625717517325 1.3038461538461541 0.099999999999250008 0.2226164357800251 0.38585607940310257
decision_type=2 2 2 2 2 2 2 2 2 2 2 2 2 2 2
left_child=1 3 -2 5 7 -1 -4 8 9 -3 13 12 -8 -9 -14
right_child=2 4 6 -5 -6 -7 11 10 -10 -11 -12 -13 14 -15 -16
leaf_value=0.022201886315141479 0.055149263034150332 0.052970714944753763 -0.070218341711036331 -0.057707321505576684 -0.031215828507776506 -0.0045354226919848166 -0.055559657201299496 0.05292935266416933 -0.079362267961657837 0.064035050944159289 0.05782744115523264 -0.055625739770676454 -0.055508984599985503 0.053019284772044331 -0.055492061297152964
leaf_weight=5.5259315520524961 2.70009522140026 45.634281326085329 3.3106812089681616 4.1104979068040839 0.98701982200145622 3.8421094492077827 3.5932104289531699 1001.5058892071247 1.2682758271694172 1.1745369806885708 1.1343998536467541 3.4586949944496146 4.214247614145278 1.2819730229675759 1777.1414867937565
leaf_count=34 33 866 20 22 6 20 22 19156 3 8 11 21 26 24 10988
internal_value=-0.0153642 0.0519208 -0.0553532 -0.00978929 0.0527107 0.0112361 -0.0555197 0.0527894 0.0497501 0.0532483 0.052935 -0.0554925 -0.0554922 0.0529295 -0.0554921
internal_weight=2860.88 1066.46 1794.42 13.4785 1052.99 9.36804 1791.72 1052 48.0771 46.8088 1003.92 1788.41 1784.95 1002.79 1781.36
internal_count=31260 20150 11110 76 20074 54 11077 20068 877 874 19191 11057 11036 19180 11014
is_linear=0
shrinkage=0.05


Tree=38
num_leaves=16
num_cat=0
split_feature=26 20 42 28 42 7 16 17 25 19 42 19 42 42 43
split_gain=2914.95 20.1542 12.4952 5.12367 2.68517 0.652944 0.277013 0.181801 8.1851 0.0478373 0.00928163 2.08495e-05 5.54073e-06 3.5418e-06 4.08629e-07
threshold=7.5000000000000009 1.5000000000000002 0.090499590499136709 1.5000000000000002 0.23559577677184088 6.2986111111111116 35.500000000000007 20.500000000000004 1.0000000180025095e-35 0.24844826994959021 0.23105625717517325 1.3038461538461541 0.099999999999250008 0.2226164357800251 0.38585607940310257
decision_type=2 2 2 2 2 2 2 2 2 2 2 2 2 2 2
left_child=1 3 -2 5 7 -1 -4 8 9 -3 13 12 -8 -9 -14
right_child=2 4 6 -5 -6 -7 11 10 -10 -11 -12 -13 14 -15 -16
leaf_value=0.02115786868504449 0.054875873419921797 0.052817587444217086 -0.070018303531299744 -0.057295644714480135 -0.029049357128758026 -0.0060240807375617133 -0.055259192327378803 0.052778336578157926 -0.077122076730023997 0.06323308233728743 0.057401602359317141 -0.055321418353638421 -0.055211538925324571 0.052863480676859864 -0.055195598178266164
leaf_weight=5.7489918097853643 2.5808818787336341 43.531341560184956 3.1579889357089987 3.9374087750911704 1.0070613026618946 3.5882363691926003 3.4360818266868582 955.31890676170588 1.2405600249767292 1.1310634464025486 1.0868768543004979 3.307652384042739 4.0297659933567038 1.2229537330567826 1699.3191100358963
leaf_count=33 33 866 20 22 6 21 22 19156 3 8 11 21 26 24 10988
internal_value=-0.0152918 0.0517457 -0.0550577 -0.00945983 0.0525545 0.010712 -0.0552233 0.0526364 0.0495625 0.0530814 0.0527837 -0.055196 -0.0551958 0.0527784 -0.0551956
internal_weight=2733.64 1017.81 1715.83 13.2746 1004.54 9.33723 1713.25 1003.53 45.903 44.6624 957.629 1710.09 1706.78 956.542 1703.35
internal_count=31260 20150 11110 76 20074 54 11077 20068 877 874 19191 11057 11036 19180 11014
is_linear=0
shrinkage=0.05


Tree=39
num_leaves=16
num_cat=0
split_feature=26 20 42 25 42 2 16 17 25 19 42 19 42 42 43
split_gain=2760.26 19.5222 11.8243 4.90076 2.59519 1.4732 0.267053 0.177224 7.72018 0.0408385 0.00792654 1.7679e-05 4.69267e-06 3.02942e-06 3.46702e-07
threshold=7.5000000000000009 1.5000000000000002 0.090499590499136709 1.0000000180025095e-35 0.23559577677184088 5.3861283643892355 35.500000000000007 20.500000000000004 1.0000000180025095e-35 0.24844826994959021 0.23105625717517325 1.3038461538461541 0.099999999999250008 0.2226164357800251 0.38585607940310257
decision_type=2 2 2 2 2 2 2 2 2 2 2 2 2 2 2
left_child=1 3 -2 5 7 -1 -4 8 9 -3 13 12 -8 -9 -14
right_child=2 4 6 -5 -6 -7 11 10 -10 -11 -12 -13 14 -15 -16
leaf_value=-0.004004752037753744 0.054618152265468914 0.052672754305088602 -0.069817932523497758 -0.047650276504598181 -0.027079183800090518 0.03918994600129707 -0.054976455349538926 0.052635506382076508 -0.075108990711017273 0.062483801111244644 0.057001221799767424 -0.055035090583205243 -0.054931616004264133 0.052716135033234579 -0.054916598285208153
leaf_weight=4.4335964471101743 2.466301977634429 41.519275713711977 3.0123777389526358 5.0617756098508835 1.0258119702339161 3.558190256357193 3.2848861813545218 911.13105003908277 1.2108703851699818 1.0884745642542828 1.0409471690654744 3.1622910648584357 3.8522709459066382 1.1664789430797089 1624.4467209130526
leaf_count=25 33 866 20 25 6 26 22 19156 3 8 11 21 26 24 10988
internal_value=-0.0152235 0.051579 -0.0547796 -0.00915499 0.0524064 0.0152269 -0.0549444 0.0524916 0.0493854 0.0529234 0.0526406 -0.054917 -0.0549168 0.0526356 -0.0549166
internal_weight=2611.46 971.236 1640.22 13.0536 958.183 7.99179 1637.76 957.157 43.8186 42.6078 913.338 1634.75 1631.58 912.298 1628.3
internal_count=31260 20150 11110 76 20074 51 11077 20068 877 874 19191 11057 11036 19180 11014
is_linear=0
shrinkage=0.05


Tree=40
num_leaves=16
num_cat=0
split_feature=26 20 42 28 42 43 16 17 25 19 42 19 42 42 43
split_gain=2614.35 18.9441 11.1926 4.74973 2.5126 0.632818 0.256743 0.172477 7.28748 0.034884 0.00677227 1.50027e-05 3.9783e-06 2.59235e-06 2.94665e-07
threshold=7.5000000000000009 1.5000000000000002 0.090499590499136709 1.5000000000000002 0.23559577677184088 0.92857142851530627 35.500000000000007 20.500000000000004 1.0000000180025095e-35 0.24844826994959021 0.23105625717517325 1.3038461538461541 0.099999999999250008 0.2226164357800251 0.38585607940310257
decision_type=2 2 2 2 2 2 2 2 2 2 2 2 2 2 2
left_child=1 3 -2 5 7 -1 -4 8 9 -3 13 12 -8 -9 -14
right_child=2 4 6 -5 -6 -7 11 10 -10 -11 -12 -13 14 -15 -16
leaf_value=0.02142407857048452 0.054375074879599833 0.052535730936268468 -0.069613105115331253 -0.056896685840381517 -0.025281019228727761 -0.0051980635251610095 -0.054710252724703728 0.052500371222721047 -0.07329216555283756 0.0617829340487163 0.056624532175231036 -0.054765529525044147 -0.05466804017814933 0.05257674656350364 -0.054653878008733517
leaf_weight=5.3760251179337484 2.3562412932515135 39.594762340188026 2.8736836016178122 3.6726382970809928 1.0433665066957463 3.8171215057373047 3.1394992470741263 868.86917316913605 1.1796332895755757 1.0468360185623158 0.99659975618123908 3.0224955379962912 3.6816138178110114 1.112456440925597 1552.4614404737949
leaf_count=34 33 866 20 22 6 20 22 19156 3 8 11 21 26 24 10988
internal_value=-0.0151586 0.0514177 -0.0545178 -0.00883166 0.0522659 0.0103702 -0.0546817 0.0523546 0.049218 0.0527739 0.0525052 -0.0546542 -0.054654 0.0525005 -0.0546539
internal_weight=2494.24 926.709 1567.53 12.8658 913.843 9.19315 1565.18 912.799 41.8212 40.6416 870.978 1562.31 1559.28 869.982 1556.14
internal_count=31260 20150 11110 76 20074 54 11077 20068 877 874 19191 11057 11036 19180 11014
is_linear=0
shrinkage=0.05


Tree=41
num_leaves=16
num_cat=0
split_feature=26 20 42 28 42 16 16 17 25 19 42 19 42 42 43
split_gain=2476.68 18.3982 10.5974 4.4835 2.43657 0.638009 0.246086 0.167603 6.88385 0.0298136 0.00578848 1.27428e-05 3.3753e-06 2.21887e-06 2.50771e-07
threshold=7.5000000000000009 1.5000000000000002 0.090499590499136709 1.5000000000000002 0.23559577677184088 17.000000000000004 35.500000000000007 20.500000000000004 1.0000000180025095e-35 0.24844826994959021 0.23105625717517325 1.3038461538461541 0.099999999999250008 0.2226164357800251 0.38585607940310257
decision_type=2 2 2 2 2 2 2 2 2 2 2 2 2 2 2
left_child=1 3 -2 5 7 -1 -4 8 9 -3 13 12 -8 -9 -14
right_child=2 4 6 -5 -6 -7 11 10 -10 -11 -12 -13 14 -15 -16
leaf_value=0.020260675764483572 0.054145703326925899 0.052406059977560843 -0.069400110245334296 -0.056535583593715522 -0.023634492888654074 -0.0068845160819539066 -0.054459471340954926 0.052372488721219461 -0.071646095188544326 0.06112665206520837 0.056269927469665817 -0.054511614489574638 -0.054419714850170123 0.052444848547630776 -0.054406348979954049
leaf_weight=5.6619584783911687 2.250580519437789 37.754543822258711 2.741713434457778 3.5152702927589408 1.0598116070032109 3.5043685287237167 2.9997879266738883 828.46105831861496 1.1472200453281391 1.0062007680535305 0.95381784439086814 2.8881400227546683 3.5176355838775626 1.060795422643422 1483.2956464886665
leaf_count=32 33 866 20 22 6 22 22 19156 3 8 11 21 26 24 10988
internal_value=-0.0150972 0.0512626 -0.054271 -0.008528 0.0521327 0.00988283 -0.0544342 0.052225 0.0490598 0.0526324 0.0523771 -0.0544067 -0.0544065 0.0523726 -0.0544064
internal_weight=2381.82 884.125 1497.69 12.6816 871.443 9.16633 1495.44 870.384 39.908 38.7607 830.476 1492.7 1489.81 829.522 1486.81
internal_count=31260 20150 11110 76 20074 54 11077 20068 877 874 19191 11057 11036 19180 11014
is_linear=0
shrinkage=0.05


Tree=42
num_leaves=16
num_cat=0
split_feature=26 20 42 25 42 2 16 17 25 19 42 19 42 42 43
split_gain=2346.74 17.8549 10.0363 4.3241 2.36643 1.4297 0.235105 0.16264 6.50658 0.0254926 0.00494951 1.08301e-05 2.86639e-06 1.89999e-06 2.13299e-07
threshold=7.5000000000000009 1.5000000000000002 0.090499590499136709 1.0000000180025095e-35 0.23559577677184088 5.3861283643892355 35.500000000000007 20.500000000000004 1.0000000180025095e-35 0.24844826994959021 0.23105625717517325 1.3038461538461541 0.099999999999250008 0.2226164357800251 0.38585607940310257
decision_type=2 2 2 2 2 2 2 2 2 2 2 2 2 2 2
left_child=1 3 -2 5 7 -1 -4 8 9 -3 13 12 -8 -9 -14
right_child=2 4 6 -5 -6 -7 11 10 -10 -11 -12 -13 14 -15 -16
leaf_value=-0.0043300272896072498 0.053929173964457615 0.052283306797015996 -0.069175696870115974 -0.046208461806955321 -0.0221224044877548 0.038832605371467502 -0.054223105853929893 0.052251430731103291 -0.070149487566139021 0.060511517041989128 0.055935911096762991 -0.054272306707983636 -0.05418563119859298 0.052320004907007549 -0.054173018799275843
leaf_weight=4.3810945376753789 2.1491966657340518 35.995421029627323 2.6162492856383315 4.685318648815155 1.0752266645431507 3.413232110440731 2.8656105995178214 789.83620005100965 1.1139539480209339 0.96661049127578635 0.91258025914430518 2.7590911239385596 3.360167756676673 1.0114067904651154 1416.8777918666601
leaf_count=25 33 866 20 25 6 26 22 19156 3 8 11 21 26 24 10988
internal_value=-0.0150391 0.0511146 -0.0540384 -0.00824758 0.0520062 0.0145714 -0.0542008 0.0521023 0.0489103 0.0524985 0.0522558 -0.0541733 -0.0541731 0.0522515 -0.054173
internal_weight=2274.02 843.391 1430.63 12.4796 830.911 7.79433 1428.48 829.836 38.076 36.962 791.76 1425.86 1423.1 790.848 1420.24
internal_count=31260 20150 11110 76 20074 51 11077 20068 877 874 19191 11057 11036 19180 11014
is_linear=0
shrinkage=0.05


Tree=43
num_leaves=16
num_cat=0
split_feature=26 20 42 28 42 43 16 17 25 19 42 19 42 42 43
split_gain=2224.02 17.3576 9.50718 4.16666 2.30158 0.617186 0.22384 0.157624 6.15333 0.0218076 0.00423367 9.21097e-06 2.43615e-06 1.62728e-06 1.81523e-07
threshold=7.5000000000000009 1.5000000000000002 0.090499590499136709 1.5000000000000002 0.23559577677184088 0.92857142851530627 35.500000000000007 20.500000000000004 1.0000000180025095e-35 0.24844826994959021 0.23105625717517325 1.3038461538461541 0.099999999999250008 0.2226164357800251 0.38585607940310257
decision_type=2 2 2 2 2 2 2 2 2 2 2 2 2 2 2
left_child=1 3 -2 5 7 -1 -4 8 9 -3 13 12 -8 -9 -14
right_child=2 4 6 -5 -6 -7 11 10 -10 -11 -12 -13 14 -15 -16
leaf_value=0.020718106060597003 0.053724680908342475 0.05216708143898411 -0.068937117030861486 -0.056218177372742067 -0.02073010330272328 -0.0057653549425316806 -0.054000218909593167 0.052136811274155904 -0.068784448526006417 0.059934418302775877 0.055621128450232885 -0.054046662688890329 -0.053964875506931756 0.052201808479707762 -0.053952969600814749
leaf_weight=5.2324384152889234 2.0519639141857615 34.314262833446264 2.4970527142286292 3.2797290682792655 1.0896846801042546 3.7958285808563232 2.736819699406623 752.92544899880886 1.0801154673099507 0.92809700965881248 0.87286163121461768 2.6352088749408713 3.2090348154306403 0.96420328691601653 1353.1338600367308
leaf_count=34 33 866 20 22 6 20 22 19156 3 8 11 21 26 24 10988
internal_value=-0.0149837 0.0509706 -0.0538189 -0.0079508 0.0518861 0.00958345 -0.0539807 0.0519861 0.0487688 0.0523716 0.0521409 -0.0539533 -0.0539531 0.0521369 -0.053953
internal_weight=2170.75 804.483 1366.26 12.308 792.175 9.02827 1364.21 791.085 36.3225 35.2424 754.763 1361.71 1359.08 753.89 1356.34
internal_count=31260 20150 11110 76 20074 54 11077 20068 877 874 19191 11057 11036 19180 11014
is_linear=0
shrinkage=0.05


Tree=44
num_leaves=16
num_cat=0
split_feature=26 20 42 25 42 2 16 17 25 19 42 42 19 42 43
split_gain=2108.07 16.8903 9.00789 3.95828 3.46497 1.30686 0.212347 0.153018 5.82207 0.0186629 0.0171918 0.000164729 7.83845e-06 2.07105e-06 1.54767e-07
threshold=7.5000000000000009 1.5000000000000002 0.090499590499136709 1.0000000180025095e-35 0.24048192771031504 5.3861283643892355 35.500000000000007 20.500000000000004 1.0000000180025095e-35 0.24844826994959021 0.23333333333290127 0.22663528726700133 1.3038461538461541 0.099999999999250008 0.38585607940310257
decision_type=2 2 2 2 2 2 2 2 2 2 2 2 2 2 2
left_child=1 3 -2 5 7 -1 -4 8 9 -3 11 -9 13 -8 -15
right_child=2 4 6 -5 -6 -7 12 10 -10 -11 -12 -13 -14 14 -16
leaf_value=-0.0037805983040885699 0.053531478705323515 0.052057004844287873 -0.068682145159423696 -0.045121002425517781 -0.053596459983033251 0.037896039192175227 -0.053789931571049027 0.052028244989736884 -0.067535807113306298 0.059392548261353588 0.059540390059233686 0.052766693917913055 -0.053833797274363174 -0.053756599052982468 -0.053745348459334874
leaf_weight=4.3865246921777707 1.9587549455463875 32.708013083785772 2.3838695362210265 4.4626331403851509 0.77941791713237663 3.2930825874209404 2.6132634282112113 718.22042536735535 1.0459473431110371 0.89068336039781471 0.76257604360580344 0.75600568205118079 2.5163492932915679 3.0640563070774069 1291.987311065197
leaf_count=25 33 866 20 25 4 26 22 19171 3 8 6 16 21 26 10988
internal_value=-0.0149312 0.0508312 -0.0536119 -0.00767135 0.0517719 0.0140907 -0.053773 0.0518807 0.048635 0.0522515 0.052037 0.052029 -0.0537456 -0.0537455 -0.0537454
internal_weight=2071.83 767.305 1304.52 12.1422 755.163 7.67961 1302.56 754.384 34.6446 33.5987 719.739 718.976 1300.18 1297.66 1295.05
internal_count=31260 20150 11110 76 20074 51 11077 20070 877 874 19193 19187 11057 11036 11014
is_linear=0
shrinkage=0.05


Tree=45
num_leaves=16
num_cat=0
split_feature=26 20 42 25 42 2 16 17 25 19 42 42 19 42 43
split_gain=1998.51 16.4396 8.53658 3.66102 3.28316 1.20747 0.20069 0.147938 5.51102 0.0159778 0.0146354 0.000141109 6.67512e-06 1.7627e-06 1.31977e-07
threshold=7.5000000000000009 1.5000000000000002 0.090499590499136709 1.0000000180025095e-35 0.24048192771031504 5.3861283643892355 35.500000000000007 20.500000000000004 1.0000000180025095e-35 0.24844826994959021 0.23333333333290127 0.22663528726700133 1.3038461538461541 0.099999999999250008 0.38585607940310257
decision_type=2 2 2 2 2 2 2 2 2 2 2 2 2 2 2
left_child=1 3 -2 5 7 -1 -4 8 9 -3 11 -9 13 -8 -15
right_child=2 4 6 -5 -6 -7 12 10 -10 -11 -12 -13 -14 14 -16
leaf_value=-0.0035849337480254417 0.053348878525896586 0.05195273679438054 -0.068409109613820671 -0.043990488158591856 -0.049304145404347695 0.036665302101574253 -0.053591460125958626 0.051925424617993481 -0.066390617976823066 0.058883367748990348 0.059000608790197466 0.052625270441480215 -0.053632900008909259 -0.053559997532918138 -0.053549364246097013
leaf_weight=4.3944373875856382 1.8694415055215348 31.173690896481276 2.2764332145452491 4.3513118773698807 0.80423445999622245 3.2349465638399124 2.4947864115238181 684.51111520826817 1.0116589665412892 0.85438476502895255 0.73185265064239402 0.72101859375834365 2.4023647382855406 2.92504858970642 1233.3604502677917
leaf_count=25 33 866 20 25 4 26 22 19171 3 8 6 16 21 26 10988
internal_value=-0.0148811 0.0506965 -0.0534163 -0.00739188 0.0516634 0.0134816 -0.0535768 0.0517763 0.0485083 0.0521376 0.0519337 0.0519262 -0.0535496 -0.0535495 -0.0535494
internal_weight=1977.12 731.789 1245.33 11.9807 719.808 7.62938 1243.46 719.004 33.0397 32.0281 685.964 685.232 1241.18 1238.78 1236.29
internal_count=31260 20150 11110 76 20074 51 11077 20070 877 874 19193 19187 11057 11036 11014
is_linear=0
shrinkage=0.05


Tree=46
num_leaves=16
num_cat=0
split_feature=26 20 42 25 42 2 16 17 25 19 42 42 19 42 43
split_gain=1894.93 16.0119 8.0915 3.38528 3.12113 1.11474 0.188947 0.142884 5.2186 0.0136837 0.0124672 0.000120909 5.68768e-06 1.50086e-06 1.12625e-07
threshold=7.5000000000000009 1.5000000000000002 0.090499590499136709 1.0000000180025095e-35 0.24048192771031504 5.3861283643892355 35.500000000000007 20.500000000000004 1.0000000180025095e-35 0.24844826994959021 0.23333333333290127 0.22663528726700133 1.3038461538461541 0.099999999999250008 0.38585607940310257
decision_type=2 2 2 2 2 2 2 2 2 2 2 2 2 2 2
left_child=1 3 -2 5 7 -1 -4 8 9 -3 11 -9 13 -8 -15
right_child=2 4 6 -5 -6 -7 12 10 -10 -11 -12 -13 -14 14 -16
leaf_value=-0.0033997313458241016 0.053176239315029183 0.051853938431199877 -0.068116894168102876 -0.042876792334167406 -0.045512229993245779 0.035453214769676229 -0.053404054696877638 0.051827994642795527 -0.065337769697801251 0.058404543249088996 0.058495416449753257 0.052491390755553161 -0.053443221230368765 -0.053374350019280516 -0.053364295591825928
leaf_weight=4.4019392654299718 1.783895082771777 29.708403374999769 2.1744696050882331 4.243878073990345 0.82705998420715232 3.1796994507312775 2.3812314271926871 652.32020863518119 0.97743049263954063 0.81920997053384681 0.70201954245567222 0.68755919858813186 2.2931055501103392 2.7918253913521758 1177.1746031194925
leaf_count=25 33 866 20 25 4 26 22 19171 3 8 6 16 21 26 10988
internal_value=-0.0148335 0.0505658 -0.0532316 -0.00712009 0.0515602 0.012895 -0.0533916 0.0516773 0.0483884 0.0520297 0.0518359 0.0518287 -0.0533646 -0.0533644 -0.0533643
internal_weight=1886.47 697.867 1188.6 11.8255 686.042 7.58164 1186.82 685.215 31.505 30.5276 653.71 653.008 1184.64 1182.35 1179.97
internal_count=31260 20150 11110 76 20074 51 11077 20070 877 874 19193 19187 11057 11036 11014
is_linear=0
shrinkage=0.05


Tree=47
num_leaves=16
num_cat=0
split_feature=26 20 42 25 42 2 16 17 25 19 42 42 19 42 43
split_gain=1796.97 15.6059 7.67104 3.12953 2.97578 1.02831 0.177197 0.137875 4.94342 0.0117228 0.0106264 0.000103625 4.84849e-06 1.2785e-06 9.59812e-08
threshold=7.5000000000000009 1.5000000000000002 0.090499590499136709 1.0000000180025095e-35 0.24048192771031504 5.3861283643892355 35.500000000000007 20.500000000000004 1.0000000180025095e-35 0.24844826994959021 0.23333333333290127 0.22663528726700133 1.3038461538461541 0.099999999999250008 0.38585607940310257
decision_type=2 2 2 2 2 2 2 2 2 2 2 2 2 2 2
left_child=1 3 -2 5 7 -1 -4 8 9 -3 11 -9 13 -8 -15
right_child=2 4 6 -5 -6 -7 12 10 -10 -11 -12 -13 -14 14 -16
leaf_value=-0.0032243960154791115 0.05301296700251739 0.051760314410153753 -0.067804927631442122 -0.04177938595084895 -0.042136972590083158 0.034260572332094431 -0.053227033551898631 0.051735669383354645 -0.064367672249376298 0.057953970633461263 0.058022146750849372 0.052364626913072365 -0.0532640628188943 -0.053198971046864087 -0.053189469497074419
leaf_weight=4.4090526551008207 1.7019876167178143 28.309333615005023 2.0777001976966849 4.1402464658021927 0.8480759859085073 3.1272298507392406 2.2724401652812949 621.58557268977165 0.94341561198234458 0.78516150265931983 0.67309033870696922 0.65556982159614463 2.1884208694100371 2.6641998812556258 1123.3506046161056
leaf_count=25 33 866 20 25 4 26 22 19171 3 8 6 16 21 26 10988
internal_value=-0.014788 0.0504388 -0.0530571 -0.00685587 0.051462 0.0123302 -0.0532165 0.0515836 0.0482749 0.0519275 0.0517431 0.0517363 -0.0531897 -0.0531896 -0.0531895
internal_weight=1799.73 665.477 1134.26 11.6765 653.8 7.53628 1132.55 652.952 30.0379 29.0945 622.914 622.241 1130.48 1128.29 1126.01
internal_count=31260 20150 11110 76 20074 51 11077 20070 877 874 19193 19187 11057 11036 11014
is_linear=0
shrinkage=0.05


Tree=48
num_leaves=16
num_cat=0
split_feature=26 20 42 25 42 2 16 17 25 19 42 42 19 42 43
split_gain=1704.31 15.2205 7.27369 2.89232 2.84462 0.947812 0.165525 0.132928 4.68421 0.0100459 0.00906252 8.88311e-05 4.13542e-06 1.08971e-06 8.19871e-08
threshold=7.5000000000000009 1.5000000000000002 0.090499590499136709 1.0000000180025095e-35 0.24048192771031504 5.3861283643892355 35.500000000000007 20.500000000000004 1.0000000180025095e-35 0.24844826994959021 0.23333333333290127 0.22663528726700133 1.3038461538461541 0.099999999999250008 0.38585607940310257
decision_type=2 2 2 2 2 2 2 2 2 2 2 2 2 2 2
left_child=1 3 -2 5 7 -1 -4 8 9 -3 11 -9 13 -8 -15
right_child=2 4 6 -5 -6 -7 12 10 -10 -11 -12 -13 -14 14 -16
leaf_value=-0.0030583752795517037 0.052858504171923004 0.051671568838952492 -0.067473174177984874 -0.040697816352715049 -0.039112755929496396 0.033088202633161236 -0.053059759359363738 0.051648156596137688 -0.063471990589003019 0.057529713052261983 0.057578397272909344 0.052244564919996996 -0.053094780547709032 -0.053033246256564776 -0.053024256039396249
leaf_weight=4.4157980233430845 1.6235921978950489 26.973753385245807 1.985845923423766 4.0403310433030128 0.86744500696658988 3.0774242505431175 2.1682544052600852 592.24707374721766 0.90974539518356223 0.75223700702190299 0.64507260918617149 0.62499418295919795 2.0881596729159346 2.541984647512435 1071.8094533383846
leaf_count=25 33 866 20 25 4 26 22 19171 3 8 6 16 21 26 10988
internal_value=-0.0147447 0.0503149 -0.0528921 -0.00659913 0.0513685 0.0117868 -0.053051 0.0514947 0.0481674 0.0518305 0.0516552 0.0516488 -0.0530245 -0.0530243 -0.0530243
internal_weight=1716.77 634.554 1082.22 11.5336 623.02 7.49322 1080.59 622.153 28.6357 27.726 593.517 592.872 1078.61 1076.52 1074.35
internal_count=31260 20150 11110 76 20074 51 11077 20070 877 874 19193 19187 11057 11036 11014
is_linear=0
shrinkage=0.05


Tree=49
num_leaves=16
num_cat=0
split_feature=26 20 42 42 25 2 16 17 25 19 42 42 19 42 43
split_gain=1616.63 14.8544 6.89806 2.72569 2.67235 0.872929 0.154014 0.128056 4.43984 0.00861124 0.00773281 7.61664e-05 3.52915e-06 9.29299e-07 7.006e-08
threshold=7.5000000000000009 1.5000000000000002 0.090499590499136709 0.24048192771031504 1.0000000180025095e-35 5.3861283643892355 35.500000000000007 20.500000000000004 1.0000000180025095e-35 0.24844826994959021 0.23333333333290127 0.22663528726700133 1.3038461538461541 0.099999999999250008 0.38585607940310257
decision_type=2 2 2 2 2 2 2 2 2 2 2 2 2 2 2
left_child=1 4 -2 7 5 -1 -4 8 9 -3 11 -9 13 -8 -15
right_child=2 3 6 -5 -6 -7 12 10 -10 -11 -12 -13 -14 14 -16
leaf_value=-0.0029011388141442717 0.05271233238720692 0.051587433980752162 -0.067122082714621459 -0.036387437745032274 -0.039631693904405546 0.03193694316922157 -0.052901640786201742 0.051565189511655479 -0.062643472048565532 0.057129996893926185 0.057161980231864133 0.052130827907348312 -0.052934774711752577 -0.052876582172541126 -0.052868073463190203
leaf_weight=4.4221950545907003 1.5485831610858429 25.699017051607377 1.8986302837729443 0.88531266152858634 3.9440445080399513 3.0301684886217117 2.0685161650180808 564.24636389687657 0.87653034925460716 0.72042955458164115 0.61796879768371482 0.59577718563377757 1.9921712428331364 2.4249936938285819 1022.4724749773741
leaf_count=25 33 866 20 4 25 26 22 19171 3 8 6 16 21 26 10988
internal_value=-0.0147033 0.050194 -0.0527361 0.0512795 -0.00634974 0.0112642 -0.0528945 0.0514104 0.0480655 0.0517386 0.0515719 0.0515658 -0.0528683 -0.0528682 -0.0528681
internal_weight=1637.44 605.038 1032.41 593.641 11.3964 7.45236 1030.86 592.756 27.296 26.4194 565.46 564.842 1028.96 1026.97 1024.9
internal_count=31260 20150 11110 20074 76 51 11077 20070 877 874 19193 19187 11057 11036 11014
is_linear=0
shrinkage=0.05


Tree=50
num_leaves=16
num_cat=0
split_feature=26 20 42 42 25 19 16 17 25 19 42 42 19 42 43
split_gain=1533.65 14.5066 6.54284 2.61738 2.46838 0.825324 0.142744 0.123271 4.20931 0.00738334 0.00660141 6.53197e-05 3.01259e-06 7.92674e-07 5.98479e-08
threshold=7.5000000000000009 1.5000000000000002 0.090499590499136709 0.24048192771031504 1.0000000180025095e-35 0.97222222222222232 35.500000000000007 20.500000000000004 1.0000000180025095e-35 0.24844826994959021 0.23333333333290127 0.22663528726700133 1.3038461538461541 0.099999999999250008 0.38585607940310257
decision_type=2 2 2 2 2 2 2 2 2 2 2 2 2 2 2
left_child=1 4 -2 7 5 -1 -4 8 9 -3 11 -9 13 -8 -15
right_child=2 3 6 -5 -6 -7 12 10 -10 -11 -12 -13 -14 14 -16
leaf_value=0.030273360994866761 0.052573965717234855 0.051507664014047619 -0.066752554960131064 -0.033919026858307541 -0.038580687243402099 -0.003502232043477336 -0.052752125806631994 0.051486526609831711 -0.061875741051153413 0.056753204206625524 0.056770914933488806 0.052023062374214737 -0.052783481715568008 -0.052728435295705173 -0.052720383048117228
leaf_weight=3.1309055387973768 1.4768367633223523 24.482565032318242 1.8157822117209423 0.90181007981300254 3.8512990549206734 4.2827052474021912 1.9730693697929371 537.52709477581084 0.84386327862739463 0.68972836434841056 0.59177675843238731 0.56786510907113452 1.9003062844276417 2.3130426108837119 975.26173173636198
leaf_count=31 33 866 20 4 25 20 22 19171 3 8 6 16 21 26 10988
internal_value=-0.0146637 0.0500756 -0.0525885 0.0511946 -0.00610762 0.0107618 -0.0527465 0.0513306 0.047969 0.0516514 0.0514929 0.0514871 -0.0527206 -0.0527205 -0.0527204
internal_weight=1561.61 576.87 984.741 565.605 11.2649 7.41361 983.264 564.703 26.0162 25.1723 538.687 538.095 981.448 979.548 977.575
internal_count=31260 20150 11110 20074 76 51 11077 20070 877 874 19193 19187 11057 11036 11014
is_linear=0
shrinkage=0.05


Tree=51
num_leaves=18
num_cat=0
split_feature=26 20 42 42 25 2 26 17 25 42 19 42 16 40 19 42 2
split_gain=1455.08 14.1695 6.20682 5.02924 2.27952 0.764908 0.136631 0.119374 3.99168 0.0383926 0.00633201 0.00114706 5.23098e-06 1.05726e-05 1.95694e-06 6.78669e-07 1.5099e-13
threshold=7.5000000000000009 1.5000000000000002 0.090499590499136709 0.24333193687990043 1.0000000180025095e-35 5.3861283643892355 9.5000000000000018 20.500000000000004 1.0000000180025095e-35 0.23559577677184088 0.24844826994959021 0.23105625717517325 37.000000000000007 0.9166666666097224 1.2792207792207795 0.099999999999250008 5.5219047619047625
decision_type=2 2 2 2 2 2 2 2 2 2 2 2 2 2 2 2 2
left_child=1 4 -2 7 5 -1 -4 8 10 11 -3 -9 13 16 15 -14 -8
right_child=2 3 6 -5 -6 -7 12 9 -10 -11 -12 -13 14 -15 -16 -17 -18
leaf_value=-0.0028942554076231558 0.052442963066355722 0.051432013809997013 -0.066655104580748109 -0.10196277999912268 -0.037544528182901014 0.029969627408013306 -0.052580700142512642 0.051411984150504068 -0.061163191012399143 0.063772776011731327 0.056397827173830552 0.053593441676746123 -0.052610708358282979 -0.05245844114017393 -0.052625871616691834 -0.052580650438576654 -0.052580717986449414
leaf_weight=4.4137777388095838 1.4082311913371075 23.321926774457104 1.7274903878569592 0.53603503108024497 3.7620065361261368 2.9565818421542645 3.5552062839269629 512.29094694927335 0.81182107329368491 0.62922796607017417 0.66011938825249572 0.60331664234399696 1.881759151816367 2.6451770290732384 2.4051126539707175 923.74499224126339 1.7776142358779905
leaf_count=25 33 866 18 2 25 26 42 19180 3 4 8 11 22 33 28 10913 21
internal_value=-0.0146258 0.0499601 -0.0524489 0.0511137 -0.00587563 0.0102889 -0.0526064 0.0512661 0.0478775 0.0514297 0.0515687 0.0514146 -0.0525805 -0.0525402 -0.0525808 -0.0525807 -0.0525807
internal_weight=1489.13 549.986 939.146 538.853 11.1324 7.37036 937.737 538.317 24.7939 513.523 23.982 512.894 936.01 7.978 928.032 925.627 5.33282
internal_count=31260 20150 11110 20074 76 51 11077 20072 877 19195 874 19191 11059 96 10963 10935 63
is_linear=0
shrinkage=0.05


Tree=52
num_leaves=17
num_cat=0
split_feature=26 20 42 42 17 26 17 25 42 19 42 16 40 19 42 2
split_gain=1380.69 13.8555 5.88887 4.62116 2.14864 0.125304 0.114719 3.78611 0.032616 0.00543158 0.000983407 4.45985e-06 9.01296e-06 1.67203e-06 5.7966e-07 1.30562e-13
threshold=7.5000000000000009 1.5000000000000002 0.090499590499136709 0.24333193687990043 6.0000000000000009 9.5000000000000018 20.500000000000004 1.0000000180025095e-35 0.23559577677184088 0.24844826994959021 0.23105625717517325 37.000000000000007 0.9166666666097224 1.2792207792207795 0.099999999999250008 5.5219047619047625
decision_type=2 2 2 2 2 2 2 2 2 2 2 2 2 2 2 2
left_child=1 4 -2 6 -1 -4 7 9 10 -3 -8 12 15 14 -13 -7
right_child=2 3 5 -5 -6 11 8 -9 -10 -11 -12 13 -14 -15 -16 -17
leaf_value=0.015416449980797173 0.05231889139805778 0.051360260979895891 -0.066224611847551004 -0.092230778078796455 -0.028805763448785167 -0.052448508288118006 0.051341228796568453 -0.060500880189218634 0.062948948764101717 0.056062496880898552 0.053408734236029945 -0.052476912596376601 -0.05233290631363692 -0.052491270298627636 -0.052448465691566339 -0.052448525258338922
leaf_weight=5.7666466422378999 1.3426473811268795 22.21471341140569 1.6536549516022194 0.56223779916763206 5.2451400384306908 3.3901250213384619 487.96086434833705 0.78046676516532798 0.60617390275001426 0.63158576563000579 0.57582713663577934 1.7944332361221302 2.5220535099506378 2.2935323044657698 880.85204724222422 1.6950731277465818
leaf_count=44 33 866 18 2 32 42 19180 3 4 8 11 22 33 28 10913 21
internal_value=-0.0145894 0.0498462 -0.0523167 0.0510366 -0.0056475 -0.0524738 0.0511937 0.0477908 0.051358 0.0514903 0.0513437 -0.0524483 -0.0524102 -0.0524486 -0.0524485 -0.0524485
internal_weight=1419.89 524.344 895.544 513.332 11.0118 894.201 512.77 23.6268 489.143 22.8463 488.537 892.547 7.60725 884.94 882.646 5.0852
internal_count=31260 20150 11110 20074 76 11077 20072 877 19195 874 19191 11059 96 10963 10935 63
is_linear=0
shrinkage=0.05


Tree=53
num_leaves=18
num_cat=0
split_feature=26 20 42 42 25 2 15 17 25 42 19 42 16 43 19 15 42
split_gain=1310.23 13.5485 5.58795 4.2751 1.98411 0.747458 0.115152 0.110182 3.59183 0.0277306 0.00466015 0.000843279 3.92467e-06 7.79229e-06 1.42487e-06 8.09749e-07 4.92801e-07
threshold=7.5000000000000009 1.5000000000000002 0.090499590499136709 0.24333193687990043 1.0000000180025095e-35 5.3861283643892355 88.500000000000014 20.500000000000004 1.0000000180025095e-35 0.23559577677184088 0.24844826994959021 0.23105625717517325 37.000000000000007 0.59999999999550013 1.2792207792207795 107.50000000000001 0.099999999999250008
decision_type=2 2 2 2 2 2 2 2 2 2 2 2 2 2 2 2 2
left_child=1 4 -2 7 5 -1 -4 8 10 11 -3 -9 13 -8 16 -15 -14
right_child=2 3 6 -5 -6 -7 12 9 -10 -11 -12 -13 14 15 -16 -17 -18
leaf_value=-0.0034258080737276592 0.052201362977555767 0.051292193276356347 -0.065889290187301372 -0.084127348895622622 -0.035729890614409968 0.029309205811919377 -0.052182222346232848 0.051274102238626995 -0.059884397715735588 0.062183016570152787 0.055745938392801432 0.053233984387126232 -0.052350278969864938 -0.052323397010572328 -0.052363884289361617 -0.052280811207742972 -0.052323417486432114
leaf_weight=4.380510561168192 1.2799685075879086 21.158623917028315 1.5671304240822781 0.58494731783866782 3.6108110770583153 2.8971287123858929 1.4336466118693341 464.75505179353058 0.74985131621360679 0.58353200554847617 0.60410823300480743 0.54949633404612441 1.7109422534704197 4.309735432267189 2.1868486627936354 1.5064193569123743 839.86448351293802
leaf_count=25 33 866 18 2 25 26 20 19180 3 4 8 11 22 56 28 20 10913
internal_value=-0.0145546 0.0497349 -0.0521915 0.0509632 -0.00542852 0.00960555 -0.0523482 0.051125 0.0477086 0.0512901 0.0514158 0.0512764 -0.0523233 -0.0522866 -0.0523236 -0.0523124 -0.0523235
internal_weight=1353.73 499.874 853.859 488.986 10.8885 7.27764 852.579 488.401 22.5126 465.888 21.7627 465.305 851.012 7.2498 843.762 5.81615 841.575
internal_count=31260 20150 11110 20074 76 51 11077 20072 877 19195 874 19191 11059 96 10963 76 10935
is_linear=0
shrinkage=0.05


Tree=54
num_leaves=17
num_cat=0
split_feature=26 20 42 42 17 17 25 15 42 19 42 16 43 19 15 42
split_gain=1243.47 13.2635 5.30306 3.97661 1.88644 0.105766 3.40812 0.104888 0.0235944 0.00399903 0.000723255 3.34973e-06 6.65005e-06 1.21812e-06 6.90827e-07 4.20987e-07
threshold=7.5000000000000009 1.5000000000000002 0.090499590499136709 0.24333193687990043 6.0000000000000009 20.500000000000004 1.0000000180025095e-35 88.500000000000014 0.23559577677184088 0.24844826994959021 0.23105625717517325 37.000000000000007 0.59999999999550013 1.2792207792207795 107.50000000000001 0.099999999999250008
decision_type=2 2 2 2 2 2 2 2 2 2 2 2 2 2 2 2
left_child=1 4 -2 5 -1 6 9 -4 10 -3 -7 12 -9 15 -14 -13
right_child=2 3 7 -5 -6 8 -8 11 -10 -11 -12 13 14 -15 -16 -17
leaf_value=0.014593224620081611 0.052090013228699217 0.051227615065344879 -0.065435321117587084 -0.077254730952679485 -0.027307822630635033 0.051210420123933356 -0.059309853184967988 -0.052071377810579939 0.061469916459540301 0.055446975277880867 0.05306860656626064 -0.052230406583005554 -0.052204954510858562 -0.05224329923117798 -0.052164668078255476 -0.052204979251075423
leaf_weight=5.6822941638529283 1.220080729573964 20.151437452062972 1.500784009695052 0.60459522902965446 5.0944529697299004 442.62456484884024 0.72001473605632682 1.3665564730763424 0.56134830415248771 0.5776655450463285 0.52428480610251327 1.6311395317316044 4.1086133271455765 2.0848749652504912 1.4360602684319017 800.67054659128189
leaf_count=44 33 866 18 2 32 19180 3 20 4 8 11 22 56 28 20 10913
internal_value=-0.014521 0.0496244 -0.0520729 0.0508933 -0.00521451 0.0510598 0.0476307 -0.0522293 0.0512256 0.0513452 0.0512126 -0.0522048 -0.0521702 -0.0522051 -0.0521945 -0.052205
internal_weight=1290.56 476.541 814.019 465.764 10.7767 465.159 21.4491 812.799 443.71 20.7291 443.149 811.298 6.91123 804.387 5.54467 802.302
internal_count=31260 20150 11110 20074 76 20072 877 11077 19195 874 19191 11059 96 10963 76 10935
is_linear=0
shrinkage=0.05


Tree=55
num_leaves=18
num_cat=0
split_feature=26 20 42 42 16 19 17 25 15 42 19 42 16 43 19 15 42
split_gain=1180.22 12.9838 5.03328 3.71558 1.77585 3.70676 0.101476 3.23434 0.0952236 0.0200889 0.00343232 0.000620429 2.85892e-06 5.67814e-06 1.0421e-06 5.89564e-07 3.59987e-07
threshold=7.5000000000000009 1.5000000000000002 0.090499590499136709 0.24333193687990043 6.0000000000000009 0.97222222222222232 20.500000000000004 1.0000000180025095e-35 88.500000000000014 0.23559577677184088 0.24844826994959021 0.23105625717517325 37.000000000000007 0.59999999999550013 1.2792207792207795 107.50000000000001 0.099999999999250008
decision_type=2 2 2 2 2 2 2 2 2 2 2 2 2 2 2 2 2
left_child=1 4 -2 6 -1 -6 7 10 -4 11 -3 -8 13 -10 16 -15 -14
right_child=2 3 8 -5 5 -7 9 -9 12 -11 -12 -13 14 15 -16 -17 -18
leaf_value=0.016728343380880785 0.051984485584144084 0.05116633695649421 -0.06497352383907426 -0.071336365766133281 0.022188638516915059 -0.059439834802497094 0.051149993071633482 -0.05877374582539148 -0.051966373691618321 0.060805151746080803 0.055164516200559968 0.052912057971575811 -0.052116902467275517 -0.052092799449598048 -0.052129121516117205 -0.052054679898717642 -0.052092819694887028
leaf_weight=4.9942568689584714 1.1628731600940216 19.191018044948585 1.4374825209379185 0.62155312299728294 2.4490853287279606 3.2183494865894318 421.52235229499638 0.69098791480064292 1.3024690151214589 0.53966034948825736 0.55223484709858794 0.50015337765216727 1.5548818111419667 3.9164358526468277 1.9874285012483586 1.3688362017273901 763.21978158503771
leaf_count=27 33 866 18 2 25 24 19180 3 20 4 8 11 22 56 28 20 10913
internal_value=-0.0144889 0.0495162 -0.0519606 0.0508266 -0.00500958 -0.0241655 0.050998 0.0475567 -0.0521166 0.0511644 0.0512782 0.0511521 -0.0520927 -0.0520599 -0.052093 -0.0520829 -0.0520929
internal_weight=1230.23 454.28 775.95 443.618 10.6617 5.66743 442.996 20.4342 774.787 422.562 19.7433 422.023 773.35 6.58774 766.762 5.28527 764.775
internal_count=31260 20150 11110 20074 76 49 20072 877 11077 19195 874 19191 11059 96 10963 76 10935
is_linear=0
shrinkage=0.05


Tree=56
num_leaves=18
num_cat=0
split_feature=26 20 42 42 19 15 17 25 15 42 19 42 16 43 19 15 42
split_gain=1120.35 12.6399 4.77777 3.48475 1.64812 0.955476 0.0973132 3.06989 0.0861741 0.0171152 0.0029464 0.000532311 2.44133e-06 4.84987e-06 8.91596e-07 5.03442e-07 3.07808e-07
threshold=7.5000000000000009 1.5000000000000002 0.090499590499136709 0.24333193687990043 0.97222222222222232 21.000000000000004 20.500000000000004 1.0000000180025095e-35 88.500000000000014 0.23559577677184088 0.24844826994959021 0.23105625717517325 37.000000000000007 0.59999999999550013 1.2792207792207795 107.50000000000001 0.099999999999250008
decision_type=2 2 2 2 2 2 2 2 2 2 2 2 2 2 2 2 2
left_child=1 4 -2 6 -1 -6 7 10 -4 11 -3 -8 13 -10 16 -15 -14
right_child=2 3 8 -5 5 -7 9 -9 12 -11 -12 -13 14 15 -16 -17 -18
leaf_value=0.027028157139327071 0.051884462350028228 0.051108183146691383 -0.064506072371177545 -0.066173745802852207 -0.00061402593955924619 -0.036288198704432527 0.051092653810550726 -0.058272937842521577 -0.051866886952194158 0.060184695051072629 0.054897552564786123 0.05276383176809283 -0.052009399490943353 -0.051986571487526084 -0.052020983005395031 -0.051950489671384527 -0.051986589563221955
leaf_weight=2.9203293509781343 1.108237788081168 18.275308519601829 1.3770363777875889 0.63614392280578513 4.0345246270298958 3.5097647607326508 401.40311358869076 0.66279342770576377 1.2412632703781117 0.51849846541881461 0.52779194340109725 0.4770633764564981 1.4820292741060246 3.7328492105007172 1.8943310230970372 1.3046227656304834 727.44315860420465
leaf_count=31 33 866 18 2 20 25 19180 3 20 4 8 11 22 56 28 20 10913
internal_value=-0.0144591 0.0494185 -0.0518541 0.050763 -0.00486489 -0.0172104 0.0509393 0.0474866 -0.0520098 0.0511064 0.0512145 0.0510946 -0.0519865 -0.0519554 -0.0519867 -0.0519772 -0.0519866
internal_weight=1172.55 432.965 739.584 422.501 10.4646 7.54429 421.865 19.4659 738.475 402.399 18.8031 401.88 737.098 6.27874 730.82 5.03747 728.925
internal_count=31260 20150 11110 20074 76 45 20072 877 11077 19195 874 19191 11059 96 10963 76 10935
is_linear=0
shrinkage=0.05


Tree=57
num_leaves=18
num_cat=0
split_feature=26 20 42 42 16 19 17 25 15 42 19 42 16 43 19 15 42
split_gain=1063.52 12.3939 6.00615 4.5357 1.64697 3.32187 0.0941221 2.9142 0.0777465 0.0683133 0.00252966 0.00207481 2.08489e-06 4.1436e-06 7.63396e-07 4.30036e-07 2.63442e-07
threshold=7.5000000000000009 1.5000000000000002 0.24999999999583336 0.090499590499136709 6.0000000000000009 0.97222222222222232 20.500000000000004 1.0000000180025095e-35 88.500000000000014 0.24048192771031504 0.24844826994959021 0.23333333333290127 37.000000000000007 0.59999999999550013 1.2792207792207795 107.50000000000001 0.099999999999250008
decision_type=2 2 2 2 2 2 2 2 2 2 2 2 2 2 2 2 2
left_child=1 4 6 -2 -1 -6 7 10 -5 11 -3 -8 13 -10 16 -15 -14
right_child=3 2 -4 8 5 -7 9 -9 12 -11 -12 -13 14 15 -16 -17 -18
leaf_value=0.016141761020741413 0.051789635197467682 0.051052991308228816 -0.13870388047241725 -0.064035117071456593 0.020206161457725389 -0.05869063927369729 0.051038572478445059 -0.057804625562050009 -0.051772610907527855 0.06882769150158137 0.054645147248096118 0.054511590614534734 -0.051907563842694363 -0.051885935429327706 -0.051918547367674754 -0.051851775340878897 -0.051885948178850352
leaf_weight=4.9595218896865827 1.0560698341578234 17.402330396696932 0.41811561584472556 1.3192696720361698 2.3944533430039883 3.0128669738769531 382.43553252518177 0.63544683158397575 1.1828219890594471 0.54067930579185386 0.50431152805685897 0.43051980435848136 1.4124457091093052 3.5575091540813446 1.8054089695215214 1.2432984970510004 693.27359858155251
leaf_count=27 33 866 1 18 25 24 19187 3 20 3 8 6 22 56 28 20 10913
internal_value=-0.0144291 0.0493115 0.0507023 -0.0517532 -0.00466767 -0.0237538 0.0508993 0.0474201 -0.0519086 0.0510676 0.0511542 0.0510425 -0.0518858 -0.0518564 -0.0518861 -0.0518771 -0.051886
internal_weight=1117.58 412.734 402.367 704.85 10.3668 5.40732 401.949 18.5421 703.794 383.407 17.9066 382.866 702.475 5.98363 696.491 4.80081 694.686
internal_count=31260 20150 20074 11110 76 49 20073 877 11077 19196 874 19193 11059 96 10963 76 10935
is_linear=0
shrinkage=0.05


Tree=58
num_leaves=18
num_cat=0
split_feature=26 20 42 42 16 19 17 25 15 42 19 42 16 43 19 15 42
split_gain=1009.72 12.0771 5.48104 4.30633 1.52235 3.13983 0.0901424 2.76676 0.0699385 0.0580463 0.00217218 0.00177615 1.78264e-06 3.54189e-06 6.53291e-07 3.67409e-07 2.25293e-07
threshold=7.5000000000000009 1.5000000000000002 0.24999999999583336 0.090499590499136709 6.0000000000000009 0.97222222222222232 20.500000000000004 1.0000000180025095e-35 88.500000000000014 0.24048192771031504 0.24844826994959021 0.23333333333290127 37.000000000000007 0.59999999999550013 1.2792207792207795 107.50000000000001 0.099999999999250008
decision_type=2 2 2 2 2 2 2 2 2 2 2 2 2 2 2 2 2
left_child=1 4 6 -2 -1 -6 7 10 -5 11 -3 -8 13 -10 16 -15 -14
right_child=3 2 -4 8 5 -7 9 -9 12 -11 -12 -13 14 15 -16 -17 -18
leaf_value=0.015454264515805652 0.051699723960742267 0.051000601008554504 -0.12721546399932993 -0.063562763801985112 0.019377148676099954 -0.058261971398260615 0.05098689175276884 -0.057366273272948333 -0.051683242605215202 0.067660630765225813 0.054406427861613961 0.054274604391839815 -0.051811070871303648 -0.051790574759127531 -0.051821486019792168 -0.051758229216312457 -0.051790594017384818
leaf_weight=4.9221200793981534 1.0062676649540652 16.570183910429485 0.43266868591308494 1.2640199325978745 2.3726212531328201 2.886480525135994 364.14335545897484 0.60895738005638023 1.1270314715802658 0.52295470237731834 0.48176760226488013 0.4112660139799108 1.3459990024566639 3.3900808915495872 1.7204934842884529 1.1847456246614454 660.64581151306629
leaf_count=27 33 866 1 18 25 24 19187 3 20 3 8 6 22 56 28 20 10913
internal_value=-0.0144015 0.0492165 0.0506446 -0.0516576 -0.00453086 -0.0232354 0.0508457 0.047357 -0.0518127 0.0510145 0.0510968 0.0509906 -0.0517905 -0.0517626 -0.0517907 -0.0517822 -0.0517906
internal_weight=1065.04 393.352 383.171 671.684 10.1812 5.2591 382.738 17.6609 670.678 365.078 17.052 364.555 669.414 5.70186 663.712 4.57483 661.992
internal_count=31260 20150 20074 11110 76 49 20073 877 11077 19196 874 19193 11059 96 10963 76 10935
is_linear=0
shrinkage=0.05


Tree=59
num_leaves=18
num_cat=0
split_feature=26 20 42 42 16 19 17 25 15 42 19 42 16 43 19 15 42
split_gain=958.711 11.7746 5.04071 4.08894 1.40693 2.9693 0.086299 2.6271 0.0627403 0.0493688 0.00186546 0.00152092 1.52367e-06 3.0285e-06 5.59635e-07 3.14055e-07 1.92969e-07
threshold=7.5000000000000009 1.5000000000000002 0.24999999999583336 0.090499590499136709 6.0000000000000009 0.97222222222222232 20.500000000000004 1.0000000180025095e-35 88.500000000000014 0.24048192771031504 0.24844826994959021 0.23333333333290127 37.000000000000007 0.59999999999550013 1.2792207792207795 107.50000000000001 0.099999999999250008
decision_type=2 2 2 2 2 2 2 2 2 2 2 2 2 2 2 2 2
left_child=1 4 6 -2 -1 -6 7 10 -5 11 -3 -8 13 -10 16 -15 -14
right_child=3 2 -4 8 5 -7 9 -9 12 -11 -12 -13 14 15 -16 -17 -18
leaf_value=0.014792279026916533 0.051614454683442092 0.050950868238418559 -0.11799159908210476 -0.063091010534448169 0.018573901012283397 -0.057854311169692668 0.050937834719041855 -0.056955589956203034 -0.051598522734661589 0.066581259930132905 0.054180582425750648 0.054050921631661003 -0.051719629763379842 -0.051700200290440382 -0.051729506133434938 -0.05166956406161867 -0.051700215658219285
leaf_weight=4.8862121999263746 0.95873279124498267 15.777043441310528 0.44287797808647056 1.2111378125846375 2.3520053513348103 2.7645629644393921 346.70905384421349 0.58332905173301597 1.0737813040614117 0.50530841946601768 0.46013347432017404 0.39278635382652183 1.2825604155659664 3.2302393764257431 1.6394205652177323 1.1288499571382997 629.4965386800468
leaf_count=27 33 866 1 18 25 24 19187 3 20 3 8 6 22 56 28 20 10913
internal_value=-0.014375 0.0491228 0.05059 -0.0515669 -0.00439655 -0.0227215 0.0507948 0.0472971 -0.0517217 0.0509641 0.0510424 0.0509414 -0.0517001 -0.0516737 -0.0517003 -0.0516923 -0.0517003
internal_weight=1014.89 374.873 364.871 640.021 10.0028 5.11657 364.428 16.8205 639.063 347.607 16.2372 347.102 637.851 5.43287 632.419 4.35909 630.779
internal_count=31260 20150 20074 11110 76 49 20073 877 11077 19196 874 19193 11059 96 10963 76 10935
is_linear=0
shrinkage=0.05


Tree=60
num_leaves=18
num_cat=0
split_feature=26 20 42 42 43 26 17 25 15 42 19 42 16 43 19 15 42
split_gain=910.335 11.4857 4.6632 3.88288 1.4581 0.481114 0.0825905 2.49476 0.0561348 0.0420246 0.00160226 0.00130272 1.30305e-06 2.59044e-06 4.79358e-07 2.68527e-07 1.6525e-07
threshold=7.5000000000000009 1.5000000000000002 0.24999999999583336 0.090499590499136709 0.66666666665000007 3.5000000000000004 20.500000000000004 1.0000000180025095e-35 88.500000000000014 0.24048192771031504 0.24844826994959021 0.23333333333290127 37.000000000000007 0.59999999999550013 1.2792207792207795 107.50000000000001 0.099999999999250008
decision_type=2 2 2 2 2 2 2 2 2 2 2 2 2 2 2 2 2
left_child=1 4 6 -2 -1 -6 7 10 -5 11 -3 -8 13 -10 16 -15 -14
right_child=3 2 -4 8 5 -7 9 -9 12 -11 -12 -13 14 15 -16 -17 -18
leaf_value=0.022841882561162593 0.051533579314042725 0.050903651660429684 -0.11042437816481741 -0.062621727156526516 -0.0065200460450499185 -0.034057668147768387 0.050891258405524512 -0.056570504278498995 -0.051518191402071492 0.065581083639614748 0.053966857960298265 0.05383970471551161 -0.051632953096340722 -0.051614532991546426 -0.051642319498613302 -0.051585510286223907 -0.05161454767279311
leaf_weight=3.2972322702407819 0.91336995176970859 15.02115738391876 0.44937950372695823 1.1604865565896023 3.8235991895198822 2.710486963391304 330.09406130202115 0.55856117606163103 1.0229648165404785 0.48780789971351524 0.43938207626342851 0.37505866587161918 1.2220055982470501 3.0776699669659138 1.5620314255356778 1.0755007788538931 599.76439309120178
leaf_count=23 33 866 1 18 22 31 19187 3 20 3 8 6 22 56 28 20 10913
internal_value=-0.0143494 0.04903 0.0505381 -0.0514809 -0.00426473 -0.0179433 0.0507465 0.0472402 -0.0516354 0.0509163 0.0509907 0.0508946 -0.0516144 -0.0515895 -0.0516147 -0.051607 -0.0516146
internal_weight=967.055 357.257 347.425 609.798 9.83132 6.53409 346.976 16.0191 608.885 330.957 15.4605 330.469 607.725 5.17614 602.548 4.15317 600.986
internal_count=31260 20150 20074 11110 76 53 20073 877 11077 19196 874 19193 11059 96 10963 76 10935
is_linear=0
shrinkage=0.05


Tree=61
num_leaves=18
num_cat=0
split_feature=26 20 42 42 43 26 17 25 15 42 19 42 16 43 19 15 42
split_gain=864.343 11.3294 4.33387 3.68752 1.32071 0.447855 0.0790156 2.36933 0.0500998 0.0358008 0.00137636 0.00111611 1.11494e-06 2.2164e-06 4.10711e-07 2.29669e-07 1.41508e-07
threshold=7.5000000000000009 1.5000000000000002 0.24999999999583336 0.090499590499136709 0.66666666665000007 3.5000000000000004 20.500000000000004 1.0000000180025095e-35 88.500000000000014 0.24048192771031504 0.24844826994959021 0.23333333333290127 37.000000000000007 0.59999999999550013 1.2792207792207795 107.50000000000001 0.099999999999250008
decision_type=2 2 2 2 2 2 2 2 2 2 2 2 2 2 2 2 2
left_child=1 4 6 -2 -1 -6 7 10 -5 11 -3 -8 13 -10 16 -15 -14
right_child=3 2 -4 8 5 -7 9 -9 12 -11 -12 -13 14 15 -16 -17 -18
leaf_value=0.021761149565253674 0.051456856836637747 0.050858815757196175 -0.10410725567376258 -0.062156635694167399 -0.0061711587972953135 -0.032831519320091783 0.050847036039825634 -0.056209123302943545 -0.051442010042713128 0.064652671970768169 0.053764544752678826 0.05364017697930637 -0.05155077875048019 -0.051533312655570207 -0.051559665782871147 -0.051505813236141854 -0.05153332912188581
leaf_weight=3.2881733328104001 0.87008709274232288 14.300845108926291 0.45271459221839805 1.1119412966072548 3.8374145478010178 2.6721301302313805 314.2613839302212 0.53464923799038011 0.97447890788316627 0.47051070630550285 0.41948615387082178 0.35806035995483299 1.1642138510942448 2.932067777961493 1.4881720729172219 1.0245910473167894 571.39001877605915
leaf_count=23 33 866 1 18 22 31 19187 3 20 3 8 6 22 56 28 20 10913
internal_value=-0.0143226 0.0489194 0.0504888 -0.0513993 -0.00406798 -0.0171151 0.0507007 0.0471863 -0.0515536 0.0508708 0.0509416 0.0508502 -0.0515332 -0.0515096 -0.0515334 -0.0515262 -0.0515334
internal_weight=921.551 340.595 330.798 580.956 9.79772 6.50954 330.345 15.255 580.085 315.09 14.7203 314.619 578.974 4.93114 574.042 3.95666 572.554
internal_count=31260 20150 20074 11110 76 53 20073 877 11077 19196 874 19193 11059 96 10963 76 10935
is_linear=0
shrinkage=0.05


Tree=62
num_leaves=18
num_cat=0
split_feature=26 20 42 42 19 15 17 25 15 42 19 42 16 43 19 23 42
split_gain=820.713 11.1811 4.04253 3.50227 1.29938 0.657262 0.0755721 2.25042 0.0446088 0.0305205 0.00118243 0.00095646 9.53828e-07 1.89692e-06 3.52075e-07 1.96536e-07 1.21236e-07
threshold=7.5000000000000009 1.5000000000000002 0.24999999999583336 0.090499590499136709 0.97222222222222232 21.000000000000004 20.500000000000004 1.0000000180025095e-35 88.500000000000014 0.24048192771031504 0.24844826994959021 0.23333333333290127 37.000000000000007 0.59999999999550013 1.2792207792207795 2.5000000000000004 0.099999999999250008
decision_type=2 2 2 2 2 2 2 2 2 2 2 2 2 2 2 2 2
left_child=1 4 6 -2 -1 -6 7 10 -5 11 -3 -8 13 -10 16 -15 -14
right_child=3 2 -4 8 5 -7 9 -9 12 -11 -12 -13 14 15 -16 -17 -18
leaf_value=0.025021638701763351 0.051384068871895144 0.050816245733519699 -0.09875759391327317 -0.061697287621175392 -0.0019054856751179843 -0.032835429797350282 0.050805048576737621 -0.055869743933178222 -0.051369754738385176 0.063789496202380655 0.05357298411604712 0.053451629389706115 -0.051472858856298404 -0.051430874073860891 -0.051481293760678615 -0.051456529668484553 -0.051456310729257118
leaf_weight=2.7815419435501081 0.82879527099430461 13.614493753761048 0.45334857702255149 1.0653880536556233 3.9404086619615555 3.0447957813739777 299.17551099509001 0.51158514618873674 0.92822395265102287 0.45346565544605155 0.40041830390691835 0.34176862239837547 1.1090685427188862 1.0254851169884207 1.4176937006413926 2.743670292198658 544.31597248464823
leaf_count=31 33 866 1 18 20 25 19187 3 20 3 8 6 22 21 28 55 10913
internal_value=-0.0142964 0.0488082 0.0504421 -0.0513219 -0.00387917 -0.0153876 0.0506571 0.047135 -0.051476 0.0508277 0.050895 0.0508081 -0.0514562 -0.0514338 -0.0514564 -0.0514495 -0.0514563
internal_weight=878.152 324.717 314.951 553.434 9.76675 6.9852 314.497 14.5265 552.606 299.971 14.0149 299.517 551.54 4.69738 546.843 3.76916 545.425
internal_count=31260 20150 20074 11110 76 45 20073 877 11077 19196 874 19193 11059 96 10963 76 10935
is_linear=0
shrinkage=0.05


Tree=63
num_leaves=18
num_cat=0
split_feature=26 20 42 42 7 43 17 25 15 42 19 42 16 43 19 15 42
split_gain=779.361 10.9943 3.78187 3.32658 1.2689 0.881496 0.0722575 2.13766 0.0396319 0.026036 0.00101594 0.000819835 8.16463e-07 1.62389e-06 3.01736e-07 1.68843e-07 1.03873e-07
threshold=7.5000000000000009 1.5000000000000002 0.24999999999583336 0.090499590499136709 7.291666666666667 0.92857142851530627 20.500000000000004 1.0000000180025095e-35 88.500000000000014 0.24048192771031504 0.24844826994959021 0.23333333333290127 37.000000000000007 0.59999999999550013 1.2792207792207795 107.50000000000001 0.099999999999250008
decision_type=2 2 2 2 2 2 2 2 2 2 2 2 2 2 2 2 2
left_child=1 4 6 -2 5 -1 7 10 -5 11 -3 -8 13 -10 16 -15 -14
right_child=3 2 -4 8 -6 -7 9 -9 12 -11 -12 -13 14 15 -16 -17 -18
leaf_value=0.027300175561597861 0.051314998067025976 0.050775814928703505 -0.094172546680018482 -0.061245070463812334 -0.031763889067034839 -0.0086941822532887007 0.050765168788180826 -0.055550795139674064 -0.05130121281624727 0.062985790742342923 0.053391565632072292 0.053273390866138054 -0.051398964536665398 -0.051383270483334909 -0.051406967334965775 -0.051358517775572876 -0.05138327037445193
leaf_weight=3.1650908030569536 0.78940887190401454 12.960559012368316 0.45168408751487632 1.0207230877131213 2.8474424332380295 3.6770082861185074 284.80246845073998 0.48935812711715776 0.88410385698079963 0.43671387434005637 0.38215120509266931 0.32616057991981406 1.0564570650458325 2.6606180071830754 1.3504525274038304 0.92965809255838383 518.48680130764842
leaf_count=36 33 866 1 18 20 20 19187 3 20 3 8 6 22 56 28 20 10913
internal_value=-0.0142717 0.0487037 0.0503977 -0.0512485 -0.00371606 0.00795647 0.0506158 0.0470864 -0.0514023 0.0507867 0.0508507 0.050768 -0.0513832 -0.0513619 -0.0513834 -0.0513769 -0.0513833
internal_weight=836.717 309.539 299.849 527.178 9.68954 6.8421 299.397 13.8321 526.389 285.565 13.3427 285.129 525.368 4.47438 520.894 3.59028 519.543
internal_count=31260 20150 20074 11110 76 56 20073 877 11077 19196 874 19193 11059 96 10963 76 10935
is_linear=0
shrinkage=0.05


Tree=64
num_leaves=18
num_cat=0
split_feature=26 20 42 42 43 26 17 25 15 42 19 42 16 43 19 15 42
split_gain=740.06 10.8849 3.54651 3.15994 1.25902 0.450565 0.0690692 2.03073 0.0351374 0.0222237 0.000872971 0.000702876 6.99098e-07 1.39064e-06 2.58706e-07 1.44542e-07 8.90185e-08
threshold=7.5000000000000009 1.5000000000000002 0.24999999999583336 0.090499590499136709 0.66666666665000007 3.5000000000000004 20.500000000000004 1.0000000180025095e-35 88.500000000000014 0.24048192771031504 0.24844826994959021 0.23333333333290127 37.000000000000007 0.59999999999550013 1.2792207792207795 107.50000000000001 0.099999999999250008
decision_type=2 2 2 2 2 2 2 2 2 2 2 2 2 2 2 2 2
left_child=1 4 6 -2 -1 -6 7 10 -5 11 -3 -8 13 -10 16 -15 -14
right_child=3 2 -4 8 5 -7 9 -9 12 -11 -12 -13 14 15 -16 -17 -18
leaf_value=0.021959940332626701 0.051249452732158057 0.050737416647265436 -0.090202565745422292 -0.060801188414355327 -0.0054485059389846654 -0.032380923316747572 0.050727293078697028 -0.055250848922627993 -0.051236178910165242 0.062236440503668146 0.053219705979191484 0.053104841113373484 -0.051328874178090123 -0.051313987431378529 -0.051336470344158225 -0.051290520635507909 -0.05131398760546825
leaf_weight=3.22939635068178 0.75184509344398875 12.337559617124493 0.44807115197181602 0.97785181365907092 3.8631667494773865 2.5967545993626118 271.10965827666223 0.46795490384101945 0.84202610328793426 0.42028962075710197 0.36465768329799253 0.31121335923671622 1.0062706694006909 2.5341889709234242 1.2863096818327893 0.88546093180775631 493.84900438413024
leaf_count=23 33 866 1 18 22 31 19187 3 20 3 8 6 22 56 28 20 10913
internal_value=-0.0142463 0.0485865 0.0503555 -0.0511788 -0.00353136 -0.0162748 0.0505765 0.0470402 -0.0513324 0.0507478 0.0508087 0.05073 -0.0513139 -0.0512937 -0.0513141 -0.0513079 -0.051314
internal_weight=797.282 295.149 285.459 502.133 9.68932 6.45992 285.011 13.1702 501.381 271.841 12.7022 271.421 500.403 4.26168 496.142 3.41965 494.855
internal_count=31260 20150 20074 11110 76 53 20073 877 11077 19196 874 19193 11059 96 10963 76 10935
is_linear=0
shrinkage=0.05


Tree=65
num_leaves=18
num_cat=0
split_feature=26 20 42 42 19 17 25 43 15 42 19 42 16 43 19 23 42
split_gain=702.789 10.7516 3.33235 3.00185 1.23808 0.0660049 1.92929 0.0435374 0.031092 0.0189801 0.000750193 0.000602725 5.98826e-07 1.19107e-06 2.21871e-07 1.24171e-07 7.63255e-08
threshold=7.5000000000000009 1.5000000000000002 0.24999999999583336 0.090499590499136709 0.97222222222222232 20.500000000000004 1.0000000180025095e-35 0.78888888887872854 88.500000000000014 0.24048192771031504 0.24844826994959021 0.23333333333290127 37.000000000000007 0.59999999999550013 1.2792207792207795 2.5000000000000004 0.099999999999250008
decision_type=2 2 2 2 2 2 2 2 2 2 2 2 2 2 2 2 2
left_child=1 4 5 -2 -1 6 10 -6 -5 11 -3 -7 13 -10 16 -15 -14
right_child=3 2 -4 8 7 9 -8 -9 12 -11 -12 -13 14 15 -16 -17 -18
leaf_value=0.02515002184876941 0.051187235941686664 0.050700943040070515 -0.086734937812954299 -0.060366673497513117 -0.010558354167294207 0.050691323341611187 -0.054968603353618688 -0.018487245295212517 -0.051174474525607853 0.061536894539680455 0.053056870074262089 0.052945411932724999 -0.051262388758866677 -0.051226530565652788 -0.051269598536782549 -0.051248468838500677 -0.051248264285608996
leaf_weight=2.7301010489463788 0.7160244919359674 11.744079594500358 0.44281482696533103 0.93668806739151378 3.3921114057302475 258.0658763051033 0.44736023247242052 3.5361755862832069 0.8019014336168756 0.40422110259532829 0.34791080653667528 0.29690420627593894 0.95840438455343147 0.88603768497705493 1.2251313179731358 2.3708813637495041 470.3509512282908
leaf_count=31 33 866 1 18 26 19187 3 19 20 3 8 6 22 21 28 55 10913
internal_value=-0.014222 0.048473 0.0503155 -0.0511127 -0.00336776 0.0505392 0.0469964 -0.0146052 -0.0512661 0.0507109 0.0507687 0.0506939 -0.0512482 -0.0512291 -0.0512483 -0.0512425 -0.0512483
internal_weight=759.654 281.408 271.749 478.246 9.65839 271.306 12.5394 6.92829 477.53 258.767 12.092 258.363 476.593 4.05882 472.534 3.25692 471.309
internal_count=31260 20150 20074 11110 76 20073 877 45 11077 19196 874 19193 11059 96 10963 76 10935
is_linear=0
shrinkage=0.05


Tree=66
num_leaves=17
num_cat=0
split_feature=26 20 42 42 7 17 25 15 42 19 42 16 43 19 15 42
split_gain=667.413 10.628 3.13627 2.85186 1.24479 0.0630608 1.83305 0.0274623 0.016218 0.000644736 0.000516943 5.12977e-07 1.02059e-06 1.9024e-07 1.0639e-07 6.54338e-08
threshold=7.5000000000000009 1.5000000000000002 0.24999999999583336 0.090499590499136709 6.2986111111111116 20.500000000000004 1.0000000180025095e-35 88.500000000000014 0.24048192771031504 0.24844826994959021 0.23333333333290127 37.000000000000007 0.59999999999550013 1.2792207792207795 107.50000000000001 0.099999999999250008
decision_type=2 2 2 2 2 2 2 2 2 2 2 2 2 2 2 2
left_child=1 4 5 -2 -1 6 9 -5 10 -3 -7 12 -9 15 -14 -13
right_child=3 2 -4 7 -6 8 -8 11 -10 -11 -12 13 14 -15 -16 -17
leaf_value=0.011579998569212194 0.051128179682626576 0.050666301431799898 -0.083683002747231727 -0.059942393207332204 -0.025050294608482612 0.050657153106856305 -0.05470285725278963 -0.051115912752921169 0.060883090077175309 0.052902553546071845 0.052794557470786901 -0.051199306035149217 -0.051185913482318462 -0.051206148012830889 -0.05116477361520147 -0.051185905093621489
leaf_weight=5.7465461827814561 0.68187041953205962 11.178759790025646 0.43618154525756736 0.89715300500392814 3.8888015225529671 245.64125855267048 0.42755717039108354 0.76364406943321173 0.38853117823600669 0.33188396878540594 0.28321062028407951 0.91275738179683585 2.298637874424458 1.1667885407805432 0.8031012937426566 447.94300238788128
leaf_count=39 33 866 1 18 37 19187 3 20 3 8 6 22 56 28 20 10913
internal_value=-0.0141979 0.048357 0.0502775 -0.0510499 -0.00320389 0.0505037 0.0469548 -0.0512031 0.0506757 0.0507308 0.0506596 -0.0511858 -0.0511677 -0.051186 -0.0511804 -0.0511859
internal_weight=723.79 268.323 258.687 455.467 9.63535 258.251 11.9382 454.785 246.313 11.5106 245.924 453.888 3.86538 450.023 3.10174 448.856
internal_count=31260 20150 20074 11110 76 20073 877 11077 19196 874 19193 11059 96 10963 76 10935
is_linear=0
shrinkage=0.05


Tree=67
num_leaves=18
num_cat=0
split_feature=26 20 42 42 19 17 25 43 15 42 19 42 16 43 19 23 42
split_gain=633.853 10.4895 2.95578 2.70953 1.17126 0.0602342 1.74172 0.0487485 0.0242151 0.0138643 0.000554148 0.000443453 4.39501e-07 8.74442e-07 1.6324e-07 9.13896e-08 5.61209e-08
threshold=7.5000000000000009 1.5000000000000002 0.24999999999583336 0.090499590499136709 0.97222222222222232 20.500000000000004 1.0000000180025095e-35 0.78888888887872854 88.500000000000014 0.24048192771031504 0.24844826994959021 0.23333333333290127 37.000000000000007 0.59999999999550013 1.2792207792207795 2.5000000000000004 0.099999999999250008
decision_type=2 2 2 2 2 2 2 2 2 2 2 2 2 2 2 2 2
left_child=1 4 5 -2 -1 6 10 -6 -5 11 -3 -7 13 -10 16 -15 -14
right_child=3 2 -4 8 7 9 -8 -9 12 -11 -12 -13 14 15 -16 -17 -18
leaf_value=0.024823788825366191 0.051072122377531198 0.050633391123026131 -0.080979024695689156 -0.05952906506220166 -0.0096743311272299987 0.050624690549287789 -0.054452512172262379 -0.018091997015694014 -0.051060337827950789 0.060271375928188514 0.052756279526002349 0.052651785291913812 -0.05113944730284653 -0.0511071587388656 -0.051145944841211502 -0.051126922152025016 -0.051126729671238484
leaf_weight=2.7043844871222955 0.64930921979248424 10.640302290208632 0.42840412259101768 0.85917446203529735 3.3401477709412575 233.80724560283124 0.40852747857570726 3.5458331257104874 0.72717141732573454 0.37323801219463248 0.31655099801719266 0.27011033147573371 0.86923231929540534 0.80353043042123351 1.1111570708453644 2.1502484157681465 426.57726789265871
leaf_count=31 33 866 1 18 26 19187 3 19 20 3 8 6 22 21 28 55 10913
internal_value=-0.0141746 0.0482433 0.0502414 -0.0509903 -0.00305847 0.0504701 0.0469152 -0.0140089 -0.0511433 0.0506424 0.0506947 0.050627 -0.0511267 -0.0511095 -0.0511268 -0.0511215 -0.0511268
internal_weight=689.582 255.835 246.244 433.747 9.59037 245.816 11.3654 6.88598 433.098 234.451 10.9569 234.077 432.239 3.68095 428.558 2.95378 427.447
internal_count=31260 20150 20074 11110 76 20073 877 45 11077 19196 874 19193 11059 96 10963 76 10935
is_linear=0
shrinkage=0.05


Tree=68
num_leaves=18
num_cat=0
split_feature=26 20 42 42 7 43 17 25 15 42 19 42 16 43 19 15 42
split_gain=601.977 10.3753 2.78891 2.57446 1.21015 0.797709 0.0575218 1.65505 0.021318 0.0118574 0.000476325 0.000380475 3.76667e-07 7.49591e-07 1.40071e-07 7.83357e-08 4.81541e-08
threshold=7.5000000000000009 1.5000000000000002 0.24999999999583336 0.090499590499136709 7.291666666666667 0.92857142851530627 20.500000000000004 1.0000000180025095e-35 88.500000000000014 0.24048192771031504 0.24844826994959021 0.23333333333290127 37.000000000000007 0.59999999999550013 1.2792207792207795 107.50000000000001 0.099999999999250008
decision_type=2 2 2 2 2 2 2 2 2 2 2 2 2 2 2 2 2
left_child=1 4 6 -2 5 -1 7 10 -5 11 -3 -8 13 -10 16 -15 -14
right_child=3 2 -4 8 -6 -7 9 -9 12 -11 -12 -13 14 15 -16 -17 -18
leaf_value=0.027308055846024127 0.051018898832953165 0.05060212615937526 -0.078569258171818299 -0.059127245169858206 -0.03075174327167713 -0.0071092872574860027 0.050593852659599418 -0.05421654617689961 -0.051007578611336549 0.059698480196649861 0.052617606179323956 0.05251662183269698 -0.051082642882097289 -0.051070585838955462 -0.051088810831873603 -0.051051536572393169 -0.051070570777373536
leaf_weight=3.0720334425568563 0.61827010847628017 10.127464299090201 0.41968616843223472 0.82268605940043826 2.7720489762723446 3.7249447405338287 222.53647536877543 0.39025188982486803 0.6924042291939253 0.3583555668592443 0.30188616923987943 0.25758147239684959 0.82773559540510078 2.0844851210713391 1.0581175014376629 0.72823393903672684 406.20780769363046
leaf_count=36 33 866 1 18 20 20 19187 3 20 3 8 6 22 56 28 20 10913
internal_value=-0.0141512 0.0481237 0.0502071 -0.0509337 -0.00290895 0.00844634 0.0504381 0.0468777 -0.0510866 0.0506107 0.0506605 0.0505961 -0.0510705 -0.0510542 -0.0510706 -0.0510657 -0.0510706
internal_weight=657 243.961 234.392 413.04 9.56903 6.79698 233.972 10.8196 412.421 223.152 10.4294 222.794 411.599 3.50512 408.094 2.81272 407.036
internal_count=31260 20150 20074 11110 76 56 20073 877 11077 19196 874 19193 11059 96 10963 76 10935
is_linear=0
shrinkage=0.05


Tree=69
num_leaves=18
num_cat=0
split_feature=26 20 42 42 16 19 17 25 15 42 19 42 16 43 19 23 42
split_gain=571.699 10.283 2.63406 2.44626 1.16831 2.71269 0.0549204 1.57279 0.0187397 0.010145 0.000409462 0.000326494 3.2304e-07 6.42644e-07 1.20155e-07 6.73134e-08 4.12887e-08
threshold=7.5000000000000009 1.5000000000000002 0.24999999999583336 0.090499590499136709 6.0000000000000009 0.97222222222222232 20.500000000000004 1.0000000180025095e-35 88.500000000000014 0.24048192771031504 0.24844826994959021 0.23333333333290127 37.000000000000007 0.59999999999550013 1.2792207792207795 2.5000000000000004 0.099999999999250008
decision_type=2 2 2 2 2 2 2 2 2 2 2 2 2 2 2 2 2
left_child=1 4 6 -2 -1 -6 7 10 -5 11 -3 -8 13 -10 16 -15 -14
right_child=3 2 -4 8 5 -7 9 -9 12 -11 -12 -13 14 15 -16 -17 -18
leaf_value=0.014385977855790089 0.050968355714314018 0.05057242022752019 -0.076410512592943902 -0.058737377211244647 0.019011648152284455 -0.057071233829306234 0.050564556082710425 -0.053994023907368807 -0.050957496880580815 0.059161442938761737 0.052486116685145426 0.052388630836362304 -0.051028728578292881 -0.050999637074483434 -0.051034585338599447 -0.051017449916199775 -0.051017273033377969
leaf_weight=4.8719915598630887 0.58868520334362884 9.6390579920262045 0.41020560264587302 0.78762651421129604 2.2520924396812916 2.4418287873268127 211.80280096456409 0.37271026521921236 0.65926628559827749 0.34389415383338828 0.28786425292491991 0.2456025704741468 0.78817739337682624 0.72854636795818839 1.0075549744069565 1.9497069679200647 386.79030970856547
leaf_count=27 33 866 1 18 25 24 19187 3 20 3 8 6 22 21 28 55 10913
internal_value=-0.0141278 0.0479979 0.0501745 -0.05088 -0.00276543 -0.0205675 0.0504077 0.046842 -0.0510327 0.0505806 0.0506279 0.0505667 -0.0510172 -0.0510017 -0.0510173 -0.0510126 -0.0510173
internal_weight=625.968 232.668 223.102 393.3 9.56591 4.69392 222.692 10.2996 392.711 212.392 9.92692 212.048 391.924 3.33752 388.586 2.67825 387.578
internal_count=31260 20150 20074 11110 76 49 20073 877 11077 19196 874 19193 11059 96 10963 76 10935
is_linear=0
shrinkage=0.05


Tree=70
num_leaves=18
num_cat=0
split_feature=26 20 42 42 43 26 17 25 15 42 19 42 16 43 19 15 42
split_gain=543.074 10.0578 2.4899 2.32456 1.2271 0.442202 0.0524264 1.49469 0.0164504 0.00868302 0.000352007 0.000280213 2.76975e-07 5.51029e-07 1.03099e-07 5.77137e-08 3.54036e-08
threshold=7.5000000000000009 1.5000000000000002 0.24999999999583336 0.090499590499136709 0.66666666665000007 3.5000000000000004 20.500000000000004 1.0000000180025095e-35 88.500000000000014 0.24048192771031504 0.24844826994959021 0.23333333333290127 37.000000000000007 0.59999999999550013 1.2792207792207795 107.50000000000001 0.099999999999250008
decision_type=2 2 2 2 2 2 2 2 2 2 2 2 2 2 2 2 2
left_child=1 4 6 -2 -1 -6 7 10 -5 11 -3 -8 13 -10 16 -15 -14
right_child=3 2 -4 8 5 -7 9 -9 12 -11 -12 -13 14 15 -16 -17 -18
leaf_value=0.02315263274139406 0.050920359409666785 0.050544200406803755 -0.074467639629496415 -0.058359756764052431 -0.0048062092073545845 -0.031962913189458285 0.050536722497432511 -0.053784090738513514 -0.050909950174589685 0.058657584960356814 0.052361417781921493 0.052267403390510038 -0.05097754767623569 -0.050966692258227503 -0.050983111174027734 -0.05094951992083431 -0.050966676700975502
leaf_weight=3.0874395668506605 0.56048915907740493 9.1739458609372324 0.40011784434318443 0.75393909029662509 3.8777766227722168 2.4436454176902771 201.58121919445693 0.35588181763887483 0.62768437713384573 0.3298608809709539 0.27446059696376401 0.23415256291627784 0.75047124177217384 1.8898787572979929 0.95935915410518546 0.66020851954817761 368.28237055614591
leaf_count=23 33 866 1 18 22 31 19187 3 20 3 8 6 22 56 28 20 10913
internal_value=-0.0141083 0.0479021 0.0501436 -0.050829 -0.00268482 -0.0153041 0.0503788 0.0468081 -0.0509815 0.050552 0.050597 0.0505387 -0.0509666 -0.0509519 -0.0509667 -0.0509622 -0.0509667
internal_weight=596.243 221.759 212.35 374.484 9.40886 6.32142 211.95 9.80429 373.924 202.145 9.44841 201.815 373.17 3.17777 369.992 2.55009 369.033
internal_count=31260 20150 20074 11110 76 53 20073 877 11077 19196 874 19193 11059 96 10963 76 10935
is_linear=0
shrinkage=0.05


Tree=71
num_leaves=18
num_cat=0
split_feature=26 20 42 42 43 26 17 25 15 42 19 42 16 43 19 23 42
split_gain=515.798 9.94816 2.35532 2.20903 1.11112 0.409111 0.0500365 1.42055 0.0144223 0.00743432 0.000302633 0.00024053 2.37366e-07 4.72596e-07 8.85713e-08 4.96051e-08 3.04128e-08
threshold=7.5000000000000009 1.5000000000000002 0.24999999999583336 0.090499590499136709 0.66666666665000007 3.5000000000000004 20.500000000000004 1.0000000180025095e-35 88.500000000000014 0.24048192771031504 0.24844826994959021 0.23333333333290127 37.000000000000007 0.59999999999550013 1.2792207792207795 2.5000000000000004 0.099999999999250008
decision_type=2 2 2 2 2 2 2 2 2 2 2 2 2 2 2 2 2
left_child=1 4 6 -2 -1 -6 7 10 -5 11 -3 -8 13 -10 16 -15 -14
right_child=3 2 -4 8 5 -7 9 -9 12 -11 -12 -13 14 15 -16 -17 -18
leaf_value=0.022057095256079986 0.050874782606206717 0.050517384366025264 -0.072711787164861208 -0.057994596184680038 -0.0045538174862202289 -0.030764179087645522 0.05051027099919006 -0.053585942480998509 -0.050864802395058806 0.058184481523591694 0.052243136236548741 0.05215256021090256 -0.050928963761137813 -0.050902746444014726 -0.050934248766493988 -0.050918806905882776 -0.050918637846658892
leaf_weight=3.0789708867669088 0.53361937403678794 8.7310428768396324 0.38955846428871055 0.72157078795134921 3.8878014460206032 2.4127279110252857 191.84787054546177 0.33974537998437959 0.59758845344185774 0.31625999510288139 0.26165116392076093 0.2232109010219564 0.71453414112329383 0.66042910143733058 0.9134240448474874 1.7675092443823812 350.6431737318635
leaf_count=23 33 866 1 18 22 31 19187 3 20 3 8 6 22 21 28 55 10913
internal_value=-0.0140859 0.047778 0.0501142 -0.0507806 -0.00256056 -0.0145908 0.0503514 0.0467759 -0.0509329 0.0505248 0.0505676 0.0505122 -0.0509186 -0.0509046 -0.0509187 -0.0509144 -0.0509187
internal_weight=568.041 211.489 202.109 356.552 9.3795 6.30053 201.72 9.33244 356.018 192.387 8.99269 192.071 355.297 3.02553 352.271 2.42794 351.358
internal_count=31260 20150 20074 11110 76 53 20073 877 11077 19196 874 19193 11059 96 10963 76 10935
is_linear=0
shrinkage=0.05


Tree=72
num_leaves=18
num_cat=0
split_feature=26 20 42 42 7 43 17 25 15 42 19 42 16 43 19 23 42
split_gain=489.895 9.8434 2.22942 2.09935 1.12821 0.82071 0.0477474 1.35015 0.0126291 0.00636719 0.000260202 0.000206494 2.03648e-07 4.05406e-07 7.60065e-08 4.25501e-08 2.60911e-08
threshold=7.5000000000000009 1.5000000000000002 0.24999999999583336 0.090499590499136709 7.291666666666667 0.92857142851530627 20.500000000000004 1.0000000180025095e-35 88.500000000000014 0.24048192771031504 0.24844826994959021 0.23333333333290127 37.000000000000007 0.59999999999550013 1.2792207792207795 2.5000000000000004 0.099999999999250008
decision_type=2 2 2 2 2 2 2 2 2 2 2 2 2 2 2 2 2
left_child=1 4 6 -2 5 -1 7 10 -5 11 -3 -8 13 -10 16 -15 -14
right_child=3 2 -4 8 -6 -7 9 -9 12 -11 -12 -13 14 15 -16 -17 -18
leaf_value=0.028305298437455186 0.050831496680605659 0.050491896280825115 -0.071118980307096999 -0.057641996881236723 -0.029834354639929124 -0.0070142596597284257 0.050485137377110537 -0.053398840779099822 -0.050821930358157325 0.057739917159326949 0.052130930226916727 0.052043736563384436 -0.050882836303410055 -0.050857948915081386 -0.050887855182135934 -0.05087319349246569 -0.05087303436149157
leaf_weight=2.9432394169270975 0.50801581144332786 8.3093110974878019 0.37864556908607383 0.6904720775783052 2.681210495531559 3.7280783951282501 182.57989641651511 0.32427951693534929 0.56891113147139494 0.30309334397315879 0.24941246211528856 0.21275753527879615 0.68028649687766929 0.62875897809863124 0.86964796856045623 1.6827762331813572 333.83356920070946
leaf_count=36 33 866 1 18 20 20 19187 3 20 3 8 6 22 21 28 55 10913
internal_value=-0.0140636 0.0476507 0.0500862 -0.0507345 -0.00244133 0.00856796 0.0503253 0.0467453 -0.0508868 0.050499 0.0505397 0.050487 -0.050873 -0.0508597 -0.0508731 -0.050869 -0.0508731
internal_weight=541.172 201.71 192.357 339.462 9.35253 6.67132 191.979 8.883 338.954 183.096 8.55872 182.793 338.264 2.88045 335.384 2.31154 334.514
internal_count=31260 20150 20074 11110 76 56 20073 877 11077 19196 874 19193 11059 96 10963 76 10935
is_linear=0
shrinkage=0.05


Tree=73
num_leaves=18
num_cat=0
split_feature=26 20 42 42 19 17 25 43 15 42 19 42 16 43 19 15 42
split_gain=465.279 9.7606 2.11138 1.9952 1.10015 0.0455554 1.2833 0.0356129 0.0110465 0.00545486 0.00022373 0.000177299 1.74729e-07 3.47795e-07 6.52538e-08 3.65731e-08 2.23962e-08
threshold=7.5000000000000009 1.5000000000000002 0.24999999999583336 0.090499590499136709 0.97222222222222232 20.500000000000004 1.0000000180025095e-35 0.78888888887872854 88.500000000000014 0.24048192771031504 0.24844826994959021 0.23333333333290127 37.000000000000007 0.59999999999550013 1.2792207792207795 107.50000000000001 0.099999999999250008
decision_type=2 2 2 2 2 2 2 2 2 2 2 2 2 2 2 2 2
left_child=1 4 5 -2 -1 6 10 -6 -5 11 -3 -7 13 -10 16 -15 -14
right_child=3 2 -4 8 7 9 -8 -9 12 -11 -12 -13 14 15 -16 -17 -18
leaf_value=0.025231053354425138 0.050790381472125362 0.05046768266961367 -0.069669177889721101 -0.057301983725364151 -0.0091384503194782331 0.050461252088259648 -0.05322210909775859 -0.016422606584858168 -0.050781218737941482 0.057321890007106725 0.052024470462367203 0.051940602496578905 -0.050839039920178887 -0.050829755920022458 -0.050843806726668529 -0.050815040090616985 -0.050829732530366815
leaf_weight=2.611030235886572 0.48362090904265542 7.9077580282464588 0.36748185753822227 0.66059630364179511 3.1648986749351025 173.75551032181829 0.30946263670921403 3.5716062486171722 0.54158792458474581 0.29036056995391746 0.23772170394659031 0.20277293771505256 0.64765197411179443 1.6309218034148218 0.82793331891298194 0.56969604827463616 317.81601308844984
leaf_count=31 33 866 1 18 26 19187 3 19 20 3 8 6 22 56 28 20 10913
internal_value=-0.0140408 0.0475151 0.0500597 -0.0506908 -0.00232129 0.0503005 0.0467163 -0.0130004 -0.0508429 0.0504744 0.0505131 0.050463 -0.0508297 -0.0508171 -0.0508298 -0.0508259 -0.0508298
internal_weight=515.597 192.419 183.071 323.178 9.34754 182.704 8.45494 6.7365 322.694 174.249 8.14548 173.958 322.034 2.74221 319.292 2.20062 318.464
internal_count=31260 20150 20074 11110 76 20073 877 45 11077 19196 874 19193 11059 96 10963 76 10935
is_linear=0
shrinkage=0.05


Tree=74
num_leaves=18
num_cat=0
split_feature=26 20 42 42 7 43 17 25 15 42 19 42 16 43 19 23 42
split_gain=441.916 9.66393 2.00053 1.8963 1.07321 0.722614 0.0434573 1.21981 0.00965217 0.00467454 0.000192381 0.000152249 1.49822e-07 2.98461e-07 5.60561e-08 3.13946e-08 1.92423e-08
threshold=7.5000000000000009 1.5000000000000002 0.24999999999583336 0.090499590499136709 7.291666666666667 0.92857142851530627 20.500000000000004 1.0000000180025095e-35 88.500000000000014 0.24048192771031504 0.24844826994959021 0.23333333333290127 37.000000000000007 0.59999999999550013 1.2792207792207795 2.5000000000000004 0.099999999999250008
decision_type=2 2 2 2 2 2 2 2 2 2 2 2 2 2 2 2 2
left_child=1 4 6 -2 5 -1 7 10 -5 11 -3 -8 13 -10 16 -15 -14
right_child=3 2 -4 8 -6 -7 9 -9 12 -11 -12 -13 14 15 -16 -17 -18
leaf_value=0.027159987392561757 0.050751323062299736 0.050444671724909643 -0.068345496995888586 -0.056974497722098331 -0.029126093085682449 -0.0060066202748440623 0.05043855433606375 -0.053055105422686405 -0.050742551015167975 0.056928553720961422 0.051923452742324107 0.051842837349066841 -0.050797450146651026 -0.050775004299796249 -0.050801977575683215 -0.050788759335795387 -0.050788608064793198
leaf_weight=2.9158668853342515 0.4603795362636437 7.5254372423514706 0.35615628957748313 0.63189938850700755 2.6504052951931953 3.7599290832877159 165.3538552261889 0.29527314752340306 0.5155570469796652 0.27805951237678428 0.22655671834945668 0.19323813915252586 0.61655727028846641 0.56982313096523318 0.78818663023412128 1.5251137893646953 302.55454602465034
leaf_count=36 33 866 1 18 20 20 19187 3 20 3 8 6 22 21 28 55 10913
internal_value=-0.0140183 0.0473801 0.0500345 -0.0506493 -0.00220728 0.00847995 0.0502769 0.0466887 -0.0508013 0.0504511 0.0504879 0.0504402 -0.0507886 -0.0507766 -0.0507887 -0.050785 -0.0507886
internal_weight=491.217 183.555 174.229 307.662 9.3262 6.6758 173.872 8.04727 307.202 165.825 7.75199 165.547 306.57 2.61049 303.959 2.09494 303.171
internal_count=31260 20150 20074 11110 76 56 20073 877 11077 19196 874 19193 11059 96 10963 76 10935
is_linear=0
shrinkage=0.05


Tree=75
num_leaves=18
num_cat=0
split_feature=26 20 42 42 19 17 25 43 15 42 19 42 16 43 19 15 42
split_gain=419.71 9.58514 1.89628 1.80238 1.026 0.0414498 1.1595 0.0261729 0.00842568 0.00400686 0.000165434 0.000130755 1.28674e-07 2.56102e-07 4.81204e-08 2.69768e-08 1.65164e-08
threshold=7.5000000000000009 1.5000000000000002 0.24999999999583336 0.090499590499136709 0.97222222222222232 20.500000000000004 1.0000000180025095e-35 0.78888888887872854 88.500000000000014 0.24048192771031504 0.24844826994959021 0.23333333333290127 37.000000000000007 0.59999999999550013 1.2792207792207795 107.50000000000001 0.099999999999250008
decision_type=2 2 2 2 2 2 2 2 2 2 2 2 2 2 2 2 2
left_child=1 4 5 -2 -1 6 10 -6 -5 11 -3 -7 13 -10 16 -15 -14
right_child=3 2 -4 8 7 9 -8 -9 12 -11 -12 -13 14 15 -16 -17 -18
leaf_value=0.024786346449571596 0.050714222512373924 0.05042279848674254 -0.06713354788955124 -0.056659427034633718 -0.0089968376094311363 0.050416981367213343 -0.05289724077861202 -0.015238503043815108 -0.050705826117090916 0.056558223359341353 0.05182758344490266 0.051750149701731522 -0.050757955566197735 -0.050749582649763952 -0.050762255304906405 -0.050736306066367969 -0.050749559499909475
leaf_weight=2.5701212026178819 0.4382388535886993 7.1614437857642761 0.34474590420722862 0.60433943476527829 3.1407563351094723 157.35505689587444 0.28168954700231541 3.6100200600922108 0.49075927957892362 0.26618638634681602 0.21589599177241314 0.18413471430539985 0.58693226799368758 1.4779981598258016 0.75031821615993877 0.51625543646514405 288.01465325243771
leaf_count=31 33 866 1 18 26 19187 3 19 20 3 8 6 22 56 28 20 10913
internal_value=-0.0139954 0.0472371 0.0500105 -0.0506099 -0.00209897 0.0502546 0.0466624 -0.0123346 -0.0507617 0.0504289 0.0504639 0.0504185 -0.0507495 -0.0507382 -0.0507496 -0.0507461 -0.0507496
internal_weight=468.01 175.13 165.809 292.879 9.3209 165.464 7.65903 6.75078 292.441 157.805 7.37734 157.539 291.837 2.48501 289.352 1.99425 288.602
internal_count=31260 20150 20074 11110 76 20073 877 45 11077 19196 874 19193 11059 96 10963 76 10935
is_linear=0
shrinkage=0.05


Tree=76
num_leaves=18
num_cat=0
split_feature=26 20 42 42 16 19 17 25 15 42 19 42 16 43 19 23 42
split_gain=398.633 9.49224 1.79812 1.71318 1.07154 2.51361 0.0395296 1.10222 0.00734845 0.00343537 0.000142267 0.000112306 1.10381e-07 2.19816e-07 4.1362e-08 2.31594e-08 1.41841e-08
threshold=7.5000000000000009 1.5000000000000002 0.24999999999583336 0.090499590499136709 6.0000000000000009 0.97222222222222232 20.500000000000004 1.0000000180025095e-35 88.500000000000014 0.24048192771031504 0.24844826994959021 0.23333333333290127 37.000000000000007 0.59999999999550013 1.2792207792207795 2.5000000000000004 0.099999999999250008
decision_type=2 2 2 2 2 2 2 2 2 2 2 2 2 2 2 2 2
left_child=1 4 6 -2 -1 -6 7 10 -5 11 -3 -8 13 -10 16 -15 -14
right_child=3 2 -4 8 5 -7 9 -9 12 -11 -12 -13 14 15 -16 -17 -18
leaf_value=0.014212678435368636 0.050678974391178661 0.05040201115372489 -0.066021070500673171 -0.056356609996648377 0.018743431776754162 -0.056555625232916712 0.050396481137649711 -0.052747967932810794 -0.050670940583000958 0.056209353726295479 0.051736588931404683 0.051662254578526148 -0.050720441013319663 -0.05070019227820062 -0.050724530320391717 -0.050712603096025689 -0.05071246618724367
leaf_weight=4.8636060804128629 0.41714832466095586 6.8149147904478005 0.33331698179244895 0.57787640485912461 2.166949350386858 2.2685911990702152 149.74010797170922 0.26869051158428181 0.46713794395327513 0.25473606586456199 0.20571870170533646 0.1754448339343061 0.558709766715764 0.5163328181952237 0.71424220502376456 1.3820061217993496 274.16334317065775
leaf_count=27 33 866 1 18 25 24 19187 3 20 3 8 6 22 21 28 55 10913
internal_value=-0.0139727 0.0470947 0.0499877 -0.0505724 -0.00199595 -0.0197688 0.0502333 0.0466375 -0.0507241 0.0504078 0.0504411 0.050398 -0.0507124 -0.0507017 -0.0507125 -0.0507092 -0.0507125
internal_weight=445.889 167.092 157.793 278.797 9.29915 4.43554 157.46 7.28932 278.38 150.17 7.02063 149.916 277.802 2.36548 275.436 1.89834 274.722
internal_count=31260 20150 20074 11110 76 49 20073 877 11077 19196 874 19193 11059 96 10963 76 10935
is_linear=0
shrinkage=0.05


Tree=77
num_leaves=18
num_cat=0
split_feature=26 20 42 42 43 43 17 25 15 42 19 42 16 43 19 15 42
split_gain=378.707 9.2953 1.70557 1.62845 1.07197 0.2324 0.0376934 1.04781 0.00640357 0.00294605 0.000122351 9.64722e-05 9.47509e-08 1.88678e-07 3.55088e-08 1.99037e-08 1.21721e-08
threshold=7.5000000000000009 1.5000000000000002 0.24999999999583336 0.090499590499136709 0.66666666665000007 0.92857142851530627 20.500000000000004 1.0000000180025095e-35 88.500000000000014 0.24048192771031504 0.24844826994959021 0.23333333333290127 37.000000000000007 0.59999999999550013 1.2792207792207795 107.50000000000001 0.099999999999250008
decision_type=2 2 2 2 2 2 2 2 2 2 2 2 2 2 2 2 2
left_child=1 4 6 -2 -1 -6 7 10 -5 11 -3 -8 13 -10 16 -15 -14
right_child=3 2 -4 8 5 -7 9 -9 12 -11 -12 -13 14 15 -16 -17 -18
leaf_value=0.022981323400477316 0.050645483695105291 0.050382253972490548 -0.06499750186515367 -0.056065831776702615 -0.025644454660221423 -0.0058749433633534121 0.050376993798051876 -0.052606773183627789 -0.050637802430540418 0.055880530821400591 0.051650217288065708 0.051578901246161525 -0.050684808175713192 -0.05067726154225527 -0.050688693189747697 -0.050665281000236533 -0.050677236182668811
leaf_weight=2.932289391756056 0.39705953467637201 6.4850255856290451 0.32192644476890464 0.5524720111861815 2.4587193392217159 3.7597468942403793 142.49090348230675 0.25625496357679356 0.44463883340358679 0.24370220303535362 0.19600466452538956 0.16715118288993736 0.53182535246014495 1.3392138127237556 0.67987639456987281 0.46776014752686013 260.96896673738956
leaf_count=23 33 866 1 18 33 20 19187 3 20 3 8 6 22 56 28 20 10913
internal_value=-0.0139544 0.0469846 0.0499661 -0.0505368 -0.00194005 -0.0136916 0.0502131 0.0466138 -0.0506884 0.0503878 0.0504195 0.0503784 -0.0506772 -0.050667 -0.0506773 -0.0506742 -0.0506773
internal_weight=424.694 159.312 150.161 265.382 9.15076 6.21847 149.839 6.93729 264.985 142.902 6.68103 142.658 264.432 2.25161 262.181 1.80697 261.501
internal_count=31260 20150 20074 11110 76 53 20073 877 11077 19196 874 19193 11059 96 10963 76 10935
is_linear=0
shrinkage=0.05


Tree=78
num_leaves=18
num_cat=0
split_feature=26 20 42 42 7 43 17 25 15 42 19 42 16 43 19 23 42
split_gain=359.682 9.21215 1.61824 1.54797 1.01378 0.706772 0.035938 0.996114 0.00557583 0.00252695 0.000105227 8.28775e-05 8.13481e-08 1.62006e-07 3.05053e-08 1.70928e-08 1.04688e-08
threshold=7.5000000000000009 1.5000000000000002 0.24999999999583336 0.090499590499136709 7.291666666666667 0.92857142851530627 20.500000000000004 1.0000000180025095e-35 88.500000000000014 0.24048192771031504 0.24844826994959021 0.23333333333290127 37.000000000000007 0.59999999999550013 1.2792207792207795 2.5000000000000004 0.099999999999250008
decision_type=2 2 2 2 2 2 2 2 2 2 2 2 2 2 2 2 2
left_child=1 4 6 -2 5 -1 7 10 -5 11 -3 -8 13 -10 16 -15 -14
right_child=3 2 -4 8 -6 -7 9 -9 12 -11 -12 -13 14 15 -16 -17 -18
leaf_value=0.027603560817082519 0.050613662596812617 0.050363476173994427 -0.064053707204407118 -0.055786845694206555 -0.028501139612975481 -0.0055640758963884712 0.050358473174776965 -0.052473186104869132 -0.050606317974040818 0.055570445545179536 0.051568218776995092 0.051499828821595886 -0.050650969162559234 -0.050632695553060207 -0.050654655933277719 -0.050643897047779912 -0.050643771490491575
leaf_weight=2.7978222928941232 0.37792617548257013 6.1709892340004435 0.31062284111976524 0.5280894385650744 2.5654882565140724 3.7710205614566803 135.59013384813443 0.24436216056346882 0.42321004718542043 0.2330775186419477 0.18673438392579544 0.15923707932233711 0.50621739774942298 0.46779938973486412 0.64714204519987006 1.252149488776922 248.40125684812665
leaf_count=36 33 866 1 18 20 20 19187 3 20 3 8 6 22 21 28 55 10913
internal_value=-0.0139315 0.0468337 0.0499455 -0.050503 -0.00184707 0.00856279 0.0501938 0.0465913 -0.0506545 0.0503687 0.0503989 0.0503598 -0.0506437 -0.050634 -0.0506438 -0.0506409 -0.0506438
internal_weight=404.633 152.029 142.895 252.604 9.13433 6.56884 142.585 6.60209 252.226 135.982 6.35772 135.749 251.698 2.14316 249.555 1.71995 248.907
internal_count=31260 20150 20074 11110 76 56 20073 877 11077 19196 874 19193 11059 96 10963 76 10935
is_linear=0
shrinkage=0.05


Tree=79
num_leaves=18
num_cat=0
split_feature=26 20 42 42 43 43 17 25 15 42 19 42 16 43 19 15 42
split_gain=341.601 9.13898 1.53576 1.47152 0.980736 0.227465 0.0342604 0.947001 0.00485157 0.00216789 9.05031e-05 7.12057e-05 6.98576e-08 1.39102e-07 2.62086e-08 1.46915e-08 8.99394e-09
threshold=7.5000000000000009 1.5000000000000002 0.24999999999583336 0.090499590499136709 0.66666666665000007 0.92857142851530627 20.500000000000004 1.0000000180025095e-35 88.500000000000014 0.24048192771031504 0.24844826994959021 0.23333333333290127 37.000000000000007 0.59999999999550013 1.2792207792207795 107.50000000000001 0.099999999999250008
decision_type=2 2 2 2 2 2 2 2 2 2 2 2 2 2 2 2 2
left_child=1 4 6 -2 -1 -6 7 10 -5 11 -3 -8 13 -10 16 -15 -14
right_child=3 2 -4 8 5 -7 9 -9 12 -11 -12 -13 14 15 -16 -17 -18
leaf_value=0.022236924898964276 0.050583432764370773 0.050345626175078442 -0.063181740778991288 -0.055519373823196411 -0.02484683831115473 -0.005270570006454073 0.050340869641318189 -0.052346757519662362 -0.050576407083208014 0.055277891104937749 0.051490368766177436 0.051424819630121292 -0.05061881929222603 -0.050612005201916832 -0.050622322103228673 -0.050601191119733858 -0.050611981106323124
leaf_weight=2.9039558842778188 0.35970394127070804 5.8720552981831124 0.2994474470615377 0.50469320733100076 2.4421038366854191 3.7816861495375633 129.02129367180169 0.23299169540405262 0.40280191972851698 0.2228538915514936 0.17788902670145024 0.15168635547161002 0.4818270169198503 1.2132981717586515 0.61596382223069568 0.4237650018185376 236.43126739375293
leaf_count=23 33 866 1 18 33 20 19187 3 20 3 8 6 22 56 28 20 10913
internal_value=-0.013908 0.0466749 0.0499259 -0.0504708 -0.00175675 -0.0129519 0.0501756 0.0465699 -0.0506223 0.0503506 0.0503793 0.0503421 -0.0506119 -0.0506027 -0.050612 -0.0506092 -0.050612
internal_weight=385.539 145.106 135.978 240.433 9.12775 6.22379 135.679 6.28294 240.074 129.396 6.04994 129.173 239.569 2.03987 237.529 1.63706 236.913
internal_count=31260 20150 20074 11110 76 53 20073 877 11077 19196 874 19193 11059 96 10963 76 10935
is_linear=0
shrinkage=0.05


Tree=80
num_leaves=18
num_cat=0
split_feature=26 20 42 42 7 43 17 25 15 42 19 42 16 43 19 23 42
split_gain=324.43 9.05816 1.4578 1.39888 0.946145 0.640832 0.0326574 0.900335 0.00421852 0.00186019 7.78425e-05 6.11841e-05 6.00066e-08 1.19462e-07 2.25153e-08 1.2627e-08 7.71945e-09
threshold=7.5000000000000009 1.5000000000000002 0.24999999999583336 0.090499590499136709 7.291666666666667 0.92857142851530627 20.500000000000004 1.0000000180025095e-35 88.500000000000014 0.24048192771031504 0.24844826994959021 0.23333333333290127 37.000000000000007 0.59999999999550013 1.2792207792207795 2.5000000000000004 0.099999999999250008
decision_type=2 2 2 2 2 2 2 2 2 2 2 2 2 2 2 2 2
left_child=1 4 6 -2 5 -1 7 10 -5 11 -3 -8 13 -10 16 -15 -14
right_child=3 2 -4 8 -6 -7 9 -9 12 -11 -12 -13 14 15 -16 -17 -18
leaf_value=0.026636558725914097 0.050554697128477134 0.050328658598057553 -0.062374663821668154 -0.055263114966041985 -0.027537506419738594 -0.004993364145914149 0.05032413248325153 -0.052227067323710255 -0.050547986422782201 0.055001750526382058 0.051416447493573596 0.051353654933811416 -0.050588273377680432 -0.050571778356713039 -0.050591604187070288 -0.05058189368827877 -0.050581779727486245
leaf_weight=2.7720657959580404 0.34235054440796275 5.5875074490904799 0.2884349524974813 0.48224900756031175 2.5472201816737652 3.7917788252234459 122.76863711373881 0.2221236303448676 0.3833670224994411 0.21302253007888694 0.16945041343569744 0.14448343962430854 0.45859778299927612 0.423775304108858 0.58626970835029979 1.1343495957553384 225.03127259761095
leaf_count=36 33 866 1 18 20 20 19187 3 20 3 8 6 22 21 28 55 10913
internal_value=-0.0138845 0.0465143 0.0499073 -0.0504403 -0.00167264 0.0083647 0.0501582 0.0465495 -0.0505916 0.0503334 0.0503607 0.0503253 -0.0505817 -0.050573 -0.0505818 -0.0505791 -0.0505818
internal_weight=367.347 138.505 129.394 228.842 9.11106 6.56384 129.105 5.97908 228.5 123.126 5.75696 122.913 228.018 1.94149 226.076 1.55812 225.49
internal_count=31260 20150 20074 11110 76 56 20073 877 11077 19196 874 19193 11059 96 10963 76 10935
is_linear=0
shrinkage=0.05


Tree=81
num_leaves=20
num_cat=0
split_feature=26 41 19 16 42 42 15 17 2 15 15 42 16 43 19 15 42 18 18
split_gain=308.109 9.02387 4.31784 2.51433 1.38697 1.32987 0.0189843 0.0219949 0.56975 0.00384745 0.00366576 0.00159527 5.15606e-08 1.026e-07 1.93345e-08 1.08537e-08 6.6282e-09 3.77476e-15 2.22045e-16
threshold=7.5000000000000009 0.28348214285466261 0.64171122994652419 6.0000000000000009 0.24999999999583336 0.090499590499136709 34.500000000000007 13.000000000000002 6.8473193473193481 51.000000000000007 88.500000000000014 0.24048192771031504 37.000000000000007 0.59999999999550013 1.2792207792207795 107.50000000000001 0.099999999999250008 104.9987815723572 105.0004199468918
decision_type=2 2 2 2 2 2 2 2 2 2 2 2 2 2 2 2 2 2 2
left_child=1 2 9 -4 6 -2 -3 8 -8 -1 -7 -9 13 -12 16 -15 -14 -11 -19
right_child=5 4 3 -5 -6 10 7 11 -10 17 12 -13 14 15 -16 -17 -18 18 -20
leaf_value=0.054024960694216598 0.050527395130373791 0.056707305978157513 0.0038700887153870316 -0.057694888648256483 -0.061626380338790546 -0.0550177533599178 -0.052113740755847821 0.050311011634726115 0.050307970300511706 0.050307566344665544 -0.05052098110457192 0.054741000275479651 -0.050559253015388744 -0.050553105970389083 -0.05056241714451009 -0.050543339929950665 -0.050553085221637123 0.050307575612785128 0.050307575612785087
leaf_weight=1.2934877984225732 0.32582543417811294 1.1309466511011113 3.9931319686584175 2.836450669914484 0.27761444449424644 0.46072359103709359 0.14115893840789739 117.2824674458243 3.5642475783824921 0.12152606528252374 0.36486001312732597 0.20357409864663978 0.43647577241063018 1.0990880262106655 0.55799077264964481 0.3838625932112335 214.17480600811541 0.80817230837419607 0.57726593455299735
leaf_count=20 33 13 30 27 1 18 2 19220 586 20 20 3 22 56 28 20 10913 133 95
internal_value=-0.0138602 0.0463451 -0.000259873 -0.021699 0.0500059 -0.0504113 0.0502592 0.0501991 0.0464062 0.0520246 -0.0505625 0.0503187 -0.0505531 -0.0505447 -0.0505531 -0.0505506 -0.0505531 0.0503076 0.0503076
internal_weight=350.034 132.23 9.63003 6.82958 122.6 217.804 122.322 121.191 3.70541 2.80045 217.478 117.486 217.017 1.84781 215.169 1.48295 214.611 1.50696 1.38544
internal_count=31260 20150 325 57 19825 11110 19824 19811 588 268 11077 19223 11059 96 10963 76 10935 248 228
is_linear=0
shrinkage=0.05


Tree=82
num_leaves=19
num_cat=0
split_feature=26 41 19 16 42 42 15 17 2 15 15 42 16 43 19 23 42 18
split_gain=292.773 8.7584 4.06368 2.40344 1.317 1.26431 0.0163258 0.0209432 0.54172 0.00329347 0.00318357 0.0013693 4.42779e-08 8.81235e-08 1.66177e-08 9.32507e-09 5.69949e-09 6.88338e-15
threshold=7.5000000000000009 0.28348214285466261 0.64171122994652419 6.0000000000000009 0.24999999999583336 0.090499590499136709 34.500000000000007 13.000000000000002 6.8473193473193481 51.000000000000007 88.500000000000014 0.24048192771031504 37.000000000000007 0.59999999999550013 1.2792207792207795 2.5000000000000004 0.099999999999250008 104.9987815723572
decision_type=2 2 2 2 2 2 2 2 2 2 2 2 2 2 2 2 2 2
left_child=1 2 9 -4 6 -2 -3 8 -8 -1 -7 -9 13 -12 16 -15 -14 -11
right_child=5 4 3 -5 -6 10 7 11 -10 17 12 -13 14 15 -16 -17 -18 -19
leaf_value=0.053815082122882357 0.050501451600773385 0.056352820018297126 0.0036826762141617627 -0.057304452026545341 -0.06093151568983788 -0.054782961972514956 -0.052006409470493092 0.050295756901477501 0.050292856458116569 0.050292472274518524 -0.050495321875282898 0.054494683030258853 -0.050531682538114464 -0.050516789238874475 -0.050534688051111554 -0.050525922805894775 -0.05052581991208599 0.050292484958359363
leaf_weight=1.2350809127092344 0.31008996069431205 1.0823855847120274 3.9866925552487373 2.7160333842039108 0.2670099139213552 0.44008472561836143 0.13454465568065588 111.5955204772763 3.3914103056304157 0.11563298664987098 0.3472374901175489 0.19449881464242835 0.41540943458676238 0.38385129440575827 0.53106116130947967 1.0275136195123193 203.83654025755823 1.3182550761848686
leaf_count=20 33 13 30 27 1 18 2 19220 586 20 20 3 22 21 28 55 10913 228
internal_value=-0.0138447 0.0462506 -0.000253885 -0.0210301 0.0499863 -0.0503837 0.0502408 0.0501834 0.0463893 0.0519226 -0.0505348 0.0503031 -0.0505258 -0.0505179 -0.0505259 -0.0505234 -0.0505258 0.0502925
internal_weight=333.329 126.037 9.37169 6.70273 116.665 207.292 116.398 115.316 3.52595 2.66897 206.982 111.79 206.542 1.7586 204.783 1.41136 204.252 1.43389
internal_count=31260 20150 325 57 19825 11110 19824 19811 588 268 11077 19223 11059 96 10963 76 10935 248
is_linear=0
shrinkage=0.05


Tree=83
num_leaves=19
num_cat=0
split_feature=26 41 19 16 42 42 15 17 2 15 15 42 16 43 19 15 42 18
split_gain=278.2 8.50392 3.82508 2.29792 1.25075 1.202 0.0140434 0.0199407 0.515082 0.00282006 0.0027633 0.00117551 3.80286e-08 7.56979e-08 1.42898e-08 8.01615e-09 4.89629e-09 2.66454e-15
threshold=7.5000000000000009 0.28348214285466261 0.64171122994652419 6.0000000000000009 0.24999999999583336 0.090499590499136709 34.500000000000007 13.000000000000002 6.8473193473193481 51.000000000000007 88.500000000000014 0.24048192771031504 37.000000000000007 0.59999999999550013 1.2792207792207795 107.50000000000001 0.099999999999250008 104.9987815723572
decision_type=2 2 2 2 2 2 2 2 2 2 2 2 2 2 2 2 2 2
left_child=1 2 9 -4 6 -2 -3 8 -8 -1 -7 -9 13 -12 16 -15 -14 -11
right_child=5 4 3 -5 -6 10 7 11 -10 17 12 -13 14 15 -16 -17 -18 -19
leaf_value=0.053616821253336236 0.050476786905787885 0.056018463516852024 0.0035040828466082309 -0.0569342727973201 -0.060285323941175931 -0.05455839751346625 -0.051904729974946322 0.050281255131589833 0.050278495326936602 0.050278129813539331 -0.050470937266028373 0.054261913558762156 -0.050505481611406937 -0.050499932595281488 -0.05050834115823636 -0.050491113818345416 -0.050499911597794302 0.050278138058287451
leaf_weight=1.179079741239546 0.29510717466473479 1.0355867817997921 3.9805544819682837 2.5999438762664795 0.25664091110229392 0.42030112817883392 0.128227218985557 106.18278750963509 3.2269075410440564 0.11002408433705579 0.33045808412134547 0.18578658252954383 0.39534948393702407 0.99551966600120045 0.50541786663234134 0.34768046997487545 193.99228574708104 1.2543118167668579
leaf_count=20 33 13 30 27 1 18 2 19220 586 20 20 3 22 56 28 20 10913 228
internal_value=-0.0138292 0.0461541 -0.000248024 -0.020375 0.0499677 -0.0503575 0.0502232 0.0501685 0.0463732 0.0518259 -0.0505085 0.0502882 -0.0504999 -0.0504924 -0.0504999 -0.0504976 -0.0504999 0.0502781
internal_weight=317.422 120.14 9.12391 6.5805 111.016 197.282 110.759 109.724 3.35513 2.54342 196.987 106.369 196.567 1.67366 194.893 1.3432 194.388 1.36434
internal_count=31260 20150 325 57 19825 11110 19824 19811 588 268 11077 19223 11059 96 10963 76 10935 248
is_linear=0
shrinkage=0.05


Tree=84
num_leaves=20
num_cat=0
split_feature=26 41 19 16 42 42 17 2 15 15 15 15 42 16 43 19 23 42 18
split_gain=264.353 8.26 3.60104 2.19743 1.18801 1.1428 0.0131176 0.496322 0.0126076 0.00241534 0.00239728 0.00143366 0.00100929 3.26221e-08 6.50337e-08 1.22918e-08 6.88654e-09 4.21309e-09 2.66454e-15
threshold=7.5000000000000009 0.28348214285466261 0.64171122994652419 6.0000000000000009 0.24999999999583336 0.090499590499136709 13.000000000000002 6.8473193473193481 34.500000000000007 51.000000000000007 88.500000000000014 43.500000000000007 0.24048192771031504 37.000000000000007 0.59999999999550013 1.2792207792207795 2.5000000000000004 0.099999999999250008 104.9987815723572
decision_type=2 2 2 2 2 2 2 2 2 2 2 2 2 2 2 2 2 2 2
left_child=1 2 9 -4 6 -2 7 -3 -8 -1 -7 -9 -10 14 -12 17 -16 -15 -11
right_child=5 4 3 -5 -6 10 8 11 12 18 13 -13 -14 15 16 -17 -18 -19 -20
leaf_value=0.053429467040414048 0.050453348401449452 -0.051808388212148553 0.0033339044257039655 -0.056583284092425849 -0.059683593061726437 -0.054343713103167185 0.058319984069211454 0.053148813563138414 0.050267466652727792 0.050264490477734652 -0.0504477646735099 0.050264838522823388 0.054041874112438916 -0.050480585183927819 -0.050467140888914047 -0.050483302969943002 -0.050475388375516697 -0.050475288879364311 0.050264498653086923
leaf_weight=1.1254087947308999 0.28084173891693254 0.12219460308551733 3.974704431835562 2.4880960136651993 0.24652309715747733 0.40134235471486945 0.48923525214195152 0.50128387287259135 101.03119627572596 0.10468583460897218 0.31448219530284305 3.0703424448147416 0.17742703855037589 0.37624886631965537 0.34765335917472817 0.48100077733397384 0.93064282275736332 184.61891040951014 1.1934538800269363
leaf_count=20 33 2 30 27 1 18 4 9 19220 20 20 586 3 22 21 28 55 10913 228
internal_value=-0.0138136 0.0460554 -0.000242285 -0.0197335 0.04995 -0.0503326 0.0502065 0.0472796 0.0503128 0.0517342 -0.0504835 0.0506696 0.0502741 -0.0504753 -0.0504681 -0.0504753 -0.0504731 -0.0504753 0.0502645
internal_weight=302.276 114.525 8.88635 6.4628 105.638 187.751 105.392 3.69382 101.698 2.42355 187.47 3.57163 101.209 187.069 1.59278 185.476 1.2783 184.995 1.29814
internal_count=31260 20150 325 57 19825 11110 19824 597 19227 268 11077 595 19223 11059 96 10963 76 10935 248
is_linear=0
shrinkage=0.05


Tree=85
num_leaves=18
num_cat=0
split_feature=26 20 42 42 43 26 17 25 15 42 19 42 16 43 19 15 42
split_gain=251.194 8.03439 1.12638 1.08654 0.906736 0.0520332 0.025329 0.695142 0.00207875 0.000867315 3.7158e-05 2.90623e-05 2.80092e-08 5.58848e-08 1.05734e-08 5.92558e-09 3.62394e-09
threshold=7.5000000000000009 1.5000000000000002 0.24999999999583336 0.090499590499136709 0.66666666665000007 2.5000000000000004 20.500000000000004 1.0000000180025095e-35 88.500000000000014 0.24048192771031504 0.24844826994959021 0.23333333333290127 37.000000000000007 0.59999999999550013 1.2792207792207795 107.50000000000001 0.099999999999250008
decision_type=2 2 2 2 2 2 2 2 2 2 2 2 2 2 2 2 2
left_child=1 4 6 -2 -1 -6 7 10 -5 11 -3 -8 13 -10 16 -15 -14
right_child=3 2 -4 8 5 -7 9 -9 12 -11 -12 -13 14 15 -16 -17 -18
leaf_value=0.02354906277266651 0.050431073465661905 0.050255589772984104 -0.059122552694865799 -0.054138563318377388 -0.0088123228848528811 -0.018653371387006758 0.050252103229092876 -0.051705516759474962 -0.050425739379291949 0.053833790655843629 0.051103193685728437 0.051052408825583241 -0.050456926906531085 -0.050451919797173818 -0.050459510840560641 -0.050443952557239782 -0.050451891630742235
leaf_weight=2.5067849159240705 0.26725995959713955 4.3577955244109026 0.23666876554489036 0.38317880500107904 3.578721608966589 2.150234267115593 95.758147823624313 0.17353850230574597 0.29927208833396335 0.16940968483686347 0.13325641769915808 0.11357243731617828 0.35806255787610908 0.90162151306867577 0.45775238610803981 0.31487856898456812 175.69431873783469
leaf_count=23 33 866 1 18 18 35 19187 3 20 3 8 6 22 56 28 20 10913
internal_value=-0.013798 0.0459543 0.0498286 -0.0503089 -0.00153156 -0.0125059 0.0500846 0.0464865 -0.0504598 0.0502594 0.0502807 0.0502531 -0.0504519 -0.0504451 -0.0504519 -0.0504499 -0.0504519
internal_weight=287.854 109.178 100.942 178.676 8.23574 5.72896 100.706 4.66459 178.409 96.0411 4.49105 95.8717 178.026 1.51577 176.51 1.2165 176.052
internal_count=31260 20150 20074 11110 76 53 20073 877 11077 19196 874 19193 11059 96 10963 76 10935
is_linear=0
shrinkage=0.05


Tree=86
num_leaves=20
num_cat=0
split_feature=26 41 19 16 42 42 17 17 15 15 15 15 42 16 43 19 15 42 18
split_gain=238.544 7.99771 3.32518 2.11458 1.07225 1.03308 0.0119551 0.448678 0.0100977 0.00211053 0.00180174 0.00114883 0.000744331 2.41044e-08 4.80124e-08 9.07573e-09 5.09128e-09 3.11002e-09 4.44089e-16
threshold=7.5000000000000009 0.28348214285466261 0.64171122994652419 6.0000000000000009 0.24999999999583336 0.090499590499136709 13.000000000000002 10.000000000000002 34.500000000000007 51.000000000000007 88.500000000000014 43.500000000000007 0.24048192771031504 37.000000000000007 0.59999999999550013 1.2792207792207795 107.50000000000001 0.099999999999250008 104.9987815723572
decision_type=2 2 2 2 2 2 2 2 2 2 2 2 2 2 2 2 2 2 2
left_child=1 2 9 -4 6 -2 7 11 -8 -1 -7 -3 -10 14 -12 17 -16 -15 -11
right_child=5 4 3 -5 -6 10 8 -9 12 18 13 -13 -14 15 16 -17 -18 -19 -20
leaf_value=0.053298337691517012 0.050409898045758177 0.052916354086284451 0.0033438466739495695 -0.05630702425216956 -0.058598837958957498 -0.05394260031277967 0.05766597565825872 -0.051630554027118171 0.050241891011638243 0.050239199271629988 -0.050404808707242357 0.050239514366492793 0.053636968239182785 -0.050434444816927451 -0.050429684460356929 -0.050436899306546247 -0.050422114016665409 -0.050429663178539641 0.050239201983308349
leaf_weight=1.0837661959230882 0.25432963948696752 0.46836210042238224 3.9794077943079174 2.3708468303084373 0.22708721458911796 0.36578166019171376 0.46106061339378257 0.11093869060277928 91.462179012596607 0.094769758172333352 0.28479165025055309 2.7795154969207942 0.16172387450933357 0.34074765257537265 0.85801753215491749 0.43561781942844291 0.299648217856884 167.19742125924677 1.080407381057739
leaf_count=20 33 9 30 27 1 18 4 2 19220 20 20 586 3 22 56 28 20 10913 228
internal_value=-0.0137725 0.0457662 -0.000393289 -0.0189266 0.04992 -0.0502864 0.0501782 0.0472481 0.050285 0.0517069 -0.0504372 0.0506255 0.0502479 -0.0504296 -0.0504232 -0.0504297 -0.0504277 -0.0504297 0.0502392
internal_weight=274.316 104.28 8.6092 6.35025 95.6709 170.036 95.4438 3.35882 92.085 2.25894 169.782 3.24788 91.6239 169.416 1.44246 167.974 1.15767 167.538 1.17518
internal_count=31260 20150 325 57 19825 11110 19824 597 19227 268 11077 595 19223 11059 96 10963 76 10935 248
is_linear=0
shrinkage=0.05


Tree=87
num_leaves=21
num_cat=0
split_feature=26 41 19 16 42 42 17 17 15 15 15 15 42 16 43 19 23 42 18 18
split_gain=226.667 7.77413 3.13121 2.0219 1.0188 0.982267 0.0115018 0.4265 0.00861692 0.00180844 0.001561 0.000984963 0.000639319 2.0716e-08 4.12629e-08 7.80076e-09 4.37602e-09 2.67369e-09 1.11022e-15 2.22045e-16
threshold=7.5000000000000009 0.28348214285466261 0.64171122994652419 6.0000000000000009 0.24999999999583336 0.090499590499136709 13.000000000000002 10.000000000000002 34.500000000000007 51.000000000000007 88.500000000000014 43.500000000000007 0.24048192771031504 37.000000000000007 0.59999999999550013 1.2792207792207795 2.5000000000000004 0.099999999999250008 104.9987815723572 105.00205304534914
decision_type=2 2 2 2 2 2 2 2 2 2 2 2 2 2 2 2 2 2 2 2
left_child=1 2 9 -4 6 -2 7 11 -8 -1 -7 -3 -10 14 -12 17 -16 -15 -11 -20
right_child=5 4 3 -5 -6 10 8 -9 12 18 13 -13 -14 15 16 -17 -18 -19 19 -21
leaf_value=0.053128418011964322 0.050389768662112436 0.052766054744919723 0.0031812397982700102 -0.055987926782330458 -0.058109436315185316 -0.053755476816579995 0.057236413516976364 -0.051548503974840759 0.050230044503479399 0.050227476512812133 -0.050384913135056331 0.050227775817310374 0.053450726289212158 -0.050413078065204169 -0.050401535181995839 -0.050415410271114992 -0.050408617212258734 -0.050408533237839476 0.050227483192064763 0.05022748319206443
leaf_weight=1.0341241061687452 0.24202003236859937 0.44675676524639119 3.9738178602419794 2.2677475567907095 0.21778513491153617 0.34912289865314861 0.44178244471549888 0.10569187998771656 87.021518843714148 0.090168293565511815 0.27100646775215764 2.6445591081865132 0.15435897558927436 0.32426311261951823 0.29960353113710858 0.41454465501010318 0.80205011647194624 159.10809379443526 0.89720113482326247 0.1307479040697217
leaf_count=20 33 9 30 27 1 18 4 2 19220 20 20 586 3 22 21 28 55 10913 199 29
internal_value=-0.0137565 0.045659 -0.000384 -0.0183167 0.0499045 -0.050265 0.0501636 0.0472178 0.050271 0.0516213 -0.0504157 0.0505946 0.0502357 -0.0504085 -0.0504024 -0.0504086 -0.0504067 -0.0504085 0.0502275 0.0502275
internal_weight=261.237 99.4263 8.39381 6.24157 91.0325 161.811 90.8147 3.19701 87.6177 2.15224 161.569 3.09132 87.1759 161.22 1.37266 159.847 1.10165 159.432 1.11812 1.02795
internal_count=31260 20150 325 57 19825 11110 19824 597 19227 268 11077 595 19223 11059 96 10963 76 10935 248 228
is_linear=0
shrinkage=0.05


Tree=88
num_leaves=20
num_cat=0
split_feature=26 41 19 16 42 42 17 17 15 15 15 15 42 16 43 19 23 42 18
split_gain=215.379 7.55981 2.94902 1.93352 0.968104 0.933975 0.0110586 0.405433 0.0073568 0.00154996 0.0013519 0.000844632 0.000549185 1.77895e-08 3.5461e-08 6.71557e-09 3.76418e-09 2.3004e-09 4.66294e-15
threshold=7.5000000000000009 0.28348214285466261 0.64171122994652419 6.0000000000000009 0.24999999999583336 0.090499590499136709 13.000000000000002 10.000000000000002 34.500000000000007 51.000000000000007 88.500000000000014 43.500000000000007 0.24048192771031504 37.000000000000007 0.59999999999550013 1.2792207792207795 2.5000000000000004 0.099999999999250008 104.9987815723572
decision_type=2 2 2 2 2 2 2 2 2 2 2 2 2 2 2 2 2 2 2
left_child=1 2 9 -4 6 -2 7 11 -8 -1 -7 -3 -10 14 -12 17 -16 -15 -11
right_child=5 4 3 -5 -6 10 8 -9 12 18 13 -13 -14 15 16 -17 -18 -19 -20
leaf_value=0.052967697804560746 0.050370638899523618 0.052623892656801376 0.003026338027767448 -0.055685360566727377 -0.057651626364469723 -0.053576855329488283 0.056833856406543398 -0.051470704674346293 0.050218778092298404 0.050216329389000385 -0.050366003513377756 0.050216619733424853 0.053274456429651444 -0.05039276958039092 -0.050381797624456076 -0.05039498907306899 -0.050388530922520026 -0.05038844805054421 0.050216341425393475
leaf_weight=0.98659868165850473 0.2303018132224669 0.42608721554279316 3.9684921754524112 2.1685726437717676 0.20876695215701957 0.33317522378638287 0.42313754558563133 0.10068535804748524 82.795534669421613 0.085789288394153118 0.25788367167115112 2.5161272911354899 0.14730434119701286 0.308569785207509 0.28510051872581221 0.39448284544050594 0.76323013752698898 151.40710696857423 0.97802690416574478
leaf_count=20 33 9 30 27 1 18 4 2 19220 20 20 586 3 22 21 28 55 10913 228
internal_value=-0.0137403 0.0455489 -0.000374833 -0.0177198 0.0498899 -0.0502446 0.0501497 0.047189 0.0502578 0.0515402 -0.0503953 0.0505652 0.0502242 -0.0503884 -0.0503826 -0.0503885 -0.0503867 -0.0503885 0.0502163
internal_weight=248.785 94.8051 8.18748 6.13706 86.6176 153.98 86.4089 3.0429 83.366 2.05041 153.75 2.94221 82.9428 153.416 1.30621 152.11 1.04833 151.716 1.06382
internal_count=31260 20150 325 57 19825 11110 19824 597 19227 268 11077 595 19223 11059 96 10963 76 10935 248
is_linear=0
shrinkage=0.05


Tree=89
num_leaves=18
num_cat=0
split_feature=26 20 42 42 43 17 25 16 15 42 19 42 16 43 19 15 42
split_gain=204.652 7.3577 0.918326 0.888074 0.841354 0.0206803 0.565987 0.0137799 0.00117038 0.000472143 2.05198e-05 1.59976e-05 1.52978e-08 3.0479e-08 5.76534e-09 3.23539e-09 1.97389e-09
threshold=7.5000000000000009 1.5000000000000002 0.24999999999583336 0.090499590499136709 0.66666666665000007 20.500000000000004 1.0000000180025095e-35 6.0000000000000009 88.500000000000014 0.24048192771031504 0.24844826994959021 0.23333333333290127 37.000000000000007 0.59999999999550013 1.2792207792207795 107.50000000000001 0.099999999999250008
decision_type=2 2 2 2 2 2 2 2 2 2 2 2 2 2 2 2 2
left_child=1 4 5 -2 -1 6 10 -6 -5 11 -3 -7 13 -10 16 -15 -14
right_child=3 2 -4 8 7 9 -8 -9 12 -11 -12 -13 14 15 -16 -17 -18
leaf_value=0.024239023520609061 0.050352450293460839 0.050209066041170695 -0.057222974598726328 -0.053406392729124258 -0.010240970692207491 0.050206253922074187 -0.051381681530942483 -0.015518340825176821 -0.050348028592030608 0.053107581442540436 0.050903122898829679 0.050860574143091378 -0.050373464952765061 -0.050369380996038784 -0.050375574153812469 -0.050362879771587855 -0.05036936128826517
leaf_weight=2.2559015192091456 0.21914699533954163 3.5711195059120655 0.20003512501716514 0.31791210547089477 3.5004203170537949 78.479095960967243 0.14234401285648335 1.91290757805109 0.24539190065115579 0.14054939150810142 0.10976700391620386 0.093525733798741295 0.29363029822707076 0.73936773184686899 0.37538465857505698 0.25820195488631725 144.07609537430108
leaf_count=23 33 866 1 18 17 19187 3 36 20 3 8 6 22 56 28 20 10913
internal_value=-0.013724 0.0454356 0.0497785 -0.0502253 -0.00141501 0.0500378 0.0464466 -0.0121058 -0.0503759 0.0502122 0.0502298 0.050207 -0.0503693 -0.0503638 -0.0503694 -0.0503677 -0.0503694
internal_weight=236.931 90.4057 82.7364 146.525 7.66923 82.5364 3.82323 5.41333 146.306 78.7132 3.68089 78.5726 145.988 1.24296 144.745 0.99757 144.37
internal_count=31260 20150 20074 11110 76 20073 877 53 11077 19196 874 19193 11059 96 10963 76 10935
is_linear=0
shrinkage=0.05


Tree=90
num_leaves=21
num_cat=0
split_feature=26 41 19 16 42 42 17 2 15 15 15 15 42 16 43 19 23 42 18 18
split_gain=194.326 7.32894 2.72231 1.86766 0.874408 0.844446 0.0100642 0.366578 0.00588452 0.00134857 0.0010129 0.00067552 0.000405374 1.31443e-08 2.6203e-08 4.95891e-09 2.78118e-09 1.69766e-09 8.88178e-16 1.11022e-16
threshold=7.5000000000000009 0.28348214285466261 0.64171122994652419 6.0000000000000009 0.24999999999583336 0.090499590499136709 13.000000000000002 6.8473193473193481 34.500000000000007 51.000000000000007 88.500000000000014 43.500000000000007 0.24048192771031504 37.000000000000007 0.59999999999550013 1.2792207792207795 2.5000000000000004 0.099999999999250008 104.9987815723572 105.0004199468918
decision_type=2 2 2 2 2 2 2 2 2 2 2 2 2 2 2 2 2 2 2 2
left_child=1 2 9 -4 6 -2 7 -3 -8 -1 -7 -9 -10 14 -12 17 -16 -15 -11 -20
right_child=5 4 3 -5 -6 10 8 11 12 18 13 -13 -14 15 16 -17 -18 -19 19 -21
leaf_value=0.052851819569411464 0.050335157461233841 -0.051326957672902455 0.0031096679617838986 -0.055459677876724449 -0.056821257863944041 -0.05324376895273332 0.056301679831816692 0.052429782992668816 0.050197878710635774 0.050195664224155015 -0.050330941824006062 0.050195921949637894 0.052949562134649159 -0.050355118809906424 -0.050345209971620924 -0.050357124246939805 -0.050351292278256854 -0.05035121743267354 0.050195670097529149 0.050195670097529101
leaf_weight=0.94862152636051067 0.2085288749076416 0.091353937983512323 3.9759917971678078 2.0696263611316681 0.19159042835235496 0.30330770323052902 0.39759746193885703 0.39749101176857982 74.946907305624336 0.077656256034970284 0.23350124061107524 2.2775942636653781 0.13408362865447898 0.27940898574888606 0.25815087091177702 0.35720445774495502 0.69109856057912111 137.09755714051425 0.51642946200445294 0.36887818714603782
leaf_count=20 33 2 30 27 1 18 4 9 19220 20 20 586 3 22 21 28 55 10913 133 95
internal_value=-0.0136965 0.0452267 -0.000495627 -0.0169407 0.0498651 -0.0502069 0.0501264 0.0471644 0.0502349 0.0515138 -0.0503575 0.0505279 0.0502028 -0.0503512 -0.0503459 -0.0503512 -0.0503496 -0.0503512 0.0501957 0.0501957
internal_weight=225.823 86.3938 7.9572 6.04562 78.4366 139.429 78.245 2.76644 75.4786 1.91159 139.22 2.67509 75.081 138.917 1.18275 137.734 0.949249 137.377 0.962964 0.885308
internal_count=31260 20150 325 57 19825 11110 19824 597 19227 268 11077 595 19223 11059 96 10963 76 10935 248 228
is_linear=0
shrinkage=0.05


Tree=91
num_leaves=21
num_cat=0
split_feature=26 41 19 42 42 3 3 17 2 15 15 15 15 42 16 43 19 15 42 18
split_gain=184.641 7.13218 2.56466 0.831085 0.802975 0.063412 1.2529 0.00966545 0.348498 0.00502926 0.00115626 0.000876321 0.000579539 0.000348326 1.13022e-08 2.25175e-08 4.26218e-09 2.39471e-09 1.45988e-09 8.88178e-16
threshold=7.5000000000000009 0.28348214285466261 0.64171122994652419 0.24999999999583336 0.090499590499136709 -1.0000000180025095e-35 4.4706447457790395 13.000000000000002 6.8473193473193481 34.500000000000007 51.000000000000007 88.500000000000014 43.500000000000007 0.24048192771031504 37.000000000000007 0.59999999999550013 1.2792207792207795 107.50000000000001 0.099999999999250008 104.9987815723572
decision_type=2 2 2 2 2 2 2 2 2 2 2 2 2 2 2 2 2 2 2 2
left_child=1 2 10 7 -2 -4 -7 8 -3 -9 -1 -6 -10 -11 15 -13 18 -17 -16 -12
right_child=4 3 5 -5 11 6 -8 9 12 13 19 14 -14 -15 16 17 -18 -19 -20 -21
leaf_value=0.052706006330839807 0.050318722428991436 -0.051260565654319967 -0.011908520590279789 -0.056444470620251541 -0.053088651355769248 0.01278247538773559 -0.057344137337759886 0.055956687522911067 0.052305677223245889 0.050188192988798279 0.050186085749688282 -0.050314701930774024 0.050186328057072564 0.052799886799530231 -0.050337680706693179 -0.050333990946739918 -0.050339585704968659 -0.050328112988264055 -0.050333971893975427 0.050186091558571969
leaf_weight=0.90479005128145107 0.19842196069657703 0.087008260190486353 3.4013374149799347 0.18343217670917411 0.28933693422004481 1.2716805520467462 1.2760376036167143 0.38047909736633201 0.37897960841655765 71.305111815687269 0.073882658034563065 0.22218314185738453 2.1669184039346874 0.12789671495556731 0.26587179489433665 0.66946745198220015 0.33989878091961045 0.23378677386790514 130.45479338523 0.84228735789656639
leaf_count=20 33 2 15 1 18 35 7 4 9 19220 20 20 586 3 22 56 28 20 10913 228
internal_value=-0.0136795 0.0451059 -0.000483408 0.0498524 -0.0501894 -0.0163762 -0.0223408 0.0501143 0.0471389 0.0502234 0.0514382 -0.05034 0.0505018 0.0501929 -0.050334 -0.050329 -0.050334 -0.0503325 -0.050334 0.0501861
internal_weight=215.074 82.3998 7.77002 74.6298 132.674 5.94906 2.54772 74.4464 2.63291 71.8135 1.82096 132.475 2.5459 71.433 132.186 1.12544 131.061 0.903254 130.721 0.91617
internal_count=31260 20150 325 19825 11110 57 42 19824 597 19227 268 11077 595 19223 11059 96 10963 76 10935 248
is_linear=0
shrinkage=0.05


Tree=92
num_leaves=21
num_cat=0
split_feature=26 41 19 42 42 3 3 17 2 15 15 15 15 42 16 43 19 23 42 18
split_gain=175.39 6.99466 2.40949 0.789958 0.763555 0.0625005 1.19059 0.00927769 0.331319 0.00429996 0.000991566 0.000757935 0.000497278 0.000299333 9.71683e-09 1.93549e-08 3.66802e-09 2.05933e-09 1.25526e-09 7.77156e-16
threshold=7.5000000000000009 0.28348214285466261 0.64171122994652419 0.24999999999583336 0.090499590499136709 -1.0000000180025095e-35 4.4706447457790395 13.000000000000002 6.8473193473193481 34.500000000000007 51.000000000000007 88.500000000000014 43.500000000000007 0.24048192771031504 37.000000000000007 0.59999999999550013 1.2792207792207795 2.5000000000000004 0.099999999999250008 104.9987815723572
decision_type=2 2 2 2 2 2 2 2 2 2 2 2 2 2 2 2 2 2 2 2
left_child=1 2 10 7 -2 -4 -7 8 -3 -9 -1 -6 -10 -11 15 -13 18 -17 -16 -12
right_child=4 3 5 -5 11 6 -8 9 12 13 19 14 -14 -15 16 17 -18 -19 -20 -21
leaf_value=0.052567975265386813 0.050303093507162361 -0.051197582015976066 -0.011248750696177935 -0.056090794180651986 -0.052940730038101041 0.012069974654773077 -0.056937762485756854 0.055632523538070272 0.05218818580085291 0.050178982076710447 0.050176977909270962 -0.050299261672793152 0.050177207881345998 0.052658091772497612 -0.050321102822259128 -0.05031214429228649 -0.050322916055451632 -0.050317644664064631 -0.050317577229752011 0.050176983242088628
leaf_weight=0.8628657292574633 0.18880196567624707 0.082864068448542993 3.4202908873558044 0.1755584180355062 0.27597541175782581 1.2792125581763687 1.222248028963804 0.36397835612296958 0.36128766089677844 67.839659182121977 0.070291793905198574 0.21141038089990505 2.0616017126012594 0.12197844311594863 0.25298628956079383 0.23373297322541475 0.32342613395303388 0.62574068550020456 124.13184749428183 0.80135029647499323
leaf_count=20 33 2 15 1 18 35 7 4 9 19220 20 20 586 3 22 21 28 55 10913 228
internal_value=-0.0136576 0.0449445 -0.00046113 0.0498403 -0.0501728 -0.0156417 -0.0216482 0.0501029 0.0471147 0.0502125 0.0513664 -0.0503233 0.0504771 0.0501834 -0.0503176 -0.0503128 -0.0503176 -0.0503161 -0.0503176 0.050177
internal_weight=204.907 78.6632 7.65626 71.0069 126.244 5.92175 2.50146 70.8314 2.50575 68.3256 1.73451 126.055 2.42289 67.9616 125.779 1.07088 124.708 0.859474 124.385 0.871642
internal_count=31260 20150 325 19825 11110 57 42 19824 597 19227 268 11077 595 19223 11059 96 10963 76 10935 248
is_linear=0
shrinkage=0.05


Tree=93
num_leaves=21
num_cat=0
split_feature=26 41 19 42 42 3 3 17 2 15 15 15 15 42 16 43 19 15 42 18
split_gain=166.597 6.86164 2.26465 0.750908 0.726082 0.0613058 1.132 0.00890116 0.314996 0.00367773 0.00085049 0.000655361 0.000426757 0.000257252 8.35459e-09 1.66382e-08 3.15171e-09 1.77096e-09 1.07849e-09 5.55112e-16
threshold=7.5000000000000009 0.28348214285466261 0.64171122994652419 0.24999999999583336 0.090499590499136709 -1.0000000180025095e-35 4.4706447457790395 13.000000000000002 6.8473193473193481 34.500000000000007 51.000000000000007 88.500000000000014 43.500000000000007 0.24048192771031504 37.000000000000007 0.59999999999550013 1.2792207792207795 107.50000000000001 0.099999999999250008 104.9987815723572
decision_type=2 2 2 2 2 2 2 2 2 2 2 2 2 2 2 2 2 2 2 2
left_child=1 2 10 7 -2 -4 -7 8 -3 -9 -1 -6 -10 -11 15 -13 18 -17 -16 -12
right_child=4 3 5 -5 11 6 -8 9 12 13 19 14 -14 -15 16 17 -18 -19 -20 -21
leaf_value=0.052437277931519921 0.050288237485517244 -0.051137807874133814 -0.010629454302486088 -0.055758560712021579 -0.052799700859372925 0.01140082779060074 -0.056556370514238008 0.055327728741187687 0.052076919473103347 0.050170227456124816 0.050168314147413996 -0.050284584038533545 0.050168536098381622 0.0525237324770714 -0.050305343616589421 -0.050302010310339873 -0.050307066845634907 -0.05029669795908253 -0.050301993495319379 0.050168319233561312
leaf_weight=0.82277735322713741 0.17964570783078571 0.078912548720836084 3.4381157755851746 0.16796615719795127 0.26319941459223528 1.2863887804560366 1.1702799201011655 0.34808596968650718 0.34438316896557841 64.542056393576786 0.066874877084046602 0.20115699619054683 1.9613866270519791 0.11631879955530067 0.24072149395942588 0.60613569244742393 0.30774693377315898 0.2116667190566659 118.11352484766394 0.76239629276096821
leaf_count=20 33 2 15 1 18 35 7 4 9 19220 20 20 586 3 22 56 28 20 10913 228
internal_value=-0.0136351 0.0447777 -0.000439766 0.0498288 -0.050157 -0.0149397 -0.0209719 0.050092 0.0470918 0.0502021 0.0512983 -0.0503075 0.0504536 0.0501745 -0.050302 -0.0502975 -0.050302 -0.0503006 -0.050302 0.0501683
internal_weight=195.23 75.1059 7.54683 67.5591 120.124 5.89478 2.45667 67.3911 2.38468 65.0065 1.65205 119.944 2.30577 64.6584 119.681 1.01896 118.662 0.817802 118.354 0.829271
internal_count=31260 20150 325 19825 11110 57 42 19824 597 19227 268 11077 595 19223 11059 96 10963 76 10935 248
is_linear=0
shrinkage=0.05


Tree=94
num_leaves=17
num_cat=0
split_feature=26 20 43 42 42 17 25 15 42 19 42 16 43 19 23 42
split_gain=158.24 6.73746 0.77991 0.712614 0.690459 0.0159807 0.437286 0.000566522 0.000221253 9.75882e-06 7.58286e-06 7.17516e-09 1.43082e-08 2.71334e-09 1.5222e-09 9.29901e-10
threshold=7.5000000000000009 1.5000000000000002 0.66666666665000007 0.24999999999583336 0.090499590499136709 20.500000000000004 1.0000000180025095e-35 88.500000000000014 0.24048192771031504 0.24844826994959021 0.23333333333290127 37.000000000000007 0.59999999999550013 1.2792207792207795 2.5000000000000004 0.099999999999250008
decision_type=2 2 2 2 2 2 2 2 2 2 2 2 2 2 2 2
left_child=1 2 -1 5 -2 6 9 -6 10 -3 -7 12 -9 15 -14 -13
right_child=4 3 -4 -5 7 8 -8 11 -10 -11 -12 13 14 -15 -16 -17
leaf_value=0.025667664964722323 0.050274116078504794 0.050162670694399919 -0.011283981383545298 -0.055446261290203191 -0.052665267096415884 0.050160529580246117 -0.051062350983464171 -0.050270627611957552 0.052396388293878104 0.050703388671570676 0.050669482704763208 -0.050290364756193889 -0.050282268935561862 -0.050292001454273642 -0.050287238907797641 -0.05028717567770552
leaf_weight=1.96157832071185 0.1709310719743361 2.7837279385421425 5.2492036409676075 0.16065149009227653 0.25098598888143797 61.183500877348706 0.11077446490526188 0.19139823410659929 0.11090798676013847 0.086022709030657896 0.073271870613097145 0.22904784418642421 0.21161182411015034 0.2928234227001657 0.56652829609811306 112.38533206470311
leaf_count=23 33 866 53 1 18 19187 3 20 3 8 6 22 21 28 55 10913
internal_value=-0.013612 0.0446053 -0.00123187 0.0497289 -0.050142 0.0499915 0.0464161 -0.0502924 0.0501652 0.0501789 0.0501611 -0.0502872 -0.0502829 -0.0502872 -0.0502859 -0.0502872
internal_weight=186.018 71.7196 7.21078 64.5089 114.299 64.3482 2.98053 114.128 61.3677 2.86975 61.2568 113.877 0.969538 112.907 0.77814 112.614
internal_count=31260 20150 76 20074 11110 20073 877 11077 19196 874 19193 11059 96 10963 76 10935
is_linear=0
shrinkage=0.05


Tree=95
num_leaves=22
num_cat=0
split_feature=26 41 19 42 42 3 3 17 2 15 15 15 15 42 16 43 19 15 42 18 18
split_gain=150.227 6.70607 2.08342 0.678632 0.656593 0.0727646 1.07231 0.00808984 0.284857 0.00293134 0.000733767 0.000489604 0.000339912 0.00019005 6.17567e-09 1.2302e-08 2.33075e-09 1.30903e-09 7.99233e-10 1.33227e-15 1.11022e-16
threshold=7.5000000000000009 0.28348214285466261 0.64171122994652419 0.24999999999583336 0.090499590499136709 -1.0000000180025095e-35 4.4706447457790395 13.000000000000002 6.8473193473193481 34.500000000000007 51.000000000000007 88.500000000000014 43.500000000000007 0.24048192771031504 37.000000000000007 0.59999999999550013 1.2792207792207795 107.50000000000001 0.099999999999250008 104.9987815723572 105.0004199468918
decision_type=2 2 2 2 2 2 2 2 2 2 2 2 2 2 2 2 2 2 2 2 2
left_child=1 2 10 7 -2 -4 -7 8 -3 -9 -1 -6 -10 -11 15 -13 18 -17 -16 -12 -21
right_child=4 3 5 -5 11 6 -8 9 12 13 19 14 -14 -15 16 17 -18 -19 -20 20 -22
leaf_value=0.052336249362816889 0.050260683036124493 -0.051027268425072041 -0.0094336340711822439 -0.055152506029930805 -0.052537139334484742 0.010560231473546393 -0.056267775281620684 0.054913220153468861 0.051921576344117731 0.050153978679267741 0.050152245543781032 -0.050257361117456094 0.050152446124817666 0.052275678902152595 -0.050276124825933521 -0.050273109324061593 -0.050277679063377351 -0.05026830918425057 -0.050273093840542515 0.05015225371500899 0.050152253715008935
leaf_weight=0.7887036483734835 0.1626370269805183 0.071555115282534998 3.4726088047027588 0.1536097526550283 0.23931281454861064 1.2815800104290249 1.1291144564747808 0.32586860656738181 0.32053303346037898 58.418509987182915 0.060529633890837431 0.18211048003286023 1.7752867671661077 0.1057363972067823 0.21793720871209998 0.54876249469816685 0.27861959766596456 0.19162850687280297 106.93342651054263 0.40253402153030038 0.2875243010930717
leaf_count=20 33 2 15 1 18 35 7 4 9 19220 20 20 586 3 22 56 28 20 10913 133 95
internal_value=-0.0135809 0.0443636 -0.000516912 0.0498094 -0.0501277 -0.0140666 -0.0207405 0.0500737 0.0470737 0.0501841 0.0512713 -0.0502781 0.050423 0.0501578 -0.0502731 -0.050269 -0.0502731 -0.0502719 -0.0502731 0.0501523 0.0501523
internal_weight=177.348 68.5937 7.42259 61.1711 108.754 5.8833 2.41069 61.0175 2.16737 58.8501 1.53929 108.592 2.09582 58.5242 108.352 0.922501 107.43 0.740391 107.151 0.750588 0.690058
internal_count=31260 20150 325 19825 11110 57 42 19824 597 19227 268 11077 595 19223 11059 96 10963 76 10935 248 228
is_linear=0
shrinkage=0.05


Tree=96
num_leaves=20
num_cat=0
split_feature=26 41 42 19 42 42 17 2 15 16 15 15 42 2 16 43 19 23 42
split_gain=142.681 6.58005 2.00047 2.42074 0.645177 0.624398 0.00775445 0.27084 0.0025092 0.000669273 0.000423032 0.000291814 0.000163368 3.2639e-05 5.31402e-09 1.05734e-08 2.00514e-09 1.12588e-09 6.85233e-10
threshold=7.5000000000000009 0.28348214285466261 0.3166666666603612 0.64171122994652419 0.24999999999583336 0.090499590499136709 13.000000000000002 6.8473193473193481 34.500000000000007 27.000000000000004 88.500000000000014 43.500000000000007 0.24048192771031504 6.4847926267281109 37.000000000000007 0.59999999999550013 1.2792207792207795 2.5000000000000004 0.099999999999250008
decision_type=2 2 2 2 2 2 2 2 2 2 2 2 2 2 2 2 2 2 2
left_child=1 2 3 9 6 -2 7 -3 -8 -1 -7 -9 -10 -11 15 -12 18 -17 -16
right_child=5 4 -4 -5 -6 10 8 11 12 13 14 -13 -14 -15 16 17 -18 -19 -20
leaf_value=0.052490307589089652 0.050247916842507026 -0.050976165894672326 0.086846107910801662 -0.023447984491688414 -0.054876022112903683 -0.052415043571853309 0.05465069488192123 0.051824355984663784 0.050146448573421182 0.051261625332924804 -0.050244749799714938 0.05014498916145569 0.052161231459696783 0.05014480213373014 -0.050262582264847561 -0.050255266069456496 -0.050264065005405326 -0.050259758339303962 -0.050259705040904872
leaf_weight=0.57627513259649166 0.15474344044923682 0.068131841719149988 0.60172626376152027 5.3575240070931613 0.14683566987514396 0.22815828723832865 0.31142714619636436 0.30545799806714047 55.577539952471852 0.072017412632703781 0.1732712322846045 1.6889498322270808 0.10079468041658302 0.71408475982025266 0.20736272633075614 0.19157376326620579 0.26510113384574552 0.51289003528654575 101.74463605228812
leaf_count=13 33 2 6 55 1 18 4 9 19220 3 20 586 3 248 22 21 28 55 10913
internal_value=-0.0135565 0.0441794 -0.000494061 -0.00831484 0.0497995 -0.0501141 0.0500642 0.0470534 0.0501751 0.051196 -0.0502644 0.0504022 0.0501501 0.0502471 -0.0502597 -0.0502558 -0.0502597 -0.0502585 -0.0502597
internal_weight=168.999 65.5208 7.32163 6.7199 58.1991 103.478 58.0523 2.06254 55.9898 1.36238 103.323 1.99441 55.6783 0.786102 103.095 0.877735 102.217 0.704464 101.952
internal_count=31260 20150 325 319 19825 11110 19824 597 19227 264 11077 595 19223 251 11059 96 10963 76 10935
is_linear=0
shrinkage=0.05


Tree=97
num_leaves=20
num_cat=0
split_feature=26 41 42 19 42 42 17 2 15 16 15 15 42 2 16 43 19 15 42
split_gain=135.497 6.47219 1.84087 2.25123 0.613395 0.593789 0.00742992 0.257518 0.00214847 0.000573878 0.000365434 0.000250553 0.000140442 2.80445e-05 4.56248e-09 9.09658e-09 1.72595e-09 9.68645e-10 5.92024e-10
threshold=7.5000000000000009 0.28348214285466261 0.3166666666603612 0.64171122994652419 0.24999999999583336 0.090499590499136709 13.000000000000002 6.8473193473193481 34.500000000000007 27.000000000000004 88.500000000000014 43.500000000000007 0.24048192771031504 6.4847926267281109 37.000000000000007 0.59999999999550013 1.2792207792207795 107.50000000000001 0.099999999999250008
decision_type=2 2 2 2 2 2 2 2 2 2 2 2 2 2 2 2 2 2 2
left_child=1 2 3 9 6 -2 7 -3 -8 -1 -7 -9 -10 -11 15 -12 18 -17 -16
right_child=5 4 -4 -5 -6 10 8 11 12 13 14 -13 -14 -15 16 17 -18 -19 -20
leaf_value=0.052363212524523167 0.050235779017967386 -0.050927653011578811 0.084192121110492082 -0.022266955082307291 -0.054615658262844272 -0.052298708481612 0.05440335094488085 0.051732223499558888 0.050139284512412265 0.051198581379426983 -0.05023275600096825 0.050137899994388418 0.052052705911256526 0.050137722112570372 -0.050249714958288338 -0.050246989270568712 -0.050251120217307016 -0.050242649494910724 -0.050246973256286499
leaf_weight=0.54946676641702541 0.1472311862744381 0.064869195222853615 0.58995808660984028 5.3595480429939926 0.14032341539859672 0.21750146755948563 0.29755142331123252 0.29106505587697018 52.87435558042489 0.068587308749556541 0.16485905181616445 1.6068002157844601 0.09607372060418029 0.67935193330049515 0.19729877077042957 0.49679318908601999 0.25223532784730096 0.17347823735326529 96.806388465687633
leaf_count=13 33 2 6 55 1 18 4 9 19220 3 20 586 3 248 22 56 28 20 10913
internal_value=-0.013529 0.0439745 -0.000459012 -0.00796103 0.04979 -0.0501012 0.0500552 0.0470341 0.0501666 0.0511363 -0.0502515 0.0503824 0.0501428 0.050235 -0.050247 -0.0502433 -0.050247 -0.0502459 -0.050247
internal_weight=161.074 62.618 7.24691 6.65695 55.371 98.4558 55.2307 1.96273 53.268 1.29741 98.3086 1.89787 52.9704 0.747939 98.0911 0.83513 97.2559 0.670271 97.0037
internal_count=31260 20150 325 319 19825 11110 19824 597 19227 264 11077 595 19223 251 11059 96 10963 76 10935
is_linear=0
shrinkage=0.05


Tree=98
num_leaves=22
num_cat=0
split_feature=26 41 19 42 42 3 3 17 2 15 15 15 15 42 16 43 19 15 42 18 18
split_gain=128.67 6.36683 1.7224 0.5832 0.564688 0.113648 0.930756 0.00711625 0.244857 0.00184011 0.000459383 0.000315615 0.000215153 0.000120741 3.91775e-09 7.81967e-09 1.48725e-09 8.32109e-10 5.07328e-10 3.33067e-16 1.11022e-16
threshold=7.5000000000000009 0.28348214285466261 0.64171122994652419 0.24999999999583336 0.090499590499136709 -1.0000000180025095e-35 4.4706447457790395 13.000000000000002 6.8473193473193481 34.500000000000007 51.000000000000007 88.500000000000014 43.500000000000007 0.24048192771031504 37.000000000000007 0.59999999999550013 1.2792207792207795 107.50000000000001 0.099999999999250008 104.9987815723572 105.00205304534914
decision_type=2 2 2 2 2 2 2 2 2 2 2 2 2 2 2 2 2 2 2 2 2
left_child=1 2 10 7 -2 -4 -7 8 -3 -9 -1 -6 -10 -11 15 -13 18 -17 -16 -12 -21
right_child=4 3 5 -5 11 6 -8 9 12 13 19 14 -14 -15 16 17 -18 -19 -20 20 -22
leaf_value=0.051994539048815215 0.050224233058708934 -0.05088159065240664 -0.0064828998938628911 -0.054370333411840367 -0.052187880349215149 0.0083131534373258997 -0.055663221241297911 0.054170191942417595 0.051644895977694782 0.050132473337329148 0.050130984072004947 -0.050221356238463299 0.050131157134319787 0.051949778991957268 -0.050237470147302503 -0.050234884958003746 -0.050238814660156554 -0.050230761303091023 -0.050234868185178909 0.05013098821119491 0.050130988211194341
leaf_weight=0.67721075750887283 0.14008201705291767 0.061759933829306557 3.5579281747341156 0.13406680524349113 0.20732208248227735 1.2511386792175474 1.0419716518372295 0.28422710299491782 0.27732599526643742 50.302301591727883 0.052119878120720387 0.15685348398983379 1.5286360720638184 0.091564640402792885 0.18772097490727802 0.47267528530210257 0.23999095521867175 0.16505567356944084 92.106720839627087 0.51860823482275009 0.075576074421405792
leaf_count=20 33 2 15 1 18 35 7 4 9 19220 20 20 586 3 22 56 28 20 10913 199 29
internal_value=-0.0135006 0.0437629 -0.000425553 0.049781 -0.050089 -0.0120772 -0.0207572 0.0500467 0.0470157 0.0501584 0.0510845 -0.0502392 0.0503636 0.0501358 -0.0502349 -0.0502314 -0.0502349 -0.0502338 -0.0502349 0.050131 0.050131
internal_weight=153.531 59.8544 7.17455 52.6799 93.6764 5.85104 2.29311 52.5458 1.86772 50.6781 1.32351 93.5363 1.80596 50.3939 93.329 0.794584 92.5344 0.637731 92.2944 0.646304 0.594184
internal_count=31260 20150 325 19825 11110 57 42 19824 597 19227 268 11077 595 19223 11059 96 10963 76 10935 248 228
is_linear=0
shrinkage=0.05


Tree=99
num_leaves=18
num_cat=0
split_feature=26 20 16 23 42 42 17 25 15 42 19 42 16 43 19 23 42
split_gain=122.193 6.25276 0.592845 1.20262 0.553595 0.537019 0.0128646 0.345063 0.000272535 0.000103868 4.63426e-06 3.59036e-06 3.37536e-09 6.72773e-09 1.27775e-09 7.17497e-10 4.366e-10
threshold=7.5000000000000009 1.5000000000000002 6.0000000000000009 1.0000000180025095e-35 0.24999999999583336 0.090499590499136709 20.500000000000004 1.0000000180025095e-35 88.500000000000014 0.24048192771031504 0.24844826994959021 0.23333333333290127 37.000000000000007 0.59999999999550013 1.2792207792207795 2.5000000000000004 0.099999999999250008
decision_type=2 2 2 2 2 2 2 2 2 2 2 2 2 2 2 2 2
left_child=1 2 -1 -4 6 -2 7 10 -7 11 -3 -8 13 -10 16 -15 -14
right_child=5 4 3 -5 -6 8 9 -9 12 -11 -12 -13 14 15 -16 -17 -18
leaf_value=0.0096987744326819184 0.050213257262744886 0.050126599926446025 0.0177325104706464 -0.053117836324261737 -0.054139057493367698 -0.052082308687808304 0.050125027233089751 -0.050835308798874428 -0.050210512144276853 0.051852148405997667 0.050547826103917184 0.050520951212229617 -0.050225838097613974 -0.050219548854067445 -0.05022711364235552 -0.050223412978258213 -0.050223363479488706
leaf_weight=4.4889200404286376 0.13327853032387693 2.1695083703380078 1.0951579473912718 1.3218726105988023 0.12805928289890189 0.19760052906349201 47.695785391144454 0.087934633716940769 0.14923505857586761 0.087258838117121651 0.067322717979550251 0.057329256087540581 0.17860603146254916 0.16500212159007788 0.22833829466253419 0.44176120683550835 87.634189439937472
leaf_count=27 33 866 25 24 1 18 19187 3 20 3 8 6 22 21 28 55 10913
internal_value=-0.0134741 0.0435612 -0.00105099 -0.0210155 0.0496871 -0.0500773 0.0499521 0.0463199 -0.0502275 0.0501287 0.0501393 0.0501255 -0.0502233 -0.05022 -0.0502234 -0.0502224 -0.0502234
internal_weight=146.327 57.1991 6.90595 2.41703 50.2932 89.128 50.1651 2.32477 88.9947 47.8404 2.23683 47.7531 88.7971 0.755998 88.0411 0.606763 87.8128
internal_count=31260 20150 76 49 20074 11110 20073 877 11077 19196 874 19193 11059 96 10963 76 10935
is_linear=0
shrinkage=0.05


Tree=100
num_leaves=20
num_cat=0
split_feature=26 41 42 19 42 42 17 17 15 16 15 15 42 2 16 43 19 23 42
split_gain=116.038 6.1542 1.67276 1.92082 0.52727 0.510713 0.00643762 0.221482 0.00153712 0.000397738 0.000235293 0.000175453 8.92572e-05 1.9702e-05 2.90095e-09 5.78319e-09 1.09887e-09 6.16639e-10 3.76133e-10
threshold=7.5000000000000009 0.28348214285466261 0.3166666666603612 0.64171122994652419 0.24999999999583336 0.090499590499136709 13.000000000000002 10.000000000000002 34.500000000000007 27.000000000000004 88.500000000000014 43.500000000000007 0.24048192771031504 6.4847926267281109 37.000000000000007 0.59999999999550013 1.2792207792207795 2.5000000000000004 0.099999999999250008
decision_type=2 2 2 2 2 2 2 2 2 2 2 2 2 2 2 2 2 2 2
left_child=1 2 3 9 6 -2 7 11 -8 -1 -7 -3 -10 -11 15 -12 18 -17 -16
right_child=5 4 -4 -5 -6 10 8 -9 12 13 14 -13 -14 -15 16 17 -18 -19 -20
leaf_value=0.052094614214151028 0.050202817029193707 0.051534651554402615 0.081443607453172001 -0.020624487688504688 -0.053920928512815838 -0.051981753328523742 0.053912173176022975 -0.050796327305349845 0.050119836443464676 0.051062067533777948 -0.050200206375062985 0.050118639325969883 0.051759527244325337 0.050118490994722847 -0.050214776292356593 -0.05020879626340792 -0.050215987005957245 -0.050212468818443462 -0.050212421578642967
leaf_weight=0.49195943027734645 0.12680415576323767 0.25984629057347675 0.57105097174644459 5.2556072077713907 0.12229407578706641 0.18831786653026839 0.26919972896575828 0.055974274873733409 45.526587657863274 0.061100609600543976 0.14198518823832174 1.3835012232884762 0.08314795419573684 0.58494116086512804 0.1699317954480638 0.15698764426633716 0.2172490181401362 0.42030553705990314 83.377924052998424
leaf_count=13 33 9 6 55 1 18 4 2 19220 3 20 586 3 248 22 21 28 55 10913
internal_value=-0.0134479 0.0433562 -0.000548631 -0.00787184 0.0497666 -0.0500662 0.0500331 0.0470111 0.0501451 0.0510234 -0.0502163 0.0503425 0.0501228 0.0502077 -0.0502124 -0.0502092 -0.0502124 -0.0502115 -0.0502124
internal_weight=139.465 54.6652 6.96466 6.39361 47.7006 84.7995 47.5783 1.69932 45.8789 1.138 84.6727 1.64335 45.6097 0.646042 84.4844 0.719278 83.7651 0.577293 83.5479
internal_count=31260 20150 325 319 19825 11110 19824 597 19227 264 11077 595 19223 251 11059 96 10963 76 10935
is_linear=0
shrinkage=0.05


Tree=101
num_leaves=20
num_cat=0
split_feature=26 41 42 19 42 42 17 17 15 16 15 15 42 2 16 43 19 15 42
split_gain=110.176 6.05478 1.54425 1.78886 0.50136 0.4857 0.00616194 0.210602 0.00131724 0.000341245 0.000203105 0.000150701 7.67492e-05 1.69332e-05 2.49933e-09 4.974e-09 9.43459e-10 5.30211e-10 3.22672e-10
threshold=7.5000000000000009 0.28348214285466261 0.3166666666603612 0.64171122994652419 0.24999999999583336 0.090499590499136709 13.000000000000002 10.000000000000002 34.500000000000007 27.000000000000004 88.500000000000014 43.500000000000007 0.24048192771031504 6.4847926267281109 37.000000000000007 0.59999999999550013 1.2792207792207795 107.50000000000001 0.099999999999250008
decision_type=2 2 2 2 2 2 2 2 2 2 2 2 2 2 2 2 2 2 2
left_child=1 2 3 9 6 -2 7 11 -8 -1 -7 -3 -10 -11 15 -12 18 -17 -16
right_child=5 4 -4 -5 -6 10 8 -9 12 13 14 -13 -14 -15 16 17 -18 -19 -20
leaf_value=0.051988465778745468 0.050192892559788795 0.051457568503810641 0.079238408660139481 -0.019579939140615413 -0.053715109759074009 -0.051885986853921574 0.053706846192966277 -0.050756887962557146 0.050113976897939221 0.051009195213075148 -0.050190404775218037 0.050112848017082469 0.051671647503903441 0.050112702019844302 -0.050204257496035243 -0.050202032220883111 -0.050205408486832283 -0.050198485289454225 -0.050202021504030872
leaf_weight=0.46889762952923664 0.12064309325069089 0.24753435328602691 0.55792902410030354 5.259091739077121 0.11676419526338477 0.17945577809587021 0.25702494382858176 0.053284704685211071 43.311164494138211 0.058179421350359917 0.13508619880303641 1.3161754517350344 0.079223904758690789 0.55647592432796955 0.16167713701724906 0.40709592355415225 0.20669610192999144 0.14215276297181845 79.327552798204124
leaf_count=13 33 9 6 55 1 18 4 2 19220 3 20 586 3 248 22 56 28 20 10913
internal_value=-0.0134168 0.0431236 -0.000511816 -0.00752702 0.0497588 -0.0500556 0.0500257 0.0469947 0.050138 0.0509726 -0.0502058 0.0503257 0.0501168 0.0501976 -0.050202 -0.050199 -0.050202 -0.0502011 -0.050202
internal_weight=132.962 52.2817 6.90057 6.34264 45.3812 80.6804 45.2644 1.61699 43.6474 1.08355 80.5597 1.56371 43.3904 0.614655 80.3803 0.684335 79.6959 0.549249 79.4892
internal_count=31260 20150 325 319 19825 11110 19824 597 19227 264 11077 595 19223 251 11059 96 10963 76 10935
is_linear=0
shrinkage=0.05


Tree=102
num_leaves=20
num_cat=0
split_feature=26 41 42 19 42 42 17 17 15 16 15 15 42 2 16 43 19 23 42
split_gain=104.605 5.95733 1.42779 1.66717 0.476736 0.461917 0.00589622 0.200261 0.00112907 0.000292825 0.000175295 0.000129457 6.59967e-05 1.45548e-05 2.14237e-09 4.279e-09 8.13316e-10 4.56156e-10 2.7822e-10
threshold=7.5000000000000009 0.28348214285466261 0.3166666666603612 0.64171122994652419 0.24999999999583336 0.090499590499136709 13.000000000000002 10.000000000000002 34.500000000000007 27.000000000000004 88.500000000000014 43.500000000000007 0.24048192771031504 6.4847926267281109 37.000000000000007 0.59999999999550013 1.2792207792207795 2.5000000000000004 0.099999999999250008
decision_type=2 2 2 2 2 2 2 2 2 2 2 2 2 2 2 2 2 2 2
left_child=1 2 3 9 6 -2 7 11 -8 -1 -7 -3 -10 -11 15 -12 18 -17 -16
right_child=5 4 -4 -5 -6 10 8 -9 12 13 14 -13 -14 -15 16 17 -18 -19 -20
leaf_value=0.051887889998984138 0.050183453761854901 0.051384464780937333 0.07721958785714933 -0.018588562473363861 -0.053520816831269538 -0.051794791204678128 0.053513016088996092 -0.050719430034821392 0.050108413786367281 0.050959010787483418 -0.050181084054592956 0.050107328720858983 0.051588257358892865 0.050107190501223267 -0.050194253886726083 -0.050188850509437714 -0.050195349224557609 -0.050192170524984307 -0.05019212522905956
leaf_weight=0.44687194377183803 0.11478029796853562 0.2357884868979444 0.54423715919256199 5.2625059178099036 0.1114625483751287 0.17099659610539575 0.24535287916660209 0.050722468644380458 41.203316715545952 0.055395103991031647 0.12852123193442722 1.2521191409323362 0.075478851795195534 0.52939302381128073 0.15382192563265462 0.14210287155583501 0.19665382103994389 0.38045855332165956 75.473201629240066
leaf_count=13 33 9 6 55 1 18 4 2 19220 3 20 586 3 248 22 21 28 55 10913
internal_value=-0.0133846 0.0428834 -0.000476739 -0.0071949 0.0497513 -0.0500456 0.0500186 0.0469792 0.0501312 0.0509243 -0.0501957 0.0503097 0.0501111 0.0501879 -0.0501921 -0.0501893 -0.0501921 -0.0501913 -0.0501921
internal_weight=126.773 50.0126 6.8384 6.29417 43.1742 76.7605 43.0628 1.53863 41.5241 1.03166 76.6458 1.48791 41.2788 0.584788 76.4748 0.651083 75.8237 0.522561 75.627
internal_count=31260 20150 325 319 19825 11110 19824 597 19227 264 11077 595 19223 251 11059 96 10963 76 10935
is_linear=0
shrinkage=0.05


Tree=103
num_leaves=21
num_cat=0
split_feature=26 41 42 17 19 42 42 42 17 17 15 16 15 15 42 16 43 19 23 42
split_gain=99.3103 5.86174 1.32204 1.57052 0.917897 0.453332 0.439304 0.0117917 0.00564017 0.19043 0.000967984 0.000251313 0.000151269 0.000111218 5.67535e-05 1.84819e-09 3.68012e-09 6.98194e-10 3.92931e-10 2.38657e-10
threshold=7.5000000000000009 0.28348214285466261 0.3166666666603612 6.0000000000000009 0.97222222222222232 0.24999999999583336 0.090499590499136709 0.16586706858847838 13.000000000000002 10.000000000000002 34.500000000000007 27.000000000000004 88.500000000000014 43.500000000000007 0.24048192771031504 37.000000000000007 0.59999999999550013 1.2792207792207795 2.5000000000000004 0.099999999999250008
decision_type=2 2 2 2 2 2 2 2 2 2 2 2 2 2 2 2 2 2 2 2
left_child=1 2 3 4 11 8 -2 -5 9 13 -10 -1 -8 -3 -12 16 -14 19 -18 -17
right_child=6 5 -4 7 -6 -7 12 -9 10 -11 14 -13 15 -15 -16 17 18 -19 -20 -21
leaf_value=0.051792572556090613 0.050174480612549949 0.051315125188498123 0.075368927620061671 -0.045078383050724723 -0.0035870403819547869 -0.053337333096050966 -0.051707955397573696 -0.053605589525668788 0.053329961973890866 -0.050683849559808605 0.050103116107922341 0.050178678342382189 -0.050172222073612507 0.050102086207016949 0.051509111841539459 -0.050184745191016303 -0.050179604450861282 -0.050185786507143851 -0.050182763524629526 -0.050182724000929074
leaf_weight=0.42584028467535873 0.10920143197290499 0.22458437457680602 0.53008002787828434 0.84523255331441738 3.6414571702480316 0.10638197511434455 0.16292326478287478 0.77913480624556541 0.23416770994663139 0.048281721770763286 39.197846032679081 0.55636706715449691 0.12227422744035621 1.1911741509102283 0.071905240416525795 0.14634697418659826 0.13519671140238643 0.18709764583036204 0.36196950590237975 71.805444020312279
leaf_count=13 33 9 6 28 15 1 18 12 4 2 19220 251 20 586 3 22 21 28 55 10913
internal_value=-0.0133514 0.0426353 -0.000443348 -0.00687522 0.00798308 0.0497442 -0.0500361 -0.0491685 0.0500119 0.0469644 0.0501248 0.0508784 -0.0501861 0.0502945 0.0501057 -0.0501827 -0.05018 -0.0501827 -0.0501819 -0.0501827
internal_weight=120.883 47.8525 6.77811 6.24803 4.62366 41.0743 73.0305 1.62437 40.968 1.46404 39.5039 0.982207 72.9213 1.41576 39.2698 72.7583 0.61944 72.1389 0.497166 71.9518
internal_count=31260 20150 325 319 279 19825 11110 40 19824 597 19227 264 11077 595 19223 11059 96 10963 76 10935
is_linear=0
shrinkage=0.05


Tree=104
num_leaves=18
num_cat=0
split_feature=26 20 16 42 42 16 17 25 15 42 42 42 16 43 19 23 42
split_gain=94.3141 5.72906 0.571571 0.430361 0.417801 0.138818 0.0106697 0.276503 0.000130518 4.88226e-05 2.4476e-06 1.69784e-06 1.58677e-09 3.16491e-09 6.01005e-10 3.37653e-10 2.05702e-10
threshold=7.5000000000000009 1.5000000000000002 6.0000000000000009 0.24999999999583336 0.090499590499136709 19.000000000000004 20.500000000000004 1.0000000180025095e-35 88.500000000000014 0.24048192771031504 0.1109742747667473 0.23333333333290127 37.000000000000007 0.59999999999550013 1.2792207792207795 2.5000000000000004 0.099999999999250008
decision_type=2 2 2 2 2 2 2 2 2 2 2 2 2 2 2 2 2
left_child=1 2 -1 6 -2 -4 7 10 -6 11 -3 -8 13 -10 16 -15 -14
right_child=4 3 5 -5 8 -7 9 -9 12 -11 -12 -13 14 15 -16 -17 -18
leaf_value=0.0091505354758978329 0.050165946070407454 0.050099428837780013 -0.03709016249148113 -0.053163991319580529 -0.051625274542791033 -0.011058728072054077 0.050097493202258037 -0.050669395984138901 -0.050163795606319561 0.051433991187864229 0.050497753962198549 0.050405453056795557 -0.050175702072342926 -0.050170815355058143 -0.050176691239194687 -0.050173817678407409 -0.050173778228317936
leaf_weight=4.4488066025078288 0.10389284021221001 1.7036839185748238 0.92212096229195628 0.1015152633190145 0.15521934581920405 1.151903251186013 37.183469809824601 0.07082824409008015 0.11632988695055146 0.068495754152535393 0.039459205931052455 0.044809726998208954 0.13923399802297254 0.12862504972144961 0.17800422897562285 0.34437588276341558 68.315320589113981
leaf_count=27 33 869 15 1 18 34 19187 3 20 3 5 6 22 21 28 55 10913
internal_value=-0.0133247 0.0424337 -0.000955297 0.0496513 -0.050027 -0.0226324 0.0499182 0.0461735 -0.050177 0.0501003 0.0501084 0.0500979 -0.0501738 -0.0501712 -0.0501738 -0.050173 -0.0501738
internal_weight=115.216 45.7351 6.52283 39.2123 69.481 2.07402 39.1107 1.81397 69.3771 37.2968 1.74314 37.2283 69.2219 0.589331 68.6326 0.473001 68.4546
internal_count=31260 20150 76 20074 11110 49 20073 877 11077 19196 874 19193 11059 96 10963 76 10935
is_linear=0
shrinkage=0.05


Tree=105
num_leaves=20
num_cat=0
split_feature=26 41 19 17 19 42 42 17 17 15 15 15 15 42 16 43 19 23 42
split_gain=89.5208 5.67154 1.22614 1.64468 0.923961 0.40996 0.397355 0.00502833 0.172338 0.000810381 0.000202957 0.000112598 0.000100275 4.19751e-05 1.36622e-09 2.72201e-09 5.17389e-10 2.90398e-10 1.77039e-10
threshold=7.5000000000000009 0.28348214285466261 1.8333333333333337 6.0000000000000009 0.97222222222222232 0.24999999999583336 0.090499590499136709 13.000000000000002 10.000000000000002 34.500000000000007 51.000000000000007 88.500000000000014 43.500000000000007 0.24048192771031504 37.000000000000007 0.59999999999550013 1.2792207792207795 2.5000000000000004 0.099999999999250008
decision_type=2 2 2 2 2 2 2 2 2 2 2 2 2 2 2 2 2 2 2
left_child=1 2 3 4 10 7 -2 8 12 -9 -1 -8 -3 -11 15 -13 18 -17 -16
right_child=6 5 -4 -5 -6 -7 11 9 -10 13 -12 14 -14 -15 16 17 -18 -19 -20
leaf_value=0.051535735893139915 0.05015782926008814 0.051269697741026611 0.073177746717755329 -0.053160544021073508 -0.0038736665796520429 -0.053000175619585976 -0.051546554526159652 0.053128271592248345 -0.05061793604574312 0.05009328598551091 0.050092225080097807 -0.050155783542785375 0.05009235025732587 0.051362681561808766 -0.050167106135405627 -0.05016245790607049 -0.050168047297513556 -0.050165312473373462 -0.050165276346212387
leaf_weight=0.52286382019519706 0.098841519327833249 0.2173072025179853 0.51891661388799537 1.4593525119125841 3.6332173347473145 0.096855230629443123 0.14786900603212316 0.22165791690349479 0.043741725385188945 35.474454799667001 0.45574946328997612 0.110673644579946 1.0780205875635145 0.065243354067205384 0.13246560096740623 0.12237180862575769 0.16935130581259628 0.32763461628928781 64.994278821162879
leaf_count=20 33 9 15 27 15 1 18 4 2 19220 248 20 586 3 22 21 28 55 10913
internal_value=-0.013289 0.0421594 -0.000592559 -0.00689786 0.00774135 0.0497336 -0.0500183 0.0500018 0.0469936 0.0501144 0.0508635 -0.0501684 0.0502899 0.0500956 -0.0501653 -0.0501628 -0.0501653 -0.0501645 -0.0501653
internal_weight=109.891 43.7874 6.5901 6.07118 4.61183 37.1973 66.1035 37.1004 1.33907 35.7614 0.978613 66.0046 1.29533 35.5397 65.8568 0.56068 65.2961 0.450006 65.1267
internal_count=31260 20150 325 310 283 19825 11110 19824 597 19227 268 11077 595 19223 11059 96 10963 76 10935
is_linear=0
shrinkage=0.05


Tree=106
num_leaves=21
num_cat=0
split_feature=26 41 19 42 42 3 3 17 17 15 15 15 15 42 16 43 19 15 42 18
split_gain=85.0162 5.53351 1.15004 0.389857 0.377912 0.130931 0.574033 0.00480949 0.163883 0.000695073 0.000174333 9.71278e-05 8.61603e-05 3.61013e-05 1.17442e-09 2.34237e-09 4.45553e-10 2.50213e-10 1.5222e-10 1.11022e-16
threshold=7.5000000000000009 0.28348214285466261 0.64171122994652419 0.24999999999583336 0.090499590499136709 -1.0000000180025095e-35 4.0745231270787681 13.000000000000002 10.000000000000002 34.500000000000007 51.000000000000007 88.500000000000014 43.500000000000007 0.24048192771031504 37.000000000000007 0.59999999999550013 1.2792207792207795 107.50000000000001 0.099999999999250008 104.9987815723572
decision_type=2 2 2 2 2 2 2 2 2 2 2 2 2 2 2 2 2 2 2 2
left_child=1 2 10 7 -2 -4 -7 8 12 -9 -1 -6 -3 -11 15 -13 18 -17 -16 -12
right_child=4 3 5 -5 11 6 -8 9 -10 13 19 14 -14 -15 16 17 -18 -19 -20 -21
leaf_value=0.051458943384158379 0.050150110853159985 0.051206243550822976 -0.003674023242005383 -0.052845308567608607 -0.051471615750371097 0.0076588415639304505 -0.047366205944850456 0.052966413343511924 -0.050587433188980881 0.050088725391944991 0.050087716748458938 -0.050148160396746314 0.050087839328057195 0.051294984728352068 -0.050158926859805823 -0.050157198981145935 -0.050159823651032123 -0.050154439134935141 -0.050157187360592728 0.050087719461800718
leaf_weight=0.49808693863451381 0.094035064335911467 0.2069587018340816 3.6389573514461517 0.092394724488257363 0.14085697359405358 0.94707974232733227 0.94882459379732609 0.21147558093070884 0.041632872074842342 33.747339379857294 0.034963582875207067 0.10529162501916189 1.0255349199287591 0.062141235917805626 0.12602520734071632 0.31732415640726686 0.16111768875270982 0.11080216709524393 61.834187653381377 0.39859672263264656
leaf_count=20 33 9 15 1 18 19 23 4 2 19220 20 20 586 3 22 56 28 20 10913 228
internal_value=-0.013262 0.0419557 -0.000573915 0.0497274 -0.0500101 -0.00922486 -0.019879 0.0499959 0.0469799 0.0501088 0.0508208 -0.0501601 0.0502756 0.0500909 -0.0501572 -0.0501548 -0.0501572 -0.0501565 -0.0501572 0.0500877
internal_weight=104.744 41.854 6.46651 35.3875 62.8896 5.53486 1.8959 35.2951 1.27413 34.021 0.931647 62.7956 1.23249 33.8095 62.6547 0.533418 62.1213 0.428126 61.9602 0.43356
internal_count=31260 20150 325 19825 11110 57 42 19824 597 19227 268 11077 595 19223 11059 96 10963 76 10935 248
is_linear=0
shrinkage=0.05


Tree=107
num_leaves=20
num_cat=0
split_feature=26 41 19 17 19 42 42 17 17 15 15 15 15 42 16 43 19 15 42
split_gain=80.7043 5.43411 1.1358 1.50653 0.840198 0.370747 0.359423 0.00459888 0.155844 0.000596274 0.000149762 8.37724e-05 7.40391e-05 3.10503e-05 1.0072e-09 2.01583e-09 3.84006e-10 2.15254e-10 1.31706e-10
threshold=7.5000000000000009 0.28348214285466261 1.8333333333333337 6.0000000000000009 0.97222222222222232 0.24999999999583336 0.090499590499136709 13.000000000000002 10.000000000000002 34.500000000000007 51.000000000000007 88.500000000000014 43.500000000000007 0.24048192771031504 37.000000000000007 0.59999999999550013 1.2792207792207795 107.50000000000001 0.099999999999250008
decision_type=2 2 2 2 2 2 2 2 2 2 2 2 2 2 2 2 2 2 2
left_child=1 2 3 4 10 7 -2 8 12 -9 -1 -8 -3 -11 15 -13 18 -17 -16
right_child=6 5 -4 -5 -6 -7 11 9 -10 13 -12 14 -14 -15 16 17 -18 -19 -20
leaf_value=0.051386079494583958 0.050142776432945339 0.05114603206933506 0.071377625146689036 -0.052854356928348924 -0.003484983403947239 -0.052698847267973442 -0.05140027325136614 0.052813378738808807 -0.050558456902377071 0.050084392078962182 0.050083431467085951 -0.050140913641102527 0.050083546749547729 0.051230708880635904 -0.05015115418111752 -0.050149510105795707 -0.05015200451592166 -0.05014688569733973 -0.050149495289365902
leaf_weight=0.47444982267916103 0.089461677940561368 0.19709111005067714 0.50550643960013975 1.3608134891837833 3.6443890035152435 0.088126666843890145 0.13416857342235644 0.20172995328903098 0.039624538272619136 32.104168692021631 0.41244973475113511 0.10017060255631705 0.97560051165055484 0.059182863682507469 0.11989699397236009 0.30189319094642997 0.1532831764779975 0.10541375773027539 58.827292396686971
leaf_count=20 33 9 15 27 15 1 18 4 2 19220 248 20 586 3 22 56 28 20 10913
internal_value=-0.0132272 0.041694 -0.000548126 -0.00671892 0.00713624 0.0497214 -0.0500023 0.0499902 0.0469668 0.0501035 0.0507803 -0.0501523 0.0502621 0.0500865 -0.0501495 -0.0501473 -0.0501495 -0.0501488 -0.0501495
internal_weight=99.8947 40.0631 6.39761 5.8921 4.53129 33.6655 59.8316 33.5774 1.21232 32.3651 0.8869 59.7421 1.17269 32.1634 59.608 0.507478 59.1005 0.407307 58.9472
internal_count=31260 20150 325 310 283 19825 11110 19824 597 19227 268 11077 595 19223 11059 96 10963 76 10935
is_linear=0
shrinkage=0.05


Tree=108
num_leaves=20
num_cat=0
split_feature=26 41 19 17 19 42 42 17 17 15 15 15 15 42 16 43 19 23 42
split_gain=76.6362 5.30346 1.0579 1.42894 0.80116 0.352579 0.341842 0.00439629 0.148202 0.000511608 0.000128665 7.22453e-05 6.36281e-05 2.6707e-05 8.69548e-10 1.73341e-09 3.28555e-10 1.85275e-10 1.12422e-10
threshold=7.5000000000000009 0.28348214285466261 1.8333333333333337 6.0000000000000009 0.97222222222222232 0.24999999999583336 0.090499590499136709 13.000000000000002 10.000000000000002 34.500000000000007 51.000000000000007 88.500000000000014 43.500000000000007 0.24048192771031504 37.000000000000007 0.59999999999550013 1.2792207792207795 2.5000000000000004 0.099999999999250008
decision_type=2 2 2 2 2 2 2 2 2 2 2 2 2 2 2 2 2 2 2
left_child=1 2 3 4 10 7 -2 8 12 -9 -1 -8 -3 -11 15 -13 18 -17 -16
right_child=6 5 -4 -5 -6 -7 11 9 -10 13 -12 14 -14 -15 16 17 -18 -19 -20
leaf_value=0.051316936116907845 0.050135794142963236 0.051088891047556741 0.070015944633404145 -0.05271263525349304 -0.0033059511854393563 -0.052560308760428234 -0.051332366699556077 0.052668649611205133 -0.050530926332945252 0.050080269168570127 0.05007935770765725 -0.050134024102589242 0.05007946538541478 0.051169675195719744 -0.050143758382160043 -0.050139762217540684 -0.050144566709432917 -0.050142219353638641 -0.050142187099452756
leaf_weight=0.45190338138490815 0.085110129090025022 0.18768326938152557 0.48996520647779096 1.2978381682187317 3.6495294570922852 0.084044054150580361 0.12778967316262324 0.19240544736385601 0.037712045013904461 30.540881117573011 0.39236544095911086 0.095297990366815521 0.92809363326523453 0.056361936032771065 0.11406594887375732 0.10537235299125314 0.1458285478875031 0.28212483506649733 55.966204144060612
leaf_count=20 33 9 15 27 15 1 18 4 2 19220 248 20 586 3 22 21 28 55 10913
internal_value=-0.0131982 0.0414768 -0.000530526 -0.00649867 0.00684822 0.0497158 -0.0499949 0.0499849 0.0469544 0.0500984 0.0507418 -0.0501449 0.0502493 0.0500823 -0.0501422 -0.0501401 -0.0501422 -0.0501416 -0.0501422
internal_weight=95.2306 38.3088 6.2816 5.79164 4.4938 32.0272 56.9218 31.9431 1.15349 30.7896 0.844269 56.8367 1.11578 30.5972 56.7089 0.482795 56.2261 0.387497 56.0803
internal_count=31260 20150 325 310 283 19825 11110 19824 597 19227 268 11077 595 19223 11059 96 10963 76 10935
is_linear=0
shrinkage=0.05


Tree=109
num_leaves=20
num_cat=0
split_feature=26 41 19 17 19 42 42 17 17 15 15 15 15 42 16 43 19 15 42
split_gain=72.7696 5.177 0.98633 1.35558 0.763901 0.335307 0.325123 0.00420156 0.140937 0.000439034 0.00011055 6.22985e-05 5.46853e-05 2.29721e-05 7.47008e-10 1.49143e-09 2.84018e-10 1.59268e-10 9.69749e-11
threshold=7.5000000000000009 0.28348214285466261 1.8333333333333337 6.0000000000000009 0.97222222222222232 0.24999999999583336 0.090499590499136709 13.000000000000002 10.000000000000002 34.500000000000007 51.000000000000007 88.500000000000014 43.500000000000007 0.24048192771031504 37.000000000000007 0.59999999999550013 1.2792207792207795 107.50000000000001 0.099999999999250008
decision_type=2 2 2 2 2 2 2 2 2 2 2 2 2 2 2 2 2 2 2
left_child=1 2 3 4 10 7 -2 8 12 -9 -1 -8 -3 -11 15 -13 18 -17 -16
right_child=6 5 -4 -5 -6 -7 11 9 -10 13 -12 14 -14 -15 16 17 -18 -19 -20
leaf_value=0.051251314461725483 0.050129154181365168 0.051034659710195829 0.068756066099489407 -0.052578057461428962 -0.0031363574654727417 -0.052429210208947169 -0.051267729526243859 0.052531732434682503 -0.05050476438792717 0.050076349033231694 0.050075483944700808 -0.050127469542128635 0.050075583875331599 0.051111719163248387 -0.05013672716191369 -0.050135241893413389 -0.050137499259940557 -0.0501328690179213 -0.050135230961262392
leaf_weight=0.43040028680115838 0.080969710834323361 0.17871477268636826 0.47439137287437905 1.2376219760626552 3.6543954312801361 0.080140024423598244 0.12170668900944193 0.18348670005798595 0.03589092195034016 29.053601209656339 0.37325770873576403 0.090661805588751032 0.88289663393516093 0.053672391921280815 0.10851771384477515 0.27324025426059961 0.13873546803370018 0.095408086199313402 53.243899738416076
leaf_count=20 33 9 15 27 15 1 18 4 2 19220 248 20 586 3 22 56 28 20 10913
internal_value=-0.0131683 0.0412526 -0.000513175 -0.00628259 0.00656972 0.0497105 -0.0499879 0.0499798 0.0469425 0.0500936 0.0507052 -0.0501378 0.050237 0.0500783 -0.0501352 -0.0501332 -0.0501352 -0.0501346 -0.0501352
internal_weight=90.7916 36.6385 6.17007 5.69568 4.45805 30.4684 54.1531 30.3883 1.0975 29.2908 0.803658 54.0722 1.06161 29.1073 53.9505 0.45931 53.4912 0.368648 53.3524
internal_count=31260 20150 325 310 283 19825 11110 19824 597 19227 268 11077 595 19223 11059 96 10963 76 10935
is_linear=0
shrinkage=0.05


Tree=110
num_leaves=20
num_cat=0
split_feature=26 41 19 17 19 42 42 17 17 15 15 15 15 42 16 43 19 15 42
split_gain=69.0946 5.05457 0.920474 1.28618 0.728339 0.318885 0.309224 0.00401449 0.134029 0.000376814 9.49945e-05 5.37154e-05 4.70027e-05 1.976e-05 6.41172e-10 1.28161e-09 2.44164e-10 1.37153e-10 8.40501e-11
threshold=7.5000000000000009 0.28348214285466261 1.8333333333333337 6.0000000000000009 0.97222222222222232 0.24999999999583336 0.090499590499136709 13.000000000000002 10.000000000000002 34.500000000000007 51.000000000000007 88.500000000000014 43.500000000000007 0.24048192771031504 37.000000000000007 0.59999999999550013 1.2792207792207795 107.50000000000001 0.099999999999250008
decision_type=2 2 2 2 2 2 2 2 2 2 2 2 2 2 2 2 2 2 2
left_child=1 2 3 4 10 7 -2 8 12 -9 -1 -8 -3 -11 15 -13 18 -17 -16
right_child=6 5 -4 -5 -6 -7 11 9 -10 13 -12 14 -14 -15 16 17 -18 -19 -20
leaf_value=0.0511890277887656 0.050122847655393321 0.050983180178482336 0.067589071114508056 -0.052450252792309041 -0.0029756934899603541 -0.052305128526413461 -0.05120620383863244 0.052402171587540729 -0.050479903849088875 0.050072620455397426 0.050071795148566849 -0.050121241931498244 0.050071890764235495 0.051056673039679118 -0.050130045404458867 -0.050128629394872254 -0.050130773514313623 -0.050126371812451123 -0.050128617278272662
leaf_weight=0.40989501494914193 0.077030224027111127 0.17016606777907017 0.45884749107062806 1.1800586273893712 3.6590024828910828 0.076407827436922982 0.115906574530526 0.17495858669281261 0.034156888723373302 27.638646296341907 0.35507921199314296 0.086250626482068493 0.83989766030572355 0.051108412444590523 0.10323866084217925 0.25994759518653154 0.13198651932179828 0.090766445035114884 50.653676371555775
leaf_count=20 33 9 15 27 15 1 18 4 2 19220 248 20 586 3 22 56 28 20 10913
internal_value=-0.0131372 0.0410212 -0.000496098 -0.00607078 0.00630056 0.0497054 -0.0499811 0.049975 0.0469313 0.0500891 0.0506704 -0.050131 0.0502254 0.0500744 -0.0501286 -0.0501267 -0.0501286 -0.050128 -0.0501286
internal_weight=86.567 35.0482 6.06288 5.60404 4.42398 28.9853 51.5188 28.9089 1.04422 27.8647 0.764974 51.4418 1.01006 27.6898 51.3259 0.436965 50.8889 0.350714 50.7569
internal_count=31260 20150 325 310 283 19825 11110 19824 597 19227 268 11077 595 19223 11059 96 10963 76 10935
is_linear=0
shrinkage=0.05


Tree=111
num_leaves=20
num_cat=0
split_feature=26 41 19 42 42 17 17 15 15 15 15 42 16 43 19 15 42 18 18
split_gain=65.6017 4.93601 0.86693 0.303271 0.294105 0.00383487 0.127462 0.000323456 8.16346e-05 4.63106e-05 4.04026e-05 1.69975e-05 5.52141e-10 1.1022e-09 2.10399e-10 1.17958e-10 7.1573e-11 5.55112e-17 2.77556e-17
threshold=7.5000000000000009 0.28348214285466261 0.64171122994652419 0.24999999999583336 0.090499590499136709 13.000000000000002 10.000000000000002 34.500000000000007 51.000000000000007 88.500000000000014 43.500000000000007 0.24048192771031504 37.000000000000007 0.59999999999550013 1.2792207792207795 107.50000000000001 0.099999999999250008 104.99971399954985 104.9987815723572
decision_type=2 2 2 2 2 2 2 2 2 2 2 2 2 2 2 2 2 2 2
left_child=1 2 8 5 -2 6 10 -7 -1 -6 -3 -9 13 -11 16 -15 -14 18 -10
right_child=4 3 -4 -5 9 7 -8 11 17 12 -12 -13 14 15 -16 -17 -18 -19 -20
leaf_value=0.051129903400092581 0.050116838717450665 0.050934314213762648 -0.0075933993717956566 -0.052187657136497895 -0.051147647366679254 0.05227953255356399 -0.050456282897687089 0.050069076777036176 0.050068285533970559 -0.050115315787053111 0.050068378969738273 0.051004393967642281 -0.050123680505948065 -0.050122339723039581 -0.050124381542145324 -0.050120193200211716 -0.050122329391091527 0.050068287340341411 0.050068287340341092
leaf_weight=0.39034369587898154 0.07328197779133816 0.16201835684478894 5.2317993741016835 0.072840839624403908 0.11037678830325504 0.1668062955141093 0.032505866140127182 26.292508641839962 0.027239966439083219 0.082053590565918877 0.79898998735006899 0.048664400354026749 0.098215801641344025 0.24730004649609327 0.12556506879627605 0.086350090336054564 48.18916144920513 0.22065031947568059 0.089894574601203203
leaf_count=20 33 9 57 1 18 4 2 19220 20 20 586 3 22 56 28 20 10913 162 66
internal_value=-0.013105 0.0407822 -0.000479301 0.0497005 -0.0499748 0.0499704 0.0469206 0.0500847 0.0506374 -0.0501246 0.0502144 0.0500708 -0.0501223 -0.0501205 -0.0501223 -0.0501218 -0.0501223 0.0500683 0.0500683
internal_weight=82.5466 33.5343 5.95993 27.5743 49.0123 27.5015 0.993514 26.508 0.728129 48.939 0.961008 26.3412 48.8286 0.415704 48.4129 0.33365 48.2874 0.337785 0.117135
internal_count=31260 20150 325 19825 11110 19824 597 19227 268 11077 595 19223 11059 96 10963 76 10935 248 86
is_linear=0
shrinkage=0.05


Tree=112
num_leaves=20
num_cat=0
split_feature=26 41 19 17 19 42 42 17 17 15 15 15 15 42 16 43 19 23 42
split_gain=62.2434 4.86482 0.866093 1.20927 0.656167 0.288426 0.279726 0.00366248 0.121218 0.000277694 7.0159e-05 3.99227e-05 3.47312e-05 1.46219e-05 4.77662e-10 9.48647e-10 1.79824e-10 1.01489e-10 6.16325e-11
threshold=7.5000000000000009 0.28348214285466261 1.8333333333333337 6.0000000000000009 0.97222222222222232 0.24999999999583336 0.090499590499136709 13.000000000000002 10.000000000000002 34.500000000000007 51.000000000000007 88.500000000000014 43.500000000000007 0.24048192771031504 37.000000000000007 0.59999999999550013 1.2792207792207795 2.5000000000000004 0.099999999999250008
decision_type=2 2 2 2 2 2 2 2 2 2 2 2 2 2 2 2 2 2 2
left_child=1 2 3 4 10 7 -2 8 12 -9 -1 -8 -3 -11 15 -13 18 -17 -16
right_child=6 5 -4 -5 -6 -7 11 9 -10 13 -12 14 -14 -15 16 17 -18 -19 -20
leaf_value=0.051073772133676365 0.050111132876779742 0.050887917032749586 0.066625342923616757 -0.052311791494467942 -0.0024358342256897069 -0.052076415409274449 -0.051091916598993925 0.052163421306680335 -0.050433830055503281 0.050065700035254991 0.050064951120974782 -0.050109678374858163 0.050065038943534951 0.050954737124136798 -0.050117639392124186 -0.050114367957185824 -0.050118299016611183 -0.050116377287584404 -0.050116353964146411
leaf_weight=0.37170418910682101 0.069715710123999908 0.15425359643996372 0.44513352029025544 1.1172747164964674 3.6744579970836639 0.069432623684405281 0.1051052852999409 0.15901532769203441 0.030933953821659088 25.011850899201821 0.32133175060153008 0.078060347121207907 0.76007221324834973 0.046334983780979111 0.093436742201446488 0.086313675157725811 0.11945531563833256 0.23110090335831046 45.844277214258909
leaf_count=20 33 9 15 27 15 1 18 4 2 19220 248 20 586 3 22 21 28 55 10913
internal_value=-0.0130597 0.0404502 -0.000449931 -0.00589363 0.00598087 0.0496959 -0.0499687 0.049966 0.0469105 0.0500806 0.050606 -0.0501185 0.0502039 0.0500673 -0.0501163 -0.0501146 -0.0501164 -0.0501158 -0.0501164
internal_weight=78.7893 32.1618 5.9299 5.48477 4.36749 26.2319 46.6275 26.1625 0.94526 25.2172 0.693036 46.5577 0.914326 25.0582 46.4526 0.395475 46.0572 0.317415 45.9377
internal_count=31260 20150 325 310 283 19825 11110 19824 597 19227 268 11077 595 19223 11059 96 10963 76 10935
is_linear=0
shrinkage=0.05


Tree=113
num_leaves=20
num_cat=0
split_feature=26 41 19 17 19 42 42 17 17 15 15 15 15 42 16 43 19 15 42
split_gain=59.09 4.75143 0.809599 1.14777 0.625784 0.27431 0.266053 0.00349713 0.115281 0.000238436 6.03004e-05 3.44134e-05 2.98573e-05 1.25786e-05 4.10346e-10 8.15905e-10 1.55097e-10 8.72339e-11 5.32836e-11
threshold=7.5000000000000009 0.28348214285466261 1.8333333333333337 6.0000000000000009 0.97222222222222232 0.24999999999583336 0.090499590499136709 13.000000000000002 10.000000000000002 34.500000000000007 51.000000000000007 88.500000000000014 43.500000000000007 0.24048192771031504 37.000000000000007 0.59999999999550013 1.2792207792207795 107.50000000000001 0.099999999999250008
decision_type=2 2 2 2 2 2 2 2 2 2 2 2 2 2 2 2 2 2 2
left_child=1 2 3 4 10 7 -2 8 12 -9 -1 -8 -3 -11 15 -13 18 -17 -16
right_child=6 5 -4 -5 -6 -7 11 9 -10 13 -12 14 -14 -15 16 17 -18 -19 -20
leaf_value=0.051020477367259343 0.050105698774853581 0.050843861533326318 0.06561224951162703 -0.052197364074325153 -0.0023117480772604513 -0.051971057774679419 -0.05103887739431804 0.052053463145922331 -0.05041249108854437 0.050062491363150712 0.050061783328316546 -0.050104319268248078 0.050061867979505015 0.05090756590982165 -0.050111891074833874 -0.050110671425965009 -0.05011251768282237 -0.050108731070586679 -0.050110665625280749
leaf_weight=0.35393598116934555 0.066322643659076586 0.14685449004173889 0.42979535390622903 1.0650556199252603 3.6780047714710236 0.066176868975161507 0.10008051572367449 0.15157151222229259 0.029437428340315819 23.793494959711101 0.30567908706143498 0.074261042289434864 0.72304771596100181 0.044115008786319687 0.088889719918369248 0.22381727490574121 0.11364219337701698 0.078150068409740925 43.613250592723489
leaf_count=20 33 9 15 27 15 1 18 4 2 19220 248 20 586 3 22 56 28 20 10913
internal_value=-0.013025 0.0401954 -0.000434645 -0.00568883 0.00573084 0.0496916 -0.0499629 0.0499619 0.0469008 0.0500766 0.0505762 -0.0501128 0.0501939 0.0500641 -0.0501107 -0.050109 -0.0501107 -0.0501102 -0.0501107
internal_weight=75.1456 30.7872 5.83247 5.40268 4.33762 24.9547 44.3584 24.8885 0.89934 23.9892 0.659615 44.2921 0.869902 23.8376 44.192 0.376228 43.8158 0.301967 43.7021
internal_count=31260 20150 325 310 283 19825 11110 19824 597 19227 268 11077 595 19223 11059 96 10963 76 10935
is_linear=0
shrinkage=0.05


Tree=114
num_leaves=20
num_cat=0
split_feature=26 41 19 17 19 42 42 17 17 15 15 15 15 42 16 43 19 23 42
split_gain=56.093 4.64149 0.757404 1.08955 0.596764 0.260888 0.253049 0.0033386 0.109636 0.000204753 5.18316e-05 2.96622e-05 2.56691e-05 1.0821e-05 3.52323e-10 7.02461e-10 1.33582e-10 7.51154e-11 4.58016e-11
threshold=7.5000000000000009 0.28348214285466261 1.8333333333333337 6.0000000000000009 0.97222222222222232 0.24999999999583336 0.090499590499136709 13.000000000000002 10.000000000000002 34.500000000000007 51.000000000000007 88.500000000000014 43.500000000000007 0.24048192771031504 37.000000000000007 0.59999999999550013 1.2792207792207795 2.5000000000000004 0.099999999999250008
decision_type=2 2 2 2 2 2 2 2 2 2 2 2 2 2 2 2 2 2 2
left_child=1 2 3 4 10 7 -2 8 12 -9 -1 -8 -3 -11 15 -13 18 -17 -16
right_child=6 5 -4 -5 -6 -7 11 9 -10 13 -12 14 -14 -15 16 17 -18 -19 -20
leaf_value=0.05096987115616658 0.050100536802455936 0.050802028486772156 0.06467079981319783 -0.052088674646233041 -0.0021941025046570304 -0.051871231735479709 -0.050988402924035441 0.051949308569898905 -0.050392211139125689 0.050059442333318473 0.050058761769668648 -0.05009921972860068 0.050058848225227319 0.050862753548733201 -0.050106419777174255 -0.05010346196919381 -0.050107017185267035 -0.050105279057111422 -0.050105254991315344
leaf_weight=0.33700015116483228 0.063094386830924942 0.13980443589389935 0.41463393555022765 1.0151728792116044 3.6813656687736511 0.063067466020583107 0.095291394973172738 0.14446105062961834 0.028012732043862343 22.634417419438254 0.29078803863376379 0.070646295091136291 0.68782471888698637 0.041999533772467568 0.084563514217733338 0.078116277232766151 0.10811136313713987 0.20915402960963547 41.490572994342074
leaf_count=20 33 9 15 27 15 1 18 4 2 19220 248 20 586 3 22 21 28 55 10913
internal_value=-0.0129891 0.0399324 -0.000419632 -0.00548857 0.00548972 0.0496874 -0.0499574 0.0499579 0.0468916 0.0500729 0.0505479 -0.0501072 0.0501844 0.0500609 -0.0501052 -0.0501037 -0.0501053 -0.0501048 -0.0501053
internal_weight=71.6781 29.4785 5.73896 5.32433 4.30915 23.7396 42.1996 23.6765 0.855642 22.8209 0.627788 42.1365 0.827629 22.6764 42.0412 0.357917 41.6832 0.28727 41.5751
internal_count=31260 20150 325 310 283 19825 11110 19824 597 19227 268 11077 595 19223 11059 96 10963 76 10935
is_linear=0
shrinkage=0.05


Tree=115
num_leaves=20
num_cat=0
split_feature=26 41 19 17 19 42 42 17 17 15 15 15 15 42 16 43 19 15 42
split_gain=53.2447 4.53484 0.709118 1.03441 0.569046 0.248125 0.240681 0.00318668 0.104268 0.000175849 4.45548e-05 2.55651e-05 2.20703e-05 9.30937e-06 3.02116e-10 6.04295e-10 1.15278e-10 6.45135e-11 3.94138e-11
threshold=7.5000000000000009 0.28348214285466261 1.8333333333333337 6.0000000000000009 0.97222222222222232 0.24999999999583336 0.090499590499136709 13.000000000000002 10.000000000000002 34.500000000000007 51.000000000000007 88.500000000000014 43.500000000000007 0.24048192771031504 37.000000000000007 0.59999999999550013 1.2792207792207795 107.50000000000001 0.099999999999250008
decision_type=2 2 2 2 2 2 2 2 2 2 2 2 2 2 2 2 2 2 2
left_child=1 2 3 4 10 7 -2 8 12 -9 -1 -8 -3 -11 15 -13 18 -17 -16
right_child=6 5 -4 -5 -6 -7 11 9 -10 13 -12 14 -14 -15 16 17 -18 -19 -20
leaf_value=0.050921816879616277 0.050095625928511404 0.050762302174713031 0.063794979132693205 -0.051985425199217984 -0.0020825508763461635 -0.05177664323289586 -0.050940369469586223 0.051850623552791075 -0.050372934660582229 0.050056537967769814 0.050055895109090788 -0.050094372086746941 0.050055968463429593 0.050820182083902522 -0.050101216678170517 -0.050100118179628117 -0.050101787197450967 -0.050098364158373015 -0.050100108817690149
leaf_weight=0.3208593530580427 0.060022974503225579 0.13308754656464472 0.39968886994756747 0.96753181889653195 3.6845503449440002 0.06009846180677314 0.090727297356351211 0.13767053186893718 0.02665647491812706 21.531740644248206 0.27662159269675612 0.067207175074144199 0.65431575104594231 0.039983816444872811 0.080447444692253067 0.20255994773469865 0.10284917522221704 0.07072724774479866 39.471005086554214
leaf_count=20 33 9 15 27 15 1 18 4 2 19220 248 20 586 3 22 56 28 20 10913
internal_value=-0.0129517 0.039661 -0.000404902 -0.00529292 0.00525732 0.0496834 -0.0499522 0.0499542 0.0468829 0.0500693 0.0505209 -0.050102 0.0501754 0.050058 -0.0501001 -0.0500986 -0.0501001 -0.0500997 -0.0501001
internal_weight=68.3784 28.2328 5.64925 5.24956 4.28203 22.5836 40.1455 22.5235 0.81406 21.7094 0.597481 40.0855 0.787403 21.5717 39.9948 0.340494 39.6543 0.273287 39.5515
internal_count=31260 20150 325 310 283 19825 11110 19824 597 19227 268 11077 595 19223 11059 96 10963 76 10935
is_linear=0
shrinkage=0.05


Tree=116
num_leaves=20
num_cat=0
split_feature=26 41 19 17 19 42 42 17 17 15 15 15 15 42 16 43 19 15 42
split_gain=50.5378 4.43134 0.664392 0.982181 0.542574 0.235989 0.22892 0.00304113 0.0991647 0.000151042 3.83022e-05 2.20321e-05 1.89764e-05 8.00897e-06 2.61274e-10 5.19735e-10 9.87939e-11 5.55531e-11 3.39142e-11
threshold=7.5000000000000009 0.28348214285466261 1.8333333333333337 6.0000000000000009 0.97222222222222232 0.24999999999583336 0.090499590499136709 13.000000000000002 10.000000000000002 34.500000000000007 51.000000000000007 88.500000000000014 43.500000000000007 0.24048192771031504 37.000000000000007 0.59999999999550013 1.2792207792207795 107.50000000000001 0.099999999999250008
decision_type=2 2 2 2 2 2 2 2 2 2 2 2 2 2 2 2 2 2 2
left_child=1 2 3 4 10 7 -2 8 12 -9 -1 -8 -3 -11 15 -13 18 -17 -16
right_child=6 5 -4 -5 -6 -7 11 9 -10 13 -12 14 -14 -15 16 17 -18 -19 -20
leaf_value=0.050876175553386464 0.050090955266417339 0.050724571061559337 0.062979350902754028 -0.051887340239681085 -0.0019767601514286866 -0.051686995355363245 -0.050894660085062597 0.051757115646498188 -0.050354616413006904 0.050053777423405159 0.050053162350881412 -0.050089761270504865 0.050053238106654886 0.050779729981085965 -0.050096273618830081 -0.050095225105420894 -0.050096812848104313 -0.05009355632077668 -0.050095219872683644
leaf_weight=0.30547775700688617 0.057100808946414783 0.12668857909739628 0.38499429472722102 0.92204059101641167 3.6875689923763275 0.057264074683188393 0.086378030478953316 0.13118688762188213 0.025365415960550308 20.482726029935296 0.26314458483830094 0.063935178332029774 0.62243750633206218 0.038063315674661591 0.076531339436768486 0.19269932736642659 0.097842630231751992 0.067284132121130824 37.54955405020155
leaf_count=20 33 9 15 27 15 1 18 4 2 19220 248 20 586 3 22 56 28 20 10913
internal_value=-0.0129129 0.0393809 -0.000390461 -0.00510192 0.00503345 0.0496797 -0.0499472 0.0499506 0.0468746 0.0500659 0.0504953 -0.050097 0.0501668 0.0500551 -0.0500952 -0.0500938 -0.0500952 -0.0500948 -0.0500952
internal_weight=65.2383 27.047 5.56323 5.17823 4.25619 21.4837 38.1913 21.4265 0.774492 20.652 0.568622 38.1342 0.749126 20.5208 38.0478 0.323919 37.7239 0.259983 37.6261
internal_count=31260 20150 325 310 283 19825 11110 19824 597 19227 268 11077 595 19223 11059 96 10963 76 10935
is_linear=0
shrinkage=0.05


Tree=117
num_leaves=20
num_cat=0
split_feature=26 41 19 17 19 42 42 17 17 15 15 15 15 42 16 43 19 23 42
split_gain=47.9654 4.33084 0.622916 0.932694 0.517295 0.224448 0.217734 0.00290176 0.0943116 0.000129748 3.29288e-05 1.89863e-05 1.63171e-05 6.8904e-06 2.23814e-10 4.47418e-10 8.55067e-11 4.79645e-11 2.91465e-11
threshold=7.5000000000000009 0.28348214285466261 1.8333333333333337 6.0000000000000009 0.97222222222222232 0.24999999999583336 0.090499590499136709 13.000000000000002 10.000000000000002 34.500000000000007 51.000000000000007 88.500000000000014 43.500000000000007 0.24048192771031504 37.000000000000007 0.59999999999550013 1.2792207792207795 2.5000000000000004 0.099999999999250008
decision_type=2 2 2 2 2 2 2 2 2 2 2 2 2 2 2 2 2 2 2
left_child=1 2 3 4 10 7 -2 8 12 -9 -1 -8 -3 -11 15 -13 18 -17 -16
right_child=6 5 -4 -5 -6 -7 11 9 -10 13 -12 14 -14 -15 16 17 -18 -19 -20
leaf_value=0.050832827843852582 0.05008651125257714 0.050688734729951994 0.062219006479306442 -0.051794156177255801 -0.0018764262110379144 -0.051602015036298202 -0.05085116217131587 0.051668486830504179 -0.050337200469786583 0.050051155441829281 0.05005056828633006 -0.05008537552929529 0.050050641389265231 0.050741299186281966 -0.050091566170615789 -0.050089022924297177 -0.050092084306879052 -0.050090587809335965 -0.050090564787945671
leaf_weight=0.2908209683373596 0.054320666939019158 0.12059295736253872 0.37057938403449942 0.87861029431223858 3.6904301941394806 0.054558712989090874 0.082233833265489831 0.12499748170376079 0.024136466905474663 19.484767288318839 0.25032352446578443 0.060822213999926045 0.59211084188427776 0.036233676597475006 0.072805528063326075 0.067253990098834038 0.093079355312510326 0.18007221771404147 35.721475934609771
leaf_count=20 33 9 15 27 15 1 18 4 2 19220 248 20 586 3 22 21 28 55 10913
internal_value=-0.0128727 0.0390918 -0.000376322 -0.0049156 0.00481789 0.0496761 -0.0499425 0.0499472 0.0468667 0.0500627 0.050471 -0.0500923 0.0501586 0.0500524 -0.0500906 -0.0500892 -0.0500906 -0.0500902 -0.0500906
internal_weight=62.2502 25.9182 5.48076 5.11018 4.23157 20.4374 36.3321 20.3828 0.73684 19.646 0.541144 36.2777 0.712704 19.521 36.1955 0.308148 35.8874 0.247326 35.7943
internal_count=31260 20150 325 310 283 19825 11110 19824 597 19227 268 11077 595 19223 11059 96 10963 76 10935
is_linear=0
shrinkage=0.05


Tree=118
num_leaves=19
num_cat=0
split_feature=26 41 19 42 42 17 17 15 15 15 15 42 16 43 19 15 42 18
split_gain=45.5208 4.2332 0.587854 0.213474 0.207096 0.00276835 0.0896969 0.000111467 2.83109e-05 1.63604e-05 1.40314e-05 5.9282e-06 1.92827e-10 3.85239e-10 7.33138e-11 4.11724e-11 2.50964e-11 2.77556e-17
threshold=7.5000000000000009 0.28348214285466261 0.64171122994652419 0.24999999999583336 0.090499590499136709 13.000000000000002 10.000000000000002 34.500000000000007 51.000000000000007 88.500000000000014 43.500000000000007 0.24048192771031504 37.000000000000007 0.59999999999550013 1.2792207792207795 107.50000000000001 0.099999999999250008 104.9987815723572
decision_type=2 2 2 2 2 2 2 2 2 2 2 2 2 2 2 2 2 2
left_child=1 2 8 5 -2 6 10 -7 -1 -6 -3 -9 13 -11 16 -15 -14 -10
right_child=4 3 -4 -5 9 7 -8 11 17 12 -12 -13 14 15 -16 -17 -18 -19
leaf_value=0.050791653285259079 0.050082284916199739 0.050654693740207771 -0.0057170439556237223 -0.05152144496382717 -0.050809771759926563 0.051584469240356125 -0.050320649186357549 0.050048658568914967 0.050048101156161984 -0.050081204008458696 0.050048167319187611 0.050704779275602622 -0.050087094004517996 -0.050086148795941914 -0.050087583926077532 -0.050084638623359115 -0.050086141300821223 0.050048099717148346
leaf_weight=0.27685605920851486 0.051675665890796973 0.11478671152145281 4.8867662264965475 0.051976963877676918 0.078285356401464834 0.11909005045891063 0.022966679185628891 18.535385939700067 0.019203225965611637 0.057860576547681286 0.5632603713311255 0.034490738064049675 0.06926079047843714 0.1743924543261528 0.088547575054689243 0.060891677858307958 33.982245444087312 0.21892332541756332
leaf_count=20 33 9 57 1 18 4 2 19220 20 20 586 3 22 56 28 20 10913 228
internal_value=-0.0128308 0.0387936 -0.000362494 0.0496727 -0.049938 0.0499439 0.0468592 0.0500597 0.0504478 -0.0500878 0.0501508 0.0500499 -0.0500861 -0.0500849 -0.0500861 -0.0500858 -0.0500861 0.0500481
internal_weight=59.4069 24.8437 5.40175 19.442 34.5632 19.39 0.701014 18.689 0.514983 34.5115 0.678047 18.5699 34.4332 0.293145 34.1401 0.235284 34.0515 0.238127
internal_count=31260 20150 325 19825 11110 19824 597 19227 268 11077 595 19223 11059 96 10963 76 10935 248
is_linear=0
shrinkage=0.05


Tree=119
num_leaves=20
num_cat=0
split_feature=26 41 19 17 19 42 42 17 17 15 15 15 15 42 16 43 19 23 42
split_gain=43.1696 4.17032 0.587601 0.87998 0.466606 0.203037 0.196979 0.00264068 0.0853086 9.577e-05 2.43418e-05 1.40968e-05 1.20664e-05 5.1005e-06 1.66843e-10 3.315e-10 6.28546e-11 3.55241e-11 2.13802e-11
threshold=7.5000000000000009 0.28348214285466261 1.8333333333333337 6.0000000000000009 0.97222222222222232 0.24999999999583336 0.090499590499136709 13.000000000000002 10.000000000000002 34.500000000000007 51.000000000000007 88.500000000000014 43.500000000000007 0.24048192771031504 37.000000000000007 0.59999999999550013 1.2792207792207795 2.5000000000000004 0.099999999999250008
decision_type=2 2 2 2 2 2 2 2 2 2 2 2 2 2 2 2 2 2 2
left_child=1 2 3 4 10 7 -2 8 12 -9 -1 -8 -3 -11 15 -13 18 -17 -16
right_child=6 5 -4 -5 -6 -7 11 9 -10 13 -12 14 -14 -15 16 17 -18 -19 -20
leaf_value=0.050752539427393939 0.050078270120248326 0.050622356325084286 0.061573022934366041 -0.051696117429076482 -0.001491764749872878 -0.051445042149680348 -0.050770388601399041 0.051504803422729728 -0.050304912818123965 0.050046282427469384 0.050045752340673093 -0.050077236730775465 0.050045814254699797 0.050670076640732066 -0.050082837333520439 -0.050080537186333374 -0.050083305375216727 -0.050081952859664186 -0.050081935878652319
leaf_weight=0.26355146989226597 0.049159257672726109 0.10925648827106371 0.35775889619253565 0.83269214071333397 3.7013848721981049 0.049513593316077187 0.07452364405617018 0.11345275491476314 0.021853242069482803 17.632220149040226 0.22652333904989064 0.055042933207004263 0.53581439598929137 0.032830508425830796 0.065888358745722964 0.060863894643262029 0.084236073307692005 0.16296354704536498 32.327558346092701
leaf_count=20 33 9 15 27 15 1 18 4 2 19220 248 20 586 3 22 21 28 55 10913
internal_value=-0.0127742 0.0383973 -0.000339621 -0.00474829 0.00457856 0.0496694 -0.0499337 0.0499409 0.0468521 0.0500567 0.0504258 -0.0500835 0.0501435 0.0500474 -0.0500819 -0.0500807 -0.0500819 -0.0500816 -0.0500819
internal_weight=56.7571 23.8769 5.38191 5.02415 4.19146 18.4949 32.8802 18.4454 0.666924 17.7785 0.490075 32.8311 0.645071 17.6651 32.7566 0.27887 32.4777 0.223827 32.3934
internal_count=31260 20150 325 310 283 19825 11110 19824 597 19227 268 11077 595 19223 11059 96 10963 76 10935
is_linear=0
shrinkage=0.05


Tree=120
num_leaves=20
num_cat=0
split_feature=26 41 19 17 19 42 42 17 17 15 15 15 15 42 16 43 19 15 42
split_gain=40.9637 4.07621 0.551594 0.835845 0.444929 0.193112 0.187356 0.00251854 0.0811356 8.22917e-05 2.09304e-05 1.21459e-05 1.0377e-05 4.38841e-06 1.42574e-10 2.84904e-10 5.43245e-11 3.04436e-11 1.8602e-11
threshold=7.5000000000000009 0.28348214285466261 1.8333333333333337 6.0000000000000009 0.97222222222222232 0.24999999999583336 0.090499590499136709 13.000000000000002 10.000000000000002 34.500000000000007 51.000000000000007 88.500000000000014 43.500000000000007 0.24048192771031504 37.000000000000007 0.59999999999550013 1.2792207792207795 107.50000000000001 0.099999999999250008
decision_type=2 2 2 2 2 2 2 2 2 2 2 2 2 2 2 2 2 2 2
left_child=1 2 3 4 10 7 -2 8 12 -9 -1 -8 -3 -11 15 -13 18 -17 -16
right_child=6 5 -4 -5 -6 -7 11 9 -10 13 -12 14 -14 -15 16 17 -18 -19 -20
leaf_value=0.050715383622951797 0.050074447965957482 0.050591636271210987 0.060906171368601637 -0.051612472739256343 -0.0014163338325292162 -0.051372582643141387 -0.050732912957174192 0.051429265058911981 -0.050289951674270653 0.050044024733015585 0.050043520337153473 -0.050073466711411385 0.050043576797419602 0.050637098144896357 -0.050078792221531422 -0.050077936733892929 -0.050079235141046334 -0.050076571672582448 -0.050077929873525856
leaf_weight=0.25087695382535713 0.046765210805463364 0.10398950148374453 0.34394208621233691 0.79333254974335421 3.7035302817821503 0.047163542360066368 0.070940128760414889 0.10807411372661846 0.020793475210666656 16.773024683119733 0.21548504405654967 0.052362301619725993 0.50970463070552796 0.031249172054230168 0.062679882626986649 0.15782211557962 0.080134179210289314 0.055105646839365363 30.753321154275909
leaf_count=20 33 9 15 27 15 1 18 4 2 19220 248 20 586 3 22 56 28 20 10913
internal_value=-0.012729 0.0380808 -0.000327132 -0.00457048 0.00437937 0.0496664 -0.0499297 0.0499379 0.0468453 0.050054 0.0504049 -0.0500794 0.0501364 0.0500451 -0.0500779 -0.0500768 -0.0500779 -0.0500776 -0.0500779
internal_weight=54.1803 22.9012 5.30717 4.96322 4.16989 17.594 31.2791 17.5468 0.634488 16.9123 0.466362 31.2324 0.613694 16.8043 31.1614 0.26529 30.8961 0.212928 30.816
internal_count=31260 20150 325 310 283 19825 11110 19824 597 19227 268 11077 595 19223 11059 96 10963 76 10935
is_linear=0
shrinkage=0.05


Tree=121
num_leaves=20
num_cat=0
split_feature=26 41 19 17 19 42 42 17 17 15 15 15 15 42 16 43 19 15 42
split_gain=38.8677 3.98461 0.5181 0.793998 0.42422 0.183674 0.178205 0.00240172 0.0771674 7.07159e-05 1.79981e-05 1.04644e-05 8.92435e-06 3.77582e-06 1.22753e-10 2.45293e-10 4.6807e-11 2.62009e-11 1.60121e-11
threshold=7.5000000000000009 0.28348214285466261 1.8333333333333337 6.0000000000000009 0.97222222222222232 0.24999999999583336 0.090499590499136709 13.000000000000002 10.000000000000002 34.500000000000007 51.000000000000007 88.500000000000014 43.500000000000007 0.24048192771031504 37.000000000000007 0.59999999999550013 1.2792207792207795 107.50000000000001 0.099999999999250008
decision_type=2 2 2 2 2 2 2 2 2 2 2 2 2 2 2 2 2 2 2
left_child=1 2 3 4 10 7 -2 8 12 -9 -1 -8 -3 -11 15 -13 18 -17 -16
right_child=6 5 -4 -5 -6 -7 11 9 -10 13 -12 14 -14 -15 16 17 -18 -19 -20
leaf_value=0.050680084345364085 0.050070810984687089 0.050562448108400743 0.060282819259531877 -0.051532992033131497 -0.0013447604960685989 -0.051303849356146305 -0.050697256935090973 0.051357613123629159 -0.0502757323693847 0.050041872260994262 0.05004139443173207 -0.050069878347957175 0.050041451701010209 0.050605752616910096 -0.050074944418101321 -0.050074130788196336 -0.050075366634272291 -0.0500728324027414 -0.050074124314478968
leaf_weight=0.23880356829613703 0.044487592764201334 0.098973536863929179 0.33046495844610024 0.75577578134834755 3.7055649161338806 0.044921934604643776 0.067526601371357908 0.10294307768345135 0.019784819334745407 15.955663071887098 0.20498419599607587 0.049812041921543648 0.48486613715067506 0.029743078164757075 0.05962741374970093 0.15013616462238133 0.07623173063620825 0.052421929780393839 29.255631127161905
leaf_count=20 33 9 15 27 15 1 18 4 2 19220 248 20 586 3 22 56 28 20 10913
internal_value=-0.0126821 0.0377546 -0.00031493 -0.00439748 0.00418793 0.0496634 -0.0499258 0.0499352 0.0468388 0.0500513 0.0503851 -0.0500755 0.0501298 0.0500429 -0.0500741 -0.050073 -0.0500741 -0.0500738 -0.0500741
internal_weight=51.7284 21.9725 5.23559 4.90513 4.14935 16.7369 29.7559 16.692 0.603624 16.0883 0.443788 29.7114 0.58384 15.9854 29.6439 0.25237 29.3915 0.202558 29.3153
internal_count=31260 20150 325 310 283 19825 11110 19824 597 19227 268 11077 595 19223 11059 96 10963 76 10935
is_linear=0
shrinkage=0.05


Tree=122
num_leaves=20
num_cat=0
split_feature=26 41 19 17 19 42 42 17 17 15 15 15 15 42 16 43 19 23 42
split_gain=36.8761 3.89539 0.486915 0.754314 0.404441 0.174698 0.169501 0.00229005 0.0733938 6.07733e-05 1.5477e-05 9.01512e-06 7.6755e-06 3.24876e-06 1.0596e-10 2.11016e-10 4.00853e-11 2.26421e-11 1.36637e-11
threshold=7.5000000000000009 0.28348214285466261 1.8333333333333337 6.0000000000000009 0.97222222222222232 0.24999999999583336 0.090499590499136709 13.000000000000002 10.000000000000002 34.500000000000007 51.000000000000007 88.500000000000014 43.500000000000007 0.24048192771031504 37.000000000000007 0.59999999999550013 1.2792207792207795 2.5000000000000004 0.099999999999250008
decision_type=2 2 2 2 2 2 2 2 2 2 2 2 2 2 2 2 2 2 2
left_child=1 2 3 4 10 7 -2 8 12 -9 -1 -8 -3 -11 15 -13 18 -17 -16
right_child=6 5 -4 -5 -6 -7 11 9 -10 13 -12 14 -14 -15 16 17 -18 -19 -20
leaf_value=0.050646543602903882 0.050067351879041461 0.050534717872639884 0.059699606522092913 -0.051457469065885088 -0.0012768369274259684 -0.051238645607107537 -0.050663328885824623 0.051289651774947688 -0.050262212255923144 0.050039831358014854 0.050039376201206257 -0.050066466252202284 0.05003942820702087 0.050575965368381472 -0.050071282471071669 -0.050069303697279278 -0.050071684481368561 -0.050070521802322354 -0.050070505744972273
leaf_weight=0.22730361949652689 0.042320758220742216 0.09419689886271676 0.31734089669771481 0.71994469128549088 3.7074949443340302 0.042784072458744826 0.064275219687263241 0.098048962652682259 0.018824836239218712 15.178099795302838 0.1949946676613763 0.047385826939719489 0.46123711764812469 0.028308734297753158 0.056723391637212184 0.052397370338439941 0.072519060922785594 0.14029536629095674 27.830778516596183
leaf_count=20 33 9 15 27 15 1 18 4 2 19220 248 20 586 3 22 21 28 55 10913
internal_value=-0.0126333 0.0374187 -0.000303018 -0.00422927 0.004004 0.0496607 -0.0499221 0.0499325 0.0468327 0.0500488 0.0503662 -0.0500718 0.0501234 0.0500408 -0.0500705 -0.0500695 -0.0500705 -0.0500702 -0.0500705
internal_weight=49.3953 21.0886 5.16708 4.84974 4.12979 15.9215 28.3067 15.8787 0.574259 15.3045 0.422298 28.2644 0.555434 15.2064 28.2001 0.240079 27.96 0.192693 27.8875
internal_count=31260 20150 325 310 283 19825 11110 19824 597 19227 268 11077 595 19223 11059 96 10963 76 10935
is_linear=0
shrinkage=0.05


Tree=123
num_leaves=20
num_cat=0
split_feature=26 41 19 17 19 42 42 17 17 15 15 15 15 42 16 43 19 23 42
split_gain=34.984 3.80842 0.457853 0.716672 0.385551 0.166161 0.161223 0.00218329 0.0698051 5.2233e-05 1.33099e-05 7.7662e-06 6.60164e-06 2.7954e-06 9.13012e-11 1.81613e-10 3.45217e-11 1.95072e-11 1.17204e-11
threshold=7.5000000000000009 0.28348214285466261 1.8333333333333337 6.0000000000000009 0.97222222222222232 0.24999999999583336 0.090499590499136709 13.000000000000002 10.000000000000002 34.500000000000007 51.000000000000007 88.500000000000014 43.500000000000007 0.24048192771031504 37.000000000000007 0.59999999999550013 1.2792207792207795 2.5000000000000004 0.099999999999250008
decision_type=2 2 2 2 2 2 2 2 2 2 2 2 2 2 2 2 2 2 2
left_child=1 2 3 4 10 7 -2 8 12 -9 -1 -8 -3 -11 15 -13 18 -17 -16
right_child=6 5 -4 -5 -6 -7 11 9 -10 13 -12 14 -14 -15 16 17 -18 -19 -20
leaf_value=0.050614674870423593 0.050064063474553756 0.050508370279907358 0.059153516844427184 -0.051385697631016886 -0.00121238123553727 -0.05117677520621914 -0.050631045030624135 0.051225173240381019 -0.050249360337201725 0.050037883429342747 0.050037452376990123 -0.050063218787593323 0.050037505542870633 0.050547655077592936 -0.050067799280674063 -0.050065917259973981 -0.050068183159972295 -0.05006707648271988 -0.050067061636357359
leaf_weight=0.21635059406981128 0.040259326691741815 0.089648427441713419 0.3045799892861395 0.68576496094465245 3.7093256413936615 0.040745429694653335 0.06117848132271575 0.093381494283675148 0.01791120320558548 14.438402455823958 0.18549161229748279 0.045077643124389222 0.43875874462537467 0.026942802593112769 0.053960619494325068 0.049845207133330405 0.068986967438830926 0.13346203113906085 26.475231441901997
leaf_count=20 33 9 15 27 15 1 18 4 2 19220 248 20 586 3 22 21 28 55 10913
internal_value=-0.0125826 0.0370727 -0.000291405 -0.00406584 0.00382736 0.049658 -0.0499186 0.04993 0.0468268 0.0500464 0.0503482 -0.0500683 0.0501174 0.0500388 -0.0500671 -0.0500661 -0.0500671 -0.0500668 -0.0500671
internal_weight=47.1753 20.2473 5.10151 4.79693 4.11117 15.1458 26.928 15.105 0.546318 14.5587 0.401842 26.8877 0.528407 14.4653 26.8266 0.228385 26.5982 0.183307 26.5292
internal_count=31260 20150 325 310 283 19825 11110 19824 597 19227 268 11077 595 19223 11059 96 10963 76 10935
is_linear=0
shrinkage=0.05


Tree=124
num_leaves=20
num_cat=0
split_feature=26 41 19 42 42 17 17 15 15 15 15 42 16 43 19 15 42 18 18
split_gain=33.1863 3.72358 0.423948 0.158043 0.153349 0.0020813 0.0663924 4.48952e-05 1.14465e-05 6.69004e-06 5.67825e-06 2.40524e-06 7.8451e-11 1.56367e-10 2.97753e-11 1.67309e-11 1.01643e-11 1.11022e-16 2.77556e-17
threshold=7.5000000000000009 0.28348214285466261 0.64171122994652419 0.24999999999583336 0.090499590499136709 13.000000000000002 10.000000000000002 34.500000000000007 51.000000000000007 88.500000000000014 43.500000000000007 0.24048192771031504 37.000000000000007 0.59999999999550013 1.2792207792207795 107.50000000000001 0.099999999999250008 104.9987815723572 105.0004199468918
decision_type=2 2 2 2 2 2 2 2 2 2 2 2 2 2 2 2 2 2 2
left_child=1 2 8 5 -2 6 10 -7 -1 -6 -3 -9 13 -11 16 -15 -14 -10 -19
right_child=4 3 -4 -5 9 7 -8 11 17 12 -12 -13 14 15 -16 -17 -18 18 -20
leaf_value=0.050584393894409774 0.05006093368513316 0.050483329597344286 -0.0044361304376540909 -0.051118067892655467 -0.050600330705596157 0.05116399137573166 -0.05023714108180808 0.050036039418818692 0.050035623131295628 -0.050060131423378146 0.050035671624245742 0.050520744424829726 -0.05006449078203358 -0.050063790975169255 -0.050064854217156285 -0.050062672736936813 -0.050063786400859157 0.050035628204185813 0.050035628204185605
leaf_weight=0.20591914234683173 0.038298190804200938 0.085317450575527753 4.6564169736811891 0.03880164027214128 0.058229204732927253 0.088930763304232552 0.017041703686118126 13.734727291564919 0.01422955805901438 0.042881758417936733 0.41737512534018606 0.025642093271017852 0.051332234404987243 0.1292495084926486 0.065626687603070333 0.045128796133212745 25.185623323312029 0.094629384460859001 0.067592417472042143
leaf_count=20 33 9 57 1 18 4 2 19220 20 20 586 3 22 56 28 20 10913 133 95
internal_value=-0.0125298 0.0367167 -0.000280092 0.0496555 -0.0499153 0.0499276 0.0468213 0.0500442 0.0503312 -0.050065 0.0501116 0.0500369 -0.0500638 -0.0500628 -0.0500638 -0.0500635 -0.0500638 0.0500356 0.0500356
internal_weight=45.063 19.4466 5.03879 14.4078 25.6164 14.369 0.519734 13.8493 0.382371 25.5781 0.502693 13.7604 25.5198 0.21726 25.3026 0.174378 25.237 0.176451 0.162222
internal_count=31260 20150 325 19825 11110 19824 597 19227 268 11077 595 19223 11059 96 10963 76 10935 248 228
is_linear=0
shrinkage=0.05


Tree=125
num_leaves=19
num_cat=0
split_feature=26 41 19 42 42 17 17 15 15 15 15 42 16 43 19 23 42 18
split_gain=31.4581 3.66433 0.401342 0.150322 0.145861 0.00198383 0.0631469 3.85915e-05 9.84462e-06 5.76286e-06 4.88402e-06 2.06964e-06 6.69402e-11 1.34747e-10 2.56897e-11 1.44439e-11 8.86047e-12 8.32667e-17
threshold=7.5000000000000009 0.28348214285466261 0.64171122994652419 0.24999999999583336 0.090499590499136709 13.000000000000002 10.000000000000002 34.500000000000007 51.000000000000007 88.500000000000014 43.500000000000007 0.24048192771031504 37.000000000000007 0.59999999999550013 1.2792207792207795 2.5000000000000004 0.099999999999250008 104.9987815723572
decision_type=2 2 2 2 2 2 2 2 2 2 2 2 2 2 2 2 2 2
left_child=1 2 8 5 -2 6 10 -7 -1 -6 -3 -9 13 -11 16 -15 -14 -10
right_child=4 3 -4 -5 9 7 -8 11 17 12 -12 -13 14 15 -16 -17 -18 -19
leaf_value=0.050555618300551657 0.050057963094039953 0.050459533949276429 -0.0042101299562219367 -0.051062350144321783 -0.050571109463743463 0.051105935779157896 -0.050225521215177329 0.05003427990639913 0.050033887734749455 -0.050057194092606019 0.050033934389207946 0.050495168132646179 -0.050061342483881083 -0.050059638255516063 -0.050061685313881388 -0.050060686829715373 -0.050060668322015944 0.050033884571090238
leaf_weight=0.19598502479493873 0.036432475666518083 0.081193776801225748 4.6609345838660374 0.03694852069020349 0.055420531076381674 0.084687232971190407 0.016214225441217422 13.065324696246531 0.013536032289266586 0.040792722487824729 0.39703296485822648 0.024403557181359115 0.048831725958740857 0.045107279089279473 0.062429887475444867 0.12077651149593294 23.95876010810025 0.15431538387201726
leaf_count=20 33 9 57 1 18 4 2 19220 20 20 586 3 22 21 28 55 10913 228
internal_value=-0.0124612 0.0362626 -0.000262049 0.0496531 -0.0499121 0.0499253 0.046816 0.050042 0.0503149 -0.0500618 0.0501062 0.0500351 -0.0500607 -0.0500598 -0.0500607 -0.0500604 -0.0500607 0.0500339
internal_weight=43.0991 18.7306 5.02477 13.7058 24.3686 13.6689 0.494441 13.1744 0.363836 24.3321 0.478227 13.0897 24.2767 0.206677 24.07 0.165884 24.0076 0.167851
internal_count=31260 20150 325 19825 11110 19824 597 19227 268 11077 595 19223 11059 96 10963 76 10935 248
is_linear=0
shrinkage=0.05


Tree=126
num_leaves=20
num_cat=0
split_feature=26 41 7 19 19 42 42 17 17 15 43 15 15 42 16 43 19 23 42
split_gain=29.8172 3.60493 0.391761 0.374734 0.341524 0.142978 0.138739 0.00189076 0.0600604 3.31748e-05 6.68335e-06 4.96389e-06 4.20121e-06 1.78086e-06 5.74509e-11 1.15554e-10 2.22045e-11 1.23506e-11 7.67741e-12
threshold=7.5000000000000009 0.28348214285466261 7.291666666666667 1.8333333333333337 0.97222222222222232 0.24999999999583336 0.090499590499136709 13.000000000000002 10.000000000000002 34.500000000000007 0.78888888887872854 88.500000000000014 43.500000000000007 0.24048192771031504 37.000000000000007 0.59999999999550013 1.2792207792207795 2.5000000000000004 0.099999999999250008
decision_type=2 2 2 2 2 2 2 2 2 2 2 2 2 2 2 2 2 2 2
left_child=1 2 3 4 10 7 -2 8 12 -9 -1 -8 -3 -11 15 -13 18 -17 -16
right_child=6 5 -4 -5 -6 -7 11 9 -10 13 -12 14 -14 -15 16 17 -18 -19 -20
leaf_value=0.05006009466432898 0.050055129536788291 0.050436921857733824 -0.045111589019542181 0.058714810922370068 -0.0036481672673397583 -0.051009465586258323 -0.050543305110529291 0.051050838121426134 -0.050214472608736738 0.050032609962243027 0.050523575245368581 -0.050054405863984797 0.050032274242555443 0.050470856762647676 -0.050058348396290336 -0.050056727565586684 -0.050058674168249467 -0.050057721703953818 -0.050057704837046801
leaf_weight=0.18096227943897503 0.034657552721912732 0.077267663553354349 0.4434815291315316 0.29398412420414377 3.9565689656883478 0.035182036459446731 0.05274590838235127 0.080641739070414498 0.015426755882799625 12.428525839932259 0.13641336793079972 0.038805346935990026 0.37768162915017456 0.023224282078445735 0.046452885493642238 0.042909803800284863 0.059388627763836577 0.11489280289970338 22.79159279493615
leaf_count=252 33 9 12 15 32 1 18 4 2 19220 14 20 586 3 22 21 28 55 10913
internal_value=-0.01239 0.0357972 -0.000245057 0.00411085 0.000354907 0.0496508 -0.0499091 0.0499232 0.046811 0.05004 0.0502593 -0.0500588 0.050101 0.0500334 -0.0500577 -0.0500569 -0.0500577 -0.0500575 -0.0500577
internal_weight=41.2308 18.0494 5.01141 4.56793 4.27394 13.0379 23.1814 13.0028 0.470376 12.5324 0.317376 23.1468 0.454949 12.4518 23.094 0.196608 22.8974 0.157803 22.838
internal_count=31260 20150 325 313 298 19825 11110 19824 597 19227 266 11077 595 19223 11059 96 10963 76 10935
is_linear=0
shrinkage=0.05


Tree=127
num_leaves=20
num_cat=0
split_feature=26 41 28 19 42 42 17 17 15 16 15 15 42 2 16 43 19 15 42
split_gain=28.2708 3.53232 0.383637 0.306634 0.135995 0.131964 0.00180186 0.0571251 2.85205e-05 7.80572e-06 4.27546e-06 3.61383e-06 1.53243e-06 3.96769e-07 5.03384e-11 9.96001e-11 1.88081e-11 1.07121e-11 6.37002e-12
threshold=7.5000000000000009 0.28348214285466261 1.5000000000000002 0.97222222222222232 0.24999999999583336 0.090499590499136709 13.000000000000002 10.000000000000002 34.500000000000007 27.000000000000004 88.500000000000014 43.500000000000007 0.24048192771031504 6.4847926267281109 37.000000000000007 0.59999999999550013 1.2792207792207795 107.50000000000001 0.099999999999250008
decision_type=2 2 2 2 2 2 2 2 2 2 2 2 2 2 2 2 2 2 2
left_child=1 2 3 9 6 -2 7 11 -8 -1 -7 -3 -10 -11 15 -12 18 -17 -16
right_child=5 4 -4 -5 -6 10 8 -9 12 13 14 -13 -14 -15 16 17 -18 -19 -20
leaf_value=0.050541154440632355 0.050052440019786516 0.050415431333330846 -0.045419272189422412 0.00039006276996330085 -0.05095926008260946 -0.050516855930527509 0.050998537546967919 -0.050203969437513034 0.050031014343205726 0.05028571689975108 -0.050051746978258885 0.050030702117500908 0.050447744307195432 0.050030656068140916 -0.050055494974584426 -0.050054895526239374 -0.050055808728491316 -0.050053931147978709 -0.050054894004408525
leaf_weight=0.16324824374169367 0.032969010935633203 0.073529814369973745 0.42914506839588273 4.2112576812505722 0.033498328179121795 0.050199068966324201 0.07678547501563926 0.014677377417683601 11.822745972254776 0.016948611941188574 0.036914698313924244 0.35927290859399363 0.022101486101747336 0.15188356873113662 0.044189803767955449 0.11126542999409139 0.056495362892745926 0.038849251926876605 21.681222236482427
leaf_count=17 33 9 36 21 1 18 4 2 19220 3 20 586 3 248 22 56 28 20 10913
internal_value=-0.0123243 0.035374 -0.000230657 0.00403767 0.0496486 -0.0499063 0.0499211 0.0468062 0.050038 0.0502946 -0.0500559 0.0500961 0.0500318 0.0500563 -0.0500549 -0.0500541 -0.0500549 -0.0500546 -0.0500549
internal_weight=39.4272 17.3751 4.97248 4.54334 12.4026 22.0521 12.3691 0.44748 11.9216 0.33208 22.0191 0.432803 11.8448 0.168832 21.9689 0.187029 21.7819 0.150115 21.7254
internal_count=31260 20150 325 289 19825 11110 19824 597 19227 268 11077 595 19223 251 11059 96 10963 76 10935
is_linear=0
shrinkage=0.05


Tree=128
num_leaves=20
num_cat=0
split_feature=26 41 7 19 42 42 7 2 17 17 15 15 15 42 16 43 19 23 42
split_gain=26.7999 3.46332 0.361767 0.355928 0.129353 0.125521 0.0238397 0.320302 0.00171699 0.0543335 2.45204e-05 3.68248e-06 3.10878e-06 1.31862e-06 4.29772e-11 8.56887e-11 1.63034e-11 9.19048e-12 5.5671e-12
threshold=7.5000000000000009 0.28348214285466261 7.291666666666667 1.8333333333333337 0.24999999999583336 0.090499590499136709 5.3333333333333348 5.3861283643892355 13.000000000000002 10.000000000000002 34.500000000000007 88.500000000000014 43.500000000000007 0.24048192771031504 37.000000000000007 0.59999999999550013 1.2792207792207795 2.5000000000000004 0.099999999999250008
decision_type=2 2 2 2 2 2 2 2 2 2 2 2 2 2 2 2 2 2 2
left_child=1 2 3 6 8 -2 -1 -8 9 12 -10 -7 -3 -12 15 -13 18 -17 -16
right_child=5 4 -4 -5 -6 11 7 -9 10 -11 13 14 -14 -15 16 17 -18 -19 -20
leaf_value=-0.00083345756883340032 0.05004988109363772 0.050395010502100893 -0.044658270253866789 0.058195718939889854 -0.050911604094284635 -0.050491688698784912 -0.050319654598780184 0.050154324378693528 0.050948891920801057 -0.050193980783390525 0.050029501849797597 -0.050049221138866395 0.050029204298961176 0.05042577123490103 -0.05005278710578407 -0.05005132168432145 -0.050053084057071762 -0.050052223180679027 -0.050052210914497769
leaf_weight=3.8972933553159264 0.031362657318825593 0.069971351884302702 0.41913130786269892 0.28294408414512862 0.031893670558930221 0.047774032456802895 0.12593097705394019 0.21431522804778069 0.073109984397887184 0.013964260928332806 11.246475495863702 0.035116075072440078 0.34176091686822474 0.021032513119281115 0.042036858387297538 0.038830448989756405 0.053742903168312206 0.10397047339938581 20.624894036678597
leaf_count=30 33 9 12 15 1 18 11 257 4 2 19220 20 586 3 22 21 28 55 10913
internal_value=-0.0122552 0.03493 -0.000220208 0.00390001 0.0496466 -0.0499036 0.000274641 0.0129672 0.0499191 0.0468017 0.0500362 -0.0500532 0.0500914 0.0500302 -0.0500522 -0.0500514 -0.0500522 -0.050052 -0.0500522
internal_weight=37.7156 16.7378 4.93961 4.52048 11.7982 20.9777 4.23754 0.340246 11.7663 0.425697 11.3406 20.9464 0.411732 11.2675 20.8986 0.177917 20.7207 0.142801 20.6669
internal_count=31260 20150 325 313 19825 11110 298 268 19824 597 19227 11077 595 19223 11059 96 10963 76 10935
is_linear=0
shrinkage=0.05


Tree=129
num_leaves=20
num_cat=0
split_feature=26 41 28 19 42 42 17 17 15 16 15 15 42 2 16 43 19 23 42
split_gain=25.4079 3.38993 0.34797 0.285192 0.123035 0.119393 0.00163597 0.0516786 2.10827e-05 6.65707e-06 3.1716e-06 2.67429e-06 1.13471e-06 2.93808e-07 3.70441e-11 7.37315e-11 1.4019e-11 7.90698e-12 4.79972e-12
threshold=7.5000000000000009 0.28348214285466261 1.5000000000000002 0.97222222222222232 0.24999999999583336 0.090499590499136709 13.000000000000002 10.000000000000002 34.500000000000007 27.000000000000004 88.500000000000014 43.500000000000007 0.24048192771031504 6.4847926267281109 37.000000000000007 0.59999999999550013 1.2792207792207795 2.5000000000000004 0.099999999999250008
decision_type=2 2 2 2 2 2 2 2 2 2 2 2 2 2 2 2 2 2 2
left_child=1 2 3 9 6 -2 7 11 -8 -1 -7 -3 -10 -11 15 -12 18 -17 -16
right_child=5 4 -4 -5 -6 10 8 -9 12 13 14 -13 -14 -15 16 17 -18 -19 -20
leaf_value=0.050516668490572951 0.050047447311792372 0.050375592919202565 -0.04498845401599099 0.00035093362646016553 -0.05086635730650374 -0.050467746009676386 0.050901759612404035 -0.050184485160743843 0.05002806000321372 0.050258410564733874 -0.050046818605453285 0.050027777462948203 0.050404888036507604 0.050027737307009434 -0.050050211010836232 -0.050048816411444978 -0.050050492952786421 -0.050049673736207868 -0.050049662709621412
leaf_weight=0.15411345381289976 0.029834496497644802 0.06658381456508955 0.39854552259203035 4.192345067858696 0.030364504083991828 0.045465082046578398 0.069607138633727028 0.013285665772855282 10.698278820200354 0.015345651190727949 0.033405006513933411 0.32510208559688181 0.02001482620835382 0.13742056093178689 0.039988704258582142 0.036938468692824244 0.051124410587361946 0.098904685000889003 19.619979690993205
leaf_count=17 33 9 36 21 1 18 4 2 19220 3 20 586 3 248 22 21 28 55 10913
internal_value=-0.0121868 0.0344982 -0.000209754 0.00375679 0.0496446 -0.049901 0.0499173 0.0467974 0.0500344 0.0502848 -0.0500506 0.0500869 0.0500288 0.0500509 -0.0500497 -0.0500489 -0.0500497 -0.0500494 -0.0500497
internal_weight=36.0766 16.121 4.89777 4.49922 11.2232 19.9556 11.1929 0.404972 10.7879 0.30688 19.9258 0.391686 10.7183 0.152766 19.8803 0.169248 19.7111 0.135843 19.66
internal_count=31260 20150 325 289 19825 11110 19824 597 19227 268 11077 595 19223 251 11059 96 10963 76 10935
is_linear=0
shrinkage=0.05


Tree=130
num_leaves=20
num_cat=0
split_feature=26 41 7 19 42 42 5 2 17 17 15 15 15 42 16 43 19 23 42
split_gain=24.0821 3.32229 0.334327 0.231821 0.117027 0.113565 0.0199191 0.290665 0.00155865 0.0491537 1.81277e-05 2.73149e-06 2.30061e-06 9.76427e-07 3.16902e-11 6.34628e-11 1.21076e-11 6.80714e-12 4.15668e-12
threshold=7.5000000000000009 0.28348214285466261 7.291666666666667 1.4083333333333334 0.24999999999583336 0.090499590499136709 9.0000000000000018 5.3861283643892355 13.000000000000002 10.000000000000002 34.500000000000007 88.500000000000014 43.500000000000007 0.24048192771031504 37.000000000000007 0.59999999999550013 1.2792207792207795 2.5000000000000004 0.099999999999250008
decision_type=2 2 2 2 2 2 2 2 2 2 2 2 2 2 2 2 2 2 2
left_child=1 2 3 6 8 -2 -1 -8 9 12 -10 -7 -3 -12 15 -13 18 -17 -16
right_child=5 4 -4 -5 -6 11 7 -9 10 -11 13 14 -14 -15 16 17 -18 -19 -20
leaf_value=-0.00036391520953716206 0.050045130490313054 0.05035713879388995 -0.04420605118603993 0.045682425178625967 -0.050823390550843429 -0.050444965086756582 -0.050290598912452682 0.050139641938884844 0.050857007621006027 -0.050175456499670916 0.05002669335619412 -0.05004453419370461 0.050026420604490779 0.050385032301418664 -0.050047760573698266 -0.050046434483843098 -0.050048028456889139 -0.050047250071558913 -0.050047237402109084
leaf_weight=3.8561854576691981 0.028380730771462193 0.063359107822177019 0.39645266206935037 0.30631970975082357 0.028907412663102927 0.043266761756970307 0.11461527924984638 0.19397175230551511 0.066269151866435005 0.01263993326574564 10.176788773504082 0.031777239870282581 0.30925483128521591 0.019046004861594024 0.038040248211479333 0.035138588631525636 0.048633378464727595 0.094085488701239228 18.663982742466033
leaf_count=27 33 9 12 18 1 18 11 257 4 2 19220 20 586 3 22 21 28 55 10913
internal_value=-0.0121126 0.0340345 -0.000200081 0.00370194 0.0496427 -0.0498985 0.000614266 0.0128379 0.0499155 0.0467933 0.0500327 -0.0500481 0.0500827 0.0500274 -0.0500472 -0.0500465 -0.0500472 -0.050047 -0.0500472
internal_weight=34.5271 15.5438 4.86754 4.47109 10.6763 18.9833 4.16477 0.308587 10.6474 0.385254 10.2621 18.9549 0.372614 10.1958 18.9117 0.161001 18.7507 0.129224 18.702
internal_count=31260 20150 325 313 19825 11110 295 268 19824 597 19227 11077 595 19223 11059 96 10963 76 10935
is_linear=0
shrinkage=0.05


Tree=131
num_leaves=20
num_cat=0
split_feature=26 41 28 3 7 42 42 16 17 17 15 15 15 42 16 43 19 23 42
split_gain=22.8262 3.25227 0.316904 0.112595 0.6442 0.111313 0.108021 0.00292209 0.00148487 0.0467523 1.55872e-05 2.35241e-06 1.97914e-06 8.40224e-07 2.73275e-11 5.45377e-11 1.04095e-11 5.8589e-12 3.55271e-12
threshold=7.5000000000000009 0.28348214285466261 1.5000000000000002 -1.0000000180025095e-35 8.9372549019607863 0.24999999999583336 0.090499590499136709 6.0000000000000009 13.000000000000002 10.000000000000002 34.500000000000007 88.500000000000014 43.500000000000007 0.24048192771031504 37.000000000000007 0.59999999999550013 1.2792207792207795 2.5000000000000004 0.099999999999250008
decision_type=2 2 2 2 2 2 2 2 2 2 2 2 2 2 2 2 2 2 2
left_child=1 2 3 -1 7 8 -2 -5 9 12 -10 -8 -3 -12 15 -13 18 -17 -16
right_child=6 5 -4 4 -6 -7 11 -9 10 -11 13 14 -14 -15 16 17 -18 -19 -20
leaf_value=0.0001303648441652083 0.050042927746169398 0.050339600251956468 -0.044504367858774325 0.058087818867710583 -0.051512053243478954 -0.050782586471263484 -0.050423294155804745 0.050252909859541776 0.050814504411697152 -0.050166868490293115 0.050025393771093107 -0.050042360327909909 0.050025136454743782 0.050366154704230892 -0.050045426771812021 -0.050044166051186202 -0.050045682902146484 -0.050044941842199479 -0.050044930749433919
leaf_weight=3.7767191929742694 0.026997745444535037 0.060289517045018282 0.37237849319353689 0.23969629406928916 0.20669952034950256 0.027519118040800872 0.041173859848643413 0.23634818301070482 0.063088558614252999 0.012025482952594757 9.680706578859823 0.030228724703195264 0.29417968360939994 0.018123739399016681 0.036186646902939823 0.033426335896365345 0.046263613738118603 0.089500906877219677 17.754527429002337
leaf_count=22 33 9 36 2 4 1 18 261 4 2 19220 20 586 3 22 21 28 55 10913
internal_value=-0.0120382 0.0335756 -0.000191856 0.00350837 0.0221944 0.049641 -0.0498962 0.0541979 0.0499138 0.0467894 0.0500311 -0.0500458 0.0500786 0.050026 -0.0500449 -0.0500443 -0.0500449 -0.0500447 -0.0500449
internal_weight=33.0461 14.9878 4.83184 4.45946 0.682744 10.1559 18.0583 0.476044 10.1284 0.366495 9.76192 18.0313 0.354469 9.69883 17.9901 0.153156 17.837 0.122927 17.7907
internal_count=31260 20150 325 289 267 19825 11110 263 19824 597 19227 11077 595 19223 11059 96 10963 76 10935
is_linear=0
shrinkage=0.05


Tree=132
num_leaves=16
num_cat=0
split_feature=26 20 42 42 17 25 15 42 2 42 16 43 19 23 42
split_gain=21.6383 3.17915 0.105703 0.102748 0.00304424 0.0727565 2.02583e-06 7.22825e-07 4.88012e-08 3.7206e-08 2.38138e-11 4.70778e-11 8.87823e-12 5.01779e-12 2.99849e-12
threshold=7.5000000000000009 1.5000000000000002 0.24999999999583336 0.090499590499136709 20.500000000000004 1.0000000180025095e-35 88.500000000000014 0.24048192771031504 6.7119815668202767 0.1109742747667473 37.000000000000007 0.59999999999550013 1.2792207792207795 2.5000000000000004 0.099999999999250008
decision_type=2 2 2 2 2 2 2 2 2 2 2 2 2 2 2
left_child=1 -1 4 -2 5 9 -5 8 -6 -3 11 -8 14 -13 -12
right_child=3 2 -4 6 7 -7 10 -9 -10 -11 12 13 -14 -15 -16
leaf_value=-0.00036005622431044618 0.050040832805690709 0.050024480773059168 -0.050743839219889897 -0.050402676963294923 0.050094653555582902 -0.050178033902122159 -0.050040289855708166 0.050348209966932692 0.050024017169103888 0.050122749229156507 -0.050043208546495091 -0.050042012095986403 -0.050043453759314155 -0.050042748202342995 -0.050042741522518377
leaf_weight=4.7540041175670948 0.025682098290419897 0.42069251128122864 0.026196479797364058 0.03918140311725693 0.024517265032042768 0.018910487182438374 0.028755612089301219 0.017245824448765101 9.176331931143066 0.0098579027107916772 0.034423290751880553 0.031797448522411287 0.044009221834129586 0.08513953466899693 16.889349850360304
leaf_count=76 33 869 1 18 13 3 20 3 19180 5 22 21 28 55 10913
internal_value=-0.0119652 0.033132 0.0495571 -0.0498939 0.0498289 0.0458107 -0.0500436 0.0500248 0.0500242 0.0500267 -0.0500427 -0.0500421 -0.0500427 -0.0500425 -0.0500427
internal_weight=31.6261 14.4478 9.69375 17.1783 9.66756 0.449461 17.1527 9.2181 9.20085 0.43055 17.1135 0.145693 16.9678 0.116937 16.9238
internal_count=31260 20150 20074 11110 20073 877 11077 19196 19193 874 11059 96 10963 76 10935
is_linear=0
shrinkage=0.05


Tree=133
num_leaves=20
num_cat=0
split_feature=26 41 28 3 43 42 42 16 17 19 15 15 15 42 16 43 19 15 42
split_gain=20.4952 3.12931 0.298824 0.104284 0.608812 0.10071 0.0977327 0.00244941 0.00133179 0.0347855 1.34575e-05 1.74461e-06 1.70049e-06 6.22234e-07 2.00693e-11 4.04858e-11 7.76623e-12 4.3491e-12 2.66454e-12
threshold=7.5000000000000009 0.28348214285466261 1.5000000000000002 -1.0000000180025095e-35 0.65942028984254375 0.24999999999583336 0.090499590499136709 6.0000000000000009 13.000000000000002 0.16563217996639348 34.500000000000007 88.500000000000014 43.500000000000007 0.24048192771031504 37.000000000000007 0.59999999999550013 1.2792207792207795 107.50000000000001 0.099999999999250008
decision_type=2 2 2 2 2 2 2 2 2 2 2 2 2 2 2 2 2 2 2
left_child=1 2 3 -1 -5 8 -2 -6 9 12 -10 -8 -3 -12 15 -13 18 -17 -16
right_child=6 5 -4 4 7 -7 11 -9 10 -11 13 14 -14 -15 16 17 -18 -19 -20
leaf_value=0.00014183605121225186 0.050038839868724372 0.050323047834984105 -0.044234419263750609 -0.051435615898679315 0.057634148893805554 -0.050707038271087038 -0.050383060673443739 0.050245881321631082 0.050774431672854385 -0.032894134946884195 0.050022972344726614 -0.05003832429324212 0.050022738677865768 0.050331146997360625 -0.050041100777281959 -0.050040656125676652 -0.050041332078532855 -0.050039942294358035 -0.050040649221608308
leaf_weight=3.7770558167248964 0.024430515244605711 0.057388075161722507 0.3570721293799578 0.1968346238136317 0.22982689738273621 0.024936491623521628 0.037284649093637934 0.21914796665078029 0.060079153627156212 0.01314952049870044 8.7598787069728097 0.027354232151995173 0.26393179799197242 0.016410156618804517 0.032745792763313797 0.082450432935729623 0.041864596190861358 0.028787966119125485 16.066300361533649
leaf_count=22 33 9 36 4 2 1 18 261 4 7 19220 20 581 3 22 56 28 20 10913
internal_value=-0.011873 0.0325807 -0.000235632 0.00331653 0.0218839 0.0496386 -0.0498918 0.0540279 0.0499114 0.0468144 0.0500287 -0.0500414 0.0500764 0.0500235 -0.0500406 -0.05004 -0.0500407 -0.0500405 -0.0500407
internal_weight=30.3169 13.9757 4.77994 4.42287 0.645809 9.19577 16.3412 0.448975 9.17084 0.334469 8.83637 16.3168 0.32132 8.77629 16.2795 0.138593 16.1409 0.111238 16.099
internal_count=31260 20150 325 289 267 19825 11110 263 19824 597 19227 11077 590 19223 11059 96 10963 76 10935
is_linear=0
shrinkage=0.05


Tree=134
num_leaves=20
num_cat=0
split_feature=26 41 7 19 42 42 16 2 17 2 15 15 15 42 16 43 19 23 42
split_gain=19.4258 3.05596 0.28124 0.196131 0.095789 0.0929624 0.00379755 0.242422 0.00131203 0.0409211 1.1573e-05 1.50235e-06 1.46518e-06 5.35451e-07 1.73195e-11 3.47508e-11 6.672e-12 3.72773e-12 2.28795e-12
threshold=7.5000000000000009 0.28348214285466261 7.291666666666667 1.4083333333333334 0.24999999999583336 0.090499590499136709 6.0000000000000009 5.3861283643892355 13.000000000000002 6.8473193473193481 34.500000000000007 88.500000000000014 43.500000000000007 0.24048192771031504 37.000000000000007 0.59999999999550013 1.2792207792207795 2.5000000000000004 0.099999999999250008
decision_type=2 2 2 2 2 2 2 2 2 2 2 2 2 2 2 2 2 2 2
left_child=1 2 3 6 8 -2 -1 -8 9 -3 -10 -7 -11 -12 15 -13 18 -17 -16
right_child=5 4 -4 -5 -6 11 7 -9 10 12 13 14 -14 -15 16 17 -18 -19 -20
leaf_value=3.4685626311563117e-06 0.050036947775468882 -0.050146053561173555 -0.043452951784758762 0.043910908609208751 -0.050672073840739552 -0.050364400728484499 -0.033947449923872365 0.050122888103178699 0.050736093106013791 0.050307190983712738 0.050021852605475738 -0.050036456770061077 0.050021649017676709 0.0503149209996323 -0.050039095767969971 -0.050038010703408402 -0.050039315499650454 -0.050038677669385356 -0.050038666733601626
leaf_weight=3.767029087990525 0.023239882255437716 0.010534114204344358 0.34858423192054022 0.27726111980155099 0.023736277595163169 0.035479063808451339 0.18279692996293295 0.16151295555755496 0.057191155850886299 0.054605997167527676 8.332836465153374 0.026021097670308246 0.25340604767552577 0.015614730305970492 0.031149978283789959 0.028773745521903038 0.039824401144870403 0.077043564873747528 15.283328496851025
leaf_count=21 33 2 12 18 1 18 17 257 4 9 19220 20 586 3 22 21 28 55 10913
internal_value=-0.0117946 0.0321194 -0.000225694 0.00320782 0.049635 -0.0498898 0.000462884 0.00548926 0.0499079 0.0467581 0.0500273 -0.0500394 0.0500723 0.0500224 -0.0500387 -0.0500381 -0.0500387 -0.0500385 -0.0500387
internal_weight=29.03 13.4851 4.73718 4.3886 8.74792 15.5449 4.11134 0.34431 8.72419 0.318546 8.40564 15.5216 0.308012 8.34845 15.4861 0.131838 15.3543 0.105817 15.3145
internal_count=31260 20150 325 313 19825 11110 295 274 19824 597 19227 11077 595 19223 11059 96 10963 76 10935
is_linear=0
shrinkage=0.05


Tree=135
num_leaves=20
num_cat=0
split_feature=26 41 28 3 43 42 42 16 17 2 15 15 15 42 16 43 19 23 42
split_gain=18.4075 2.9882 0.272176 0.0977901 0.553296 0.0911126 0.088425 0.00183843 0.00124972 0.0389224 9.95272e-06 1.29367e-06 1.26058e-06 4.60795e-07 1.50209e-11 2.99875e-11 5.74829e-12 3.2178e-12 1.92024e-12
threshold=7.5000000000000009 0.28348214285466261 1.5000000000000002 -1.0000000180025095e-35 0.65942028984254375 0.24999999999583336 0.090499590499136709 6.0000000000000009 13.000000000000002 6.8473193473193481 34.500000000000007 88.500000000000014 43.500000000000007 0.24048192771031504 37.000000000000007 0.59999999999550013 1.2792207792207795 2.5000000000000004 0.099999999999250008
decision_type=2 2 2 2 2 2 2 2 2 2 2 2 2 2 2 2 2 2 2
left_child=1 2 3 -1 -5 8 -2 -6 9 -3 -10 -8 -11 -12 15 -13 18 -17 -16
right_child=6 5 -4 4 7 -7 11 -9 10 12 13 14 -14 -15 16 17 -18 -19 -20
leaf_value=0.00013905036586421646 0.050035139071053017 -0.050138911953643429 -0.043714239807705176 -0.051305656440791041 0.056897001162437469 -0.050638872817044878 -0.050346646161264642 0.050243389343144235 0.050699675768353991 0.050292120024593281 0.050020786419771382 -0.050034674543731721 0.050020592412076126 0.050299498347043309 -0.050037183754033258 -0.050036154499010381 -0.050037398290586281 -0.050036789845672149 -0.050036780844326681
leaf_weight=3.777174886316061 0.022107237833551063 0.010021750815209063 0.33408907765988249 0.17992408573627727 0.21304994821548462 0.02259307727217752 0.033760330232324942 0.2024898340459913 0.054439999163150676 0.051958004478365183 7.9266036273911595 0.02475289220455934 0.24105225948733278 0.014857631176710018 0.029631877783683147 0.027371422969736159 0.037883557379246535 0.073288799612782896 14.538485390250569
leaf_count=22 33 2 36 4 2 1 18 261 4 9 19220 20 586 3 22 21 28 55 10913
internal_value=-0.0117091 0.0316245 -0.00021558 0.00310791 0.0219401 0.0496335 -0.0498879 0.0536547 0.0499065 0.0467547 0.0500259 -0.0500375 0.0500687 0.0500213 -0.0500368 -0.0500362 -0.0500368 -0.0500366 -0.0500368
internal_weight=27.8155 13.0283 4.70673 4.37264 0.595464 8.32153 14.7873 0.41554 8.29893 0.303032 7.9959 14.7652 0.29301 7.94146 14.7314 0.125413 14.606 0.10066 14.5681
internal_count=31260 20150 325 289 267 19825 11110 263 19824 597 19227 11077 595 19223 11059 96 10963 76 10935
is_linear=0
shrinkage=0.05


Tree=136
num_leaves=20
num_cat=0
split_feature=26 41 28 3 43 42 42 16 17 2 15 15 15 42 16 43 19 23 42
split_gain=17.4447 2.91713 0.254715 0.0933759 0.524745 0.0866648 0.0841094 0.00156502 0.00119028 0.0370214 8.55979e-06 1.11397e-06 1.08456e-06 3.9654e-07 1.28804e-11 2.57511e-11 4.89742e-12 2.75668e-12 1.64491e-12
threshold=7.5000000000000009 0.28348214285466261 1.5000000000000002 -1.0000000180025095e-35 0.65942028984254375 0.24999999999583336 0.090499590499136709 6.0000000000000009 13.000000000000002 6.8473193473193481 34.500000000000007 88.500000000000014 43.500000000000007 0.24048192771031504 37.000000000000007 0.59999999999550013 1.2792207792207795 2.5000000000000004 0.099999999999250008
decision_type=2 2 2 2 2 2 2 2 2 2 2 2 2 2 2 2 2 2 2
left_child=1 2 3 -1 -5 8 -2 -6 9 -3 -10 -8 -11 -12 15 -13 18 -17 -16
right_child=6 5 -4 4 7 -7 11 -9 10 12 13 14 -14 -15 16 17 -18 -19 -20
leaf_value=0.00013210511068732385 0.050033426613735305 -0.050132119590716187 -0.043099870471943927 -0.05124035990611308 0.056515535169768087 -0.050607322938018499 -0.050329756463588976 0.050231584565673386 0.050665089306651347 0.050277791014300355 0.050019771380161393 -0.050032985352050446 0.050019587133990621 0.050284829409508319 -0.050035368516586659 -0.050034392004148859 -0.050035570612084163 -0.050034994945167381 -0.050034986163987494
leaf_weight=3.7769711129367352 0.021029756520873799 0.009534243494272121 0.32221239246428002 0.171361684799196 0.20399260520935059 0.021504258736967929 0.032124324003233506 0.19265840662410483 0.051819391548633464 0.049437713343650103 7.5401679581846111 0.023546454845926656 0.22930049378192052 0.014137033838778623 0.02818771125748476 0.026037397910840809 0.036037236801349404 0.06971690256614238 13.829918684554285
leaf_count=22 33 2 36 4 2 1 18 261 4 9 19220 20 586 3 22 21 28 55 10913
internal_value=-0.0116252 0.0311465 -0.00020627 0.00297461 0.0218757 0.0496321 -0.0498861 0.0534633 0.0499051 0.0467515 0.0500247 -0.0500357 0.0500654 0.0500203 -0.050035 -0.0500345 -0.050035 -0.0500348 -0.050035
internal_weight=26.6497 12.5831 4.6672 4.34498 0.568013 7.9159 14.0666 0.396651 7.8944 0.288272 7.60612 14.0456 0.278738 7.5543 14.0134 0.119301 13.8941 0.0957543 13.8581
internal_count=31260 20150 325 289 267 19825 11110 263 19824 597 19227 11077 595 19223 11059 96 10963 76 10935
is_linear=0
shrinkage=0.05


Tree=137
num_leaves=16
num_cat=0
split_feature=26 20 42 42 17 25 15 42 2 42 16 43 19 15 42
split_gain=16.5311 2.84917 0.0822969 0.0800044 0.00247018 0.057791 9.59229e-07 3.4077e-07 6.41205e-08 1.75854e-08 1.11093e-11 2.22053e-11 4.22951e-12 2.38523e-12 1.45484e-12
threshold=7.5000000000000009 1.5000000000000002 0.24999999999583336 0.090499590499136709 20.500000000000004 1.0000000180025095e-35 88.500000000000014 0.24048192771031504 6.7119815668202767 0.1109742747667473 37.000000000000007 0.59999999999550013 1.2792207792207795 107.50000000000001 0.099999999999250008
decision_type=2 2 2 2 2 2 2 2 2 2 2 2 2 2 2
left_child=1 -1 4 -2 5 9 -5 8 -6 -3 11 -8 14 -13 -12
right_child=3 2 -4 6 7 -7 10 -9 -10 -11 12 13 -14 -15 -16
leaf_value=-0.00035396046044683426 0.050031796227513796 0.050019069386246721 -0.050577350559656821 -0.050313691019101117 0.050098226625975822 -0.050141624166724921 -0.050031373033539085 0.050270885124154452 0.050018703928025543 0.050095590646455114 -0.05003364658315021 -0.050033281450510038 -0.050033834836192073 -0.050032697254034503 -0.050033278061722475
leaf_weight=4.6025007634889352 0.02000475861132045 0.32776126748649392 0.020467299968004116 0.030567115056327476 0.025438860058784374 0.015046907588839531 0.022398784174582853 0.013451199047267326 7.1472713110561017 0.007684071722906082 0.02681388054042777 0.067514445981942117 0.034280839725398304 0.023572878097184002 13.155863741529172
leaf_count=76 33 869 1 18 13 3 20 3 19180 5 22 56 28 20 10913
internal_value=-0.0115383 0.0306595 0.0495476 -0.0498843 0.0498195 0.0457208 -0.0500339 0.0500195 0.050019 0.0500208 -0.0500333 -0.0500328 -0.0500333 -0.0500331 -0.0500333
internal_weight=25.5406 12.1596 7.55712 13.381 7.53665 0.350492 13.361 7.18616 7.17271 0.335445 13.3304 0.113486 13.217 0.0910873 13.1827
internal_count=31260 20150 20074 11110 20073 877 11077 19196 19193 874 11059 96 10963 76 10935
is_linear=0
shrinkage=0.05


Tree=138
num_leaves=20
num_cat=0
split_feature=26 41 28 3 43 42 42 16 17 17 15 15 15 42 16 43 19 23 42
split_gain=15.6534 2.79607 0.24043 0.0865652 0.49625 0.0784117 0.0761 0.0013152 0.00106718 0.0335061 7.38995e-06 9.32563e-07 8.25972e-07 2.93673e-07 9.57634e-12 1.9091e-11 3.68594e-12 2.04335e-12 1.24345e-12
threshold=7.5000000000000009 0.28348214285466261 1.5000000000000002 -1.0000000180025095e-35 0.65942028984254375 0.24999999999583336 0.090499590499136709 6.0000000000000009 13.000000000000002 10.000000000000002 34.500000000000007 43.500000000000007 88.500000000000014 0.24048192771031504 37.000000000000007 0.59999999999550013 1.2792207792207795 2.5000000000000004 0.099999999999250008
decision_type=2 2 2 2 2 2 2 2 2 2 2 2 2 2 2 2 2 2 2
left_child=1 2 3 -1 -5 8 -2 -6 9 11 -10 -3 -8 -12 15 -14 18 -17 -16
right_child=6 5 -4 4 7 -7 12 -9 10 -11 13 -13 14 -15 16 17 -18 -19 -20
leaf_value=0.00014318842937319082 0.050030243238734277 0.050264263762271659 -0.042812586776576095 -0.051177983535804862 0.056159697642247403 -0.05054887909236333 -0.050298408573463883 0.050225083577487395 0.050632456995045032 -0.050119511334305381 0.05001789083549886 0.050017723040053336 -0.050029841679449377 0.050257625216304808 -0.050032002728361703 -0.05003111493601109 -0.050032186292377649 -0.050031660635892816 -0.050031653368824806
leaf_weight=3.7772962655872107 0.019029691931790604 0.047055508010089286 0.30943366663996119 0.16314153373241591 0.19530345499515533 0.019479788839816936 0.029084951209369048 0.17884717794368044 0.04934033378958691 0.00862891785800457 6.8228764244413469 0.20748711487976834 0.021307018119840815 0.012798467185348161 0.025506968842816558 0.02356110280379653 0.032609991496429624 0.063086571171879768 12.514641032903453
leaf_count=22 33 9 36 4 2 1 18 261 4 2 19220 586 20 3 22 21 28 55 10913
internal_value=-0.011432 0.0300744 -0.000239023 0.00281427 0.0215926 0.0496303 -0.0498827 0.0533229 0.0499033 0.0467785 0.0500227 0.0500633 -0.0500323 0.0500183 -0.0500317 -0.0500312 -0.0500317 -0.0500315 -0.0500317
internal_weight=24.5205 11.7917 4.62402 4.31459 0.537292 7.16767 12.7288 0.374151 7.14819 0.263172 6.88502 0.254543 12.7098 6.83567 12.6807 0.107955 12.5728 0.0866477 12.5401
internal_count=31260 20150 325 289 267 19825 11110 263 19824 597 19227 595 11077 19223 11059 96 10963 76 10935
is_linear=0
shrinkage=0.05


Tree=139
num_leaves=20
num_cat=0
split_feature=26 41 7 19 42 42 16 16 17 17 15 15 15 42 16 43 19 23 42
split_gain=14.832 2.72706 0.225707 0.122916 0.0745844 0.0723862 0.00623387 0.101951 0.00101636 0.0318699 6.35605e-06 8.02406e-07 7.11175e-07 2.5273e-07 8.33822e-12 1.64187e-11 3.12284e-12 1.76753e-12 1.07292e-12
threshold=7.5000000000000009 0.28348214285466261 7.291666666666667 1.2403846153846156 0.24999999999583336 0.090499590499136709 6.0000000000000009 27.000000000000004 13.000000000000002 10.000000000000002 34.500000000000007 43.500000000000007 88.500000000000014 0.24048192771031504 37.000000000000007 0.59999999999550013 1.2792207792207795 2.5000000000000004 0.099999999999250008
decision_type=2 2 2 2 2 2 2 2 2 2 2 2 2 2 2 2 2 2 2
left_child=1 2 3 6 8 -2 -1 -8 9 11 -10 -3 -7 -12 15 -14 18 -17 -16
right_child=5 4 -4 -5 -6 12 7 -9 10 -11 13 -13 14 -15 16 17 -18 -19 -20
leaf_value=2.8001959195668659e-07 0.050028766164429694 0.050251312126720099 -0.042680821057235176 0.036056947003999314 -0.050521823166561036 -0.050283866005657589 -0.014577334743793699 0.050034014546260712 0.050601230081223372 -0.050113666776292268 0.050017019077275252 0.050016857597063195 -0.050028385529440139 0.050245016731825021 -0.050030443748877954 -0.050029595097920349 -0.05003061385076904 -0.050030115473413753 -0.05003011101142351
leaf_weight=3.7669362369924801 0.018102122936396792 0.044771830085664877 0.29309940570965398 0.25902345345821221 0.018539421260356792 0.027674259792546674 0.17569310450926412 0.093569699442014098 0.046962209045886882 0.0082090133801102638 6.4902310896723066 0.19737117498880252 0.020268437918274596 0.012177256401628145 0.024263716768470611 0.022412677993997931 0.031020533642732384 0.06001160922460258 11.904652351862749
leaf_count=21 33 9 12 20 1 18 21 251 4 2 19220 586 20 3 22 21 28 55 10913
internal_value=-0.0113394 0.0295737 -0.000228524 0.00266836 0.0496291 -0.0498811 0.000525639 0.00787532 0.0499021 0.0467755 0.0500216 0.0500602 -0.0500307 0.0500174 -0.0500301 -0.0500297 -0.0500301 -0.05003 -0.0500301
internal_weight=23.515 11.4066 4.58832 4.29522 6.81826 12.1084 4.0362 0.269263 6.79972 0.250352 6.54937 0.242143 12.0903 6.50241 12.0626 0.102693 11.9599 0.0824243 11.9289
internal_count=31260 20150 325 313 19825 11110 293 272 19824 597 19227 595 11077 19223 11059 96 10963 76 10935
is_linear=0
shrinkage=0.05


Tree=140
num_leaves=20
num_cat=0
split_feature=26 41 28 43 7 42 42 17 17 17 15 15 15 42 16 43 19 15 42
split_gain=14.0485 2.6641 0.221929 0.083183 0.452937 0.0709441 0.0688538 0.00102233 0.000967897 0.0303137 5.46706e-06 6.904e-07 6.1236e-07 2.17499e-07 6.92246e-12 1.41753e-11 2.75158e-12 1.53356e-12 9.5568e-13
threshold=7.5000000000000009 0.28348214285466261 1.5000000000000002 0.92857142851530627 8.9372549019607863 0.24999999999583336 0.090499590499136709 6.0000000000000009 13.000000000000002 10.000000000000002 34.500000000000007 43.500000000000007 88.500000000000014 0.24048192771031504 37.000000000000007 0.59999999999550013 1.2792207792207795 107.50000000000001 0.099999999999250008
decision_type=2 2 2 2 2 2 2 2 2 2 2 2 2 2 2 2 2 2 2
left_child=1 2 3 4 7 8 -2 -1 9 11 -10 -3 -8 -12 15 -14 18 -17 -16
right_child=6 5 -4 -5 -6 -7 12 -9 10 -11 13 -13 14 -15 16 17 -18 -19 -20
leaf_value=0.050202303408044803 0.050027364431026823 0.050238994539278006 -0.042276530943333862 0.00013566521049365881 -0.051072453507414607 -0.050496117886770678 -0.050270031656417184 0.05561707699988383 0.050571561351456809 -0.050108110705928889 0.050016185337067143 0.050016034729904839 -0.050027000713763675 0.050233024370442303 -0.050028958280268356 -0.050028644656234272 -0.050029120101410578 -0.050028139764866836 -0.050028636116120323
leaf_weight=0.16764864732977169 0.017219743283930167 0.042598459869623073 0.2935048829531296 3.776973819360137 0.14914034307003021 0.017643993720412143 0.026331632281652584 0.18159085512161255 0.044697381556033977 0.0078094992786645881 6.1737988776876591 0.18774827916058712 0.019280454609542086 0.011586059816181549 0.023081029765305128 0.058115494321100414 0.029508502804674985 0.020291145017836243 11.324380738893522
leaf_count=263 33 9 36 20 4 1 18 2 4 2 19220 586 20 3 22 56 28 20 10913
internal_value=-0.0112365 0.0290268 -0.000218222 0.0026691 0.0218687 0.0496279 -0.0498796 0.0530178 0.049901 0.0467727 0.0500206 0.0500573 -0.0500292 0.0500166 -0.0500286 -0.0500282 -0.0500286 -0.0500285 -0.0500286
internal_weight=22.5729 11.0547 4.56886 4.27535 0.49838 6.48588 11.5182 0.34924 6.46824 0.238156 6.23008 0.230347 11.501 6.18538 11.4747 0.0976871 11.377 0.0784066 11.3475
internal_count=31260 20150 325 289 269 19825 11110 265 19824 597 19227 595 11077 19223 11059 96 10963 76 10935
is_linear=0
shrinkage=0.05


Tree=141
num_leaves=16
num_cat=0
split_feature=26 20 42 42 17 25 15 42 2 42 16 43 19 23 42
split_gain=13.3098 2.59854 0.0673673 0.0654939 0.00205977 0.0477215 5.27228e-07 1.86687e-07 6.94066e-08 9.65613e-09 6.08757e-12 1.21207e-11 2.31459e-12 1.31216e-12 7.63833e-13
threshold=7.5000000000000009 1.5000000000000002 0.24999999999583336 0.090499590499136709 20.500000000000004 1.0000000180025095e-35 88.500000000000014 0.24048192771031504 6.7119815668202767 0.1109742747667473 37.000000000000007 0.59999999999550013 1.2792207792207795 2.5000000000000004 0.099999999999250008
decision_type=2 2 2 2 2 2 2 2 2 2 2 2 2 2 2
left_child=1 -1 4 -2 5 9 -5 8 -6 -3 11 -8 14 -13 -12
right_child=3 2 -4 6 7 -7 10 -9 -10 -11 12 13 -14 -15 -16
leaf_value=-0.00034319708839345673 0.05002602729042635 0.050015607398941224 -0.050471684561092689 -0.050256872629873023 0.050098122545743508 -0.050117323022996055 -0.050025687328360116 0.050221624889842498 0.050015310589069217 0.050078257518288032 -0.050027538667712382 -0.050026778883572376 -0.050027698793329356 -0.050027250217300562 -0.050027243472708906
leaf_weight=4.512956491904335 0.016380352491977557 0.26833569776499633 0.016791405156254657 0.025053816789294525 0.025411861017346271 0.012437225785106421 0.018340605893171325 0.011023439932614454 5.8520761906693224 0.0062946188263595096 0.021955960430202093 0.020280933589674532 0.028070133645088258 0.054303790093399584 10.772376656299455
leaf_count=76 33 869 1 18 13 3 20 3 19180 5 22 21 28 55 10913
internal_value=-0.0111377 0.0285126 0.0495425 -0.0498782 0.0498144 0.0456787 -0.0500278 0.0500161 0.0500157 0.050017 -0.0500272 -0.0500268 -0.0500272 -0.0500271 -0.0500272
internal_weight=21.6621 10.7053 6.19237 10.9568 6.17558 0.287068 10.9404 5.88851 5.87749 0.27463 10.9153 0.0929253 10.8224 0.0745847 10.7943
internal_count=31260 20150 20074 11110 20073 877 11077 19196 19193 874 11059 96 10963 76 10935
is_linear=0
shrinkage=0.05


Tree=142
num_leaves=20
num_cat=0
split_feature=26 41 28 3 43 42 42 17 19 16 15 15 15 42 16 43 19 23 42
split_gain=12.6011 2.5444 0.20965 0.0777451 0.428874 0.0641891 0.062298 0.000867456 0.0222872 0.000853379 4.71958e-06 5.92182e-07 4.53937e-07 1.61088e-07 5.30598e-12 1.04539e-11 1.98064e-12 1.12865e-12 6.62581e-13
threshold=7.5000000000000009 0.28348214285466261 1.5000000000000002 -1.0000000180025095e-35 0.65942028984254375 0.24999999999583336 0.090499590499136709 13.000000000000002 0.16563217996639348 6.0000000000000009 34.500000000000007 43.500000000000007 88.500000000000014 0.24048192771031504 37.000000000000007 0.59999999999550013 1.2792207792207795 2.5000000000000004 0.099999999999250008
decision_type=2 2 2 2 2 2 2 2 2 2 2 2 2 2 2 2 2 2 2
left_child=1 2 3 -1 -5 7 -2 8 11 -6 -9 -3 -8 -12 15 -14 18 -17 -16
right_child=6 5 -4 4 9 -7 12 10 -10 -11 13 -13 14 -15 16 17 -18 -19 -20
leaf_value=0.00013651748205732625 0.050024758559335962 0.050227362438364447 -0.041982781237240308 -0.051018706141489338 0.055315023869545038 -0.050448466873665311 -0.050244354104121397 0.050543567609661846 -0.031906320713380516 0.050224343231806995 0.050014643190651992 0.05001449986737521 -0.050024431199536784 0.050210781326778822 -0.05002619688667214 -0.050025471021245937 -0.05002634685212607 -0.050025919218140792 -0.050025915037759605
leaf_weight=3.7766475034877658 0.015581858548101901 0.040543904528021701 0.28211387526243914 0.14196462929248976 0.17370764911174774 0.015979643911123165 0.023837715183616548 0.042554862797260173 0.0086370723438449204 0.1564891483867541 5.5864520418399479 0.16831722040660679 0.017446550191379084 0.010488027706742176 0.020885702106167581 0.019292312208563089 0.026701840048190983 0.05165670276619494 10.247267341881523
leaf_count=22 33 9 36 4 2 1 18 4 7 261 19220 581 20 3 22 21 28 55 10913
internal_value=-0.0110195 0.027908 -0.000243436 0.00252799 0.0216565 0.0496265 -0.0498768 0.0498995 0.046801 0.0529024 0.050019 0.0500558 -0.0500264 0.050015 -0.0500259 -0.0500255 -0.0500259 -0.0500258 -0.0500259
internal_weight=20.8266 10.4039 4.53092 4.24881 0.472161 5.87297 10.4227 5.85699 0.217498 0.330197 5.63949 0.208861 10.4071 5.59694 10.3833 0.0883956 10.2949 0.070949 10.2682
internal_count=31260 20150 325 289 267 19825 11110 19824 597 263 19227 590 11077 19223 11059 96 10963 76 10935
is_linear=0
shrinkage=0.05


Tree=143
num_leaves=20
num_cat=0
split_feature=26 41 28 43 43 42 42 17 2 3 15 15 15 42 16 43 19 15 42
split_gain=11.9375 2.4779 0.195746 0.0742987 0.343674 0.0610538 0.0592581 0.000855814 0.0265592 0.000689555 4.05956e-06 5.10407e-07 3.90834e-07 1.38633e-07 4.54037e-12 9.01118e-12 1.71596e-12 9.60967e-13 5.91527e-13
threshold=7.5000000000000009 0.28348214285466261 1.5000000000000002 0.92857142851530627 0.65942028984254375 0.24999999999583336 0.090499590499136709 13.000000000000002 6.8473193473193481 3.7577741250320922 34.500000000000007 43.500000000000007 88.500000000000014 0.24048192771031504 37.000000000000007 0.59999999999550013 1.2792207792207795 107.50000000000001 0.099999999999250008
decision_type=2 2 2 2 2 2 2 2 2 2 2 2 2 2 2 2 2 2 2
left_child=1 2 3 4 -1 7 -2 8 -3 -6 -9 -10 -8 -12 15 -14 18 -17 -16
right_child=6 5 -4 -5 9 -7 12 10 11 -11 13 -13 14 -15 16 17 -18 -19 -20
leaf_value=-0.039388053893106713 0.050023550855624412 -0.050094733462871056 -0.041283615913609115 0.00012752910500155254 0.055029006823171106 -0.050426404262030877 -0.050232444828843606 0.050516771289657016 0.050216224372712261 0.050184020701175204 0.050013933697374939 0.050013817117579684 -0.050023238265125926 0.050200476435736885 -0.050024922465285074 -0.050024650218854154 -0.050025061282584417 -0.050024219435669363 -0.050024649428636318
leaf_weight=0.15263989381492304 0.014822270954026773 0.0068465387448667361 0.27278615254908789 3.7762090908363461 0.16607290506362915 0.015206790529191383 0.022680376539937153 0.040500365197658428 0.038574892096221447 0.13165890425443649 5.3140713196189608 0.16173078122665174 0.016596057685091092 0.0099785174243151031 0.019867588649501111 0.050024376716464758 0.025400211976376208 0.01746606983942911 9.7477423535892722
leaf_count=8 33 2 36 20 2 1 18 4 9 259 19220 586 20 3 22 56 28 20 10913
internal_value=-0.0109146 0.0273832 -0.000232524 0.00241694 0.0216128 0.0496232 -0.0498756 0.0498963 0.0467428 0.0528865 0.0500181 0.0500528 -0.0500251 0.0500143 -0.0500246 -0.0500243 -0.0500247 -0.0500245 -0.0500246
internal_weight=20.0009 10.0863 4.49937 4.22658 0.450372 5.58691 9.9146 5.5717 0.207152 0.297732 5.36455 0.200306 9.89978 5.32405 9.8771 0.0840865 9.79301 0.0674904 9.76761
internal_count=31260 20150 325 289 269 19825 11110 19824 597 261 19227 595 11077 19223 11059 96 10963 76 10935
is_linear=0
shrinkage=0.05


Tree=144
num_leaves=16
num_cat=0
split_feature=26 20 42 42 17 25 15 42 2 42 16 43 19 15 42
split_gain=11.3077 2.41543 0.0579748 0.0563666 0.00183503 0.0417723 3.36498e-07 1.18792e-07 8.13928e-08 6.15618e-09 3.89555e-12 7.75506e-12 1.49214e-12 8.30377e-13 4.95604e-13
threshold=7.5000000000000009 1.5000000000000002 0.24999999999583336 0.090499590499136709 20.500000000000004 1.0000000180025095e-35 88.500000000000014 0.24048192771031504 6.7119815668202767 0.1109742747667473 37.000000000000007 0.59999999999550013 1.2792207792207795 107.50000000000001 0.099999999999250008
decision_type=2 2 2 2 2 2 2 2 2 2 2 2 2 2 2
left_child=1 -1 4 -2 5 9 -5 8 -6 -3 11 -8 14 -13 -12
right_child=3 2 -4 6 7 -7 10 -9 -10 -11 12 13 -14 -15 -16
leaf_value=-0.00034538295015871178 0.050022402071801364 0.050013443627111187 -0.050405438080033699 -0.050221116223192953 0.050101427627125383 -0.050102730655504073 -0.050022104669125766 0.05019067081024791 0.050013180552409053 0.050067354435322356 -0.050023703062866069 -0.050023447880789378 -0.050023840154629295 -0.050023037305282861 -0.050023446386895591
leaf_weight=4.4521568461786973 0.014099696651100113 0.23106514799292188 0.014471012167632469 0.021578985906670733 0.026265393942594417 0.010898752603679895 0.015787007112520679 0.0094936667010186992 5.0371369370550383 0.005419610330136492 0.018899083253924753 0.047585774271283299 0.024162004468963327 0.016614621854387224 9.2725566424196568
leaf_count=76 33 869 1 18 13 3 20 3 19180 5 22 56 28 20 10913
internal_value=-0.0108048 0.0268451 0.0495371 -0.0498743 0.0498089 0.0456039 -0.0500239 0.050014 0.0500136 0.0500147 -0.0500234 -0.0500231 -0.0500234 -0.0500233 -0.0500234
internal_weight=19.2182 9.78691 5.33475 9.43128 5.32028 0.247384 9.41718 5.0729 5.0634 0.236485 9.39561 0.0799874 9.31562 0.0642004 9.29146
internal_count=31260 20150 20074 11110 20073 877 11077 19196 19193 874 11059 96 10963 76 10935
is_linear=0
shrinkage=0.05


Tree=145
num_leaves=23
num_cat=0
split_feature=26 41 28 43 43 42 5 17 2 3 15 15 42 16 40 19 42 18 15 42 42 18
split_gain=10.7052 2.38845 0.205085 0.0694236 0.324089 0.0586735 0.0146104 0.000766782 0.0240384 0.000584247 3.50399e-06 4.38226e-07 1.02659e-07 3.78364e-12 8.09103e-12 1.28786e-12 4.51195e-13 3.85469e-13 1.29996e-12 1.06581e-14 1.249e-16 5.55112e-17
threshold=9.5000000000000018 0.28348214285466261 1.5000000000000002 0.92857142851530627 0.65942028984254375 0.24999999999583336 9.0000000000000018 13.000000000000002 6.8473193473193481 3.7577741250320922 34.500000000000007 43.500000000000007 0.24048192771031504 37.000000000000007 0.9166666666097224 1.2792207792207795 0.099999999999250008 99.998666522018439 108.50000000000001 0.27793103448172307 0.15761869709193832 107.14637853516389
decision_type=2 2 2 2 2 2 2 2 2 2 2 2 2 2 2 2 2 2 2 2 2 2
left_child=1 2 3 4 -1 7 -4 8 -3 -6 -9 -10 -12 14 20 16 -15 18 -18 -19 -2 -22
right_child=13 5 6 -5 9 -7 -8 10 11 -11 12 -13 -14 15 -16 -17 17 19 -20 -21 21 -23
leaf_value=-0.038533644361344828 -0.05002230963448534 -0.050085699198886058 -0.02724778877482294 0.00013841110068473804 0.054761381881713006 -0.050364152509337894 -0.050609194246811512 0.050491488004945656 0.050205700490465292 0.050177328335653817 0.050012623841024076 0.050012498424477761 0.050181347895533572 -0.050022549364414949 -0.050021205762209676 -0.050022673861403279 -0.050021792870110951 -0.050022299858873992 -0.050022295497584003 -0.050022266906412899 -0.050022302527083888 -0.050022306749129386
leaf_weight=0.14826837182045149 0.017786893236915513 0.0061960155144332721 0.10852272575721145 3.7765280902385712 0.15877586603164673 0.01463476609205816 0.17461422184715036 0.038557127118110546 0.036713694222271442 0.12363130418816581 4.8203961101680761 0.14634377381298691 0.0090322904288767658 0.017977768555280771 0.024845996056683362 0.022984131355770709 0.016451714967842146 8.7258476878050679 0.058989843761082739 0.018561857228633794 0.016973701305687428 0.01616822270443663
leaf_count=8 22 2 27 20 2 2 26 4 9 261 19251 586 3 22 33 28 21 10796 73 23 21 20
internal_value=-0.0106774 0.0260932 -0.000464647 0.00230739 0.0213269 0.049606 -0.0416551 0.0498953 0.0467728 0.0527546 0.0500167 0.0500512 0.0500129 -0.0500223 -0.0500219 -0.0500223 -0.0500223 -0.0500223 -0.0500222 -0.0500223 -0.0500223 -0.0500223
internal_weight=18.4988 9.56221 4.49034 4.2072 0.430676 5.07187 0.283137 5.05724 0.189253 0.282407 4.86799 0.183057 4.82943 8.93659 0.0757748 8.86081 8.83783 8.81985 0.0754416 8.74441 0.0509288 0.0331419
internal_count=31260 20201 344 291 271 19857 53 19855 597 263 19258 595 19254 11059 96 10963 10935 10913 94 10819 63 41
is_linear=0
shrinkage=0.05


Tree=146
num_leaves=22
num_cat=0
split_feature=26 41 28 43 43 42 42 17 2 3 15 15 42 16 40 19 42 18 15 42 2
split_gain=10.1405 2.32294 0.191989 0.0657491 0.306177 0.0558103 0.0157316 0.000730127 0.0228648 0.000498939 3.01429e-06 3.77099e-07 8.83495e-08 3.28981e-12 6.95018e-12 1.10134e-12 3.78364e-13 3.28626e-13 1.12299e-12 8.88178e-15 1.73472e-16
threshold=9.5000000000000018 0.28348214285466261 1.5000000000000002 0.92857142851530627 0.65942028984254375 0.24999999999583336 0.090499590499136709 13.000000000000002 6.8473193473193481 3.7577741250320922 34.500000000000007 43.500000000000007 0.24048192771031504 37.000000000000007 0.9166666666097224 1.2792207792207795 0.099999999999250008 99.998666522018439 108.50000000000001 0.27793103448172307 5.0818713450292403
decision_type=2 2 2 2 2 2 2 2 2 2 2 2 2 2 2 2 2 2 2 2 2
left_child=1 2 3 4 -1 7 -4 8 -3 -6 -9 -10 -12 14 20 16 -15 18 -18 -19 -2
right_child=13 5 6 -5 9 -7 -8 10 11 -11 12 -13 -14 15 -16 -17 17 19 -20 -21 -22
leaf_value=-0.037658960324749774 -0.050021213296057902 -0.050081510103532213 -0.025412940074869862 0.00013149514961200619 0.054507655041338469 -0.050346277963364675 -0.050258989936877857 0.050467287964309562 0.05019563253403813 0.050168727159016879 0.050012006471435333 0.050011888625504666 0.050172478567789239 -0.050021447660192189 -0.050020171466066965 -0.050021567978983085 -0.050020731092797047 -0.050021213120015666 -0.050021210078569293 -0.050021179568201637 -0.05002121948672697
leaf_weight=0.14423064328730273 0.016914641833863153 0.0058943126350640132 0.10118813766166557 3.7763254819437861 0.15171752870082855 0.013925837818533071 0.17200276406947523 0.036693818867206462 0.034929975867271423 0.11762138636549935 4.5853576967783738 0.13920816025347449 0.0085932607762514435 0.017101349541914668 0.02363471919670701 0.021863653208129885 0.015649679116903736 8.3004591914941521 0.05611406295793131 0.017656958603766593 0.031531375308986753
leaf_count=8 22 2 15 20 2 2 38 4 9 261 19251 586 3 22 33 28 21 10796 73 23 41
internal_value=-0.0105619 0.0255547 -0.000443751 0.00220427 0.0211309 0.0496051 -0.0410562 0.0498945 0.0467705 0.0526128 0.0500159 0.0500487 0.0500123 -0.0500212 -0.0500209 -0.0500212 -0.0500212 -0.0500212 -0.0500211 -0.0500212 -0.0500212
internal_weight=17.7886 9.28769 4.46309 4.1899 0.41357 4.8246 0.273191 4.81068 0.180032 0.269339 4.63064 0.174138 4.59395 8.50093 0.0720807 8.42884 8.40698 8.38988 0.0717637 8.31812 0.048446
internal_count=31260 20201 344 291 271 19857 53 19855 597 263 19258 595 19254 11059 96 10963 10935 10913 94 10819 63
is_linear=0
shrinkage=0.05


Tree=147
num_leaves=22
num_cat=0
split_feature=26 41 28 43 43 42 18 17 2 3 15 15 42 16 40 19 42 18 15 42 2
split_gain=9.60531 2.2585 0.179679 0.0622322 0.289251 0.0530869 0.0167336 0.000695189 0.0217485 0.000426262 2.5931e-06 3.24482e-07 7.93646e-08 2.8475e-12 5.98457e-12 9.50351e-13 3.23297e-13 2.95763e-13 9.57526e-13 6.21725e-15 9.02056e-17
threshold=9.5000000000000018 0.28348214285466261 1.5000000000000002 0.92857142851530627 0.65942028984254375 0.24999999999583336 39.123705506187441 13.000000000000002 6.8473193473193481 3.7577741250320922 34.500000000000007 43.500000000000007 0.24333193687990043 37.000000000000007 0.9166666666097224 1.2792207792207795 0.099999999999250008 99.998666522018439 108.50000000000001 0.27793103448172307 5.4392857142857158
decision_type=2 2 2 2 2 2 2 2 2 2 2 2 2 2 2 2 2 2 2 2 2
left_child=1 2 3 4 -1 7 -4 8 -3 -6 -9 -10 -12 14 20 16 -15 18 -18 -19 -2
right_child=13 5 6 -5 9 -7 -8 10 11 -11 12 -13 -14 15 -16 -17 17 19 -20 -21 -22
leaf_value=-0.036758641295525696 -0.050020180711312062 -0.05007753162427462 -0.05058606627686893 0.00012492812559402786 0.054268525824733287 -0.050329289739672267 -0.024796450773937218 0.050444290989073576 0.050186054811074722 0.050160539618225398 0.050011490691440189 0.050011309701179223 0.050223312320911651 -0.050020402117403245 -0.050019187257840041 -0.050020517035448457 -0.050019720076377873 -0.050020179276890009 -0.050020173562283138 -0.05002014913782208 -0.050020185283635089
leaf_weight=0.14047212712466883 0.029989589296746 0.0056072780862449481 0.16007404099218536 3.7761328471824527 0.14493800699710846 0.013251025404315331 0.10361022697179578 0.034919749945402034 0.033232602057978511 0.11190272666863166 4.365525961125968 0.13242039468605071 0.004426561761647351 0.016267638071438273 0.022482471365947276 0.020797776640392729 0.014886728720739373 7.8957999450503848 0.053378425713162869 0.016796156472992041 0.016094617429189384
leaf_count=8 41 2 16 20 2 2 37 4 9 261 19253 586 1 22 33 28 21 10796 73 23 22
internal_value=-0.0104432 0.0250122 -0.000423659 0.00210542 0.0209284 0.0496042 -0.0404525 0.0498936 0.0467682 0.0524787 0.0500151 0.0500464 0.0500117 -0.0500202 -0.0500199 -0.0500202 -0.0500202 -0.0500202 -0.0500201 -0.0500202 -0.0500202
internal_weight=17.113 9.02651 4.43713 4.17345 0.397313 4.58938 0.263684 4.57613 0.17126 0.256841 4.40487 0.165653 4.36995 8.08649 0.0685667 8.01793 7.99713 7.98086 0.0682652 7.9126 0.0460842
internal_count=31260 20201 344 291 271 19857 53 19855 597 263 19258 595 19254 11059 96 10963 10935 10913 94 10819 63
is_linear=0
shrinkage=0.05


Tree=148
num_leaves=22
num_cat=0
split_feature=26 41 16 17 42 17 2 13 15 16 15 15 42 16 40 19 42 18 15 17 2
split_gain=9.09812 2.19516 0.103478 0.392144 0.0504965 0.000661893 0.0206869 1.48176e-05 2.23078e-06 1.88077e-06 2.84532e-07 2.79209e-07 6.82896e-08 2.47802e-12 5.14727e-12 7.96696e-13 2.67342e-13 2.62013e-13 8.31654e-13 5.32907e-15 2.35922e-16
threshold=9.5000000000000018 0.28348214285466261 6.0000000000000009 6.0000000000000009 0.24999999999583336 13.000000000000002 6.8473193473193481 -1.0000000180025095e-35 34.500000000000007 23.000000000000004 51.000000000000007 43.500000000000007 0.24333193687990043 37.000000000000007 0.9166666666097224 1.2792207792207795 0.099999999999250008 99.998666522018439 108.50000000000001 35.500000000000007 5.0818713450292403
decision_type=2 2 2 2 2 2 2 2 2 2 2 2 2 2 2 2 2 2 2 2 2
left_child=1 2 -1 9 5 6 -3 -5 -7 -4 -11 -8 -10 14 20 16 -15 18 -18 -19 -2
right_child=13 4 3 7 -6 8 11 -9 12 10 -12 -13 -14 15 -16 -17 17 19 -20 -21 -22
leaf_value=0.002265757748591364 -0.05001919312889333 -0.050073744381320173 0.050475364442594706 -0.050897138183956629 -0.050313133857872172 0.05042243505996185 0.050176947678737593 -0.050238837911210601 0.050010932027803739 0.050196979329249741 0.050011222428010232 0.050010759336019596 0.050212371844375436 -0.050019404112075519 -0.050018251967703521 -0.050019514314236825 -0.050018757133959736 -0.050019171632262854 -0.05001919045692968 -0.050019197130907495 -0.050019200828888957
leaf_weight=3.9341690191067773 0.015305603621526553 0.0053342012688516452 0.046427865512668975 0.18686408549547195 0.012608709977939614 0.033230729401111492 0.031617421424016356 0.15755346647347324 4.1526619795331499 0.033216599375009537 0.054338606918463483 0.12596352517721243 0.0042115701362489535 0.01547455706167955 0.021386378211900592 0.019783843134064116 0.014160959748551138 0.020848530810326227 0.050776102929376066 7.5059901216300204 0.028531890769954771
leaf_count=36 22 2 5 6 2 4 9 38 19253 9 250 586 1 22 33 28 21 30 73 10789 41
internal_value=-0.0103212 0.0244659 -0.000404277 -0.0223615 0.0496034 0.0498928 0.046766 -0.050596 0.0500144 0.0502181 0.0500817 0.0500441 0.0500111 -0.0500192 -0.0500189 -0.0500192 -0.0500192 -0.0500192 -0.0500191 -0.0500192 -0.0500192
internal_weight=16.4705 8.7782 4.41257 0.478401 4.36563 4.35302 0.162915 0.344418 4.1901 0.133983 0.0875552 0.157581 4.15687 7.69226 0.0652239 7.62703 7.60725 7.59178 0.0649371 7.52684 0.0438375
internal_count=31260 20201 344 308 19857 19855 597 44 19258 264 259 595 19254 11059 96 10963 10935 10913 94 10819 63
is_linear=0
shrinkage=0.05


Tree=149
num_leaves=22
num_cat=0
split_feature=26 41 16 17 42 17 2 13 15 16 15 15 42 16 40 19 42 18 15 42 2
split_gain=8.61778 2.13237 0.0980068 0.372838 0.0480326 0.000630162 0.0196771 1.27295e-05 1.91912e-06 1.61753e-06 2.44839e-07 2.40262e-07 5.87599e-08 2.11653e-12 4.45576e-12 6.99885e-13 2.34479e-13 2.22045e-13 7.17926e-13 6.21725e-15 6.93889e-17
threshold=9.5000000000000018 0.28348214285466261 6.0000000000000009 6.0000000000000009 0.24999999999583336 13.000000000000002 6.8473193473193481 -1.0000000180025095e-35 34.500000000000007 23.000000000000004 51.000000000000007 43.500000000000007 0.24333193687990043 37.000000000000007 0.9166666666097224 1.2792207792207795 0.099999999999250008 99.998666522018439 108.50000000000001 0.27793103448172307 5.0818713450292403
decision_type=2 2 2 2 2 2 2 2 2 2 2 2 2 2 2 2 2 2 2 2 2
left_child=1 2 -1 9 5 6 -3 -5 -7 -4 -11 -8 -10 14 20 16 -15 18 -18 -19 -2
right_child=13 4 3 7 -6 8 11 -9 12 10 -12 -13 -14 15 -16 -17 17 19 -20 -21 -22
leaf_value=0.0021545105963682288 -0.050018259400638747 -0.050070146453195144 0.050451967466840233 -0.050852632563792882 -0.050297778419127227 0.050401659059070403 0.050168288264541477 -0.05022718992530345 0.050010398257168125 0.050187337808377031 0.050010672814689842 0.050010233831659805 0.050201965828611819 -0.050018458235055976 -0.050017359547277311 -0.050018564179563456 -0.050017841285879272 -0.050018259240774021 -0.050018254079704796 -0.050018229390531313 -0.050018263623469061
leaf_weight=3.930535910651086 0.014559406088665905 0.0050744046457110717 0.044183515943586715 0.17790225148200989 0.011997345194686093 0.031622748821974134 0.03008048259653151 0.14990337035851553 3.9501753146614651 0.031602524919435382 0.051689033105503768 0.11982143706700299 0.0040069785900412871 0.01472012570593495 0.02034370566252619 0.01881932298419986 0.013470562465954461 7.1446825745515525 0.048300604335963726 0.015198359149508067 0.027140869409777224
leaf_count=36 22 2 5 6 2 4 9 38 19253 9 250 586 1 22 33 28 21 10796 73 23 41
internal_value=-0.010199 0.0239245 -0.000389311 -0.0223507 0.0496026 0.0498921 0.046764 -0.0505666 0.0500137 0.0502074 0.0500777 0.050042 0.0500106 -0.0500183 -0.050018 -0.0500183 -0.0500183 -0.0500183 -0.0500182 -0.0500183 -0.0500183
internal_weight=15.8558 8.5386 4.38582 0.455281 4.15278 4.14078 0.154976 0.327806 3.98581 0.127475 0.0832916 0.149902 3.95418 7.31724 0.062044 7.25519 7.23637 7.22165 0.0617712 7.15988 0.0417003
internal_count=31260 20201 344 308 19857 19855 597 44 19258 264 259 595 19254 11059 96 10963 10935 10913 94 10819 63
is_linear=0
shrinkage=0.05


Tree=150
num_leaves=22
num_cat=0
split_feature=26 41 16 17 42 17 2 13 15 16 15 15 42 16 40 19 42 18 15 42 19
split_gain=8.16266 2.07067 0.0928437 0.35449 0.0456889 0.000599927 0.0187166 1.09367e-05 1.65106e-06 1.39119e-06 2.10675e-07 2.06742e-07 5.05663e-08 1.83054e-12 3.79945e-12 5.98632e-13 2.07834e-13 1.90958e-13 6.1931e-13 4.44089e-15 7.63278e-17
threshold=9.5000000000000018 0.28348214285466261 6.0000000000000009 6.0000000000000009 0.24999999999583336 13.000000000000002 6.8473193473193481 -1.0000000180025095e-35 34.500000000000007 23.000000000000004 51.000000000000007 43.500000000000007 0.24333193687990043 37.000000000000007 0.9166666666097224 1.2792207792207795 0.099999999999250008 99.998666522018439 108.50000000000001 0.27793103448172307 1.1055555555555558
decision_type=2 2 2 2 2 2 2 2 2 2 2 2 2 2 2 2 2 2 2 2 2
left_child=1 2 -1 9 5 6 -3 -5 -7 -4 -11 -8 -10 14 20 16 -15 18 -18 -19 -2
right_child=13 4 3 7 -6 8 11 -9 12 10 -12 -13 -14 15 -16 -17 17 19 -20 -21 -22
leaf_value=0.0020486365576080482 -0.050017367575769356 -0.050066715349431683 0.050429730867565026 -0.050810370144089456 -0.050283181794156889 0.050381916186105935 0.050160052046375109 -0.050216109461569181 0.050009891482571504 0.050178166914463654 0.050010151405477023 0.050009735243077891 0.05019208299968092 -0.0500175614896744 -0.05001651518265441 -0.050017657898791971 -0.050016971047387421 -0.050017368953165491 -0.050017364146162535 -0.050017340253939196 -0.050017372006613284
leaf_weight=3.9270770621951652 0.020147957256995919 0.0048272451385863438 0.042046724818646797 0.16936306655406952 0.011415457585826405 0.030091978609562253 0.02861801884137094 0.14262317080283538 3.7575601253920472 0.030066605424508452 0.049168629251653329 0.11397878572461195 0.0038122877012937142 0.014002461568452307 0.019351850671228021 0.017901809711474814 0.012813812616513931 6.7963505448424257 0.045945751946419477 0.014457376208156236 0.019519260851666331
leaf_count=36 32 2 5 6 2 4 9 38 19253 9 250 586 1 22 33 28 21 10796 73 23 31
internal_value=-0.0100737 0.0233806 -0.000374788 -0.0223403 0.0496019 0.0498913 0.046762 -0.0505387 0.050013 0.0501973 0.0500739 0.0500399 0.0500101 -0.0500174 -0.0500171 -0.0500174 -0.0500174 -0.0500174 -0.0500173 -0.0500174 -0.0500174
internal_weight=15.2711 8.31065 4.36035 0.433268 3.9503 3.93889 0.147424 0.311986 3.79146 0.121282 0.0792352 0.142597 3.76137 6.96049 0.0590191 6.90147 6.88357 6.86957 0.0587596 6.81081 0.0396672
internal_count=31260 20201 344 308 19857 19855 597 44 19258 264 259 595 19254 11059 96 10963 10935 10913 94 10819 63
is_linear=0
shrinkage=0.05


Tree=151
num_leaves=22
num_cat=0
split_feature=26 41 16 17 42 17 2 13 15 16 15 15 42 16 40 19 42 18 15 42 2
split_gain=7.7315 2.01005 0.0879693 0.337053 0.0434597 0.000571119 0.017803 9.39733e-06 1.42048e-06 1.19653e-06 1.81287e-07 1.77908e-07 4.3512e-08 1.56586e-12 3.28088e-12 5.21361e-13 1.803e-13 1.58984e-13 5.20972e-13 3.55271e-15 6.245e-17
threshold=9.5000000000000018 0.28348214285466261 6.0000000000000009 6.0000000000000009 0.24999999999583336 13.000000000000002 6.8473193473193481 -1.0000000180025095e-35 34.500000000000007 23.000000000000004 51.000000000000007 43.500000000000007 0.24333193687990043 37.000000000000007 0.9166666666097224 1.2792207792207795 0.099999999999250008 99.998666522018439 108.50000000000001 0.27793103448172307 5.4392857142857158
decision_type=2 2 2 2 2 2 2 2 2 2 2 2 2 2 2 2 2 2 2 2 2
left_child=1 2 -1 9 5 6 -3 -5 -7 -4 -11 -8 -10 14 20 16 -15 18 -18 -19 -2
right_child=13 4 3 7 -6 8 11 -9 12 10 -12 -13 -14 15 -16 -17 17 19 -20 -21 -22
leaf_value=0.0019478789134001286 -0.050016519922663996 -0.05006345904096221 0.050408597934357174 -0.05077023637057998 -0.050269305342553805 0.050363152025317603 0.050152223828198665 -0.050205569477297762 0.050009409546147333 0.050169453084980602 0.050009659388963283 0.050009261441391339 0.050182678150583193 -0.050016702646187718 -0.050015707209752971 -0.050016795745611131 -0.050016145379440616 -0.05001651927982162 -0.050016515045119128 -0.050016492195176669 -0.050016524217970107
leaf_weight=3.9237842208240163 0.024555150594097408 0.0045921090058990135 0.040012427605688461 0.1612272746860981 0.010861640970688202 0.0286347717046741 0.027226443868130445 0.13569511758396402 3.5743353303842018 0.028605083702132106 0.04677109670592472 0.10842097846034449 0.0036270227283238246 0.013319775694981106 0.01840833920869045 0.017029013775754609 0.012189071916509309 6.4649955463246442 0.043705674645025283 0.013752508908510097 0.01317809836473316
leaf_count=36 41 2 5 6 2 4 9 38 19253 9 250 586 1 22 33 28 21 10796 73 23 22
internal_value=-0.00994527 0.022835 -0.000360708 -0.0223305 0.0496012 0.0498907 0.0467602 -0.0505122 0.0500124 0.0501876 0.0500703 0.050038 0.0500096 -0.0500165 -0.0500163 -0.0500165 -0.0500165 -0.0500165 -0.0500164 -0.0500165 -0.0500165
internal_weight=14.7149 8.09379 4.3361 0.412311 3.7577 3.74684 0.14024 0.296922 3.6066 0.115389 0.0753762 0.135647 3.57796 6.62113 0.0561416 6.56499 6.54796 6.53464 0.0558947 6.47875 0.0377332
internal_count=31260 20201 344 308 19857 19855 597 44 19258 264 259 595 19254 11059 96 10963 10935 10913 94 10819 63
is_linear=0
shrinkage=0.05


Tree=152
num_leaves=21
num_cat=0
split_feature=26 41 16 17 42 17 2 13 15 16 15 15 42 16 40 19 42 17 18 19
split_gain=7.32309 1.95048 0.0833661 0.32048 0.0413393 0.000543673 0.0169341 8.07517e-06 1.22214e-06 1.02918e-06 1.56001e-07 1.53097e-07 3.74434e-08 1.30562e-12 2.81228e-12 4.52971e-13 1.64313e-13 1.27898e-13 2.57572e-14 5.55112e-17
threshold=9.5000000000000018 0.28348214285466261 6.0000000000000009 6.0000000000000009 0.24999999999583336 13.000000000000002 6.8473193473193481 -1.0000000180025095e-35 34.500000000000007 23.000000000000004 51.000000000000007 43.500000000000007 0.24333193687990043 37.000000000000007 0.9166666666097224 1.2792207792207795 0.099999999999250008 35.500000000000007 99.998666522018439 1.1055555555555558
decision_type=2 2 2 2 2 2 2 2 2 2 2 2 2 2 2 2 2 2 2 2
left_child=1 2 -1 9 5 6 -3 -5 -7 -4 -11 -8 -10 14 19 16 -15 -18 -19 -2
right_child=13 4 3 7 -6 8 11 -9 12 10 -12 -13 -14 15 -16 -17 17 18 -20 -21
leaf_value=0.0018520014557166361 -0.050015714384308456 -0.050060360757439193 0.050388515541354276 -0.050732116069600423 -0.050256108354718367 0.050345316429941979 0.050144777895075522 -0.050195544447230206 0.050008949062200027 0.05016116371329718 0.050009187434337223 0.050008809136357961 0.050173735877326278 -0.050015890648519357 -0.05001494331564417 -0.050015974915545748 -0.050015582408823235 -0.050015674838238017 -0.050015710633744895 -0.050015718117617458
leaf_weight=3.9206498530693352 0.018231212918180861 0.0043684127740569725 0.03807578608393658 0.15347645431756973 0.01033455692231644 0.027247643098235463 0.025902343448251486 0.12910231950809248 3.4000434754998428 0.027214379981160164 0.044490452652098611 0.10313413220865186 0.0034507301170377805 0.012670363881625124 0.01751081456313841 0.016198758443351724 0.019717318471521028 0.050522728677606099 6.1458021035650745 0.017662326688878238
leaf_count=36 32 2 5 6 2 4 9 38 19253 9 250 586 1 22 33 28 35 89 10789 31
internal_value=-0.00981373 0.0222883 -0.000347061 -0.0223212 0.0496005 0.04989 0.0467584 -0.050487 0.0500118 0.0501784 0.0500669 0.0500361 0.0500091 -0.0500157 -0.0500155 -0.0500157 -0.0500157 -0.0500157 -0.0500157 -0.0500157
internal_weight=14.1858 7.88749 4.31301 0.392359 3.57448 3.56415 0.133405 0.282579 3.43074 0.109781 0.0717048 0.129036 3.40349 6.29832 0.0534044 6.24491 6.22871 6.21604 6.19632 0.0358935
internal_count=31260 20201 344 308 19857 19855 597 44 19258 264 259 595 19254 11059 96 10963 10935 10913 10878 63
is_linear=0
shrinkage=0.05


Tree=153
num_leaves=23
num_cat=0
split_feature=26 41 16 17 42 17 2 3 15 16 15 15 42 16 40 19 42 18 15 42 2 2
split_gain=6.93627 1.89198 0.0790177 0.304729 0.0393223 0.000517528 0.0161076 6.41878e-06 1.05149e-06 8.85251e-07 1.34248e-07 1.31749e-07 3.22224e-08 1.14664e-12 2.43239e-12 3.82805e-13 1.32339e-13 1.20792e-13 3.93706e-13 3.55271e-15 8.32667e-17 1.04083e-17
threshold=9.5000000000000018 0.28348214285466261 6.0000000000000009 6.0000000000000009 0.24999999999583336 13.000000000000002 6.8473193473193481 4.4706447457790395 34.500000000000007 23.000000000000004 51.000000000000007 43.500000000000007 0.24333193687990043 37.000000000000007 0.9166666666097224 1.2792207792207795 0.099999999999250008 99.998666522018439 108.50000000000001 0.27429467084529963 5.0818713450292403 5.5219047619047625
decision_type=2 2 2 2 2 2 2 2 2 2 2 2 2 2 2 2 2 2 2 2 2 2
left_child=1 2 -1 9 5 6 -3 -5 -7 -4 -11 -8 -10 14 20 16 -15 18 -18 -19 -2 -22
right_child=13 4 3 7 -6 8 11 -9 12 10 -12 -13 -14 15 -16 -17 17 19 -20 -21 21 -23
leaf_value=0.0017607792338270461 -0.050014947662231315 -0.05005741765119999 0.050369423291172014 -0.050189481379511104 -0.050243558483265727 0.050328360775933612 0.05013769696233325 -0.05068116485267872 0.050008513901278306 0.050153282069031704 0.050008737648324669 0.050008377986164546 0.050165237806544083 -0.050015112369095664 -0.050014213965329152 -0.050015196766610814 -0.050014605540383388 -0.050014947538392023 -0.050014943370242031 -0.050014925293818471 -0.050014954009496126 -0.050014951523349088
leaf_weight=3.9176665274426341 0.011921002063900121 0.0041556009091444626 0.036232189275324234 0.11931608107988723 0.0098329282482153557 0.025927271693945264 0.024642463074997067 0.14960555615834892 3.2342487745918338 0.025891084922477603 0.042320997599745169 0.098105047552962787 0.0032829781994222476 0.012052604812197276 0.016657038737321272 0.015408969251438864 0.011029455432435387 5.848865203501191 0.039547742635477334 0.013527896080631652 0.010840264963917434 0.011382234049960971
leaf_count=36 22 2 5 36 2 4 9 8 19253 9 250 586 1 22 33 28 21 10794 73 25 20 21
internal_value=-0.00967915 0.0217412 -0.000333839 -0.0223123 0.0495998 0.0498894 0.0467567 -0.050463 0.0500112 0.0501697 0.0500636 0.0500343 0.0500087 -0.0500149 -0.0500147 -0.0500149 -0.0500149 -0.0500149 -0.0500149 -0.0500149 -0.050015 -0.050015
internal_weight=13.6825 7.69123 4.29103 0.373366 3.4002 3.39036 0.126903 0.268922 3.26346 0.104444 0.0682121 0.122748 3.23753 5.99123 0.0508005 5.94043 5.92502 5.91297 0.0505772 5.86239 0.0341435 0.0222225
internal_count=31260 20201 344 308 19857 19855 597 44 19258 264 259 595 19254 11059 96 10963 10935 10913 94 10819 63 41
is_linear=0
shrinkage=0.05


Tree=154
num_leaves=22
num_cat=0
split_feature=26 41 16 17 42 17 2 3 15 16 15 15 42 16 40 19 42 17 18 2 2
split_gain=6.56993 1.83453 0.0749086 0.289758 0.0374038 0.00049262 0.0153215 5.51706e-06 9.0473e-07 7.61477e-07 1.15522e-07 1.13371e-07 2.77285e-08 9.97424e-13 2.10103e-12 3.35731e-13 1.13687e-13 9.85878e-14 2.22045e-14 3.46945e-17 3.46945e-18
threshold=9.5000000000000018 0.28348214285466261 6.0000000000000009 6.0000000000000009 0.24999999999583336 13.000000000000002 6.8473193473193481 4.4706447457790395 34.500000000000007 23.000000000000004 51.000000000000007 43.500000000000007 0.24333193687990043 37.000000000000007 0.9166666666097224 1.2792207792207795 0.099999999999250008 35.500000000000007 99.998666522018439 5.0818713450292403 5.5219047619047625
decision_type=2 2 2 2 2 2 2 2 2 2 2 2 2 2 2 2 2 2 2 2 2
left_child=1 2 -1 9 5 6 -3 -5 -7 -4 -11 -8 -10 14 19 16 -15 -18 -19 -2 -21
right_child=13 4 3 7 -6 8 11 -9 12 10 -12 -13 -14 15 -16 -17 17 18 -20 20 -22
leaf_value=0.0016739857661179026 -0.050014217535287536 -0.050054609817776735 0.050351279030362177 -0.050180240241739019 -0.050231633003759137 0.050312245514598945 0.050130962427349601 -0.050647530672304299 0.050008094522143165 0.050145786238011893 0.050008313508433357 0.050007971246657436 0.050157148348966445 -0.050014373511525871 -0.050013517541110032 -0.050014456928830865 -0.050014098770601749 -0.050014182903019927 -0.050014217414586497 -0.050014220387380473 -0.050014221733606326
leaf_weight=3.9148274371400476 0.01133976993150998 0.0039531458169229641 0.034477231092750915 0.11351734102936462 0.0093555357307194553 0.024670485407114362 0.023443705402314663 0.14240133081329986 3.0765376542549352 0.024631950538605452 0.040257311455206946 0.093321149732219055 0.0031233562622218205 0.011464958195574471 0.015844880195800215 0.014657676743809023 0.017841481254435965 0.04571618593763549 5.5611137028317899 0.010311726073268801 0.010827269754372537
leaf_count=36 22 2 5 36 2 4 9 8 19253 9 250 586 1 22 33 28 35 89 10789 20 21
internal_value=-0.0095416 0.0211943 -0.00032104 -0.0223039 0.0495992 0.0498888 0.0467551 -0.0504403 0.0500107 0.0501614 0.0500605 0.0500327 0.0500082 -0.0500142 -0.050014 -0.0500142 -0.0500142 -0.0500142 -0.0500142 -0.0500142 -0.0500142
internal_weight=13.2036 7.50452 4.27011 0.355285 3.23441 3.22505 0.120718 0.255919 3.10433 0.0993665 0.0648893 0.116765 3.07966 5.69912 0.0483236 5.65079 5.63614 5.62467 5.60683 0.0324788 0.021139
internal_count=31260 20201 344 308 19857 19855 597 44 19258 264 259 595 19254 11059 96 10963 10935 10913 10878 63 41
is_linear=0
shrinkage=0.05


Tree=155
num_leaves=24
num_cat=0
split_feature=26 41 16 17 42 17 2 3 15 16 15 15 42 16 40 19 18 15 42 43 3 42 18
split_gain=6.22303 1.77812 0.0710246 0.275527 0.035579 0.000468898 0.0145737 4.74222e-06 7.78431e-07 6.55044e-07 9.94162e-08 9.75622e-08 2.38616e-08 8.7752e-13 1.81621e-12 2.71783e-13 9.14824e-14 2.92821e-13 9.05942e-14 3.55271e-15 4.57967e-16 4.16334e-17 1.38778e-17
threshold=9.5000000000000018 0.28348214285466261 6.0000000000000009 6.0000000000000009 0.24999999999583336 13.000000000000002 6.8473193473193481 4.4706447457790395 34.500000000000007 23.000000000000004 51.000000000000007 43.500000000000007 0.24333193687990043 37.000000000000007 0.9166666666097224 1.2792207792207795 99.998666522018439 108.50000000000001 0.099999999999250008 0.3999999999972001 4.454582442950568 0.15761869709193832 107.14637853516389
decision_type=2 2 2 2 2 2 2 2 2 2 2 2 2 2 2 2 2 2 2 2 2 2 2
left_child=1 2 -1 9 5 6 -3 -5 -7 -4 -11 -8 -10 14 21 16 17 -15 -18 -20 -19 -2 -23
right_child=13 4 3 7 -6 8 11 -9 12 10 -12 -13 -14 15 -16 -17 18 20 19 -21 -22 22 -24
leaf_value=0.0015914111574471359 -0.050013530270498686 -0.050051942823802369 0.050334031559356979 -0.050171448186888012 -0.050220289725343092 0.050296925717269084 0.050124559493595358 -0.050615568959596381 0.050007702470436503 0.0501386573263677 0.050007904473637337 0.050007582879179363 0.050149462764598751 -0.0500132172801038 -0.050012858368660311 -0.050013748491202915 -0.050013671866156129 -0.050013527048069106 -0.050013507313175887 -0.050013527479815002 -0.050013514314340618 -0.050013525292079357 -0.050013527900400791
leaf_weight=3.9121256943326443 0.010790142347104736 0.0037605438847102537 0.032806711271405109 0.10799948169733398 0.0089012199314310037 0.023474259302020406 0.022303120465949178 0.13553970877546817 2.9265156842448055 0.023433883907273412 0.038294244208373129 0.088770496047800407 0.0029714722186325862 0.0099801320757250123 0.015072309906827286 0.013943005586042889 0.010905954055487999 0.025987668195739388 0.013223007030319311 5.2914366812328808 0.009797602251637727 0.010296831198502332 0.0098082007607445121
leaf_count=36 22 2 5 36 2 4 9 8 19253 9 250 586 1 21 33 28 22 53 27 10792 20 21 20
internal_value=-0.00940116 0.0206483 -0.000308658 -0.0222959 0.0495986 0.0498882 0.0467536 -0.0504186 0.0500101 0.0501535 0.0500575 0.0500311 0.0500078 -0.0500135 -0.0500133 -0.0500135 -0.0500135 -0.0500135 -0.0500135 -0.0500135 -0.0500135 -0.0500135 -0.0500135
internal_weight=12.7481 7.3269 4.2502 0.338074 3.0767 3.0678 0.114834 0.243539 2.95296 0.0945348 0.0617281 0.111074 2.92949 5.42124 0.0459675 5.37527 5.36133 0.0457654 5.31557 5.30466 0.0357853 0.0308952 0.020105
internal_count=31260 20201 344 308 19857 19855 597 44 19258 264 259 595 19254 11059 96 10963 10935 94 10841 10819 73 63 41
is_linear=0
shrinkage=0.05


Tree=156
num_leaves=22
num_cat=0
split_feature=26 41 16 17 42 17 2 3 15 16 15 15 42 16 40 19 42 18 15 43 2
split_gain=5.89457 1.72276 0.0673524 0.262 0.0338432 0.000446304 0.0138625 4.07656e-06 6.69765e-07 5.63496e-07 8.55524e-08 8.39573e-08 2.05354e-08 7.32747e-13 1.54497e-12 2.49578e-13 8.43769e-14 7.63833e-14 2.46393e-13 1.77636e-15 3.46945e-17
threshold=9.5000000000000018 0.28348214285466261 6.0000000000000009 6.0000000000000009 0.24999999999583336 13.000000000000002 6.8473193473193481 4.4706447457790395 34.500000000000007 23.000000000000004 51.000000000000007 43.500000000000007 0.24333193687990043 37.000000000000007 0.9166666666097224 1.2792207792207795 0.099999999999250008 99.998666522018439 108.50000000000001 0.42045454545303468 5.0818713450292403
decision_type=2 2 2 2 2 2 2 2 2 2 2 2 2 2 2 2 2 2 2 2 2
left_child=1 2 -1 9 5 6 -3 -5 -7 -4 -11 -8 -10 14 20 16 -15 18 -18 -19 -2
right_child=13 4 3 7 -6 8 11 -9 12 10 -12 -13 -14 15 -16 -17 17 19 -20 -21 -22
leaf_value=0.0015128617038464099 -0.05001286381941622 -0.050049409487768343 0.050317634911393419 -0.050163085152446767 -0.050209506334231407 0.050282356663450815 0.050118466248965127 -0.050585207552283462 0.050007326177150174 0.05013187619839965 0.0500075170682217 0.050007210074095046 0.050142155039079761 -0.050013006137683017 -0.050012232930195702 -0.050013080427567462 -0.050012572093677023 -0.050012855165813566 -0.050012860152869536 -0.050012863719952394 -0.050012867219712834
leaf_weight=3.9095551224891096 0.010260918468702473 0.0035773166455336227 0.03121662139892567 0.10274897998897359 0.0084688752540386103 0.022335711866617536 0.021217897301539779 0.12900478864321485 2.7838081209774832 0.022293938440270722 0.036426886217668653 0.084441716520814225 0.0028269535396246983 0.010374199599027523 0.014337400003569201 0.013263169908895978 0.0094935144879854105 0.035424485511612036 0.034040440281387419 5.0105889207334258 0.019127858889987692
leaf_count=36 22 2 5 36 2 4 9 8 19253 9 250 586 1 22 33 28 21 76 73 10743 41
internal_value=-0.00925792 0.0201039 -0.000296679 -0.0222883 0.0495981 0.0498877 0.0467521 -0.0503981 0.0500096 0.050146 0.0500547 0.0500296 0.0500075 -0.0500129 -0.0500127 -0.0500129 -0.0500129 -0.0500129 -0.0500128 -0.0500129 -0.0500129
internal_weight=12.3148 7.15792 4.23125 0.321691 2.92668 2.91821 0.109237 0.231754 2.80897 0.0899374 0.0587208 0.10566 2.78664 5.15691 0.0437262 5.11318 5.09992 5.08955 0.043534 5.04601 0.0293888
internal_count=31260 20201 344 308 19857 19855 597 44 19258 264 259 595 19254 11059 96 10963 10935 10913 94 10819 63
is_linear=0
shrinkage=0.05


Tree=157
num_leaves=22
num_cat=0
split_feature=26 41 16 17 42 17 2 3 15 16 15 15 42 16 40 19 42 17 18 2 2
split_gain=5.58358 1.66845 0.0638795 0.249141 0.0321921 0.000424785 0.013186 3.5046e-06 5.76319e-07 4.84744e-07 7.36221e-08 7.22545e-08 1.76718e-08 6.13731e-13 1.33712e-12 2.18492e-13 7.4607e-14 6.12843e-14 1.06581e-14 2.77556e-17 3.46945e-18
threshold=9.5000000000000018 0.28348214285466261 6.0000000000000009 6.0000000000000009 0.24999999999583336 13.000000000000002 6.8473193473193481 4.4706447457790395 34.500000000000007 23.000000000000004 51.000000000000007 43.500000000000007 0.24333193687990043 37.000000000000007 0.9166666666097224 1.2792207792207795 0.099999999999250008 35.500000000000007 99.998666522018439 5.0818713450292403 5.5219047619047625
decision_type=2 2 2 2 2 2 2 2 2 2 2 2 2 2 2 2 2 2 2 2 2
left_child=1 2 -1 9 5 6 -3 -5 -7 -4 -11 -8 -10 14 19 16 -15 -18 -19 -2 -21
right_child=13 4 3 7 -6 8 11 -9 12 10 -12 -13 -14 15 -16 -17 17 18 -20 20 -22
leaf_value=0.0014381431945610953 -0.050012237459584122 -0.050046997049949415 0.050302048204049592 -0.050155131173328954 -0.050199251563412262 0.050268514427591296 0.050112678322321386 -0.050556363536724616 0.050006966768743936 0.050125430483146195 0.050007152032639772 0.050006859051390996 0.050135199502575327 -0.050012372208377925 -0.050011635714618599 -0.050012442134836459 -0.050012134831043831 -0.050012207657360246 -0.050012234091810159 -0.05001224096974858 -0.05001224053342182
leaf_weight=3.907109224004671 0.0097606067429295562 0.0034030086826540842 0.029703138396143802 0.097752963614766486 0.0080574472667648278 0.021252090111375188 0.020185361849144101 0.1227814044104889 2.6480587849364388 0.021209308644756675 0.034650572662940249 0.080323997157393023 0.0026894449256359412 0.0098683658870867275 0.013638315402204171 0.012616474356036522 0.015356891322880872 0.039349802653305122 4.7866798042086884 0.0088757273042574525 0.0093194773362483829
leaf_count=36 22 2 5 36 2 4 9 8 19253 9 250 586 1 22 33 28 35 89 10789 20 21
internal_value=-0.00911196 0.0195617 -0.000285099 -0.022281 0.0495975 0.0498872 0.0467508 -0.0503785 0.0500092 0.0501388 0.0500521 0.0500281 0.0500071 -0.0500122 -0.050012 -0.0500122 -0.0500122 -0.0500122 -0.0500122 -0.0500122 -0.0500122
internal_weight=11.9026 6.99718 4.21321 0.306097 2.78397 2.77591 0.103912 0.220534 2.672 0.085563 0.0558599 0.100509 2.65075 4.90547 0.0415941 4.86387 4.85125 4.84139 4.82603 0.0279558 0.0181952
internal_count=31260 20201 344 308 19857 19855 597 44 19258 264 259 595 19254 11059 96 10963 10935 10913 10878 63 41
is_linear=0
shrinkage=0.05


Tree=158
num_leaves=22
num_cat=0
split_feature=26 41 16 17 42 17 2 3 15 16 15 15 42 16 40 19 42 17 18 42 18
split_gain=5.28918 1.61518 0.0605941 0.236917 0.0306216 0.000404293 0.0125426 3.01297e-06 4.95873e-07 4.1702e-07 6.33584e-08 6.21825e-08 1.52064e-08 5.31131e-13 1.14376e-12 1.88294e-13 6.4837e-14 5.24025e-14 9.76996e-15 9.36751e-17 1.04083e-17
threshold=9.5000000000000018 0.28348214285466261 6.0000000000000009 6.0000000000000009 0.24999999999583336 13.000000000000002 6.8473193473193481 4.4706447457790395 34.500000000000007 23.000000000000004 51.000000000000007 43.500000000000007 0.24333193687990043 37.000000000000007 0.9166666666097224 1.2792207792207795 0.099999999999250008 35.500000000000007 99.998666522018439 0.15761869709193832 107.14637853516389
decision_type=2 2 2 2 2 2 2 2 2 2 2 2 2 2 2 2 2 2 2 2 2
left_child=1 2 -1 9 5 6 -3 -5 -7 -4 -11 -8 -10 14 19 16 -15 -18 -19 -2 -21
right_child=13 4 3 7 -6 8 11 -9 12 10 -12 -13 -14 15 -16 -17 17 18 -20 20 -22
leaf_value=0.0013670736186675676 -0.050011644975626796 -0.050044700617675381 0.050287231741663808 -0.050147563633618823 -0.050189499643577329 0.050255348543550606 0.05010717406531158 -0.050528948057272607 0.050006630640599063 0.050119299409008146 0.050006801516406144 0.050006526094067472 0.050128586063784876 -0.050011768101556581 -0.050011068298987986 -0.050011834999571694 -0.050011542139558857 -0.050011611363962621 -0.050011637152066461 -0.050011637571266088 -0.050011640074574537
leaf_weight=3.9047821238636971 0.0092875028494744383 0.0032371866982437983 0.028262613806873449 0.092999171742121689 0.0076659326441584899 0.020220775157213544 0.019202965777367353 0.1168550513102673 2.5189281036291509 0.02017732453532517 0.032960869633825496 0.076407045315136202 0.0025586080737410857 0.009387190337292739 0.012973310425877571 0.012001303664874174 0.014608095429139101 0.037431125150760525 4.5532836689671967 0.0088628905068617314 0.0084423070366028696
leaf_count=36 22 2 5 36 2 4 9 8 19253 9 250 586 1 22 33 28 35 89 10789 21 20
internal_value=-0.00896341 0.0190224 -0.000273909 -0.0222741 0.049597 0.0498867 0.0467495 -0.0503599 0.0500087 0.0501321 0.0500495 0.0500267 0.0500068 -0.0500116 -0.0500115 -0.0500116 -0.0500116 -0.0500116 -0.0500116 -0.0500116 -0.0500116
internal_weight=11.5105 6.84426 4.19604 0.291255 2.64822 2.64055 0.0988472 0.209854 2.54171 0.0814008 0.0531382 0.09561 2.52149 4.66628 0.039566 4.62671 4.61471 4.60532 4.59071 0.0265927 0.0173052
internal_count=31260 20201 344 308 19857 19855 597 44 19258 264 259 595 19254 11059 96 10963 10935 10913 10878 63 41
is_linear=0
shrinkage=0.05


Tree=159
num_leaves=22
num_cat=0
split_feature=26 41 16 17 42 17 2 3 15 16 15 15 42 16 40 19 42 17 18 2 18
split_gain=5.01049 1.56297 0.0574854 0.225296 0.0291277 0.000384777 0.0119305 2.59048e-06 4.26693e-07 3.58754e-07 5.45248e-08 5.3512e-08 1.30881e-08 4.52083e-13 9.94309e-13 1.58096e-13 5.32907e-14 4.52971e-14 8.88178e-15 2.42861e-17 6.93889e-18
threshold=9.5000000000000018 0.28348214285466261 6.0000000000000009 6.0000000000000009 0.24999999999583336 13.000000000000002 6.8473193473193481 4.4706447457790395 34.500000000000007 23.000000000000004 51.000000000000007 43.500000000000007 0.24333193687990043 37.000000000000007 0.9166666666097224 1.2792207792207795 0.099999999999250008 35.500000000000007 99.998666522018439 5.0818713450292403 105.0004199468918
decision_type=2 2 2 2 2 2 2 2 2 2 2 2 2 2 2 2 2 2 2 2 2
left_child=1 2 -1 9 5 6 -3 -5 -7 -4 -11 -8 -10 14 19 16 -15 -18 -19 -2 -21
right_child=13 4 3 7 -6 8 11 -9 12 10 -12 -13 -14 15 -16 -17 17 18 -20 20 -22
leaf_value=0.0012994741877614196 -0.050011073803725131 -0.050042518247622028 0.050273143106792088 -0.050140367612203765 -0.050180226992084742 0.050242830794023786 0.050101933171188641 -0.050502900909185772 0.050006301737506399 0.050113469127790591 0.050006469832856594 0.050006205905092332 0.050122301763945047 -0.050011192111528602 -0.050010528411892879 -0.050011256581713417 -0.050010979647281219 -0.050011044887621314 -0.050011070089368649 -0.05001107762459947 -0.050011076258333814
leaf_weight=3.9025685000233352 0.0088319627684539936 0.0030794381164022102 0.026891573797911295 0.088475926342653111 0.007293374015716724 0.019239267334342336 0.018268288346007466 0.11121184605872259 2.3960936582225263 0.019195440807379782 0.031353552330983803 0.072681081204791553 0.0024341207463293149 0.008929471718147286 0.012340724468231201 0.011416121822548919 0.01389580251998257 0.035605980549007543 4.3312653064785991 0.0084327252407092601 0.0080313505022786558
leaf_count=36 22 2 5 36 2 4 9 8 19253 9 250 586 1 22 33 28 35 89 10789 21 20
internal_value=-0.00881238 0.0184867 -0.000263104 -0.0222676 0.0495965 0.0498863 0.0467482 -0.0503423 0.0500083 0.0501256 0.0500471 0.0500254 0.0500064 -0.0500111 -0.0500109 -0.0500111 -0.0500111 -0.0500111 -0.0500111 -0.0500111 -0.0500111
internal_weight=11.1375 6.69879 4.1797 0.277128 2.51909 2.5118 0.0940288 0.199688 2.41777 0.0774406 0.050549 0.0909494 2.39853 4.43875 0.0376368 4.40111 4.3897 4.38077 4.36687 0.025296 0.0164641
internal_count=31260 20201 344 308 19857 19855 597 44 19258 264 259 595 19254 11059 96 10963 10935 10913 10878 63 41
is_linear=0
shrinkage=0.05


Tree=160
num_leaves=22
num_cat=0
split_feature=26 41 16 17 42 17 2 3 15 16 15 15 42 16 40 19 42 18 15 42 2
split_gain=4.7467 1.51181 0.0545433 0.214248 0.0277068 0.000366196 0.0113484 2.22739e-06 3.67146e-07 3.08644e-07 4.69205e-08 4.60513e-08 1.1263e-08 4.05009e-13 8.52401e-13 1.34115e-13 4.44089e-14 4.26326e-14 1.38146e-13 8.88178e-16 1.04083e-17
threshold=9.5000000000000018 0.28348214285466261 6.0000000000000009 6.0000000000000009 0.24999999999583336 13.000000000000002 6.8473193473193481 4.4706447457790395 34.500000000000007 23.000000000000004 51.000000000000007 43.500000000000007 0.24333193687990043 37.000000000000007 0.9166666666097224 1.2792207792207795 0.099999999999250008 99.998666522018439 108.50000000000001 0.27793103448172307 5.4392857142857158
decision_type=2 2 2 2 2 2 2 2 2 2 2 2 2 2 2 2 2 2 2 2 2
left_child=1 2 -1 9 5 6 -3 -5 -7 -4 -11 -8 -10 14 20 16 -15 18 -18 -19 -2
right_child=13 4 3 7 -6 8 11 -9 12 10 -12 -13 -14 15 -16 -17 17 19 -20 -21 -22
leaf_value=0.0012351839203666505 -0.050010533234783522 -0.050040444139169984 0.050259753854888914 -0.05013352014318162 -0.050171407132194923 0.050230933134703781 0.050096952047784707 -0.050478148717817785 0.050005999837156472 0.050107924218763027 0.050006157091021845 0.050005903818061186 0.050116326010424428 -0.050010646765233861 -0.050010014300270259 -0.050010708108461865 -0.050010291589848148 -0.050010532456579895 -0.050010529965552136 -0.05001051520145991 -0.050010535440657478
leaf_weight=3.9004629217088223 0.015658882242860162 0.0029293706174947634 0.025586699601262697 0.084172107672202401 0.0069388608098960294 0.018305182456970548 0.017379017546772957 0.10583854993456043 2.2792483674493274 0.018261238583363593 0.029824603916495107 0.06913679106219206 0.0023156765382735802 0.0084940665401517235 0.011738977656932548 0.010859467380214372 0.0077729723707306011 4.1227440358779859 0.027871223777765408 0.0087700076401232563 0.0084037075866945088
leaf_count=36 41 2 5 36 2 4 9 8 19253 9 250 586 1 22 33 28 21 10796 73 23 22
internal_value=-0.008659 0.0179551 -0.000252672 -0.0222614 0.0495961 0.0498858 0.046747 -0.0503255 0.0500079 0.0501195 0.0500448 0.0500242 0.0500061 -0.0500105 -0.0500104 -0.0500105 -0.0500105 -0.0500105 -0.0500105 -0.0500105 -0.0500105
internal_weight=10.7827 6.5604 4.16415 0.263683 2.39625 2.38931 0.0894452 0.190011 2.29987 0.0736725 0.0480858 0.0865158 2.28156 4.22231 0.0358016 4.18651 4.17565 4.16716 0.0356442 4.13151 0.0240626
internal_count=31260 20201 344 308 19857 19855 597 44 19258 264 259 595 19254 11059 96 10963 10935 10913 94 10819 63
is_linear=0
shrinkage=0.05


Tree=161
num_leaves=21
num_cat=0
split_feature=26 41 16 17 42 17 2 3 15 16 16 15 42 16 40 19 42 17 18 18
split_gain=4.49701 1.46171 0.051758 0.203745 0.0263551 0.000348503 0.0107946 1.91522e-06 3.1594e-07 2.65534e-07 4.0375e-08 3.96312e-08 9.69204e-09 3.49054e-13 7.27633e-13 1.16795e-13 4.08562e-14 3.64153e-14 8.43769e-15 6.93889e-18
threshold=9.5000000000000018 0.28348214285466261 6.0000000000000009 6.0000000000000009 0.24999999999583336 13.000000000000002 6.8473193473193481 4.4706447457790395 34.500000000000007 23.000000000000004 45.000000000000007 43.500000000000007 0.24333193687990043 37.000000000000007 0.9166666666097224 1.2792207792207795 0.099999999999250008 35.500000000000007 99.998666522018439 107.14637853516389
decision_type=2 2 2 2 2 2 2 2 2 2 2 2 2 2 2 2 2 2 2 2
left_child=1 2 -1 9 5 6 -3 -5 -7 -4 -11 -8 -10 14 19 16 -15 -18 -19 -2
right_child=13 4 3 7 -6 8 11 -9 12 10 -12 -13 -14 15 -16 -17 17 18 -20 -21
leaf_value=0.0011740453128738391 -0.05001001901498691 -0.050038467959182709 0.050247019269192054 -0.050127008342520533 -0.050163026271088262 0.050219624462538942 0.050092215005470578 -0.050454621155932994 0.050005706741106132 0.050102646378388675 0.050005857526401402 0.050005616494322315 0.050110635018351682 -0.050010130290786783 -0.050009527332442211 -0.050010187235426898 -0.050009933014463465 -0.05000999320872436 -0.050010018800809158 -0.050010020760143596
leaf_weight=3.8984599325340241 0.014532285655150079 0.0027866107411690369 0.024344833567738422 0.08007712614198681 0.0066015238407998158 0.017416251823306417 0.016532956738956273 0.10072250146185979 2.1681004770362056 0.017372410045936704 0.028370206549880095 0.065765318257035688 0.0022029834799467398 0.0080798877752393805 0.011166567099280655 0.010329949756851309 0.012573697866173794 0.032218283799011593 3.9191714341868646 0.0083569869457278401
leaf_count=36 40 2 5 36 2 4 9 8 19253 9 250 586 1 22 33 28 35 89 10789 23
internal_value=-0.00850341 0.0174283 -0.000242602 -0.0222555 0.0495957 0.0498854 0.0467459 -0.0503095 0.0500075 0.0501136 0.0500426 0.050023 0.0500058 -0.05001 -0.0500099 -0.05001 -0.05001 -0.05001 -0.05001 -0.05001
internal_weight=10.4452 6.42875 4.14935 0.250887 2.27941 2.2728 0.0850849 0.1808 2.18772 0.0700875 0.0457426 0.0822983 2.1703 4.01643 0.0340558 3.98237 3.97204 3.96396 3.95139 0.0228893
internal_count=31260 20201 344 308 19857 19855 597 44 19258 264 259 595 19254 11059 96 10963 10935 10913 10878 63
is_linear=0
shrinkage=0.05


Tree=162
num_leaves=22
num_cat=0
split_feature=26 41 16 17 42 17 2 3 15 16 16 15 42 16 40 19 42 18 15 17 2
split_gain=4.26069 1.41267 0.0491208 0.193759 0.0250695 0.000331656 0.0102679 1.64691e-06 2.71867e-07 2.28455e-07 3.47512e-08 3.41093e-08 8.34161e-09 3.00648e-13 6.27075e-13 9.90319e-14 3.28626e-14 3.19744e-14 1.01932e-13 8.88178e-16 3.81639e-17
threshold=9.5000000000000018 0.28348214285466261 6.0000000000000009 6.0000000000000009 0.24999999999583336 13.000000000000002 6.8473193473193481 4.4706447457790395 34.500000000000007 23.000000000000004 45.000000000000007 43.500000000000007 0.24333193687990043 37.000000000000007 0.9166666666097224 1.2792207792207795 0.099999999999250008 99.998666522018439 108.50000000000001 35.500000000000007 5.0818713450292403
decision_type=2 2 2 2 2 2 2 2 2 2 2 2 2 2 2 2 2 2 2 2 2
left_child=1 2 -1 9 5 6 -3 -5 -7 -4 -11 -8 -10 14 20 16 -15 18 -18 -19 -2
right_child=13 4 3 7 -6 8 11 -9 12 10 -12 -13 -14 15 -16 -17 17 19 -20 -21 -22
leaf_value=0.0011158999856699108 -0.050009528077773036 -0.050036591647022732 0.050234917804700213 -0.050120814530050954 -0.050155054321566285 0.05020886638418736 0.050087712591838779 -0.050432263485896994 0.050005426825628987 0.050097637930651445 0.050005572215515742 0.050005342407998081 0.050105230016218763 -0.050009633620389862 -0.050009062355908629 -0.050009688642109168 -0.050009312021613683 -0.050009519780670586 -0.050009527280695867 -0.050009530108461556 -0.050009532502598798
leaf_weight=3.896555001148954 0.0076019696425649865 0.0026508029550321712 0.023162960540503152 0.07618089446623344 0.0062805366760584338 0.016570311039686536 0.01572801370639354 0.095851611316902563 2.0623721639422006 0.016526759485714138 0.02698672610858921 0.062558242338127457 0.0020957631058989836 0.0076859012478970304 0.010622063418850303 0.0098262474639340125 0.0070334093616114526 0.010355026810430323 0.025219419971108437 3.7280666346196085 0.01417118776589632
leaf_count=36 22 2 5 36 2 4 9 8 19253 9 250 586 1 22 33 28 21 30 73 10789 41
internal_value=-0.00834577 0.0169068 -0.000232892 -0.0222498 0.0495952 0.049885 0.0467448 -0.0502943 0.0500071 0.0501081 0.0500405 0.0500219 0.0500055 -0.0500095 -0.0500094 -0.0500095 -0.0500095 -0.0500095 -0.0500095 -0.0500095 -0.0500095
internal_weight=10.1241 6.30352 4.13526 0.238709 2.16826 2.16198 0.0809371 0.172033 2.08104 0.0666764 0.0435135 0.0782863 2.06447 3.82058 0.0323952 3.78819 3.77836 3.77067 0.0322528 3.73842 0.0217732
internal_count=31260 20201 344 308 19857 19855 597 44 19258 264 259 595 19254 11059 96 10963 10935 10913 94 10819 63
is_linear=0
shrinkage=0.05


Tree=163
num_leaves=23
num_cat=0
split_feature=26 41 43 3 23 42 17 2 15 17 15 42 16 40 19 18 15 42 43 3 42 18
split_gain=4.03703 1.36469 0.0422914 0.156689 0.159683 0.0238465 0.000315617 0.00976695 2.33942e-07 9.41276e-08 2.93504e-08 7.17877e-09 2.64677e-13 5.42615e-13 8.39329e-14 3.10862e-14 8.84605e-14 2.75335e-14 8.88178e-16 1.07553e-16 3.46945e-17 2.25514e-17
threshold=9.5000000000000018 0.28348214285466261 0.78888888887872854 3.0115197416844146 1.0000000180025095e-35 0.24999999999583336 13.000000000000002 6.8473193473193481 34.500000000000007 1.0000000180025095e-35 43.500000000000007 0.24333193687990043 37.000000000000007 0.9166666666097224 1.2792207792207795 99.998666522018439 108.50000000000001 0.099999999999250008 0.41176470588053643 4.454582442950568 0.15761869709193832 107.14637853516389
decision_type=2 2 2 2 2 2 2 2 2 2 2 2 2 2 2 2 2 2 2 2 2 2
left_child=1 2 3 -1 9 6 7 -3 -8 -5 -9 -10 13 20 15 16 -14 -17 -19 -18 -2 -22
right_child=12 5 -4 4 -6 -7 8 10 11 -11 -12 -13 14 -15 -16 17 19 18 -20 -21 21 -23
leaf_value=0.053473871563511535 -0.050009069149239208 -0.050034805351761961 -0.0017190570852247669 0.050005051895505227 -0.050249059628124128 -0.050147466217923431 0.050198637039764751 0.050083423135414806 0.050005161547880872 0.05013168848242832 0.050005083140766952 0.050100086475714817 -0.050008855523537565 -0.050008619441842699 -0.050009216631525716 -0.050009164109774989 -0.050009063221148842 -0.050009057541505912 -0.050009066786623792 -0.050009055593270541 -0.050009062834171593 -0.050009067054103129
leaf_weight=0.155411822721362 0.0072334777214567705 0.0025216096546508684 3.7912809992558323 0.024854131042957306 0.11449199437629431 0.005975112202577181 0.015765298157930263 0.014962197630666196 1.9617992466010032 0.03582366113550961 0.059507540456252173 0.0019937509205193429 0.0066904452251045346 0.010104106389917433 0.0093471018190028898 0.0073111223755407675 0.017421571596059948 0.014121277694357892 3.5420076451264322 0.0065681000996846697 0.0069027726131025702 0.006575205217814073
leaf_count=6 22 2 41 246 33 2 4 9 19253 18 586 1 21 33 28 22 53 43 10776 20 21 20
internal_value=-0.00818622 0.0163912 -0.000223525 0.016928 -0.0154957 0.0495948 0.0498846 0.0467438 0.0500068 0.0500798 0.0500208 0.0500053 -0.0500091 -0.0500089 -0.0500091 -0.0500091 -0.050009 -0.0500091 -0.0500091 -0.0500091 -0.0500091 -0.0500091
internal_weight=9.81867 6.18439 4.12186 0.330582 0.17517 2.06252 2.05655 0.0769913 1.97956 0.0606778 0.0744697 1.96379 3.63428 0.0308156 3.60347 3.59412 0.0306801 3.56344 3.55613 0.0239897 0.0207115 0.013478
internal_count=31260 20201 344 303 297 19857 19855 597 19258 264 595 19254 11059 96 10963 10935 94 10841 10819 73 63 41
is_linear=0
shrinkage=0.05


Tree=164
num_leaves=20
num_cat=0
split_feature=26 41 43 3 23 42 17 2 15 17 15 42 16 40 19 42 17 18 2
split_gain=3.82562 1.31759 0.0399454 0.148534 0.151866 0.0226832 0.000300348 0.00929041 2.01316e-07 8.1007e-08 2.5261e-08 6.17809e-09 2.12719e-13 4.65069e-13 7.54952e-14 2.75335e-14 2.04281e-14 3.10862e-15 2.77556e-17
threshold=9.5000000000000018 0.28348214285466261 0.78888888887872854 3.0115197416844146 1.0000000180025095e-35 0.24999999999583336 13.000000000000002 6.8473193473193481 34.500000000000007 1.0000000180025095e-35 43.500000000000007 0.24333193687990043 37.000000000000007 0.9166666666097224 1.2792207792207795 0.099999999999250008 35.500000000000007 99.998666522018439 5.4392857142857158
decision_type=2 2 2 2 2 2 2 2 2 2 2 2 2 2 2 2 2 2 2
left_child=1 2 3 -1 9 6 7 -3 -8 -5 -9 -10 13 18 15 -14 -17 -18 -2
right_child=12 5 -4 4 -6 -7 8 10 11 -11 -12 -13 14 -15 -16 16 17 -19 -20
leaf_value=0.053295754541062758 -0.050008622038225529 -0.050033108870513536 -0.0016320093061930323 0.050004807430942225 -0.050236894752884426 -0.050140256470588743 0.050188912731939019 0.05007934762129973 0.050004908508848367 0.050125257641168167 0.050004832467473337 0.050095194183645643 -0.050008717822478045 -0.050008199133373454 -0.050008765208067178 -0.050008550310277448 -0.050008601787123547 -0.050008619392051028 -0.050008625873147208
leaf_weight=0.14831387996673573 0.012820885953260919 0.0023987086024132012 3.7937599390279502 0.023642093918169849 0.10893385783128906 0.0056844991922845303 0.014999248087406047 0.014233611873351038 1.8661303463813961 0.034080783472745679 0.056605599755130243 0.0018966951174662619 0.006954615062569113 0.0096114022890105844 0.0088913162762763731 0.010822572920006102 0.027731287569622842 3.3733539704408031 0.0068806299823336295
leaf_count=6 41 2 41 246 33 2 4 9 19253 18 586 1 22 33 28 35 89 10789 22
internal_value=-0.00802396 0.015885 -0.000211482 0.0168985 -0.0154928 0.0495945 0.0498843 0.0467428 0.0500065 0.0500759 0.0500198 0.050005 -0.0500086 -0.0500085 -0.0500086 -0.0500086 -0.0500086 -0.0500086 -0.0500086
internal_weight=9.52775 6.07068 4.10873 0.314971 0.166657 1.96195 1.95626 0.0732379 1.88303 0.0577229 0.0708392 1.86803 3.45707 0.0293129 3.42775 3.41886 3.41191 3.40109 0.0197015
internal_count=31260 20201 344 303 297 19857 19855 597 19258 264 595 19254 11059 96 10963 10935 10913 10878 63
is_linear=0
shrinkage=0.05


Tree=165
num_leaves=22
num_cat=0
split_feature=26 41 43 3 23 42 17 2 15 17 15 42 16 40 19 18 15 42 43 3 18
split_gain=3.62552 1.27159 0.0377416 0.140828 0.144434 0.0215767 0.000285811 0.00883713 1.73226e-07 6.97194e-08 2.17405e-08 5.31654e-09 1.98064e-13 4.0767e-13 6.26166e-14 2.04281e-14 6.47919e-14 2.08722e-14 8.88178e-16 1.45717e-16 1.04083e-17
threshold=9.5000000000000018 0.28348214285466261 0.78888888887872854 3.0115197416844146 1.0000000180025095e-35 0.24999999999583336 13.000000000000002 6.8473193473193481 34.500000000000007 1.0000000180025095e-35 43.500000000000007 0.24333193687990043 37.000000000000007 0.9166666666097224 1.2792207792207795 99.998666522018439 108.50000000000001 0.099999999999250008 0.39999999999853342 4.454582442950568 105.0004199468918
decision_type=2 2 2 2 2 2 2 2 2 2 2 2 2 2 2 2 2 2 2 2 2
left_child=1 2 3 -1 9 6 7 -3 -8 -5 -9 -10 13 20 15 16 -14 -17 -19 -18 -2
right_child=12 5 -4 4 -6 -7 8 10 11 -11 -12 -13 14 -15 -16 17 19 18 -20 -21 -22
leaf_value=0.053127178722352203 -0.050008203685524236 -0.050031489053661782 -0.0015494216903294928 0.050004568689342825 -0.05022532621185602 -0.05013340336426815 0.050179662638345557 0.050075474418518388 0.050004672273733286 0.050119138226378993 0.050004598474127075 0.050090542822043164 -0.050008017195035864 -0.050007797522056453 -0.050008340498208792 -0.050008293648210661 -0.050008204722793353 -0.050008195694081263 -0.050008204981315862 -0.050008195420500015 -0.050008205714034651
leaf_weight=0.14151687547564495 0.0086268280574589573 0.0022817940916862725 3.7961108334420715 0.022489158815005794 0.10364435685914941 0.0054079836409074425 0.014270289801061042 0.013540451764129102 1.77512632246362 0.032422501564724371 0.053845158217882272 0.0018043555319310336 0.0060538632969845399 0.0091427199222380295 0.008457751857349538 0.0066154893138449236 0.015763954608701169 0.011587989807594901 3.2061845824937336 0.0059431624540593466 0.010113986732903868
leaf_count=6 29 2 41 246 33 2 4 9 19253 18 586 1 21 33 28 22 53 39 10780 20 34
internal_value=-0.00786023 0.0153858 -0.000200042 0.0168705 -0.0154899 0.0495941 0.0498839 0.0467419 0.0500062 0.0500722 0.0500188 0.0500048 -0.0500082 -0.0500081 -0.0500082 -0.0500082 -0.0500082 -0.0500082 -0.0500082 -0.0500082 -0.0500082
internal_weight=9.25095 5.96246 4.09618 0.300073 0.158556 1.86628 1.86087 0.0696674 1.7912 0.0549117 0.0673856 1.77693 3.28849 0.0278835 3.26061 3.25215 0.027761 3.22439 3.21777 0.0217071 0.0187408
internal_count=31260 20201 344 303 297 19857 19855 597 19258 264 595 19254 11059 96 10963 10935 94 10841 10819 73 63
is_linear=0
shrinkage=0.05


Tree=166
num_leaves=20
num_cat=0
split_feature=26 41 43 3 23 42 17 2 15 17 15 42 16 40 19 42 17 18 2
split_gain=3.43614 1.22669 0.0356704 0.133544 0.137366 0.0205242 0.000271973 0.00840597 1.49065e-07 5.99982e-08 1.87102e-08 4.57577e-09 1.63425e-13 3.44769e-13 5.41789e-14 1.90958e-14 1.77636e-14 4.44089e-15 6.93889e-18
threshold=9.5000000000000018 0.28348214285466261 0.78888888887872854 3.0115197416844146 1.0000000180025095e-35 0.24999999999583336 13.000000000000002 6.8473193473193481 34.500000000000007 1.0000000180025095e-35 43.500000000000007 0.24333193687990043 37.000000000000007 0.9166666666097224 1.2792207792207795 0.099999999999250008 35.500000000000007 99.998666522018439 5.0818713450292403
decision_type=2 2 2 2 2 2 2 2 2 2 2 2 2 2 2 2 2 2 2
left_child=1 2 3 -1 9 6 7 -3 -8 -5 -9 -10 13 18 15 -14 -17 -18 -2
right_child=12 5 -4 4 -6 -7 8 10 11 -11 -12 -13 14 -15 -16 16 17 -19 -20
leaf_value=0.05296759616896736 -0.050007802729699957 -0.050029954260338606 -0.0014710666818335953 0.050004346607763706 -0.050214321076077574 -0.050126877979747311 0.050170869357274397 0.050071787336064925 0.050004445586329993 0.050113316938426522 0.050004373800574209 0.05008612273393459 -0.050007889564982401 -0.050007420032497467 -0.050007932054723425 -0.050007734512415927 -0.05000778185383184 -0.050007802653769834 -0.050007804731615563
leaf_weight=0.1350103449076413 0.0062241758569147035 0.0021705746185031174 3.7983406132552773 0.021392442227806896 0.098610624292632565 0.005144885857589653 0.01357663795351971 0.012881000642664731 1.688559847658325 0.030844729728414677 0.05121932129986817 0.0017165037570522337 0.0062928975676194146 0.008696888544363901 0.0080453263653906815 0.0097928239847536735 0.025092707859585395 3.0523855777282733 0.011602778016822413
leaf_count=6 22 2 41 246 33 2 4 9 19253 18 586 1 22 33 28 35 89 10789 41
internal_value=-0.0076952 0.0148938 -0.000189182 0.0168439 -0.0154873 0.0495938 0.0498836 0.046741 0.0500059 0.0500687 0.0500179 0.0500045 -0.0500078 -0.0500077 -0.0500078 -0.0500078 -0.0500078 -0.0500078 -0.0500078
internal_weight=8.9876 5.85947 4.0842 0.285858 0.150848 1.77527 1.77012 0.0662709 1.70385 0.0522372 0.0641003 1.69028 3.12813 0.0265238 3.10161 3.09356 3.08727 3.07748 0.017827
internal_count=31260 20201 344 303 297 19857 19855 597 19258 264 595 19254 11059 96 10963 10935 10913 10878 63
is_linear=0
shrinkage=0.05


Tree=167
num_leaves=22
num_cat=0
split_feature=26 41 43 3 23 42 17 2 15 17 15 42 16 40 19 42 18 15 42 2 2
split_gain=3.25688 1.18289 0.0337228 0.126656 0.130645 0.019523 0.000258799 0.00799586 1.28281e-07 5.1633e-08 1.61022e-08 3.93815e-09 1.49214e-13 2.94945e-13 4.61853e-14 1.64313e-14 1.64313e-14 5.0078e-14 4.44089e-16 2.42861e-17 1.73472e-18
threshold=9.5000000000000018 0.28348214285466261 0.78888888887872854 3.0115197416844146 1.0000000180025095e-35 0.24999999999583336 13.000000000000002 6.8473193473193481 34.500000000000007 1.0000000180025095e-35 43.500000000000007 0.24333193687990043 37.000000000000007 0.9166666666097224 1.2792207792207795 0.099999999999250008 99.998666522018439 108.50000000000001 0.27429467084529963 5.0818713450292403 5.5219047619047625
decision_type=2 2 2 2 2 2 2 2 2 2 2 2 2 2 2 2 2 2 2 2 2
left_child=1 2 3 -1 9 6 7 -3 -8 -5 -9 -10 13 19 15 -14 17 -17 -18 -2 -21
right_child=12 5 -4 4 -6 -7 8 10 11 -11 -12 -13 14 -15 -16 16 18 -19 -20 20 -22
leaf_value=0.052816482735765273 -0.050007418679206467 -0.050028489646170987 -0.001396714711922078 0.050004138447716132 -0.050203855900498917 -0.050120674688670465 0.050162505254486935 0.050068282814563506 0.050004223682125259 0.050107783881406923 0.050004162360900162 0.050081911645749468 -0.050007507345062485 -0.050007057141613367 -0.050007545956944621 -0.050007249866637953 -0.050007423995453486 -0.050007420830297744 -0.05000741225850143 -0.050007422308695398 -0.050007423096981765
leaf_weight=0.12878396920859803 0.005920663184952323 0.0020647733472284316 3.8004553254286293 0.020349203841760755 0.093820388356107287 0.0048945570015349596 0.012916596606373676 0.01225362264085561 1.6062147077900586 0.029343572954530828 0.04872152771713445 0.0016329226782546549 0.0059860342298642113 0.0082727947155945003 0.0076530088845173641 0.0054778430785521462 2.9048864979413342 0.019641710940049961 0.0067187375389038398 0.0053839062748011202 0.0056530795700382441
leaf_count=6 22 2 41 246 33 2 4 9 19253 18 586 1 22 33 28 21 10794 73 25 20 21
internal_value=-0.00752908 0.0144095 -0.00017887 0.0168186 -0.0154847 0.0495935 0.0498833 0.0467402 0.0500056 0.0500653 0.050017 0.0500043 -0.0500074 -0.0500073 -0.0500074 -0.0500074 -0.0500074 -0.0500074 -0.0500074 -0.0500074 -0.0500074
internal_weight=8.73705 5.76145 4.07275 0.272297 0.143513 1.6887 1.6838 0.0630399 1.62076 0.0496928 0.0609752 1.60785 2.97559 0.0252304 2.95036 2.94271 2.93672 0.0251196 2.91161 0.0169576 0.011037
internal_count=31260 20201 344 303 297 19857 19855 597 19258 264 595 19254 11059 96 10963 10935 10913 94 10819 63 41
is_linear=0
shrinkage=0.05


Tree=168
num_leaves=24
num_cat=0
split_feature=26 41 43 3 17 42 43 17 2 15 3 15 42 16 40 19 18 15 42 19 3 2 42
split_gain=3.08721 1.14019 0.0318906 0.120142 0.0571481 0.0185707 0.0169456 0.000246261 0.00760576 1.10396e-07 6.13052e-08 1.38602e-08 3.38912e-09 1.24345e-13 2.57232e-13 4.13003e-14 1.33227e-14 4.12899e-14 1.24345e-14 4.44089e-16 9.36751e-17 1.04083e-17 3.46945e-18
threshold=9.5000000000000018 0.28348214285466261 0.78888888887872854 3.0115197416844146 6.0000000000000009 0.24999999999583336 0.74342105262026503 13.000000000000002 6.8473193473193481 34.500000000000007 4.9996551486293006 43.500000000000007 0.24333193687990043 37.000000000000007 0.9166666666097224 1.2792207792207795 99.998666522018439 108.50000000000001 0.099999999999250008 0.78759398496240618 4.454582442950568 5.5219047619047625 0.15761869709193832
decision_type=2 2 2 2 2 2 2 2 2 2 2 2 2 2 2 2 2 2 2 2 2 2 2
left_child=1 2 3 -1 10 7 -6 8 -3 -9 -5 -10 -11 14 21 16 17 -15 -18 -20 -19 22 -2
right_child=13 5 -4 4 6 -7 -8 9 11 12 -12 -13 -14 15 -16 -17 18 20 19 -21 -22 -23 -24
leaf_value=0.052673365590358692 -0.050007058353272626 -0.050027104533985393 -0.0013261615054259667 0.050004029427611577 -0.050243716473750588 -0.050114780414313359 -0.010917123062733864 0.050154557976763603 0.050064948524593561 0.050004018648600518 0.050176234863083195 0.050003954938355945 0.050077909728997831 -0.050006898356495702 -0.050006711421961586 -0.050007178989587231 -0.050007134207599918 -0.050007059710873485 -0.050007059464128624 -0.050007059955975923 -0.050007051735990585 -0.05000706188533019 -0.050007060016841944
leaf_weight=0.12282754015177477 0.0051213662954981976 0.0019641262479123114 3.8024615458271001 0.019750981926335953 0.057320021544001065 0.0046563805371989666 0.052463209838606417 0.012288545258343109 0.011656763381324708 1.5278848218440539 0.0069999196566641322 0.04634553686628351 0.0015534050762654452 0.0052107213268762767 0.0078693787072552368 0.0072798194887581094 0.0056941329385157271 0.013568464608397335 0.11109519738238338 2.6585290560615249 0.0051154414541088036 0.0053774135594721875 0.0056319487630389631
leaf_count=6 20 2 41 249 21 2 25 4 9 19253 2 586 1 21 33 28 22 53 434 10385 20 21 22
internal_value=-0.00736204 0.0139334 -0.000169086 0.0167946 -0.0154823 0.0495932 -0.0314503 0.049883 0.0467394 0.0500053 0.0500491 0.0500162 0.0500041 -0.0500071 -0.0500069 -0.0500071 -0.0500071 -0.050007 -0.0500071 -0.0500071 -0.0500071 -0.0500071 -0.0500071
internal_weight=8.49867 5.66817 4.06182 0.259362 0.136534 1.60635 0.109783 1.60169 0.0599664 1.54173 0.0267509 0.0580023 1.52944 2.83049 0.0240001 2.80649 2.79921 0.0238946 2.77532 2.76962 0.0186839 0.0161307 0.0107533
internal_count=31260 20201 344 303 297 19857 46 19855 597 19258 251 595 19254 11059 96 10963 10935 94 10841 10819 73 63 42
is_linear=0
shrinkage=0.05


Tree=169
num_leaves=22
num_cat=0
split_feature=26 41 43 3 17 42 43 17 2 15 3 15 42 16 40 19 42 17 18 2 18
split_gain=2.9265 1.09876 0.0299041 0.114004 0.0536346 0.0176649 0.0169536 0.000234326 0.0072347 9.49963e-08 5.27523e-08 1.19274e-08 2.91675e-09 1.07914e-13 2.23033e-13 3.41949e-14 1.15463e-14 1.11022e-14 2.22045e-15 6.93889e-18 1.73472e-18
threshold=9.5000000000000018 0.28348214285466261 0.78888888887872854 3.0115197416844146 6.0000000000000009 0.24999999999583336 0.74342105262026503 13.000000000000002 6.8473193473193481 34.500000000000007 4.9996551486293006 43.500000000000007 0.24333193687990043 37.000000000000007 0.9166666666097224 1.2792207792207795 0.099999999999250008 35.500000000000007 99.998666522018439 5.0818713450292403 105.0004199468918
decision_type=2 2 2 2 2 2 2 2 2 2 2 2 2 2 2 2 2 2 2 2 2
left_child=1 2 3 -1 10 7 -6 8 -3 -9 -5 -10 -11 14 19 16 -15 -18 -19 -2 -21
right_child=13 5 -4 4 6 -7 -8 9 11 12 -12 -13 -14 15 -16 -17 17 18 -20 20 -22
leaf_value=0.052537785627012168 -0.050006715303879783 -0.050025779961422205 -0.0012592051225018513 0.050003832855805376 -0.050231794493214181 -0.05010917066213999 -0.010395849391659889 0.050146996089792666 0.050061775826754966 0.050003825745726829 0.050167608527221824 0.05000376375729465 0.050074106980127757 -0.050006790671176804 -0.050006383833997359 -0.050006827699213864 -0.050006660196001022 -0.050006699299955271 -0.050006716724952265 -0.05000671773551954 -0.050006717269188254
leaf_weight=0.11713106464594591 0.0053573111508743452 0.0018683829111975072 3.8043646096193697 0.018787787412293255 0.054537105912459083 0.0044297696731520056 0.0523423618869856 0.011690943501889595 0.01108894101344049 1.4533745133667249 0.006659645587205886 0.044085403271310497 0.0014777540927753954 0.0054164632456384912 0.0074856323626590884 0.0069248258078004046 0.0084289379010445975 0.021597950413707045 2.6272682629642077 0.0051151410880265757 0.0048716741875978187
leaf_count=6 22 2 41 249 21 2 25 4 9 19253 2 586 1 22 33 28 35 89 10789 21 20
internal_value=-0.00719208 0.0134601 -0.00015954 0.0166109 -0.0151903 0.0495929 -0.0307228 0.0498827 0.0467387 0.050005 0.0500467 0.0500154 0.0500039 -0.0500067 -0.0500066 -0.0500067 -0.0500067 -0.0500067 -0.0500067 -0.0500067 -0.0500067
internal_weight=8.2743 5.58184 4.05382 0.249458 0.132327 1.52802 0.106879 1.52359 0.0570427 1.46654 0.0254474 0.0551743 1.45485 2.69247 0.0228298 2.66964 2.66271 2.6573 2.64887 0.0153441 0.00998682
internal_count=31260 20201 344 303 297 19857 46 19855 597 19258 251 595 19254 11059 96 10963 10935 10913 10878 63 41
is_linear=0
shrinkage=0.05


Tree=170
num_leaves=22
num_cat=0
split_feature=26 41 43 3 17 43 42 17 2 15 3 15 42 16 40 19 18 15 42 3 18
split_gain=2.7744 1.0584 0.0280364 0.108199 0.0503271 0.0169296 0.0168032 0.000222965 0.00688175 8.17521e-08 4.53945e-08 1.02651e-08 2.51042e-09 9.32587e-14 1.88689e-13 2.9754e-14 1.02141e-14 3.1565e-14 1.02141e-14 6.93889e-17 8.67362e-18
threshold=9.5000000000000018 0.28348214285466261 0.78888888887872854 3.0115197416844146 6.0000000000000009 0.74342105262026503 0.24999999999583336 13.000000000000002 6.8473193473193481 34.500000000000007 4.9996551486293006 43.500000000000007 0.24333193687990043 37.000000000000007 0.9166666666097224 1.2792207792207795 99.998666522018439 108.50000000000001 0.099999999999250008 4.454582442950568 105.99981656585696
decision_type=2 2 2 2 2 2 2 2 2 2 2 2 2 2 2 2 2 2 2 2 2
left_child=1 2 3 -1 10 -6 7 8 -3 -9 -5 -10 -11 14 20 16 17 -15 -18 -19 -2
right_child=13 6 -4 4 5 -7 -8 9 11 12 -12 -13 -14 15 -16 -17 18 19 -20 -21 -22
leaf_value=0.052409331192059497 -0.050006387088976416 -0.050024523597655912 -0.0011956638835587453 0.050003647268987317 -0.050220456971936937 -0.0098972791669858888 -0.050103835637030206 0.050139807363677846 0.05005875754358341 0.050003638869892841 0.050159409461415283 0.050003578485759842 0.050070489385270991 -0.050006240152166252 -0.05000607399561622 -0.050006495092118422 -0.050006458407585122 -0.050006388426658235 -0.05000638885358917 -0.050006381214689102 -0.050006389101178911
leaf_weight=0.11168470699340094 0.0083402933960318171 0.0017773043364283083 3.8061701274127699 0.017871561998617835 0.051888716305256821 0.052233018795959651 0.0042141645099037497 0.01112232357263554 0.010548746911808848 1.3824976713076462 0.0063358601182699195 0.041935484565328807 0.0014057821827010422 0.0047149154270308405 0.0071205969725269816 0.0065871407423400133 0.00515233268379267 0.012277415400603786 2.5060924268618692 0.0046287033619591958 0.0062555845652241268
leaf_count=6 36 2 41 249 21 25 2 4 9 19253 2 586 1 21 33 28 22 53 10819 20 27
internal_value=-0.0070217 0.012996 -0.000150505 0.0164237 -0.0148945 -0.0299922 0.0495926 0.0498825 0.0467379 0.0500048 0.0500444 0.0500147 0.0500037 -0.0500064 -0.0500063 -0.0500064 -0.0500064 -0.0500064 -0.0500064 -0.0500064 -0.0500064
internal_weight=8.06085 5.49969 4.04618 0.240014 0.128329 0.104122 1.4535 1.44929 0.0542615 1.39503 0.0242074 0.0524842 1.3839 2.56117 0.0217165 2.53945 2.53287 0.021621 2.51124 0.0169061 0.0145959
internal_count=31260 20201 344 303 297 46 19857 19855 597 19258 251 595 19254 11059 96 10963 10935 94 10841 73 63
is_linear=0
shrinkage=0.05


Tree=171
num_leaves=16
num_cat=0
split_feature=26 20 42 2 17 25 26 16 40 19 42 17 18 2 2
split_gain=2.63044 1.01934 0.0171716 0.0157197 0.000477719 0.0109014 7.74273e-05 7.77156e-14 1.64035e-13 2.62013e-14 8.88178e-15 8.43769e-15 1.33227e-15 1.73472e-18 1.73472e-18
threshold=9.5000000000000018 1.5000000000000002 0.24999999999583336 6.1929280397022337 20.500000000000004 1.0000000180025095e-35 7.5000000000000009 37.000000000000007 0.9166666666097224 1.2792207792207795 0.099999999999250008 35.500000000000007 99.998666522018439 5.5219047619047625 5.0818713450292403
decision_type=2 2 2 2 2 2 2 2 2 2 2 2 2 2 2
left_child=1 -1 3 -3 5 -5 -6 8 13 10 -9 -12 -13 14 -2
right_child=7 2 -4 4 6 -7 -8 9 -10 -11 11 12 -14 -15 -16
leaf_value=-0.00029042764479745756 -0.050006075860940705 -0.043194090952503615 -0.050091514961751044 0.050003827136305704 0.050004742271155644 -0.050026852406517323 0.042563995415307018 -0.050006142820399217 -0.05000577684366056 -0.050006178487724852 -0.050006023649934978 -0.050006062839933224 -0.050006075808105468 -0.050006077509547664 -0.050006077650939812
leaf_weight=4.0150235390246962 0.0048475560324735545 0.0045609448425235613 0.0043433625105536713 0.06151653441338556 1.3297133147061682 0.0028498604660853735 0.0035054570544162935 0.0049010805087171807 0.006773360524675808 0.0062659208779222144 0.0076269125856928124 0.019542876441846935 2.3772802388848504 0.0046284714917419487 0.0044080852530896664
leaf_count=84 22 7 4 875 19196 3 32 22 33 28 35 89 10789 21 20
internal_value=-0.0068511 0.0125415 0.0491721 0.0494796 0.0497821 0.0455749 0.0499852 -0.0500061 -0.050006 -0.0500061 -0.0500061 -0.0500061 -0.0500061 -0.0500061 -0.0500061
internal_weight=7.85779 5.42151 1.40649 1.40215 1.39759 0.0643664 1.33322 2.43627 0.0206575 2.41562 2.40935 2.40445 2.39682 0.0138841 0.00925564
internal_count=31260 20201 20117 20113 20106 878 19228 11059 96 10963 10935 10913 10878 63 42
is_linear=0
shrinkage=0.05


Tree=172
num_leaves=21
num_cat=0
split_feature=26 41 42 43 3 17 17 17 40 15 17 15 42 16 40 19 42 17 18 2
split_gain=2.49385 0.98232 0.0152041 0.00661844 0.0997453 0.0797666 0.0154037 0.00019967 0.00505013 7.05798e-08 4.50092e-08 8.79079e-09 1.85981e-09 6.75016e-14 1.40079e-13 2.22045e-14 7.54952e-15 7.10543e-15 1.33227e-15 6.93889e-18
threshold=9.5000000000000018 0.28348214285466261 0.24999999999583336 0.79999999998800009 3.0115197416844146 6.0000000000000009 15.000000000000002 13.000000000000002 0.9166666666097224 34.500000000000007 1.0000000180025095e-35 43.500000000000007 0.24333193687990043 37.000000000000007 0.9166666666097224 1.2792207792207795 0.099999999999250008 35.500000000000007 99.998666522018439 5.4392857142857158
decision_type=2 2 2 2 2 2 2 2 2 2 2 2 2 2 2 2 2 2 2 2
left_child=1 3 7 4 -1 10 -7 8 11 -9 -6 -3 -11 14 19 16 -15 -18 -19 -2
right_child=13 2 -4 -5 5 6 -8 9 -10 12 -12 -13 -14 15 -16 -17 17 18 -20 -21
leaf_value=0.042457923485008632 -0.050005779319021108 0.050055903491378596 -0.050093939873879903 -0.00070634130264083652 0.050003219175159909 -0.050341712828203447 -0.016155291698314752 0.050133010947606742 -0.031703384644728771 0.050003289532873821 0.050117636779339059 0.050003233118996661 0.050063773374300305 -0.050005843140718036 -0.050005495599006113 -0.050005876564605901 -0.050005729715483185 -0.050005764642805997 -0.050005779792340714 -0.050005781197502458
leaf_weight=0.1178184114396571 0.0085945730970710121 0.010037747560999954 0.0038138957315824165 3.751411323872162 0.015848248265683651 0.073925638571381569 0.059447180203278549 0.010584345087408908 0.0019688077736645928 1.2509654852838135 0.018780877770041116 0.037584462741506286 0.001272249734029284 0.0046620792709298744 0.0064430551865370935 0.0059603632835204525 0.0072549851902298226 0.01858986675506491 2.2613519417063799 0.0046124798536766329
leaf_count=9 41 9 2 30 246 9 39 4 7 19253 11 581 1 22 33 28 35 89 10789 22
internal_value=-0.00667553 0.0120818 0.0495925 -0.000147543 0.00718672 -0.0175487 -0.0351041 0.0498822 0.0467701 0.0500044 0.0500653 0.0500143 0.0500034 -0.0500058 -0.0500057 -0.0500058 -0.0500058 -0.0500058 -0.0500058 -0.0500058
internal_weight=7.67093 5.35346 1.31623 4.03723 0.28582 0.168002 0.133373 1.31241 0.049591 1.26282 0.0346291 0.0476222 1.25224 2.31747 0.0196501 2.29782 2.29186 2.2872 2.27994 0.0132071
internal_count=31260 20201 19857 344 314 305 48 19855 597 19258 257 590 19254 11059 96 10963 10935 10913 10878 63
is_linear=0
shrinkage=0.05


Tree=173
num_leaves=21
num_cat=0
split_feature=26 41 42 43 3 43 3 17 17 15 15 42 16 40 19 42 17 18 2 2
split_gain=2.36489 0.944962 0.0144619 0.00615625 0.0930342 0.0281808 0.0352998 0.000196843 0.00603101 6.07365e-08 7.57965e-09 1.60054e-09 5.41789e-14 1.22964e-13 1.9984e-14 6.66134e-15 5.32907e-15 8.88178e-16 1.73472e-18 1.73472e-18
threshold=9.5000000000000018 0.28348214285466261 0.24999999999583336 0.79999999998800009 3.0115197416844146 0.74342105262026503 4.4059358835552418 13.000000000000002 10.000000000000002 34.500000000000007 43.500000000000007 0.24333193687990043 37.000000000000007 0.9166666666097224 1.2792207792207795 0.099999999999250008 35.500000000000007 99.998666522018439 5.5219047619047625 5.0818713450292403
decision_type=2 2 2 2 2 2 2 2 2 2 2 2 2 2 2 2 2 2 2 2
left_child=1 3 7 4 -1 -6 -7 8 10 -9 -3 -11 13 18 15 -14 -17 -18 19 -2
right_child=12 2 -4 -5 5 6 -8 9 -10 11 -12 -13 14 -15 -16 16 17 -19 -20 -21
leaf_value=0.041628213522070537 -0.050005499558414414 0.05005317608043202 -0.050089348826172581 -0.00067083368507281317 -0.04980735036615664 -0.05009965495868194 0.012653296699596826 0.050126508157496474 -0.050021495918657316 0.050003133302478998 0.050003085859011878 0.050060661698706724 -0.050005558282083799 -0.050005226846247135 -0.050005589561192748 -0.050005453600167109 -0.050005484867722119 -0.050005495875394546 -0.050005499278539138 -0.050005501324541068
leaf_weight=0.11425004899501789 0.0043862994061786287 0.0095487084472548611 0.003628213904448895 3.7524447485338897 0.047183343493088614 0.030461330665275455 0.084787200859864242 0.010069414041936287 0.0015580952167510978 1.1899589023123549 0.036123738427704666 0.0012102747568861752 0.0044347315852072402 0.0061288556462386614 0.0056697046238695084 0.006901192740770389 0.017683324855170546 2.1510764190898044 0.0041880614007823178 0.0039886454178486019
leaf_count=9 22 9 2 30 22 12 271 4 2 19253 586 1 22 33 28 35 89 10789 21 20
internal_value=-0.00650682 0.0116501 0.0495901 -0.000140125 0.0070575 -0.0172586 -0.00393293 0.0498797 0.0467135 0.0500042 0.0500136 0.0500032 -0.0500055 -0.0500054 -0.0500055 -0.0500055 -0.0500055 -0.0500055 -0.0500055 -0.0500055
internal_weight=7.48568 5.28122 1.2521 4.02913 0.276682 0.162432 0.115249 1.24847 0.0472305 1.20124 0.0456724 1.19117 2.20446 0.0186919 2.18577 2.1801 2.17566 2.16876 0.012563 0.00837494
internal_count=31260 20201 19857 344 314 305 283 19855 597 19258 595 19254 11059 96 10963 10935 10913 10878 63 42
is_linear=0
shrinkage=0.05


Tree=174
num_leaves=15
num_cat=0
split_feature=26 20 2 42 17 25 26 16 40 19 42 18 15 2
split_gain=2.24272 0.910066 0.0150101 0.0137282 0.000426361 0.00961216 8.44157e-05 4.88498e-14 1.04017e-13 1.59872e-14 6.21725e-15 5.32907e-15 1.68442e-14 6.93889e-18
threshold=9.5000000000000018 1.5000000000000002 6.1929280397022337 0.24999999999583336 20.500000000000004 1.0000000180025095e-35 7.5000000000000009 37.000000000000007 0.9166666666097224 1.2792207792207795 0.099999999999250008 99.998666522018439 108.50000000000001 5.0818713450292403
decision_type=2 2 2 2 2 2 2 2 2 2 2 2 2 2
left_child=1 -1 -3 4 5 -4 -6 8 13 10 -9 12 -12 -2
right_child=7 2 3 -5 6 -7 -8 9 -10 -11 11 -13 -14 -15
leaf_value=-0.00028030211512454229 -0.050005229050825745 -0.042663414408748129 0.050003326544368724 -0.050084986589191263 0.050004335220058926 -0.050023748091961334 0.041699950128116683 -0.050005288884385227 -0.050004972756176637 -0.05000531677861321 -0.050005109509538286 -0.050005228992839171 -0.050005227625599537 -0.050005231079732419
leaf_weight=4.0002826171694323 0.004172398999799376 0.0044350305615806765 0.053544614140264124 0.0034515569423093631 1.1464939147008404 0.0025145278777927152 0.003068378289754147 0.0042184692865711018 0.0058299767842981956 0.0053932185255688428 0.0038603300927210196 2.0518612614687299 0.0138418723072391 0.0077779649727744982
leaf_count=84 22 9 875 2 19196 3 32 22 33 28 21 10819 73 41
internal_value=-0.00633764 0.0112252 0.0491527 0.0494895 0.0497745 0.0455166 0.0499822 -0.0500052 -0.0500051 -0.0500052 -0.0500052 -0.0500052 -0.0500052 -0.0500052
internal_weight=7.31075 5.21379 1.21351 1.20907 1.20562 0.0560591 1.14956 2.09696 0.0177803 2.07918 2.07378 2.06956 0.0177022 0.0119504
internal_count=31260 20201 20117 20108 20106 878 19228 11059 96 10963 10935 10913 94 63
is_linear=0
shrinkage=0.05


Tree=175
num_leaves=15
num_cat=0
split_feature=26 20 2 42 17 25 26 16 40 19 42 17 18 2
split_gain=2.12692 0.875043 0.0142875 0.013058 0.000405179 0.00914333 9.49724e-05 4.13003e-14 8.98483e-14 1.5099e-14 5.55112e-15 4.21885e-15 4.44089e-16 8.67362e-18
threshold=9.5000000000000018 1.5000000000000002 6.1929280397022337 0.24999999999583336 20.500000000000004 1.0000000180025095e-35 7.5000000000000009 37.000000000000007 0.9166666666097224 1.2792207792207795 0.099999999999250008 35.500000000000007 99.998666522018439 5.0818713450292403
decision_type=2 2 2 2 2 2 2 2 2 2 2 2 2 2
left_child=1 -1 -3 4 5 -4 -6 8 13 10 -9 -12 -13 -2
right_child=7 2 3 -5 6 -7 -8 9 -10 -11 11 12 -14 -15
leaf_value=-0.00026625623752824532 -0.050004972818875351 -0.042055020771375656 0.050003164860520366 -0.050080834007632996 0.050004126102851071 -0.050022592472033091 0.041042334984335273 -0.050005029841128937 -0.050004729389932306 -0.050005059061507984 -0.050004931485551109 -0.050004963260293668 -0.050004972788847982 -0.050004975980617421
leaf_weight=4.0006965732027311 0.0039689285040366284 0.0042782406526383756 0.05093337317157387 0.0032834877638380213 1.0905832242278843 0.0023919468512758604 0.002964330378745327 0.0040127522661347328 0.0055456717964261762 0.0051302140345798044 0.006244520569452904 0.0160006966034415 1.9463942822330862 0.007398665853543207
leaf_count=84 22 9 875 2 19196 3 32 22 33 28 35 89 10789 41
internal_value=-0.00616403 0.0107995 0.049148 0.0494872 0.0497723 0.0455164 0.0499798 -0.050005 -0.0500049 -0.050005 -0.050005 -0.050005 -0.050005 -0.050005
internal_weight=7.14983 5.15513 1.15443 1.15016 1.14687 0.0533253 1.09355 1.9947 0.0169133 1.97778 1.97265 1.96864 1.96239 0.0113676
internal_count=31260 20201 20117 20108 20106 878 19228 11059 96 10963 10935 10913 10878 63
is_linear=0
shrinkage=0.05


Tree=176
num_leaves=21
num_cat=0
split_feature=26 41 42 43 3 43 3 17 19 15 15 42 16 40 19 42 18 15 16 2
split_gain=2.01732 0.841944 0.0124474 0.00494021 0.0898625 0.0249441 0.0313606 0.000165699 0.00418362 5.25678e-08 6.45514e-09 1.02084e-09 3.68594e-14 7.64666e-14 1.22125e-14 4.44089e-15 3.9968e-15 1.23408e-14 4.44089e-16 5.20417e-18
threshold=9.5000000000000018 0.28348214285466261 0.24999999999583336 0.79999999998800009 3.0115197416844146 0.74342105262026503 4.4059358835552418 13.000000000000002 0.16563217996639348 34.500000000000007 43.500000000000007 0.24333193687990043 37.000000000000007 0.9166666666097224 1.2792207792207795 0.099999999999250008 99.998666522018439 108.50000000000001 187.00000000000003 5.4392857142857158
decision_type=2 2 2 2 2 2 2 2 2 2 2 2 2 2 2 2 2 2 2 2
left_child=1 3 7 4 -1 -6 -7 8 10 -9 -3 -11 13 19 15 -14 17 -17 -18 -2
right_child=12 2 -4 -5 5 6 -8 9 -10 11 -12 -13 14 -15 -16 16 18 -19 -20 -21
leaf_value=0.040781566887567351 -0.050004731119577754 0.050050609079175468 -0.05007688696147386 -0.00060926937868438253 -0.049794772458256781 -0.050094744100167635 0.010510414536342653 0.050120385989182531 -0.031177234199864873 0.050002693918276567 0.050002651505207045 0.050052209490387405 -0.050004784473635468 -0.050004499725131303 -0.050004810447957182 -0.050004623446070623 -0.050004731638498182 -0.050004729722450042 -0.050004731550247428 -0.050004733425058269
leaf_weight=0.11095111165195692 0.0070367850712499402 0.0090884272940453537 0.0031235901260516776 3.7542534795938991 0.04447770331898937 0.028962679556570947 0.081160772606381215 0.0095846876502035938 0.0016524005259270771 1.0242574830372173 0.030780958484683651 0.0010419730097056537 0.0038170664047353356 0.005275229792459867 0.0048800340009621515 0.0034930039691970496 1.8523289298173036 0.012524765392299742 0.0042900245025522246 0.0037764562439406291
leaf_count=9 41 9 2 30 22 12 271 4 7 19253 581 1 22 33 28 21 10794 73 25 22
internal_value=-0.00599149 0.0103855 0.0495904 -0.00014309 0.00644754 -0.0181926 -0.00542886 0.0498796 0.0467825 0.0500038 0.0500136 0.0500027 -0.0500047 -0.0500047 -0.0500047 -0.0500047 -0.0500047 -0.0500047 -0.0500047 -0.0500047
internal_weight=6.99676 5.09934 1.07953 4.01981 0.265552 0.154601 0.110123 1.07641 0.0415218 1.03488 0.0398694 1.0253 1.89742 0.0160885 1.88133 1.87645 1.87264 0.0160178 1.85662 0.0108132
internal_count=31260 20201 19857 344 314 305 283 19855 597 19258 590 19254 11059 96 10963 10935 10913 94 10819 63
is_linear=0
shrinkage=0.05


Tree=177
num_leaves=16
num_cat=0
split_feature=26 20 2 42 17 25 26 16 40 19 42 18 15 2 42
split_gain=1.91368 0.809111 0.0128831 0.0118143 0.000369867 0.00836699 0.000101436 3.10862e-14 6.66966e-14 9.99201e-15 3.9968e-15 3.55271e-15 1.04881e-14 2.22045e-16 6.93889e-18
threshold=9.5000000000000018 1.5000000000000002 6.1929280397022337 0.24999999999583336 20.500000000000004 1.0000000180025095e-35 7.5000000000000009 37.000000000000007 0.9166666666097224 1.2792207792207795 0.099999999999250008 99.998666522018439 108.50000000000001 7.7550000000000008 0.15761869709193832
decision_type=2 2 2 2 2 2 2 2 2 2 2 2 2 2 2
left_child=1 -1 -3 4 5 -4 -6 8 14 10 -9 12 -12 -13 -2
right_child=7 2 3 -5 6 -7 -8 9 -10 -11 11 13 -14 -15 -16
leaf_value=-0.00025680471430863624 -0.050004504891580474 -0.041002941466683131 0.050002899059059316 -0.050073130586597549 0.050003826809006495 -0.050020610601924025 0.040347624249168608 -0.050004553231803507 -0.050004280772288273 -0.050004574929190429 -0.050004398864841232 -0.050004501745796043 -0.050004499327179854 -0.05000450062402343 -0.050004502171678927
leaf_weight=3.9947884594075731 0.0035923583491238587 0.0039485781599067895 0.046649508192785571 0.0029714681004407986 0.98750828556876513 0.002188866084907203 0.0027272039224044411 0.0036309222923588394 0.0050179753015981996 0.0046420532744378953 0.0033226625819223763 1.7608557950443351 0.011913979120436125 0.0052226048865123822 0.0066935610957443714
leaf_count=84 22 9 875 2 19196 3 32 22 33 28 21 10787 73 32 41
internal_value=-0.00582513 0.00999364 0.0491415 0.049483 0.0497677 0.04552 0.0499772 -0.0500045 -0.0500044 -0.0500045 -0.0500045 -0.0500045 -0.0500045 -0.0500045 -0.0500045
internal_weight=6.84567 5.04078 1.04599 1.04205 1.03907 0.0488384 0.990235 1.80489 0.0153039 1.78959 1.78495 1.78132 0.0152366 1.76608 0.0102859
internal_count=31260 20201 20117 20108 20106 878 19228 11059 96 10963 10935 10913 94 10819 63
is_linear=0
shrinkage=0.05


Tree=178
num_leaves=22
num_cat=0
split_feature=26 41 42 43 3 43 3 17 40 15 15 42 16 40 19 18 15 42 13 2 7
split_gain=1.81543 0.777668 0.0112623 0.00423522 0.0850808 0.0231307 0.0288004 0.000153703 0.0038489 4.53526e-08 5.52612e-09 7.25711e-10 2.90878e-14 5.60507e-14 8.65974e-15 3.55271e-15 8.85229e-15 3.33067e-15 2.22045e-16 1.04083e-17 6.93889e-18
threshold=9.5000000000000018 0.28348214285466261 0.24999999999583336 0.79999999998800009 3.0115197416844146 0.74342105262026503 4.4059358835552418 13.000000000000002 0.9166666666097224 34.500000000000007 43.500000000000007 0.24048192771031504 37.000000000000007 0.9166666666097224 1.2792207792207795 99.998666522018439 108.50000000000001 0.099999999999250008 5.8357118587451895 5.0818713450292403 7.6306818181818192
decision_type=2 2 2 2 2 2 2 2 2 2 2 2 2 2 2 2 2 2 2 2 2
left_child=1 3 7 4 -1 -6 -7 8 10 -9 -3 -11 13 19 15 16 -14 -17 -19 -2 -18
right_child=12 2 -4 -5 5 6 -8 9 -10 11 -12 -13 14 -15 -16 17 20 18 -20 -21 -22
leaf_value=0.039901901628040748 -0.050004278077459267 0.05004815092621482 -0.050069561304490286 -0.00056557020282265596 -0.049764167052646795 -0.050090100896037465 0.0092416235859730574 0.050114528658810414 -0.031024355564807288 0.05000242541935656 0.050002398357870181 0.050034738432895645 -0.050004184340958761 -0.050004071444229706 -0.050004351558427668 -0.050004332473215909 -0.050004278020263637 -0.050004282698089646 -0.050004282749153042 -0.050004281704490373 -0.050004280703407712
leaf_weight=0.10784248821437348 0.0034161345975006752 0.008647811715491005 0.002826744384947232 3.7555337915255222 0.042155204726441298 0.027545580989681184 0.079439305802225135 0.0091206114739179611 0.0015264730536728157 0.92601473586182692 0.027867492099176161 0.0017408629064448169 0.0031606277916577117 0.0047732651219121189 0.0044156769872644155 0.0034538550244177504 0.0072971828485606238 1.6732759618171253 0.0066770122502931564 0.0063681767787784338 0.0040357932011829689
leaf_count=9 22 9 2 30 22 12 271 4 7 19251 581 3 21 33 28 22 47 10776 43 41 26
internal_value=-0.0056553 0.00960274 0.0495881 -0.000140642 0.00606924 -0.018395 -0.00603462 0.0498771 0.0467615 0.0500036 0.0500132 0.0500025 -0.0500043 -0.0500042 -0.0500043 -0.0500043 -0.0500043 -0.0500043 -0.0500043 -0.0500043 -0.0500043
internal_weight=6.70713 4.99026 0.977745 4.01252 0.256983 0.14914 0.106985 0.974918 0.0380418 0.936876 0.0365153 0.927756 1.71687 0.0145576 1.70232 1.6979 0.0144936 1.68341 1.67995 0.00978431 0.011333
internal_count=31260 20201 19857 344 314 305 283 19855 597 19258 590 19254 11059 96 10963 10935 94 10841 10819 63 73
is_linear=0
shrinkage=0.05


Tree=179
num_leaves=17
num_cat=0
split_feature=26 20 2 42 17 25 26 16 40 19 18 15 42 3 3 18
split_gain=1.7225 0.747058 0.0116141 0.010689 0.000337477 0.00765818 0.000108072 2.4869e-14 4.87822e-14 7.32747e-15 2.66454e-15 7.65533e-15 2.44249e-15 4.44089e-16 1.04083e-17 3.46945e-18
threshold=9.5000000000000018 1.5000000000000002 6.1929280397022337 0.24999999999583336 20.500000000000004 1.0000000180025095e-35 7.5000000000000009 37.000000000000007 0.9166666666097224 1.2792207792207795 99.998666522018439 108.50000000000001 0.099999999999250008 5.4542659946183809 4.454582442950568 107.14637853516389
decision_type=2 2 2 2 2 2 2 2 2 2 2 2 2 2 2 2
left_child=1 -1 -3 4 5 -4 -6 8 15 10 11 -9 -12 -14 -13 -2
right_child=7 2 3 -5 6 -7 -8 9 -10 -11 12 14 13 -15 -16 -17
leaf_value=-0.00024786029383872161 -0.050004073083334648 -0.039849653405247792 0.050002657302229137 -0.050066165356372788 0.05000356049499402 -0.050018807011361389 0.039617942662853838 -0.050003980548398254 -0.050003872428646595 -0.050004140898187222 -0.050004116533331769 -0.050004069873926894 -0.050004073703907338 -0.050004073486820025 -0.05000407317114669 -0.0500040710435736
leaf_weight=3.9891985616486636 0.0059090713766635217 0.0036528002528938277 0.04275699637219077 0.0026890602457569903 0.89422165900396067 0.0020033921464346341 0.0025119157071458167 0.0030064940438020446 0.0045404878765111798 0.0042003391135950743 0.0032854221935848518 0.0078287795913638547 1.5949254582665158 0.0031016917200760155 0.0029515245696529755 0.0033980914013227448
leaf_count=84 40 9 875 2 19196 3 32 21 33 28 22 53 10798 21 20 23
internal_value=-0.0054917 0.00923279 0.0491344 0.0494787 0.049763 0.0455259 0.0499745 -0.0500041 -0.050004 -0.0500041 -0.0500041 -0.0500041 -0.0500041 -0.0500041 -0.0500041 -0.0500041
internal_weight=6.57018 4.93703 0.947836 0.944183 0.941494 0.0447604 0.896734 1.63315 0.0138477 1.6193 1.6151 0.0137868 1.60131 1.59803 0.0107803 0.00930716
internal_count=31260 20201 20117 20108 20106 878 19228 11059 96 10963 10935 94 10841 10819 73 63
is_linear=0
shrinkage=0.05


Tree=180
num_leaves=20
num_cat=0
split_feature=26 41 42 43 3 43 3 17 17 15 15 42 16 40 19 42 17 3 18
split_gain=1.63439 0.717265 0.01019 0.0036138 0.0804641 0.0214895 0.0271997 0.000142551 0.00441496 3.9125e-08 4.73647e-09 5.37597e-10 2.02061e-14 4.20219e-14 6.88338e-15 2.66454e-15 2.22045e-15 2.22045e-16 1.73472e-18
threshold=9.5000000000000018 0.28348214285466261 0.24999999999583336 0.79999999998800009 3.0115197416844146 0.74342105262026503 4.6269554586177764 13.000000000000002 10.000000000000002 34.500000000000007 43.500000000000007 0.24048192771031504 37.000000000000007 0.9166666666097224 1.2792207792207795 0.099999999999250008 35.500000000000007 5.3945332686088072 104.00411295397187
decision_type=2 2 2 2 2 2 2 2 2 2 2 2 2 2 2 2 2 2 2
left_child=1 3 7 4 -1 -6 -7 8 10 -9 -3 -11 13 18 15 -14 -17 -18 -2
right_child=12 2 -4 -5 5 6 -8 9 -10 11 -12 -13 14 -15 -16 16 17 -19 -20
leaf_value=0.038996287094854802 -0.050003873190010976 0.050045810476163161 -0.05006293350386927 -0.00052452627843807868 -0.049732937484534549 -0.018136150422758433 0.050045808388229279 0.050108956261569526 -0.050015730867174084 0.050002192914077495 0.05000218239669877 0.050031428931914805 -0.050003917820122049 -0.050003683495844123 -0.050003938721441835 -0.050003840443267847 -0.050003873407806869 -0.050003873048615914 -0.050003874063067291
leaf_weight=0.10493825422599901 0.0033727377740432329 0.0082284650416112326 0.0025580740912118918 3.7567365803406574 0.039965874879271723 0.086440306389704347 0.017606705660000443 0.0086788805201649666 0.0011404076358303419 0.8379179085168289 0.025500062929495471 0.0015753458137623957 0.0031252025510181127 0.0043190614960622051 0.0039955018146430312 0.0048633404658174886 1.5225873321323884 0.0057602016895544885 0.0054805436811875552
leaf_count=9 24 9 2 30 22 33 250 4 2 19251 586 3 22 33 28 35 10837 41 39
internal_value=-0.00532531 0.00886489 0.0495859 -0.000137923 0.00569601 -0.018569 -0.00659848 0.0498745 0.0467413 0.0500033 0.0500128 0.0500022 -0.0500039 -0.0500038 -0.0500039 -0.0500039 -0.0500039 -0.0500039 -0.0500039
internal_weight=6.44479 4.89129 0.885599 4.00569 0.248951 0.144013 0.104047 0.883041 0.0348689 0.848172 0.0337285 0.839493 1.5535 0.0131723 1.54033 1.53634 1.53321 1.52835 0.00885328
internal_count=31260 20201 19857 344 314 305 283 19855 597 19258 595 19254 11059 96 10963 10935 10913 10878 63
is_linear=0
shrinkage=0.05


Tree=181
num_leaves=17
num_cat=0
split_feature=26 20 2 42 17 25 26 16 40 19 18 15 42 7 2 2
split_gain=1.55105 0.688779 0.0104687 0.00967131 0.000304961 0.00693026 0.000114846 1.77636e-14 3.65107e-14 5.55112e-15 1.77636e-15 6.02643e-15 1.77636e-15 4.44089e-16 1.73472e-18 1.73472e-18
threshold=9.5000000000000018 1.5000000000000002 6.1929280397022337 0.24999999999583336 20.500000000000004 1.0000000180025095e-35 7.5000000000000009 37.000000000000007 0.9166666666097224 1.2792207792207795 99.998666522018439 108.50000000000001 0.099999999999250008 10.236111111111112 5.5219047619047625 6.5173237753882924
decision_type=2 2 2 2 2 2 2 2 2 2 2 2 2 2 2 2
left_child=1 -1 -3 4 5 -4 -6 8 14 10 11 -9 -12 -14 -2 -13
right_child=7 2 3 -5 6 -7 -8 9 -10 -11 12 15 13 -15 -16 -17
leaf_value=-0.00023793704038232779 -0.050003685094209521 -0.038593591950517619 0.05000241159174143 -0.050059860545494286 0.050003377425578588 -0.050017020684462399 0.038854146814724169 -0.050003600924777215 -0.050003503797858895 -0.050003746665599452 -0.050003725605127891 -0.050003685275464976 -0.050003685544556337 -0.050003685292386704 -0.050003686649331913 -0.050003684738701537
leaf_weight=3.9839598629550892 0.005614091976894886 0.0033876129309645666 0.038705324615875725 0.002433461108012124 0.81021770632287371 0.0018130170647054902 0.0023163522128015748 0.0027204082580279962 0.0041084328695433223 0.0038006531976862981 0.0029727956280111148 0.0062811401003273204 1.4432932672934835 0.0026724436320365577 0.0028074407746316865 0.0034733560314634815
leaf_count=84 42 9 875 2 19196 3 32 21 33 28 22 47 10799 20 21 26
internal_value=-0.00516485 0.00851729 0.0491292 0.0494765 0.0497605 0.045527 0.0499716 -0.0500037 -0.0500036 -0.0500037 -0.0500037 -0.0500037 -0.0500037 -0.0500037 -0.0500037 -0.0500037
internal_weight=6.32058 4.84283 0.858873 0.855486 0.853052 0.0405183 0.812534 1.47774 0.01253 1.46521 1.46141 0.0124749 1.44894 1.44597 0.00842153 0.0097545
internal_count=31260 20201 20117 20108 20106 878 19228 11059 96 10963 10935 94 10841 10819 63 73
is_linear=0
shrinkage=0.05


Tree=182
num_leaves=20
num_cat=0
split_feature=26 41 42 43 3 43 3 17 19 15 15 42 16 40 19 42 17 2 2
split_gain=1.472 0.66068 0.00922026 0.00307923 0.0759664 0.0200243 0.0254861 0.000127377 0.00319091 3.37509e-08 4.03919e-09 3.98366e-10 1.39888e-14 2.94573e-14 5.55112e-15 1.77636e-15 1.11022e-15 2.22045e-16 6.93889e-18
threshold=9.5000000000000018 0.28348214285466261 0.24999999999583336 0.79999999998800009 3.0115197416844146 0.74342105262026503 4.4059358835552418 13.000000000000002 0.16563217996639348 34.500000000000007 43.500000000000007 0.24048192771031504 37.000000000000007 0.9166666666097224 1.2792207792207795 0.099999999999250008 35.500000000000007 7.8516483516483531 5.4392857142857158
decision_type=2 2 2 2 2 2 2 2 2 2 2 2 2 2 2 2 2 2 2
left_child=1 3 7 4 -1 -6 -7 8 10 -9 -3 -11 13 18 15 -14 -17 -18 -2
right_child=12 2 -4 -5 5 6 -8 9 -10 11 -12 -13 14 -15 -16 16 17 -19 -20
leaf_value=0.038066386613500584 -0.050003502104464283 0.050043586465391303 -0.050056939138681401 -0.00048604659824580436 -0.04970102292550533 -0.050084128146854562 0.0075380030660479299 0.050103660494282637 -0.030502941580038079 0.050001983036653465 0.050001966797879452 0.050028439240171335 -0.050003543008733477 -0.050003335742768044 -0.050003564414284274 -0.050003475974189505 -0.050003502474964504 -0.050003502146024337 -0.050003505170079413
leaf_weight=0.1022289423272017 0.0052131034317425273 0.0078293582773766301 0.0023149114713305599 3.757864507380873 0.037901339775999077 0.025722568621858954 0.075555260213150177 0.0082584181800484657 0.0012820054107578463 0.75820351160655264 0.022823402912763413 0.0014255527057684949 0.0028278207464605956 0.0039080750866560274 0.0036153060354991986 0.004400563644594401 1.3803739042414231 0.0025421160680708646 0.0027977346035186201
leaf_count=9 41 9 2 30 22 12 271 4 7 19251 581 3 22 33 28 35 10858 20 22
internal_value=-0.00500259 0.00817204 0.0495861 -0.0001344 0.00533948 -0.0186989 -0.00709688 0.0498744 0.0467803 0.0500031 0.0500126 0.050002 -0.0500035 -0.0500034 -0.0500035 -0.0500035 -0.0500035 -0.0500035 -0.0500035
internal_weight=6.20709 4.80141 0.802137 3.99927 0.241408 0.139179 0.101278 0.799822 0.0319348 0.767887 0.0306528 0.759629 1.40568 0.0119189 1.39376 1.39014 1.38732 1.38292 0.00801084
internal_count=31260 20201 19857 344 314 305 283 19855 597 19258 590 19254 11059 96 10963 10935 10913 10878 63
is_linear=0
shrinkage=0.05


Tree=183
num_leaves=16
num_cat=0
split_feature=26 20 42 2 17 25 26 16 40 19 42 18 15 2 2
split_gain=1.39717 0.634256 0.00947489 0.0087235 0.000278159 0.00634599 0.000121716 1.26565e-14 2.7197e-14 4.44089e-15 1.55431e-15 1.33227e-15 4.08527e-15 2.22045e-16 4.33681e-18
threshold=9.5000000000000018 1.5000000000000002 0.24999999999583336 6.1929280397022337 20.500000000000004 1.0000000180025095e-35 7.5000000000000009 37.000000000000007 0.9166666666097224 1.2792207792207795 0.099999999999250008 99.998666522018439 108.50000000000001 7.7550000000000008 5.0818713450292403
decision_type=2 2 2 2 2 2 2 2 2 2 2 2 2 2 2
left_child=1 -1 3 -3 5 -5 -6 8 14 10 -9 12 -12 -13 -2
right_child=7 2 -4 4 6 -7 -8 9 -10 -11 11 13 -14 -15 -16
leaf_value=-0.00022974076732437611 -0.050003333137580021 -0.0363743918710124 -0.050049895707961624 0.050002218922400088 0.050003160849913846 -0.050015540026952458 0.03805747930192168 -0.050003373553990198 -0.050003169724677159 -0.050003390230887103 -0.05000325971343958 -0.050003333112958494 -0.05000333255965296 -0.050003333342546141 -0.050003335525490106
leaf_weight=3.9789230133028468 0.0026605373714118086 0.0029510717213269136 0.0024010683991946271 0.035509324861777714 0.73376815106530557 0.0016600766102783373 0.0021386008011177174 0.0026899152435359 0.0037174879544181749 0.0034389971697238444 0.0024615433721918442 1.3045037723786659 0.0088262936187675223 0.0038690888904967516 0.0049596326061873697
leaf_count=84 22 7 4 875 19196 3 32 22 33 28 21 10787 73 32 41
internal_value=-0.00484665 0.00784533 0.0491209 0.0494278 0.0497553 0.0455352 0.0499684 -0.0500033 -0.0500033 -0.0500033 -0.0500033 -0.0500033 -0.0500033 -0.0500033 -0.0500033
internal_weight=6.09448 4.75735 0.778428 0.776027 0.773076 0.0371694 0.735907 1.33713 0.0113377 1.32579 1.32235 1.31966 0.0112878 1.30837 0.00762017
internal_count=31260 20201 20117 20113 20106 878 19228 11059 96 10963 10935 10913 94 10819 63
is_linear=0
shrinkage=0.05


Tree=184
num_leaves=17
num_cat=0
split_feature=26 20 2 42 26 17 16 40 19 18 15 42 2 3 42 18
split_gain=1.32621 0.607794 0.00906494 0.00831498 0.000486783 0.00027012 1.13243e-14 2.34569e-14 3.77476e-15 1.33227e-15 3.68455e-15 1.11022e-15 2.22045e-16 1.73472e-17 2.60209e-18 8.67362e-19
threshold=9.5000000000000018 1.5000000000000002 5.9619252873563227 0.24999999999583336 7.5000000000000009 20.500000000000004 37.000000000000007 0.9166666666097224 1.2792207792207795 99.998666522018439 108.50000000000001 0.099999999999250008 7.8516483516483531 4.454582442950568 0.15761869709193832 107.14637853516389
decision_type=2 2 2 2 2 2 2 2 2 2 2 2 2 2 2 2
left_child=1 -1 -3 4 5 -4 7 14 9 10 -8 -11 -13 -12 -2 -16
right_child=6 2 3 -5 -6 -7 8 -9 -10 11 13 12 -14 -15 15 -17
leaf_value=-0.0002182374989430475 -0.050003174159176579 -0.050050294150136336 0.045512765786337485 -0.050051511941271457 0.029673534746229246 0.050003008936120065 -0.050003099468167091 -0.05000301557031827 -0.050003224740244594 -0.050003205847904221 -0.050003171822709018 -0.050003171921615241 -0.050003171386044154 -0.050003166686871471 -0.050003172026192158 -0.050003171643558469
leaf_weight=3.9792599757856806 0.0025315578386652104 0.0022974736129980347 0.035181431620003423 0.0020948487799614659 0.003020397616637637 0.69798390277355793 0.0023414997340293073 0.0035361945847398601 0.0032712858373998835 0.0025587347918188943 0.0060971666025579907 1.2422665024714656 0.0023002166708466767 0.0022986900949035771 0.0024158181695383973 0.0023011769444565289
leaf_count=84 22 4 877 2 38 19196 21 33 28 22 53 10799 20 20 21 20
internal_value=-0.00468913 0.00752226 0.0491134 0.049422 0.049705 0.0497875 -0.0500032 -0.0500031 -0.0500032 -0.0500032 -0.0500032 -0.0500032 -0.0500032 -0.0500032 -0.0500032 -0.0500032
internal_weight=5.99176 4.71984 0.740578 0.738281 0.736186 0.733165 1.27192 0.0107847 1.26113 1.25786 0.0107374 1.24713 1.24457 0.00839586 0.00724855 0.004717
internal_count=31260 20201 20117 20113 20111 20073 11059 96 10963 10935 94 10841 10819 73 63 41
is_linear=0
shrinkage=0.05


Tree=185
num_leaves=22
num_cat=0
split_feature=26 41 42 43 3 43 3 17 40 15 15 42 16 40 19 42 18 15 3 2 2
split_gain=1.25896 0.582968 0.00793353 0.00227076 0.0641344 0.0198536 0.0257937 0.000133352 0.00312021 2.91601e-08 3.4224e-09 2.53909e-10 8.65974e-15 2.02425e-14 3.33067e-15 1.11022e-15 1.11022e-15 2.99934e-15 2.22045e-16 1.73472e-18 8.67362e-19
threshold=9.5000000000000018 0.28348214285466261 0.24999999999583336 0.92857142851530627 3.0115197416844146 0.74342105262026503 3.7577741250320922 13.000000000000002 0.9166666666097224 34.500000000000007 43.500000000000007 0.24048192771031504 37.000000000000007 0.9166666666097224 1.2792207792207795 0.099999999999250008 99.998666522018439 108.50000000000001 5.4542659946183809 5.5219047619047625 5.0818713450292403
decision_type=2 2 2 2 2 2 2 2 2 2 2 2 2 2 2 2 2 2 2 2 2
left_child=1 3 7 4 -1 -6 -7 8 10 -9 -3 -11 13 19 15 -14 17 -17 -18 20 -2
right_child=12 2 -4 -5 5 6 -8 9 -10 11 -12 -13 14 -15 -16 16 18 -19 -20 -21 -22
leaf_value=0.034467009253186985 -0.050003017080346712 0.050041474138246771 -0.050049001681871187 -0.00043705979308147902 -0.049681595571759107 -0.050077079408596264 0.0079855863878298128 0.050098636927588119 -0.031757147969965691 0.050001710645979761 0.05000170464162168 0.050024475805056728 -0.050003050941234875 -0.050002868534884684 -0.050003067157860792 -0.050002949668395739 -0.050003015401869112 -0.050003015276769584 -0.050003015556714873 -0.050003019346023761 -0.050003018075910455
leaf_weight=0.10284831840544972 0.0024073686508926384 0.0074511564453131332 0.001992779267311561 3.7511945767328143 0.035876982947229408 0.025460742006544024 0.076896707054402214 0.0078599313274025917 0.0012189332519483278 0.65265990819170838 0.019744612622162094 0.0012271364685147992 0.0024339512747243433 0.0033637419546721503 0.0031117528924370355 0.0022273099893935786 1.1815742227263395 0.0079864101062412374 0.0022978371271166189 0.0022985679897828959 0.0021891209689783864
leaf_count=10 22 9 2 20 22 17 275 4 7 19251 581 3 22 33 28 21 10798 73 21 21 20
internal_value=-0.00453406 0.00720962 0.0495712 -0.000134756 0.00456903 -0.0176755 -0.00645712 0.0498589 0.0465048 0.0500029 0.0500126 0.0500018 -0.050003 -0.050003 -0.050003 -0.050003 -0.050003 -0.050003 -0.050003 -0.050003 -0.050003
internal_weight=5.89432 4.68443 0.692154 3.99228 0.241083 0.138234 0.102357 0.690162 0.0284147 0.661747 0.0271958 0.653887 1.20989 0.0102588 1.19963 1.19652 1.19409 0.0102137 1.18387 0.00689506 0.00459649
internal_count=31260 20201 19857 344 324 314 292 19855 597 19258 590 19254 11059 96 10963 10935 10913 94 10819 63 42
is_linear=0
shrinkage=0.05


Tree=186
num_leaves=25
num_cat=0
split_feature=26 43 19 19 26 27 3 0 0 13 3 15 3 26 16 40 19 18 15 42 2 2 18 2
split_gain=1.19527 0.559088 0.0382833 0.0787931 0.00748911 0.0419166 0.0214347 9.9787e-05 4.45893e-08 2.51106e-08 3.63605e-09 3.29527e-09 2.60382e-12 7.97695e-13 9.32587e-15 1.72813e-14 2.44249e-15 1.33227e-15 2.85015e-15 6.66134e-16 2.22045e-16 2.60209e-18 1.73472e-18 8.67362e-19
threshold=9.5000000000000018 0.66666666665000007 1.3205128205128207 0.73508771929824568 3.5000000000000004 4.5000000000000009 4.4059358835552418 9.0000000000000018 9.0000000000000018 -1.0000000180025095e-35 4.2049666448124006 43.500000000000007 4.8225345054328121 7.5000000000000009 37.000000000000007 0.9166666666097224 1.2792207792207795 99.998666522018439 108.50000000000001 0.099999999999250008 7.7550000000000008 5.0818713450292403 105.0004199468918 6.2679487179487188
decision_type=2 2 2 2 2 2 2 2 2 2 2 2 2 2 2 2 2 2 2 2 2 2 2 2
left_child=1 2 3 8 -3 6 -6 -4 -1 -9 -7 -10 -12 -11 15 21 17 18 -16 -19 -21 -2 -23 -20
right_child=14 4 7 -5 5 10 -8 9 11 13 12 -13 -14 -15 16 -17 -18 19 23 20 -22 22 -24 -25
leaf_value=0.050124657349489878 -0.050002869438233358 -0.00034499742111927003 0.05196401314412611 -0.049025532778577657 -0.050089208911294016 0.050057984888997736 -0.0052260330052322128 0.050093816686630183 0.050039452556639635 0.050001608546279212 0.050002795084059463 0.050002462460254221 0.05000160897030273 0.050002701494583836 -0.050002803664187925 -0.050002728968113412 -0.050002917389091017 -0.050002903465834719 -0.05000286929605699 -0.050002872872552312 -0.050002870347120858 -0.050002872178355556 -0.050002870540395518 -0.050002869183316416
leaf_weight=0.0099230622872710228 0.0022899664472787462 3.7570446957834069 0.072734288871287966 0.030991934516350739 0.048531376363825873 0.003470783354714512 0.058981229107303079 0.0074772993102666377 0.0070880386047064139 0.58958936837007125 0.010335714076063596 0.03999056424072478 0.0083772282232530415 0.0016740257160563479 0.0021186887461223103 0.0031996990510378964 0.0029599994959427214 0.0023152527282944693 0.0029143935898900963 1.1228069303979278 0.003330185812956298 0.0021864516020286828 0.0020823824452236295 0.004682536527980119
leaf_count=4 22 22 2 21 30 3 51 4 9 18347 250 1167 260 31 21 33 28 22 28 10787 32 21 20 45
internal_value=-0.00438546 0.00691417 0.0461514 0.0151409 -0.000752784 -0.0125656 -0.0254773 0.0502152 0.0500283 0.0500028 0.050011 0.050008 0.0500023 0.0500016 -0.0500029 -0.0500028 -0.0500029 -0.0500029 -0.0500029 -0.0500029 -0.0500029 -0.0500029 -0.0500029 -0.0500029
internal_weight=5.7971 4.64621 0.759469 0.0879936 3.88674 0.129696 0.107513 0.671475 0.0570017 0.598741 0.0221837 0.0470786 0.0187129 0.591263 1.15089 0.0097585 1.14113 1.13817 0.00971562 1.12845 1.12614 0.0065588 0.00426883 0.00759693
internal_count=31260 20201 19585 1201 616 594 81 18384 1180 18382 513 1176 510 18378 11059 96 10963 10935 94 10841 10819 63 41 73
is_linear=0
shrinkage=0.05


Tree=187
num_leaves=16
num_cat=0
split_feature=26 20 2 42 26 17 16 40 19 18 15 42 2 3 2
split_gain=1.13495 0.535396 0.00780084 0.00715971 0.000470283 0.000281233 7.10543e-15 1.49689e-14 2.44249e-15 8.88178e-16 2.36096e-15 8.88178e-16 2.22045e-16 9.54098e-18 8.67362e-19
threshold=9.5000000000000018 1.5000000000000002 5.9619252873563227 0.24999999999583336 7.5000000000000009 20.500000000000004 37.000000000000007 0.9166666666097224 1.2792207792207795 99.998666522018439 108.50000000000001 0.099999999999250008 7.8516483516483531 4.454582442950568 5.5219047619047625
decision_type=2 2 2 2 2 2 2 2 2 2 2 2 2 2 2
left_child=1 -1 -3 4 5 -4 7 14 9 10 -8 -11 -13 -12 -2
right_child=6 2 3 -5 -6 -7 8 -9 -10 11 13 12 -14 -15 -16
leaf_value=-0.00021076000842416484 -0.050002729862341694 -0.050043292394207843 0.045120508552661767 -0.05004437798209567 0.028923679823982341 0.050002808313869489 -0.050002667609251122 -0.050002594922829019 -0.050002775728388828 -0.050002761592609836 -0.050002729840052641 -0.050002729928286041 -0.05000272908325018 -0.050002726114968171 -0.050002730790329866
leaf_weight=3.966780438371643 0.0041590991022529833 0.0019785342192334401 0.031014945281640394 0.0018051442020805544 0.0027187348496227051 0.60210923730119248 0.0020153645236856699 0.0030436558081419207 0.0028156464613858781 0.0022023425553924217 0.0052479253063211218 1.069237921343301 0.0019798318971880882 0.001978517924726475 0.0020798420155188069
leaf_count=84 42 4 877 2 38 19196 21 33 28 22 53 10799 20 20 21
internal_value=-0.00424144 0.0066342 0.0490847 0.0493922 0.0496745 0.0497636 -0.0500027 -0.0500027 -0.0500027 -0.0500027 -0.0500027 -0.0500027 -0.0500027 -0.0500027 -0.0500027
internal_weight=5.70117 4.60641 0.639627 0.637648 0.635843 0.633124 1.09476 0.0092826 1.08548 1.08266 0.00924181 1.07342 1.07122 0.00722644 0.00623894
internal_count=31260 20201 20117 20113 20111 20073 11059 96 10963 10935 94 10841 10819 73 63
is_linear=0
shrinkage=0.05


Tree=188
num_leaves=22
num_cat=0
split_feature=26 43 19 19 26 27 3 0 0 13 3 15 3 26 16 40 19 17 42 2 18
split_gain=1.07768 0.513285 0.0371403 0.0740189 0.00776174 0.0385738 0.0203074 8.52784e-05 3.80284e-08 2.16471e-08 3.11783e-09 2.83463e-09 2.05567e-12 6.6458e-13 5.55112e-15 1.2863e-14 2.44249e-15 4.44089e-16 6.66134e-16 2.22045e-16 3.46945e-18
threshold=9.5000000000000018 0.66666666665000007 1.3205128205128207 0.73508771929824568 3.5000000000000004 4.5000000000000009 4.4059358835552418 9.0000000000000018 9.0000000000000018 -1.0000000180025095e-35 4.2049666448124006 43.500000000000007 4.8225345054328121 7.5000000000000009 37.000000000000007 0.9166666666097224 1.2792207792207795 35.500000000000007 0.099999999999250008 7.7550000000000008 105.99981656585696
decision_type=2 2 2 2 2 2 2 2 2 2 2 2 2 2 2 2 2 2 2 2 2
left_child=1 2 3 8 -3 6 -6 -4 -1 -9 -7 -10 -12 -11 15 20 17 -16 -19 -20 -2
right_child=14 4 7 -5 5 10 -8 9 11 13 12 -13 -14 -15 16 -17 -18 18 19 -21 -22
leaf_value=0.050118587632437941 -0.050002598601687931 -0.00031714048799027182 0.051864959080299783 -0.048956501729093049 -0.050084824285326048 0.050055162115371615 -0.0056544015577726725 0.050089250996521811 0.050037534492381998 0.05000145534901812 0.050002570289191632 0.050002230915540381 0.050001465290247571 0.050002493213978642 -0.050002576736677608 -0.050002469112230399 -0.050002639991377433 -0.050002624505647034 -0.050002595623789961 -0.050002595354504402 -0.050002596411908122
leaf_weight=0.0094422083348035812 0.0033911607388289466 3.7578576803207402 0.069329872727393771 0.029521809752623085 0.046070610947935964 0.003302387776784598 0.058214955897710752 0.0071147554554041861 0.0067440228885969891 0.53348344856203833 0.0094065848243189976 0.036239089633454569 0.007617138617206364 0.0015469932041014536 0.0034504326540624177 0.0028952221036888659 0.0026783328212333082 0.0019045807130168005 1.0214941879894464 0.0030132927786327137 0.0025435189454583451
leaf_count=4 36 22 2 21 30 3 51 4 9 18347 250 1167 260 31 37 33 28 20 10846 32 27
internal_value=-0.00409473 0.00635287 0.0459776 0.0143682 -0.000724244 -0.0130011 -0.0252826 0.0502138 0.0500277 0.0500026 0.0500107 0.0500078 0.0500021 0.0500015 -0.0500026 -0.0500026 -0.0500026 -0.0500026 -0.0500026 -0.0500026 -0.0500026
internal_weight=5.61726 4.57589 0.693422 0.0819471 3.88247 0.124612 0.104286 0.611475 0.0524253 0.542145 0.0203261 0.0429831 0.0170237 0.53503 1.04137 0.0088299 1.03254 1.02986 1.02641 1.02451 0.00593468
internal_count=31260 20201 19585 1201 616 594 81 18384 1180 18382 513 1176 510 18378 11059 96 10963 10935 10898 10878 63
is_linear=0
shrinkage=0.05


Tree=189
num_leaves=22
num_cat=0
split_feature=26 43 19 19 16 3 3 0 0 26 13 15 26 43 16 40 19 42 17 3 18
split_gain=1.02345 0.49093 0.0353628 0.0703402 0.00497049 0.0378131 0.000208943 7.32409e-05 3.27272e-08 2.64752e-08 1.86303e-08 2.43967e-09 5.79758e-13 2.8991e-13 4.77396e-15 1.09461e-14 1.66533e-15 5.55112e-16 5.55112e-16 2.22045e-16 4.33681e-18
threshold=9.5000000000000018 0.66666666665000007 1.3205128205128207 0.73508771929824568 6.0000000000000009 4.6269554586177764 3.7577741250320922 9.0000000000000018 9.0000000000000018 3.5000000000000004 -1.0000000180025095e-35 43.500000000000007 7.5000000000000009 0.71008403360626737 37.000000000000007 0.9166666666097224 1.2792207792207795 0.099999999999250008 35.500000000000007 4.4274813229394923 105.49820308461
decision_type=2 2 2 2 2 2 2 2 2 2 2 2 2 2 2 2 2 2 2 2 2
left_child=1 2 3 8 -3 6 -6 -4 -1 -7 -9 -10 -12 -11 15 20 17 -16 -19 -20 -2
right_child=14 4 7 -5 5 9 -8 10 11 13 12 -13 -14 -15 16 -17 -18 18 19 -21 -22
leaf_value=0.050112792778851223 -0.050002472249654387 -0.00036134926793083855 0.051770691999927669 -0.048828136152034567 -0.025076881796411377 0.050131123554320083 -0.020600857191110211 0.050084888796599496 0.05003570302878671 0.050001396894875719 0.050001381906284614 0.05000212255503083 0.050002375794391478 0.050001821405628345 -0.050002497767975877 -0.05000234947200663 -0.050002510171608783 -0.050002450082718558 -0.050002468830027826 -0.050002468877377304 -0.05000246985486554
leaf_weight=0.0089827189221978188 0.0028674148852586567 3.7538949802546999 0.066065661609172599 0.028154017418273725 0.053362313694378716 0.0052174171432852736 0.050982107786694542 0.0067683393135664618 0.0064153421553782 0.0074006015820486928 0.50746585576234837 0.034471762097382452 0.0014715488832734982 0.0088091984180209693 0.0019927721878048024 0.0027540268783923239 0.0025477154122199855 0.0031010866005090057 0.69430823938455433 0.28023582923196955 0.0027778410294558853
leaf_count=4 32 50 2 21 29 2 16 4 9 265 18347 1167 31 254 22 33 28 35 7750 3128 31
internal_value=-0.00395613 0.00609193 0.0459642 0.0143558 -0.000688933 -0.0104663 -0.0228899 0.0502033 0.0500264 0.0500332 0.0500025 0.0500074 0.0500014 0.0500016 -0.0500025 -0.0500024 -0.0500025 -0.0500025 -0.0500025 -0.0500025 -0.0500025
internal_weight=5.53005 4.53946 0.659795 0.0780238 3.87967 0.125772 0.104344 0.581771 0.0498698 0.0214272 0.515706 0.0408871 0.508937 0.0162098 0.990585 0.00839928 0.982186 0.979638 0.977645 0.974544 0.00564526
internal_count=31260 20201 19585 1201 616 566 45 18384 1180 521 18382 1176 18378 519 11059 96 10963 10935 10913 10878 63
is_linear=0
shrinkage=0.05


Tree=190
num_leaves=16
num_cat=0
split_feature=26 20 2 42 26 17 16 40 19 18 15 42 2 2 2
split_gain=0.972027 0.470211 0.00689347 0.00617276 0.000454839 0.000290234 5.21805e-15 9.30332e-15 1.44329e-15 7.77156e-16 1.52656e-15 4.44089e-16 1.11022e-16 7.80626e-18 8.67362e-19
threshold=9.5000000000000018 1.5000000000000002 5.9619252873563227 0.24999999999583336 7.5000000000000009 20.500000000000004 37.000000000000007 0.9166666666097224 1.2792207792207795 99.998666522018439 108.50000000000001 0.099999999999250008 7.5634920634920642 5.4392857142857158 6.5173237753882924
decision_type=2 2 2 2 2 2 2 2 2 2 2 2 2 2 2
left_child=1 -1 -3 4 5 -4 7 13 9 10 -8 -11 -13 -2 -12
right_child=6 2 3 -5 -6 -7 8 -9 -10 11 14 12 -14 -15 -16
leaf_value=-0.00019904638609345604 -0.050002347777263811 -0.05003845141193311 0.044689152327773457 -0.050038278400935991 0.028129479590745216 0.050002669373512568 -0.050002294482728055 -0.050002234265564438 -0.050002390124705767 -0.050002376715147692 -0.050002347665524353 -0.050002352082152882 -0.050002349348342058 -0.050002351839002826 -0.050002347276692928
leaf_weight=3.9534333972624154 0.0034945264560518607 0.0017497704357082302 0.027036510664402158 0.0015574583158013402 0.0024457389517920083 0.51966591143536789 0.0017346527019981295 0.0026197172555839643 0.0024234676093328735 0.0018955880805151528 0.0040051361138466746 0.9123003667264129 0.0097120715654455125 0.001875419809948653 0.0022147673007566482
leaf_count=84 41 4 877 2 38 19196 21 33 28 22 47 10705 114 22 26
internal_value=-0.00381903 0.00583887 0.0490469 0.0493617 0.0496436 0.0497399 -0.0500024 -0.0500023 -0.0500024 -0.0500024 -0.0500023 -0.0500024 -0.0500024 -0.0500023 -0.0500023
internal_weight=5.44816 4.50589 0.552455 0.550706 0.549148 0.546702 0.942276 0.00798966 0.934286 0.931863 0.00795456 0.923908 0.922012 0.00536995 0.0062199
internal_count=31260 20201 20117 20113 20111 20073 11059 96 10963 10935 94 10841 10819 63 73
is_linear=0
shrinkage=0.05


Tree=191
num_leaves=21
num_cat=0
split_feature=26 43 19 19 43 3 26 26 0 2 13 15 26 16 40 19 42 17 15 2
split_gain=0.923187 0.450038 0.0343031 0.0660826 0.00494409 0.0358445 0.0309388 0.00417637 6.25866e-05 2.79005e-08 1.60591e-08 2.09755e-09 4.84723e-13 3.88578e-15 8.05692e-15 1.33227e-15 3.33067e-16 4.44089e-16 1.11022e-16 1.73472e-18
threshold=9.5000000000000018 0.66666666665000007 1.3205128205128207 0.73508771929824568 0.92857142851530627 3.7577741250320922 4.5000000000000009 7.5000000000000009 9.0000000000000018 7.3218390804597702 -1.0000000180025095e-35 43.500000000000007 7.5000000000000009 37.000000000000007 0.9166666666097224 1.2792207792207795 0.10056179775254007 35.500000000000007 255.00000000000003 5.4392857142857158
decision_type=2 2 2 2 2 2 2 2 2 2 2 2 2 2 2 2 2 2 2 2
left_child=1 2 3 9 5 -3 -7 -8 -4 -1 -10 -11 -12 14 19 16 -15 -18 -19 -2
right_child=13 4 8 -5 -6 6 7 -9 10 11 12 -13 -14 15 -16 -17 17 18 -20 -21
leaf_value=0.050107300159100858 -0.050002234594866503 -0.050083319436925615 0.051681691400873399 -0.048750451418163469 -0.00033878593870980187 -0.016662605356510516 0.05002661577845649 -0.024907253729288533 0.050080759908140683 0.050033966884039285 0.050001250883099771 0.05000192081288303 0.050002195948512795 -0.050002251199839531 -0.050002125304910383 -0.050002273264345726 -0.050002214493005841 -0.050002234804668838 -0.050002234857669081 -0.050002235655176766
leaf_weight=0.0085472371429203831 0.003324103709019143 0.03905948324245434 0.062961205840110557 0.026832459268916864 3.7542503825388849 0.050551920943689765 0.031082267487363424 0.0019777593261096618 0.0064400406554339087 0.0061038824496790758 0.45917466283754083 0.031242268698406406 0.0013609606612590133 0.0026948711092700242 0.0024919574934756383 0.0023052789401845067 0.0028059919968654859 0.87897066603909479 0.0019455879810266188 0.0017839585270849057
leaf_count=4 41 26 2 21 20 18 549 3 4 9 18347 1167 31 33 33 28 35 10843 24 22
internal_value=-0.00368148 0.00558686 0.0457828 0.013582 -0.000661546 -0.0105393 0.00793372 0.0455438 0.0502019 0.0500258 0.0500024 0.0500072 0.0500013 -0.0500022 -0.0500022 -0.0500022 -0.0500022 -0.0500022 -0.0500022 -0.0500022
internal_weight=5.37591 4.47958 0.602663 0.0727258 3.87692 0.122671 0.0836119 0.03306 0.529937 0.0458934 0.466976 0.0373462 0.460536 0.896322 0.00760002 0.888722 0.886417 0.883722 0.880916 0.00510806
internal_count=31260 20201 19585 1201 616 596 570 552 18384 1180 18382 1176 18378 11059 96 10963 10935 10902 10867 63
is_linear=0
shrinkage=0.05


Tree=192
num_leaves=19
num_cat=0
split_feature=26 43 19 19 0 0 13 15 26 16 40 19 18 15 42 41 3 2
split_gain=0.876926 0.430126 0.0326689 0.0627886 5.37635e-05 2.40109e-08 1.38211e-08 1.80468e-09 4.19942e-13 3.77476e-15 6.74027e-15 7.77156e-16 4.44089e-16 1.28456e-15 4.44089e-16 1.11022e-16 1.64799e-17 2.60209e-18
threshold=9.5000000000000018 0.66666666665000007 1.3205128205128207 0.73508771929824568 9.0000000000000018 9.0000000000000018 -1.0000000180025095e-35 43.500000000000007 7.5000000000000009 37.000000000000007 0.9166666666097224 1.2792207792207795 99.998666522018439 108.50000000000001 0.099999999999250008 0.2499999999990328 4.454582442950568 5.4392857142857158
decision_type=2 2 2 2 2 2 2 2 2 2 2 2 2 2 2 2 2 2
left_child=1 2 3 5 -4 -1 -6 -7 -8 10 17 12 13 -11 -14 -16 -15 -2
right_child=9 -3 4 -5 6 7 8 -9 -10 11 -12 -13 14 16 15 -17 -18 -19
leaf_value=0.050102057961769045 -0.05000212423058286 -0.00062915453955481124 0.051596987518811657 -0.048604297526606048 0.050076814320262543 0.050032306343505022 0.050001188867152685 0.050001829460731687 0.050002090746370076 -0.050002074659316331 -0.050002022166757504 -0.050002159208675657 -0.050002150709183991 -0.050002127528008561 -0.050002127690417557 -0.050002127614462592 -0.050002121322784893 -0.050002126459432084
leaf_weight=0.008131212554872036 0.0031619920555384642 3.873712454278575 0.059986390173434989 0.025598680222174153 0.0061264266259966052 0.0058063803589901699 0.43678096711119041 0.029718619582126848 0.0012945884882356032 0.0015695853071520096 0.0023704280611127615 0.0021928539936197913 0.0017152065411210051 0.0040871362725738436 0.57109548415610334 0.26317954265687149 0.0015408894541906193 0.0016969574280665256
leaf_count=4 41 616 2 21 4 9 18347 1167 31 21 33 28 22 53 7406 3413 20 22
internal_value=-0.00355178 0.0053537 0.0457689 0.0135684 0.050192 0.0500246 0.0500022 0.0500068 0.0500012 -0.0500021 -0.0500021 -0.0500021 -0.0500021 -0.0500021 -0.0500021 -0.0500021 -0.0500021 -0.0500021
internal_weight=5.29977 4.44716 0.573443 0.0692549 0.504188 0.0436562 0.444202 0.035525 0.438076 0.85261 0.00722938 0.845381 0.843188 0.00719761 0.83599 0.834275 0.00562803 0.00485895
internal_count=31260 20201 19585 1201 18384 1180 18382 1176 18378 11059 96 10963 10935 94 10841 10819 73 63
is_linear=0
shrinkage=0.05


Tree=193
num_leaves=13
num_cat=0
split_feature=26 20 2 42 26 17 16 40 19 42 18 18
split_gain=0.833015 0.411983 0.00634613 0.00532378 0.000431403 0.000290351 2.10942e-15 6.03771e-15 1.22125e-15 4.44089e-16 1.11022e-16 1.11022e-16
threshold=9.5000000000000018 1.5000000000000002 5.9619252873563227 0.24999999999583336 7.5000000000000009 20.500000000000004 37.000000000000007 0.9166666666097224 1.2792207792207795 0.10056179775254007 99.998666522018439 119.34015146964266
decision_type=2 2 2 2 2 2 2 2 2 2 2 2
left_child=1 -1 -3 4 5 -4 7 -2 9 -8 -11 -12
right_child=6 2 3 -5 -6 -7 8 -9 -10 10 11 -13
leaf_value=-0.00018725132042042201 -0.050002023484717217 -0.050035857374899601 0.044387724793581329 -0.050033033864255366 0.027720742601991512 0.050002417214559662 -0.050002036639954721 -0.050001923679962958 -0.050002056957919351 -0.05000201174059065 -0.050002018598431543 -0.050002018649192084
leaf_weight=3.9428627426023013 0.0046219849318730457 0.0016123432214952818 0.024273400658785249 0.0013442978306557043 0.0022403095099434714 0.44792336734826677 0.0024384304197155862 0.0022548252127307933 0.0020859114883933208 0.0068465932818071442 0.59818178935529431 0.19459991021722089
leaf_count=84 63 4 877 2 38 19196 33 33 28 94 8155 2653
internal_value=-0.00342221 0.00512426 0.0489928 0.0493284 0.0496099 0.0497138 -0.050002 -0.050002 -0.050002 -0.050002 -0.050002 -0.050002
internal_weight=5.23129 4.42026 0.477394 0.475781 0.474437 0.472197 0.811029 0.00687681 0.804153 0.802067 0.799628 0.792782
internal_count=31260 20201 20117 20113 20111 20073 11059 96 10963 10935 10902 10808
is_linear=0
shrinkage=0.05


Tree=194
num_leaves=17
num_cat=0
split_feature=26 43 19 19 0 0 13 15 26 16 40 19 42 15 42 19
split_gain=0.791324 0.393788 0.0316882 0.0589917 4.59372e-05 2.04595e-08 1.19105e-08 1.55126e-09 3.47389e-13 2.44249e-15 5.08274e-15 8.88178e-16 2.22045e-16 2.22045e-16 3.08781e-16 8.67362e-19
threshold=9.5000000000000018 0.66666666665000007 1.3205128205128207 0.73508771929824568 9.0000000000000018 9.0000000000000018 -1.0000000180025095e-35 43.500000000000007 7.5000000000000009 37.000000000000007 0.9166666666097224 1.2792207792207795 0.099999999999250008 103.50000000000001 0.17495763310260912 1.1055555555555558
decision_type=2 2 2 2 2 2 2 2 2 2 2 2 2 2 2 2
left_child=1 2 3 5 -4 -1 -6 -7 -8 10 15 12 -11 14 -14 -2
right_child=9 -3 4 -5 6 7 8 -9 -10 11 -12 -13 13 -15 -16 -17
leaf_value=0.050097085461983527 -0.050001922657217139 -0.00060349809348939987 0.051516962710205817 -0.048516839666660545 0.050073074731458167 0.05003074065781854 0.050001077312337855 0.05000165501799983 0.050001930171256759 -0.050001948394899666 -0.050001829624133624 -0.050001954681964583 -0.050001923926964224 -0.050001923905501205 -0.05000190860700611 -0.050001924383877586
leaf_weight=0.0077368426136672488 0.0022331294967442563 3.8735645142260182 0.057157598435878532 0.024410970159806311 0.0058291512541470683 0.0055244023096746578 0.39521613041688441 0.026937071619613562 0.0011977877475146661 0.0015519892476731903 0.0021448600382427685 0.0019841842440655446 0.021769704952021129 0.73576535327447345 0.0038638372207060448 0.0021634471922880039
leaf_count=4 32 616 2 21 4 9 18347 1167 31 22 33 28 312 10545 56 31
internal_value=-0.00329439 0.00489962 0.0455795 0.0127929 0.0501906 0.050024 0.0500021 0.0500066 0.0500011 -0.0500019 -0.0500019 -0.0500019 -0.0500019 -0.0500019 -0.0500019 -0.0500019
internal_weight=5.16905 4.39757 0.52401 0.0646093 0.459401 0.0401983 0.402243 0.0324615 0.396414 0.771477 0.00654144 0.764935 0.762951 0.761399 0.0256335 0.00439658
internal_count=31260 20201 19585 1201 18384 1180 18382 1176 18378 11059 96 10963 10935 10913 368 63
is_linear=0
shrinkage=0.05


Tree=195
num_leaves=14
num_cat=0
split_feature=26 20 2 42 26 17 16 40 19 17 42 2 2
split_gain=0.751796 0.37715 0.0060066 0.00482098 0.000435628 0.000304642 2.22045e-15 4.47212e-15 5.55112e-16 3.33067e-16 2.22045e-16 1.11022e-16 3.46945e-18
threshold=9.5000000000000018 1.5000000000000002 5.9619252873563227 0.24999999999583336 7.5000000000000009 20.500000000000004 37.000000000000007 0.9166666666097224 1.2792207792207795 35.500000000000007 0.099999999999250008 7.6273148148148158 5.0818713450292403
decision_type=2 2 2 2 2 2 2 2 2 2 2 2 2
left_child=1 -1 -3 4 5 -4 7 12 9 -8 -11 -12 -2
right_child=6 2 3 -5 -6 -7 8 -9 -10 10 11 -13 -14
leaf_value=-0.00018445932088788711 -0.050001827987694938 -0.050034195167973819 0.044074374996844246 -0.050029932791511737 0.026987647691792172 0.050002308098597084 -0.050001814863862487 -0.050001739411935066 -0.050001858871122101 -0.05000184859433715 -0.050001830670510727 -0.050001830072222697 -0.05000183062782379
leaf_weight=3.93937091006228 0.0014601766815757191 0.0015274382458300142 0.022895717418577988 0.0012182871651020824 0.0021243298760964527 0.40590287352461019 0.0024315147456945843 0.0020402575173648074 0.0018874179440899743 0.0013421557378023854 0.71666038144758204 0.0053086551633896297 0.0027219839321332984
leaf_count=84 22 4 877 2 38 19196 37 33 28 20 10798 80 41
internal_value=-0.0031713 0.00468747 0.0489432 0.0492931 0.0495739 0.0496858 -0.0500018 -0.0500018 -0.0500018 -0.0500018 -0.0500018 -0.0500018 -0.0500018
internal_weight=5.10689 4.37304 0.433669 0.432141 0.430923 0.428799 0.733853 0.00622242 0.72763 0.725743 0.723311 0.721969 0.00418216
internal_count=31260 20201 20117 20113 20111 20073 11059 96 10963 10935 10898 10878 63
is_linear=0
shrinkage=0.05


Tree=196
num_leaves=16
num_cat=0
split_feature=26 43 19 19 0 0 13 15 26 16 40 19 42 17 2
split_gain=0.71426 0.360226 0.030729 0.0554289 3.92425e-05 1.74269e-08 1.02659e-08 1.33167e-09 2.96319e-13 1.77636e-15 3.85803e-15 6.66134e-16 3.33067e-16 2.22045e-16 8.67362e-19
threshold=9.5000000000000018 0.66666666665000007 1.3205128205128207 0.73508771929824568 9.0000000000000018 9.0000000000000018 -1.0000000180025095e-35 43.500000000000007 7.5000000000000009 37.000000000000007 0.9166666666097224 1.2792207792207795 0.099999999999250008 35.500000000000007 5.5219047619047625
decision_type=2 2 2 2 2 2 2 2 2 2 2 2 2 2 2
left_child=1 2 3 5 -4 -1 -6 -7 -8 10 14 12 -11 -14 -2
right_child=9 -3 4 -5 6 7 8 -9 -10 11 -12 -13 13 -15 -16
leaf_value=0.050092359974781925 -0.050001739967982663 -0.00057851848318163672 0.051441056243741762 -0.048425628102712066 0.050069522608337184 0.050029245604050622 0.050000971170056932 0.050001501581051634 0.050001789733332469 -0.050001761085641264 -0.050001654260477549 -0.050001769982372372 -0.050001726405964932 -0.050001740163025277 -0.050001740820576249
leaf_weight=0.0073615442961454383 0.0026520098763284086 3.8734386926225852 0.054457947611808555 0.02328678503545234 0.0055462652817366278 0.005256095959339179 0.35760660539017453 0.024418387447440182 0.0011090373918705146 0.0014043030532775438 0.0019407561812840868 0.0017953706701518959 0.0021853294929314862 0.68675939681270393 0.0013261914136819541
leaf_count=4 42 616 2 21 4 9 18347 1167 31 22 33 28 35 10878 21
internal_value=-0.00305017 0.00448005 0.0453826 0.0120186 0.0501892 0.0500235 0.050002 0.0500064 0.050001 -0.0500017 -0.0500017 -0.0500017 -0.0500017 -0.0500017 -0.0500017
internal_weight=5.05054 4.35248 0.479043 0.0603228 0.41872 0.037036 0.364262 0.0296745 0.358716 0.698063 0.00591896 0.692144 0.690349 0.688945 0.0039782
internal_count=31260 20201 19585 1201 18384 1180 18382 1176 18378 11059 96 10963 10935 10913 63
is_linear=0
shrinkage=0.05


Tree=197
num_leaves=14
num_cat=0
split_feature=26 20 2 42 42 2 17 16 40 19 15 42 42
split_gain=0.678662 0.345 0.00568589 0.00436579 0.000438905 0.00357165 0.000127151 1.22125e-15 3.38618e-15 7.77156e-16 1.11022e-16 1.11022e-16 1.11022e-16
threshold=9.5000000000000018 1.5000000000000002 5.9619252873563227 0.24999999999583336 0.18119711066429828 7.7550000000000008 13.000000000000002 37.000000000000007 0.9166666666097224 1.2792207792207795 95.500000000000014 0.10056179775254007 0.22663528726700133
decision_type=2 2 2 2 2 2 2 2 2 2 2 2 2
left_child=1 -1 -3 4 6 -6 -4 8 -2 10 -9 -12 -13
right_child=7 2 3 -5 5 -7 -8 9 -10 -11 11 12 -14
leaf_value=-0.00018127344231084639 -0.050001656332372357 -0.050032606313928675 0.045913919776597062 -0.050027125552377982 -0.050009368926910339 0.050002263646216821 0.050002208689556453 -0.050001650109309681 -0.050001573738297972 -0.050001683921758772 -0.050001668534039805 -0.050001653779354262 -0.050001653781282608
leaf_weight=3.9360559743654449 0.0037841883349755126 0.001447266997274598 0.020071110393473646 0.00110417952237185 0.0010091984877362847 0.0077335604783002054 0.36267391724140907 0.011673500612232601 0.0018461073414073326 0.0017078122436942058 0.0019964322964369776 0.56338098194464692 0.079630467505921843
leaf_count=84 63 4 838 2 6 357 18910 195 33 28 33 9381 1326
internal_value=-0.00293364 0.00428423 0.0488901 0.0492548 0.0495348 0.0384577 0.0497878 -0.0500017 -0.0500016 -0.0500017 -0.0500017 -0.0500017 -0.0500017
internal_weight=4.99411 4.3301 0.394039 0.392592 0.391488 0.00874276 0.382745 0.664019 0.0056303 0.658389 0.656681 0.645008 0.643011
internal_count=31260 20201 20117 20113 20111 363 19748 11059 96 10963 10935 10740 10707
is_linear=0
shrinkage=0.05


Tree=198
num_leaves=17
num_cat=0
split_feature=26 43 19 19 0 0 13 15 26 16 40 19 42 17 17 18
split_gain=0.644853 0.329453 0.0296257 0.0519564 3.35156e-05 1.4835e-08 8.84522e-09 1.1424e-09 2.16716e-13 1.11022e-15 2.77903e-15 5.55112e-16 2.22045e-16 1.11022e-16 1.11022e-16 1.30104e-18
threshold=9.5000000000000018 0.66666666665000007 1.3205128205128207 0.73508771929824568 9.0000000000000018 9.0000000000000018 -1.0000000180025095e-35 43.500000000000007 7.5000000000000009 37.000000000000007 0.9166666666097224 1.2792207792207795 0.099999999999250008 35.500000000000007 103.50000000000001 106.00138350095371
decision_type=2 2 2 2 2 2 2 2 2 2 2 2 2 2 2 2
left_child=1 2 3 5 -4 -1 -6 -7 -8 10 15 12 -11 -14 -15 -2
right_child=9 -3 4 -5 6 7 8 -9 -10 11 -12 -13 13 14 -16 -17
leaf_value=0.050087861649805415 -0.050001575743014059 -0.00055470715252095852 0.051369047063426612 -0.048335005259619479 0.050066142042444431 0.050027819987757821 0.050000882379057365 0.050001358060543968 0.050001618327327961 -0.050001593567787266 -0.05000149842756102 -0.050001601851612114 -0.050001561440679479 -0.05000157298491939 -0.050001573015471881 -0.050001574251223639
leaf_weight=0.0070043979212641707 0.0021711378030885289 3.8732969845168554 0.051881931722163932 0.022136154955660459 0.0052770734764633334 0.0050007976824416591 0.32357598339331206 0.022118487571788137 0.0010035013692686326 0.0012706701090792185 0.0017560742271598428 0.0016245238766714456 0.0019773742315010159 0.56405309115871205 0.05735449605708709 0.0014284991593740415
leaf_count=4 38 616 2 21 4 9 18347 1167 31 22 33 28 35 9874 1004 25
internal_value=-0.00281932 0.00409322 0.0451956 0.0113228 0.0501877 0.050023 0.0500019 0.0500062 0.0500009 -0.0500016 -0.0500015 -0.0500016 -0.0500016 -0.0500016 -0.0500016 -0.0500016
internal_weight=4.94293 4.3113 0.437998 0.0562598 0.381738 0.0341237 0.329857 0.0271193 0.324579 0.631636 0.00535571 0.62628 0.624656 0.623385 0.621408 0.00359964
internal_count=31260 20201 19585 1201 18384 1180 18382 1176 18378 11059 96 10963 10935 10913 10878 63
is_linear=0
shrinkage=0.05


Tree=199
num_leaves=18
num_cat=0
split_feature=26 20 2 42 42 8 17 16 40 19 2 2 2 43 19 2 2
split_gain=0.612781 0.315525 0.00538525 0.00395543 0.000396982 0.00287647 0.000133892 1.33227e-15 2.46504e-15 3.33067e-16 1.11022e-16 1.11022e-16 5.55112e-17 5.20417e-18 4.33681e-18 8.67362e-19 4.33681e-19
threshold=9.5000000000000018 1.5000000000000002 5.9619252873563227 0.24999999999583336 0.18119711066429828 5.1697347450054396 13.000000000000002 37.000000000000007 0.9166666666097224 1.2792207792207795 7.5086206896551735 5.26376811594203 5.1143790849673207 0.39999999999853342 0.71008403361344552 5.5219047619047625 5.0818713450292403
decision_type=2 2 2 2 2 2 2 2 2 2 2 2 2 2 2 2 2
left_child=1 -1 -3 4 6 -6 -4 8 15 10 11 12 -9 -12 -15 16 -2
right_child=7 2 3 -5 5 -7 -8 9 -10 -11 13 -13 -14 14 -16 -17 -18
leaf_value=-0.00017774367987960968 -0.05000149794737322 -0.050031091768790892 0.045677486823201115 -0.050024587305379814 0.050002006023686534 -0.040169123828744706 0.050002122207920142 -0.050001499615092954 -0.050001423998456154 -0.050001522830964013 -0.050001495571233671 -0.050001499589668409 -0.050001491152442651 -0.050001496353747468 -0.05000149961611397 -0.050001497141491505 -0.050001499207286609
leaf_weight=3.9329088462109212 0.0011954992914978693 0.0013715417808269894 0.018928064610008732 0.00100084233781672 0.0068978419021732407 0.0010145140695385635 0.32874699421881814 0.032387292209023144 0.0016704318622942083 0.0015452972766070152 0.0014117020327830678 0.55263877030301956 0.0019947064683947238 0.0012489223663578741 0.0045103077281964943 0.0011414689288358204 0.0010871174854401033
leaf_count=84 22 4 838 2 356 7 18910 596 33 28 26 10170 37 23 83 21 20
internal_value=-0.00270937 0.00391274 0.0488549 0.0492353 0.0495147 0.0384404 0.0497667 -0.0500015 -0.0500015 -0.0500015 -0.0500015 -0.0500015 -0.0500015 -0.0500015 -0.0500015 -0.0500015 -0.0500015
internal_weight=4.8917 4.29087 0.35796 0.356588 0.355587 0.00791236 0.347675 0.600832 0.00509452 0.595737 0.594192 0.587021 0.034382 0.00717093 0.00575923 0.00342409 0.00228262
internal_count=31260 20201 20117 20113 20111 363 19748 11059 96 10963 10935 10803 633 132 106 63 42
is_linear=0
shrinkage=0.05


end of trees

feature_importances:
s_msg_ratio=827
flow_packets_APDU_total_length=410
flow_down/up_ratio=358
bw_packets_APDU_total_length=327
fw_packets_APDU_total_length=243
flow_total_IEC104_U_Message_packets=237
u_msg_ratio=206
flow_packet_APDU_length_mean=168
flow_duration=116
flow_total_IEC104_I_Message_SingleIOA_packets=103
i_msg_ratio=89
bw_total_IEC104_S_Message_packets=88
flow_packet_APDU_length_std=85
cmd_to_mon_ratio=60
flow_total_IEC104_S_Message_packets=51
bw_total_IEC104_U_Message_packets=41
fw_packet_APDU_length_mean=33
flow_packet_APDU_length_max=24
bw_packet_APDU_length_std=14
fw_packet_APDU_length_std=10
bw_packet_APDU_length_max=5
type_id_process_information_in_monitor_direction=4
cot=3=3
fw_packet_APDU_length_max=2
fw_total_IEC104_U_Message_packets=2

parameters:
[boosting: gbdt]
[objective: binary]
[metric: binary_logloss]
[tree_learner: serial]
[device_type: cpu]
[data_sample_strategy: bagging]
[data: ]
[valid: ]
[num_iterations: 200]
[learning_rate: 0.05]
[num_leaves: 31]
[num_threads: -1]
[seed: 42]
[deterministic: 0]
[force_col_wise: 0]
[force_row_wise: 0]
[histogram_pool_size: -1]
[max_depth: 6]
[min_data_in_leaf: 20]
[min_sum_hessian_in_leaf: 0.001]
[bagging_fraction: 1]
[pos_bagging_fraction: 1]
[neg_bagging_fraction: 1]
[bagging_freq: 0]
[bagging_seed: 400]
[bagging_by_query: 0]
[feature_fraction: 1]
[feature_fraction_bynode: 1]
[feature_fraction_seed: 30056]
[extra_trees: 0]
[extra_seed: 12879]
[early_stopping_round: 0]
[early_stopping_min_delta: 0]
[first_metric_only: 0]
[max_delta_step: 0]
[lambda_l1: 0]
[lambda_l2: 0]
[linear_lambda: 0]
[min_gain_to_split: 0]
[drop_rate: 0.1]
[max_drop: 50]
[skip_drop: 0.5]
[xgboost_dart_mode: 0]
[uniform_drop: 0]
[drop_seed: 17869]
[top_rate: 0.2]
[other_rate: 0.1]
[min_data_per_group: 100]
[max_cat_threshold: 32]
[cat_l2: 10]
[cat_smooth: 10]
[max_cat_to_onehot: 4]
[top_k: 20]
[monotone_constraints: ]
[monotone_constraints_method: basic]
[monotone_penalty: 0]
[feature_contri: ]
[forcedsplits_filename: ]
[refit_decay_rate: 0.9]
[cegb_tradeoff: 1]
[cegb_penalty_split: 0]
[cegb_penalty_feature_lazy: ]
[cegb_penalty_feature_coupled: ]
[path_smooth: 0]
[interaction_constraints: ]
[verbosity: -1]
[saved_feature_importance_type: 0]
[use_quantized_grad: 0]
[num_grad_quant_bins: 4]
[quant_train_renew_leaf: 0]
[stochastic_rounding: 1]
[linear_tree: 0]
[max_bin: 255]
[max_bin_by_feature: ]
[min_data_in_bin: 3]
[bin_construct_sample_cnt: 200000]
[data_random_seed: 175]
[is_enable_sparse: 1]
[enable_bundle: 1]
[use_missing: 1]
[zero_as_missing: 0]
[feature_pre_filter: 1]
[pre_partition: 0]
[two_round: 0]
[header: 0]
[label_column: ]
[weight_column: ]
[group_column: ]
[ignore_column: ]
[categorical_feature: ]
[forcedbins_filename: ]
[precise_float_parser: 0]
[parser_config_file: ]
[objective_seed: 16083]
[num_class: 1]
[is_unbalance: 1]
[scale_pos_weight: 1]
[sigmoid: 1]
[boost_from_average: 1]
[reg_sqrt: 0]
[alpha: 0.9]
[fair_c: 1]
[poisson_max_delta_step: 0.7]
[tweedie_variance_power: 1.5]
[lambdarank_truncation_level: 30]
[lambdarank_norm: 1]
[label_gain: ]
[lambdarank_position_bias_regularization: 0]
[eval_at: ]
[multi_error_top_k: 1]
[auc_mu_weights: ]
[num_machines: 1]
[local_listen_port: 12400]
[time_out: 120]
[machine_list_filename: ]
[machines: ]
[gpu_platform_id: -1]
[gpu_device_id: -1]
[gpu_device_id_list: ]
[gpu_use_dp: 0]
[num_gpu: 1]

end of parameters

pandas_categorical:null
