tree
version=v4
num_class=1
num_tree_per_iteration=1
label_index=0
max_feature_idx=3
objective=binary sigmoid:1
feature_names=Column_0 Column_1 Column_2 Column_3
feature_infos=[0.079778992941612697:1] [0:2] [3.7612001156935615:9.1669606615361836] [3.7612001156935615:9.7099028034634625]
tree_sizes=3349 3477 3484 3484 3472 3477 3481 3487 3497 3502 3501 3497 3496 3515 3511 3516 3501 3509 3501 3506 3516 3500 3503 3511 3502 3524 3530 3509 3524 3522 3511 3515 3523 3521 3512 3528 3522 3507 3504 3504 3523 3522 3517 3530 3508 3532 3504 3510 3533 3523 3529 3523 3534 3516 3539 3517 3526 3528 3525 3545 3524 3547 3528 3532 3533 3539 3530 3531 3527 3528 3531 3537 3538 3535 3525 3502 3532 3534 3525 3537 3508 3515 3535 3510 3511 3514 3536 3532 3517 3533 3535 3536 3530 3522 3524 3522 3524 3536 3524 3533 3518 3501 3513 3524 3543 3533 3508 3539 3529 3507 3501 3525 3519 3543 3518 3539 3540 3539 3535 3513 3529 3538 3503 3551 3518 3542 3538 3533 3551 3544 3560 3544 3518 3511 3538 3536 3529 3529 3546 3517 3498 3545 3510 3560 3515 3545 3566 3529 3544 3525 3537 3550 3550 3527 3537 3551 3528 3559 3514 3540 3548 3530 3541 3522 3547 3504 3539 3549 3537 3522 3538 3562 3551 3546 3567 3534 3548 3483 3541 3537 3561 3494 3499 3545 3546 3530 3561 3537 3522 3554 3542 3544 3553 3537 3553 3559 3495 3540 3542 3533

Tree=0
num_leaves=31
num_cat=0
split_feature=0 3 2 2 1 0 1 2 1 1 1 3 2 2 3 3 0 3 1 1 1 2 2 2 2 2 3 3 3 2
split_gain=1.33377e+06 337478 258456 150173 111323 36253 46524.3 180436 30682.9 40060.8 28233.7 24250.8 23794.3 21568.6 20835.2 13305.2 10240.2 7027.14 6333.8 6095.18 6448.95 5293.89 115914 26641.5 4530.88 36856.2 4463.9 6115.75 4112.17 3926.26
threshold=0.56126945381299154 7.3159499364080736 6.9354456287757147 4.2672363075222259 1.0000000180025095e-35 0.74916527884173567 1.0000000180025095e-35 4.2047331123241749 1.5000000000000002 1.0000000180025095e-35 1.5000000000000002 7.9810273183704767 5.3967752333733872 7.5747031881281135 7.3233027137203726 7.2540859042396688 0.34492243275281931 5.4424826413705318 1.5000000000000002 1.0000000180025095e-35 1.5000000000000002 4.0802467883586866 4.3004826673323846 4.159971731735074 5.8138794391169242 4.1845458315089283 8.576375007177452 7.9942274713266626 7.3159499364080736 4.7881671074430008
decision_type=2 2 2 2 2 2 2 2 2 2 2 2 2 2 2 2 2 2 2 2 2 2 2 2 2 2 2 2 2 2
left_child=1 3 5 -1 12 6 24 -8 9 -4 17 14 16 28 -3 -9 -5 -6 26 -16 -21 -7 23 -23 25 -2 27 -13 -11 -12
right_child=2 11 8 4 10 21 7 15 -10 13 29 18 -14 -15 19 -17 -18 -19 -20 20 -22 22 -24 -25 -26 -27 -28 -29 -30 -31
leaf_value=3.7311631157081777 3.7621370615212411 2.0662878944718672 3.70577954402291 3.4351369806048608 2.5308180958879181 3.7742701131702616 3.7703004252559804 2.4707625204862715 3.5512267394111499 2.7388078802968945 3.6675955748476037 2.0398831520585898 3.6975462940917123 2.9777092619727226 3.172477993608668 3.0724459241318289 3.1218070922179897 2.7861523878867538 3.1579026772969923 2.6136365396006687 3.3018375715492323 3.5808852226093273 3.7705921048146349 2.6427381116788133 3.7729602551463892 3.1252384911509452 1.9623833786119889 2.3688021895977811 2.0760255559684504 3.1628067941535654
leaf_weight=1122.711888730526 1556.697874724865 161.25928008556366 61.928906619548798 451.55822688341141 340.98898899555206 104022.06966155767 1095.9044334292412 372.03404891490936 85.581188917160034 25.540780007839203 84.729061901569366 225.42214131355286 422.19439053535461 99.97522634267807 61.053749144077301 122.01537644863129 617.14723342657089 1284.6390521526337 16.950418472290039 633.54492086172104 35.973578333854675 102.83100336790085 9529.3824762701988 286.56801229715347 2488.9939211606979 265.95575070381165 179.93698304891586 378.80500411987305 279.58978295326233 70.634420454502106
leaf_count=48749 67593 7002 2689 19607 14806 4516717 47585 16154 3716 1109 3679 9788 18332 4341 2651 5298 26797 55780 736 27509 1562 4465 413773 12443 108074 11548 7813 16448 12140 3067
internal_value=3.7232 3.00113 3.75971 3.2322 3.06098 3.76468 3.64385 3.41267 2.68088 2.52139 2.79414 2.40133 3.37975 2.34034 2.58068 2.61936 3.2542 2.73259 2.20166 2.69423 2.65061 3.77094 3.73604 2.89048 3.7291 3.6692 2.18099 2.24609 2.1315 3.4381
internal_weight=126483 6087.55 120395 4394.6 3271.89 119842 5901.6 1589.95 552.616 467.035 1780.99 1692.95 1490.9 405.106 891.832 494.049 1068.71 1625.63 801.115 730.572 669.518 113941 9918.78 389.399 4311.65 1822.65 784.164 604.227 305.131 155.363
internal_count=5491971 264326 5227645 190817 142068 5203650 256252 69037 23995 20279 77332 73509 64736 17590 38724 21452 46404 70586 34785 31722 29071 4947398 430681 16908 187215 79141 34049 26236 13249 6746
is_linear=0
shrinkage=1


Tree=1
num_leaves=31
num_cat=0
split_feature=0 2 2 2 1 1 2 2 3 1 3 3 2 1 1 2 0 1 3 2 3 0 0 3 3 2 0 2 0 0
split_gain=554891 73952.7 56126.2 23145.6 84933.8 18264.6 13412.5 12314.5 6570.14 6194.45 3738.09 3488.27 3412.62 2755.52 2435.61 2183.14 2107.87 1601.91 1311.58 3637.34 1095.11 903.515 737.519 693.286 597.364 569.87 697.373 350.904 313.024 279.622
threshold=0.58808560373301499 6.9354456287757147 4.2361428001878414 4.1097330857824828 1.0000000180025095e-35 1.0000000180025095e-35 4.9745127581484967 6.0978481303467058 7.3159499364080736 1.5000000000000002 7.3159499364080736 5.4424826413705318 4.5341594832340997 1.5000000000000002 1.0000000180025095e-35 4.5341594832340997 0.82750176328793523 1.5000000000000002 5.0591714496897406 4.3694757063636134 5.0001805094309981 0.49796220620923276 0.44436429482993728 7.2540859042396688 8.3242998889234094 4.2047331123241749 0.41467489510663341 5.0694315452519909 0.17018869910310372 0.46558676651210146
decision_type=2 2 2 2 2 2 2 2 2 2 2 2 2 2 2 2 2 2 2 2 2 2 2 2 2 2 2 2 2 2
left_child=2 3 25 -2 6 7 16 11 -9 10 -6 21 -13 18 -3 -15 -5 23 29 -20 -11 -4 -10 -16 -25 -1 -27 -8 -17 -7
right_child=1 14 5 4 9 13 27 8 22 20 -12 12 -14 15 17 28 -18 -19 19 -21 -22 -23 -24 24 -26 26 -28 -29 -30 -31
leaf_value=0.034971821991341641 0.050908130249816219 -0.008488793639590729 -0.32106867496163599 -0.29428213661738839 -0.3144236685809636 -0.63977313247799017 -0.039687199536272838 0.044301640579407345 -0.32212135488674115 0.037970593830698979 -0.67366702501043241 -0.05689761397086366 -0.26483572347726625 0.02792738113003293 -0.64755371506630155 -0.45468457663343892 -0.040392929234345509 -0.13329710705258396 -0.15481282323388654 -0.35942545059079345 -0.2772904816714285 -0.43708305197160197 -0.11184539599280995 -0.34731804307920733 -0.19749298382645444 0.015349358984303891 -0.25305860214438991 0.048214504786918487 -0.26250315347398023 -0.45100965900594475
leaf_weight=1177.3839855641127 101274.92114625871 61.958029858767986 451.1158125847578 337.12010970339179 1947.7484013754874 21.271163091063499 114.73777903243899 580.50329423509538 174.42169095575809 145.87394121848047 75.208434358239174 240.04276690632105 1108.5084628760815 74.505650874227285 18.479247987270355 23.380327973514795 107.92226582765579 97.438672553747892 222.32956799864769 9413.7678955793381 33.958583096042275 267.24195749312639 54.801428563892841 1213.0782386958599 70.389173481613398 62.763447746634483 39.386269688606262 10840.807029286399 225.9853012599051 252.58030119538307
leaf_count=51773 4615650 2646 11844 9881 39469 384 4673 25555 2476 4628 1778 7980 32646 2994 324 631 3988 3594 4075 136134 547 6756 1271 13826 1527 2746 1528 490492 6270 3885
internal_value=0.00195783 0.0381866 -0.290943 0.0426827 -0.0185541 -0.321792 0.0363633 -0.21048 -0.0451967 -0.30278 -0.327779 -0.275231 -0.227823 -0.353081 -0.315262 -0.209564 -0.232714 -0.328844 -0.357771 -0.354705 -0.0215616 -0.364228 -0.27185 -0.343479 -0.339101 0.0251432 -0.0881418 0.0472939 -0.280522 -0.465672
internal_weight=130730 116340 14390 114878 13603.4 13110.5 11400.6 2876.64 809.726 2202.79 2022.96 2066.91 1348.55 10233.8 1461.34 323.871 445.042 1399.39 9909.95 9636.1 179.833 718.358 229.223 1301.95 1283.47 1279.53 102.15 10955.5 249.366 273.851
internal_count=5491971 5193023 298948 5171106 555456 242901 509034 88528 29302 46422 41247 59226 40626 154373 21917 9895 13869 19271 144478 140209 5175 18600 3747 15677 15353 56047 4274 495165 6901 4269
is_linear=0
shrinkage=0.05


Tree=2
num_leaves=31
num_cat=0
split_feature=0 2 2 2 1 2 1 2 3 2 2 0 3 2 1 1 2 0 1 3 2 2 0 1 3 2 3 0 3 3
split_gain=402636 54875.9 31618.8 21051.7 54812 9709.08 9568.16 8042.13 4499.16 4200.6 2480.04 1472.29 1436.86 1970.08 1314.84 1272.87 1284.35 994.184 783.467 625.401 2555.3 545.368 425.66 417.54 416.885 402.681 386.668 400.838 257.081 203.396
threshold=0.59253394587936026 6.9354456287757147 4.2361428001878414 4.0880286038569347 1.0000000180025095e-35 5.0199087660326223 1.0000000180025095e-35 6.2650369572774673 7.5289283282427251 4.159971731735074 4.2672363075222259 0.88538151868654846 5.4424826413705318 4.4524223690016962 1.0000000180025095e-35 1.5000000000000002 4.5341594832340997 0.92061854054148851 1.5000000000000002 5.1535516424680443 4.3328061510596445 4.159971731735074 0.40475553788558277 1.0000000180025095e-35 7.3159499364080736 4.3328061510596445 8.1727008602802069 0.66578999664304883 7.9810273183704767 5.4424826413705318
decision_type=2 2 2 2 2 2 2 2 2 2 2 2 2 2 2 2 2 2 2 2 2 2 2 2 2 2 2 2 2 2
left_child=2 3 21 -2 5 11 7 12 24 17 -11 -5 25 -14 -3 19 -17 -6 26 -8 -21 -1 -23 -24 -9 -4 28 -28 -16 -18
right_child=1 14 6 4 9 -7 15 8 -10 10 -12 -13 13 -15 18 16 29 -19 -20 20 -22 22 23 -25 -26 -27 27 -29 -30 -31
leaf_value=0.042881315870444435 0.050897274000162342 -0.0072857196323259628 -0.18534034509837002 -0.19037322089601691 0.028537287578277337 0.047653833542915212 -0.30140952229246526 0.048008635928322892 -0.24504361514313083 -0.28637035377684594 -0.18756332790132008 0.0048697030993081758 -0.012692830581823461 -0.19002724785045788 -0.24941993191536774 0.027533367205301182 -0.39610909147017215 -0.36249787876484624 -0.11146588429236928 -0.024092330245930625 -0.25212308020348029 0.027770264611871199 -0.16617303384537041 -0.0021814280147110592 -0.08321380395748168 -0.26328092975269207 -0.27361819656001923 -0.084271151517024828 -0.3192104110546008 -0.19604858526886063
leaf_weight=997.8298796415329 96275.101030522957 62.366241253912449 208.76538344472647 515.85645715892315 208.39879714883864 10332.918575046584 617.89979362860322 608.34400284662843 182.15737820602953 1047.7619740962982 1612.3600114453584 118.79191724956036 174.00954392366111 1566.8500403948128 1403.5415406152606 73.300343656912446 13.24601408280432 17.629615191370249 109.74532978795469 124.06492393650115 12604.253903619945 145.32293446734548 84.777357444167137 71.592581119388342 67.212901260703802 803.71313727274537 47.109367877244949 68.727743059396744 145.64504291117191 310.8167936168611
leaf_count=45469 4606990 2642 4539 13111 8541 489088 6766 28141 2082 13382 27276 4615 5618 37102 11756 3004 314 612 3571 2238 136526 6524 3306 2870 1284 14323 819 1211 1626 6625
internal_value=0.00225207 0.0380837 -0.212816 0.0426047 -0.0150237 0.0359949 -0.230629 -0.158201 -0.0245114 -0.208898 -0.226481 -0.153828 -0.199848 -0.172302 -0.232934 -0.24966 -0.161474 -0.00196242 -0.240864 -0.252285 -0.2499 0.0250708 -0.0338365 -0.0910909 0.034953 -0.24721 -0.249392 -0.161276 -0.255981 -0.204226
internal_weight=130620 111966 18654.2 110129 13853.7 10967.6 17354.6 3611.05 857.714 2886.15 2660.12 634.648 2753.34 1740.86 1837.14 13743.6 397.363 226.028 1774.77 13346.2 12728.3 1299.52 301.693 156.37 675.557 1012.48 1665.02 115.837 1549.19 324.063
internal_count=5491971 5185240 306731 5163615 556625 506814 248562 93089 31507 49811 40658 17726 61582 42720 21625 155473 9943 9153 18983 145530 138764 58169 12700 6176 29425 18862 15412 2030 13382 6939
is_linear=0
shrinkage=0.05


Tree=3
num_leaves=31
num_cat=0
split_feature=0 2 1 2 3 2 2 3 1 1 2 3 2 2 3 2 0 3 2 1 0 0 0 1 0 2 0 0 3 3
split_gain=322467 53106.2 23339.6 22438 21067.8 4642.5 27913.8 4558.41 1556.47 1552.86 1364.77 1278.16 1381.45 875.166 717.456 647.256 499.115 498.879 1858.58 491.172 421.595 304.381 255.996 298.037 240.519 216.898 128.178 104.048 85.746 312.045
threshold=0.76540405225054942 4.2047331123241749 1.0000000180025095e-35 6.2840127217011625 7.1772097324303674 4.0802467883586866 4.2672363075222259 7.5289283282427251 1.5000000000000002 1.5000000000000002 4.4924429902710079 5.4424826413705318 4.4524223690016962 4.566816998076491 7.9584020480681064 4.1382565856210851 0.51692778477187551 5.1535516424680443 4.3328061510596445 1.0000000180025095e-35 0.8716323002178139 0.42453889481418622 0.50735983250806516 1.0000000180025095e-35 0.82260353923321416 4.7881671074430008 0.14402769709617944 0.7807682914075661 7.2540859042396688 7.3159499364080736
decision_type=2 2 2 2 2 2 2 2 2 2 2 2 2 2 2 2 2 2 2 2 2 2 2 2 2 2 2 2 2 2
left_child=1 15 3 11 5 -2 8 21 19 17 -11 16 -13 20 28 -1 -3 25 -19 -7 -8 -5 -17 -24 -15 -4 -12 -16 -6 -30
right_child=4 2 9 7 14 6 13 -9 -10 10 26 12 -14 24 27 22 -18 18 -20 -21 -22 -23 23 -25 -26 -27 -28 -29 29 -31
leaf_value=0.046394706463019929 0.050886025696801535 -0.17090751053530956 -0.22558844106754111 -0.12066245705223569 -0.28800361080712628 -0.10574919690016038 -0.15530688960951308 -0.19423829270756365 0.052723789020066671 0.03859510013547425 -0.2851702306649066 -0.0080274693433457292 -0.14994858274173575 -0.019220508643842681 -0.20988547697105708 0.018170519366477383 -0.22594889747837268 -0.014815259483375179 -0.19645401848732424 -0.22665832879417766 -0.0051243880235440171 0.047193923652907317 -0.12084966495618497 0.0016248215164026874 0.050569186267959081 -0.0057489180726215125 -0.14761073056404211 -0.06477917610949617 -0.096065789415482022 -0.22060995615761925
leaf_weight=3140.6909326631576 89655.019445136189 905.11805917322636 1600.4350529704243 27.311794260516763 38.396066676825285 90.87928906083107 67.993368364870548 216.08508843556046 55.765375355258584 114.78826327621937 17.543401163071394 187.64655603468418 1988.7159807346761 125.33571324124932 14.040445558726786 207.62970211170614 755.79315832257271 142.00044277869165 17125.030187062919 1108.8851979188621 149.42815291881561 2422.9491743985564 102.00591153465211 96.82040299102664 8225.3089400399476 11.298989724367855 487.94175769016147 102.83732905238867 54.335211653262377 676.10644069686532
leaf_count=151771 4505638 15085 14833 559 487 2122 1504 2119 1511 3732 265 6145 41281 5137 249 9403 11701 2937 153769 11729 4164 118465 3005 3586 403723 138 9190 2303 614 4806
internal_value=0.00240531 -0.142771 -0.167528 -0.0855051 0.045149 0.0473106 0.0146794 0.0259085 -0.205498 -0.194886 -0.117042 -0.162921 -0.137712 0.0469432 -0.197628 0.0387111 -0.195954 -0.197444 -0.19496 -0.2175 -0.0520904 0.0453229 -0.0206599 -0.0612095 0.0495217 -0.224047 -0.152385 -0.0822107 -0.215174 -0.211346
internal_weight=129914 29549.8 26002.7 6503.62 100364 99478.6 9823.6 2666.35 1255.53 19499 620.273 3837.27 2176.36 8568.07 885.715 3547.15 1660.91 18878.8 17267 1199.76 217.422 2450.26 406.456 198.826 8350.64 1611.73 505.485 116.878 768.838 730.442
internal_count=5491971 547984 380219 195355 4943987 4935528 429890 121143 15362 184864 13187 74212 47426 414528 8459 167765 26786 171677 156706 13851 5668 119024 15994 6591 408860 14971 9455 2552 5907 5420
is_linear=0
shrinkage=0.05


Tree=4
num_leaves=31
num_cat=0
split_feature=0 2 3 1 2 2 2 3 1 1 2 0 3 2 2 3 0 2 3 3 0 0 1 2 2 3 2 2 0 3
split_gain=271344 39017.8 17884.2 15701.2 16613.7 4616.02 22765.2 3625.3 1286.34 1046.19 1006.4 822.019 1219.18 745.921 621.104 493.172 433.909 492.079 388.188 286.472 248.706 216.746 226.476 180.441 126.936 105.941 102.686 75.7491 74.1861 55.2584
threshold=0.76540405225054942 4.2047331123241749 7.1772097324303674 1.0000000180025095e-35 6.3581886470639946 4.0802467883586866 4.4524223690016962 7.5289283282427251 1.5000000000000002 1.5000000000000002 4.4924429902710079 0.17018869910310372 6.1599406747691683 4.2361428001878414 4.1382565856210851 7.9584020480681064 0.22576532962289497 4.4924429902710079 5.2095134744993077 7.9810273183704767 0.82260353923321416 0.50735983250806516 1.0000000180025095e-35 5.8138794391169242 7.0099275978482467 4.561166049125041 4.7001851868954612 7.7655073004765951 0.65404583389057924 7.9810273183704767
decision_type=2 2 2 2 2 2 2 2 2 2 2 2 2 2 2 2 2 2 2 2 2 2 2 2 2 2 2 2 2 2
left_child=1 14 5 4 11 -2 8 24 13 16 -11 19 -13 -7 -1 -4 17 -5 -18 -3 23 -16 -23 -8 -6 -22 -12 -17 -24 -9
right_child=2 3 15 9 7 6 20 29 -10 10 26 12 -14 -15 21 27 18 -19 -20 -21 25 22 28 -25 -26 -27 -28 -29 -30 -31
leaf_value=0.046131767421886891 0.050827052569626267 -0.29342100845898572 -0.17830117373363863 -0.0053103305310955723 0.046334262699532065 -0.1809289632930875 -0.067585355137149097 -0.1193818372323505 0.051802736128289763 0.03800668335486887 -0.071570056598417309 -0.14206575018553275 -0.075090897168249973 -0.085386199088054365 0.017572121401363855 -0.15506863837892909 -0.17960182800553004 -0.18047048783327704 -0.15681775470732251 -0.15166593989767355 -0.020935231798160779 -0.1025105795599584 0.028542043852412838 0.049329506755277863 -0.48763414693267271 0.050467771675234946 -0.13461874232903218 -0.05419299175230792 -0.069518826405585557 -0.17468181052877785
leaf_weight=3004.1204289346933 85378.94654654339 104.17194042541087 878.06938731297851 40.553363598883152 2307.6250622048974 1309.1682860720903 78.371106155216694 61.091837797313929 70.87448238581419 110.83794832415879 74.110897617414594 3463.5650437995791 845.33481073193252 242.05648710764945 204.05787769146264 22.713607225567102 2117.28567038849 3557.558306992054 15972.494868787006 54.175898298621178 52.294323742389679 113.89732095599174 70.059387164190412 57.007187083363533 1.1135337185114611 7849.4570359438658 502.16406314074993 103.0050649009645 26.614115800708532 173.37587434053421
leaf_count=151771 4505638 1688 5907 424 117454 12914 2590 903 2051 3732 1466 55011 18753 3723 9403 396 16924 26463 127866 383 1681 3005 2841 2759 49 404172 7989 2156 745 1114
internal_value=0.00249714 -0.121657 0.0449033 -0.140256 -0.0749614 0.0471207 0.0143595 0.0270526 -0.156503 -0.160714 -0.0999723 -0.133038 -0.128926 -0.16602 0.0382142 -0.16504 -0.162639 -0.178496 -0.159484 -0.244922 0.048844 -0.0191509 -0.054738 -0.018353 0.0460767 0.0499952 -0.12651 -0.0724182 0.00154599 -0.160273
internal_weight=128846 32804.2 96042 29385.5 7010.45 95038.2 9659.23 2543.21 1622.1 22375 687.113 4467.25 4308.9 1551.22 3418.75 1003.79 21687.9 3598.11 18089.8 158.348 8037.13 414.629 210.571 135.378 2308.74 7901.75 576.275 125.719 96.6735 234.468
internal_count=5491971 547984 4943987 380219 195355 4935528 429890 119520 18688 184864 13187 75835 73764 16637 167765 8459 171677 26887 144790 2071 411202 15994 6591 5349 117503 405853 9455 2552 3586 2017
is_linear=0
shrinkage=0.05


Tree=5
num_leaves=31
num_cat=0
split_feature=0 2 1 2 3 2 2 3 2 1 2 3 2 3 2 1 2 3 2 3 0 0 3 3 1 0 0 2 3 2
split_gain=233323 36890.3 11811.7 12772 11090.6 3587.22 16719.9 3302.51 1836.14 945.608 914.274 559.983 923.814 542.653 404.576 403.254 395.816 330.655 439.931 318.997 298.868 196.566 170.688 171.11 160.683 138.043 98.4067 98.1937 88.3804 60.576
threshold=0.81577353924098361 4.1845458315089283 1.0000000180025095e-35 6.2650369572774673 7.2227849702893554 4.0613265649149151 4.2361428001878414 7.5289283282427251 4.1097330857824828 1.5000000000000002 4.4924429902710079 5.4424826413705318 4.4084610982207808 4.6348260661835381 4.3328061510596445 1.5000000000000002 4.1382565856210851 4.5436670406715125 4.2361428001878414 7.9584020480681064 0.43543679404407926 0.9278513163069585 7.3159499364080736 7.3086765227895567 1.0000000180025095e-35 0.50735983250806516 0.94312317587993444 6.6817274012699155 4.4425335955884924 4.0880286038569347
decision_type=2 2 2 2 2 2 2 2 2 2 2 2 2 2 2 2 2 2 2 2 2 2 2 2 2 2 2 2 2 2
left_child=1 16 3 11 5 -2 8 20 26 17 -11 14 -13 21 -3 -10 29 28 -19 22 -5 -8 23 -6 25 -18 -7 -12 -4 -1
right_child=4 2 9 7 19 6 13 -9 15 10 27 12 -14 -15 -16 -17 24 18 -20 -21 -22 -23 -24 -25 -26 -27 -28 -29 -30 -31
leaf_value=0.048566156586925174 0.050818898893251467 -0.094631737877197072 -0.08667085773059835 -0.092270551792367705 -0.16790549921017539 -0.02784318740259625 -0.078808864377713769 -0.13838398568163399 -0.1558847696315066 0.039340288404504889 -0.11886781309176325 0.01337554570210049 -0.10442733469627802 0.050305769097404668 -0.14241411014459274 0.052829821215351416 0.004579156199941435 -0.045238361811916178 -0.13871320748075136 -0.045802357091095661 0.046822148500279756 0.010520060421586057 -0.15704538624301245 -0.00022492647487484032 0.026773796654719358 -0.083970485180458021 0.05057050593662276 -0.076486117908638004 -0.2193601284330057 0.030602207682216401
leaf_weight=3072.7460943907499 80460.297904193401 595.94082280248404 13.658893108367918 39.293219016864896 26.211945256218314 63.695932455360889 97.979494534432888 276.83863037079573 1338.3782908022404 127.51640542782843 477.72477791085839 177.92521452903748 2574.2879186458886 7493.9105484653264 1726.1842535305768 23.54988757148385 80.555295629426837 126.52940087765455 24289.678916864097 82.510804180055857 2253.6634885463864 165.7841178253293 660.4752505607903 36.261492868885398 147.75481151416898 97.023544240742922 107.60264906659722 191.43361608684063 154.501230340451 553.87655283138156
leaf_count=166741 4458912 9922 100 821 336 2637 1479 2154 10501 4489 6629 5239 43036 404785 19969 582 3750 2757 172626 1772 120209 3836 3633 318 5969 2478 5651 3517 1204 25919
internal_value=0.00254866 -0.103287 -0.120563 -0.0660753 0.0457645 0.0474221 0.0180056 0.0247435 -0.132871 -0.136973 -0.083361 -0.112069 -0.0968116 0.0478248 -0.130151 -0.152276 0.0410832 -0.13871 -0.138229 -0.138943 0.0444386 -0.0226627 -0.149573 -0.0705786 -0.0117488 -0.0438016 0.021413 -0.106743 -0.208582 0.0458226
internal_weight=127534 36977.1 33025.2 7644.13 90556.7 89751.2 9290.9 2569.8 1533.23 25381 796.675 5074.34 2752.21 7757.67 2322.13 1361.93 3951.96 24584.4 24416.2 805.459 2292.96 263.764 722.949 62.4734 325.334 177.579 171.299 669.158 168.16 3626.62
internal_count=5491971 597529 392672 201350 4894442 4888383 429471 123184 19371 191322 14635 78166 48275 410100 29891 11083 204857 176687 175383 6059 121030 5315 4287 654 12197 6228 8288 10146 1304 192660
is_linear=0
shrinkage=0.05


Tree=6
num_leaves=31
num_cat=0
split_feature=0 2 3 1 2 2 2 3 2 1 2 3 3 2 2 1 0 2 3 3 0 0 1 2 3 3 0 3 0 2
split_gain=204181 29432 9899.83 8975.36 10118.3 3570.15 14494.6 2840.6 1388.94 731.594 727.468 526.622 526.592 1246.18 384.064 339.511 296.227 345.522 275.567 251.796 245.743 164.668 141.038 138.893 135.734 128.343 120.108 83.7036 66.1274 61.8886
threshold=0.81577353924098361 4.1845458315089283 7.2227849702893554 1.0000000180025095e-35 6.2840127217011625 4.0613265649149151 4.2361428001878414 7.5289283282427251 4.0982006077102948 1.5000000000000002 4.4924429902710079 4.6348260661835381 7.1772097324303674 5.676703105257821 4.1382565856210851 1.5000000000000002 0.22576532962289497 4.4524223690016962 5.0591714496897406 7.9584020480681064 0.43543679404407926 0.92415223574549865 1.0000000180025095e-35 5.8138794391169242 7.3159499364080736 7.3086765227895567 0.35510742169672516 8.4580160548255012 0.9278513163069585 4.0880286038569347
decision_type=2 2 2 2 2 2 2 2 2 2 2 2 2 2 2 2 2 2 2 2 2 2 2 2 2 2 2 2 2 2
left_child=1 14 5 4 12 -2 8 20 28 16 -11 21 13 -3 29 -10 17 -5 -18 24 -6 -8 26 -14 25 -4 -16 -12 -7 -1
right_child=2 3 19 9 7 6 11 -9 15 10 27 -13 23 -15 22 -17 18 -19 -20 -21 -22 -23 -24 -25 -26 -27 -28 -29 -30 -31
leaf_value=0.048406177410507623 0.050766607130626341 -0.099021368033193974 -0.14043072758664302 0.031794550334302861 -0.081072535507071664 -0.021477034141657969 -0.071171777953177931 -0.12073901767091469 -0.13287564053713152 0.038781058705911767 -0.090985165915125482 0.050224963489115343 -0.21046982241988729 0.0093186831520140363 0.045171954217240094 0.052550745535224389 -0.1359939347345325 -0.13385331558587102 -0.11666417476129567 -0.041735690900355088 0.04659150540824511 0.0095178457109904597 0.02609551664962962 -0.13557415318904784 -0.13829826476879459 -0.0002136400236263822 -0.05898932903492652 -0.26436231275688049 0.049128585281166252 0.029956590820358932
leaf_weight=2932.305332235992 76613.050817191601 5045.1108092982322 29.671131782233715 31.710983760654926 38.368485316634178 48.041470954194665 101.89407465606928 295.82149010524154 1493.9520031660795 123.002551227808 723.54550376161933 7139.6094051152468 106.60486768186092 280.1645070835948 33.889265697449446 25.100764226168394 2027.243064891547 4334.0246381908655 20376.397486304864 85.929765611886978 2147.6629392765462 166.62577750720084 144.109389917925 147.62199627235532 711.05698891729116 36.267474770545959 150.94819986447692 7.0290912538766852 107.07198019325733 537.93199159950018
leaf_count=166741 4458912 68896 336 310 737 2048 1431 2119 10771 4489 10068 404785 1052 7157 1647 685 14090 26577 135710 1772 119919 3884 5969 1470 3633 318 4581 78 5867 25919
internal_value=0.00257522 -0.0916499 0.0455559 -0.105736 -0.0593174 0.0472528 0.0176121 0.0246731 -0.115259 -0.119282 -0.0737133 0.0476396 -0.0966778 -0.0933216 0.0406517 -0.129812 -0.120735 -0.13265 -0.118413 -0.122952 0.0443508 -0.0211011 -0.0109832 -0.16698 -0.131934 -0.0633087 -0.0398917 -0.0926533 0.0272607 0.0455463
internal_weight=126042 39483.5 86558.3 35684.3 8061.36 85695.3 9082.3 2481.85 1674.17 27623 853.577 7408.13 5579.5 5325.28 3799.18 1519.05 26769.4 4365.74 22403.6 862.925 2186.03 268.52 328.947 254.227 776.996 65.9386 184.837 730.575 155.113 3470.24
internal_count=5491971 597529 4894442 392672 201350 4888383 429471 122775 19371 191322 14635 410100 78575 76053 204857 11456 176687 26887 149800 6059 120656 5315 12197 2522 4287 654 6228 10146 7915 192660
is_linear=0
shrinkage=0.05


Tree=7
num_leaves=31
num_cat=0
split_feature=2 1 2 0 1 2 0 0 0 2 3 3 0 0 2 0 3 3 3 2 0 3 3 2 1 0 2 0 3 0
split_gain=180928 37979.1 16863 7484.51 1103.61 938.469 823.41 744.709 693.087 628.765 513.161 1120.99 532.09 389.94 372.335 337.485 1711.19 317.537 308.196 276.096 338.816 230.956 141.449 120.075 111.942 108.798 89.3182 83.404 81.2007 67.0638
threshold=4.1382565856210851 1.0000000180025095e-35 5.0694315452519909 0.49796220620923276 1.5000000000000002 4.4524223690016962 0.88538151868654846 0.26337961663928472 0.31410302578058374 4.4524223690016962 7.3159499364080736 7.3001858006628737 0.17018869910310372 0.58808560373301499 4.3328061510596445 0.87944742823944022 6.0717185978016612 7.2943637121476916 7.3233027137203726 4.0880286038569347 0.84447347567522713 7.6003022744640454 4.9159581800171894 6.6817274012699155 1.5000000000000002 0.53804512297100382 4.2361428001878414 0.17018869910310372 4.1648806837103782 0.99999915540540552
decision_type=2 2 2 2 2 2 2 2 2 2 2 2 2 2 2 2 2 2 2 2 2 2 2 2 2 2 2 2 2 2
left_child=19 2 6 7 10 -6 8 27 9 -2 11 12 -3 -13 -10 16 -5 -9 25 -1 -21 -20 -7 -24 28 -12 -8 -4 29 -22
right_child=1 4 3 15 5 22 26 17 14 -11 18 13 -14 -15 -16 -17 -18 -19 21 20 24 -23 23 -25 -26 -27 -28 -29 -30 -31
leaf_value=0.050591361903289916 0.015940035797712745 -0.15735191909518392 -0.1507346030158157 -0.071812471962650004 0.047022802745968234 0.032223369928645919 -0.071780787309813923 -0.033624235974026064 -0.068492302128704149 -0.076060929531882801 -0.11755755007359861 -0.070749869802367429 -0.10018703027929043 0.021377873240904066 -0.10548327186478733 0.050475075093962166 0.045464492991890253 -0.10087344266216319 -0.092746840174430606 0.028776703059592564 0.036609003213687881 -0.11178505063647209 -0.092941067857133713 -0.053160330333367957 0.05141894083194546 -0.13808325148135342 0.046982349376006156 -0.11018443179570586 -0.16669999166145494 -0.32962670852942028
leaf_weight=75878.802749378607 267.06421886384487 418.3832930624485 221.97022717446089 361.57672576978803 188.9545766543597 29.288616012781858 18.066035374999046 641.05469559505582 876.13084832392633 609.67361451685429 1271.7528794407845 219.58709495514631 15050.548803828657 240.81988508999348 3043.0544564854354 6394.9911129623652 2225.2697673719376 241.72172923572361 1857.6459496095777 538.29805074445903 9.5136723425239289 11182.124373964965 562.93796857260168 286.09548047184944 10.22592053376138 1311.2550217807293 127.98307385854423 295.77752556651831 36.580066688358784 1.4390670172870166
leaf_count=4633032 7494 2853 1585 6479 7131 966 231 12001 14810 8935 6030 1545 112639 2147 31555 386138 126059 2148 11040 26285 235 61178 6769 4997 391 6872 6320 3375 700 31
internal_value=0.00258457 -0.0735661 -0.0086394 0.0275473 -0.104068 -0.0540629 -0.0846623 -0.0799607 -0.0882239 -0.0480364 -0.10576 -0.0994449 -0.101733 -0.0225617 -0.097214 0.0443108 0.0290721 -0.0520384 -0.112198 0.0503251 0.0164284 -0.109073 -0.0758096 -0.0795363 -0.0986545 -0.127977 0.0322915 -0.127569 -0.13094 -0.0115103
internal_weight=124419 47943.7 15324.3 10382.4 32619.4 1067.28 4941.97 1400.52 4795.92 876.738 31552.1 15929.3 15468.9 460.407 3919.19 8981.84 2586.85 882.776 15622.8 76474.9 596.057 13039.8 878.322 849.033 57.7587 2583.01 146.049 517.748 47.5328 10.9527
internal_count=5491971 831297 607130 537785 224167 19863 69345 19109 62794 16429 204304 119184 115492 3692 46365 518676 132538 14149 85120 4660674 27642 72218 12732 11766 1357 12902 6551 4960 966 266
is_linear=0
shrinkage=0.05


Tree=8
num_leaves=31
num_cat=0
split_feature=2 1 0 2 1 2 0 2 3 3 3 0 3 0 0 2 0 3 0 3 3 0 3 3 3 1 2 2 0 0
split_gain=162984 30899.6 14541.9 5451.68 901.15 793.057 740.501 562.755 1747.78 508.64 901.715 414.843 387.194 341.722 341.132 279.045 295.559 267.347 221.486 192.902 171.798 167.025 1221.19 115.541 102.824 102.435 81.6118 77.4028 72.6016 70.6109
threshold=4.1382565856210851 1.0000000180025095e-35 0.58344428527736492 5.0694315452519909 1.5000000000000002 4.4524223690016962 0.87944742823944022 5.8138794391169242 7.3159499364080736 7.3159499364080736 7.2735851868708936 0.57374697000709707 6.9823059413278932 0.17018869910310372 0.42453889481418622 4.0880286038569347 0.72540013115155599 7.3233027137203726 0.3654363882654203 7.6003022744640454 4.7699215892209272 0.88842842617696405 6.0717185978016612 4.9159581800171894 5.49392522624838 1.5000000000000002 4.2047331123241749 6.7412711744104419 0.14402769709617944 0.88258299108762361
decision_type=2 2 2 2 2 2 2 2 2 2 2 2 2 2 2 2 2 2 2 2 2 2 2 2 2 2 2 2 2 2
left_child=15 2 7 6 9 -6 20 12 18 10 13 -12 14 -3 -2 -1 -17 27 -9 -19 -4 22 -5 -7 -25 29 -8 -11 -14 -18
right_child=1 4 3 21 5 23 26 8 -10 17 11 -13 28 -15 -16 16 25 19 -20 -21 -22 -23 -24 24 -26 -27 -28 -29 -30 -31
leaf_value=0.050536748438095039 -0.058572989225828015 -0.1348141774616449 -0.062405293440926796 -0.079021963147713231 0.046708615496445643 0.031539270984076724 -0.07303127128281503 -0.068317078017303898 -0.0959134211470241 -0.10717478107217404 -0.073423897167641153 -0.0024526461442717245 -0.18034436200658577 -0.090119823750391861 -0.084726274091533715 0.033666953981352957 -0.038965465273831316 -0.083687073452821781 0.041955049097103424 -0.1006530659687106 -0.10777176447403013 0.050445291749361701 0.047465769458282181 -0.1181013375439206 -0.064788855040252988 0.051198392697092115 0.04328550060540523 -0.12405741534716144 -0.11731108468162842 -0.12457813600314825
leaf_weight=72254.186018018052 2659.5315105188638 439.66984258592129 325.58585566096008 214.18132247775793 180.91792366094887 28.449234798550606 17.071383491158485 50.352166153490543 552.37946844287217 1392.6601487994194 409.08781918138266 414.55347868055105 79.529373809695244 15667.914826342836 2347.2889760322869 469.38959686085582 56.354728477075696 1953.1626485139132 476.06373719125986 11781.163428895175 581.20801301300526 6072.1884984485805 1749.6157775372267 101.93004287965596 802.60376362688839 19.020202029496431 129.29246387258172 1324.7056448608637 107.33740070462227 42.059364389628172
leaf_count=4633032 38927 2720 3948 4890 7131 966 212 1007 4294 6321 2715 3569 619 110180 24264 24528 1489 11040 23349 61178 6011 385009 106919 1084 10682 859 6468 6581 1213 766
internal_value=0.00258156 -0.0670714 -0.00808552 0.0323274 -0.0933382 -0.0490979 -0.0746387 -0.0666459 -0.0337851 -0.0948143 -0.0887306 -0.0377028 -0.0734716 -0.0913398 -0.0708341 0.0502579 0.0159182 -0.101075 0.0314074 -0.0982403 -0.0914829 0.0463459 0.0336704 -0.067676 -0.0707965 -0.0550245 0.0297187 -0.115405 -0.144138 -0.0755539
internal_weight=122699 49858.4 15361.6 9089.14 34496.8 1113.9 1053.16 6272.48 1078.8 33382.9 16931.2 823.641 5193.69 16107.6 5006.82 72841 586.824 16451.7 526.416 13734.3 906.794 8035.99 1963.8 932.983 904.534 117.434 146.364 2717.37 186.867 98.4141
internal_count=5491971 831297 607130 513457 224167 19863 16639 93673 28650 204304 119184 6284 65023 112900 63191 4660674 27642 85120 24356 72218 9959 496818 111809 12732 11766 3114 6680 12902 1832 2255
is_linear=0
shrinkage=0.05


Tree=9
num_leaves=31
num_cat=0
split_feature=2 1 0 2 3 1 2 3 3 2 3 2 0 0 2 0 3 2 3 0 2 3 0 1 3 3 0 0 3 1
split_gain=147663 25544.8 12828.2 5588.6 2047.81 753.138 677.981 503.555 734.09 310.102 615.365 364.19 309.669 294.921 281.874 265.383 239.708 201.867 165.901 155.208 99.998 190.034 88.5288 86.2799 82.0155 77.7344 57.8517 51.4691 71.5354 45.7541
threshold=4.1382565856210851 1.0000000180025095e-35 0.84920684346295017 6.2840127217011625 7.3955494728005915 1.5000000000000002 4.4524223690016962 7.3159499364080736 7.3001858006628737 4.3694757063636134 5.0938422168791631 5.0937916101349279 0.14402769709617944 0.58808560373301499 4.0880286038569347 0.72540013115155599 7.3233027137203726 4.4924429902710079 7.6003022744640454 0.47638594757386876 4.7881671074430008 6.6746245191423315 0.37481942638641602 1.5000000000000002 7.9810273183704767 7.2227849702893554 0.51692778477187551 0.88258299108762361 4.1648806837103782 1.0000000180025095e-35
decision_type=2 2 2 2 2 2 2 2 2 2 2 2 2 2 2 2 2 2 2 2 2 2 2 2 2 2 2 2 2 2
left_child=14 2 3 9 19 7 -7 8 12 10 -2 -11 -3 -10 -1 29 26 -4 -18 -5 22 -22 -8 27 -6 -19 -9 -17 -29 -16
right_child=1 5 17 4 24 6 20 16 13 11 -12 -13 -14 -15 15 23 18 25 -20 -21 21 -23 -24 -25 -26 -27 -28 28 -30 -31
leaf_value=0.05048359122960016 -0.074413828461062689 -0.14342613271709589 -0.050079029269060438 -0.036796460520425824 -0.050642962658074178 0.046389748495751344 0.016887930561261193 -0.097540625495176128 -0.057841897562980471 -0.079274213719045319 -0.007208841038209849 -0.051062663017776344 -0.080894479015097526 0.020727122868190742 0.016439098649863832 -0.03569877486306279 -0.076094780038612128 0.050425866084362385 -0.091496267244200291 0.046848291344785187 -0.10497925715197637 -0.052257010687596916 -0.055162041398127595 0.051138671981039663 -0.099787011506756854 -0.10717537146033972 -0.11188198690457873 -0.0033959546286421397 -0.14331039046114666 0.048203604157907316
leaf_weight=68800.862060192972 778.18832961656153 200.29959002137184 50.592486251145601 57.157037159428 128.93834772519767 173.24777305312455 69.807938154786825 1310.6612520217896 240.30655027925968 4094.0049415826797 605.77141843736172 1587.575982844457 17151.266909319907 237.46319057047367 216.62633091211319 58.38100409694016 2038.2892016321421 5960.1234391108155 12297.867396391928 1867.5060768323019 246.37656750157475 558.03768242523074 109.52443660609424 18.11317165568471 248.55265393480659 7.8343793228268614 1517.200641900301 12.447176996618508 34.33750593662262 237.83002683334053
leaf_count=4633032 10669 1149 713 1626 1562 7131 1272 5748 1545 40675 11619 23681 114343 2147 11132 1489 11040 395551 61178 119679 2318 7291 1851 859 1173 182 7154 266 500 13396
internal_value=0.00256917 -0.0615401 -0.00758239 -0.0441769 0.0234798 -0.0845055 -0.0448157 -0.0858178 -0.0799328 -0.0662214 -0.0449976 -0.0713912 -0.0816163 -0.0187912 0.0501915 0.0154125 -0.0919308 0.0493759 -0.0893065 0.0443643 -0.060878 -0.0684048 -0.0271155 -0.049652 -0.083001 0.050219 -0.105235 -0.0670116 -0.106086 0.0330624
internal_weight=120915 51536.6 15386.2 9367.69 2302.15 36150.3 1156.99 34993.4 17829.3 7065.54 1383.96 5681.58 17351.6 477.77 69378.6 577.735 17164 6018.55 14336.2 1924.66 983.747 804.414 179.332 123.279 377.491 5967.96 2827.86 105.166 46.7847 454.456
internal_count=5491971 831297 607130 210684 124040 224167 19863 204304 119184 86644 22288 64356 115492 3692 4660674 27642 85120 396446 72218 121305 12732 9609 3123 3114 2735 395733 12902 2255 766 24528
is_linear=0
shrinkage=0.05


Tree=10
num_leaves=31
num_cat=0
split_feature=2 1 0 2 3 1 2 3 3 0 3 2 2 0 3 0 2 3 2 3 2 1 3 2 3 0 1 0 3 2
split_gain=134408 21391.7 11630.8 4718.73 1780.05 640.606 585.255 498.205 612.71 320.031 299.744 780.743 284.408 239.291 220.139 208.685 191.59 151.182 147.351 91.0022 76.0125 73.6553 70.0412 53.2651 49.5307 46.029 45.4844 38.7368 52.074 35.8205
threshold=4.1382565856210851 1.0000000180025095e-35 0.84920684346295017 6.3581886470639946 7.5289283282427251 1.5000000000000002 4.4524223690016962 7.3159499364080736 7.2540859042396688 0.56126945381299154 7.1772097324303674 5.8138794391169242 4.0880286038569347 0.72540013115155599 7.3233027137203726 0.45574190124011732 4.4924429902710079 7.7766189032103208 7.0099275978482467 4.9159581800171894 6.6817274012699155 1.5000000000000002 7.2227849702893554 5.676703105257821 7.9810273183704767 0.43543679404407926 1.0000000180025095e-35 0.88258299108762361 4.1648806837103782 4.0418937251385625
decision_type=2 2 2 2 2 2 2 2 2 2 2 2 2 2 2 2 2 2 2 2 2 2 2 2 2 2 2 2 2 2
left_child=12 2 3 10 18 7 -7 8 15 -10 11 -2 29 26 25 -3 -4 -16 -5 -8 -21 27 -18 -12 -6 -9 -14 -15 -29 -1
right_child=1 5 16 4 24 6 19 14 9 -11 23 -13 13 21 17 -17 22 -19 -20 20 -22 -23 -24 -25 -26 -27 -28 28 -30 -31
leaf_value=0.050583758529175619 -0.060312041946758876 -0.069417469891593336 -0.045668058029453562 0.044854663358115034 -0.050125645261465734 0.046065722203207475 0.032062195441356689 -0.08849695290752202 -0.060846347364748012 -0.0033664006175123857 -0.13217037462763104 0.027236816995574495 0.015871801425516804 -0.032809555436264508 -0.073368101365415286 -0.080291961137140669 0.050369935641618929 -0.084808960684251436 -0.24591383575713754 -0.067322103034079109 -0.038037317113739692 0.051081986399242107 -0.092166483300124835 -0.090782756385383065 -0.092147814325271027 -0.10155395861441252 0.048029549183920855 -0.0032161347391956711 -0.12068549150444551 0.041439380447259262
leaf_weight=64421.957061453722 6861.7215792387724 9116.5003081411123 52.649033531546593 1815.5166705874726 98.367032185196877 165.92857406288385 29.090818980708718 1060.2174340486526 516.83050684630871 455.65085060894489 109.90134927630424 264.46678328793496 213.23859455436468 60.294158549979329 3923.7879156172276 8548.8133333213627 5675.5823501385748 10933.310384936631 4.3675977345556012 670.67222795262933 330.9181296415627 17.248418917879462 8.6318136565387231 265.64671554043889 244.21504467725754 1857.5445156246424 227.030298368074 12.484974723309277 38.611045479774475 1089.0405705440789
leaf_count=4558490 77547 56577 713 119301 903 7131 966 4524 3098 3810 761 8761 11132 1489 20202 55699 395551 52016 140 6769 4997 859 182 2157 1114 8378 13396 266 500 74542
internal_value=0.0025499 -0.0567561 -0.00712149 -0.040599 0.0244747 -0.0770815 -0.0410844 -0.0782645 -0.0725529 -0.0339144 -0.0593573 -0.0570629 0.0501261 0.0149261 -0.0842533 -0.07468 0.0492741 -0.0817874 0.0441568 -0.0551146 -0.0576466 -0.0450649 0.0501535 -0.102895 -0.0800818 -0.0968095 0.0324544 -0.059953 -0.0919826 0.0504317
internal_weight=119090 53010.3 15401.1 9664.2 2162.47 37609.3 1196.61 36412.7 18637.8 972.481 7501.74 7126.19 66079.9 568.907 17774.9 17665.3 5736.86 14857.1 1819.88 1030.68 1001.59 128.639 5684.21 375.548 342.582 2917.76 440.269 111.39 51.096 65511
internal_count=5491971 831297 607130 210684 121458 224167 19863 204304 119184 6908 89226 86308 4660674 27642 85120 112276 396446 72218 119441 12732 11766 3114 395733 2918 2017 12902 24528 2255 766 4633032
is_linear=0
shrinkage=0.05


Tree=11
num_leaves=31
num_cat=0
split_feature=2 1 0 2 3 1 2 3 3 2 0 2 0 0 2 3 3 2 2 0 1 3 3 3 2 0 3 0 0 0
split_gain=122838 18067.4 10543.6 3988.62 1627.71 608.107 573.648 506.715 511.759 279.798 494.242 278.838 243.49 230.519 211.587 205.563 161.081 148.017 128.233 99.7543 130.73 77.205 68.4282 64.0097 54.5513 53.7209 53.6234 40.4177 36.6492 32.465
threshold=4.1213213202479668 1.0000000180025095e-35 0.84920684346295017 6.3581886470639946 7.4623641223651669 1.5000000000000002 4.4524223690016962 7.3159499364080736 7.3001858006628737 4.3328061510596445 0.39386211998961224 5.0937916101349279 0.17018869910310372 0.58808560373301499 4.5341594832340997 7.3233027137203726 8.4580160548255012 4.0613265649149151 7.0099275978482467 0.71821806542236111 1.0000000180025095e-35 4.9159581800171894 5.49392522624838 7.2227849702893554 4.0982006077102948 0.9295828297379839 7.9810273183704767 0.96961856208317865 0.43543679404407926 0.93525423548872499
decision_type=2 2 2 2 2 2 2 2 2 2 2 2 2 2 2 2 2 2 2 2 2 2 2 2 2 2 2 2 2 2
left_child=17 2 3 9 18 7 -7 8 12 10 -2 -11 -3 -10 27 28 -17 -1 -5 -19 29 -8 -23 -16 -22 -26 -6 -4 -9 -21
right_child=1 5 14 4 26 6 21 15 13 11 -12 -13 -14 -15 23 16 -18 19 -20 20 24 22 -24 -25 25 -27 -28 -29 -30 -31
leaf_value=0.05047837283049468 0.015120278809649704 -0.10036133359985 -0.062559785515774208 0.04490375611336813 -0.043483824591483498 0.046328857277049926 0.031377574230855375 -0.082339249589978097 -0.048417921808724146 -0.06398417244901082 -0.052349349641707177 -0.040891010230210273 -0.066434766087956579 0.020123520059102593 0.050324120901035108 -0.073293117235709901 -0.088106206422355587 0.040764935705715571 -0.20951794597375861 -0.062270519718518894 0.042767356527939941 -0.087741127467091076 -0.047749563695804714 -0.08044547582456657 0.0095940317812230266 -0.13293774135658429 -0.085119860268063133 0.031438305505971459 -0.093859079555543429 0.01096364465005621
leaf_weight=61895.872395214625 385.85818083770573 544.52820996940136 49.729538487270474 1729.4101697960868 111.77075976319611 179.77787254098803 28.260569984093308 1081.9307780265808 257.34319826960564 4810.1258594561368 915.31499234586954 1794.9177974164486 18380.1097761821 234.40875893086195 5403.5077839996666 13174.151130214334 2132.2815060019493 626.6032512197271 4.9668071195483199 67.833316043950617 140.63103444036096 120.94899646565318 925.08844003081322 9.3740032762289029 25.365274467505515 8.9412197284400445 250.9735446497798 14.851207273080943 1907.9449920207262 19.478677226230502
leaf_count=4599420 9346 2853 666 119116 1101 8421 966 4524 1545 43473 13498 26263 115041 2147 395504 63248 8970 40635 127 2721 9048 1084 10682 182 750 127 1114 228 8378 793
internal_value=0.00252517 -0.0524353 -0.00673918 -0.0372732 0.0240298 -0.0705895 -0.0363368 -0.0717285 -0.0661024 -0.0535338 -0.0323415 -0.0577086 -0.067411 -0.0157455 0.0490243 -0.077699 -0.0753567 0.0501874 0.0441752 0.0299286 0.00403695 -0.0501705 -0.0523736 0.0500977 0.0289769 -0.0275537 -0.0722907 -0.0409437 -0.0896905 -0.0459325
internal_weight=117232 54447.6 15480.8 10003.3 2097.12 38966.8 1254.08 37712.7 19416.4 7906.22 1301.17 6605.04 18924.6 491.752 5477.46 18296.3 15306.4 62784.7 1734.38 888.853 262.25 1074.3 1046.04 5412.88 174.938 34.3065 362.744 64.5807 2989.88 87.312
internal_count=5491971 838477 610618 214038 121458 227859 21153 206706 121586 92580 22844 69736 117894 3692 396580 85120 72218 4653494 119243 54074 13439 12732 11766 395686 9925 877 2215 894 12902 3514
is_linear=0
shrinkage=0.05


Tree=12
num_leaves=31
num_cat=0
split_feature=2 1 0 2 3 3 2 3 3 3 2 0 1 3 2 3 2 2 0 0 1 0 1 3 2 3 0 0 2 0
split_gain=112641 15427.1 9626.63 3422.59 1492.07 569.362 408.471 586.229 430.535 264.024 613.752 245.821 237.042 215.146 202.265 189.04 365.649 151.803 105.019 96.6184 116.696 89.8159 78.2944 59.1299 51.3343 48.6438 43.1178 41.8727 39.4897 34.4583
threshold=4.1213213202479668 1.0000000180025095e-35 0.84920684346295017 6.3581886470639946 7.4623641223651669 7.3159499364080736 4.1845458315089283 4.2047672406880237 7.2540859042396688 7.1772097324303674 5.8138794391169242 0.56126945381299154 1.5000000000000002 7.3233027137203726 4.5341594832340997 8.4580160548255012 7.7655073004765951 4.0613265649149151 0.51692778477187551 0.71821806542236111 1.0000000180025095e-35 0.6773993455261399 1.5000000000000002 7.2227849702893554 4.0982006077102948 7.9810273183704767 0.9295828297379839 0.55449294601117682 5.676703105257821 0.96961856208317865
decision_type=2 2 2 2 2 2 2 2 2 2 2 2 2 2 2 2 2 2 2 2 2 2 2 2 2 2 2 2 2 2
left_child=17 2 3 9 18 6 7 22 12 10 -2 -10 -8 -7 29 16 -15 -1 -5 -19 -21 -9 -3 -16 -22 -6 -26 -17 -11 -4
right_child=1 5 14 4 25 13 8 21 11 28 -12 -13 -14 15 23 27 -18 19 -20 20 24 -23 -24 -25 26 -27 -28 -29 -30 -31
leaf_value=0.050433586977437987 -0.049448234829464636 -0.14368640851872885 -0.056520907886643927 -0.01192235759001866 -0.039979933347898289 -0.083475531204351097 -0.063078827976889809 0.04462646870234805 -0.050921280425077431 -0.11213125485741515 0.027574162387834618 -0.0018843144168808766 -0.033880216594189751 -0.068431056873766688 0.050270559593085296 -0.081913209152647215 -0.024550652866258484 0.040327400674329869 0.046680876614284834 -0.041740369792362154 0.042384221592563276 -0.015713535609053694 0.05150016370903146 -0.071028522817795134 0.009194657929340844 -0.079069311666454756 -0.11414107611072473 -0.14167441429954816 -0.078016619261510226 0.030670459835213909
leaf_weight=58928.144168892875 7546.8338658418506 71.299071490764618 52.222086727619171 80.330498836934566 115.39004479721189 3061.7269816920161 18758.03998812288 198.10573582723737 568.29371012747288 120.6260099709034 267.82065493613482 464.43404572457075 721.83847893960774 13493.157694689929 5145.3147462913767 2146.3443468809128 492.0610508620739 602.3483946416527 1581.6245160624385 91.127402082085609 134.95138400793076 89.547891811467707 5.536694547161459 10.066559605300425 25.149313731119037 256.51726271957159 9.8663084805011732 29.71692880988121 285.84661388769746 14.471620960161088
leaf_count=4599420 80901 409 666 3322 1101 12977 107800 8499 3228 761 8761 3823 11270 64902 395504 8868 4273 40635 115921 3514 9048 1414 216 182 750 1114 127 180 2157 228
internal_value=0.00249633 -0.0487479 -0.00634529 -0.0344848 0.0235896 -0.0651137 -0.0593967 -0.00693003 -0.060329 -0.0488521 -0.0468086 -0.0288686 -0.0619969 -0.0713226 0.0489145 -0.0690202 -0.0668872 0.0501286 0.0438483 0.0293156 0.00391125 0.0258423 -0.129621 0.0500337 0.0283873 -0.0669412 -0.0255575 -0.0827293 -0.0881406 -0.0376016
internal_weight=115369 55577.2 15477.1 10255 2033.86 40100.1 20877.1 364.489 20512.6 8221.13 7814.65 1032.73 19479.9 19223 5222.08 16161.3 13985.2 59791.6 1661.96 863.443 261.094 287.654 76.8358 5155.38 169.967 371.907 35.0156 2176.06 406.473 66.6937
internal_count=5491971 838477 610618 214038 121458 227859 136659 10538 126121 92580 89662 7051 119070 91200 396580 78223 69175 4653494 119243 54074 13439 9913 625 395686 9925 2215 877 9048 2918 894
is_linear=0
shrinkage=0.05


Tree=13
num_leaves=31
num_cat=0
split_feature=2 1 0 2 0 3 3 2 3 2 0 2 3 3 3 3 0 3 2 2 2 0 0 1 0 2 3 0 0 0
split_gain=103588 13271.3 8821.49 2968.3 1575.76 549.093 355.114 357.571 501.719 233.509 340.661 220.514 204.929 192.302 1003.6 190.518 186.202 181.706 169.774 155.599 103.255 94.1901 93.5844 105.293 90.0638 47.7102 45.0135 35.0601 30.4871 106.034
threshold=4.1213213202479668 1.0000000180025095e-35 0.87944742823944022 6.1832249333998952 0.47638594757386876 7.3159499364080736 7.3001858006628737 4.1845458315089283 4.2047672406880237 4.3004826673323846 0.37481942638641602 6.8284965825503106 7.3233027137203726 7.9810273183704767 7.9584020480681064 5.4424826413705318 0.58808560373301499 7.2943637121476916 7.0099275978482467 4.0613265649149151 4.4924429902710079 0.60531753170340363 0.72540013115155599 1.0000000180025095e-35 0.65404583389057924 4.0982006077102948 7.2227849702893554 0.9295828297379839 0.43543679404407926 0.64922974994475979
decision_type=2 2 2 2 2 2 2 2 2 2 2 2 2 2 2 2 2 2 2 2 2 2 2 2 2 2 2 2 2 2
left_child=19 2 3 9 17 6 7 8 -3 10 -2 -9 28 14 -14 -11 -8 -5 -6 -1 -4 -15 -21 -24 -18 -25 -22 -27 -7 -30
right_child=1 5 20 4 18 12 16 11 -10 15 -12 -13 13 21 -16 -17 24 -19 -20 22 26 -23 23 25 -26 27 -28 -29 29 -31
leaf_value=0.050389960332885154 0.024318024700669863 -0.11559232186157375 -0.023826084193948955 0.032172119999884112 0.045908279105812064 -0.071588202716968419 -0.041186701256866916 -0.056172118518750959 0.025215829828580512 -0.057998586069575642 -0.039499959341825833 -0.11073804312453124 -0.064569217831829992 -0.070669858725670415 -0.0058508967991027019 -0.041578717905334586 0.041276533418333441 -0.067186536543530379 -0.065326710550772216 0.039615585474178802 0.050325698205599873 -0.050127955906353716 -0.039942753137243166 0.041749141913954749 -0.025188528441451859 0.0091313253820461699 -0.060025413115598461 -0.099725662263266249 -0.097754232796926743 -0.073448131846150483
leaf_weight=56101.497889512219 273.67245810106397 81.690115603618324 47.677417343482375 51.198549652472138 1639.8655287511647 1126.336663916707 277.00729534775019 20421.571765614673 280.44033573940396 3090.85504129529 886.40107459574938 186.84836727753282 6980.0761748701334 8116.4461204335093 812.39639416337013 4123.2930810041726 155.96870289742947 454.4911217559129 35.035497082397342 587.85700211394578 4851.5138712739572 599.23810945078731 90.602948254905641 126.02809311356395 75.709642522037029 23.93926729913801 9.2588632591068727 10.704077329486607 687.57960379123688 1291.5184097364545
leaf_count=4599420 7287 625 640 1874 123035 4586 1588 121372 9913 23590 13206 1010 33945 34749 5536 45531 1503 2662 502 41167 392134 3993 3309 8781 648 690 157 127 3040 5351
internal_value=0.00246433 -0.0454653 -0.00598152 -0.0317351 0.0202267 -0.0603231 -0.0548001 -0.0558014 -0.00654796 -0.0452656 -0.0244447 -0.0566668 -0.0663715 -0.0641548 -0.0584476 -0.0486137 -0.0135215 -0.057127 0.0435815 0.0500703 0.0493973 -0.0692575 0.0286988 0.00315894 0.0195566 0.0274641 0.0501155 -0.0245032 -0.0781552 -0.0818926
internal_weight=113497 56556.1 15463.3 10554.8 2180.59 41092.8 21479.2 20970.6 362.13 8374.22 1160.07 20608.4 19613.6 16508.2 7792.47 7214.15 508.686 505.69 1674.9 56940.6 4908.45 8715.68 839.131 251.274 231.678 160.671 4860.77 34.6433 3105.43 1979.1
internal_count=5491971 838477 610618 217687 128073 227859 136659 132920 10538 89614 20493 122382 91200 78223 39481 69121 3739 4536 123537 4653494 392931 38742 54074 12907 2151 9598 392291 817 12977 8391
is_linear=0
shrinkage=0.05


Tree=14
num_leaves=31
num_cat=0
split_feature=2 1 0 2 0 3 3 1 2 3 2 0 0 3 3 2 0 2 2 3 2 0 1 0 2 3 0 2 1 0
split_gain=95489 11484.3 8104.44 2570.3 1452.11 531.588 310.622 323.05 423.699 222.466 321.359 195.738 323.964 194.995 192.673 305.714 186.838 163.139 159.391 157.858 100.421 90.5501 94.3582 71.2649 45.7083 42.3804 29.2651 28.754 27.6134 27.2687
threshold=4.1213213202479668 1.0000000180025095e-35 0.87944742823944022 6.1832249333998952 0.47638594757386876 7.3159499364080736 7.2540859042396688 1.5000000000000002 4.6141616884197054 7.1123681928467075 5.5245751061938488 0.56126945381299154 0.65404583389057924 7.3233027137203726 8.4580160548255012 7.7655073004765951 0.45574190124011732 6.9354456287757147 4.0613265649149151 7.2943637121476916 4.4924429902710079 0.71821806542236111 1.0000000180025095e-35 0.19145279672441137 4.0982006077102948 7.2227849702893554 0.9295828297379839 5.676703105257821 1.0000000180025095e-35 0.53804512297100382
decision_type=2 2 2 2 2 2 2 2 2 2 2 2 2 2 2 2 2 2 2 2 2 2 2 2 2 2 2 2 2 2
left_child=18 2 3 9 19 6 7 16 -9 10 -2 23 -13 29 15 -15 -3 -6 -1 -5 -4 28 -23 -8 -24 -22 -26 -11 -20 -7
right_child=1 5 20 4 17 13 11 8 -10 27 -12 12 -14 14 -16 -17 -18 -19 21 -21 25 22 24 -25 26 -27 -28 -29 -30 -31
leaf_value=0.050347374381776312 -0.042156563886082382 -0.048676451594413243 -0.022200751717837999 0.031521957228658797 0.046289483298520236 -0.06858918341935473 -0.079352439449904513 0.029950120758256839 -0.046238536028616758 -0.097080545136985497 0.0037978488539941579 0.026844281114415527 -0.063315528442129385 -0.059147297672441701 -0.073582394679736873 -0.019901589736416599 -0.058317554325544745 -0.040571158012439934 0.027179841821174999 -0.062237874719611057 0.050278978578959722 -0.035066367165876543 0.041591128802919923 -0.035158129734878349 0.0083717785979642162 -0.054047517245445424 -0.088279231404179509 -0.068401048721386457 0.049538964158881371 -0.077915940503557796
leaf_weight=53409.401404545642 7880.1978766079992 10421.648931406438 48.585216531530023 49.6807353887707 1549.005420778878 1510.8761357367039 112.27358727157116 269.94625838939101 563.19178875908256 145.57995031028986 399.72885693050921 329.72843947261572 142.778265632689 14070.446770638227 2217.4957898929715 514.35536108911037 9704.6091409921646 56.011600873433053 252.16963586583734 465.79037684760988 4619.0832220632583 97.913281342945993 124.42368881683797 486.41108564287424 24.712402747943997 9.7551103308796865 11.465992897748945 218.67584423720837 305.22453690785915 1628.262730486691
leaf_count=4599420 78735 57123 640 1874 121904 6096 585 9982 4948 922 8344 2787 1036 64902 9048 4273 57555 1633 17493 2662 392134 3514 9048 2643 750 157 127 1613 23142 6881
internal_value=0.00242994 -0.0425097 -0.00564245 -0.0295195 0.0198098 -0.0560737 -0.0507201 -0.0520623 -0.0215525 -0.0416204 -0.039938 -0.024458 -0.000399483 -0.0619881 -0.059851 -0.0577632 -0.0533253 0.0432582 0.0500123 -0.0532014 0.0493085 0.0280798 0.0036212 -0.0434461 0.0272076 0.0500591 -0.0222598 -0.0798632 0.0394235 -0.0734269
internal_weight=111639 57414.1 15442.1 10764.7 2120.49 41972 22030.6 20959.4 833.138 8644.18 8279.93 1071.19 472.507 19941.4 16802.3 14584.8 20126.3 1605.02 54225.3 515.471 4677.42 815.91 258.515 598.685 160.602 4628.84 36.1784 364.256 557.394 3139.14
internal_count=5491971 838477 610618 217687 128073 227859 136659 129608 14930 89614 87079 7051 3823 91200 78223 69175 114678 123537 4653494 4536 392931 54074 13439 3228 9925 392291 877 2535 40635 12977
is_linear=0
shrinkage=0.05


Tree=15
num_leaves=31
num_cat=0
split_feature=2 1 0 2 3 3 2 3 3 0 0 3 3 3 3 0 2 2 2 3 0 1 0 2 1 3 2 3 1 0
split_gain=88213.2 9994.05 7462.01 2247.25 1026.97 512.32 281.361 418.762 282.113 204.974 204.642 291.701 187.258 199.194 845.012 170.772 163.165 117.777 97.8095 92.5329 87.4756 85.0352 83.3425 72.5294 55.6066 51.7713 43.1455 40.1203 27.9822 24.7627
threshold=4.1213213202479668 1.0000000180025095e-35 0.87944742823944022 6.5729417446171423 7.3955494728005915 7.3159499364080736 4.1845458315089283 4.2047672406880237 7.2540859042396688 0.35510742169672516 0.17018869910310372 6.1599406747691683 7.3233027137203726 7.9810273183704767 7.9584020480681064 0.56126945381299154 4.0613265649149151 4.7405572413601371 4.4924429902710079 7.9942274713266626 0.71821806542236111 1.0000000180025095e-35 0.6773993455261399 7.0099275978482467 1.5000000000000002 7.9810273183704767 4.0982006077102948 7.2227849702893554 1.0000000180025095e-35 0.92415223574549865
decision_type=2 2 2 2 2 2 2 2 2 2 2 2 2 2 2 2 2 2 2 2 2 2 2 2 2 2 2 2 2 2
left_child=16 2 3 10 23 6 7 24 9 -8 17 -12 -7 14 -14 -10 -1 -2 -4 -15 28 -22 -9 -5 -3 -6 -23 -20 -18 -28
right_child=1 5 18 4 25 12 8 22 15 -11 11 -13 13 19 -16 -17 20 -19 27 -21 21 26 -24 -25 -26 -27 29 -29 -30 -31
leaf_value=0.05030572033639974 0.015530223453840187 -0.10970707439047847 -0.020715562287268646 0.045987209411370383 -0.023574734510768712 -0.069240057739888672 -0.042367571852627108 0.044381729977044884 -0.040382978439913494 -0.052713995540470682 -0.03997682473067015 -0.016468374629346815 -0.055783698133956339 -0.068772300425558472 -0.0026767470500405005 -0.00035127145071061011 0.02652881170636422 -0.084270691609988777 0.050233032639019862 -0.057749549653894922 -0.032235096776598762 0.041177882271764089 -0.013620952144468219 -0.095646376728409921 0.051551746332377961 -0.065127313702245254 0.0090418953116761496 -0.048944906621400795 0.049449174985567557 -0.077333353722565737
leaf_weight=50845.605267851613 32.632459372282028 82.253279224038124 49.442166898399591 1342.7162067228928 110.48072292469442 3161.8631589338183 7353.5786816217005 191.84610337950289 611.49706372618675 13714.863712904975 7306.7129086833447 1610.3903153985739 7288.4249943196774 2751.5688428021967 834.82638854160905 472.07779110223055 245.60885876510292 314.16503201425076 4397.7259277421981 6180.6989466771483 101.10125241801143 119.51353292912245 91.454383397474885 9.1002832986414415 5.717476710677146 233.15518479794264 24.009465718641877 10.220725022256373 290.8525854004547 12.679923392832277
leaf_count=4599420 328 409 640 112640 1224 12977 41823 8499 3228 77247 70607 29870 33945 11766 5536 3823 17493 1806 392134 26976 3514 9048 1414 236 216 976 743 157 23142 134
internal_value=0.00239322 -0.0398376 -0.00532623 -0.0275107 0.0254139 -0.052286 -0.0470996 -0.00393312 -0.0478231 -0.0491028 -0.0371968 -0.0357313 -0.058064 -0.0559921 -0.0503259 -0.0229425 0.0499546 -0.0748798 0.0492186 -0.0611451 0.0274602 0.0034932 0.0256574 0.0450337 -0.0992264 -0.0517679 0.0266181 0.0500031 0.0389555 -0.0208096
internal_weight=109797 58157.4 15416.7 10959.4 1695.45 42740.7 22523.3 371.271 22152 21068.4 9263.9 8917.1 20217.4 17055.5 8123.25 1083.57 51639.4 346.797 4457.39 8932.27 793.766 257.304 283.3 1351.82 87.9708 343.636 156.203 4407.95 536.461 36.6894
internal_count=5491971 838477 610618 217687 115076 227859 136659 10538 126121 119070 102611 100477 91200 78223 39481 7051 4653494 2134 392931 38742 54074 13439 9913 112876 625 2200 9925 392291 40635 877
is_linear=0
shrinkage=0.05


Tree=16
num_leaves=31
num_cat=0
split_feature=2 1 0 2 0 3 2 3 3 2 0 2 3 3 2 2 3 3 0 2 2 0 1 0 1 0 3 3 0 0
split_gain=81652.2 8715.18 6835.35 1966.93 1345.03 512.681 343.987 407.748 252.232 225.136 345.13 184.267 180.407 201.33 268.15 148.216 144.445 141.666 139.813 135.042 92.0887 88.7907 74.507 108.77 56.9935 52.5268 38.9152 34.2225 21.5664 139.912
threshold=4.1097330857824828 1.0000000180025095e-35 0.88538151868654846 6.0978481303467058 0.47638594757386876 7.3159499364080736 4.1845458315089283 4.2047672406880237 7.3001858006628737 4.3328061510596445 0.39386211998961224 6.8284965825503106 7.3233027137203726 8.4580160548255012 7.7655073004765951 6.9354456287757147 7.2735851868708936 6.9823059413278932 0.5964197271281243 4.2361428001878414 4.05270600857137 0.6773993455261399 1.0000000180025095e-35 0.72540013115155599 1.5000000000000002 0.9278513163069585 7.2227849702893554 4.2047672406880237 0.51692778477187551 0.64526040572373422
decision_type=2 2 2 2 2 2 2 2 2 2 2 2 2 2 2 2 2 2 2 2 2 2 2 2 2 2 2 2 2 2
left_child=20 2 3 9 16 6 7 24 11 10 -2 -8 28 14 -14 -6 -5 -11 -10 -4 -1 -9 23 -22 -3 27 -21 -25 -7 -30
right_child=1 5 19 4 15 12 8 21 18 17 -12 -13 13 -15 -16 -17 -18 -19 -20 26 22 -23 -24 25 -26 -27 -28 -29 29 -31
leaf_value=0.050299194957492604 0.019571842808764145 -0.096933535224510925 -0.039429062564935412 0.023246217818856232 0.045922599784893561 -0.06099234200183079 -0.04487693260846834 0.044833465396968669 -0.032564841693231379 -0.037548684269293128 -0.03274341203994121 -0.092845835866228105 -0.05171964439553968 -0.066526075395860571 -0.015699951761885864 -0.034880346350076565 -0.055105318475539934 -0.067446407645343306 0.019662306609981823 0.050117501242956067 0.032848599031385442 -0.010246262303065917 0.046136755064179316 -0.12041015296401403 0.051589383840826356 0.041201090653533105 -0.046479830341807693 -0.033810593740938359 -0.095382648409362322 -0.061497163257034339
leaf_weight=48249.567454373464 432.93312055710703 95.687649376690388 42.760361887514591 66.303165383636951 1463.1061982717365 1451.4045065939426 21876.744778623804 226.35746116004884 299.17012207210064 7090.2845547599718 1159.8535021319985 202.050327219069 14500.40513548255 2232.907021202147 535.79184911772609 59.042237979359925 521.39732133038342 419.66585966199636 224.15388423204422 4192.0514799477533 238.53329822514206 108.11629100795835 458.26917878445238 14.172180002555249 6.9267661925405255 19.780644011683762 10.4522667825222 58.497069962322712 395.20792725682259 1329.0803007930517
leaf_count=4585135 9849 475 485 2200 123964 5812 121372 11580 1633 61567 15972 1010 64902 9048 4273 1660 3024 3144 2106 391546 18782 2046 38433 548 258 1057 154 2771 1736 5429
internal_value=0.00235453 -0.0373042 -0.00505743 -0.025516 0.0179822 -0.0487674 -0.0436531 0.000280509 -0.0445027 -0.0355981 -0.0185237 -0.0453159 -0.0545307 -0.0525166 -0.0504361 0.0427884 -0.0462659 -0.0392194 -0.0101945 0.0489777 0.0500221 0.0270293 0.033081 0.0150043 -0.0869078 -0.0310364 0.0498772 -0.0506995 -0.0654834 -0.0692637
internal_weight=107981 58941.9 15457.9 11212.6 2109.85 43484 23039.2 437.088 22602.1 9102.74 1592.79 22078.8 20444.8 17269.1 15036.2 1522.15 587.7 7509.95 523.324 4245.26 49038.8 334.474 789.252 330.983 102.614 92.4499 4202.5 72.6692 3175.69 1724.29
internal_count=5491971 845245 613565 221380 130848 231680 140480 14359 126121 90532 25821 122382 91200 78223 69175 125624 5224 64711 3739 392185 4646726 13626 61591 23158 733 4376 391700 3319 12977 7165
is_linear=0
shrinkage=0.05


Tree=17
num_leaves=31
num_cat=0
split_feature=2 1 0 2 3 3 2 3 3 1 3 2 3 3 3 0 2 2 3 1 0 1 2 3 0 3 0 3 3 2
split_gain=75705 7648.01 6317.21 1735.48 890.191 491.821 296.166 370.049 223.796 186.541 174.358 610.557 172.957 201.263 724.392 139.651 129.357 94.8937 91.8969 73.7087 99.7054 70.2267 60.4634 46.2137 46.0063 37.0882 29.5569 24.409 20.372 19.8244
threshold=4.1097330857824828 1.0000000180025095e-35 0.88538151868654846 6.5729417446171423 7.3955494728005915 7.3159499364080736 4.1845458315089283 4.3609306632299711 7.2540859042396688 1.5000000000000002 7.2943637121476916 5.8138794391169242 7.3233027137203726 7.9810273183704767 7.9584020480681064 0.57374697000709707 4.2361428001878414 4.05270600857137 7.9942274713266626 1.0000000180025095e-35 0.72540013115155599 1.5000000000000002 7.0099275978482467 7.9810273183704767 0.93525423548872499 7.2227849702893554 0.6773993455261399 7.3001858006628737 4.2047672406880237 5.1989618871993128
decision_type=2 2 2 2 2 2 2 2 2 2 2 2 2 2 2 2 2 2 2 2 2 2 2 2 2 2 2 2 2 2
left_child=17 2 3 10 22 6 7 21 9 -8 11 -2 29 14 -14 -10 -4 -1 -15 20 -19 -3 -5 -6 28 -18 -9 -12 -22 -7
right_child=1 5 16 4 23 12 8 26 15 -11 27 -13 13 18 -16 -17 25 19 -20 -21 24 -23 -24 -25 -26 -27 -28 -29 -30 -31
leaf_value=0.050260796889566431 -0.032918877085236345 -0.068802095312819514 -0.036306238267340828 0.04550319172486085 -0.019695997610539022 -0.023904800133362599 -0.043531520562752633 0.044500091134167134 -0.034391657468034707 -0.019473570894783562 -0.16652515548314778 0.029955997224169712 -0.048721453371703138 -0.062092201634191359 -0.0001022900003496652 0.0016232062739136655 0.050068096292054477 0.032247736998932679 -0.051175358266082639 0.045894900061319327 -0.092226382565048892 0.051644256294872327 -0.074539025109068291 -0.058343787572833178 0.045408351207864066 -0.042401617777427555 0.0023339248081378759 -0.059341634543678683 -0.031093795365132171 -0.062438808472920708
leaf_weight=45930.593762396835 8882.8184699947014 149.93132296949625 44.080687426030636 1229.1771301534027 114.99846976809204 33.734695926308632 21063.700366005301 216.89062334224582 656.4814460426569 837.79088165611029 5.3693430069833985 403.65627802442759 7527.8226004764438 2779.6429685130715 852.92718790844083 456.22623421996832 3991.4387284973636 231.0212131133303 6289.8676791004837 438.15901900734752 17.600592955946922 13.164532227441667 10.580021963454781 236.27035216242075 17.219953468069434 10.873218998312948 51.410548872314394 494.77282006666064 60.376947336830199 3150.752750068903
leaf_count=4585135 85484 883 485 112663 1224 135 107800 11580 3372 11270 83 17955 33945 11766 5536 3679 391546 18782 26976 38433 636 531 250 976 969 154 1365 2745 2771 12842
internal_value=0.00231478 -0.0350818 -0.00477826 -0.023861 0.0245709 -0.0456852 -0.0407305 0.000315079 -0.0414999 -0.0426112 -0.0317347 -0.0301859 -0.0513149 -0.0493594 -0.0437734 -0.019625 0.0488787 0.04997 -0.0545212 0.0324977 0.0145033 -0.0590801 0.0444788 -0.0456913 -0.0285581 0.0498169 0.0364204 -0.0604923 -0.0448923 -0.0620306
internal_weight=106199 59504.4 15424 11377.6 1591.03 44080.3 23445.6 431.397 23014.2 21901.5 9786.62 9286.47 20634.7 17450.3 8380.75 1112.71 4046.39 46695 9069.51 764.378 326.219 163.096 1239.76 351.269 95.1975 4002.31 268.301 500.142 77.9775 3184.49
internal_count=5491971 845245 613565 221380 115113 231680 140480 14359 126121 119070 106267 103439 91200 78223 39481 7051 392185 4646726 38742 61591 23158 1414 112913 2200 4376 391700 12945 2828 3407 12977
is_linear=0
shrinkage=0.05


Tree=18
num_leaves=31
num_cat=0
split_feature=2 1 0 2 3 3 2 3 3 0 2 3 3 3 2 2 0 2 0 1 0 1 3 3 0 3 0 3 2 2
split_gain=70299.9 6738.07 5847.82 1537.42 830.405 470.857 256.223 333.999 196.983 181.356 172.148 203.692 166.98 206.416 237.816 124.248 114.766 97.7266 83.2947 72.8434 91.564 61.453 57.4815 42.2145 40.5468 35.4782 28.9517 20.0875 18.0593 17.7254
threshold=4.1097330857824828 1.0000000180025095e-35 0.88538151868654846 6.5729417446171423 7.3955494728005915 7.3159499364080736 4.1845458315089283 4.3609306632299711 7.3001858006628737 0.14402769709617944 4.2047331123241749 5.0591714496897406 7.3233027137203726 8.4580160548255012 7.7655073004765951 4.2361428001878414 0.5964197271281243 4.05270600857137 0.35510742169672516 1.0000000180025095e-35 0.72540013115155599 1.5000000000000002 7.3159499364080736 7.9810273183704767 0.9278513163069585 7.2227849702893554 0.6773993455261399 4.2047672406880237 5.164963085408476 6.3828196357830782
decision_type=2 2 2 2 2 2 2 2 2 2 2 2 2 2 2 2 2 2 2 2 2 2 2 2 2 2 2 2 2 2
left_child=17 2 3 10 22 6 7 21 9 -8 18 -12 28 14 -14 -4 -10 -1 -2 20 -19 -3 -5 -6 27 -17 -9 -22 -7 -15
right_child=1 5 15 4 23 12 8 26 16 -11 11 -13 13 29 -16 25 -18 19 -20 -21 24 -23 -24 -25 -26 -27 -28 -29 -30 -31
leaf_value=0.050223092419908577 0.045405862379009509 -0.063530061344631281 -0.033522763212896926 0.048682864411124412 -0.018448545162038369 -0.017197765561775342 -0.080132894925105433 0.044158800090434741 -0.028310381910234148 -0.038999318738509446 -0.051117802717692173 -0.028460514606184262 -0.045621705717428275 -0.034983157974207056 -0.012256857161879173 0.050018927068424736 0.018907400907547597 0.031639719885105402 -0.010694664491496579 0.045645814670514151 -0.089787870010507018 0.05156271332249205 0.017267746742260729 -0.055190825177006159 0.040396307425235513 -0.038829758957258875 0.0022215413306591156 -0.028671828173831616 -0.059263414751916633 -0.061466885298330144
leaf_weight=43722.510226731189 75.56779876537621 154.14013378322124 45.320311494171619 1017.0690954383463 116.59318993613124 25.722111940383911 271.18415504321456 207.86742172669619 308.89925689250231 22580.761585408822 1127.4367565270513 8255.8056636573747 14814.895354159176 65.078085258603096 554.04899073019624 3800.4129675766453 220.5867528244853 223.8708140430972 531.7021503970027 419.0074127484113 17.1558324880898 12.541793948970733 169.93925097677857 237.25206722319126 18.453020799905062 11.268998332321642 51.313296906650066 62.155258951708674 3159.024512194097 2165.8424299657345
leaf_count=4585135 3045 883 485 97731 1224 103 1216 11580 1633 121166 8133 83317 64902 265 4273 391546 2106 18782 11772 38433 548 531 15182 976 1057 154 1365 2771 12874 8783
internal_value=0.00227371 -0.0330448 -0.00451723 -0.0223433 0.0241445 -0.0428895 -0.0380888 0.00034595 -0.0387889 -0.0394875 -0.0295132 -0.0311829 -0.0483883 -0.0464819 -0.0444189 0.0487777 -0.0086392 0.049918 -0.0037136 0.0319076 0.0140101 -0.05487 0.0441853 -0.0430841 -0.0263599 0.0497563 0.0358559 -0.0418919 -0.0589237 -0.0606943
internal_weight=104443 59980.3 15388.4 11531.4 1540.85 44591.9 23807.3 425.863 23381.4 22851.9 9990.51 9383.24 20784.6 17599.9 15368.9 3857 529.486 44463.2 607.27 740.642 321.635 166.682 1187.01 353.845 97.7641 3811.68 259.181 79.3111 3184.75 2230.92
internal_count=5491971 845245 613565 221380 115113 231680 140480 14359 126121 122382 106267 91450 91200 78223 69175 392185 3739 4646726 14817 61591 23158 1414 112913 2200 4376 391700 12945 3319 12977 9048
is_linear=0
shrinkage=0.05


Tree=19
num_leaves=31
num_cat=0
split_feature=2 1 0 2 3 3 1 2 3 1 2 0 2 0 3 3 2 0 0 2 1 0 0 3 2 0 3 3 3 3
split_gain=65362.2 5954.04 5420.39 1365.17 775.39 450.799 243.24 343.509 183.106 168.306 155.219 229.62 189.857 152.431 141.471 197.91 119.63 110.587 101.052 100.796 80.7003 98.8487 75.0247 57.9421 40.1462 37.0886 35.1062 34.0484 22.0741 21.93
threshold=4.1097330857824828 1.0000000180025095e-35 0.88538151868654846 6.5729417446171423 7.3955494728005915 7.3159499364080736 1.5000000000000002 4.4524223690016962 7.2540859042396688 1.5000000000000002 4.3004826673323846 0.39386211998961224 5.0937916101349279 0.45574190124011732 7.3233027137203726 7.7766189032103208 4.2361428001878414 0.56126945381299154 0.21058625871244899 4.0418937251385625 1.0000000180025095e-35 0.73444193058723151 0.33474620881895956 7.3159499364080736 6.9354456287757147 0.93525423548872499 8.4580160548255012 7.2227849702893554 7.6003022744640454 4.2047672406880237
decision_type=2 2 2 2 2 2 2 2 2 2 2 2 2 2 2 2 2 2 2 2 2 2 2 2 2 2 2 2 2 2
left_child=19 2 3 10 23 6 8 -8 13 14 11 -2 -12 -3 -7 -16 -4 -10 28 -1 21 -21 -9 -5 -6 29 -20 -18 -11 -23
right_child=1 5 16 4 24 9 7 22 17 18 12 -13 -14 -15 15 -17 27 -19 26 20 -22 25 -24 -25 -26 -27 -28 -29 -30 -31
leaf_value=0.050238656854602597 0.023404510484699416 -0.033692036136729143 -0.031027796929676457 0.048565641398854553 -0.02126710193574638 -0.056197377732604165 0.047043627141590709 -0.0091637468503039891 -0.030598773868351865 -0.03012879749862965 -0.034459774906962816 -0.023591335117771801 -0.017975258238583047 -0.042010135369621712 -0.035981598772484018 -0.048005678939804876 0.049969860577215447 0.0012092014062186636 -0.010135793899938128 0.033242573999446086 0.04620749265824934 -0.071208140063676914 -0.040681292640336389 0.016688476856692027 -0.055207132535009196 0.041179099678385955 -0.13708365911320877 -0.035677420972823115 -0.083792456963525219 -0.018809973571186883
leaf_weight=41372.327895095572 344.75710922572762 11456.126240681857 46.484949849545956 969.7429731041193 152.28012933395803 3162.3192838877439 201.29015104938298 345.3337443638593 635.53270934522152 27.07465498149395 6380.3736446788535 1056.1570808850229 2405.0989574249834 10607.045264588669 4726.9012026637793 12398.378886654973 3618.5255485242233 479.36985543370247 518.88271316885948 282.47457511629909 559.77313307859004 27.081134021282196 416.5964967738837 167.11920948885381 203.64635415561497 20.42342690192163 5.5036998093128195 11.641365885734556 65.577687785029411 76.030515061691403
leaf_count=4558490 8612 57499 485 97731 1143 12902 9912 2934 3098 166 46601 14706 36348 59509 20202 52016 391546 3810 5475 25398 55622 1359 3718 15182 1057 1467 34 154 405 4390
internal_value=0.00223127 -0.0311578 -0.00427085 -0.0209383 0.0237166 -0.0403234 -0.0356689 -0.0110492 -0.036692 -0.0456986 -0.0274823 -0.0120259 -0.029947 -0.037691 -0.046481 -0.0446868 0.0486746 -0.0169224 -0.0199735 0.0498659 0.0338983 0.0169274 -0.0263964 0.0438797 -0.0406862 -0.0203789 -0.0114682 0.0496952 -0.068111 -0.0325718
internal_weight=102740 60401.8 15355.8 11679.2 1492.79 45045.9 24141.3 963.22 23178.1 20904.6 10186.4 1400.91 8785.47 22063.2 20287.6 17125.3 3676.65 1114.9 617.039 42338.1 965.783 406.01 761.93 1136.86 355.926 123.535 524.386 3630.17 92.6523 103.112
internal_count=5491971 845245 613565 221380 115113 231680 140480 16564 123916 91200 106267 23318 82949 117008 85120 72218 392185 6908 6080 4646726 88236 32614 6652 112913 2200 7216 5509 391700 571 5749
is_linear=0
shrinkage=0.05


Tree=20
num_leaves=31
num_cat=0
split_feature=2 1 0 2 3 3 0 2 3 2 0 3 0 3 3 2 3 2 0 2 1 0 0 1 0 3 0 2 0 2
split_gain=60845.8 5275.98 5030.97 1215.91 989.755 430.077 267.182 214.669 298.777 159.934 269.42 156.972 179.946 156.134 204.902 214.942 121.745 115.434 105.074 103.976 80.1394 91.8497 70.3003 35.1406 33.3871 32.7699 23.3358 16.7699 35.3905 16.7311
threshold=4.1097330857824828 1.0000000180025095e-35 0.88538151868654846 6.1832249333998952 7.3159499364080736 7.3159499364080736 0.62018023237906184 4.1845458315089283 4.2047672406880237 4.3694757063636134 0.31410302578058374 7.2540859042396688 0.81577353924098361 7.3233027137203726 8.4580160548255012 7.7655073004765951 7.1123681928467075 4.2361428001878414 0.65404583389057924 4.0418937251385625 1.0000000180025095e-35 0.73444193058723151 0.6773993455261399 1.5000000000000002 0.94312317587993444 7.2227849702893554 0.43543679404407926 6.233413750140044 0.64922974994475979 6.3828196357830782
decision_type=2 2 2 2 2 2 2 2 2 2 2 2 2 2 2 2 2 2 2 2 2 2 2 2 2 2 2 2 2 2
left_child=19 2 3 9 26 7 -6 8 23 10 -2 12 -9 27 15 -15 -11 -4 -13 -1 21 -21 -10 -3 -23 -19 -5 -7 -29 -16
right_child=1 5 17 4 6 13 -8 11 22 16 -12 18 -14 14 29 -17 -18 25 -20 20 -22 24 -24 -25 -26 -27 -28 28 -30 -31
leaf_value=0.050204695380838049 0.033900982153629418 -0.075932514499059356 -0.028780316143219783 0.0032425182641050046 -0.044015806587668849 -0.046922214586792937 0.031621395187999855 -0.036677009527726047 0.043983111056745572 -0.028288226890305936 -0.020916528649452284 -0.010090897092033842 -0.023344124185664492 -0.040520889487617139 -0.030685752573061078 -0.0092522003165639716 -0.056093864658357279 0.049920782883543041 -0.054857454160542087 0.032650639636496885 0.045979376855792758 -0.029295844133040434 -0.0051045378066845708 0.051300961149868235 0.045178447032485462 -0.032876768864929032 0.04821827647615521 -0.061994892271354164 -0.049860625824736521 -0.056381926307443153
leaf_weight=39380.528266392648 255.89456019271165 104.26071733981371 47.579814895987511 29.622624916955829 564.06442178413272 752.36510945856571 147.23010493721813 19972.021995380521 202.94062337931246 7504.5930546494201 1806.6456798892468 992.3582888841629 2897.8391311205924 15041.618539944291 65.269484981894493 570.43712623044848 415.45725844055414 3445.3471683999524 151.02640290558338 273.44686493836343 535.04855480976403 108.42690208461136 113.85946510918438 5.7248182194307438 17.474267682060599 11.991923324763773 1092.5221872404218 1117.5063178092241 1299.830091573298 2150.8875218629837
leaf_count=4558490 6173 475 485 816 4178 3039 14238 98885 11580 61612 22467 6015 20185 64902 265 4273 2535 391546 1036 25398 55622 5893 2046 258 1323 154 109361 4587 5351 8783
internal_value=0.00218822 -0.0294123 -0.00403863 -0.0196434 0.0177827 -0.0379679 -0.0283597 -0.033459 0.00169094 -0.0265172 -0.0141154 -0.0340837 -0.0349876 -0.0432159 -0.041398 -0.0393784 -0.0297468 0.0485691 -0.016004 0.0498136 0.0333289 0.0163797 0.0263408 -0.0693099 -0.0189593 0.0496336 0.047031 -0.0534412 -0.0554702 -0.0556251
internal_weight=101074 60758.9 15320.9 11816 1833.44 45437.9 711.295 24440 426.786 9982.59 2062.54 24013.2 22869.9 20997.9 17828.2 15612.1 7920.05 3504.92 1143.38 40314.9 934.397 399.348 316.8 109.986 125.901 3457.34 1122.14 3169.7 2417.34 2216.16
internal_count=5491971 845245 613565 221380 128593 231680 18416 140480 14359 92787 28640 126121 119070 91200 78223 69175 64147 392185 7051 4646726 88236 32614 13626 733 7216 391700 110177 12977 9938 9048
is_linear=0
shrinkage=0.05


Tree=21
num_leaves=31
num_cat=0
split_feature=2 1 0 2 3 2 0 2 1 2 3 0 3 2 2 2 2 3 1 0 0 2 3 2 0 3 3 0 3 3
split_gain=56704 4683.56 4675.94 1087.32 672.102 424.609 288.272 223.836 203.148 181.874 268.768 161.555 144.72 480.836 111.602 107.221 103.706 195.039 79.5097 85.4077 73.6842 62.3259 61.7768 56.259 53.5131 40.2253 31.6199 30.1163 22.0621 15.7324
threshold=4.1097330857824828 1.0000000180025095e-35 0.88538151868654846 6.5729417446171423 7.3955494728005915 6.9354456287757147 0.22576532962289497 4.6141616884197054 1.5000000000000002 4.1845458315089283 4.2047672406880237 0.45574190124011732 7.2735851868708936 5.8138794391169242 4.2361428001878414 4.0418937251385625 7.5747031881281135 8.4580160548255012 1.0000000180025095e-35 0.73444193058723151 0.6848035974784904 7.0099275978482467 7.9584020480681064 4.4524223690016962 0.33474620881895956 7.9810273183704767 7.2227849702893554 0.94312317587993444 7.9810273183704767 4.2024512923595738
decision_type=2 2 2 2 2 2 2 2 2 2 2 2 2 2 2 2 2 2 2 2 2 2 2 2 2 2 2 2 2 2
left_child=15 2 3 12 21 6 7 23 16 10 -8 -11 13 -2 29 -1 20 -18 19 -17 -7 -5 -9 -3 -10 -6 -16 -21 -26 -4
right_child=1 5 14 4 25 8 9 22 24 11 -12 -13 -14 -15 26 18 17 -19 -20 27 -22 -23 -24 -25 28 -27 -28 -29 -30 -31
leaf_value=0.050171292982777588 -0.024844652071346843 0.05026269195574417 0.0057001787755827831 0.044450335281634237 -0.012757179218894741 -0.045565362234067541 -0.064813261362373975 -0.048705968792451454 -0.10869626167645714 -0.028053862826697907 0.025699904248235785 -0.035656068412804741 -0.049093596958461369 0.031028359201908079 0.049871576512603044 0.032051012540245089 -0.022486759115667481 -0.054384635110268864 0.04574402004629452 -0.027064082708610517 -0.056839762413849818 -0.08004125252340577 -0.037735800981301283 -0.0081015840885147062 -0.014035277609669045 -0.047851305789122528 -0.030374004917327405 0.044883952244076368 0.011933091641062484 -0.051683394926913706
leaf_weight=37484.233928732574 9586.7405695635825 56.381119277328253 21.12378890812397 1032.7497259434313 124.29454957414418 6949.299997061491 111.67153886333108 3762.5167870000005 13.262334197759627 15577.029381154105 308.82728340476751 12674.836664512753 543.5183388479054 401.17753702308983 3280.4685480156913 264.85448904242367 1194.2282512336969 800.41981340944767 511.50725064054132 111.41897904407233 1831.0407127887011 10.152595550753174 1947.638332426548 154.25178307667375 286.0900466106832 238.0045265480876 12.32213071733713 16.728375983424485 114.53309972584248 27.485887199640274
leaf_count=4558490 85443 483 258 112663 1224 28350 733 16729 78 75225 13626 66220 3133 17691 391546 25398 5839 3292 55622 5893 7759 250 8003 814 3432 976 154 1323 1097 227
internal_value=0.00214471 -0.0277918 -0.00382038 -0.0184554 0.0228572 -0.0357913 -0.0330528 -0.0430971 -0.0442581 -0.0309787 0.00166239 -0.0314645 -0.0239677 -0.0226004 0.048461 0.0497608 -0.0455785 -0.0352869 0.03275 0.0158377 -0.0479165 0.0432384 -0.0449642 0.00752106 -0.00988241 -0.0358115 0.0495713 -0.017672 -0.00661125 -0.0267468
internal_weight=99448.8 61060.1 15278 11936.6 1405.2 45782 34593.2 5920.79 11188.9 28672.4 420.499 28251.9 10531.4 9987.92 3341.4 38388.7 10775 1994.65 904.509 393.002 8780.34 1042.9 5710.16 210.633 413.885 362.299 3292.79 128.147 400.623 48.6097
internal_count=5491971 845245 613565 221380 115113 231680 181833 26029 49847 155804 14359 141445 106267 103134 392185 4646726 45240 9131 88236 32614 36109 112913 24732 1297 4607 2200 391700 7216 4529 485
is_linear=0
shrinkage=0.05


Tree=22
num_leaves=31
num_cat=0
split_feature=2 1 0 2 3 3 1 2 0 3 3 3 3 0 3 2 2 3 2 1 0 2 3 2 3 3 0 2 3 3
split_gain=52895.4 4164.93 4351 972.725 629.253 404.938 210.625 286.346 156.419 184.71 154.782 208.866 610.065 131.975 189.492 110.503 107.999 106.6 84.8948 78.79 79.4335 71.6903 61.5821 55.5734 36.8374 30.5798 27.2508 16.5517 15.5614 25.1325
threshold=4.1097330857824828 1.0000000180025095e-35 0.88538151868654846 6.5729417446171423 7.3955494728005915 7.3159499364080736 1.5000000000000002 4.4524223690016962 0.17018869910310372 7.2540859042396688 7.3233027137203726 7.9810273183704767 7.9584020480681064 0.17018869910310372 5.9734787654269947 4.0418937251385625 4.2361428001878414 7.9942274713266626 4.7405572413601371 1.0000000180025095e-35 0.73444193058723151 4.7881671074430008 7.3159499364080736 4.6141616884197054 7.9810273183704767 7.2227849702893554 0.94312317587993444 5.164963085408476 4.1187932393178874 4.2024512923595738
decision_type=2 2 2 2 2 2 2 2 2 2 2 2 2 2 2 2 2 2 2 2 2 2 2 2 2 2 2 2 2 2
left_child=15 2 3 13 22 6 8 -8 23 -10 27 12 -12 18 -15 -1 28 -13 -2 20 -17 -9 -5 -3 -6 -18 -22 -7 -4 -30
right_child=1 5 16 4 24 10 7 21 9 -11 11 17 -14 14 -16 19 25 -19 -20 -21 26 -23 -24 -25 -26 -27 -28 -29 29 -31
leaf_value=0.050138348593647852 0.021474138523475794 0.034552569867258985 -0.13871897256654581 0.048213049490447329 -0.012013205147821693 -0.0089130201332294455 0.046989249681704634 0.0016203550105825535 -0.030669836491805082 -0.0093009534713061164 -0.036024058598765028 -0.050543471157812103 0.0073985505825778274 -0.025031923996261786 -0.0088704881536206173 0.031444200647312126 0.049822112026695405 -0.038808567189761736 -0.058314001780493077 0.045501094869117527 -0.025056874464569407 -0.030362076231051666 0.013881182609478621 -0.055681823331111858 -0.045508987472669279 -0.028125871869508809 0.04458138181611622 -0.049437859173325972 0.027883273571880425 -0.047348797736547057
leaf_weight=35678.946638400666 36.777347888797522 17.492324829101562 2.8324621617794028 845.10256584733725 125.36408045515418 25.4018894135952 197.10428547114134 256.61138356663287 22199.374375466257 1059.5340714007616 7896.1250963807106 2775.1465457230806 901.19951212033629 7942.8875275459141 2350.4296935731545 256.67683140002191 3123.499019918032 6394.383863478899 356.52933879196644 489.09368417598307 114.2509299563244 552.40981880947948 154.49537005648017 695.69884909689426 237.74736706912518 12.633326753973959 16.01782410312444 3115.618552185595 18.194382064044476 28.475085563957691
leaf_count=4558490 328 77 32 97731 1224 103 9912 3123 114383 6483 33945 11766 5536 69150 34983 25398 391546 26976 1806 55622 5893 3529 15182 2973 976 154 1323 12874 226 227
internal_value=0.00210044 -0.0262793 -0.0036155 -0.0173547 0.0224288 -0.0337715 -0.029463 -0.00705153 -0.0304036 -0.0296964 -0.0388699 -0.0370797 -0.0315758 -0.0224277 -0.0213415 0.0497076 0.0483515 -0.0423601 -0.0508532 0.0321637 0.0153053 -0.0202176 0.0429068 -0.0534687 -0.0339446 0.0495081 -0.0164942 -0.0491101 -0.0249255 -0.0180191
internal_weight=97876.1 61321.1 15235 12049.3 1362.71 46086.1 24978.2 1006.13 23972.1 23258.9 21107.9 17966.9 8797.32 10686.6 10293.3 36555 3185.63 9169.53 393.307 876.039 386.946 809.021 999.598 713.191 363.111 3136.13 130.269 3141.02 49.5019 46.6695
internal_count=5491971 845245 613565 221380 115113 231680 140480 16564 123916 120866 91200 78223 39481 106267 104133 4646726 392185 38742 2134 88236 32614 6652 112913 3050 2200 391700 7216 12977 485 453
is_linear=0
shrinkage=0.05


Tree=23
num_leaves=31
num_cat=0
split_feature=2 1 0 2 3 2 0 2 1 2 3 0 2 3 2 2 2 3 1 0 0 0 3 0 3 2 3 3 0 3
split_gain=49390.8 3712.88 4052.71 871.688 589.404 397.636 248.519 193.36 180.913 152.635 245.09 146.262 131.152 160.609 113.817 105.948 97.5568 187.136 77.9819 73.8837 71.6846 65.4974 61.7812 43.3162 41.9074 36.9058 34.7307 29.7435 24.8592 22.2947
threshold=4.1097330857824828 1.0000000180025095e-35 0.88538151868654846 6.5729417446171423 7.3955494728005915 6.9354456287757147 0.22576532962289497 4.566816998076491 1.5000000000000002 4.1845458315089283 4.3609306632299711 0.47638594757386876 4.2047331123241749 5.4424826413705318 4.0418937251385625 4.4924429902710079 7.5747031881281135 8.4580160548255012 1.0000000180025095e-35 0.73444193058723151 0.6848035974784904 0.35510742169672516 7.3159499364080736 0.33474620881895956 7.9584020480681064 4.4524223690016962 8.2511108231424029 7.2227849702893554 0.9492036139618315 7.9810273183704767
decision_type=2 2 2 2 2 2 2 2 2 2 2 2 2 2 2 2 2 2 2 2 2 2 2 2 2 2 2 2 2 2
left_child=14 2 3 12 22 6 7 25 16 10 -8 -11 21 -14 -1 -4 20 -18 19 -16 -7 -2 -5 -10 -9 -3 -6 -17 -21 -25
right_child=1 5 15 4 26 8 9 24 23 11 -12 -13 13 -15 18 27 17 -19 -20 28 -22 -23 -24 29 -26 -27 -28 -29 -30 -31
leaf_value=0.050105784487607233 0.045198125895446001 0.049775534253148374 -0.016707012599263531 0.048082438724476394 -0.01919386975060175 -0.04134057097410803 -0.042498044881036867 -0.042992957282980006 -0.093514964418109317 -0.024843515631953035 0.034956026533687137 -0.032096612067659867 -0.029368214037845747 -0.016740668854084421 0.030830753220364354 0.049912197743970051 -0.019131077723263688 -0.050372449280569498 0.045250276777738074 -0.02291210804382934 -0.052508947091300301 -0.0049196492750497303 0.013370663905373351 -0.012470557536976642 -0.034010383063313589 -0.0015269435069884252 -0.050557971370286808 -0.02609716985016208 0.047245261684077902 0.013327874001599994
leaf_weight=33960.367976069916 73.457726624794304 55.480709532275796 61.522638190537691 806.01569652650505 212.83037551771849 6953.2309924215078 175.60465462226421 3898.9593240246177 14.327245414257048 16936.400536550209 244.12394748348743 11788.701491359621 4563.0350241940469 5618.7847258392721 248.89422750845551 2962.8859678404406 1217.5593694448471 790.56330010294914 467.75478978641331 118.135583197698 1810.9721776545048 579.19814879819751 152.42834352422506 291.83676320686936 1946.7995686382055 95.221552636474371 150.80802299082279 12.926743991672991 14.137453647330402 117.44643235206604
leaf_count=4558490 3045 483 753 97731 1582 28350 1414 17027 78 80185 12945 61260 30167 61283 25398 391278 5839 3292 55622 5989 7759 11772 15182 3432 8003 516 618 154 1227 1097
internal_value=0.00205576 -0.0248713 -0.00342224 -0.01633 0.0219984 -0.0319044 -0.02929 -0.0385599 -0.0401103 -0.0273828 0.00255105 -0.0278202 -0.021007 -0.0223998 0.0496537 0.0482393 -0.0413707 -0.0314303 0.0315704 0.014783 -0.0436483 0.000721207 0.042562 -0.00805898 -0.0400015 0.01736 -0.0322012 0.049582 -0.0154136 -0.00506753
internal_weight=96340.4 61531.1 15193.9 12156.6 1322.08 46337.2 35141.3 5996.46 11195.9 29144.8 419.729 28725.1 10834.5 10181.8 34809.3 3037.34 10772.3 2008.12 848.922 381.167 8764.2 652.656 958.444 423.61 5845.76 150.702 363.638 2975.81 132.273 409.283
internal_count=5491971 845245 613565 221380 115113 231680 181833 26029 49847 155804 14359 141445 106267 91450 4646726 392185 45240 9131 88236 32614 36109 14817 112913 4607 25030 999 2200 391432 7216 4529
is_linear=0
shrinkage=0.05


Tree=24
num_leaves=31
num_cat=0
split_feature=2 1 0 2 3 3 0 1 2 3 3 3 3 2 2 3 2 3 3 3 1 0 0 0 2 2 0 3 3 3
split_gain=46154.7 3313.77 3779.86 832.629 858.802 377.849 193.03 184.683 253.894 152.037 200.557 536.283 144.052 149.894 136.387 240.676 117.162 105.085 98.4203 95.736 77.0878 73.9787 68.7207 62.9501 57.7171 30.1528 22.6898 17.0653 36.4811 21.8792
threshold=4.1097330857824828 1.0000000180025095e-35 0.92061854054148851 6.0978481303467058 7.3159499364080736 7.3159499364080736 0.62018023237906184 1.5000000000000002 4.4524223690016962 7.3233027137203726 7.9810273183704767 7.9584020480681064 7.3001858006628737 6.8284965825503106 4.3694757063636134 5.0938422168791631 4.0418937251385625 7.9942274713266626 7.3086765227895567 6.9823059413278932 1.0000000180025095e-35 0.3654363882654203 0.73444193058723151 0.33474620881895956 4.1845458315089283 7.1770651455763064 0.9492036139618315 4.2024512923595738 4.2047672406880237 4.1187932393178874
decision_type=2 2 2 2 2 2 2 2 2 2 2 2 2 2 2 2 2 2 2 2 2 2 2 2 2 2 2 2 2 2
left_child=16 2 3 14 21 7 -6 12 -9 -7 11 -11 13 -3 15 -2 -1 -12 -14 -16 22 -5 -18 -10 27 -26 -24 29 -29 -4
right_child=1 5 24 4 6 9 -8 8 23 10 17 -13 18 -15 19 -17 20 -19 -20 -21 -22 -23 26 -25 25 -27 -28 28 -30 -31
leaf_value=0.050073518664076569 -0.022314723397324529 -0.027128789902009398 -0.11539614547758942 -0.07685368094599071 -0.036478809685826119 -0.045320875936277184 0.029726845100093165 0.046807621192518217 -0.0020312483239629231 -0.032128377190678854 -0.046698788822740818 0.008452154384190556 0.031497396583867902 -0.068526571707072201 -0.022173470934926706 0.011831059523257191 0.030211257016364991 -0.035018243746237403 -0.015040032640411786 -0.045212969703394945 0.04499124834582556 0.046778069195952496 -0.021298286589547494 -0.029640238910832506 0.049974944367591624 -0.039073721264561413 0.047043694763532373 -0.19029070752249858 0.011476040076154059 0.026744196936984901
leaf_weight=32324.396847636439 1375.384022437036 23616.347806453705 3.2019194737076822 12.242424838244913 616.65684327017516 3102.6701080128551 134.02560741081834 190.62569170072675 376.88244656845927 7981.9833220094442 2754.7460959330201 906.6110550686717 158.6242747977376 220.70387957245111 7845.6260037957691 825.97120639774948 241.48791079223156 6397.009739421308 400.35732106119394 478.38127132505178 447.4399041174911 1040.3407840374857 120.66484549455345 456.5771338827908 2785.1988229453564 9.5388731285929662 13.504144780337809 4.0033455565571767 5.0871006399393082 17.52585131675005
leaf_count=4558490 16196 119227 32 194 4362 12977 14240 9912 2934 33945 11766 5536 1279 997 60815 12597 25398 26976 2413 3144 55622 117145 5989 3718 384435 111 1227 33 40 221
internal_value=0.00201064 -0.0235489 -0.00323934 -0.0151922 0.0162003 -0.0301583 -0.0246586 -0.0260505 -0.00524943 -0.035097 -0.0333386 -0.0279893 -0.0269237 -0.0275121 -0.0205706 -0.00950287 0.0495992 -0.0385342 -0.00183393 -0.0234976 0.0309707 0.0453401 0.014271 -0.0171557 0.0489327 0.049671 -0.0144196 -0.0202626 -0.0773801 0.00478709
internal_weight=94863.8 61716.3 15153.2 12328.6 1803.27 46563.1 750.682 25420.1 1024.09 21143 18040.4 8888.59 24396 23837.1 10525.4 2201.36 33147.5 9151.76 558.982 8324.01 823.097 1052.58 375.657 833.46 2824.56 2794.74 134.169 29.8182 9.09045 20.7278
internal_count=5491971 845245 613565 228693 135941 231680 18602 140480 16564 91200 78223 39481 123916 120224 92752 28793 4646726 38742 3692 63959 88236 117339 32614 6652 384872 384546 7216 326 73 253
is_linear=0
shrinkage=0.05


Tree=25
num_leaves=31
num_cat=0
split_feature=2 1 0 2 3 2 0 2 0 2 3 1 0 2 0 3 2 3 2 0 2 0 1 0 2 3 0 2 3 0
split_gain=43171.6 2961.5 3529.58 729.309 802.106 370.765 226.416 175.131 173.268 163.169 242.358 160.873 131.845 126.494 207.865 103.013 91.0914 178.805 85.6628 69.102 68.1352 66.4061 64.5544 65.2628 62.1088 44.2726 35.7354 28.9188 22.4553 18.2687
threshold=4.0982006077102948 1.0000000180025095e-35 0.91274314454886774 6.0978481303467058 7.3159499364080736 6.9354456287757147 0.22576532962289497 4.7001851868954612 0.62018023237906184 4.1845458315089283 4.2047672406880237 1.5000000000000002 0.45574190124011732 4.3328061510596445 0.39386211998961224 5.4424826413705318 7.5747031881281135 8.4580160548255012 4.0418937251385625 0.37481942638641602 4.2047331123241749 0.6848035974784904 1.0000000180025095e-35 0.73444193058723151 4.4524223690016962 7.9584020480681064 0.33474620881895956 7.1770651455763064 7.9810273183704767 0.9492036139618315
decision_type=2 2 2 2 2 2 2 2 2 2 2 2 2 2 2 2 2 2 2 2 2 2 2 2 2 2 2 2 2 2
left_child=18 2 3 13 19 6 7 24 -6 10 -8 16 -11 14 -2 -15 21 -18 -1 -5 -4 -7 23 -20 -3 -9 -13 -22 -28 -25
right_child=1 5 20 4 8 11 9 25 -10 12 -12 26 -14 15 -16 -17 17 -19 22 -21 27 -23 -24 29 -26 -27 28 -29 -30 -31
leaf_value=0.050041466674051904 0.021794417366265331 0.049273449090738927 -0.015133487837868668 -0.057491150795041281 -0.034335442223397093 -0.03763801270620272 -0.055623318705135844 -0.040020766005629468 0.029094056048604235 -0.02161870262072485 0.027248999496404403 -0.081755936403160229 -0.028383423720071972 -0.028134514117225604 -0.016895535069858619 -0.017167845180126758 -0.016243581812750468 -0.046826098411133804 0.033194827294251647 0.046719770513553291 0.049917708222229587 -0.048446144771561298 0.046171956555694879 -0.019841437722950203 -0.009089120265112164 -0.030727768764255911 -0.011148257618246355 -0.035939429057746074 0.014486648232973826 0.046285318685547638
leaf_weight=30767.119167804718 459.3046065364033 54.56577321048826 41.275575514882803 16.169943902641535 622.24449217319489 6936.0554942935705 119.62365673482418 3771.7625218033791 130.19198716152459 16035.277058064938 336.08221212308854 15.226138919591902 13076.809468831867 3667.3813524590805 1421.789321064949 5145.9226988195442 1237.0095253884792 778.86818833649158 202.62664879811928 980.44349383423105 2661.9783632513136 1787.4046565592289 390.24640284851193 107.66903019975871 276.97669149935246 1941.2674000710249 296.80542370676994 9.8439635634422284 119.95205128192902 11.566645504441111
leaf_count=4558490 10229 483 450 264 4362 28350 833 16182 14240 75225 17332 78 66220 23567 18643 42690 5839 3292 22649 115598 386417 7759 51816 5776 1361 8003 3432 111 1097 1183
internal_value=0.00196593 -0.0222653 -0.00305712 -0.0143237 0.015608 -0.0284882 -0.0259952 -0.0348128 -0.0233604 -0.0241926 0.00549486 -0.0364355 -0.0246573 -0.019219 -0.00744865 -0.0217313 -0.0376389 -0.0280597 0.0496447 0.045029 0.0486165 -0.0398526 0.0325002 0.0159236 0.000516282 -0.036863 -0.00651874 0.0496014 -0.00376996 -0.0134267
internal_weight=93419.5 61940.2 15156.5 12443.4 1749.05 46783.7 35612.4 6044.57 752.436 29567.8 455.706 11171.3 29112.1 10694.4 1881.09 8813.3 10739.3 2015.88 31479.2 996.613 2713.1 8723.46 712.109 321.862 331.542 5713.03 431.984 2671.82 416.757 119.236
internal_count=5491971 852057 616571 229593 134464 235486 185639 26029 18602 159610 18165 49847 141445 95129 28872 66257 45240 9131 4639914 115862 386978 36109 81424 29608 1844 24185 4607 386528 4529 6959
is_linear=0
shrinkage=0.05


Tree=26
num_leaves=31
num_cat=0
split_feature=2 1 0 2 3 3 1 2 0 3 3 2 3 2 2 3 0 2 0 1 0 2 0 2 2 3 0 0 3 3
split_gain=40410.6 2649.79 3299.08 664.238 758.504 354.914 174.33 241.109 155.726 153.605 196.278 161.991 133.736 130.299 112.164 121.84 102.884 88.2663 64.9588 64.0342 61.0479 60.8409 60.7527 53.3856 27.8742 19.975 17.2022 16.7396 14.177 13.0624
threshold=4.0982006077102948 1.0000000180025095e-35 0.92061854054148851 6.0978481303467058 7.3159499364080736 7.3159499364080736 1.5000000000000002 4.4524223690016962 0.62018023237906184 8.4580160548255012 7.3233027137203726 7.7655073004765951 7.2540859042396688 6.6817274012699155 4.2047331123241749 5.0591714496897406 0.56126945381299154 4.0418937251385625 0.38448516112627812 1.0000000180025095e-35 0.73444193058723151 4.7881671074430008 0.35510742169672516 4.2047331123241749 7.1770651455763064 8.6879410503086998 0.64922974994475979 0.9492036139618315 4.2047672406880237 4.0772831707010573
decision_type=2 2 2 2 2 2 2 2 2 2 2 2 2 2 2 2 2 2 2 2 2 2 2 2 2 2 2 2 2 2
left_child=17 2 3 14 18 6 12 -8 -6 10 26 -12 13 -3 22 -16 -14 29 -5 20 -19 -9 -2 -4 -25 -11 -7 28 -22 -1
right_child=1 5 23 4 8 9 7 21 -10 25 11 -13 16 -15 15 -17 -18 19 -20 -21 27 -23 -24 24 -26 -27 -28 -29 -30 -31
leaf_value=0.050265568866713212 0.04485885165616315 -0.024302393776765158 -0.01052611894422636 -0.042709603548868262 -0.032346568466035105 -0.045036388987922726 0.046852149056068826 0.0050857195519845751 0.028457259854461955 -0.039356408498905399 -0.029122004010082921 -0.0027722992149487227 -0.020562839221119109 -0.058345871619345915 -0.03371295998694375 -0.017304187707005817 0.0088567041305750369 0.032607363930075663 0.046745689324838316 0.045957320642731649 -0.046577091977963031 -0.023623437389592165 -0.0038310192399342012 0.049953391494348548 -0.033150550337583823 -0.049055339653171243 -0.037394545710535597 0.046058108017265259 -0.0069877146896470885 0.045653902084719498
leaf_weight=27659.05256563751 71.007895604707301 23278.78538849391 37.438569892197847 20.740452948957682 627.34286486636847 1822.4561278522015 196.47195500694215 269.49955114349723 126.54375831130892 1000.6301015019417 15328.748223140836 606.35659833997488 676.89256016910076 284.50446000695229 1298.2028676029295 8799.5472638080828 529.75498811900616 196.12959482939914 942.63534695794806 372.90435896860436 31.877895120531321 585.39744193479419 655.33770869672298 2519.9623888735659 10.130761399865149 1130.7529961317778 1235.7789604216814 11.055457192473112 77.810095529071987 1625.7466854983941
leaf_count=4307823 3318 118258 413 359 4362 7626 11296 3123 14240 4193 64902 4273 3098 1172 8672 69160 3810 22649 116980 51816 1552 3529 14550 384406 111 4855 5351 1183 4224 250667
internal_value=0.00192087 -0.0211064 -0.00289385 -0.0134653 0.015424 -0.0269679 -0.0230356 -0.00309441 -0.0221403 -0.0317743 -0.0303461 -0.0281194 -0.023882 -0.0247134 -0.0180487 -0.0194138 -0.00764676 0.0495931 0.0448198 0.0319141 0.0153878 -0.0145731 0.000928926 0.0487436 0.0496206 -0.0445019 -0.0419485 -0.0125829 -0.0184933 0.0500096
internal_weight=92029.5 62054.9 15108.9 12541.4 1717.26 46946 25821.3 1051.37 753.887 21124.7 18993.3 15935.1 24769.9 23563.3 10824.1 10097.8 1206.65 29974.6 963.376 689.777 316.873 854.897 726.346 2567.53 2530.09 2131.38 3058.24 120.743 109.688 29284.8
internal_count=5491971 852057 616571 231641 135941 235486 144286 17948 18602 91200 82152 69175 126338 119430 95700 77832 6908 4639914 117339 81424 29608 6652 17868 384930 384517 9048 12977 6959 5776 4558490
is_linear=0
shrinkage=0.05


Tree=27
num_leaves=31
num_cat=0
split_feature=2 1 0 2 3 2 0 1 2 1 0 3 2 2 0 2 0 2 3 0 1 0 0 2 3 0 2 3 0 3
split_gain=37853.4 2375.09 3086.16 595.437 713.219 345.025 203.092 158.776 224.739 147.81 140.118 123.358 116.493 108.551 200.792 90.8778 86.26 82.688 156.33 65.6584 63.4267 61.6183 57.0738 52.5888 41.5078 29.7281 26.8903 20.0726 15.477 22.805
threshold=4.0982006077102948 1.0000000180025095e-35 0.92061854054148851 6.0978481303467058 7.3159499364080736 6.9354456287757147 0.19145279672441137 1.5000000000000002 4.4524223690016962 1.5000000000000002 0.62018023237906184 4.2047672406880237 4.6141616884197054 4.3694757063636134 0.31410302578058374 4.0418937251385625 0.17018869910310372 7.5747031881281135 8.4580160548255012 0.6848035974784904 1.0000000180025095e-35 0.38448516112627812 0.73444193058723151 4.2047331123241749 7.9584020480681064 0.33474620881895956 7.1770651455763064 7.9810273183704767 0.92235091143278425 4.2047672406880237
decision_type=2 2 2 2 2 2 2 2 2 2 2 2 2 2 2 2 2 2 2 2 2 2 2 2 2 2 2 2 2 2
left_child=15 2 3 13 21 6 12 11 -9 17 -6 -8 -3 14 -2 -1 -15 19 -19 -7 22 -5 -17 -4 -14 -11 -25 -27 29 -24
right_child=1 5 23 4 10 9 7 8 -10 25 -12 -13 24 16 -16 20 -18 18 -20 -21 -22 -23 28 26 -26 27 -28 -29 -30 -31
leaf_value=0.04997768915717668 0.03418805732980091 0.028246852914625167 -0.0099198483349728205 -0.039072795191216057 -0.030496774418214575 -0.034342400354485957 -0.035252754691725514 0.046550195658917548 -0.01338656134203144 -0.071747231031490041 0.02781714275059782 -0.021736723619051115 -0.039082223079681122 -0.04391349933284687 -0.012563765943443342 0.032011980121995146 -0.018502758153572496 -0.01438005955582515 -0.043107087422638357 -0.045163489911351398 0.045735258860448477 0.046546029315306769 -0.062356919603420435 0.049916480932924841 -0.028416773086447935 -0.0092099346088935739 -0.030654736324536316 0.014882212056237491 0.0285498660140527 -0.0065935822902368742
leaf_weight=27873.892030023038 258.78570327721536 74.085272857919335 37.732572820037603 21.516286965459585 632.00073436181992 6906.2479863166809 1792.1797763630748 187.53598832990974 941.96072032302618 16.02271094918251 123.07211932074279 29081.540880879387 2411.2222040295601 347.98890746384859 2040.6928879637271 189.94677365850657 8293.6409006975591 1247.6029434353113 763.35620266199112 1758.8030700534582 356.39697354706004 900.41288780840114 23.938188783824444 2398.7906057178043 1467.4172798544168 304.5218179486692 10.400526553392409 120.73196614533663 19.897695587016642 78.324530735611916
leaf_count=4558490 6339 427 413 359 4362 28350 7415 11262 7118 78 14240 143180 10154 1843 25402 22649 62116 5839 3292 7759 51816 116980 1071 384406 6083 3432 111 1097 1664 4224
internal_value=0.00187577 -0.0200185 -0.00273896 -0.0127046 0.0150384 -0.0255486 -0.0231683 -0.0218477 -0.00343496 -0.0332469 -0.020992 -0.0225213 -0.0338608 -0.016957 -0.00730227 0.0495408 -0.019526 -0.034419 -0.0252848 -0.0365388 0.0313228 0.0445478 0.0148651 0.0486513 -0.0350471 -0.00488912 0.0495687 -0.00237004 -0.0117966 -0.019647
internal_weight=90680.7 62138.3 15065 12618.1 1677 47073.2 35955.9 32003.2 1129.5 11117.3 755.073 30873.7 3952.72 10941.1 2299.48 28542.4 8641.63 10676 2010.96 8665.05 668.504 921.929 312.107 2446.92 3878.64 441.276 2409.19 425.254 122.16 102.263
internal_count=5491971 852057 616571 231641 135941 235486 185639 168975 18380 49847 18602 150595 16664 95700 31741 4639914 63959 45240 9131 36109 81424 117339 29608 384930 16237 4607 384517 4529 6959 5295
is_linear=0
shrinkage=0.05


Tree=28
num_leaves=31
num_cat=0
split_feature=2 1 0 2 3 2 0 2 1 2 0 0 0 3 0 2 2 3 1 0 0 2 0 2 3 2 2 0 3 0
split_gain=35479.7 2130.01 2889.13 534.48 670.828 324.057 187.114 146.347 135.088 134.684 219.684 145.144 126.199 99.8638 140.105 93.5054 75.9585 145.622 62.7421 62.3015 58.6231 56.1286 53.3323 51.8325 33.2038 29.6793 25.9999 25.9889 18.1585 14.4355
threshold=4.0982006077102948 1.0000000180025095e-35 0.92061854054148851 6.0978481303467058 7.3159499364080736 6.9354456287757147 0.22576532962289497 4.7001851868954612 1.5000000000000002 4.1845458315089283 0.72540013115155599 0.81577353924098361 0.62018023237906184 6.9823059413278932 0.31410302578058374 4.0418937251385625 7.5747031881281135 8.4580160548255012 1.0000000180025095e-35 0.6848035974784904 0.38448516112627812 4.4524223690016962 0.73444193058723151 4.2047331123241749 7.9584020480681064 5.0937916101349279 7.1770651455763064 0.33474620881895956 7.9810273183704767 0.9492036139618315
decision_type=2 2 2 2 2 2 2 2 2 2 2 2 2 2 2 2 2 2 2 2 2 2 2 2 2 2 2 2 2 2
left_child=15 2 3 13 20 6 7 21 16 10 -8 -11 -6 14 -2 -1 19 -18 22 -7 -5 -3 -17 -4 -9 -15 -25 -10 -29 -24
right_child=1 5 23 4 12 8 9 24 27 11 -12 -13 -14 25 -16 18 17 -19 -20 -21 -22 -23 29 26 -26 -27 -28 28 -30 -31
leaf_value=0.049945804589866159 -0.0025237656382830357 0.048987877257457457 -0.0093530205712385288 -0.035868268638331063 -0.028772796423755742 -0.032718045396772776 0.04058124435501069 -0.034467336021004151 -0.066251017758969716 -0.021915869564571297 -0.028939256809960179 -0.01052980615088378 0.027174444985920768 -0.10650460083669618 -0.017591634333697242 0.031409192617231449 -0.013603472850903213 -0.041399083882552701 0.045505460603981092 -0.043299372664401849 0.046339846872103005 -0.0067240134249830982 -0.016213894233795958 0.049879379499124535 -0.026425836712449455 -0.035613085692722701 -0.028409839174159304 -0.0086853248109913187 0.0142943971585104 0.04567428361951234
leaf_weight=26530.969956850167 1876.5696702087298 53.901816308498383 38.010964371263981 22.246851108968258 636.26140596158803 6887.1514813601971 233.21400405094028 3828.3105453550816 16.472098410129547 26425.628404626623 221.62250405736268 3130.5106788892299 119.76866874098778 15.227375105023382 8671.8732709544711 184.06320012779906 1252.7477397918701 755.31447032094002 340.68462195666507 1743.1978706866503 860.21515613235533 280.34437521547079 113.22556399833411 2283.4550279621035 1931.2326722294092 485.22385650128126 10.654412150382994 306.71172044053674 119.44540153443813 10.277563182637094
leaf_count=4558490 20155 483 413 359 4362 28350 15799 16182 78 121304 2366 20141 14240 83 72401 22649 5839 3292 51816 7759 116980 1361 5776 384406 8003 3061 111 3432 1097 1183
internal_value=0.00183066 -0.0189919 -0.0025926 -0.0119945 0.0146549 -0.0242119 -0.0219163 -0.0299043 -0.0316913 -0.0202944 0.00670686 -0.0207099 -0.0199098 -0.0159464 -0.0149111 0.0494874 -0.0328174 -0.0240585 0.0307256 -0.0348553 0.0442674 0.0022603 0.0143542 0.0485563 -0.0317709 -0.0377701 0.0495158 -0.00462641 -0.00224446 -0.0110637
internal_weight=89384.5 62205.3 15019.5 12687.4 1638.49 47185.8 36104.8 6093.79 11081 30011 454.837 29556.1 756.03 11048.9 10548.4 27179.2 10638.4 2008.06 648.251 8630.35 882.462 334.246 307.566 2332.12 5759.54 500.451 2294.11 442.629 426.157 123.503
internal_count=5491971 852057 616571 231641 135941 235486 185639 26029 49847 159610 18165 141445 18602 95700 92556 4639914 45240 9131 81424 36109 117339 1844 29608 384930 24185 3144 384517 4607 4529 6959
is_linear=0
shrinkage=0.05


Tree=29
num_leaves=31
num_cat=0
split_feature=2 1 0 2 3 3 3 3 3 1 2 3 0 3 0 0 2 0 2 0 2 1 0 2 0 3 2 0 0 0
split_gain=33275.1 1912.16 2706.46 482.238 655.918 306.864 146.621 203.932 457.176 138.085 200.775 126.584 130.506 115.879 115.758 104.578 99.9089 178.831 96.1741 92.8863 76.599 62.0064 56.7375 51.1132 49.8433 25.3111 37.6027 20.7653 136.709 102.073
threshold=4.0982006077102948 1.0000000180025095e-35 0.92061854054148851 5.9646979569103058 7.3159499364080736 7.3159499364080736 7.3233027137203726 7.9810273183704767 7.9584020480681064 1.5000000000000002 4.4524223690016962 7.2540859042396688 0.35510742169672516 7.9942274713266626 0.62347203858067124 0.3654363882654203 4.3694757063636134 0.30388953340193608 4.0418937251385625 0.57374697000709707 5.0937916101349279 1.0000000180025095e-35 0.32388242588166877 4.2047331123241749 0.73444193058723151 6.5236944472770055 6.9354456287757147 0.64922974994475979 0.67233198250082127 0.56126945381299154
decision_type=2 2 2 2 2 2 2 2 2 2 2 2 2 2 2 2 2 2 2 2 2 2 2 2 2 2 2 2 2 2
left_child=18 2 3 16 15 9 27 8 -8 11 -11 12 -3 -9 -6 -5 17 -2 -1 -13 -18 24 -12 -4 -20 -25 -27 29 -29 -7
right_child=1 5 23 4 14 6 7 13 -10 10 22 19 -14 -15 -16 -17 20 -19 21 -21 -22 -23 -24 25 -26 26 -28 28 -30 -31
leaf_value=0.049913810493005271 0.03717310049538608 -0.015814918092092681 -0.0088225529514504835 -0.038660717036087554 -0.027204279411425974 -0.035811657578277402 -0.024256852768195267 -0.039776600265554338 0.01277476386354132 0.046325480915765667 0.00311407370767325 -0.016153684737459893 -0.023579540268202494 -0.027383433648171501 0.026761682066464922 0.045110342236045764 -0.020322718955305869 -0.010466894061774125 0.030799557893097063 0.011609205255453793 -0.0092942105218406252 0.045267619893181357 -0.02252841366690336 0.049953595102067753 -0.010393419002765334 -0.52394806581952691 0.00065602747443833421 0.0089412099091045454 -0.039491796089110853 -0.067945257670945794
leaf_weight=25252.812127340585 217.19644218776375 8262.2990475874394 38.274618715047836 38.871151987463236 705.71392309945077 1494.5703585892916 8099.0268145427108 2687.0521731674671 929.0544574521482 180.6913769999519 377.62492312118411 717.56499800086021 15685.07771709282 6328.2070150524378 115.65354311093688 896.43122033821419 6593.2372085591778 2117.2062637964264 178.46461910801008 519.31010672450066 2068.3768781647086 325.72949672024697 503.14040764421225 2166.4892036244273 124.7782129556872 0.348291195929053 17.734134950209409 169.80119097232819 1026.4440794587135 296.09278596937656
leaf_count=4558490 5420 37279 413 478 4793 6430 33945 11766 5536 11296 2773 3242 82151 26976 14115 118828 42414 26321 22649 3666 19272 51816 3879 383488 6959 62 967 684 4667 1196
internal_value=0.0017856 -0.0180243 -0.00245438 -0.0113287 0.0129974 -0.0229563 -0.0274565 -0.0257579 -0.020446 -0.0193504 -0.00168484 -0.020095 -0.0209006 -0.0310773 -0.0196055 0.0416288 -0.0152149 -0.0060344 0.0494328 -0.00449725 -0.0176891 0.0301202 -0.0115343 0.0484583 0.0138495 0.0494619 -0.00944853 -0.0377176 -0.032617 -0.0411251
internal_weight=88133.3 62251.5 14975.5 12752.7 1756.67 47276 21030.2 18043.3 9028.08 26245.7 1061.46 25184.3 23947.4 9015.26 821.367 935.302 10996 2334.4 25881.8 1236.88 8661.61 628.972 880.765 2222.85 303.243 2184.57 18.0824 2986.91 1196.25 1790.66
internal_count=5491971 852057 616571 231641 138214 235486 91200 78223 39481 144286 17948 126338 119430 38742 18908 119306 93427 31741 4639914 6908 61686 81424 6652 384930 29608 384517 1029 12977 5351 7626
is_linear=0
shrinkage=0.05


Tree=30
num_leaves=31
num_cat=0
split_feature=2 1 0 2 3 2 0 3 0 2 1 0 0 2 0 2 3 1 2 3 0 0 2 0 1 2 2 0 3 0
split_gain=31226.1 1718.67 2536.92 433.086 614.825 297.168 173.04 130.914 681.613 129.822 119.629 104.4 99.3605 99.1592 99.0738 91.974 101.915 78.4801 71.5497 138.297 60.3726 53.0346 50.4254 48.5479 42.3265 28.5954 25.177 22.0657 18.5563 14.4524
threshold=4.0982006077102948 1.0000000180025095e-35 0.92061854054148851 5.9646979569103058 7.3159499364080736 6.9354456287757147 0.22576532962289497 4.2047672406880237 0.82260353923321416 4.566816998076491 1.5000000000000002 0.62018023237906184 0.99955128939493143 4.0326128529886951 0.3654363882654203 4.2047331123241749 5.0591714496897406 1.0000000180025095e-35 7.5747031881281135 8.4580160548255012 0.6848035974784904 0.51692778477187551 4.2047331123241749 0.75693732271664571 1.5000000000000002 4.4524223690016962 7.1770651455763064 0.33474620881895956 7.9810273183704767 0.94312317587993444
decision_type=2 2 2 2 2 2 2 2 2 2 2 2 2 2 2 2 2 2 2 2 2 2 2 2 2 2 2 2 2 2
left_child=13 2 3 15 14 6 9 12 -9 25 18 -6 -8 -1 -5 21 -17 23 20 -20 -7 -2 -4 -15 -11 -3 -24 -12 -29 -25
right_child=1 5 22 4 11 10 7 8 -10 24 27 -13 -14 17 -16 16 -18 -19 19 -21 -22 -23 26 29 -26 -27 -28 28 -30 -31
leaf_value=0.049952131169333273 0.020244865868813227 0.048255779283318638 -0.00832566370820567 -0.035568187896780304 -0.025729385803580501 -0.029945081604923842 -0.058406687754158297 -0.019031595436763731 0.015818552238495844 -0.029349708401051749 -0.059501236689448116 0.025889868301154074 -0.026060417449554459 0.028690442401308754 0.044834844253790855 -0.028327549710441064 -0.013621380312900137 0.046333052023849179 -0.011510393472639211 -0.038704344423727319 -0.040449569436261421 -0.0074511275348338492 0.049804596740411142 -0.015110083696933292 -0.0089686747420459102 0.0025764320928957085 -0.026427782310108783 -0.0079556218488418626 0.015118594904763045 0.039427902965068581
leaf_weight=23861.845758029725 271.58319903537631 52.73940204270184 38.524355411529541 40.104923497885466 708.76411963347346 6839.3686365932226 280.78906103782356 26932.153733178973 1480.143940364942 5687.2301025986671 17.02266451716423 113.66046869941056 1536.8801429886371 225.27276990097016 857.8207164532505 1355.7903961036354 8988.500068242196 427.99088012706488 1265.6700566411018 741.39655642211437 1709.7637893408537 475.44252158980817 2069.5357086546719 118.30915131326765 266.68675422668457 97.78230295330286 10.887915588915346 309.5581770054996 121.26426139473915 13.537285912781952
leaf_count=4525883 9213 483 413 478 4668 28350 1480 138377 13491 23502 78 14240 6262 29742 118828 8672 66887 73674 5839 3292 7759 8655 384406 8888 1528 516 111 3432 1097 1727
internal_value=0.00174103 -0.0171139 -0.00232289 -0.0107048 0.0126372 -0.021779 -0.0195989 -0.0180483 -0.0172161 -0.0272774 -0.0289776 -0.0185955 -0.0310572 0.0493769 0.0412437 -0.0143253 -0.0155489 0.0318928 -0.0300514 -0.0215557 -0.0320459 0.00261782 0.048356 0.0145869 -0.0284368 0.0185814 0.0494056 -0.00366701 -0.00146089 -0.00951042
internal_weight=86916 62269.1 14930.6 12811.7 1720.35 47338.4 36334.4 30230 28412.3 6104.44 11004 822.425 1817.67 24647 897.926 11091.3 10344.3 785.11 10556.2 2007.07 8549.13 747.026 2118.95 357.119 5953.92 150.522 2080.42 447.845 430.822 131.846
internal_count=5491971 852057 616571 231641 138214 235486 185639 159610 151868 26029 49847 18908 7742 4639914 119306 93427 75559 114031 45240 9131 36109 17868 384930 40357 25030 999 384517 4607 4529 10615
is_linear=0
shrinkage=0.05


Tree=31
num_leaves=31
num_cat=0
split_feature=2 1 0 2 3 2 0 2 0 0 1 2 0 3 2 2 1 3 2 2 0 3 0 2 3 2 0 3 0 2
split_gain=29321.1 1548.49 2378.44 389.321 542.673 280.229 161.384 145.631 200.743 125.417 109.377 93.8982 91.4144 90.3213 150.654 76.408 71.533 68.6513 139.674 47.5814 39.4178 31.7317 25.4509 24.9703 24.9637 35.2596 19.491 16.8179 11.6507 12.1587
threshold=4.0880286038569347 1.0000000180025095e-35 0.92061854054148851 6.1832249333998952 7.3159499364080736 6.9354456287757147 0.19145279672441137 4.1845458315089283 0.73444193058723151 0.81577353924098361 1.5000000000000002 4.6141616884197054 0.62347203858067124 6.9823059413278932 5.676703105257821 4.0280564505813681 1.0000000180025095e-35 8.6879410503086998 7.7655073004765951 4.2047331123241749 0.7717872957461035 7.9584020480681064 0.43543679404407926 5.1351301576799973 6.5236944472770055 6.8284965825503106 0.33474620881895956 7.9810273183704767 0.95585909713935002 4.0359264352066395
decision_type=2 2 2 2 2 2 2 2 2 2 2 2 2 2 2 2 2 2 2 2 2 2 2 2 2 2 2 2 2 2
left_child=15 2 3 13 22 6 11 8 -8 -9 17 -3 -6 14 -2 -1 20 18 -7 -4 -17 -13 -5 -15 -21 -26 -12 -28 29 -22
right_child=1 5 19 4 12 10 7 9 -10 -11 26 21 -14 23 -16 16 -18 -19 -20 24 28 -23 -24 -25 25 -27 27 -29 -30 -31
leaf_value=0.049963666630800201 -0.013061755838633587 0.027943108196603506 -0.0045398488786663072 -0.0041585219932492035 -0.024094378355970121 -0.02904777578328889 0.040433585421289532 -0.018814445080256037 -0.02400351232254903 -0.0083191283731670913 -0.055436857372183415 -0.032599693661701422 0.025476301431092224 -0.082012545440335288 0.025178278122446374 0.029519683045053837 0.047178103762243434 -0.04147563729784054 -0.005186546776005975 0.049889517053869015 0.017265269124417216 -0.023258170869778005 0.0465826070377326 -0.030301113066132337 -0.49373182654018 0.001036234771239227 -0.0075103170081240751 0.014523690046539512 0.045420334191721957 -0.0204768850284801
leaf_weight=22603.611533929594 10631.624834562652 73.465326217934489 41.826108397915959 25.614169667474926 606.78044156683609 8897.8607043772936 254.53115889150649 28852.244295450859 230.16334840143099 3158.012264419347 17.348326250910759 2437.4841914847493 109.84060979029164 24.382287800312042 263.95789982192218 217.85591278923675 452.0881843464449 953.0842596590519 658.69673888385296 1963.0055399024859 28.791654794942588 1449.7688202261925 702.32336811348796 548.64503198489547 0.36751988716423767 17.818104059901088 311.46649314835668 119.95393190532923 10.083742963615803 82.43927356461063
leaf_count=4504732 91196 427 494 816 4303 37631 19243 130669 2804 20141 78 10154 14115 124 6300 31205 83923 4325 3284 383488 5580 6083 114146 3560 41 988 3432 1097 1513 6079
internal_value=0.00169653 -0.0162135 -0.00217442 -0.0100717 0.0143905 -0.0206361 -0.0185286 -0.0173671 0.00983481 -0.017779 -0.0276471 -0.0280574 -0.0164964 -0.0131529 -0.0121353 0.049429 0.0341566 -0.0286793 -0.0274031 0.0482351 0.0167999 -0.0291157 0.0447972 -0.0325014 0.0493493 -0.00896271 -0.00347345 -0.00138389 -0.00604211 -0.0107075
internal_weight=85745.1 62350.3 14936.2 12913.2 1444.56 47414.1 36455.7 32495 484.695 32010.3 10958.4 3960.72 716.621 11468.6 10895.6 23394.9 791.259 10509.6 9556.56 2023.02 339.171 3887.25 727.938 573.027 1981.19 18.1856 448.769 431.42 121.315 111.231
internal_count=5491971 858939 619571 234560 133380 239368 189521 172857 22047 150810 49847 16664 18418 101180 97496 4633032 128300 45240 40915 385011 44377 16237 114962 3684 384517 1029 4607 4529 13172 11659
is_linear=0
shrinkage=0.05


Tree=32
num_leaves=31
num_cat=0
split_feature=2 1 0 2 3 2 0 2 0 0 2 1 0 0 2 2 1 3 2 2 2 2 0 1 3 3 2 0 3 0
split_gain=27546 1393.13 2231.9 353.333 351.717 261.424 147.197 127.546 186.969 129.72 114.63 99.9571 88.8865 82.9171 115.634 78.8928 71.2749 65.7768 127.466 63.4096 47.1583 46.4779 37.0319 29.1887 24.6269 41.8204 21.4077 17.2691 15.2422 10.9212
threshold=4.0880286038569347 1.0000000180025095e-35 0.92061854054148851 6.5729417446171423 7.3159499364080736 6.9354456287757147 0.22576532962289497 4.1845458315089283 0.72540013115155599 0.47638594757386876 4.7001851868954612 1.5000000000000002 0.67233198250082127 0.17018869910310372 5.0937916101349279 4.0280564505813681 1.0000000180025095e-35 8.6879410503086998 7.7655073004765951 4.7405572413601371 4.2047331123241749 4.4524223690016962 0.7717872957461035 1.5000000000000002 6.5236944472770055 6.6746245191423315 7.0099275978482467 0.33474620881895956 7.9810273183704767 0.99999915540540552
decision_type=2 2 2 2 2 2 2 2 2 2 2 2 2 2 2 2 2 2 2 2 2 2 2 2 2 2 2 2 2 2
left_child=15 2 3 13 26 6 10 8 -8 -9 21 17 -6 19 -15 -1 22 18 -7 -2 29 -3 -17 -12 -22 -26 -5 -13 -29 -4
right_child=1 5 20 4 12 11 7 9 -10 -11 23 27 -14 14 -16 16 -18 -19 -20 -21 24 -23 -24 -25 25 -27 -28 28 -30 -31
leaf_value=0.049936617572254843 0.026003048234340555 0.047435835137056639 0.0038350369378471008 0.047726963425304206 -0.009239344294493709 -0.02770041338717082 0.040429180025370139 -0.013800562912457999 -0.022185115602806168 -0.020490343351748059 -0.02705781936513349 -0.051792507181543004 -0.20584448097560526 -0.01374506409018917 -0.0014272822835041067 0.028892268228062332 0.047017476143862889 -0.039990153701509212 -0.0049193531685525135 -0.039882985137668726 0.049857083089287768 -0.0041534520864363027 -0.0056942510027404667 -0.0099080273313035139 -0.57541459613573609 0.0017446145825603687 -0.039891764333831126 -0.0070925232252982756 0.013946778047425723 -0.08428981642565947
leaf_weight=21512.575827700552 40.342437595129013 51.601278928108513 38.094390526413918 529.84089536918327 501.19694860931486 8864.9725552946329 241.49856569524854 17674.535185862333 235.47363091399893 12281.843134991825 5517.7213169783354 17.632881566882133 5.815627379808574 9086.8465013871901 2410.7756152465008 211.6175642660819 431.47217703936622 939.41554601490498 659.72302044928074 385.22835031151772 1868.4529797369614 283.6288533359766 122.01749532297254 259.78719566017389 0.31940596178174274 18.078360806684941 7.0642782752402118 313.27524916082621 118.70266345143318 3.8731526285409918
leaf_count=4504732 328 483 460 97678 17120 37631 19058 80185 2989 61260 22772 78 264 76328 40705 31205 83923 4325 3284 1806 383488 1361 13172 1413 22 1007 331 3432 1097 34
internal_value=0.00165208 -0.0153979 -0.00205789 -0.00952233 0.0183712 -0.0195849 -0.017557 -0.0161349 0.00951749 -0.0165433 -0.0246374 -0.0263756 -0.0114945 -0.0119645 -0.0111623 0.0493755 0.033598 -0.0273675 -0.0261225 -0.0336372 0.0481243 0.00378758 0.0162432 -0.0262867 0.0492903 -0.00827552 0.0465741 -0.00329094 -0.00131116 -0.00429794
internal_weight=84633.4 62355.7 14895.9 12967.1 1043.92 47459.8 36546.1 30433.4 476.972 29956.4 6112.74 10913.7 507.013 11923.2 11497.6 22277.7 765.107 10464.1 9524.7 425.571 1928.82 335.23 333.635 5777.51 1886.85 18.3978 536.905 449.611 431.978 41.9675
internal_count=5491971 858939 619571 234560 115393 239368 189521 163492 22047 141445 26029 49847 17384 119167 117033 4633032 128300 45240 40915 2134 385011 1844 44377 24185 384517 1029 98009 4607 4529 494
is_linear=0
shrinkage=0.05


Tree=33
num_leaves=31
num_cat=0
split_feature=2 1 0 2 3 3 3 2 1 3 3 0 0 1 2 1 0 2 0 0 1 0 2 1 0 3 0 0 3 3
split_gain=25890.2 1254.57 2095.35 323.747 534.2 249.115 395.463 246.945 148.739 120.286 187.766 124.207 113.999 112.97 112.243 111.405 104.727 95.2662 157.791 89.0343 86.5196 85.6067 81.4335 70.9537 63.1066 43.3285 40.9742 34.9253 24.6851 17.3759
threshold=4.0880286038569347 1.0000000180025095e-35 0.92235091143278425 5.8138794391169242 7.3159499364080736 7.9810273183704767 7.9584020480681064 7.0948639925422592 1.5000000000000002 7.9942274713266626 8.4580160548255012 0.66578999664304883 0.41467489510663341 1.5000000000000002 6.802509271839944 1.5000000000000002 0.91830335019733844 4.3694757063636134 0.30388953340193608 0.62347203858067124 1.5000000000000002 0.17018869910310372 4.0280564505813681 1.0000000180025095e-35 0.14402769709617944 4.3720394261482847 0.87576024100065497 0.75693732271664571 7.2227849702893554 8.6879410503086998
decision_type=2 2 2 2 2 2 2 2 2 2 2 2 2 2 2 2 2 2 2 2 2 2 2 2 2 2 2 2 2 2
left_child=22 2 3 17 12 6 7 8 -3 15 11 -11 -5 14 -8 21 -17 18 -2 -6 -9 -7 -1 27 -19 -4 -15 -24 -27 -12
right_child=1 5 25 4 19 9 13 20 -10 10 29 -13 -14 26 -16 16 -18 24 -20 -21 -22 -23 23 -25 -26 28 -28 -29 -30 -31
leaf_value=0.04990943678709793 0.037205366226673246 -0.017148326657470774 0.00067342983408592361 -0.0057512342730497148 -0.022815316469934753 -0.008729001977023516 -0.00019725182064477556 -0.033826477269323689 0.00012789590268884795 -0.018582527471276103 -0.030143736085002645 0.01751681506660626 0.044810098165183054 -0.034094116416388716 0.0394840670034955 0.022030829296309895 -0.34094372467837064 -0.045635204251856881 -0.007394189012027254 0.025380360769454352 0.0081886131482994708 -0.040239814405997276 0.029478946502442378 0.046850865183404207 -0.014004385004099723 0.049811794126437492 0.016789325555629873 -0.003593980285968384 -0.021420520997674563 -0.039479736309214808
leaf_weight=20474.261827895418 217.62658702395856 33586.58099515643 46.967986016534269 130.03987922146916 779.3802494853735 238.07435461878777 292.81459558010101 2684.2649055272341 1293.8506480520591 3988.4427035599947 954.57648529112339 253.41948325186968 781.16392008867115 134.73792007192969 455.31270423531532 103.89888896793127 2.0259743928909293 160.62643357366323 2235.1494244700298 109.25905164051801 128.39124908298254 2277.2193559259176 191.48341897781938 411.85227191960439 8614.5202319207601 1775.5836922125891 56.010347194969654 136.88974240981042 12.246310714632271 1042.866674259305
leaf_count=4504732 5504 161685 632 2025 5080 1041 1212 11754 20554 16455 4193 1473 119435 1420 1962 835 30 749 29175 14115 1097 9860 29267 83923 59032 383696 942 15110 128 4855
internal_value=0.00160776 -0.0146251 -0.00194716 -0.00899265 0.0106939 -0.0185926 -0.0168583 -0.0176567 -0.0165075 -0.0261539 -0.0223779 -0.0164259 0.0375944 0.0151952 0.0239529 -0.035142 0.0150884 -0.0121484 -0.00343702 -0.0168896 -0.0319086 -0.0372573 0.0493204 0.0330283 -0.0145834 0.0480785 -0.019153 0.0156918 0.0493239 -0.0350181
internal_weight=83569.5 62355.1 14862.6 13027.8 1799.84 47492.5 38632 37693.1 34880.4 8860.52 6239.31 4241.86 911.204 938.876 748.127 2621.22 105.925 11227.9 2452.78 888.639 2812.66 2515.29 21214.5 740.225 8775.15 1834.8 190.748 328.373 1787.83 1997.44
internal_count=5491971 858939 619571 235115 140655 239368 200626 195090 182239 38742 26976 17928 121460 5536 3174 11766 865 94460 34679 19195 12851 10901 4633032 128300 59781 384456 2362 44377 383824 9048
is_linear=0
shrinkage=0.05


Tree=34
num_leaves=31
num_cat=0
split_feature=2 0 2 2 3 3 2 3 0 0 3 3 3 0 2 1 0 3 0 3 0 0 3 0 3 3 3 3 2 2
split_gain=24346.5 1146.22 1691.46 763.266 430.728 418.618 358.477 312.179 297.819 271.508 143.434 171.219 151.843 104.188 84.0056 70.5468 67.5493 52.7901 69.3431 70.0884 35.9085 32.8807 22.4803 29.163 22.215 20.3665 17.0156 40.8059 17.011 13.1017
threshold=4.0880286038569347 0.92415223574549865 4.2361428001878414 7.1770651455763064 7.3159499364080736 7.2540859042396688 4.2047331123241749 5.0591714496897406 0.53804512297100382 0.65404583389057924 8.4580160548255012 7.3233027137203726 7.6003022744640454 0.61099889065946678 4.0280564505813681 1.0000000180025095e-35 0.63392955449936217 4.2047672406880237 0.99955128939493143 4.2024512923595738 0.19145279672441137 0.75693732271664571 7.9584020480681064 0.99999915540540552 7.9810273183704767 8.6879410503086998 4.6071681687305253 4.3282302013682576 4.2047331123241749 6.3155342981366367
decision_type=2 2 2 2 2 2 2 2 2 2 2 2 2 2 2 2 2 2 2 2 2 2 2 2 2 2 2 2 2 2
left_child=14 4 17 26 5 6 13 -8 20 -10 11 16 -13 -2 -1 21 -6 18 19 -3 -7 -16 23 -5 -24 29 27 -4 -19 -12
right_child=1 2 3 22 10 8 7 -9 9 -11 25 12 -14 -15 15 -17 -18 28 -20 -21 -22 -23 24 -25 -26 -27 -28 -29 -30 -31
leaf_value=0.049882045566840456 0.024358866988791521 -0.010782260296761629 0.060584461297775609 -0.038105871561778776 -0.037308634428226538 -0.033184591782184802 -0.026031286132435993 -0.012669263381516008 0.039929812792862659 -0.030825618740471478 -0.0026749560049082848 -0.0079978474855605022 -0.020445777248758849 -0.0038505659034324315 0.028852438777250675 0.046677992013057334 -0.020985288017174527 0.022257961448661746 -0.022404230571509448 -0.063604984351749966 -0.0068394121290108025 -0.0034021150806887133 0.023187345351698911 -0.010974433439912166 -0.078478193973760504 -0.038706152252334196 0.050256182605440472 0.024310056689733524 -0.0091465838500810366 -0.030049651152689111
leaf_weight=19486.146280267276 733.14004778210074 88.126194834709167 124.23883058130741 234.59314876049757 1810.6367811188102 165.20210692286491 5183.7550699668936 27886.01005938556 859.52570388885215 160.97461435524747 45.835319116711617 2990.2744090324268 13555.721092015505 591.31751551525667 185.99999752733856 393.18080141488463 975.10720117483288 57.038023831322789 1553.3201404195279 218.49513177759945 595.82712092529982 137.3666624892503 40.921708095818758 171.41309544444084 6.1854544207453719 1083.3206483572721 1869.2912549697794 206.21000056015328 176.72077628970146 942.16117461025715
leaf_count=4504732 29894 946 925 1182 9175 712 27662 177776 91295 3133 191 13328 59226 14125 29267 83923 17451 292 6297 921 4907 15110 676 897 56 5105 384944 2904 741 4178
internal_value=0.00156415 -0.0138976 0.00971882 0.036235 -0.0158445 -0.0125181 -0.0137422 -0.0147638 0.0111148 0.0287688 -0.0214667 -0.0201269 -0.0181961 0.0117645 0.0492638 0.0324502 -0.0315949 -0.0238789 -0.0266936 -0.0484232 -0.0125584 0.0151507 -0.0228576 -0.0266512 0.00983805 -0.0339713 0.0484072 0.0379481 -0.00148376 -0.0287797
internal_weight=82528.1 62325.4 4746.55 2652.85 57578.8 36175.8 34394.2 33069.8 1781.53 1020.5 21403.1 19331.7 16546 1324.46 20202.7 716.547 2785.74 2093.7 1859.94 306.621 761.029 323.367 453.113 406.006 47.1072 2071.32 2199.74 330.449 233.759 987.996
internal_count=5491971 858939 400781 391584 458158 349504 249457 205438 100047 94428 108654 99180 72554 44019 4633032 128300 26626 9197 8164 1867 5619 44377 2811 2079 732 9474 388773 3829 1033 4369
is_linear=0
shrinkage=0.05


Tree=35
num_leaves=31
num_cat=0
split_feature=2 1 0 2 3 3 3 3 0 1 2 3 0 0 3 2 0 2 3 0 1 0 3 3 2 0 3 3 0 0
split_gain=22903.8 1044.67 1839.24 278.974 472.579 219.046 146.426 175.864 213.939 111.974 180.465 113.391 116.263 108.998 95.8998 86.6056 80.0089 79.5834 150.04 73.704 70.0548 56.0643 52.4017 42.603 35.9294 31.0458 24.4423 23.5604 22.2394 110.29
threshold=4.0880286038569347 1.0000000180025095e-35 0.92235091143278425 5.8138794391169242 7.3159499364080736 7.3159499364080736 7.3233027137203726 7.7766189032103208 0.64526040572373422 1.5000000000000002 4.6141616884197054 7.3001858006628737 0.14402769709617944 0.43543679404407926 8.4580160548255012 4.0280564505813681 0.62018023237906184 4.3694757063636134 5.0591714496897406 0.5964197271281243 1.0000000180025095e-35 0.82260353923321416 6.6746245191423315 4.3720394261482847 4.3694757063636134 0.7717872957461035 6.5236944472770055 6.6746245191423315 0.64526040572373422 0.67233198250082127
decision_type=2 2 2 2 2 2 2 2 2 2 2 2 2 2 2 2 2 2 2 2 2 2 2 2 2 2 2 2 2 2
left_child=15 2 3 17 13 9 28 8 -8 11 24 12 -3 -5 -9 -1 -6 18 -2 -13 25 -19 -12 -4 -11 -17 -25 -28 -7 -30
right_child=1 5 23 4 16 6 7 14 -10 10 22 19 -14 -15 -16 20 -18 21 -20 -21 -22 -23 -24 26 -26 -27 27 -29 29 -31
leaf_value=0.049854386564866585 -0.012414226044493069 -0.04666115529113804 0.00098763553342488342 -0.0017307567009270189 -0.020491517574533099 -0.034819999926440796 -0.0074428229142372779 -0.020309601036102552 -0.038987499552738489 0.050316285086287785 -0.018609597630368121 -0.0082191772610666 -0.014659075564444341 0.045064380836169017 -0.032358402695625836 0.027040159074365324 0.025065926851208051 -0.013364731542285483 0.013026059897605574 0.026998210426844662 0.046498577750530096 0.02547091465568729 0.01035338942588334 0.049868085140302859 0.016166054371912025 -0.0049941891309447945 -0.34507611098488483 0.0013474260408507283 0.0089541806789388851 -0.032735193135417208
leaf_weight=18545.82379110856 1534.5445414567366 287.09279868006706 47.131277935579419 150.60495860036463 783.40890214499086 1707.3803595006466 4521.595853254199 10753.011853907257 610.01401698589325 162.97436475101858 582.47143850103021 347.28361070901155 24799.424734255765 716.25565117131919 1951.1239162832499 195.07924696430564 109.89288277504966 8817.3577323704958 931.3027978502214 259.6344548612833 375.41232099896297 93.921848608646542 213.38153270632029 1602.4634380051866 146.03404476679862 123.5234174025245 0.50469492748379963 17.832919244188815 190.21642801165581 955.82376763224602
leaf_count=4504732 20684 1149 632 2617 4955 7548 18559 47912 2704 11777 3871 1590 123889 118843 9048 31205 14240 55646 13995 2102 83923 4135 1220 382800 2570 13172 22 1002 762 4667
internal_value=0.00152109 -0.0132068 -0.00161037 -0.00788976 0.0106344 -0.0168222 -0.0206871 -0.0190046 -0.0111927 -0.0138384 0.00174748 -0.0145087 -0.0150253 0.0369344 -0.0221601 0.0492054 -0.0148871 -0.0107556 -0.00280592 0.00684653 0.0318642 -0.0129554 -0.0108441 0.0478486 0.0341773 0.0146203 0.0492113 -0.00818698 -0.0312035 -0.0258157
internal_weight=81532.5 62292.7 14805.2 13137.3 1760.16 47487.5 20689.2 17835.7 5131.61 26798.3 1104.86 25693.4 25086.5 866.861 12704.1 19239.8 893.302 11377.1 2465.85 606.918 694.015 8911.28 795.853 1667.93 309.008 318.603 1620.8 18.3376 2853.42 1146.04
internal_count=5491971 858939 619571 235115 140655 239368 91200 78223 21263 148168 19438 128730 125038 121460 56960 4633032 19195 94460 34679 3692 128300 59781 5091 384456 14347 44377 383824 1024 12977 5429
is_linear=0
shrinkage=0.05


Tree=36
num_leaves=31
num_cat=0
split_feature=2 0 2 3 2 1 2 3 3 3 3 3 2 1 1 0 3 3 3 0 3 0 0 0 0 3 2 2 3 0
split_gain=21555.8 949.609 1532.98 1329.69 419.453 264.623 281.07 289.704 159.185 170.195 97.6955 97.6107 89.2296 70.1699 69.479 59.4838 55.9904 61.879 50.3559 42.6018 40.9656 61.0656 40.1798 34.6853 29.2523 19.9245 19.6808 17.6939 16.5064 14.8834
threshold=4.0880286038569347 0.82260353923321416 4.2361428001878414 7.2227849702893554 4.2047331123241749 1.0000000180025095e-35 6.5729417446171423 7.3159499364080736 8.4580160548255012 5.0591714496897406 4.6348260661835381 5.4424826413705318 4.0280564505813681 1.0000000180025095e-35 1.0000000180025095e-35 0.9278513163069585 4.3282302013682576 4.3382053465969248 7.9584020480681064 0.35510742169672516 4.2047672406880237 0.99955128939493143 0.65404583389057924 0.99999915540540552 0.75693732271664571 4.6348260661835381 4.1382565856210851 4.2047331123241749 8.6879410503086998 0.94554907756952145
decision_type=2 2 2 2 2 2 2 2 2 2 2 2 2 2 2 2 2 2 2 2 2 2 2 2 2 2 2 2 2 2
left_child=12 4 16 10 13 6 11 -8 9 -7 15 -6 -1 19 24 -4 20 -18 23 -2 21 -3 -15 -5 -14 -21 -24 -19 -10 -22
right_child=1 2 3 18 5 8 7 -9 28 -11 -12 -13 14 22 -16 -17 17 27 -20 25 29 -23 26 -25 -26 -27 -28 -29 -30 -31
leaf_value=0.04982638703985677 0.044325616701725384 -0.044168992151329196 0.0017566420728607869 -0.034879240448319061 -0.016110345119799325 -0.027301467572168704 0.046760081694812654 -0.0084339163535733543 -0.026309337129772695 -0.015449355906499922 0.049418275630983395 -0.0067279949647288317 0.027614369315330026 0.042894682447117242 0.046312339677459395 0.037719494572155406 -0.083195011106558983 0.0089134754455270342 0.0032971557211029707 -0.0083461931460710841 -0.014619288670893519 -0.020488018752419582 0.032101508505895091 -0.0093185435535533944 -0.0031300701512801568 0.0092523748050070704 -0.007256313822474672 -0.036509343288908848 -0.03556572663085792 0.0053469668331193173
leaf_weight=17650.99825003976 66.654651843942702 329.86295466963202 178.2117572799325 622.22277663648129 5019.4310740083456 3294.443269148469 445.80495605897158 509.41034460999072 930.03039491176605 37588.077403549105 2181.4607474170625 6191.6803287346847 176.02491109305993 274.70153896603733 358.50353442458436 324.07496227929369 79.510528766550124 26.213715682737529 138.08109311759472 262.59220014233142 241.06038002483547 1558.1412000134587 54.593993889167905 168.70674193650484 138.04409722611308 415.02681130263954 75.951784497592598 117.72029320895672 998.93507553637028 152.30736641958356
leaf_count=4504732 3563 2132 1384 3218 28014 15022 97217 17376 4193 165985 403976 57086 29267 16636 83923 3836 337 129 1673 5514 1747 6297 4549 897 15110 11173 988 495 4855 647
internal_value=0.0014785 -0.0125536 0.00615272 0.0269937 -0.0145925 -0.0152175 -0.00871034 0.0173255 -0.0170667 -0.0164044 0.0448407 -0.0109287 0.0491453 0.0152999 0.0312708 0.0249598 -0.0239067 -0.0477931 -0.0245632 0.00618435 -0.0215671 -0.0246254 0.0320413 -0.0294271 0.0141011 0.00243254 0.00920305 -0.0282368 -0.0311029 -0.00688859
internal_weight=80568.5 62244.9 6117.57 3612.76 56127.3 54977.8 12166.3 955.215 42811.5 40882.5 2683.75 11211.1 18323.6 1149.52 672.573 502.287 2504.82 223.445 929.011 744.274 2281.37 1888 405.247 790.93 314.069 677.619 130.546 143.934 1928.97 393.368
internal_count=5491971 858939 426768 414984 432171 389748 199693 114593 190055 181007 409196 85100 4633032 42423 128300 5220 11784 961 5788 20250 10823 8429 22173 4115 44377 16687 5537 624 9048 2394
is_linear=0
shrinkage=0.05


Tree=37
num_leaves=31
num_cat=0
split_feature=2 0 2 3 2 3 3 2 2 3 3 2 3 1 1 3 3 1 3 0 3 0 3 0 0 3 3 0 0 3
split_gain=20294.1 854.432 1351.87 861.461 342.964 263.226 287.258 547.426 224.29 96.0398 108.736 91.8745 77.4563 68.8213 53.986 42.3613 40.4738 35.1454 30.4584 51.3067 74.8056 27.458 27.4327 30.4668 27.2884 19.3091 16.1304 15.0415 11.6871 11.5334
threshold=4.0880286038569347 0.89349004887410088 4.2361428001878414 7.2227849702893554 4.2047331123241749 7.7766189032103208 5.0591714496897406 4.3694757063636134 4.566816998076491 8.6879410503086998 7.9584020480681064 4.0280564505813681 4.6348260661835381 1.0000000180025095e-35 1.0000000180025095e-35 4.6071681687305253 4.3159536012153072 1.5000000000000002 4.2047672406880237 0.99955128939493143 4.2024512923595738 0.75693732271664571 7.9584020480681064 0.99999915540540552 0.35510742169672516 4.2047672406880237 4.2641576553523111 0.94554907756952145 0.90776314808047343 4.0772831707010573
decision_type=2 2 2 2 2 2 2 2 2 2 2 2 2 2 2 2 2 2 2 2 2 2 2 2 2 2 2 2 2 2
left_child=11 4 18 15 12 6 8 -8 -6 10 -7 29 17 21 24 16 -4 25 19 20 -3 -13 23 -5 -14 -2 28 -28 -20 -1
right_child=1 2 3 22 5 9 7 -9 -10 -11 -12 13 14 -15 -16 -17 -18 -19 26 -21 -22 -23 -24 -25 -26 -27 27 -29 -30 -31
leaf_value=0.050084819538787934 -0.21281155688389522 -0.0050712499001278168 0.067116785754972361 -0.034901206719194715 -0.027008493316262972 -0.027323194054923901 0.016646315655888751 -0.012151384519843905 0.0078232502808758247 -0.035027652670604786 -0.016403203910655896 0.026977466638924794 0.043985961416915624 0.046118993827778204 0.043098375284118071 0.050034933882989074 0.023606152213482025 0.050819605833868867 -0.071360086853361204 -0.019434626825655443 -0.056791949821847182 -0.0029643389005001102 0.0077076381388052964 -0.0088754042607343594 0.0088627410304797007 -0.0045150570839116817 -0.023288096140152037 0.035292113572377937 0.0060800729371814823 0.043814339340587989
leaf_weight=16031.00959890848 1.1150128617882717 100.33192595746368 64.97553026676178 338.92162516713142 4574.6091811098158 3057.1122621893883 1729.1463203262538 36167.577480091713 514.10781273245811 1038.6388345211744 8964.1838093176484 171.29322475707158 63.881228221580386 342.41318288515322 229.72494797315449 1741.124631753657 301.22919270116836 29.871532981283963 5.0180467739701262 1560.4044135827571 230.57428847067058 138.46272408403456 67.302602931857109 168.28465209901333 411.69606060441583 513.65947586996481 137.44631663709879 11.907237630337475 167.48000334389508 768.47898052097298
leaf_count=4301488 18 1092 396 1777 22088 12999 15770 304670 3953 5105 40040 29267 3563 83923 13530 392958 3849 3535 68 6297 1017 15110 984 897 11173 11740 585 49 786 203244
internal_value=0.0014371 -0.0119332 0.00811754 0.0319875 -0.0136462 -0.0142239 -0.0123352 -0.0108374 -0.0234895 -0.0204406 -0.0191802 0.0490832 0.0122573 0.0306705 0.0231949 0.0467838 0.0313262 -0.00190661 -0.0208073 -0.023227 -0.0411101 0.0135933 -0.0222862 -0.0262662 0.0135806 -0.00496623 -0.00658822 -0.0186178 0.0038273 0.049798
internal_weight=79642 62190.3 4895 2681.84 57295.3 56045.4 42985.4 37896.7 5088.72 13059.9 12021.3 17451.7 1249.95 652.169 705.302 2107.33 366.205 544.646 2213.16 1891.31 330.906 309.756 574.509 507.206 475.577 514.774 321.852 149.354 172.498 16799.5
internal_count=5491971 858939 410755 400861 448184 404625 346481 320440 26041 58144 53039 4633032 43559 128300 28266 397203 4245 15293 9894 8406 2109 44377 3658 2674 14736 11758 1488 634 854 4504732
is_linear=0
shrinkage=0.05


Tree=38
num_leaves=31
num_cat=0
split_feature=2 1 0 2 0 3 3 2 0 3 3 2 0 1 1 2 1 0 0 3 0 2 3 2 1 3 3 0 3 3
split_gain=19116 787.904 1527.22 232.299 415.155 193.808 363.922 200.307 138.447 129.167 148.324 113.764 111.319 106.159 106.102 100.975 82.712 80.3409 69.5942 68.9614 67.755 130.317 87.8702 66.7993 53.6392 37.9554 32.3792 29.9652 26.3684 24.0443
threshold=4.0761936165177461 1.0000000180025095e-35 0.92235091143278425 5.8138794391169242 0.51692778477187551 7.9810273183704767 7.9584020480681064 7.0948639925422592 0.17018869910310372 7.9942274713266626 8.4580160548255012 6.9354456287757147 0.66578999664304883 1.5000000000000002 1.5000000000000002 6.802509271839944 1.5000000000000002 0.17018869910310372 0.89887061752760189 7.2943637121476916 0.45574190124011732 4.7001851868954612 5.9734787654269947 4.0256601912641186 1.0000000180025095e-35 4.3720394261482847 4.2047672406880237 0.9278513163069585 4.2024512923595738 6.5236944472770055
decision_type=2 2 2 2 2 2 2 2 2 2 2 2 2 2 2 2 2 2 2 2 2 2 2 2 2 2 2 2 2 2
left_child=23 2 3 20 19 6 7 8 -3 14 12 -6 -11 15 17 -8 -9 -7 -16 -5 21 -2 -22 -1 26 -4 28 -15 -25 -27
right_child=1 5 25 4 11 9 13 16 -10 10 -12 -13 -14 27 18 -17 -18 -19 -20 -21 22 -23 -24 24 -26 29 -28 -29 -30 -31
leaf_value=0.049796082089498574 0.0014348903699497968 -0.026634057081594182 0.0058001202248985986 0.01393373436753167 0.043031118578342527 -0.0048325185994777687 0.0034244899345643887 -0.028670420120130321 -0.011972192090330271 -0.014125722756623547 -0.028907571546631677 -0.038915547658691457 0.019641437764190601 -0.023859317303412314 0.024185724501777195 0.04088725221736024 0.011400918509975639 -0.035754119163909449 -0.21446324814546688 -0.018381121442502753 -0.01417446422869618 -0.013392145120330982 0.020371703197690348 -0.0083137010379826428 0.046730098957060401 0.049784060239083917 0.025961458779994569 0.026081476317569897 -0.17682461429791818 -0.0078189358769669565
leaf_weight=15941.056380471447 3234.8721437491477 1691.5655327755958 52.687450272031128 211.83767319936305 716.41399820242077 232.1397630572319 296.32970251142979 2612.8300124406815 33420.595417022705 3963.119789943099 1887.0227051228285 45.013845781330019 260.090346544981 164.27751771733165 106.93910469859838 457.65860509872437 135.4538284689188 2208.9980863332748 3.1447135359048835 748.26893623825163 5436.2447024635039 2734.8051522374153 190.52057392150164 61.135161024751142 317.68491517286748 1381.9509361134842 212.6988848191686 36.756810899823904 2.4131291834637514 18.356624369975179
leaf_count=4491336 31541 7009 894 6548 128315 1041 1212 11754 184856 16455 9048 1809 1473 1727 831 1962 1097 9860 34 3983 47023 18632 1594 9148 83323 382800 34800 635 207 1024
internal_value=0.00139532 -0.0112985 -0.00121337 -0.0065238 0.010615 -0.0144362 -0.0129271 -0.013696 -0.0126785 -0.0211989 -0.0172535 0.0381866 -0.0120461 0.0175559 -0.0306483 0.0261638 -0.0266954 -0.0328136 0.0173683 -0.0112512 -0.00906811 -0.00535761 -0.0130047 0.0491827 0.0327183 0.0474614 0.0166047 -0.0147282 -0.0147126 0.0490289
internal_weight=78782.9 62247.9 14771 13318 1721.53 47476.9 38815.5 37860.4 35112.2 8661.45 6110.23 761.428 4223.21 955.023 2551.22 753.988 2748.28 2441.14 110.084 960.107 11596.4 5969.68 5626.77 16535 593.932 1453 276.247 201.034 63.5483 1400.31
internal_count=5491971 873157 624163 239445 140655 248994 210252 204716 191865 38742 26976 130124 17928 5536 11766 3174 12851 10901 865 10531 98790 50173 48617 4618814 127478 384718 44155 2362 9355 383824
is_linear=0
shrinkage=0.05


Tree=39
num_leaves=31
num_cat=0
split_feature=2 0 2 3 2 3 3 3 3 3 1 1 3 1 2 1 3 3 3 1 3 0 0 0 3 3 2 3 3 2
split_gain=18013.3 722.653 1262.67 1146.49 365.655 226.503 319.95 234.592 103.934 145.213 112.268 101.18 99.4845 75.3462 68.8855 53.3589 51.268 50.8452 54.8439 43.7874 40.3173 39.4097 33.9549 30.7781 30.0194 27.8637 23.1684 19.4361 18.6891 14.9375
threshold=4.0761936165177461 0.82260353923321416 4.2361428001878414 7.2227849702893554 4.2047331123241749 7.9810273183704767 7.9584020480681064 5.0591714496897406 7.9942274713266626 8.4580160548255012 1.5000000000000002 1.5000000000000002 4.6348260661835381 1.0000000180025095e-35 4.0256601912641186 1.0000000180025095e-35 4.3159536012153072 4.3282302013682576 4.3382053465969248 1.5000000000000002 7.9584020480681064 0.35510742169672516 0.65404583389057924 0.99999915540540552 4.2047672406880237 4.2047672406880237 4.1382565856210851 4.2024512923595738 4.6348260661835381 4.2047331123241749
decision_type=2 2 2 2 2 2 2 2 2 2 2 2 2 2 2 2 2 2 2 2 2 2 2 2 2 2 2 2 2 2
left_child=14 4 17 12 13 6 7 -6 10 -10 -7 -8 16 21 -1 24 -4 19 -19 25 23 -2 -15 -5 27 -3 -24 -16 -23 -20
right_child=1 2 3 20 5 8 11 -9 9 -11 -12 -13 -14 22 15 -17 -18 18 29 -21 -22 28 26 -25 -26 -27 -28 -29 -30 -31
leaf_value=0.049768001532961847 0.04378579744951111 -0.021574125898272178 0.065950451134957913 -0.031418760446899278 -0.022840637750762643 -0.030794550583730842 0.024151335577723802 -0.011038577309084285 -0.01177476248779993 -0.028178068663283002 0.022990384472129453 -0.022953236710103967 0.049172335208498098 0.042567775774660678 -0.0078324118320799632 0.046556929391967032 0.017775081176643417 -0.076383211540854562 0.0092447204375984259 0.051222724354000507 0.0031813584411840914 -0.0072999648819202668 0.034269522534031267 -0.0071400094154543264 0.025318445318570422 -0.0069627441412313008 -0.0062657755264622266 -0.14124625105942537 0.0091671305860990312 -0.032442694455943714
leaf_weight=15171.944653188111 62.647011104039848 1904.2707408163697 63.402004610747099 605.28196001052856 4698.0645068641752 2524.7250083088875 794.86491978913546 40574.278033670038 4331.3941081985831 1959.6372288912535 100.90026941150427 133.08930896222591 1938.124548064312 271.28855887567624 61.634006236214191 303.28727218322456 428.20507491612807 80.418537344783545 26.238124295137823 22.370117682032287 137.76317618042231 291.85063710948452 65.288589129690081 166.42785762250423 207.3338701473549 393.75127683207393 76.619609924498945 2.8564184759743503 420.64640371222049 118.7095632404089
leaf_count=4491336 3797 10423 396 3218 22478 11357 3378 322814 18294 9474 766 1187 403976 19816 9148 83323 4824 337 129 2249 1673 8096 7361 897 34800 2210 988 207 12524 495
internal_value=0.00135413 -0.0107416 0.00592996 0.0261522 -0.0124841 -0.0130757 -0.0116676 -0.0122633 -0.0203718 -0.0168843 -0.0287276 0.0173955 0.0440768 0.0149571 0.0491241 0.0321386 0.0239882 -0.0205951 -0.0432688 -0.0183929 -0.0217348 0.00576495 0.0322013 -0.0261828 0.0160514 -0.0190706 0.0123836 -0.0137416 0.00242193 -0.0248965
internal_weight=77937.3 62190.3 5884.96 3339.2 56305.3 55117 46200.3 45272.3 8916.66 6291.03 2625.63 927.954 2429.73 1188.34 15747.1 575.112 491.607 2545.76 225.366 2320.39 909.473 775.144 413.197 771.71 271.824 2298.02 141.908 64.4904 712.497 144.948
internal_count=5491971 873157 430827 414984 442330 389748 349857 345292 39891 27768 12123 4565 409196 52582 4618814 127478 5220 15843 961 14882 5788 24417 28165 4115 44155 12633 8349 9355 20620 624
is_linear=0
shrinkage=0.05


Tree=40
num_leaves=31
num_cat=0
split_feature=2 1 0 2 2 1 2 2 0 0 2 0 2 2 3 3 2 0 1 0 3 3 3 3 3 3 3 3 3 3
split_gain=16979 674.747 1343.81 212.034 248.605 181.234 179.419 170.793 121.788 106.751 91.1793 73.8883 70.9911 66.3224 88.4844 62.0198 198.771 59.3605 53.0145 45.2769 42.2082 49.1295 37.1521 27.8349 23.7406 18.1427 15.9764 14.8988 11.6522 28.7977
threshold=4.0761936165177461 1.0000000180025095e-35 0.92235091143278425 6.6817274012699155 6.9354456287757147 1.5000000000000002 6.9354456287757147 4.3694757063636134 0.22576532962289497 0.47638594757386876 4.4524223690016962 0.54628916915766801 4.0256601912641186 7.5747031881281135 8.4580160548255012 7.2943637121476916 5.8138794391169242 0.6848035974784904 1.0000000180025095e-35 0.49796220620923276 4.9159581800171894 5.49392522624838 4.3720394261482847 4.2047672406880237 6.5236944472770055 6.6746245191423315 7.6587840460954757 4.2024512923595738 4.0772831707010573 4.0777069067102572
decision_type=2 2 2 2 2 2 2 2 2 2 2 2 2 2 2 2 2 2 2 2 2 2 2 2 2 2 2 2 2 2
left_child=12 2 3 15 11 6 8 -7 10 -10 -3 -5 28 17 -15 16 -2 -8 23 -17 -9 -22 -4 27 -24 -26 -6 -14 -1 -30
right_child=1 5 22 4 26 7 13 20 9 -11 -12 -13 18 14 -16 19 -18 -19 -20 -21 21 -23 24 -25 25 -27 -28 -29 29 -31
leaf_value=0.050042190082358884 -0.0076244646443719829 0.0481815122817301 0.0061607720516084694 0.0014174610229372134 -0.061225672876475824 0.050274694468067316 -0.019521853660596406 0.040516119846372461 -0.0082404037224635147 -0.014326107294701147 -0.019294804962225819 0.043293467434605992 -0.0073825597600969996 -0.0037946787919216742 -0.026287275092394192 -0.021277950994074691 0.028798286739123824 -0.030315438994514096 0.046376981529760768 -0.17551659054697158 -0.028438684607971887 -0.0010301348010943053 0.049725889067650353 0.024675590220358295 -0.27503723459376084 0.0017262639004421631 -0.021533365149648934 -0.11696378543156727 -0.03053105075661738 0.044635374583735704
leaf_weight=13812.242353900801 11530.277430573478 50.505617812275887 52.9719791226089 133.45086780702695 29.108070040121675 167.37514910567552 6536.9515877962112 54.877098245546222 17289.478582247626 12355.398954722099 5737.6879986077547 500.03740395233035 62.107611453393474 1297.9715593606234 659.3694910556078 633.73669715039432 387.16070912731811 1582.1091558635235 289.58731458731927 4.7940611899830392 183.74043083935976 1484.014525000006 1252.7142247648444 202.2300743998494 0.61253355070948856 17.784691588953137 196.44611924141645 3.2648859219625583 13.012041902868075 614.84690618072636
leaf_count=4299936 97980 310 894 1160 1684 15395 28350 1281 76758 73648 23902 105560 9148 5839 3292 3169 28608 7759 83323 341 1285 11175 382800 34800 22 1002 943 207 4007 187393
internal_value=0.00131375 -0.0102108 -0.000867256 -0.00561039 0.0184219 -0.0131162 -0.0137463 0.00205506 -0.0120721 -0.0107768 -0.018706 0.0344719 0.0490636 -0.0196334 -0.0113718 -0.00725461 -0.0064412 -0.0216251 0.0315511 -0.022436 -0.00263008 -0.0040498 0.047188 0.0155072 0.0488978 -0.00748855 -0.0266557 -0.0128554 0.0497394 0.0430776
internal_weight=77135.9 62138.6 14739.1 13415 859.042 47399.5 45509.5 1890.01 35433.1 29644.9 5788.19 633.488 14997.3 10076.4 1957.34 12556 11917.4 8119.06 557.19 638.531 1722.63 1667.75 1324.08 267.603 1271.11 18.3972 225.554 65.3725 14440.1 627.859
internal_count=5491971 873157 624163 239445 109347 248994 219858 29136 174618 150406 24212 106720 4618814 45240 9131 130098 126588 36109 127478 3510 13741 12460 384718 44155 383824 1024 2627 9355 4491336 191400
is_linear=0
shrinkage=0.05


Tree=41
num_leaves=31
num_cat=0
split_feature=2 1 0 2 2 2 3 3 3 0 2 3 0 3 0 0 0 2 3 3 1 2 3 2 0 2 0 3 2 0
split_gain=16011.3 610.168 1259.49 193.244 242.587 173.962 151.843 149.914 143.234 119.515 1004.24 173.843 60.3194 93.8669 59.2746 57.4412 53.6893 51.0408 48.3195 41.6185 28.4355 123.907 49.8644 33.2346 171.794 33.2344 27.7402 23.4799 20.7611 14.2987
threshold=4.0613265649149151 1.0000000180025095e-35 0.92235091143278425 6.7189021950326238 6.9354456287757147 4.1382565856210851 7.3159499364080736 7.3233027137203726 7.7766189032103208 0.34492243275281931 4.5341594832340997 7.2540859042396688 0.17018869910310372 5.9734787654269947 0.86374570164169173 0.38448516112627812 0.95335344749112871 4.7405572413601371 4.0772831707010573 4.3720394261482847 1.0000000180025095e-35 4.0086172641836368 4.0777069067102572 4.0188917127163952 0.92575505729882213 3.9858469919515369 0.64922974994475979 6.5236944472770055 4.0802467883586866 0.75693732271664571
decision_type=2 2 2 2 2 2 2 2 2 2 2 2 2 2 2 2 2 2 2 2 2 2 2 2 2 2 2 2 2 2
left_child=18 2 3 12 15 14 9 26 -9 10 -7 -11 17 -14 -3 -5 28 -2 -1 -4 22 -22 23 24 -20 -24 -8 -21 -16 -27
right_child=1 5 19 4 -6 6 7 8 -10 11 -12 -13 13 -15 16 -17 -18 -19 20 27 21 -23 25 -25 -26 29 -28 -29 -30 -31
leaf_value=0.050028610384296429 0.027738758936531091 0.041581558587014053 0.005310086036145324 -0.0068961309234498586 -0.025171871886741339 0.036669938364490472 -0.030793150517821628 -0.0071751341392983885 -0.017109572883527893 -0.013707277967647464 -0.012116800717739138 0.008402251983262268 -0.0084685104821446717 0.0019955453288295739 -0.1798463193544062 0.041787789898861998 0.050010229295389966 -0.030334593831431906 0.0078688576206384919 0.049695650992153832 -2.018325660661366 0.048650224786367352 0.048961627803696874 -0.014843222791509521 -0.81499439481767277 0.036655010762724101 -0.020476644758397434 -0.0069909881946628605 -0.034674035694888576 0.015799905873522601
leaf_weight=13179.242909315042 41.766753628849983 199.0793826202862 57.55377462413162 68.877217829227448 226.81897665234283 1221.1621734760702 1676.8630431890488 5119.8635030016303 12453.797424774617 16926.326727880631 7743.3378270193934 938.36285991966724 9486.2138088978827 2768.6507294445764 2.6080748597159973 503.49663670174778 23.38646288192831 402.01542671024799 2.3640826719347374 1192.3256333323661 0.072516863467170789 430.35384575626813 208.67648983886465 6.147746357601136 0.86688876687549044 132.65540914447047 1065.7343095690012 18.551570460665971 44.201388893183321 216.03686570143327
leaf_count=4311080 328 30382 1287 311 2627 9418 7626 21263 56960 85341 32850 5358 88722 51171 635 101521 4976 1834 706 382800 23 135021 65805 1498 259 31904 5351 1024 766 53124
internal_value=0.00127403 -0.00965829 -0.00078291 -0.00525936 0.0185882 -0.0124223 -0.0126512 -0.0159121 -0.0142153 -0.010182 -0.00547097 -0.012546 -0.00676021 -0.00610444 0.0276516 0.0359294 -0.0118544 -0.024869 0.0492257 0.0468526 0.0386134 0.048302 0.0312552 -0.0830774 -0.21291 0.0331791 -0.0267843 0.0488272 -0.0427626 0.023734
internal_weight=76357.4 62181 14766.3 13497.8 799.193 47414.7 47145.4 20316.3 17573.7 26829.2 8964.5 17864.7 12698.6 12254.9 269.275 572.374 70.1959 443.782 14176.4 1268.43 997.174 430.426 566.747 9.37872 3.23097 557.369 2742.6 1210.88 46.8095 348.692
internal_count=5491971 892551 631625 246514 104459 260926 224167 91200 78223 132967 42268 90699 142055 139893 36759 101832 6377 2162 4599420 385111 288340 135044 153296 2463 965 150833 12977 383824 1401 85028
is_linear=0
shrinkage=0.05


Tree=42
num_leaves=31
num_cat=0
split_feature=2 0 2 3 2 3 2 0 0 3 0 0 1 3 3 1 0 3 3 3 0 3 0 3 3 1 3 2 2 0
split_gain=15106 570.344 1076.86 1021.53 360.756 194.645 422.641 595.308 198.91 180.431 168.496 134.208 123.469 120.02 100.077 52.9069 51.3037 50.3808 50.1037 46.0688 45.1072 43.8559 53.601 36.852 29.6489 28.9156 42.2236 34.8783 33.4078 28.7217
threshold=4.0613265649149151 0.81577353924098361 4.2361428001878414 7.2227849702893554 4.2361428001878414 5.0591714496897406 4.7001851868954612 0.32388242588166877 0.69071225544838877 4.6348260661835381 0.6848035974784904 0.23997610999563768 1.0000000180025095e-35 5.0394170871300483 4.6348260661835381 1.5000000000000002 0.9278513163069585 4.3282302013682576 4.0772831707010573 4.3382053465969248 0.35510742169672516 4.4425335955884924 0.79505155009908057 7.9584020480681064 4.2047672406880237 1.0000000180025095e-35 4.0777069067102572 3.9976219443267573 3.9858469919515369 0.99999915540540552
decision_type=2 2 2 2 2 2 2 2 2 2 2 2 2 2 2 2 2 2 2 2 2 2 2 2 2 2 2 2 2 2
left_child=18 4 15 14 10 8 7 -7 13 -10 12 -8 20 -6 16 17 -4 24 -1 -19 -2 -12 -23 29 -3 26 -20 -27 -28 -5
right_child=1 2 3 23 5 6 11 -9 9 -11 21 -13 -14 -15 -16 -17 -18 19 25 -21 -22 22 -24 -25 -26 27 28 -29 -30 -31
leaf_value=0.050014723932704376 0.038248507320433389 -0.019218438633290633 0.0034714385466345019 -0.028254163502294344 -0.022964644922349751 0.017870068975120314 -0.0185381804271889 -0.0092027246305387399 -0.025264431875871553 0.018840193364501052 0.0046228742843960223 -0.011408330404533758 0.038660339122240206 -0.047237108098962442 0.048638845432558503 0.051099497699507439 0.036094696763163493 -0.071269556614461146 -0.068507128645728055 -0.025397650590392246 0.0039585260708681338 -0.016802789188672711 -0.07188401458091595 0.0036370307602054883 -0.0043772550930887893 -0.8264882430670788 0.048894265052964445 0.048448590365447949 0.023098986461066003 -0.0046773579923305719
leaf_weight=12539.877450257307 109.09739861730486 1922.9952588528395 196.51748186489567 620.81486338376999 2609.2933685202152 2864.8532026074827 8311.5523020774126 6972.6669882945716 430.46217464283109 502.68874415569007 178.07803492597304 32055.975937878946 521.75600861385465 632.80195304565132 1778.1689449695405 27.271471556974575 311.59979728329927 80.900838144123554 10.526518347207455 169.21786364912987 793.26522011309862 245.47478859894909 53.858419165015221 150.8616463765502 407.90222176490352 0.11393624730408092 198.76589696039446 410.45278719533235 340.60997022292577 163.11571332812309
leaf_count=4311080 5244 12051 1479 3390 11685 20478 37302 33467 1998 2804 8663 272264 31548 2786 404785 3568 3836 332 2463 703 24107 4455 220 1772 2717 5 65805 135039 85028 897
internal_value=0.00123553 -0.00918377 0.0057039 0.0250421 -0.0107258 -0.0114743 -0.0106117 -0.00131867 -0.0218473 -0.00150525 0.0106815 -0.0128763 0.0192991 -0.0277022 0.0430468 -0.0181776 0.0234775 -0.0189096 0.0491717 -0.0402349 0.00810425 -0.0150248 -0.0267134 -0.0189934 -0.0166213 0.0381655 0.0306693 0.0482058 0.0326048 -0.0233484
internal_weight=75611.5 62111.2 5829.37 3221.08 56281.8 54380.3 50205 9837.52 4175.25 933.151 1901.53 40367.5 1424.12 3242.1 2286.29 2608.29 508.117 2581.02 13500.3 250.119 902.363 477.411 299.333 934.792 2330.9 960.469 549.902 410.567 539.376 783.931
internal_count=5491971 892551 435530 416159 457021 382784 363511 53945 19273 4802 74237 309566 60899 14471 410100 19371 5315 15803 4599420 1035 29351 13338 4675 6059 14768 288340 153296 135044 150833 4287
is_linear=0
shrinkage=0.05


Tree=43
num_leaves=31
num_cat=0
split_feature=2 1 0 2 3 1 2 2 0 2 0 2 3 3 2 0 3 0 3 3 3 1 2 3 2 3 0 2 2 0
split_gain=14255.1 517.575 1115.4 183.159 337.982 168.194 164.895 157.423 100.999 140.028 95.485 62.3332 82.7402 57.9445 95.5294 56.1248 51.9697 49.9108 36.5472 43.6003 30.8991 29.3929 41.0276 39.5381 144.678 24.2686 23.1069 16.922 16.5767 14.2711
threshold=4.0613265649149151 1.0000000180025095e-35 0.93525423548872499 6.1832249333998952 7.3159499364080736 1.5000000000000002 4.3694757063636134 6.9354456287757147 0.23997610999563768 4.4524223690016962 0.47638594757386876 7.5747031881281135 8.4580160548255012 6.9823059413278932 5.5245751061938488 0.6848035974784904 4.0772831707010573 0.67233198250082127 4.9159581800171894 5.49392522624838 4.3382053465969248 1.0000000180025095e-35 3.9858469919515369 4.0777069067102572 4.0109822864063558 7.2227849702893554 0.43543679404407926 5.0937916101349279 4.0078730087255332 0.75693732271664571
decision_type=2 2 2 2 2 2 2 2 2 2 2 2 2 2 2 2 2 2 2 2 2 2 2 2 2 2 2 2 2 2
left_child=16 2 3 13 26 7 -7 8 9 -3 -10 15 -13 14 -2 -9 -1 -6 -8 -20 -4 22 -18 24 -24 -22 -5 -15 -23 -25
right_child=1 5 20 4 17 6 18 11 10 -11 -12 12 -14 27 -16 -17 21 -19 19 -21 25 28 23 29 -26 -27 -28 -29 -30 -31
leaf_value=0.050000874801937892 -0.0064804016055331967 0.048172674421519894 0.0072820925591526092 -0.0030516465091023387 -0.0076926061812758991 0.050150639387424992 0.03975328383715615 -0.017350862002225412 -0.0065336406863078858 -0.016667717561536993 -0.012355026895375933 -0.002194273521976466 -0.024097575207321698 -0.068958764602928255 0.017582914134577663 -0.027956277894492794 0.048580052785189072 -0.13271997228517923 -0.025371885870719313 0.00020642746432771497 0.049677356336591441 -0.23152552035186102 -0.96468528047411972 0.035813961533452884 -0.038149050384497105 -0.021678056085912473 0.045184362903407937 -0.020029217851712737 0.048483064170650847 0.014436701488496229
leaf_weight=11931.521137022413 11291.201583264163 84.324458613991737 46.549300672486424 26.054374736733735 708.69981483230367 170.6172427108977 52.447274394333363 6464.9155281037092 16353.278008970432 6628.4218742996454 12374.088960237335 1305.5881758779287 643.75288715958595 18.222421124577522 428.08188173593953 1545.7747324556112 191.67610191879794 8.0731642274185997 187.36157585307956 1503.7998019205406 1072.0476026611868 0.52927686087787051 0.44334759563207526 125.02555263508111 8.4817543062381429 12.049923598766325 527.40745437517762 583.47180677764118 390.87070601037703 207.8841345817782
leaf_count=4311080 102378 484 1113 816 18154 19960 1281 28350 72790 27704 81007 5839 3292 83 8184 7759 66463 266 1285 11175 378817 18 82 31904 1723 111 118102 3601 135026 53124
internal_value=0.00119792 -0.00873261 -0.000545147 -0.00451467 0.0135627 -0.0112801 0.00323798 -0.0118923 -0.0103314 -0.0158532 -0.00904116 -0.0174461 -0.00942765 -0.00637836 -0.00560142 -0.0193973 0.0491158 -0.00910082 -0.00135256 -0.00262736 0.0471714 0.037698 0.0300635 0.0196807 -0.084174 0.0488842 0.0429136 -0.0215111 0.0481044 0.022465
internal_weight=74892.7 62036.2 14721.9 13591.2 1270.23 47314.4 1914.23 45400.1 35440.1 6712.75 28727.4 9960.03 1949.34 12321 11719.3 8010.69 12856.4 716.773 1743.61 1691.16 1130.65 924.911 533.511 341.835 8.9251 1084.1 553.462 601.694 391.4 332.91
internal_count=5491971 892551 631625 251584 137338 260926 33701 227225 181985 28188 153797 45240 9131 114246 110562 36109 4599420 18420 13741 12460 380041 288340 153296 86833 1805 378928 118918 3684 135044 85028
is_linear=0
shrinkage=0.05


Tree=44
num_leaves=31
num_cat=0
split_feature=2 0 2 3 2 3 2 0 0 3 3 0 1 3 3 3 3 1 3 0 3 3 0 3 1 2 3 2 0 3
split_gain=13456.1 485.622 962.651 919.02 319.42 174.397 395.236 403.061 178.143 169.735 162.076 152.757 116.251 108.153 99.163 53.8539 48.6597 45.8012 45.3061 42.4994 41.6813 38.8503 48.53 30.8839 29.8092 40.8628 32.7646 39.3812 26.8793 26.6654
threshold=4.0613265649149151 0.81577353924098361 4.2361428001878414 7.2227849702893554 4.2361428001878414 5.0591714496897406 4.3694757063636134 0.30388953340193608 0.69071225544838877 7.9810273183704767 4.6348260661835381 0.6848035974784904 1.0000000180025095e-35 5.0394170871300483 4.6348260661835381 4.0772831707010573 4.3159536012153072 1.5000000000000002 4.3282302013682576 0.35510742169672516 4.3382053465969248 4.4425335955884924 0.79505155009908057 7.9584020480681064 1.0000000180025095e-35 3.9858469919515369 4.0777069067102572 4.0114993236992254 0.99999915540540552 4.2047672406880237
decision_type=2 2 2 2 2 2 2 2 2 2 2 2 2 2 2 2 2 2 2 2 2 2 2 2 2 2 2 2 2 2
left_child=15 4 17 14 11 8 7 -7 13 -8 -10 12 19 -6 16 -1 -4 18 29 -2 -20 -13 -23 28 25 -17 27 -27 -5 -3
right_child=1 2 3 23 5 6 9 -9 10 -11 -12 21 -14 -15 -16 24 -18 -19 20 -21 -22 22 -24 -25 -26 26 -28 -29 -30 -31
leaf_value=0.049987039219782398 0.037797572640295568 -0.017645068753659194 0.064734054751801759 -0.026069264549497137 -0.021255082962728045 0.054273668890737238 -0.0090123076194982884 -0.0012664920983743366 -0.023394623430427818 -0.01671321389093082 0.018414628872302188 0.0046469073370359621 0.037978106303159162 -0.044264051093427903 0.048416719678972431 0.048495705807376673 0.01723498352124794 0.050997374514255046 -0.067081357659841856 0.0040763380097536229 -0.023472447868954402 -0.015471078323653449 -0.067915785562661701 0.0035058840972427051 0.04799898300308135 -0.32246537720376811 0.021836279611720286 -0.031036564113458506 -0.0031227683063117071 -0.0035899013521572213
leaf_weight=11352.677036862588 105.88212432200089 1924.9006541729905 61.430031887255609 608.55114073306322 2615.550096867606 462.77873229794204 39923.034177554073 1110.5895828008652 431.86259785294533 8717.7612270638347 500.37595899775624 177.87427711533383 506.63137888186611 634.64407704584301 1648.6589879754465 182.63717661052942 440.95871754805557 24.746137995272875 80.917656444013119 794.90226901229471 169.7213349044323 247.22250076197088 53.6908353343606 150.52515913546085 373.12965188547969 1.3396192304790009 325.59922277997248 8.6079511698335391 161.48851314932108 409.19120572134852
leaf_count=4311080 5244 12051 396 3390 11685 5740 310762 7176 1998 39833 2804 8663 31548 2786 404785 66463 4919 3568 332 24107 703 4455 220 1772 135044 106 85028 1699 897 2717
internal_value=0.00116042 -0.00830406 0.0056282 0.0245989 -0.00971036 -0.0104118 -0.00959471 0.0150697 -0.0202214 -0.0103925 -0.000953646 0.0105177 0.018817 -0.0257479 0.0424905 0.0490579 0.023043 -0.0167021 -0.0173503 0.00804008 -0.0375514 -0.0138782 -0.0248286 -0.017208 0.0372234 0.0294642 0.0191053 -0.0702827 -0.0212571 -0.015181
internal_weight=74207.9 61963.9 5681.09 3071.61 56282.8 54396.6 50214.2 1573.37 4182.43 48640.8 932.239 1886.2 1407.42 3250.19 2151.05 12244 502.389 2609.48 2584.73 900.784 250.639 478.788 300.913 920.565 891.314 518.184 335.547 9.94757 770.04 2334.09
internal_count=5491971 892551 435530 416159 457021 382784 363511 12916 19273 350595 4802 74237 60899 14471 410100 4599420 5315 19371 15803 29351 1035 13338 4675 6059 288340 153296 86833 1805 4287 14768
is_linear=0
shrinkage=0.05


Tree=45
num_leaves=31
num_cat=0
split_feature=2 1 0 2 0 1 2 2 2 0 2 0 2 3 3 2 0 3 0 3 2 3 0 3 1 2 3 2 3 0
split_gain=12704.8 440.524 989.259 169.102 323.163 147.657 150.808 135.553 89.108 88.7771 124.441 84.8934 58.5302 76.2379 55.8001 55.1202 95.1676 53.0146 52.3883 49.7439 33.4104 76.4676 40.4981 30.3927 30.2145 40.6973 28.462 27.0125 23.9202 14.334
threshold=4.0613265649149151 1.0000000180025095e-35 0.93525423548872499 5.8138794391169242 0.52711662496787948 1.5000000000000002 4.3694757063636134 6.9354456287757147 6.9354456287757147 0.23997610999563768 4.4924429902710079 0.47638594757386876 7.5747031881281135 8.4580160548255012 4.0772831707010573 4.3328061510596445 0.39386211998961224 7.2943637121476916 0.6848035974784904 5.4424826413705318 4.7881671074430008 6.6746245191423315 0.32388242588166877 4.3382053465969248 1.0000000180025095e-35 3.9858469919515369 4.0777069067102572 4.0188917127163952 6.5236944472770055 0.6773993455261399
decision_type=2 2 2 2 2 2 2 2 2 2 2 2 2 2 2 2 2 2 2 2 2 2 2 2 2 2 2 2 2 2
left_child=14 2 3 15 17 7 -7 9 -6 10 -3 -11 18 -14 -1 16 -2 -5 -9 -17 22 -22 -8 -4 25 -16 27 -27 -25 -28
right_child=1 5 23 4 8 6 20 12 -10 11 -12 -13 13 -15 24 19 -18 -19 -20 -21 21 -23 -24 28 -26 26 29 -29 -30 -31
leaf_value=0.049973171211229322 0.021659740423103958 0.036659760758513897 0.0074524103886004058 0.014487530865016899 0.042646118041284771 0.050008884903252351 0.03957560082477616 -0.015928797012325299 -0.027767499347273319 -0.005808369297291522 -0.015471349700483084 -0.011298996123485559 -0.0013357479707346521 -0.022480576124203833 0.048407986447095014 -0.011726683373706213 -0.0040632677835360119 -0.013555387906771403 -0.026247983793125269 -0.0045089261336923652 -0.02154995494907504 0.0035435740584918041 0.0015361852122936989 0.049767568822437269 0.047887478148671843 -0.17434383318651533 0.041447150370544673 -0.0056830938026167224 -0.010885018407517565 0.015652612051768915
leaf_weight=10801.922504653921 450.0823435918428 116.50168373435736 46.663684393279254 216.62269361969084 629.17264183750376 158.90102022793144 102.8264052066952 6413.6454173326492 48.386102875228971 16361.066331839189 6579.2062966376543 12357.028023990104 1309.0199224799871 632.14961543679237 174.03684309613891 4165.7145994112361 1788.0446509616449 759.19665741920471 1521.7661608159542 5590.9960944559425 437.62427632510662 991.2762176990509 218.96815291419625 968.30752491438761 355.73780624754727 3.5538916951045376 68.648344128625467 7.1504163695499301 16.533301575575024 249.9851386542432
leaf_count=4311080 11368 637 1113 7474 130875 19960 1522 28350 1872 72790 27551 81007 5839 3292 66463 25379 32045 4171 7759 38400 2318 7291 2610 377998 135044 307 19305 1498 930 65723
internal_value=0.00112427 -0.00789733 -0.000332609 -0.00390093 0.0110896 -0.01025 0.00336937 -0.0108243 0.0376177 -0.00937972 -0.0145643 -0.00817092 -0.016004 -0.00822165 0.0489977 -0.00596724 0.00110957 -0.00733012 -0.0179077 -0.00759061 -0.000863846 -0.00414173 0.0136913 0.0468811 0.0367334 0.0288508 0.0185158 -0.0616794 0.0487493 0.0212099
internal_weight=73540.7 61879.7 14679.7 13648.2 1653.38 47200 1909.6 45290.4 677.559 35413.8 6695.71 28718.1 9876.58 1941.17 11661 11994.8 2238.13 975.819 7935.41 9756.71 1750.7 1428.9 321.795 1031.5 859.112 503.375 329.338 10.7043 984.841 318.633
internal_count=5491971 892551 631625 251584 144392 260926 33701 227225 132747 181985 28188 153797 45240 9131 4599420 107192 43413 11645 36109 63779 13741 9609 4132 380041 288340 153296 86833 1805 378928 85028
is_linear=0
shrinkage=0.05


Tree=46
num_leaves=31
num_cat=0
split_feature=2 0 2 3 2 3 3 3 3 3 3 1 1 1 3 0 3 3 1 0 1 2 0 3 3 0 3 3 2 2
split_gain=11998.4 415.991 862.356 827.487 280.615 149.304 307.31 187.288 105.477 129.357 98.9005 96.281 94.6288 68.5467 57.783 47.9978 40.8295 38.5454 34.0455 32.8743 30.5881 40.4811 27.9507 27.3144 24.991 24.2028 24.0393 21.649 19.0324 16.5146
threshold=4.0613265649149151 0.81577353924098361 4.2361428001878414 7.2227849702893554 4.2047331123241749 7.9810273183704767 7.9584020480681064 7.7766189032103208 7.9942274713266626 8.4580160548255012 4.6348260661835381 1.5000000000000002 1.5000000000000002 1.0000000180025095e-35 4.0772831707010573 0.9278513163069585 4.3282302013682576 4.3382053465969248 1.5000000000000002 0.35510742169672516 1.0000000180025095e-35 3.9858469919515369 0.69641727347481663 8.1727008602802069 4.0777069067102572 0.99999915540540552 4.1077542356106713 4.4823808882975209 4.0188917127163952 4.2047331123241749
decision_type=2 2 2 2 2 2 2 2 2 2 2 2 2 2 2 2 2 2 2 2 2 2 2 2 2 2 2 2 2 2
left_child=14 4 16 10 13 6 7 -6 12 -10 15 -8 -7 19 -1 -4 18 -18 26 -2 21 -16 -15 25 28 -5 -3 -24 -23 -19
right_child=1 2 3 23 5 8 11 -9 9 -11 -12 -13 -14 22 20 -17 17 29 -20 -21 -22 24 27 -25 -26 -27 -28 -29 -30 -31
leaf_value=0.049959241937143441 0.043035458160495144 0.050283519464366336 0.0032202088648981379 -0.021643450016522112 -0.0079294084497185183 -0.025944347504124221 0.026756055705734479 -0.020825331802102397 -0.007032452421732666 -0.022856065336978357 0.048181980558933926 -0.018726773817560268 0.023421759500700572 0.039123478011089036 0.048316711727948949 0.035004390284653387 -0.062889810619028402 0.010212411495598036 0.05077979313175042 0.0038731970689122753 0.04777140832453803 -0.13926080413865671 0.017083589185300511 0.024025613567713752 0.02059044898848298 -0.00073468906578125247 -0.014278662305292782 -0.055150930522799652 -0.0053678633531191204 -0.028741298712144543
leaf_weight=10277.899161470588 57.640149276237935 14.50809883372858 195.45602930849418 692.44134190678596 42429.944269906031 2420.3565021753311 800.64757412299514 3015.522655531764 4274.1318383440375 1850.8708267509937 1531.1062173070386 136.13990998268127 101.13070125132799 307.66474485048093 165.85392946540378 302.77629030076787 81.016009932383895 33.905975672416389 20.538288506679237 762.10706941783428 339.19000625377521 4.2068578302860242 81.328662902815267 41.574294462800026 312.02249768027104 172.97854729369283 2321.5071666627191 11.888940749689935 7.1907484736293554 137.75368144735694
leaf_count=4311080 4123 3038 1479 4666 331244 11347 3374 12897 18261 9474 404785 1150 751 31959 66463 3836 344 177 3512 26912 135044 307 5351 277 85028 1116 11730 178 1498 570
internal_value=0.00108831 -0.0075112 0.00555417 0.0241405 -0.0087993 -0.00932527 -0.00820079 -0.00878511 -0.0153573 -0.0118141 0.0418854 0.0201462 -0.0239644 0.0149128 0.0489353 0.0225355 -0.0153622 -0.0344633 -0.0133142 0.00662687 0.0362325 0.0282332 0.0318563 -0.0155625 0.0179341 -0.0174642 -0.0138777 0.00787082 -0.0547878 -0.0210472
internal_weight=72901.3 61794.9 5545.56 2936.33 56249.4 55028.7 46382.3 45445.5 8646.49 6125 2029.34 936.787 2521.49 1220.63 11106.4 498.232 2609.23 252.676 2356.55 819.747 828.464 489.274 400.882 906.994 323.42 865.42 2336.02 93.2176 11.3976 171.66
internal_count=5491971 892551 435530 416159 457021 388498 348665 344141 39833 27735 410100 4524 12098 68523 4599420 5315 19371 1091 18280 31035 288340 153296 37488 6059 86833 5782 14768 5529 1805 747
is_linear=0
shrinkage=0.05


Tree=47
num_leaves=31
num_cat=0
split_feature=2 0 2 3 2 3 2 0 3 2 3 2 1 3 0 3 3 3 0 0 3 0 3 1 2 3 0 3 2 0
split_gain=11335.7 374.779 794.137 781.327 271.997 144.461 432.753 367.748 183.619 156.316 100.848 97.0997 71.5743 46.8383 45.5954 45.5154 43.3459 33.5628 36.1251 31.461 29.7019 25.0756 24.811 22.4866 33.4273 26.8864 22.0213 20.612 18.8818 17.5129
threshold=4.05270600857137 0.81577353924098361 4.2361428001878414 7.2227849702893554 4.2047331123241749 5.0591714496897406 4.3694757063636134 0.31410302578058374 5.0394170871300483 4.7001851868954612 4.6348260661835381 4.566816998076491 1.0000000180025095e-35 4.0772831707010573 0.43543679404407926 4.3159536012153072 4.1648806837103782 4.3282302013682576 0.86374570164169173 0.35510742169672516 4.2047672406880237 0.69641727347481663 8.1727008602802069 1.0000000180025095e-35 3.9858469919515369 4.0777069067102572 0.99999915540540552 4.4823808882975209 3.9858469919515369 0.6848035974784904
decision_type=2 2 2 2 2 2 2 2 2 2 2 2 2 2 2 2 2 2 2 2 2 2 2 2 2 2 2 2 2 2
left_child=13 4 16 10 12 8 7 -7 11 -8 15 -6 19 -1 -10 -4 -3 20 -19 -2 -18 -14 26 24 -15 -26 -5 -23 -25 -21
right_child=1 2 3 22 5 6 9 -9 14 -11 -12 -13 21 23 -16 -17 17 18 -20 29 -22 27 -24 28 25 -27 -28 -29 -30 -31
leaf_value=0.049945185996348257 0.042727396498529642 0.02774538986932611 0.063031281447099977 -0.020652137680151419 -0.015196418009065982 0.049852965768556107 -0.0027064460498088102 0.00046077779147021629 -0.13253580356095254 -0.01023207448100788 0.047968009007305114 0.016126228876354478 0.039022280205439228 0.048221698210768146 -0.039147671241820635 0.0161428977463965 -0.016254843556591743 -0.013655431533352065 -0.051494390581134621 0.0078782259773324207 -0.0015726206527451742 0.018708613840537732 0.023184353175744226 -0.90188584159727359 -0.056267314626789661 0.022665803445667317 -0.00069806756655239562 -0.050311307011431085 0.047636358686818016 -0.010024445227394353
leaf_weight=9777.2497995975427 55.72591559169814 59.366097589721903 58.810266692191362 689.47270864620805 3726.6237024012953 560.45307819824666 8324.7756642103195 1150.3909622849897 13.324870467185972 40321.17197371833 1462.7678127719555 265.01903707534075 307.91890565096401 158.06826792471111 683.50912342593074 431.54041267489083 1891.6721775189508 124.76594891678542 127.57305037975311 606.18739739339799 421.14947637682781 86.27073795394972 40.945019610226154 0.052365861833094551 11.230245070066301 274.15355009678751 172.95104252547026 12.367876399308441 301.6146685173735 176.34168774401769
leaf_count=4310277 4218 8790 396 4666 17479 7803 41029 7967 109 309566 404785 1483 36313 66463 3062 4919 8841 567 524 25105 3952 7616 277 1 1689 80067 1116 178 126638 6075
internal_value=0.00105305 -0.00711858 0.00536245 0.0236055 -0.00833387 -0.00885654 -0.00807497 0.0166411 -0.0172511 -0.00894421 0.0413898 -0.0131168 0.0147785 0.0490243 -0.0409334 0.0217665 -0.0144929 -0.0154704 -0.0327854 0.0064288 -0.0135813 0.0319941 -0.014845 0.0369403 0.0297762 0.0195597 -0.0166505 0.0100545 0.0474715 0.00384389
internal_weight=72293.5 61771.1 5481.01 2856.49 56290.1 55045.3 50356.8 1710.84 4688.48 48645.9 1953.12 3991.64 1244.81 10522.4 696.834 490.351 2624.53 2565.16 252.339 838.255 2312.82 406.558 903.369 745.119 443.452 285.384 862.424 98.6386 301.667 782.529
internal_count=5491971 906836 438833 416159 468003 388498 366365 15770 22133 350595 410100 18962 79505 4585135 3171 5315 22674 13884 1091 35398 12793 44107 6059 274858 148219 81756 5782 7794 126639 31180
is_linear=0
shrinkage=0.05


Tree=48
num_leaves=31
num_cat=0
split_feature=2 1 0 2 2 2 1 2 2 0 2 0 3 2 0 2 0 0 3 3 1 2 3 3 1 2 3 2 0 2
split_gain=10711.2 351.721 828.219 158.055 197.832 138.714 106.093 106.501 90.3811 73.8714 52.7697 48.7027 48.5133 47.2903 134.109 122.792 46.2865 45.5075 29.1816 27.9288 22.7937 33.3201 23.9253 21.7855 15.177 14.1412 12.9297 11.2482 11.2476 10.1371
threshold=4.05270600857137 1.0000000180025095e-35 0.93728306343861123 6.7189021950326238 6.9354456287757147 4.1382565856210851 1.5000000000000002 6.9354456287757147 4.3694757063636134 0.72540013115155599 7.7655073004765951 0.86374570164169173 4.0772831707010573 5.0937916101349279 0.26337961663928472 4.7405572413601371 0.38448516112627812 0.95335344749112871 4.9159581800171894 4.3382053465969248 1.0000000180025095e-35 3.9858469919515369 4.0777069067102572 6.5236944472770055 1.5000000000000002 4.0078730087255332 4.2047672406880237 4.0109822864063558 0.33474620881895956 6.6343668269686615
decision_type=2 2 2 2 2 2 2 2 2 2 2 2 2 2 2 2 2 2 2 2 2 2 2 2 2 2 2 2 2 2
left_child=12 2 3 13 16 11 7 9 -8 -7 -9 -3 -1 15 -15 -2 -5 24 -10 -4 21 -14 27 -21 -13 -22 -24 -23 -6 -25
right_child=1 5 19 4 28 6 8 10 18 -11 -12 17 20 14 -16 -17 -18 -19 -20 23 25 22 26 29 -26 -27 -28 -29 -30 -31
leaf_value=0.049931026509339275 -0.0025131695024649403 0.040965541024018504 0.0084628079969490486 -0.0028955207238101797 -0.035583556772928342 -0.0090934877648377044 0.04969939472477844 -0.015377393565716484 0.038419384944804846 -0.0018195033857543166 -0.0028496469642729574 -0.043448422500775373 0.048122751244749025 -0.01626734847109533 0.0076041925180274708 -0.014813824881490443 0.041186312265565982 0.049964955978802073 -0.0010375076963841136 0.049692619464385544 -0.19322739842575634 -0.15241943465943883 0.010322275517055626 -0.21895607134345862 0.050408541463887693 0.047850594208187179 0.032330385818154748 -0.027261925291078005 -0.012075692809303363 -0.0014162967600439089
leaf_weight=9302.9788691725116 7177.3512401271146 187.75186315737665 45.714163080323488 68.201399475336075 76.493494138121605 31230.660766262561 96.636934378650039 8828.8068148046732 48.174559218809009 3929.5394609570503 929.03171536326408 44.700354154687375 150.66065991786309 805.17092413455248 2184.8840143906418 2828.3890982749872 469.39329667994753 23.611640666844323 1717.3515498349443 835.46609795931727 0.60958347283303638 2.2049653381109229 125.39718888606876 0.55451374128461139 4.7664646273478857 287.15008485759608 142.66136616235599 9.6595232156105322 151.97856677975506 15.635363008826969
leaf_count=4310277 76341 37463 1363 311 358 135992 6122 40547 1281 23072 4693 1020 66463 4434 53882 18148 101530 6496 12460 377078 18 82 39590 19 967 126621 40477 1607 2374 885
internal_value=0.00101906 -0.00676819 -5.67046e-06 -0.0030405 0.0190296 -0.00887557 -0.00907831 -0.00956313 0.00261624 -0.00828054 -0.0141846 0.0274862 0.0489643 -0.00434147 0.00117599 -0.00599028 0.0355939 -0.00714485 3.91223e-05 0.0465358 0.0364449 0.0291638 0.0189597 0.0485794 -0.0344047 0.0473399 0.022035 -0.0505219 -0.0199462 -0.00886717
internal_weight=71721.6 61700.3 14659.2 13761.9 766.067 47041 46780.2 44918 1862.16 35160.2 9757.84 260.83 10021.3 12995.8 2990.05 10005.7 537.595 73.0785 1765.53 897.37 718.343 430.584 279.923 851.656 49.4668 287.76 268.059 11.8645 228.472 16.1899
internal_count=5491971 906836 636723 257378 104573 270113 224167 204304 19863 159064 45240 45946 4585135 152805 58316 94489 101841 8483 13741 379345 274858 148219 81756 377982 1987 126639 80067 1689 2732 904
is_linear=0
shrinkage=0.05


Tree=49
num_leaves=31
num_cat=0
split_feature=2 1 0 2 2 2 3 1 2 2 3 0 3 3 2 0 3 0 3 1 2 3 3 3 3 2 0 2 2 0
split_gain=10123.5 317.72 782.431 145.302 184.97 127.521 103.287 92.2045 84.8072 68.636 50.2115 46.8971 45.5005 44.7538 162.381 44.2609 28.083 26.6877 26.5171 23.0719 33.1619 21.5168 21.3541 16.6702 12.4648 11.7379 10.517 9.96248 9.37905 9.24259
threshold=4.05270600857137 1.0000000180025095e-35 0.93728306343861123 6.7189021950326238 6.9354456287757147 4.1382565856210851 8.4580160548255012 1.5000000000000002 4.3694757063636134 7.7655073004765951 4.0772831707010573 0.74916527884173567 7.3159499364080736 7.2943637121476916 5.8138794391169242 0.47638594757386876 4.3382053465969248 0.95681736982418364 4.1855554307025713 1.0000000180025095e-35 3.9858469919515369 6.5236944472770055 4.0777069067102572 8.6879410503086998 4.2047672406880237 4.0078730087255332 0.33474620881895956 6.3155342981366367 4.0188917127163952 0.99963431516735668
decision_type=2 2 2 2 2 2 2 2 2 2 2 2 2 2 2 2 2 2 2 2 2 2 2 2 2 2 2 2 2 2
left_child=10 2 3 13 12 11 7 9 -9 -7 -1 -3 -5 14 -2 -15 29 18 -13 20 -12 -18 28 27 -24 -21 -6 -8 -22 -4
right_child=1 5 16 4 26 6 23 8 -10 -11 19 17 -14 15 -16 -17 21 -19 -20 25 22 -23 24 -25 -26 -27 -28 -29 -30 -31
leaf_value=0.049916706033472091 -0.0044645324097202033 0.045234080994217218 0.016400114690915554 0.047399209878048972 -0.034257592085515473 -0.0088639204764341221 0.00936513009663127 0.049518711871692593 0.00032820875409159345 0.0088811272058747781 0.048019675346325008 -0.052864184409043828 0.017326407510742964 -0.014605698838033873 0.028447973325707556 -0.09538926090873108 0.049665962516347355 0.051227900849401813 0.007730107236539341 -0.15393065828766472 -0.094459005808100169 -0.0083091765700522638 0.0099097767584609663 -0.02547909229200461 0.031741337712996913 0.047734810582903194 -0.011438303833727634 -0.016820244587779584 -0.0070896514527117377 -0.053167426262284767
leaf_weight=8851.742623783648 11962.70467753266 147.07597970031202 39.990506460424513 305.81217477889732 75.507014885544777 42632.393702426925 38.023772478103638 92.250909078866243 1746.026880200021 551.98155641555786 143.61283071432263 26.204925623722374 213.65402965433896 652.15310190990567 386.88007732434198 17.408255032030866 795.13584408327006 21.558709089877084 58.055373217910528 0.72345870733261008 5.4899500915780646 16.332985533867031 124.11937107658014 875.23593856394291 138.15866504632868 273.79166125343181 152.41357729397714 812.41063307225704 6.9734814893454313 5.4217083975672713
leaf_count=4310277 111497 33560 1271 86219 358 192647 170 6122 13663 2687 66463 1361 15622 3136 37070 1102 377078 6398 4627 18 307 904 39590 4855 40477 126621 2374 4023 1382 92
internal_value=0.000985241 -0.00643627 1.70541e-07 -0.0028853 0.0185541 -0.00843883 -0.00863038 -0.00817026 0.00279675 -0.0086371 0.0489021 0.0269706 0.0350304 -0.00411606 -0.00343347 -0.016706 0.0463577 0.00158648 -0.0111147 0.0359398 0.0285489 0.0484991 0.0183712 -0.0206349 0.0214099 0.0472033 -0.018998 -0.0156495 -0.0455745 0.00809453
internal_weight=71169.2 61624.6 14623.4 13766.5 747.387 47001.2 46748.3 45022.7 1838.28 43184.4 9544.61 252.895 519.466 13019.1 12349.6 669.561 856.881 105.819 84.2603 692.869 418.354 811.469 274.741 1725.67 262.278 274.515 227.921 850.434 12.4634 45.4122
internal_count=5491971 906836 636723 257378 104573 270113 224167 215119 19785 195334 4585135 45946 101841 152805 148567 4238 379345 12386 5988 274858 148219 377982 81756 9048 80067 126639 2732 4193 1689 1363
is_linear=0
shrinkage=0.05


Tree=50
num_leaves=31
num_cat=0
split_feature=2 1 0 2 3 2 3 3 3 3 3 1 1 3 3 3 0 0 1 2 0 3 0 3 3 3 3 3 2 2
split_gain=9569.71 286.988 739.529 138.085 273.225 118.082 98.2891 283.342 131.326 117.211 105.8 93.6553 72.3577 51.9401 45.0766 82.6594 36.1853 25.0797 23.3252 32.9629 22.299 20.2134 19.208 19.1365 18.6771 15.2254 14.7526 11.9971 10.1069 8.91367
threshold=4.05270600857137 1.0000000180025095e-35 0.9492036139618315 6.1832249333998952 7.3159499364080736 4.1213213202479668 7.9810273183704767 7.9584020480681064 7.7766189032103208 7.9942274713266626 8.4580160548255012 1.5000000000000002 1.5000000000000002 4.0772831707010573 6.9823059413278932 6.1599406747691683 0.62347203858067124 0.74916527884173567 1.0000000180025095e-35 3.9858469919515369 0.43543679404407926 5.0394170871300483 0.94680044662651419 4.0777069067102572 6.5236944472770055 7.9810273183704767 4.1855554307025713 4.2047672406880237 4.0078730087255332 6.6343668269686615
decision_type=2 2 2 2 2 2 2 2 2 2 2 2 2 2 2 2 2 2 2 2 2 2 2 2 2 2 2 2 2 2
left_child=13 2 3 14 20 17 7 8 -7 12 -11 -9 -8 -1 15 -2 -6 -3 19 -15 -5 -4 26 -21 -23 -16 -19 -25 -20 -26
right_child=1 5 21 4 16 6 9 11 -10 10 -12 -13 -14 18 25 -17 -18 22 28 23 -22 24 -24 27 29 -27 -28 -29 -30 -31
leaf_value=0.049902189954465381 -0.0051673265080913232 0.046645958308586977 0.012422384331305686 -0.0034022762603500827 -0.010927159289888818 -0.0069497942689634683 -0.024419908238878074 0.027813959281628678 -0.01794148481463282 -0.0050169027084306355 -0.019805525344485639 -0.0096352003080436496 0.01713429063864675 0.047912272762531599 -0.020292743243956163 0.0072346987816074328 0.022084066100950355 -0.042059589843457972 -0.12746408846487928 -0.041328947756503372 0.044274014858487531 0.049897473460744024 0.050958561787279699 0.0095097781760149578 -0.19263645188815115 0.0047547436490968193 0.012152514985186056 0.031144602680046003 0.047614166284559389 0.0019152384075435095
leaf_weight=8422.4268766646273 10433.12810699828 111.02697963267565 40.307755840709433 25.866765385493636 614.75325126666576 34631.59632861428 2268.9114620983601 756.42485795915127 2948.8387150764465 4139.7582596465945 1708.5328767448664 214.23436440899968 109.83090584725142 136.90737427817658 542.73377777822316 1542.1156922527589 95.973234541714191 18.378400228451937 0.82692891173064609 13.027351139113305 473.05411044578068 738.65436609787866 20.811573117505759 122.90478599490598 0.61328759789466758 68.30655001103878 39.565180480247363 133.87521973648109 261.0821761621628 14.711558673065154
leaf_count=4310277 101613 30181 2700 816 4303 170899 10901 3174 12682 17928 9048 2362 865 66463 3394 15937 14117 1086 18 1689 123944 368819 6577 39590 17 290 4410 40477 126621 773
internal_value=0.00095212 -0.00611968 5.64056e-06 -0.00269539 0.0134403 -0.00802247 -0.00818216 -0.00712338 -0.00781228 -0.0131435 -0.00933728 0.0195485 -0.0225013 0.0488373 -0.00424616 -0.00357025 -0.00646948 0.0313376 0.0354239 0.0279297 0.0418022 0.0469197 0.00975627 0.01779 0.048764 -0.0174928 -0.00504235 0.0207893 0.0470614 -0.00587056
internal_weight=70649.2 61558.1 14590.2 13795.9 1209.65 46967.9 46778.1 38551.1 37580.4 8227.03 5848.29 970.659 2378.74 9091.05 12586.3 11975.2 710.726 189.782 668.624 406.715 498.921 794.287 78.7552 269.807 753.979 611.04 57.9436 256.78 261.909 15.3248
internal_count=5491971 906836 636723 264414 143180 270113 227859 189117 183581 38742 26976 5536 11766 4585135 121234 117550 18420 42254 274858 148219 124760 372309 12073 81756 369609 3684 5496 80067 126639 790
is_linear=0
shrinkage=0.05


Tree=51
num_leaves=31
num_cat=0
split_feature=2 0 2 3 2 3 2 2 0 0 3 0 1 0 3 3 0 1 3 0 0 3 0 1 2 3 3 3 3 2
split_gain=9047.84 266.315 667.902 677.867 224.771 163.316 832.687 228.168 137.427 156.006 150.246 127.784 103.002 96.4553 96.332 53.7028 44.8449 37.1744 34.0954 42.4493 33.8392 33.6192 33.8615 23.5552 32.7277 22.3905 21.4416 23.0561 18.0639 107.151
threshold=4.05270600857137 0.81577353924098361 4.2361428001878414 7.2227849702893554 4.2361428001878414 5.4424826413705318 4.4524223690016962 4.7001851868954612 0.7100346075935321 0.52711662496787948 4.6071681687305253 0.6848035974784904 1.0000000180025095e-35 0.29289468721693729 4.6348260661835381 4.0772831707010573 0.9278513163069585 1.5000000000000002 4.4425335955884924 0.79505155009908057 0.35510742169672516 4.3282302013682576 0.88538151868654846 1.0000000180025095e-35 3.9858469919515369 4.1077542356106713 7.9584020480681064 7.3159499364080736 4.2047672406880237 4.0114993236992254
decision_type=2 2 2 2 2 2 2 2 2 2 2 2 2 2 2 2 2 2 2 2 2 2 2 2 2 2 2 2 2 2
left_child=15 4 17 14 11 8 13 -8 9 -6 -10 12 20 -7 16 -1 -4 21 -13 -20 -2 25 -23 24 -17 -3 27 -5 29 -26
right_child=1 2 3 26 5 6 7 -9 10 -11 -12 18 -14 -15 -16 23 -18 -19 19 -21 -22 22 -24 -25 28 -27 -28 -29 -30 -31
leaf_value=0.049887429015859783 0.036270815489289107 0.050236699878098756 0.0028530993228682161 0.0044048227748822418 -0.0083616933053958439 0.04765089809537796 0.0057531001774909912 -0.0081325123376834434 -0.021979357556391358 -0.020081564262377435 0.018532569510276004 0.0047625613987201752 0.037039831600239319 0.012978217696133354 0.047579748677011077 0.047800327408571597 0.033822036720667338 0.050732249447357575 -0.013428829076497981 -0.062692699464800092 0.0048696017826175379 -0.019918069856405138 -0.061544218440255476 0.046913787102213361 -0.1679109551658135 -0.012106809745539727 0.0040455939519283514 -0.020282291471170569 0.030540766333650389 0.015919105052519998
leaf_weight=8013.9716383826453 95.956665109377354 14.491493204608558 194.31439258065075 111.35573680326343 5859.6565200826153 757.48649283964187 3210.4327659830451 37693.026489304146 343.25228405743837 5508.9858979862183 686.7648312356323 193.81437910604291 469.99170009722002 272.82546633668244 1286.3239691357594 130.52772765560076 293.40192102896981 22.666637390851974 247.50313196284696 53.110673446208239 810.25894215377048 183.30417883396149 66.608396962285042 249.91205959918443 8.4552070423960668 2331.4225193005987 152.21480111032724 627.67630845308304 129.80044144508429 126.85474094562232
leaf_count=4310277 5339 3853 1479 654 28141 8058 16789 297911 1572 23740 4386 13666 34827 2187 404785 66463 3836 4955 4455 220 26712 762 273 126639 2044 12831 1772 3633 40477 39235
internal_value=0.000919648 -0.00581936 0.00491274 0.0225328 -0.00682831 -0.00741502 -0.00592442 -0.00704266 -0.0124564 -0.0140409 0.00503201 0.0102127 0.0180456 0.0384696 0.0404054 0.0487699 0.0214835 -0.0130222 -0.0115897 -0.0221325 0.00819459 -0.0135789 -0.0310126 0.0348966 0.0273057 -0.0117217 -0.0130429 -0.0165625 0.0172151 0.00443199
internal_weight=70146.4 61486.8 5283.78 2665.29 56203.1 54332.4 41933.8 40903.5 12398.7 11368.6 1030.02 1870.64 1376.21 1030.31 1774.04 8659.52 487.716 2618.49 494.428 300.614 906.216 2595.83 249.913 645.55 395.638 2345.91 891.247 739.032 265.11 135.31
internal_count=5491971 906836 438833 416159 468003 382784 324945 314700 57839 51881 5958 85219 66878 10245 410100 4585135 5315 22674 18341 4675 32051 17719 1035 274858 148219 16684 6059 4287 81756 41279
is_linear=0
shrinkage=0.05


Tree=52
num_leaves=31
num_cat=0
split_feature=2 1 0 2 0 1 2 2 2 0 0 3 2 2 3 0 0 0 0 2 3 0 1 2 2 3 3 3 2 2
split_gain=8555.81 246.535 658.967 128.096 251.736 105.967 123.443 95.0375 84.4913 74.5162 74.2099 55.4771 53.1048 48.959 71.7673 61.197 44.031 55.9825 41.7889 25.7827 68.1925 38.542 23.7264 32.419 22.4202 20.3088 18.6857 17.1388 83.3626 9.31643
threshold=4.05270600857137 1.0000000180025095e-35 0.9492036139618315 5.8138794391169242 0.52711662496787948 1.5000000000000002 4.3694757063636134 6.9354456287757147 6.9354456287757147 0.22576532962289497 0.47638594757386876 4.0772831707010573 4.4524223690016962 7.43966328272107 8.4580160548255012 0.64526040572373422 0.14402769709617944 0.29289468721693729 0.37481942638641602 4.7881671074430008 6.6746245191423315 0.32388242588166877 1.0000000180025095e-35 3.9858469919515369 4.7405572413601371 5.0394170871300483 6.5236944472770055 4.2047672406880237 4.0114993236992254 4.0078730087255332
decision_type=2 2 2 2 2 2 2 2 2 2 2 2 2 2 2 2 2 2 2 2 2 2 2 2 2 2 2 2 2 2
left_child=11 2 3 16 18 7 -7 9 -6 12 -11 -1 -3 15 -15 -9 24 -18 -5 21 -21 -8 23 -13 -2 -4 -27 28 -25 -24
right_child=1 5 25 4 8 6 19 13 -10 10 -12 22 -14 14 -16 -17 17 -19 -20 20 -22 -23 29 27 -26 26 -28 -29 -30 -31
leaf_value=0.049872395857249223 0.049106961214993645 0.043066521100946734 0.01184614844486177 -0.011881955339646505 0.041714324341898742 0.049655563321112317 0.039135427862823653 -0.011890158425810664 -0.025452775174795845 -0.0034779761870815302 -0.0085575116169048122 0.047683633428464656 -0.012257407062762219 -0.0022179886111010332 -0.019626935526764491 -0.023133890677436368 0.0043640761500347049 -0.0051099897601978141 0.010327534745624837 -0.018384320316560621 0.0050599172462200475 0.0017206432947072575 -0.11508848434470387 -0.13508458695536082 -0.033654773616137175 0.049867428437160383 -0.0060737171353596681 0.029930445706604067 0.015370145865804267 0.047359005156267606
leaf_weight=7625.3661139650503 8.6250676456838828 43.711781159043312 39.715922148432583 660.03640257567167 563.37573296937626 138.67044823220931 100.73774468526244 5020.7067856490612 51.064656237373129 17343.298327266239 12282.766127802664 124.45811959658749 5643.9786749482155 2198.0101400911808 810.22017441689968 1594.5148964375257 1839.8230914846063 10225.11446641665 311.87752515170723 447.69451809301972 1009.7576171681285 217.32205996382982 0.88588951900601287 9.9394546160474402 159.71590642631054 670.30022726440802 15.267463550902901 125.92425650008954 124.86779928277247 237.62196023529395
leaf_count=4310277 62 310 2700 3733 136688 23746 1522 22629 2001 76766 86408 66463 23902 9834 4427 8350 17121 96208 7912 2318 7291 2610 18 2044 689 368819 790 40477 39235 126621
internal_value=0.00088921 -0.0055345 0.000151988 -0.00228611 0.0110817 -0.00729985 0.00422156 -0.00779063 0.0361322 -0.00659028 -0.00558392 0.0486997 -0.0118322 -0.0121954 -0.00690682 -0.0146003 -0.00401959 -0.00366526 -0.00475515 0.00067309 -0.00214159 0.0135709 0.0343624 0.0266886 -0.0294144 0.0466078 0.0486216 0.0166667 0.00427699 0.0467556
internal_weight=69645.4 61396.3 14544.9 13819.6 1586.35 46851.4 1914.18 44937.2 614.44 35313.8 29626.1 8249.06 5687.69 9623.45 3008.23 6615.22 12233.3 12064.9 971.914 1775.51 1457.45 318.06 623.697 385.19 168.341 725.284 685.568 260.732 134.807 238.508
internal_count=5491971 906836 636723 264414 150334 270113 37487 232626 138689 187386 163174 4585135 24212 45240 14261 30979 114080 113329 11645 13741 9609 4132 274858 148219 751 372309 369609 81756 41279 126639
is_linear=0
shrinkage=0.05


Tree=53
num_leaves=31
num_cat=0
split_feature=2 0 2 3 2 3 2 3 2 3 2 1 3 1 3 0 1 0 3 0 0 2 1 2 3 3 3 3 3 2
split_gain=8091.88 231.62 606.296 599.425 201.136 124.097 371.171 165.151 163.271 92.6937 89.0687 79.1957 57.2636 57.1633 44.9598 42.9019 31.6506 28.1022 26.5585 35.5789 24.8653 28.3496 23.8807 32.0785 20.7557 18.8972 26.5932 24.1611 16.2498 67.0307
threshold=4.05270600857137 0.82260353923321416 4.2361428001878414 7.2227849702893554 4.2047331123241749 5.0591714496897406 4.3004826673323846 5.0394170871300483 4.7001851868954612 4.6348260661835381 4.566816998076491 1.0000000180025095e-35 4.0772831707010573 1.0000000180025095e-35 4.4661954188427844 0.48781481660207754 1.5000000000000002 0.35510742169672516 4.3282302013682576 0.86374570164169173 0.62697070272404276 4.1382565856210851 1.0000000180025095e-35 3.9858469919515369 4.1077542356106713 7.3159499364080736 7.3086765227895567 7.9584020480681064 4.2047672406880237 4.0114993236992254
decision_type=2 2 2 2 2 2 2 2 2 2 2 2 2 2 2 2 2 2 2 2 2 2 2 2 2 2 2 2 2 2
left_child=12 4 16 9 13 7 11 10 -8 14 -6 -7 -1 17 -4 -9 18 -2 24 -20 -15 -22 23 -14 -3 26 -5 -27 29 -25
right_child=1 2 3 25 5 6 8 15 -10 -11 -12 -13 22 20 -16 -17 -18 -19 19 -21 21 -23 -24 28 -26 27 -28 -29 -30 -31
leaf_value=0.049857047454695193 0.042155740247050627 0.050223762912656594 0.030343245016799882 -0.01883451201200045 -0.012487085528250128 0.014101426701570894 -0.00045902615483055703 -0.054397101344018386 -0.0077925385164347924 0.047832717932924894 0.017002813039093609 0.047904353551228039 0.047561972202259287 0.041924529352431579 -0.0056952928654052208 -0.028082634586134733 0.050659884602071881 0.0043354550807324982 -0.0062769908514847053 -0.046526352742608683 0.036285469221707632 -0.0042409819786094335 0.046595634582482129 -0.11235357980911363 -0.011229950044978508 -0.019001301653984289 0.03180239581252621 0.0040937136625088886 0.029314291995479094 0.014831855354913565
leaf_weight=7255.6496878069593 52.341052579693496 13.821488889399914 350.7815093616955 48.599339008331299 3767.3744541276246 359.08549463562667 9353.4941352666356 231.66970279440284 40249.367466852535 1168.590830920497 274.717360265553 334.85558942891657 118.68353153974749 203.40115105197765 114.88690304150805 467.3686420544982 20.028952190303244 797.36299311090261 97.591404229402542 125.5275734513998 86.734840353718027 85.880625937599689 227.64641779393423 11.312437788117675 2325.0134417805821 591.50301992148161 55.582337453961372 140.06053417548537 122.23707041563466 122.97866979450919
leaf_count=4310277 4218 3853 3195 304 17673 5109 47996 1169 310471 403976 1621 3694 66463 22625 2025 2015 4860 31328 405 515 20450 1278 126639 2044 12572 3504 307 1673 40477 39235
internal_value=0.000858605 -0.00526359 0.00499187 0.0227015 -0.00618444 -0.00663058 -0.00590164 -0.0143636 -0.00640968 0.0403158 -0.0104828 0.0304128 0.0486268 0.0138481 0.021452 -0.0368036 -0.0119497 0.00666515 -0.0124392 -0.0289214 0.0300798 0.0161225 0.0338197 0.0260683 -0.0108668 -0.0117424 0.00818097 -0.0145797 0.0161242 0.00411799
internal_weight=69174.1 61315.6 5051.99 2470 56263.7 55037.9 50296.8 4741.13 49602.9 1634.26 4042.09 693.941 7858.51 1225.72 465.668 699.038 2581.98 849.704 2561.95 223.119 376.017 172.615 602.858 375.212 2338.83 835.745 104.182 731.564 256.528 134.291
internal_count=5491971 906836 437189 414984 469647 389748 367270 22478 358467 409196 19294 8803 4585135 79899 5220 3184 22205 35546 17345 920 44353 21728 274858 148219 16425 5788 611 5177 81756 41279
is_linear=0
shrinkage=0.05


Tree=54
num_leaves=31
num_cat=0
split_feature=2 1 0 2 3 2 0 3 1 2 2 3 3 0 0 0 0 0 1 2 3 3 0 3 2 2 0 2 0 3
split_gain=7654.63 211.399 587.904 118.004 237.518 117.557 88.6325 85.7776 75.8773 76.9296 53.7908 40.5627 40.3687 90.4375 32.8831 32.4346 24.2625 19.7239 19.0567 27.2394 18.5231 18.8753 17.2916 15.7077 9.436 8.83614 8.52942 8.32697 5.58768 9.40521
threshold=4.0418937251385625 1.0000000180025095e-35 0.95068694328663927 5.8138794391169242 7.3159499364080736 4.1213213202479668 0.43543679404407926 8.6879410503086998 1.5000000000000002 4.3694757063636134 6.9354456287757147 4.0772831707010573 6.7761076281080266 0.29289468721693729 0.67233198250082127 0.22576532962289497 0.74916527884173567 0.94680044662651419 1.0000000180025095e-35 3.9858469919515369 5.0394170871300483 6.5236944472770055 0.86374570164169173 4.0777069067102572 4.0114993236992254 4.0078730087255332 0.30388953340193608 6.6343668269686615 0.99963431516735668 4.2024512923595738
decision_type=2 2 2 2 2 2 2 2 2 2 2 2 2 2 2 2 2 2 2 2 2 2 2 2 2 2 2 2 2 2
left_child=11 2 3 12 6 16 -5 8 10 -10 -7 -1 13 -2 -6 -14 -3 22 19 -13 28 -22 -18 -21 -25 -20 -9 -23 29 -4
right_child=1 5 20 4 14 7 -8 26 9 -11 -12 18 15 -15 -16 -17 17 -19 25 23 21 27 -24 24 -26 -27 -28 -29 -30 -31
leaf_value=0.04984119210532225 0.0084542743537020983 0.046311412619114159 0.041665771781317917 -0.0003735244767834103 -0.0050913329129649958 -0.0060244151315264269 0.042758879080503041 -0.025397142441020384 0.049203739085683817 0.0011571175675247104 -0.010393302517744259 0.047435117197465591 -0.023986084563778983 -0.0046254732180922697 -0.096405485642031732 0.0056834016238906946 0.024421452560042498 0.050803063174684582 -0.10528216305154187 -0.035939779718568154 0.049835383813986903 -0.18412271585891959 -0.02696334239249026 -0.006062054408968523 0.025123349640640131 0.048499454690092862 -0.013501539342074785 0.00091514797529323479 -0.026092579888750897 -0.014415005855850061
leaf_weight=6899.4545105446596 1516.4232979747467 115.57110285409726 21.589123268146068 153.46572885941714 873.49888747418299 35049.766836976632 531.93549606518354 643.00805220007896 87.43370315968059 1767.3076175451279 8817.9206206351519 113.18967373319902 401.04714266955853 10284.907954812981 9.9716401733458024 119.58031164109707 31.259630155749619 23.604124084347859 0.93873507902026077 13.168442792259155 606.47259417758323 0.63483572006225486 34.377125240629539 28.470830959035084 163.86290530534461 189.19561834330671 196.81473429501057 14.384864206891505 7.3000655500218263 11.436629092786459
leaf_count=4307823 15081 39411 1334 2617 18931 160978 129312 3721 7412 13699 40915 66463 2055 105190 267 1081 7267 9826 18 1492 367830 16 2939 11284 59629 111781 1134 764 647 1054
internal_value=0.000829221 -0.00497073 0.000292117 -0.00190148 0.0110137 -0.00660838 0.0331013 -0.00677464 -0.00648379 0.00342207 -0.00690261 0.0488365 -0.00354588 -0.00294478 -0.00612199 -0.0171714 0.0311891 0.0116051 0.0352127 0.0277387 0.0463334 0.0484641 -0.00249124 0.01689 0.020507 0.0477402 -0.0226094 -0.00690582 0.0134949 0.0222453
internal_weight=68728 61319.7 14552.6 13890.8 1568.87 46767.1 685.401 46562.3 45722.4 1854.74 43867.7 7408.28 12322 11801.3 883.471 520.627 204.812 89.2409 508.826 318.692 661.818 621.492 65.6368 205.502 192.334 190.134 839.823 15.0197 40.3258 33.0258
internal_count=5491971 933481 646179 274534 151127 287302 131929 227859 223004 21111 201893 4558490 123407 120271 19198 3136 59443 20032 250667 138868 371645 368610 10206 72405 70913 111799 4855 780 3035 2388
is_linear=0
shrinkage=0.05


Tree=55
num_leaves=31
num_cat=0
split_feature=2 0 2 3 2 3 2 2 0 0 3 0 3 0 1 3 3 2 1 0 3 3 0 3 1 2 3 0 0 1
split_gain=7243.5 196.155 537.783 558.458 197.777 149.353 725.371 184.769 127.226 145.892 117.387 103.97 94.3883 90.4346 87.8834 42.5519 41.9204 36.963 36.9194 29.8969 28.1243 30.4442 26.9684 22.5599 19.2505 27.0001 18.8874 21.418 14.9386 14.8447
threshold=4.0418937251385625 0.81577353924098361 4.2361428001878414 7.2227849702893554 4.2361428001878414 5.4424826413705318 4.4524223690016962 4.7001851868954612 0.69071225544838877 0.52711662496787948 4.6348260661835381 0.70291489244481387 4.6348260661835381 0.29289468721693729 1.0000000180025095e-35 4.3282302013682576 4.0772831707010573 4.2047331123241749 1.5000000000000002 0.35510742169672516 4.3282302013682576 4.3382053465969248 0.65901134357450697 4.2047672406880237 1.0000000180025095e-35 3.9858469919515369 8.1727008602802069 0.99999915540540552 0.80182017217243984 1.5000000000000002
decision_type=2 2 2 2 2 2 2 2 2 2 2 2 2 2 2 2 2 2 2 2 2 2 2 2 2 2 2 2 2 2
left_child=16 4 18 12 11 8 13 -8 9 -6 -10 14 15 -7 19 -4 -1 29 20 -2 23 -22 -16 -3 25 -18 27 -5 -19 -13
right_child=1 2 3 26 5 6 7 -9 10 -11 -12 17 -14 -15 22 -17 24 28 -20 -21 21 -23 -24 -25 -26 -27 -28 -29 -30 -31
leaf_value=0.049825101838291343 0.035290151219746067 -0.012193129525855566 0.047309641998847539 -0.016489589756561882 -0.0072763233219905717 0.046483208978732399 0.005788922353063052 -0.0067162888991595272 -0.017483521071964558 -0.018751777384879077 0.014299365069755991 -0.0019105571996294063 0.046976284641938822 0.012697456402854402 0.039640363122070588 0.012146911740671467 0.047302841824387057 -0.018560379966999593 0.050492295710109485 0.0050906182219444991 -0.05339559993590226 -0.015719498738863497 0.010022839203332639 0.00052554266377475894 0.047626501391860927 0.016331344900912464 0.022535414343991242 0.0035730635136738717 -0.04947614884976631 0.050476637322109254
leaf_weight=6565.0308127726894 90.487323676003143 1941.8802013924578 112.53644488938153 660.70203179121017 5877.8595343288034 730.44579899869859 3205.5051193591207 37624.803519112291 434.24851495958865 5237.8015731219202 877.74504641722888 242.71040240721777 1117.3820941944141 271.75210501626134 397.60421933652833 365.40823158668354 107.96294666116592 119.78727513551712 24.169247279409319 868.9350098236464 78.294812321662903 170.12159539759159 95.27743074123282 424.95044146175496 181.29266943060793 202.08741162298247 40.464590318500996 166.56454876437783 57.990364838391542 14.320543308975173
leaf_count=4307823 5412 16973 957 4666 28141 8058 16789 297911 1998 22485 5215 14273 404785 2187 31315 4358 66463 533 7998 33668 332 703 13736 4682 111799 72405 277 1116 242 4671
internal_value=0.000800138 -0.0047264 0.00465984 0.0214633 -0.00557939 -0.0061328 -0.00470301 -0.00573453 -0.0109456 -0.0126837 0.00377975 0.010333 0.0390222 0.037322 0.0167547 0.0204263 0.0487708 -0.0111159 -0.0110209 0.00793887 -0.0115894 -0.0275941 0.0339151 -0.00990957 0.0346838 0.027116 -0.0108186 -0.0124501 -0.028645 0.00100821
internal_weight=68306.1 61249.7 5102.47 2463.06 56147.3 54260.2 41832.5 40830.3 12427.7 11115.7 1311.99 1887.11 1595.33 1002.2 1452.3 477.945 7056.37 434.809 2639.42 959.422 2615.25 248.416 492.882 2366.83 491.343 310.05 867.731 827.267 177.778 257.031
internal_count=5491971 933481 446847 416159 486634 382784 324945 314700 57839 50626 7213 103850 410100 10245 84131 5315 4558490 19719 30688 39080 22690 1035 45051 21655 250667 138868 6059 5782 775 18944
is_linear=0
shrinkage=0.05


Tree=56
num_leaves=31
num_cat=0
split_feature=2 1 0 2 0 2 3 2 1 2 2 3 3 0 0 0 1 2 0 3 3 3 0 3 2 2 0 2 2 3
split_gain=6855.15 182.152 525.312 107.998 221.936 103.446 79.1061 76.9554 67.9325 70.9557 47.2246 43.3299 36.9771 36.0315 35.645 23.5926 19.42 26.7417 18.7601 18.384 18.7919 16.7159 15.2608 14.4329 9.01252 8.33344 8.01391 6.72149 5.28823 9.9479
threshold=4.0418937251385625 1.0000000180025095e-35 0.95068694328663927 5.8138794391169242 0.52711662496787948 4.1213213202479668 8.6879410503086998 6.9354456287757147 1.5000000000000002 4.3694757063636134 6.9354456287757147 4.0772831707010573 7.5289283282427251 0.51692778477187551 0.37481942638641602 0.74916527884173567 1.0000000180025095e-35 3.9858469919515369 0.94680044662651419 5.0394170871300483 6.5236944472770055 7.9810273183704767 0.86374570164169173 4.0777069067102572 4.0114993236992254 4.0078730087255332 0.30388953340193608 6.6343668269686615 4.1097330857824828 4.1187932393178874
decision_type=2 2 2 2 2 2 2 2 2 2 2 2 2 2 2 2 2 2 2 2 2 2 2 2 2 2 2 2 2 2
left_child=11 2 3 12 14 15 8 -6 10 -10 -7 -1 13 -2 -5 -3 17 -13 22 28 -21 -14 -17 -19 -25 -18 -8 -22 -4 -30
right_child=1 5 19 4 7 6 26 -9 9 -11 -12 16 21 -15 -16 18 25 23 -20 20 27 -23 -24 24 -26 -27 -28 -29 29 -31
leaf_value=0.049808589023306149 -0.00096191348307755995 0.046009497472086873 0.045460315395665772 -0.010311395646979108 0.04109634120337493 -0.0054654222917953459 -0.02423450609047758 -0.022222982177994462 0.048990863435507882 0.0013828893327619963 -0.0095667452520817754 0.047164910732586038 -0.051717479335816975 -0.006644420795268802 0.010234747468337918 0.023485117359026114 -0.097502604012609836 -0.034307130281552349 0.050800411970709503 0.049802694832068541 -0.15603845831582996 0.010562619593947321 -0.025058561900603252 -0.0066403865776101453 0.024064552625288536 0.048332206558654861 -0.012631891777908459 0.00059869664757611265 -0.067201842234960243 0.014634026636517153
leaf_weight=6246.8694003958954 7996.9383093630895 107.59381260618102 9.6285013798624259 661.91813338175416 526.9412825377658 35003.346263671294 631.62990655004978 52.792581957764924 81.884154704632238 1770.7613602569327 8779.1222860515118 102.99039786704816 55.621347337961197 4284.0163178823423 309.93953077262267 30.242086705518886 0.98519789054989715 13.415276442188768 22.115974106243812 550.67934139538556 0.71937382221221824 13.362087100744246 34.844111948623322 28.181511766044423 157.24562119529583 171.90931438677944 194.69871534407139 14.284471249207852 4.3339069783687618 25.941312892129645
leaf_count=4307823 64410 39411 1200 3733 137473 160978 3721 2009 7412 13699 40915 66463 224 58715 7912 7267 18 1492 9826 367830 16 58 2939 11284 59629 111781 1134 764 32 1803
internal_value=0.000772596 -0.00449464 0.000398707 -0.00158714 0.0108463 -0.00601615 -0.0061686 0.0353303 -0.00589098 0.00348709 -0.00628781 0.0487019 -0.00314922 -0.00294417 -0.00375893 0.0303442 0.0341394 0.0264855 0.0110157 0.0459847 0.0482984 -0.0396538 -0.0025029 0.0157747 0.019398 0.0475012 -0.0215007 -0.00691142 0.0131841 0.0029192
internal_weight=67885 61163.4 14507.1 13901.5 1551.59 46656.2 46461.4 579.734 45635.1 1852.65 43782.5 6721.6 12349.9 12281 971.858 194.796 474.727 301.833 87.2022 605.587 565.683 68.9834 65.0862 198.842 185.427 172.895 826.329 15.0038 39.9037 30.2752
internal_count=5491971 933481 646179 274534 151127 287302 227859 139482 223004 21111 201893 4558490 123407 123125 11645 59443 250667 138868 20032 371645 368610 282 10206 72405 70913 111799 4855 780 3035 1835
is_linear=0
shrinkage=0.05


Tree=57
num_leaves=31
num_cat=0
split_feature=2 0 2 3 2 3 2 2 0 0 3 0 3 0 1 3 0 3 0 1 0 3 0 3 1 2 3 0 0 1
split_gain=6488.47 167.302 481.641 510.882 174.512 135.807 662.289 164.196 115.87 120.232 118.961 94.923 93.5414 86.9057 85.8166 44.7259 41.9187 36.9186 35.5307 33.0493 27.0826 25.4914 28.4967 20.3544 19.568 26.4377 17.2398 19.5068 16.7099 13.7433
threshold=4.0418937251385625 0.81577353924098361 4.2361428001878414 7.2227849702893554 4.2361428001878414 5.4424826413705318 4.4524223690016962 4.7001851868954612 0.70291489244481387 0.52711662496787948 4.6071681687305253 0.6848035974784904 4.6348260661835381 0.30388953340193608 1.0000000180025095e-35 4.0772831707010573 0.9278513163069585 4.4425335955884924 0.78777270728743021 1.5000000000000002 0.35510742169672516 4.3282302013682576 0.88538151868654846 4.2047672406880237 1.0000000180025095e-35 3.9858469919515369 8.1727008602802069 0.99999915540540552 0.65901134357450697 1.0000000180025095e-35
decision_type=2 2 2 2 2 2 2 2 2 2 2 2 2 2 2 2 2 2 2 2 2 2 2 2 2 2 2 2 2 2
left_child=15 4 19 12 11 8 13 -8 9 -6 -10 14 16 -7 20 -1 -4 29 -19 21 -2 23 -23 -3 25 -17 27 -5 -16 -13
right_child=1 2 3 26 5 6 7 -9 10 -11 -12 17 -14 -15 28 24 -18 18 -20 -21 -22 22 -24 -25 -26 -27 -28 -29 -30 -31
leaf_value=0.049791605166150048 0.034715328767671784 -0.011333641161491119 0.0018646510299670759 -0.015364456663788864 -0.0067319383561889341 0.043940016871655482 0.0056854953472661035 -0.006110470400605212 -0.018771098206938612 -0.017047841076746031 0.016182518425626111 -0.0027313073076152992 0.046639716613784882 0.0071964943158111102 0.038849507114162213 0.047021086020728645 0.032159842277053381 -0.010847290376567259 -0.053472356673455769 0.050447722751616714 0.005473487709954046 -0.015966096003714802 -0.054629336961234704 0.00074502725998406953 0.047377720548433692 0.015236001604774372 0.022073229157715285 0.0038142290982421966 0.0082573182882883702 0.02283615713112417
leaf_weight=5944.1823102517519 87.583857920253649 1940.6020460872678 192.5052513834089 656.29706085845828 5887.9374947436154 779.77667613839731 3201.3443107046187 37589.379290020792 355.88803607970476 5428.762597120367 770.27980894874781 133.0006531921681 1042.5961302083451 202.77356582134962 383.37371122150216 98.259702956071123 280.64489535614848 237.84542929171585 61.538611218333244 22.241601341869682 825.31930271210149 183.19844879209995 64.415555536746979 425.20981346699409 164.88999356224667 195.75286380131729 40.126598156988621 166.14797658100724 50.518905864097178 86.90292933373712
leaf_count=4307823 5412 16973 1479 4666 28141 8748 16789 297911 1623 23301 4774 8358 404785 1497 31315 66463 3836 4413 262 7998 30651 762 273 4682 111799 72405 277 1116 7274 16165
internal_value=0.000744987 -0.00427357 0.00447697 0.0207906 -0.00505591 -0.00557336 -0.00420759 -0.0051847 -0.0101585 -0.0116806 0.00513659 0.00997789 0.0382721 0.0363571 0.0169802 0.0486305 0.019834 -0.008183 -0.0196089 -0.0102438 0.00827895 -0.0107603 -0.0260241 -0.00916273 0.0335907 0.0258587 -0.00992868 -0.01149 0.0352876 0.00737261
internal_weight=67499.3 61096.2 5013.99 2378.32 56082.2 54216.1 41773.3 40790.7 12442.9 11316.7 1126.17 1866.08 1515.75 982.55 1346.8 6403.08 473.15 519.288 299.384 2635.67 912.903 2613.43 247.614 2365.81 458.903 294.013 862.572 822.445 433.893 219.904
internal_count=5491971 933481 446847 416159 486634 382784 324945 314700 57839 51442 6397 103850 410100 10245 74652 4558490 5315 29198 4675 30688 36063 22690 1035 21655 250667 138868 6059 5782 38589 24523
is_linear=0
shrinkage=0.05


Tree=58
num_leaves=31
num_cat=0
split_feature=2 1 0 2 3 2 0 3 1 2 2 3 0 2 0 0 1 2 2 3 3 0 3 3 2 2 0 2 2 3
split_gain=6141.9 157.491 469.606 98.8675 208.543 90.8974 82.3132 72.8155 60.9834 65.7444 46.8578 46.1721 33.9646 34.6689 28.0093 22.989 19.6888 26.116 18.6751 18.2275 18.7101 17.9307 13.8866 13.2391 8.57467 7.91106 7.51947 5.6018 5.12053 8.49041
threshold=4.0418937251385625 1.0000000180025095e-35 0.95068694328663927 5.8138794391169242 7.3159499364080736 4.1213213202479668 0.43543679404407926 8.6879410503086998 1.5000000000000002 4.3694757063636134 7.7655073004765951 4.0772831707010573 0.14402769709617944 5.0937916101349279 0.62697070272404276 0.74916527884173567 1.0000000180025095e-35 3.9858469919515369 4.8294082094226871 5.0394170871300483 6.5236944472770055 0.94680044662651419 4.1855554307025713 4.0777069067102572 4.0114993236992254 4.0078730087255332 0.30388953340193608 6.6343668269686615 4.1097330857824828 4.1187932393178874
decision_type=2 2 2 2 2 2 2 2 2 2 2 2 2 2 2 2 2 2 2 2 2 2 2 2 2 2 2 2 2 2
left_child=11 2 3 12 6 15 -5 8 10 -10 -7 -1 18 -14 -6 -3 17 -13 -2 28 -21 22 -17 -19 -25 -18 -9 -22 -4 -30
right_child=1 5 19 4 14 7 -8 26 9 -11 -12 16 13 -15 -16 21 25 23 -20 20 27 -23 -24 24 -26 -27 -28 -29 29 -31
leaf_value=0.049774108671689521 0.034234013814395933 0.045690629098237012 0.045263071524639056 0.00043909606363442578 -0.0081628556828314339 -0.0059371428284336874 0.042151512744792383 -0.023124275688334861 0.048783881928917389 0.0015725984313252252 0.0073047457283141465 0.046871121559609152 -0.0036722189074413383 0.0034790995836425868 0.021157956028151927 -0.036010505028959264 -0.091070990127356102 -0.032748621893401088 -0.029697462941066385 0.049768297272721251 -0.13618921274815007 0.05079717857230124 0.013504152934100736 -0.007129024580517911 0.023019868209538066 0.048150413376601503 -0.011818748562176793 0.00029567165396913401 -0.059959291539582182 0.014057949282055707
leaf_weight=5656.2192021539668 12.320204507559536 100.23792222386692 9.3134535611607117 155.46774301677942 792.22314498666674 43017.490830565803 494.32839670625981 620.86548516154289 76.93980032321997 1773.5146500673145 678.60847625136375 93.759134502499364 10174.408027739846 2033.4763328089612 90.783631734549999 21.02770412620157 1.0270889773964871 13.659546019509433 156.82837197184563 500.18897568888497 0.79385364055633445 20.732000764110126 43.356523936847225 27.941593293100595 151.21781322383322 156.26276445912663 192.73428365588188 14.189414368011056 4.5659986436367062 25.578476888127625
leaf_count=4307823 83 39411 1200 2617 5249 198609 129312 3721 7412 13699 3284 66463 104672 17984 13949 2249 18 1492 668 367830 16 9826 7957 11284 59629 111781 1134 764 32 1803
internal_value=0.000718971 -0.00406397 0.000493093 -0.00130589 0.0106726 -0.00548012 0.0321716 -0.00561984 -0.00535499 0.00353559 -0.00573149 0.0485555 -0.00278933 -0.00248102 -0.00514833 0.0294643 0.0330271 0.0252255 -0.0250409 0.0456106 0.0481191 0.0103553 -0.00266719 0.0147002 0.0183179 0.0472413 -0.0204461 -0.00693566 0.0128583 0.00284652
internal_weight=67110.1 61010 14464.5 13909.8 1532.8 46545.5 649.796 46360.2 45546.6 1850.45 43696.1 6100.09 12377 12207.9 883.007 185.354 443.868 286.578 169.149 554.63 515.172 85.1162 64.3842 192.819 179.159 157.29 813.6 14.9833 39.4579 30.1445
internal_count=5491971 933481 646179 274534 151127 287302 131929 227859 223004 21111 201893 4558490 123407 122656 19198 59443 250667 138868 751 371645 368610 20032 10206 72405 70913 111799 4855 780 3035 1835
is_linear=0
shrinkage=0.05


Tree=59
num_leaves=31
num_cat=0
split_feature=2 3 2 1 3 3 0 0 0 2 0 2 0 3 3 0 0 0 3 2 0 2 2 0 3 1 1 2 0 3
split_gain=5815.14 151.002 348.115 370.351 155.956 130.015 123.827 155.672 101.858 93.1458 100.921 673.674 162.275 83.7216 90.3245 78.2804 145.679 67.1121 61.9398 54.6572 52.4622 37.8433 35.9964 33.2669 32.6615 30.7221 26.6093 26.597 19.2977 16.7019
threshold=4.0326128529886951 7.3159499364080736 5.8138794391169242 1.0000000180025095e-35 7.3233027137203726 7.6003022744640454 0.22576532962289497 0.64526040572373422 0.43543679404407926 4.1382565856210851 0.32388242588166877 4.5341594832340997 0.7100346075935321 6.6011956384225741 7.2540859042396688 0.64526040572373422 0.67233198250082127 0.56126945381299154 8.6879410503086998 7.7655073004765951 0.73444193058723151 5.676703105257821 7.0099275978482467 0.62018023237906184 4.0772831707010573 1.5000000000000002 1.0000000180025095e-35 6.8949607206794896 0.99733952737633813 4.0777069067102572
decision_type=2 2 2 2 2 2 2 2 2 2 2 2 2 2 2 2 2 2 2 2 2 2 2 2 2 2 2 2 2 2
left_child=24 2 9 8 15 6 -6 -8 -4 20 11 -11 -12 -5 -15 17 27 21 19 -7 26 -3 -10 -19 -1 -22 -2 -17 -18 -26
right_child=1 4 3 13 5 18 7 -9 22 10 12 -13 -14 14 -16 16 28 23 -20 -21 25 -23 -24 -25 29 -27 -28 -29 -30 -31
leaf_value=0.049755770110673884 0.016826512125864439 -0.0021071873639324644 0.00041729734452103877 0.065211704815368324 -0.01502878927315128 -0.0075076664543843614 0.014384508673351622 -0.023758634770714045 0.046080421225876522 0.030265516290864859 -0.0077479259022112919 -0.0055240780193413349 0.0024355850398494628 -0.0032488671240612889 0.013567726529439258 -0.0096937440681445219 -0.021588067530427486 -0.060273378655166666 -0.020632929179623342 0.0060231630282701247 -0.0054703076445886045 -0.024162948482742891 -0.019552676764828233 -0.025590532576531645 -0.012462954870844261 0.050142319712388653 0.04389190249713662 0.032706136066285051 3.7962832942927786e-05 0.036831720365790778
leaf_weight=5377.1364259757102 324.75683901505545 232.99889044463634 155.41114518232644 53.926127921789885 672.20849992334843 13168.685766588897 2019.7762714889832 308.33076472766697 831.16487274202518 1564.4502036632039 20369.332420032937 8241.2882061302662 4841.888538074214 2359.425429224968 1206.9544995874166 44.900235983077437 667.96865762863308 178.89545889943838 851.29465788602829 791.18396534398198 329.39803955971729 1176.5628881454468 21.429329032776877 112.69158324971795 18.059640159015544 26.858736195485108 126.06375893589575 209.85271410690621 121.9952813833952 354.11458004266024
leaf_count=4303987 35828 1214 2617 232 2774 59465 9078 1562 411499 17739 107122 39282 124558 9651 6251 1606 4208 1274 5105 4885 37005 5788 1210 2521 4439 14766 47192 10946 710 217457
internal_value=0.000692926 -0.00383713 -0.00206387 0.0108405 -0.00732652 -0.0056166 0.00387476 0.00933289 0.0376449 -0.00373105 -0.00411812 0.00018595 -0.00579215 0.00337728 0.0024423 -0.0184182 -0.00764542 -0.0250341 -0.00753927 -0.0067408 0.0130626 -0.0205172 0.0444308 -0.0468693 0.0487643 -0.00127759 0.0243949 0.0252332 -0.0182483 0.0344397
internal_weight=66759 61009.7 40452.3 4628.31 20557.3 17811.5 3000.32 2328.11 1008.01 35824 35017 9805.74 25211.2 3620.31 3566.38 2745.87 1044.72 1701.15 14811.2 13959.9 807.077 1409.56 852.594 291.587 5749.31 356.257 450.821 254.753 789.964 372.174
internal_count=5491971 966088 854952 431460 111136 82869 13414 10640 415326 423492 288701 57021 231680 16134 15902 28267 17470 10797 69455 64350 134791 7002 412709 3795 4525883 51771 83020 12552 4918 221896
is_linear=0
shrinkage=0.05


Tree=60
num_leaves=31
num_cat=0
split_feature=2 3 2 1 3 3 0 0 0 0 0 2 0 0 2 3 0 0 0 3 2 2 2 3 2 3 2 2 0 3
split_gain=5507.33 137.1 316.318 352.852 142.86 117.582 111.889 141.107 99.9795 88.3904 112.636 607.173 135.685 79.2871 141.366 79.4005 71.0445 132.639 60.3639 57.2153 49.5953 34.8805 34.8144 33.7474 33.2891 31.9292 30.8901 24.2587 17.8112 16.0058
threshold=4.0326128529886951 7.3159499364080736 5.8138794391169242 1.0000000180025095e-35 7.3233027137203726 7.6003022744640454 0.22576532962289497 0.64526040572373422 0.43543679404407926 0.14402769709617944 0.31410302578058374 4.5341594832340997 0.69071225544838877 0.65901134357450697 6.7574221718074989 7.0580313103276202 0.64526040572373422 0.67233198250082127 0.56126945381299154 8.6879410503086998 7.5747031881281135 7.0099275978482467 5.676703105257821 4.0772831707010573 4.7881671074430008 7.3079129921864023 6.8568338384767289 6.8949607206794896 0.99733952737633813 4.0777069067102572
decision_type=2 2 2 2 2 2 2 2 2 2 2 2 2 2 2 2 2 2 2 2 2 2 2 2 2 2 2 2 2 2
left_child=23 2 9 8 16 6 -6 -8 -4 24 11 -11 -12 14 -5 -15 18 27 22 20 -7 -10 -3 -1 -2 -26 -20 -18 -19 -25
right_child=1 4 3 13 5 19 7 -9 21 10 12 -13 -14 15 -16 -17 17 28 26 -21 -22 -23 -24 29 25 -27 -28 -29 -30 -31
leaf_value=0.049737112991546623 0.022874185694312443 -0.0020038854516903522 0.00039657313260531052 0.0019330803378473302 -0.01428547253925214 -0.0075627618418568666 0.013674217854277798 -0.022793619051901633 0.04587149541856083 0.031582849591651439 -0.0067482070261919245 -0.0041366083245908914 0.0019857556072634943 0.083520964900884245 0.03399976675462333 -0.022493872274862811 -0.0092005637008606249 -0.020759296365463292 -0.055044569440475026 -0.019839587569322734 0.0013221796122420016 -0.018272220836212646 -0.023184468170284901 -0.011696176433764763 -0.035836723460543875 0.015023016297071598 -0.018981899973950646 0.031303692101570975 3.6060444091827768e-05 0.036332167526304353
leaf_weight=5116.7609821941005 30.92634928599 232.76585832238197 155.35737132746726 2818.3969333916903 671.83580577373505 12136.324798934162 2018.4897673050873 305.3918180745095 794.13977047812659 1418.6943563940004 20999.495747273322 7371.1373727694154 5641.439090414322 18.508256539702415 391.43139705061913 386.08431832492352 44.940613592974842 660.10848779976368 207.19060547230765 841.3283666819334 1804.0961637422442 21.775239386130124 1165.2030896022916 18.275673543801531 333.93666352331638 34.000882625579834 83.23566861404106 208.33130490733311 121.99776713550091 341.3595651735086
leaf_count=4303987 165 1214 2617 11648 2774 54459 9078 1562 411499 17095 169812 35250 199648 94 2639 1753 1606 4208 1674 5105 9891 1210 5788 4439 1384 138 2121 10946 710 217457
internal_value=0.000667945 -0.00364982 -0.0019604 0.0104041 -0.00698027 -0.00534652 0.00368619 0.00888181 0.0371596 -0.00354289 -0.0032794 0.00162858 -0.00489872 0.00321436 0.00584354 -0.0176442 -0.0176434 -0.00733155 -0.023967 -0.00717712 -0.00641292 0.0441596 -0.0196578 0.0486965 -0.026949 -0.0311368 -0.0447091 0.0241166 -0.0175155 0.0338915
internal_weight=66393 60916.6 40415.3 4585.69 20501.2 17777.5 2995.72 2323.88 971.272 35829.6 35430.8 8789.83 26640.9 3614.42 3209.83 404.593 2723.77 1035.38 1688.4 14781.7 13940.4 815.915 1397.97 5476.4 398.864 367.938 290.426 253.272 782.106 359.635
internal_count=5491971 966088 854952 431460 111136 82869 13414 10640 415326 423492 421805 52345 369460 16134 14287 1847 28267 17470 10797 69455 64350 412709 7002 4525883 1687 1522 3795 12552 4918 221896
is_linear=0
shrinkage=0.05


Tree=61
num_leaves=31
num_cat=0
split_feature=2 1 0 2 2 0 3 2 3 3 3 3 1 0 0 0 3 0 0 0 2 0 3 2 2 0 0 1 2 3
split_gain=5216.22 126.693 407.844 106.165 77.5531 135.159 100.012 86.0044 62.5719 261.288 119.538 104.808 97.2385 82.9788 70.6927 61.3218 34.8475 30.9493 19.3127 17.5692 16.7617 15.401 15.3343 13.7636 12.8445 8.56042 16.754 7.94536 15.2096 14.1905
threshold=4.0326128529886951 1.0000000180025095e-35 0.96056779216228005 4.1213213202479668 5.0937916101349279 0.34492243275281931 6.0717185978016612 4.7881671074430008 7.9810273183704767 7.9584020480681064 7.9942274713266626 7.8549435851211564 1.5000000000000002 0.66578999664304883 0.17018869910310372 0.29289468721693729 4.0772831707010573 0.83308403052422852 0.26337961663928472 0.74916527884173567 5.0199087660326223 0.94680044662651419 4.0777069067102572 4.0613265649149151 7.1770651455763064 0.8716323002178139 0.8677148691289146 1.0000000180025095e-35 3.9787572410709404 4.3609306632299711
decision_type=2 2 2 2 2 2 2 2 2 2 2 2 2 2 2 2 2 2 2 2 2 2 2 2 2 2 2 2 2 2
left_child=16 2 4 19 7 18 -7 15 9 11 14 -5 -11 -12 -10 -2 -1 -9 -6 -3 -4 23 25 -21 -22 26 -18 28 -24 -29
right_child=1 3 20 8 5 6 -8 17 10 12 13 -13 -14 -15 -16 -17 22 -19 -20 21 24 -23 27 -25 -26 -27 -28 29 -30 -31
leaf_value=0.049717820895135191 0.011927972686235582 0.045780103515625531 0.011361714005374231 -0.0040831391612263105 -0.011354892908566432 0.00017138965891342538 0.021614015707181682 -0.012079377732471586 0.0083901661866894791 0.029889897602157652 -0.0064009342407588812 -0.015559596382301897 -0.0079308120591444937 0.021887475029896047 -0.021439184189712374 -0.0021903610007083288 -1.3287430896906398 0.043120900148469796 0.00086418844441399031 0.035976323143819766 0.049835033547406801 0.050627862920825842 0.048104703611965956 -0.0093114760132117138 -0.0044187389650347198 -0.008572629323497491 0.050085345334830535 0.047440639856831286 0.020378120194713717 -0.31081344153334256
leaf_weight=4869.0555715516675 863.2732754307799 102.84928616019897 32.640267917769961 35141.452849753434 887.21125818789005 916.32351641368587 1337.601435490069 2357.5631977841258 219.70099282264709 760.17396076023579 5406.8214072883129 2108.7559806257486 218.8841187953949 272.28792441636324 2070.1586137339473 7051.0363619829295 0.036262634443121722 25.669124446925707 508.8381259739399 24.813720122794621 435.86302941094618 24.889860927592963 76.612468217499554 51.798302604118362 11.189384326338766 18.388263166882098 0.056136531522497535 112.77080005779862 139.56575471535325 0.27709097939077665
leaf_count=4303987 10845 47434 2734 174384 4769 10291 158633 12834 1097 3174 25483 9197 2362 1493 10669 88563 21 4396 3802 16090 359967 14091 61370 3686 94 4385 33 90971 64905 211
internal_value=0.000643555 -0.0034714 0.000620907 -0.00474375 -0.000938139 0.00532429 0.0128966 -0.00315786 -0.00490282 -0.00406268 -0.00893318 -0.00473283 0.0214345 -0.00504463 -0.0185772 -0.000650368 0.0486258 -0.0114848 -0.00690123 0.0312157 0.0459516 0.0164579 0.0333335 0.0053567 0.0484771 -0.0109849 -0.491045 0.0358213 0.0302043 0.0465625
internal_weight=66046.6 60829.8 14427.2 46402.6 13947.5 3649.97 2253.92 10297.5 46198.2 38229.3 7968.97 37250.2 979.058 5679.11 2289.86 7914.31 5216.76 2383.23 1396.05 204.351 479.693 101.502 347.707 76.612 447.052 18.4807 0.0923992 329.226 216.178 113.048
internal_count=5491971 966088 656928 309160 294133 177495 168924 116638 227859 189117 38742 183581 5536 26976 11766 99408 4525883 17230 8571 81301 362795 33867 221896 19776 360061 4439 54 217457 126275 91182
is_linear=0
shrinkage=0.05


Tree=62
num_leaves=31
num_cat=0
split_feature=2 3 2 3 3 3 2 3 0 0 0 0 0 2 0 0 0 2 0 3 3 3 2 2 3 2 2 2 0 3
split_gain=4940.85 116.819 276.013 320.001 140.677 134.621 130.026 103.627 100.617 137.245 97.0762 79.452 101.667 566.057 119.928 64.1122 119.374 54.9287 54.1457 73.3103 35.9479 34.8921 33.2958 29.6987 28.8977 27.1168 22.6947 22.1445 16.5057 14.619
threshold=4.0326128529886951 7.3159499364080736 5.8138794391169242 6.6011956384225741 7.2540859042396688 7.3233027137203726 6.6817274012699155 7.6003022744640454 0.25270326911339452 0.62347203858067124 0.55449294601117682 0.14402769709617944 0.31410302578058374 4.4524223690016962 0.69071225544838877 0.64526040572373422 0.67233198250082127 6.7412711744104419 0.34492243275281931 8.3242998889234094 4.0772831707010573 8.6879410503086998 5.1989618871993128 4.7881671074430008 7.3086765227895567 6.8568338384767289 6.4739370300385177 6.8949607206794896 0.99733952737633813 4.0777069067102572
decision_type=2 2 2 2 2 2 2 2 2 2 2 2 2 2 2 2 2 2 2 2 2 2 2 2 2 2 2 2 2 2
left_child=20 2 11 26 6 15 -5 8 -7 -10 -6 23 13 -13 -14 17 27 22 21 -20 -1 -9 -3 -2 -25 -19 -4 -17 -18 -22
right_child=1 5 3 4 10 7 -8 18 9 -11 -12 12 14 -15 -16 16 28 25 19 -21 29 -23 -24 24 -26 -27 -28 -29 -30 -31
leaf_value=0.049697834486835887 0.021816100039332723 0.03468949572639423 0.050253511042383597 0.0026131080003399905 0.0024641691359886114 -0.011053534353349399 -0.031937008286501929 -0.0085548025963570386 0.01489255214973222 -0.019570267674257992 0.028602883006292108 0.03910724329142768 -0.0062312138585682948 -0.0026041548375649059 0.0019833596766387789 -0.0087995089646598044 -0.019820333379650192 -0.051757543136114942 -0.0059688749562113756 0.0065433276332055633 -0.010156971538722453 -0.020330613968633768 -0.01975317123067126 -0.033821953218813816 0.014908856215551415 -0.018066452996027351 -0.51956916646302131 0.029998079343216463 0.00023889780704219529 0.035301820584678303
leaf_weight=4633.405357883079 30.696382317692041 28.681441649794579 447.43758302298374 2294.1502381371101 602.68940900894813 834.45966349542141 308.99270158621948 6207.9566948264837 1811.2229919955134 343.71299460949376 865.04358250461519 907.15289798006415 21039.836610516068 7868.0911630094051 5632.6369153043488 44.786987939849496 650.87622250802815 213.70389655930921 6374.2579198144376 1434.0529956929386 18.728144388529472 699.97848661243916 1347.0279104467481 333.69291730225086 33.474365398287773 82.88883470185101 0.17480514571070571 205.69048927910626 121.73241291940212 317.72827358124778
leaf_count=4303987 165 147 305487 21792 6641 3453 4852 27445 8178 1783 92679 14037 169812 38308 199648 1606 4208 1720 30831 6846 4439 4333 6809 1386 136 2121 9 10946 710 217457
internal_value=0.000619708 -0.00330058 -0.001742 0.00990351 0.00549131 -0.00638427 -0.00148799 -0.00479955 0.00368752 0.00939572 0.0178696 -0.00320997 -0.00296058 0.00170782 -0.00449648 -0.0167941 -0.00693518 -0.0228257 -0.00652357 -0.00367092 0.0485519 -0.00974804 -0.0186181 -0.0254293 -0.0293792 -0.0423419 0.050031 0.0230608 -0.0166598 0.0327715
internal_weight=65735 60765.1 40364.1 4518.49 4070.88 20401 2603.14 17705.6 2989.4 2154.94 1467.73 35845.6 35447.7 8775.24 26672.5 2695.39 1023.09 1672.3 14716.2 7808.31 4969.86 6907.94 1375.71 397.864 367.167 296.593 447.612 250.477 772.609 336.456
internal_count=5491971 966088 854952 431460 125964 111136 26644 82869 13414 9961 99320 423492 421805 52345 369460 28267 17470 10797 69455 37677 4525883 31778 6956 1687 1522 3841 305496 12552 4918 221896
is_linear=0
shrinkage=0.05


Tree=63
num_leaves=31
num_cat=0
split_feature=2 1 0 2 2 0 3 2 1 2 3 3 3 0 3 0 3 3 2 0 0 1 3 2 2 0 2 1 2 2
split_gain=4680.62 111.088 368.999 99.3746 67.9059 120.296 118.396 75.5428 56.7092 60.4519 54.4881 334.593 136.7 50.1467 34.1092 28.2095 27.5903 21.3085 16.8087 16.7525 28.8611 15.3328 30.4567 22.2863 17.4657 63.4475 12.31 11.6806 8.13821 6.81789
threshold=4.030888272116945 1.0000000180025095e-35 0.96056779216228005 4.1213213202479668 5.0937916101349279 0.38448516112627812 6.0717185978016612 4.7881671074430008 1.5000000000000002 4.3694757063636134 7.9810273183704767 7.9584020480681064 7.9942274713266626 0.29289468721693729 4.0625958602076713 0.83308403052422852 6.9823059413278932 4.9159581800171894 5.0199087660326223 0.86374570164169173 0.9417204965665662 1.0000000180025095e-35 4.3831509945406397 3.9787572410709404 4.0114993236992254 0.84447347567522713 7.1770651455763064 1.5000000000000002 4.0077890268154421 4.0243510107184699
decision_type=2 2 2 2 2 2 2 2 2 2 2 2 2 2 2 2 2 2 2 2 2 2 2 2 2 2 2 2 2 2
left_child=14 2 4 19 7 16 -7 13 10 -10 11 -5 -12 -2 -1 -9 -6 -11 -4 -3 27 23 28 -16 25 -25 -20 -21 -23 -26
right_child=1 3 18 8 5 6 -8 15 9 17 12 -13 -14 -15 21 -17 -18 -19 26 20 -22 22 -24 24 29 -27 -28 -29 -30 -31
leaf_value=0.0497648040752173 0.011051211119449976 0.040333770516444767 0.010931214715562746 -0.0047319716772359485 0.0032639893402042989 0.00043271128564175668 0.025040535488665833 -0.011110848160022549 0.0486096551320018 0.036741661485640335 -0.019347961655899977 0.02883757520764807 -0.0045104627422153445 -0.001813495182641381 0.047551200522086723 0.042734769573449682 -0.0099335698815809226 0.0013740732096280341 0.049809739187908486 -0.031795714065029415 0.046377117547647076 -0.092792483399756723 -1.4772808791605452 0.035593722223450079 0.031424687705643883 -0.096662537310879176 -0.00280261913876534 0.050171984783937279 0.04926162614280246 0.00236484591600249
leaf_weight=4362.6925321054878 848.26229628012516 138.58215533348266 32.384981694631279 35768.19291891763 652.63349244371057 917.59942319174297 1045.9907135990215 2376.7019952870905 73.121345765888691 43.646711239591241 2155.6142253875732 758.00791929662228 5546.7524988055229 7079.5633024281124 79.788830724428408 24.575497403275222 1007.1328515969217 1755.0009714998305 399.4820275058737 31.038184632430784 29.4611820402788 1.0163775093387801 0.032731419429182007 24.136731944978237 88.231942443060689 14.525453531416131 11.436171263456343 5.0540197459049514 125.8400872425409 26.170578181277961
leaf_count=4258763 10849 63987 2791 166295 5266 10286 156496 12834 7412 1281 10901 3174 26336 90981 69900 4396 5447 12460 359967 4432 15391 23 13 13674 46798 5327 94 2598 112659 11140
internal_value=0.000596647 -0.00313367 0.000702545 -0.00432632 -0.000724345 0.0051651 0.0135411 -0.00279031 -0.00448046 0.00404407 -0.00484122 -0.00403532 -0.00866294 -0.000436996 0.0485446 -0.0105598 -0.00474418 0.00223232 0.0456122 0.0304825 0.00965646 0.0337465 0.04773 0.0261265 0.0149584 -0.0140952 0.0483455 -0.0203177 0.0481235 0.024777
internal_weight=65422.7 60700.2 14395.8 46304.5 13952.5 3623.36 1963.59 10329.1 46100.3 1871.77 44228.6 36526.2 7702.37 7927.83 4722.44 2401.28 1659.77 1798.65 443.303 204.136 65.5534 359.743 126.889 232.854 153.065 38.6622 410.918 36.0922 126.856 114.403
internal_count=5491971 973674 659407 314267 296555 177495 166782 119060 227859 21153 206706 169469 37237 101830 4518297 17230 10713 13741 362852 86408 22421 259534 112695 146839 76939 19001 360061 7030 112682 57938
is_linear=0
shrinkage=0.05


Tree=64
num_leaves=31
num_cat=0
split_feature=2 3 2 3 3 3 2 3 0 0 0 2 0 2 0 0 0 0 3 0 2 2 3 2 1 1 1 2 2 0
split_gain=4434.56 101.987 241.315 294.929 126.977 124.841 117.86 93.3768 91.3753 116.791 89.0409 76.2473 75.8216 495.264 121.487 57.8054 84.3555 68.6515 50.1246 47.7489 43.9638 39.5932 35.1439 31.8177 28.606 23.121 15.433 21.9854 16.099 55.2097
threshold=4.030888272116945 7.3159499364080736 5.8138794391169242 6.6011956384225741 7.2540859042396688 7.3233027137203726 6.6817274012699155 7.6003022744640454 0.22576532962289497 0.64526040572373422 0.56126945381299154 4.1382565856210851 0.33474620881895956 4.5341594832340997 0.7100346075935321 0.63392955449936217 0.67233198250082127 0.56126945381299154 8.6879410503086998 0.73444193058723151 6.8949607206794896 7.7655073004765951 4.0625958602076713 5.676703105257821 1.5000000000000002 1.0000000180025095e-35 1.0000000180025095e-35 3.9787572410709404 4.0114993236992254 0.78777270728743021
decision_type=2 2 2 2 2 2 2 2 2 2 2 2 2 2 2 2 2 2 2 2 2 2 2 2 2 2 2 2 2 2
left_child=22 2 11 -4 6 15 -5 8 -7 -10 -6 19 13 -13 -14 17 20 23 21 25 -17 -9 -1 -3 -21 -2 27 -24 29 -29
right_child=1 5 3 4 10 7 -8 18 9 -11 -12 12 14 -15 -16 16 -18 -19 -20 24 -22 -23 26 -25 -26 -27 -28 28 -30 -31
leaf_value=0.049747725110719176 0.016643106831181961 -0.00075559624310791919 0.04974700279227854 0.0026353401898699998 0.0028510785590522727 -0.012528095079683735 -0.030312799518812633 -0.0059321610630386724 0.012760829946666823 -0.020737640736726074 0.027916991714214003 0.025475192827738042 -0.0064799963784138576 -0.0043903273783836528 0.0023656488945056901 -0.011661937284928703 -0.015808534351701552 -0.047247210644199747 -0.018009366412803665 -0.0049350699223563539 0.028744692615873993 0.0056078803965168705 0.047426727212501074 -0.021144735376282042 0.050123278451953794 0.042790848087286962 0.047623237798725279 0.04285886408189047 0.024143155827094955 -0.075998631158154972
leaf_weight=4151.3109327950515 324.52321388805285 229.95226281881332 412.00906878011301 2291.3477179612964 618.5275409903843 670.83059979975224 307.89217821881175 13052.969479717314 2013.4849492199719 298.80919294338673 829.3393438232597 1649.4543280487414 19822.194201471983 8762.5602297633886 4826.7765143442666 100.7112094592303 763.15784320700914 229.92330866027623 818.44363886117935 336.61241074744612 203.02363744564354 788.14882561936975 76.091731376713142 1139.5868807286024 25.369181652204134 114.32675545860548 121.03939284652006 20.752730895299464 111.62467325932812 18.461795932031237
leaf_count=4258763 36317 1214 305496 21792 7920 2774 4852 59465 9078 1562 91400 19259 103209 41675 124558 3228 4918 2173 5105 42192 10946 4885 69900 5788 16324 47544 112695 12424 57938 6577
internal_value=0.000574533 -0.00297961 -0.00152423 0.00944531 0.00534247 -0.00586909 -0.00126752 -0.0043451 0.00371855 0.00843195 0.0172089 -0.0028882 -0.00323664 0.00034092 -0.00474784 -0.015953 -0.00693888 -0.0219657 -0.005986 0.0123666 0.0153468 -0.00527504 0.0484683 -0.0177213 -0.00107635 0.023455 0.0332052 0.0255149 0.0144614 -0.013098
internal_weight=65129.3 60630 40320.9 4459.12 4047.11 20309 2599.24 17642.7 2983.12 2312.29 1447.87 35861.8 35061 10412 24649 2666.36 1066.89 1599.46 14659.6 800.832 303.735 13841.1 4499.28 1369.54 361.982 438.85 347.97 226.931 150.839 39.2145
internal_count=5491971 973674 862538 431460 125964 111136 26644 82869 13414 10640 99320 431078 288701 60934 227767 28267 19092 9175 69455 142377 14174 64350 4518297 7002 58516 83861 259534 146839 76939 19001
is_linear=0
shrinkage=0.05


Tree=65
num_leaves=31
num_cat=0
split_feature=2 1 0 2 2 0 3 2 3 1 2 0 3 3 0 3 2 0 0 2 1 2 0 2 0 0 2 2 2 2
split_gain=4201.73 96.6491 334.562 96.1128 60.1191 105.938 106.222 65.3187 51.5515 49.7093 56.3792 46.0739 43.2625 31.192 25.7098 24.7732 16.7253 15.0491 25.8284 14.132 12.5041 19.6282 17.7653 16.7171 47.7025 12.0814 11.8018 11.0164 7.76052 4.8331
threshold=4.0280564505813681 1.0000000180025095e-35 0.96056779216228005 4.1213213202479668 5.0937916101349279 0.38448516112627812 6.0717185978016612 4.7881671074430008 8.4580160548255012 1.5000000000000002 4.3694757063636134 0.52711662496787948 5.4424826413705318 4.0625958602076713 0.83308403052422852 6.9823059413278932 5.0199087660326223 0.86374570164169173 0.9417204965665662 6.3828196357830782 1.0000000180025095e-35 3.9787572410709404 0.6773993455261399 4.0114993236992254 0.78777270728743021 0.14402769709617944 7.1770651455763064 4.0443793233521683 4.0077890268154421 4.1097330857824828
decision_type=2 2 2 2 2 2 2 2 2 2 2 2 2 2 2 2 2 2 2 2 2 2 2 2 2 2 2 2 2 2
left_child=13 2 4 17 7 15 -7 12 9 11 -11 -5 -2 -1 -9 -6 29 -3 27 -10 21 -15 -22 24 -23 -21 -18 -19 -24 -4
right_child=1 3 16 8 5 6 -8 14 19 10 -12 -13 -14 20 -16 -17 26 18 -20 25 22 23 28 -25 -26 -27 -28 -29 -30 -31
leaf_value=0.049729929149171632 -0.0024767277559269297 0.040048108131249822 0.044300514782003579 -0.0029910734366300888 0.0033361528809012133 0.00065368698904075566 0.024104563776104759 -0.010189781057161652 0.011863495384065739 0.048415451903090045 0.002524209570637937 -0.0065117069396939458 0.0059462899607626192 0.047296794506654347 0.042334352385171803 -0.009164812909788515 0.049782577506100267 0.037136445418795933 0.046091813372325229 -0.025130577817965506 -0.84560187347706928 0.04253980277752676 -0.087164006734806357 0.026331469742816922 -0.067035139643011984 -0.012127905798187729 -0.0012788865833362434 -0.029715763159052572 0.0491073812199955 -0.00043341649599240291
leaf_weight=3948.9953176458366 5881.9595926885959 135.09074070153292 8.0409945471910742 28878.162539242767 653.28721216320992 919.83771674241871 1016.4903251583455 2395.1603025346994 55.138062849640846 69.542006246512756 1779.5644271187484 13702.331616543233 2057.7865693361964 72.574592363962438 23.527002982562408 1007.4972114674747 366.37838118418586 7.7358309546252704 29.725048918975517 206.96103373169899 0.055677416734396412 19.884975062217563 1.0551735287299369 96.699389678193256 19.845108360284939 1305.738532602787 11.676920123398302 30.296625923831016 105.9806410879828 24.23913072317373
leaf_count=4257519 88359 69632 1384 126353 5266 10286 156496 12834 265 7412 13663 71383 17927 69900 4396 5447 359967 6306 17112 1248 2 12424 23 53453 6577 7535 94 2382 104834 1492
internal_value=0.00055315 -0.00282471 0.000757166 -0.00393848 -0.000551228 0.00501771 0.0129644 -0.00248512 -0.00408993 -0.00377549 0.00425011 -0.00412401 -0.000293689 0.0485202 -0.00967887 -0.00424743 0.0452558 0.030403 0.0111733 -0.0130006 0.0334068 0.0262883 0.0472995 0.0151127 -0.0121927 -0.0139069 0.0482055 -0.016118 0.047764 0.0107098
internal_weight=64831.3 60566.2 14365.9 46200.3 13955.5 3597.11 1936.33 10358.4 45997.4 44429.6 1849.11 42580.5 7939.75 4265.09 2418.69 1660.78 410.335 202.848 67.7575 1567.84 316.096 209.004 107.091 136.429 39.7301 1512.7 378.055 38.0325 107.036 32.2801
internal_count=5491971 987239 663948 323291 301011 177495 166782 123516 227859 218811 21075 197736 106286 4504732 17230 10713 362937 95432 25800 9048 247213 142354 104859 72454 19001 8783 360061 8688 104857 2876
is_linear=0
shrinkage=0.05


Tree=66
num_leaves=31
num_cat=0
split_feature=2 3 2 3 3 3 2 0 2 3 0 0 0 2 0 0 0 2 3 3 1 3 3 2 3 2 0 2 0 2
split_gain=3981.67 88.937 210.949 271.703 115.201 115.186 106.025 86.6039 232.031 86.4035 82.2937 70.8327 82.6744 490.288 100.357 52.9615 96.3395 49.8502 34.4021 137.911 33.5573 33.1371 32.1255 26.483 27.0967 22.5198 19.1428 15.6376 15.5328 13.5234
threshold=4.0280564505813681 7.3159499364080736 5.8138794391169242 6.6011956384225741 7.3233027137203726 7.2540859042396688 6.6817274012699155 0.33474620881895956 6.8949607206794896 8.3242998889234094 0.56126945381299154 0.14402769709617944 0.31410302578058374 4.4524223690016962 0.69071225544838877 0.64526040572373422 0.67233198250082127 6.233413750140044 8.1727008602802069 8.0875326699954329 1.0000000180025095e-35 7.7766189032103208 4.0625958602076713 4.8294082094226871 7.3079129921864023 5.1989618871993128 0.65404583389057924 6.4739370300385177 0.99733952737633813 5.9646979569103058
decision_type=2 2 2 2 2 2 2 2 2 2 2 2 2 2 2 2 2 2 2 2 2 2 2 2 2 2 2 2 2 2
left_child=22 2 11 27 15 6 -5 18 21 -10 -7 23 13 -13 -14 17 26 25 19 -6 -19 -9 -1 -2 -25 -3 -17 -4 -18 -20
right_child=1 4 3 5 7 10 -8 8 9 -11 -12 12 14 -15 -16 16 28 20 29 -21 -22 -23 -24 24 -26 -27 -28 -29 -30 -31
leaf_value=0.049711564692152183 0.014675255288122703 0.033023003017564105 0.049692941446960341 0.0026064740803895259 -0.0076633677424616208 0.0028355123956178047 -0.028704617217083485 0.016997175272188799 -0.0072726547551873848 0.0060544457138566425 0.027050253768187454 0.037508926305446617 -0.0053251849297583521 -0.0020714045454846121 0.0021815411163331679 -0.0023551489360289285 -0.018034724267579554 -0.06244561273708002 -0.044665485302953833 0.024982523395213153 -0.025344878874374484 -0.0025210679057253 0.032858873703391481 -0.032456768431228772 0.014500964975085937 -0.01202402528812551 0.029484068864503263 -0.34549506073036373 0.0015870555393364266 -0.012204174481019119
leaf_weight=3757.7536787799327 40.542884610593319 29.018885105848312 379.43985882576089 2288.3482669298537 4991.8884818851948 618.07828366197646 306.58969347330276 1724.326248568017 6230.7812066394836 1511.1464049778879 811.59803430270404 868.6911808012519 21089.267197269015 7877.0837184004486 5643.849360549706 63.851236620452255 633.38501437287778 65.301802222616971 32.500774756073952 345.92407929897308 914.2226230353117 248.83845323324203 305.79314507218078 321.9045072644949 33.962707817554474 631.60223065316677 181.11930467002094 0.25048870372120191 119.96076378971338 2504.0548439025879
leaf_count=4257519 208 147 305487 21792 21523 7920 4852 7738 30951 7247 91400 14048 170673 38308 219927 2420 4208 2914 140 1488 4509 1015 247213 1341 138 3227 10132 9 710 12767
internal_value=0.000532285 -0.00268531 -0.00132687 0.00900015 -0.00539035 0.00518571 -0.0010929 -0.00392895 -0.00077033 -0.00467134 0.0165817 -0.00259469 -0.00235985 0.00185999 -0.00374038 -0.0151329 -0.00605298 -0.0206596 -0.00782592 -0.00554771 -0.0278183 0.0145357 0.0484434 -0.0236132 -0.0279753 -0.0100453 0.0211852 0.0494322 -0.0149102 -0.0126201
internal_weight=64571.1 60507.5 40279.6 4404.3 20227.9 4024.61 2594.94 17589.5 9715.09 7741.93 1429.68 35875.3 35478.9 8745.77 26733.1 2638.46 998.316 1640.15 7874.37 5337.81 979.524 1973.16 4063.55 396.41 355.867 660.621 244.971 379.69 753.346 2536.56
internal_count=5491971 987239 876103 431460 111136 125964 26644 82869 46951 38198 99320 444643 442956 52356 390600 28267 17470 10797 35918 23011 7423 8753 4504732 1687 1479 3374 12552 305496 4918 12907
is_linear=0
shrinkage=0.05


Tree=67
num_leaves=31
num_cat=0
split_feature=2 1 0 2 2 0 3 2 3 1 2 3 3 3 3 0 3 2 0 0 0 1 2 2 0 2 1 0 2 2
split_gain=3773.04 85.3044 303.156 88.2642 53.4277 93.4727 72.2874 57.3735 50.4538 46.8161 53.6752 42.6633 309.796 126.021 33.1569 24.5329 20.7477 16.7448 14.8419 14.7703 24.2219 13.005 20.0215 16.0022 42.9476 11.3716 10.2032 8.58706 7.34416 4.73412
threshold=4.0280564505813681 1.0000000180025095e-35 0.96056779216228005 4.1213213202479668 5.0937916101349279 0.34492243275281931 6.0717185978016612 4.7405572413601371 5.4424826413705318 1.5000000000000002 4.3694757063636134 7.9810273183704767 7.9584020480681064 7.9942274713266626 4.0625958602076713 0.83308403052422852 6.6746245191423315 5.0199087660326223 0.26337961663928472 0.86374570164169173 0.9417204965665662 1.0000000180025095e-35 3.9787572410709404 4.0114993236992254 0.78777270728743021 7.1770651455763064 1.5000000000000002 0.6773993455261399 4.0077890268154421 4.0161235410413463
decision_type=2 2 2 2 2 2 2 2 2 2 2 2 2 2 2 2 2 2 2 2 2 2 2 2 2 2 2 2 2 2
left_child=14 2 4 19 7 18 -7 8 -2 11 -11 12 -5 -13 -1 -9 -12 -4 -6 -3 26 22 -16 24 -24 -19 -21 -23 -29 -25
right_child=1 3 17 9 5 6 -8 15 -10 10 16 13 -14 -15 21 -17 -18 25 -20 20 -22 27 23 29 -26 -27 -28 28 -30 -31
leaf_value=0.049692495705029968 -0.002127848271193904 0.039629082573248375 0.010201634913605241 -0.0040322629890952866 -0.0090886117329890669 0.000757839479742559 0.019208233101992923 -0.0084535723753157051 0.0076109832345940655 0.04821748380071561 -0.0038381847589418895 -0.01782644305999349 0.028296656406789675 -0.0034814599617129156 0.047063241796222184 0.042449636853098854 0.0070162496591192336 0.049754774476666555 0.0016137549441917584 -0.025524068724386163 0.045552305452141811 -0.38996490124184335 0.041944973029314304 0.039745006940996114 -0.063215599033999911 -2.006838754184469e-05 0.050149049223355724 -0.080701203638429031 0.04902293797544479 0.016147149644646468
leaf_weight=3575.8235217292095 5650.9873052996118 130.03132524539251 31.88983181619551 35665.821649957914 889.47126702964306 922.18851575627923 1251.0784571575932 2963.5128984153271 1739.2102319877595 66.235276242718101 767.69617786537856 2121.5175092667341 756.74870344996452 5500.7359753549099 66.995205599581823 23.860590179800056 1032.1396241746843 336.23002815118525 509.50350544601679 33.068388338433579 28.53385931334924 0.11226522363722224 18.445252537843771 33.742400307673961 20.498933115624823 11.880138643085955 5.1478661167202509 1.1033669788157556 97.655932047520764 57.42372695019003
leaf_count=4257519 87156 69632 2876 166295 4769 10291 158633 15672 16189 7412 6441 10901 3174 26336 69900 4499 7300 359967 3802 5527 17112 2 12424 21479 6577 94 3161 23 104834 31974
internal_value=0.000512 -0.00255337 0.000816161 -0.00360058 -0.000384142 0.00488994 0.0113791 -0.00219962 0.00016409 -0.0037438 0.00401318 -0.00407245 -0.00336057 -0.00747413 0.0483613 -0.008047 0.00238643 0.0448793 -0.00519083 0.0298144 0.0106952 0.0322786 0.0248556 0.0134206 -0.0134081 0.0480561 -0.0153306 0.0470768 0.0475736 0.0248812
internal_weight=64309.3 60437.5 14329.8 46107.7 13949.8 3572.24 2173.27 10377.6 7390.2 45910.9 1866.07 44044.8 36422.6 7622.25 3871.8 2987.37 1799.84 380 1398.97 196.781 66.7501 295.977 197.106 130.11 38.9442 348.11 38.2163 98.8716 98.7593 91.1661
internal_count=5491971 987239 663948 323291 301011 177495 168924 123516 103345 227859 21153 206706 169469 37237 4504732 20171 13741 362937 8571 95432 25800 247213 142354 72454 19001 360061 8688 104859 104857 53453
is_linear=0
shrinkage=0.05


Tree=68
num_leaves=31
num_cat=0
split_feature=2 3 2 3 3 3 2 3 3 0 0 2 0 3 0 3 3 0 0 0 0 2 1 1 1 3 2 1 0 2
split_gain=3575.83 78.8928 184.389 250.267 106.01 104.418 96.1923 82.7779 78.5222 120.973 198.782 68.7843 61.7143 380.197 106.062 61.5364 250.974 48.3561 68.5714 60.4711 40.8781 35.743 35.6205 32.2578 31.0839 30.2235 27.7494 17.3541 14.3415 11.7589
threshold=4.0256601912641186 7.3159499364080736 5.8138794391169242 6.6011956384225741 7.3233027137203726 7.2540859042396688 6.7189021950326238 7.287984626180628 7.7766189032103208 0.64526040572373422 0.33474620881895956 4.1382565856210851 0.35510742169672516 5.8019521846187621 0.7100346075935321 7.9584020480681064 7.9810273183704767 0.63392955449936217 0.67233198250082127 0.56126945381299154 0.7100346075935321 6.8949607206794896 1.5000000000000002 1.5000000000000002 1.5000000000000002 4.0625958602076713 5.676703105257821 1.0000000180025095e-35 0.99733952737633813 6.4739370300385177
decision_type=2 2 2 2 2 2 2 2 2 2 2 2 2 2 2 2 2 2 2 2 2 2 2 2 2 2 2 2 2 2
left_child=25 2 11 29 17 6 -5 -7 9 10 -6 20 13 -13 -14 22 -17 19 21 26 27 -19 -10 -22 -11 -1 -3 -2 -20 -4
right_child=1 4 3 5 8 7 -8 -9 15 24 -12 12 14 -15 -16 16 -18 18 28 -21 23 -23 -24 -25 -26 -27 -28 -29 -30 -31
leaf_value=0.049672565355660468 0.017812391090278042 1.8372684780492717e-06 0.049359038325233341 0.002153228008491615 -0.0065223498087953599 0.039250783469476497 -0.030985909091462878 0.0096719115068654247 -0.01336093869868408 -0.023788813668124738 0.013734296548926618 0.018960967638727136 -0.00585409237287103 -0.0040485162498159174 0.0024730961443087626 0.019418073668390365 -0.0067206913713673379 -0.010136194416869637 -0.017177074676626151 -0.043808528592517604 -0.0026063020306893152 0.026506760223206319 0.010863110323286299 0.050094203385940499 0.039539276134327353 0.03232848132753767 -0.019133865829336471 0.042613111293317241 0.0017079320548916363 -0.25051088166922114
leaf_weight=3401.7404960650601 301.49327118415385 228.21641972661018 350.32919318485074 2348.8362895138562 2348.0921887755394 300.4272209983319 241.49033559684176 1112.1599184377119 2811.3317043930292 504.21932781254873 2501.1732171741314 2214.880026089726 18563.418880594661 9476.7512945355847 4815.8960300422041 1034.91985533759 8151.5801641121507 100.12724959850311 625.20572767592967 226.55713889701292 394.97798126842827 198.45517787570134 160.4154410213232 31.340499171696138 20.151249952614307 271.2036237201537 1115.4448451623321 92.078713123803027 119.79390081018209 0.32722563366405566
leaf_count=4256275 33612 1214 305487 22846 9689 27231 3798 72089 11970 2600 11250 22480 95379 46284 124558 5829 40300 3228 4208 2173 70573 10946 1077 25016 154 235061 5788 40137 710 9
internal_value=0.000492502 -0.00242075 -0.00114213 0.00857536 -0.00497503 0.00502721 -0.000936259 0.0159627 -0.00357456 0.00145874 0.0039257 -0.00232086 -0.00265554 0.000310435 -0.00413878 -0.00579915 -0.00377599 -0.0143686 -0.00602647 -0.0199128 0.011995 0.0142188 -0.0120533 0.00126794 -0.0213552 0.0483919 -0.0158837 0.0236147 -0.0141404 0.0490792
internal_weight=64063 60390.1 40244.4 4353.57 20145.7 4002.91 2590.33 1412.59 17531.9 5373.64 4849.27 35890.8 35070.9 11691.6 23379.3 12158.2 9186.5 2613.8 1043.58 1570.22 819.89 298.582 2971.75 426.318 524.371 3672.94 1343.66 393.572 745 350.656
internal_count=5491971 1000635 889499 431460 111136 125964 26644 99320 82869 23693 20939 458039 288701 68764 219937 59176 46129 28267 19092 9175 169338 14174 13047 95589 2754 4491336 7002 73749 4918 305496
is_linear=0
shrinkage=0.05


Tree=69
num_leaves=31
num_cat=0
split_feature=2 1 0 2 2 0 3 2 3 3 1 0 3 0 3 2 0 0 1 0 2 2 0 3 2 0 2 0 3 3
split_gain=3389.04 74.2036 275.615 85.0511 49.6978 86.8836 89.7707 49.6871 43.7625 42.6974 42.1326 32.4097 31.1778 21.3454 20.5538 13.2324 11.3159 10.9833 10.9679 46.9532 18.5422 17.2075 38.7242 9.86503 10.8469 10.1504 6.97049 6.92573 6.28871 34.6315
threshold=4.0256601912641186 1.0000000180025095e-35 0.97063413058281178 4.0982006077102948 5.0937916101349279 0.38448516112627812 6.0717185978016612 4.7881671074430008 8.4580160548255012 8.3934411287734871 1.5000000000000002 0.28230039401158186 4.0625958602076713 0.83308403052422852 6.9823059413278932 6.3828196357830782 0.62018023237906184 0.14402769709617944 1.0000000180025095e-35 0.66578999664304883 3.9787572410709404 4.0114993236992254 0.78777270728743021 4.3382053465969248 7.1770651455763064 0.99963431516735668 4.0077890268154421 0.95585909713935002 4.2047672406880237 4.2024512923595738
decision_type=2 2 2 2 2 2 2 2 2 2 2 2 2 2 2 2 2 2 2 2 2 2 2 2 2 2 2 2 2 2
left_child=12 2 4 28 7 14 -7 11 9 10 -5 -2 -1 -9 -6 -10 -11 -17 20 -20 -14 22 -22 25 -25 -4 -21 -23 29 -3
right_child=1 3 23 8 5 6 -8 13 15 16 -12 -13 18 -15 -16 17 -18 -19 19 26 21 27 -24 24 -26 -27 -28 -29 -30 -31
leaf_value=0.049651940853268725 0.010137032875066692 0.031350225056707974 0.033864747767278228 -0.0035528568742789375 0.0034114850148890051 0.00098451449865625314 0.02271355753630705 -0.0086557728873202684 0.012425216423762375 0.013108061724280593 0.0041716730685540868 -0.0010559129052269045 0.046813347858788823 0.039818592372299816 -0.0079742236139280845 -0.023424254864704133 0.045533760660066369 -0.010866948250708936 -2.3050113335992832 -0.075209750206528342 0.041314381813259575 0.027002603146682222 -0.059871130450126459 0.04988077740173455 -0.0010644324989186307 -0.042704910198900242 0.048856033893790299 -0.34153677483406142 0.044372575134859281 -0.16867959895177609
leaf_weight=3237.1462297760299 710.11428072908893 44.962932488648221 16.409725592006001 42216.26506583835 653.90288165584207 924.11290721246041 978.76916757965228 2425.7326093092561 54.914287731051445 238.08847910910845 1842.3191073844209 7246.1873546417337 61.891158823564183 22.924739287002012 1006.491844702512 201.41646273434162 30.33408123254776 1285.4480738341808 0.021221330389379456 1.1477370560169209 17.128677862579934 77.915720314602368 21.107451229006983 299.86048452439718 10.82531653344631 5.8787891392130396 83.302515781018883 0.12768763781059433 87.279924684320576 2.2732209938694714
leaf_count=4256275 9289 33047 1041 201303 5266 11272 167836 12834 265 1029 23933 101949 69900 5473 5447 1248 173 7535 1 23 12424 48989 6577 347733 85 93 97001 146 63249 535
internal_value=0.000473638 -0.00230243 0.000843263 -0.00328034 -0.000228428 0.00486797 0.0121611 -0.00197374 -0.00339676 -0.00310873 -0.00322985 -5.69223e-05 0.0483077 -0.00820195 -0.00349026 -0.0116778 0.0167724 -0.012568 0.0317397 0.046579 0.0247043 0.0129365 -0.014543 0.0458006 0.0481057 0.0136688 0.0471699 0.0263996 0.0364193 0.0217239
internal_weight=63804.3 60304.5 14301.2 46003.3 13968.2 3563.28 1902.88 10405 45868.8 44327 44058.6 7956.3 3499.79 2448.66 1660.39 1541.78 268.423 1486.86 262.642 84.4715 178.171 116.28 38.2361 332.974 310.686 22.2885 84.4503 78.0434 134.516 47.2362
internal_count=5491971 1000635 668318 332317 319366 189821 179108 129545 235486 226438 225236 111238 4491336 18307 10713 9048 1202 8783 235061 97025 138036 68136 19001 348952 347818 1134 97024 49135 96831 33582
is_linear=0
shrinkage=0.05


Tree=70
num_leaves=31
num_cat=0
split_feature=2 3 2 3 3 3 3 2 0 3 0 0 0 0 2 0 0 0 0 0 3 0 3 3 2 2 3 0 0 2
split_gain=3212.35 68.6143 163.722 216.352 99.154 98.0426 97.2489 89.0204 74.7126 72.7185 73.1905 92.5069 62.1451 65.3266 438.445 86.9002 43.6082 61.4054 55.534 39.1337 63.0094 32.5237 32.0185 30.2519 26.0892 24.1206 22.7649 20.2455 13.234 11.3583
threshold=4.0256601912641186 7.3159499364080736 5.676703105257821 6.5236944472770055 5.9734787654269947 7.3233027137203726 7.2540859042396688 6.6817274012699155 0.57374697000709707 7.6003022744640454 0.22576532962289497 0.62347203858067124 0.14402769709617944 0.31410302578058374 4.4524223690016962 0.69071225544838877 0.63392955449936217 0.67233198250082127 0.56126945381299154 0.34492243275281931 8.3242998889234094 0.65404583389057924 4.0625958602076713 7.9584020480681064 5.209507762638709 4.7405572413601371 7.3086765227895567 0.79505155009908057 0.99733952737633813 5.8138794391169242
decision_type=2 2 2 2 2 2 2 2 2 2 2 2 2 2 2 2 2 2 2 2 2 2 2 2 2 2 2 2 2 2
left_child=22 2 12 4 27 16 7 -5 -8 10 -7 -12 25 14 -14 -15 18 21 24 23 -21 -18 -1 -11 -3 -2 -27 -4 -19 -6
right_child=1 5 3 6 29 9 8 -9 -10 19 11 -13 13 15 -16 -17 17 28 -20 20 -22 -23 -24 -25 -26 26 -28 -29 -30 -31
leaf_value=0.049630469853213968 0.034315267341431137 0.030005504950585984 -0.54661039006250023 0.0023095722749367025 0.029922482535848945 -0.010650469612980501 0.0034459767207461883 -0.026096883367692721 0.026205535539888664 -0.012447276505963428 0.012261738554602421 -0.01629883736906618 0.036171173036681686 -0.004700124495917243 -0.0019682850357245051 0.0023045675895573613 -0.006681872916234375 -0.016367690971925253 -0.041968532741733115 -0.0044054376914379979 0.0072335173620343878 0.027124177454157097 0.031180090721399184 -0.0052253926135240629 -0.016156110239138016 -0.028492584648058074 0.014719083963722141 -0.20143013855901395 0.00179962263792431 0.050238119511682104
leaf_weight=3080.5679175166879 18.177891880273819 31.346179991960526 0.58127832412719671 2966.6084620453184 90.128611043095589 669.05162285268307 695.46115849283524 304.06979795591906 748.84676873427816 2099.4828998446465 1965.4637319683097 331.30878305435181 838.03369400079828 20758.393889902742 7473.8506002984941 5628.2462623731699 118.92848178418353 617.50393907167017 224.18124549742788 6292.4306252077222 1426.4380845092237 177.08012824924663 254.57396043319022 4688.0049688667059 1300.2546479105949 343.14383544027805 33.450389578938484 1.5779147922294212 119.66864582151175 290.74002100451617
leaf_count=4256275 110 158 8 27088 661 2774 11959 4852 87561 8660 8857 1783 14063 168991 36435 232682 4042 4208 2173 30831 6846 10132 235061 23118 6844 1441 136 97 710 303415
internal_value=0.000455442 -0.00218858 -0.000996508 0.00737627 0.0435152 -0.00457682 0.00444048 -0.000331331 0.0152464 -0.0032313 0.00390257 0.00814188 -0.00221282 -0.00198839 0.00187707 -0.00320603 -0.0136573 -0.00569432 -0.0189455 -0.00468982 -0.00225457 0.0135418 0.0482221 -0.00745924 -0.0150695 -0.021939 -0.0246544 -0.294356 -0.0134185 0.0454306
internal_weight=63587.6 60252.5 40191.3 5098.01 383.028 20061.1 4714.99 3270.68 1444.31 17472.2 2965.82 2296.77 35093.3 34698.5 8311.88 26386.6 2588.96 1033.18 1555.78 14506.4 7718.87 296.009 3335.14 6787.49 1331.6 394.772 376.594 2.15919 737.173 380.869
internal_count=5491971 1000635 889499 435641 304181 111136 131460 31940 99520 82869 13414 10640 453858 452171 50498 401673 28267 19092 9175 69455 37677 14174 4491336 31778 7002 1687 1577 105 4918 304076
is_linear=0
shrinkage=0.05


Tree=71
num_leaves=31
num_cat=0
split_feature=2 1 0 2 2 0 3 2 3 3 2 2 3 3 0 3 0 0 2 2 1 2 2 0 0 3 2 0 2 0
split_gain=3044.53 65.5625 250.625 78.9612 43.7149 76.18 80.0405 43.5667 39.8818 39.8112 202.01 91.8718 32.9855 27.1882 19.5211 18.0918 12.9442 20.7527 12.1956 11.7009 11.3646 18.7984 16.3858 35.2064 9.9766 9.92238 10.481 9.23778 6.58357 6.37257
threshold=4.0256601912641186 1.0000000180025095e-35 0.97063413058281178 4.1213213202479668 5.0937916101349279 0.38448516112627812 6.0717185978016612 4.7881671074430008 8.4580160548255012 4.6348260661835381 4.2361428001878414 4.2672363075222259 4.0625958602076713 5.4424826413705318 0.83308403052422852 6.9823059413278932 0.86374570164169173 0.94680044662651419 6.3828196357830782 4.0443793233521683 1.0000000180025095e-35 3.9787572410709404 4.0114993236992254 0.75693732271664571 0.14402769709617944 4.3382053465969248 7.1770651455763064 0.99963431516735668 4.0077890268154421 0.66578999664304883
decision_type=2 2 2 2 2 2 2 2 2 2 2 2 2 2 2 2 2 2 2 2 2 2 2 2 2 2 2 2 2 2
left_child=12 2 4 16 7 15 -7 13 9 11 -11 -5 -1 -2 -9 -6 -3 19 -10 -18 21 -14 23 -23 -20 27 -27 -4 -22 -30
right_child=1 3 25 8 5 6 -8 14 18 10 -12 -13 20 -15 -16 -17 17 -19 24 -21 28 22 -24 -25 -26 26 -28 -29 29 -31
leaf_value=0.049608102673931474 -0.0016445991122824889 0.038904654211922629 0.033058422179237011 -0.011263584762969799 0.0033702873565514993 0.0011183617264249658 0.02176087477941048 -0.0079723922627501567 0.01203180708948275 0.038256206326033652 -0.0027270897897345107 0.012398278020148118 0.046548330917423379 0.0050659886303743131 0.039333382229590083 -0.0073136805631571619 0.040007501682891029 0.050506793044690218 -0.022374805113296991 -0.021357912594212332 -0.070417628637652455 0.04345246353721767 0.024997796779678172 -0.055202560298464001 -0.010314219280676258 0.049862643094245568 7.8695542716460793e-05 -0.039543521775054824 -0.28207925882753959 0.048752166294287191
leaf_weight=2931.6153537538485 5934.3611730746925 121.9662856105133 15.925575035740623 2983.1343322219327 653.47064920887351 925.52770810836228 953.26660161529435 2439.2714761421084 55.064550593495369 302.92914974340238 40439.130994725972 475.63434493821114 57.255192173935939 2024.2438296283362 22.004792902851477 1006.6068228520453 9.9530133107909915 22.901112572348211 198.07538643479347 35.385552491527051 1.1893149415263895 15.119064836704636 73.703077314421535 22.503088543657213 1276.5330480486155 275.39094054070301 10.994181551039217 6.0442562366370103 0.1458357572555532 76.908064037153963
leaf_count=4256275 93308 74146 1041 14887 5266 11272 167836 12834 265 10859 188675 4390 69900 17930 5473 5447 9552 18189 1248 2571 23 11776 49135 7225 7535 347733 85 93 1 97001
internal_value=0.000437841 -0.00208073 0.000879875 -0.00300056 -0.00010508 0.00469623 0.011592 -0.00173574 -0.00313427 -0.00285958 -0.00242237 -0.00800971 0.0481301 6.22158e-05 -0.00754946 -0.00310806 0.0291481 0.0117101 -0.0110715 -0.00788658 0.0305758 0.0232665 0.0112926 -0.0155565 -0.0119342 0.0454672 0.0479515 0.0130845 0.0463241 0.048126
internal_weight=63366.3 60187.8 14267.1 45920.7 13958.8 3538.87 1878.79 10419.9 45730.5 44200.8 40742.1 3458.77 3178.44 7958.61 2461.28 1660.08 190.206 68.2397 1529.67 45.3386 246.824 168.58 111.325 37.6222 1474.61 308.355 286.385 21.9698 78.2432 77.0539
internal_count=5491971 1000635 668318 332317 319366 189821 179108 129545 227859 218811 199534 19277 4491336 111238 18307 10713 104458 30312 9048 12123 235061 138036 68136 19001 8783 348952 347818 1134 97025 97002
is_linear=0
shrinkage=0.05


Tree=72
num_leaves=31
num_cat=0
split_feature=2 3 2 3 3 3 2 3 3 3 0 2 2 0 2 0 0 0 0 0 2 3 1 2 0 2 3 1 1 2
split_gain=2885.88 59.4384 143.191 196.61 91.183 87.8994 81.3005 74.747 74.6404 67.4024 61.7346 147.992 58.1278 57.2664 498.354 185.52 39.3283 54.9954 51.0768 38.7985 35.6608 32.04 30.2298 29.9392 25.7366 25.1486 24.2501 15.6097 13.5654 12.1689
threshold=4.0243510107184699 7.3159499364080736 5.676703105257821 6.5236944472770055 7.3233027137203726 7.2540859042396688 6.7189021950326238 7.287984626180628 5.9734787654269947 7.3955494728005915 0.34492243275281931 6.8949607206794896 4.1382565856210851 0.71821806542236111 4.2672363075222259 0.52711662496787948 0.63392955449936217 0.67233198250082127 0.56126945381299154 0.7100346075935321 5.9646979569103058 4.0625958602076713 1.5000000000000002 6.8949607206794896 0.73444193058723151 5.676703105257821 8.6879410503086998 1.0000000180025095e-35 1.0000000180025095e-35 5.8138794391169242
decision_type=2 2 2 2 2 2 2 2 2 2 2 2 2 2 2 2 2 2 2 2 2 2 2 2 2 2 2 2 2 2
left_child=21 2 12 8 16 6 -5 -7 -4 20 26 -12 19 15 -15 -14 18 23 25 27 -6 -1 -21 -18 -22 -3 -11 -2 -19 -10
right_child=1 4 3 5 9 7 -8 -9 29 10 11 -13 13 14 -16 -17 17 28 -20 22 24 -23 -24 -25 -26 -27 -28 -29 -30 -31
leaf_value=0.049584692897214011 0.017458582159663422 0.00085831391834654516 -0.21560217855193248 0.0019710449828340437 -0.0041746790513934292 0.03644966572955588 -0.028312041064434801 0.0086292876475326727 0.028629889091679885 -0.0059354372236891184 0.013615653280035759 -0.003587400114712533 -0.00087869807552368043 -0.0094844991784962876 0.024528249997623933 -0.010103590012088819 -0.009461817977929228 -0.069328180587576713 -0.040248266215714368 -0.0027260538797580138 0.023581491661340832 0.030273510394287485 0.050085525687348434 0.024283736750196794 -0.0228694496238976 -0.017454369979089997 -0.015991688097511617 0.041866265486928601 -0.011933242433971798 0.050018206351171005
leaf_weight=2789.4055675664567 298.40946034318767 226.24842807650566 2.7754686410771674 3026.8198142460315 217.60981664061546 307.77593029721174 239.14299639186356 1120.1839013891295 88.517409291118383 7168.2954390645027 1503.016873948276 7431.2185417301953 22411.872073363396 2972.0281701437198 1688.9589036122197 7201.4053584788926 99.325001542456448 10.444374015554784 221.78225138736889 397.06847661506617 430.86898378422484 232.70964242552873 29.081253842043225 194.31171870883554 32.036839328706264 1094.0312478095293 654.20033580064774 83.930361895007081 719.58615000545979 267.39069342502626
leaf_count=4255493 33842 1214 105 28142 902 27309 3798 72211 661 31814 6491 36972 124393 13267 110440 36420 3228 251 2173 76026 2173 228527 26649 10946 184 5788 4333 40137 4667 303415
internal_value=0.000420944 -0.00197494 -0.000865227 0.00700437 -0.00420155 0.00427789 -0.000246368 0.0146256 0.0426846 -0.00290662 -0.00353308 -0.00069331 -0.0019986 -0.00231119 0.00284039 -0.00312202 -0.0130022 -0.00540436 -0.0180458 0.0112528 0.0125191 0.0480977 0.000877907 0.012869 0.0203667 -0.0143162 -0.00677645 0.0228165 -0.0127544 0.0446987
internal_weight=63160.5 60138.3 40135.4 5052.61 20003 4693.92 3265.96 1427.96 358.684 17437.2 16756.7 8934.24 35082.8 34274.3 4660.99 29613.3 2565.73 1023.67 1542.06 808.49 680.516 3022.12 426.15 293.637 462.906 1320.28 7822.5 382.34 730.031 355.908
internal_count=5491971 1007951 896815 435641 111136 131460 31940 99520 304181 82869 79610 43463 461174 284520 123707 160813 28267 19092 9175 176654 3259 4484020 102675 14174 2357 7002 36147 73979 4918 304076
is_linear=0
shrinkage=0.05


Tree=73
num_leaves=31
num_cat=0
split_feature=2 1 0 2 2 0 3 2 1 2 3 3 0 0 2 2 3 0 1 2 2 0 3 2 0 0 2 0 0 3
split_gain=2735.26 56.8112 227.017 74.0992 38.2119 67.4161 71.926 39.1909 37.5777 57.8168 34.769 32.9738 32.2793 47.3602 38.4624 21.0116 18.8684 15.9863 10.5114 18.1581 16.5438 31.9202 9.81903 10.0553 8.41293 6.35477 6.28203 5.277 4.19333 18.3076
threshold=4.0243510107184699 1.0000000180025095e-35 0.97063413058281178 4.0880286038569347 5.0937916101349279 0.38448516112627812 6.0717185978016612 4.7405572413601371 1.5000000000000002 4.3694757063636134 5.4424826413705318 4.0625958602076713 0.19145279672441137 0.52711662496787948 4.6141616884197054 4.9745127581484967 6.1599406747691683 0.26337961663928472 1.0000000180025095e-35 3.9787572410709404 4.0114993236992254 0.75693732271664571 4.3382053465969248 6.5729417446171423 0.99963431516735668 0.95585909713935002 4.0077890268154421 0.66578999664304883 0.86374570164169173 4.2024512923595738
decision_type=2 2 2 2 2 2 2 2 2 2 2 2 2 2 2 2 2 2 2 2 2 2 2 2 2 2 2 2 2 2
left_child=11 2 4 28 7 17 -7 10 12 -10 -2 -1 14 -14 -5 -11 -9 -6 19 -13 21 -21 24 -24 -4 -22 -20 -28 -3 -30
right_child=1 3 22 8 5 6 -8 16 9 15 -12 18 13 -15 -16 -17 -18 -19 26 20 25 -23 23 -25 -26 -27 27 -29 29 -31
leaf_value=0.049560356721370921 -0.0014577555332830443 0.044669674360609063 0.03248774809440122 0.030127989671573652 -0.0073973555453320794 0.0011649472342959964 0.020851668851064306 -0.0081391399093382541 0.048264374911042615 0.011339511570004519 0.0066701630130696007 0.046266800355337957 -0.0014767561782353554 -0.0051024709374548755 -0.0082228406054467833 -0.00089900032023227999 0.0022869292702581536 0.0024484094390512224 -0.066211806919156624 0.04294301300842162 0.025933982711355621 -0.052683333608700304 0.050037416870324258 0.0053600732665065997 -0.036269798763171844 -0.31499011985722564 -0.23041744230488251 0.048577717078009973 0.031355089036215138 -0.14477110496430423
leaf_weight=2654.6352005478693 5694.9031076980755 74.156147052359302 15.595988463144751 66.548885889351368 890.24023703485727 925.37897353398148 930.46868254046421 2503.0775420464925 71.314318729098886 477.91822306066751 1711.0793016317766 53.027944717614446 26387.350789526012 13674.030130578903 3713.7069786339998 1317.5334308706224 524.9505557268858 767.89720677211881 1.2282197449821968 14.04715250933077 66.224391051218845 23.040407329681329 249.33692434575642 13.263843901921062 6.2243763627484432 0.13696889486163755 0.16990956664085288 67.958326316147577 37.350992861203849 1.5361241386272002
leaf_count=4255493 94441 65861 1091 302 4769 11272 167836 17979 11777 4974 16192 69900 119468 77137 16943 8767 3286 5944 23 11776 46676 7225 347181 637 93 122 1 92804 31795 206
internal_value=0.000404727 -0.00187817 0.000881211 -0.00273525 -2.05353e-05 0.00448908 0.0110353 -0.00153929 -0.00283524 0.00411237 0.00042012 0.048 -0.00313107 -0.00271431 -0.0075477 0.00235868 -0.00633164 -0.0028377 0.0296587 0.022477 0.0102824 -0.0164642 0.0451028 0.0477808 0.0128743 0.0252303 0.0458614 0.0478819 0.0376961 0.0243977
internal_weight=62934.3 60053.9 14232.4 45821.4 13948 3513.99 1855.85 10434 45708.4 1866.77 7405.98 2880.47 43841.6 40061.4 3780.26 1795.45 3028.03 1658.14 225.833 156.477 103.449 37.0876 284.421 262.601 21.8204 66.3614 69.3565 68.1282 113.043 38.8871
internal_count=5491971 1007951 670721 337230 321719 189821 179108 131898 239368 25518 110633 4484020 213850 196605 17245 13741 21265 10713 228527 135699 65799 19001 349002 347818 1184 46798 92828 92805 97862 32001
is_linear=0
shrinkage=0.05


Tree=74
num_leaves=31
num_cat=0
split_feature=2 0 2 3 2 3 2 3 3 1 2 3 3 0 1 3 1 3 3 0 3 0 2 3 3 3 0 1 2 2
split_gain=2592.65 53.5569 316.687 309.294 119.2 86.766 231.252 144.64 76.3118 70.7979 68.5062 62.7996 43.74 41.3976 33.8255 33.8017 27.263 23.6657 26.918 20.6257 23.8222 20.0853 25.0992 19.2794 13.5652 10.5158 12.8502 10.4849 17.7422 15.1933
threshold=4.0243510107184699 0.81577353924098361 4.2361428001878414 7.2227849702893554 4.2047331123241749 5.0591714496897406 4.3004826673323846 5.0394170871300483 4.6348260661835381 1.0000000180025095e-35 4.7001851868954612 4.5436670406715125 4.4661954188427844 0.48781481660207754 1.0000000180025095e-35 4.0625958602076713 1.5000000000000002 4.3282302013682576 4.3382053465969248 0.51692778477187551 4.8194344318813727 0.62347203858067124 4.1097330857824828 4.2047672406880237 5.2095134744993077 8.1727008602802069 0.99999915540540552 1.0000000180025095e-35 3.9787572410709404 4.0114993236992254
decision_type=2 2 2 2 2 2 2 2 2 2 2 2 2 2 2 2 2 2 2 2 2 2 2 2 2 2 2 2 2 2
left_child=15 4 16 8 14 7 9 11 12 -7 -8 -6 -4 -9 19 -1 17 23 -19 -2 -21 -16 -23 -3 -10 26 -5 28 -17 -30
right_child=1 2 3 25 5 6 10 13 24 -11 -12 -13 -14 -15 21 27 -18 18 -20 20 -22 22 -24 -25 -26 -27 -28 -29 29 -31
leaf_value=0.04953495340180733 0.019664128106003251 -0.0089095903232863666 0.02803397573020814 -0.010031926069455979 -0.025720257356764892 0.012406662650871796 0.0015189246908037626 -0.047372697945443687 0.04991460891243877 0.045827296197145512 -0.003252477521112121 -0.0034688462444022448 -0.0070361457020538046 -0.021486382405106565 0.039615751432746441 0.046086738819896361 0.050268455330674693 -0.047834135819035145 -0.012030852999822397 0.0040587674823958936 -0.11117255390132728 0.040296750503655054 8.1506998946892099e-05 0.0027572481722668812 0.035501726306235486 0.020043772974978339 0.0057996330534690679 0.045689420587148373 -0.015339659594153225 0.024598460413013487
leaf_weight=2526.4299956851755 273.28890785330441 1972.2748974053538 340.09058418450877 605.2234547752887 347.38298094272614 339.99852754175663 9292.1639487289358 232.136285264045 471.2476870813407 296.79001566534862 39506.575109153171 3636.1687596738338 120.37878287839703 461.47444967366755 159.62889899709262 50.633915634127334 20.001887867168989 76.008392632007599 169.71714755892754 631.66342711215839 4.517259754240512 61.235315820667893 105.89199869229924 431.58714709564811 249.78822364745429 38.668359234929085 162.61371054127812 66.228057674714364 37.674493486294523 64.722738496959209
leaf_count=4255493 14842 42606 3225 4666 1520 5109 47996 1169 95241 3694 309566 17442 2090 2002 22994 69900 15466 332 703 42919 56 51344 3817 8215 309544 277 1116 92828 19001 46798
internal_value=0.000388895 -0.00178508 0.00336427 0.0184726 -0.00221839 -0.00256911 -0.00195327 -0.00907825 0.0347668 0.0279831 -0.00234392 -0.00540927 0.0188657 -0.03015 0.0131332 0.0479006 -0.00788673 -0.00832575 -0.0231056 0.00817572 0.00324056 0.0269315 0.0148163 -0.00681494 0.0449216 -0.00539785 -0.00667909 0.029069 0.0218761 0.00990423
internal_weight=62752.2 60006.5 4657.6 1988.01 55348.9 54112.7 49435.5 4677.16 1181.51 636.789 48798.7 3983.55 460.469 693.611 1236.23 2745.69 2669.59 2649.59 245.726 909.47 636.181 326.756 167.127 2403.86 721.036 806.506 767.837 219.259 153.031 102.397
internal_count=5491971 1007951 483481 416159 524470 388498 366365 22133 410100 8803 357562 18962 5315 3171 135972 4484020 67322 51856 1035 57817 42975 78155 55161 50821 404785 6059 5782 228527 135699 65799
is_linear=0
shrinkage=0.05


Tree=75
num_leaves=31
num_cat=0
split_feature=2 0 2 3 3 3 1 3 1 2 0 0 2 3 3 3 3 2 1 0 0 1 0 3 3 1 2 3 0 2
split_gain=2457.25 49.3616 75.2909 66.5257 220.125 148.47 102.408 100.33 77.7944 63.0784 60.9751 56.5341 43.4071 34.6949 29.6925 28.1813 81.1618 33.028 26.116 23.4837 19.7747 23.8818 18.4662 17.4776 13.6459 10.4292 17.338 14.5616 180.875 9.72892
threshold=4.0243510107184699 0.19145279672441137 4.566816998076491 7.9810273183704767 7.9584020480681064 7.9942274713266626 1.5000000000000002 7.8549435851211564 1.5000000000000002 7.3372464290984665 0.66578999664304883 0.89887061752760189 6.9082676450400085 4.0625958602076713 8.4580160548255012 7.9584020480681064 8.1727008602802069 5.676703105257821 1.5000000000000002 0.65404583389057924 0.14402769709617944 1.5000000000000002 0.93084674728448336 8.3242998889234094 7.3079129921864023 1.0000000180025095e-35 3.9787572410709404 4.0639712580105192 0.94357083815770149 4.0114993236992254
decision_type=2 2 2 2 2 2 2 2 2 2 2 2 2 2 2 2 2 2 2 2 2 2 2 2 2 2 2 2 2 2
left_child=13 2 -2 4 7 8 12 9 19 -3 14 -10 -6 -1 -7 20 17 -17 -9 -5 24 -22 -8 -18 -4 26 -15 28 -28 -29
right_child=1 3 15 5 6 10 22 18 11 -11 -12 -13 -14 25 -16 16 23 -19 -20 -21 21 -23 -24 -25 -26 -27 27 29 -30 -31
leaf_value=0.049508418963210808 0.040605663723267321 -0.00046511455516119325 -0.024117502786587929 -0.018006074423600426 0.015836031780256374 -0.0001569995110663983 -0.012331844926169674 -0.013591192163062683 0.033507882219188205 -0.023143713412311501 0.021925789429988941 -0.16109749771958395 0.043668384965366951 0.045899062833933628 -0.0098286619181528635 0.051097497494289879 -0.029186164582143098 0.0069322196414612694 0.01102778749916994 -0.037904773100805561 -0.0089163083274308788 0.015488442299171491 0.026971785539350986 -0.0096334319787604039 -0.011773808795077948 0.045472305221927231 -1.6552097305909852 -0.0079853721296625508 0.022891708007710676 0.024330702829820978
leaf_weight=2404.4704140903777 82.830831526312977 45600.654380336811 356.24708686769009 1717.7126381546259 207.86454223096371 3260.4817118048668 174.72378135100007 1849.7189731635153 94.710384599864483 308.68688125908375 271.34661416709423 3.8850792795419684 429.63750587031245 48.356511065678205 1048.8475253134966 44.920884445309639 134.13324294984341 734.25946955382824 114.38405431807041 162.27927193790674 1826.0848629623652 106.06661042571068 36.051181573420763 772.5476658642292 602.67549648880959 63.291384678799659 0.17592385411262457 37.261582115199417 1.8406953676603732 62.112521746661514
leaf_count=4255493 818 937846 1522 9144 865 14232 1698 7936 763 1668 1494 34 1887 69900 6191 204 590 3405 794 677 8082 558 618 4327 2598 92828 120 18337 1885 45457
internal_value=0.000374109 -0.00169668 -0.00663875 -0.0012801 -0.000643679 -0.00600737 0.024604 -0.00109105 -0.0174532 -0.000617602 -0.00106342 0.0258396 0.0345933 0.0477949 -0.00251099 -0.00749376 -0.0023559 0.00947841 -0.0121574 -0.0197237 -0.0104898 -0.00757659 -0.00560931 -0.012526 -0.0163596 0.0284557 0.0212636 0.00951408 -0.123501 0.0122134
internal_weight=62558.3 59940.8 4659.77 55281 48721.7 6559.26 848.277 47873.4 1978.59 45909.3 4580.68 98.5955 637.502 2617.51 4309.33 4576.94 1685.86 779.18 1964.1 1879.99 2891.07 1932.15 210.775 906.681 958.923 213.039 149.747 101.391 2.01662 99.3741
internal_count=5491971 1007951 22104 985847 953312 32535 5068 948244 10618 939514 21917 797 2752 4484020 20423 21286 8526 3609 8730 9821 12760 8640 2316 4917 4120 228527 135699 65799 2005 63794
is_linear=0
shrinkage=0.05


Tree=76
num_leaves=31
num_cat=0
split_feature=2 0 2 3 2 3 2 3 3 1 2 3 3 0 3 1 1 0 3 0 2 0 3 3 1 2 2 0 3 0
split_gain=2329.35 47.3367 290.523 290.619 107.638 79.9954 210.925 130.61 76.6167 67.1996 58.9797 56.7973 42.4325 36.9957 35.4999 32.0365 25.5662 22.3941 35.9336 19.5686 23.9658 19.1628 19.6619 13.5998 10.2939 16.7799 12.434 26.1412 8.81582 11.4886
threshold=4.0243510107184699 0.81577353924098361 4.2361428001878414 7.2227849702893554 4.2047331123241749 5.0591714496897406 4.3004826673323846 5.0394170871300483 4.6348260661835381 1.0000000180025095e-35 4.7001851868954612 4.5436670406715125 4.3159536012153072 0.48781481660207754 4.0625958602076713 1.0000000180025095e-35 1.5000000000000002 0.99955128939493143 4.2047672406880237 0.62347203858067124 4.1097330857824828 0.51692778477187551 4.8194344318813727 5.2095134744993077 1.0000000180025095e-35 3.9787572410709404 4.0114993236992254 0.75693732271664571 8.1727008602802069 0.99999915540540552
decision_type=2 2 2 2 2 2 2 2 2 2 2 2 2 2 2 2 2 2 2 2 2 2 2 2 2 2 2 2 2 2
left_child=14 4 16 8 15 7 9 11 12 -7 -8 -6 -4 -9 -1 21 17 18 -3 -17 -21 -2 -23 -10 25 -16 27 -27 29 -5
right_child=1 2 3 28 5 6 10 13 23 -11 -12 -13 -14 -15 24 19 -18 -19 -20 20 -22 22 -24 -25 -26 26 -28 -29 -30 -31
leaf_value=0.049480693822439574 0.01904585517496437 -0.025011873476800568 0.060104476153629044 -0.0094923983242255882 -0.024445584969888842 0.011911352640373921 0.0014555231856975799 -0.044881921883592746 0.049672270744366739 0.044776152317971607 -0.0029728991576229262 -0.003271194017262437 0.012593266180429061 -0.020421570485738574 0.045703504326835058 0.039112144458756805 0.050255702590300801 -0.0040480525960082774 -0.0062935048087743506 0.039896415532897231 0.00010066426989208998 0.0038909804385014188 -0.096182763967733773 0.034963839208174717 0.045246632492714538 0.042801123436232949 0.023321015043895492 -0.042702944454115682 0.018486315189776545 0.0054816870164111024
leaf_weight=2288.4527694246499 268.47603780019563 413.0355428790208 53.205747584812343 603.16915515251458 346.90372718498111 336.92578327096999 9288.191418254748 232.63385952543467 450.60720929247327 288.92022096854635 39466.982801177073 3637.1985865104944 402.5486051235348 460.75306329503655 46.190058525302447 153.84066581254592 19.039898380462546 1558.9672922745813 676.05438989493996 58.852835865458474 105.91876255546231 629.77587572461925 4.9467828050255767 241.32870839146199 60.49742744298419 13.774922842974773 61.644371256115846 25.46286449523177 37.5975759960711 162.63086783513427
leaf_count=4255493 14842 34362 396 4666 1520 5109 47996 1169 95241 3694 309566 17442 4919 2002 69900 22994 15466 8245 9249 51344 3817 42919 56 309544 92828 11776 46798 7225 277 1116
internal_value=0.000359081 -0.00161302 0.00325005 0.0179125 -0.00201929 -0.00235099 -0.00175902 -0.00860047 0.0340578 0.0270833 -0.00212925 -0.00511489 0.0181398 -0.0286281 0.0476848 0.0126564 -0.00747609 -0.00789119 -0.0133924 0.0262881 0.0143148 0.00784767 0.00311104 0.0445424 0.0278856 0.0207442 0.00931634 -0.0126857 -0.00515186 -0.00631239
internal_weight=62394.5 59898.5 4618.18 1951.09 55280.3 54058.5 49381 4677.49 1147.69 625.846 48755.2 3984.1 455.754 693.387 2496.02 1221.81 2667.1 2648.06 1089.09 318.612 164.772 903.199 634.723 691.936 207.57 147.072 100.882 39.2378 803.398 765.8
internal_count=5491971 1007951 483481 416159 524470 388498 366365 22133 410100 8803 357562 18962 5315 3171 4484020 135972 67322 51856 43611 78155 55161 57817 42975 404785 228527 135699 65799 19001 6059 5782
is_linear=0
shrinkage=0.05


Tree=77
num_leaves=31
num_cat=0
split_feature=2 1 0 2 2 0 3 3 2 1 2 0 2 3 0 3 3 3 1 2 2 0 3 2 3 0 2 0 0 0
split_gain=2207.58 44.7528 196.924 63.1476 37.3141 58.9007 66.3287 36.3529 32.2532 32.0435 52.7259 28.9719 172.881 76.3699 22.386 20.0346 18.0382 14.9723 10.202 16.3487 11.4296 23.3583 9.40956 10.2281 8.16563 7.22303 6.67391 4.91599 4.69539 3.95911
threshold=4.0243510107184699 1.0000000180025095e-35 0.97063413058281178 4.0880286038569347 5.0937916101349279 0.38448516112627812 6.0717185978016612 4.0625958602076713 4.7881671074430008 1.5000000000000002 4.3694757063636134 0.52711662496787948 4.3004826673323846 8.3242998889234094 0.28230039401158186 6.6746245191423315 6.7761076281080266 8.6879410503086998 1.0000000180025095e-35 3.9787572410709404 4.0114993236992254 0.75693732271664571 4.3382053465969248 6.5729417446171423 4.2756239070213153 0.99999915540540552 4.0077890268154421 0.66578999664304883 0.95585909713935002 0.86374570164169173
decision_type=2 2 2 2 2 2 2 2 2 2 2 2 2 2 2 2 2 2 2 2 2 2 2 2 2 2 2 2 2 2
left_child=7 2 4 29 8 17 -7 -1 14 11 -11 12 -5 -13 -2 -12 -10 -6 19 -9 21 -21 24 -24 25 -4 -20 -28 -22 -3
right_child=1 3 22 9 5 6 -8 18 16 10 15 13 -14 -15 -16 -17 -18 -19 26 20 28 -23 23 -25 -26 -27 27 -29 -30 -31
leaf_value=0.049451718974830382 0.0087721828180719295 0.044006409297985667 0.035473368316373072 0.024731325318544731 -0.0014853061719589376 0.0013048242301565488 0.020276859355598253 0.045499796171392812 -0.0057180614552206537 0.048004060349943284 -0.0036921662804998861 -0.0052766688628867707 -0.0023340174487285633 0.015398053755762224 -0.00064112828463403144 0.0069861161368375618 -0.035070346785253205 -0.032140445327584248 -0.073667659908613251 0.04248188578240028 0.023442593999341368 -0.038925007506609453 0.050032853288183313 0.0044495369026285618 -0.21984513061069222 -0.028727788631141601 -0.21422938154074889 0.048271435052111962 -0.23616172180962153 0.023736296526633574
leaf_weight=2178.087496269145 691.77560652513057 66.107093256607186 15.371580073027877 602.05894059734419 1620.8567765839398 926.06839904957451 916.7603151446674 44.129161311779171 2429.1382554111769 65.78872874204535 766.17990064527839 13133.610791872139 29482.743538483977 462.39159244298935 7258.7690488359658 1029.4388885237277 53.49445715546608 40.834484562277794 1.1608125569764514 13.199121388548518 60.053550736629404 26.508989724796265 219.36512815376045 13.03752388153225 0.36962400563061137 6.1273331821430466 0.17892161011695762 56.49953306268435 0.17468254419509222 37.900061561376788
leaf_count=4255493 9313 65861 1077 9145 10473 11272 167836 69900 18058 11777 6441 74899 127568 2238 104278 7300 249 240 23 11776 46676 7225 347181 637 31 76 1 92804 122 32001
internal_value=0.00034538 -0.00153293 0.000919357 -0.00229538 0.000123838 0.00458764 0.0107429 0.0475703 -0.00137556 -0.00238426 0.00404051 -0.00265804 -0.00179238 -0.00457353 0.000177922 0.00242976 -0.00635053 -0.00223863 0.027274 0.0201525 0.00895989 -0.0118651 0.0445252 0.0474757 0.0131695 0.0171756 0.0450121 0.0474428 0.0226897 0.03662
internal_weight=62218.2 59838.2 14192 45646.2 13937.7 3504.52 1842.83 2379.99 10433.2 45542.2 1861.41 43680.8 30084.8 13596 7950.54 1795.62 2482.63 1661.69 201.905 144.066 99.9363 39.7081 254.271 232.403 21.8685 21.4989 57.8393 56.6785 60.2282 104.007
internal_count=5491971 1007951 670721 337230 321719 189821 179108 4484020 131898 239368 25518 213850 136713 77137 113591 13741 18307 10713 228527 135699 65799 19001 349002 347818 1184 1153 92828 92805 46798 97862
is_linear=0
shrinkage=0.05


Tree=78
num_leaves=31
num_cat=0
split_feature=3 2 0 2 3 3 3 2 2 0 2 3 0 1 0 0 3 2 1 3 2 0 3 2 3 2 0 2 0 3
split_gain=2093.6 70.9923 48.6401 260.998 267.96 75.5552 55.6051 345.614 85.2032 73.9818 61.6331 79.6216 76.7738 32.7242 37.3738 25.705 50.7653 23.6087 14.773 13.4691 8.32106 10.5503 7.9175 2.77961 2.39579 7.68793 66.2589 17.2956 15.6908 7.60789
threshold=4.0772831707010573 4.1382565856210851 0.82260353923321416 4.2361428001878414 7.2227849702893554 4.6348260661835381 5.4424826413705318 4.4524223690016962 4.7001851868954612 0.29289468721693729 4.2361428001878414 4.6348260661835381 0.69071225544838877 1.5000000000000002 0.7100346075935321 0.99955128939493143 4.2047672406880237 4.0359264352066395 1.0000000180025095e-35 4.1004094633539925 4.0761936165177461 0.59974344721633821 7.3159499364080736 4.0176599623566265 4.0353904154716913 4.0070860599017353 0.92235091143278425 3.9858469919515369 0.93621608500462383 4.0639712580105192
decision_type=2 2 2 2 2 2 2 2 2 2 2 2 2 2 2 2 2 2 2 2 2 2 2 2 2 2 2 2 2 2
left_child=24 13 6 15 5 -5 10 9 -9 -8 11 -3 -12 14 20 16 -4 18 -16 -19 23 -22 -6 -2 -1 26 -26 28 -28 -29
right_child=1 2 3 4 22 -7 7 8 -10 -11 12 -13 -14 -15 17 -17 -18 19 -20 -21 21 -23 -24 -25 25 -27 27 29 -30 -31
leaf_value=0.049603803060477777 0.046536202585576177 -0.010435863704034792 -0.033463883337293387 0.017964673142376503 0.0079637130478260165 0.045052190494223279 0.039497365150185121 0.0060989042155621016 -0.0024327337414953212 0.0073665985511210327 -0.0071815579276484579 0.014998773625188297 0.0054722616763430753 0.050070773201685098 0.007823121415844075 -0.0035721954154255275 -0.006362783571901654 0.045910040613057534 0.04183754093979665 -0.0086388146104964727 0.025439265550324761 0.0049161850968084796 -0.0069047924340655646 0.028578659630949899 0.050032275677203919 0.048056992749673871 -0.56217642009615465 -0.21264532086580654 0.050024383930132345 0.050080300336073018
leaf_weight=2020.983055505174 28.325768468901515 489.79332314571366 247.10455326270312 435.53111825929955 103.66187070310116 629.54737816943089 615.00256140297279 3178.3678655643016 36911.108961569262 252.79141540220007 11192.641123120673 827.61031980998814 1342.4737010663375 53.915163214725908 133.81609254755313 1548.996807795018 574.61156722647138 11.729743349016642 41.921750301553402 321.10191375308204 149.77437358093448 107.6145766825648 657.00478950515389 90.07410576561233 14.121411381987857 75.936859270324931 0.57164982671383713 1.1410735030658541 0.12812149446108378 0.36327379615977395
leaf_count=4147839 36365 3657 1216 5220 611 403976 9267 16789 298613 2197 50626 17335 7686 65348 92240 6267 2660 4856 61070 28074 16449 9821 5177 34912 27133 134087 999 991 263 227
internal_value=0.00033177 -0.00139255 -0.00160953 0.00357854 0.0177876 0.0339756 -0.00200675 -0.00108057 -0.00175633 0.0301376 -0.00474517 0.00554251 -0.00582637 0.0122528 0.00994722 -0.00736425 -0.0145126 0.00111162 0.0159372 -0.00671639 0.0219048 0.0168585 -0.00487855 0.0328748 0.0492441 0.0413648 0.0102365 -0.244728 -0.450088 -0.149202
internal_weight=62057.8 59944.5 59006.2 4196.46 1825.75 1065.08 54809.8 40957.3 40089.5 867.794 13852.5 1317.4 12535.1 938.273 884.358 2370.71 821.716 508.569 175.738 332.832 375.789 257.389 760.667 118.4 2113.25 92.2624 16.3255 2.20412 0.699771 1.50435
internal_count=5491971 1180432 831297 425127 414984 409196 406170 326866 315402 11464 79304 20992 58312 349135 283787 10143 3876 186240 153310 32930 97547 26270 5788 71277 4311539 163700 29613 2480 1262 1218
is_linear=0
shrinkage=0.05


Tree=79
num_leaves=31
num_cat=0
split_feature=3 2 0 2 3 3 3 2 2 0 2 3 0 1 0 0 3 2 1 3 2 0 0 2 3 2 0 0 3 1
split_gain=1987.81 64.8342 44.1542 239.6 251.815 75.6054 50.174 317.713 76.9812 70.3302 55.6521 72.4939 69.2377 31.8039 34.8432 23.268 46.2565 21.5508 14.2615 12.5654 8.08774 9.98192 7.84626 2.80246 2.48753 7.58666 48.3222 9.37597 11.0233 0.194069
threshold=4.0772831707010573 4.1382565856210851 0.82260353923321416 4.2361428001878414 7.2227849702893554 4.6348260661835381 5.4424826413705318 4.4524223690016962 4.7001851868954612 0.29289468721693729 4.2361428001878414 4.6348260661835381 0.69071225544838877 1.5000000000000002 0.7100346075935321 0.99955128939493143 4.2047672406880237 4.0359264352066395 1.0000000180025095e-35 4.1004094633539925 4.0761936165177461 0.59974344721633821 0.99999915540540552 4.0176599623566265 4.0353904154716913 4.0070860599017353 0.92235091143278425 0.94312317587993444 4.0639712580105192 1.0000000180025095e-35
decision_type=2 2 2 2 2 2 2 2 2 2 2 2 2 2 2 2 2 2 2 2 2 2 2 2 2 2 2 2 2 2
left_child=24 13 6 15 5 -5 10 9 -9 -8 11 -3 -12 14 20 16 -4 18 -16 -19 23 -22 -6 -2 29 26 -26 28 -28 -1
right_child=1 2 3 4 22 -7 7 8 -10 -11 12 -13 -14 -15 17 -17 -18 19 -20 -21 21 -23 -24 -25 25 -27 27 -29 -30 -31
leaf_value=0.050023202915109838 0.046365633703513348 -0.0098859830877172337 -0.031961079273518871 0.017271801426699467 -0.0072954253055336387 0.044699802042341988 0.038507882315783448 0.0058060582356776816 -0.0023110858112983766 0.0070239923061452443 -0.006817681705842113 0.014413135615155809 0.0052060251572767086 0.05006740178573587 0.0074909516395936879 -0.0033947462429168782 -0.006044413191075234 0.045703425453482285 0.041477445886661815 -0.0081502917568383234 0.024786157934430439 0.0046927454120622072 0.0051057860012922746 0.027950666331643254 0.050030702290628164 0.047958354444161272 -0.25432187742066897 0.050029727932760594 0.050076375836176537 0.049010454238050082
leaf_weight=1083.982491450035 27.040960767772049 491.14904779428616 245.8203597846441 430.48401136300527 596.78618817776442 603.44688503991347 599.65935662854463 3171.9136226642877 36911.285247234162 251.88927471218631 11200.31591144111 818.41556664230302 1340.620141451247 51.289055344823282 132.78922177344793 1548.4791069692001 574.63290674635209 11.206862706225364 40.214758714428172 323.27362604672089 146.1287528751418 107.11468113830779 162.21829511225224 87.557618587568868 13.433113780658461 72.378250709269196 2.1339158426853828 0.39626842315192323 0.34558312071021635 839.28867182563408
leaf_count=2338158 36365 3657 1216 5220 4670 403976 9267 16789 298613 2197 50626 17335 7686 65348 92240 6267 2660 4856 61070 28074 16449 9821 1118 34912 27133 134087 1583 670 227 1809681
internal_value=0.000319268 -0.00132341 -0.0015297 0.00343522 0.0172252 0.03328 -0.00190687 -0.00102671 -0.00166875 0.0291949 -0.00450817 0.00529981 -0.00553235 0.0117997 0.00955739 -0.00700176 -0.0138094 0.00106435 0.0153911 -0.00634591 0.0212746 0.0162872 -0.00464498 0.0322959 0.0492037 0.0410165 0.010209 -0.175804 -0.211896 0.0495813
internal_weight=61885.7 59873.7 58947.1 4161.87 1792.94 1033.93 54785.2 40934.7 40083.2 851.549 13850.5 1309.56 12540.9 926.616 875.326 2368.93 820.453 507.484 173.004 334.48 367.842 253.243 759.004 114.599 2011.96 88.6871 16.3089 2.87577 2.4795 1923.27
internal_count=5491971 1180432 831297 425127 414984 409196 406170 326866 315402 11464 79304 20992 58312 349135 283787 10143 3876 186240 153310 32930 97547 26270 5788 71277 4311539 163700 29613 2480 1810 4147839
is_linear=0
shrinkage=0.05


Tree=80
num_leaves=31
num_cat=0
split_feature=3 2 3 3 2 3 0 2 1 0 1 0 2 1 2 3 2 0 3 0 0 2 3 2 0 3 0 2 2 3
split_gain=1887.34 59.189 41.9727 39.0372 200.546 160.883 140.051 128.572 66.4703 51.2958 30.8847 32.4514 19.6675 13.7507 13.2581 11.7294 7.84631 9.43091 6.43494 8.77884 5.61075 2.82149 2.58473 5.92037 32.891 7.3064 5.9963 1.77643 2.7613 0.447467
threshold=4.0772831707010573 4.1382565856210851 8.4580160548255012 5.0591714496897406 4.3004826673323846 5.0394170871300483 0.98019423795166827 4.566816998076491 1.0000000180025095e-35 0.43543679404407926 1.5000000000000002 0.7100346075935321 4.0359264352066395 1.0000000180025095e-35 6.3155342981366367 4.1004094633539925 4.0761936165177461 0.59974344721633821 9.3754234645801322 0.21058625871244899 0.63725582220801125 4.0176599623566265 4.0279376260590949 4.0070860599017353 0.92235091143278425 4.0353904154716913 0.94312317587993444 6.2840127217011625 6.233413750140044 4.0290057169568154
decision_type=2 2 2 2 2 2 2 2 2 2 2 2 2 2 2 2 2 2 2 2 2 2 2 2 2 2 2 2 2 2
left_child=22 10 3 5 8 7 -6 -3 -5 -7 11 16 13 -13 27 -14 21 -18 20 -20 -16 -2 -1 24 -24 -26 -27 28 -4 -25
right_child=1 2 14 4 6 9 -8 -9 -10 -11 -12 12 15 -15 18 -17 17 -19 19 -21 -22 -23 23 29 25 26 -28 -29 -30 -31
leaf_value=0.049607463037515849 0.046187858385047284 -0.0037632497623518247 0.022705527054565015 0.012215890461225573 -0.0013387743424384064 -0.092152752394539114 0.027253252415372461 0.026281522919773915 0.043252940114983728 -0.024325892292183831 0.050064187608623273 0.0071704837823882515 0.045488802432746105 0.041105661546531315 -0.0092356089382901446 -0.0076924424753261793 0.024134611760664587 0.0044784952276942088 -0.032801229984890587 0.0013016459122408199 -0.047941457478821843 0.027319180968472457 0.050027999029692155 0.034463565870853315 0.050022069205270629 -0.16127348281593162 0.050028272970247256 0.039226624696274338 -0.005679870604274476 0.048171190984227404
leaf_weight=1808.9019661513157 25.818698130897246 7129.5831972314045 24.339245229959488 392.14884431567043 47971.91422619886 29.055635632714257 432.14759812003467 374.799426198937 307.99450104963034 686.14044684928376 48.790711677400395 131.81324611103628 10.709342142567037 38.590806276712101 1420.1279832422733 325.33439756778535 142.65943181759212 106.63955427205656 66.259217277169228 26.385854557156563 9.4249812364578229 85.163950648216996 15.391328207362678 6.4273464618017888 0.6063875496329264 3.0717519681784329 0.37695285258814681 7.5953624695539466 13.221963018178938 80.765061689715367
leaf_count=4099994 36365 43493 116 8430 428773 508 324712 6043 6173 3691 65348 92240 4856 61070 8576 28074 16449 9821 466 179 38 34912 33055 14564 1375 1810 670 37 62 160071
internal_value=0.00030711 -0.00125764 -0.00145376 -0.00123304 -0.000699207 -0.0044222 -0.00108351 -0.00226269 0.0258692 -0.0270814 0.0113579 0.00917903 0.00101887 0.0148557 -0.00952634 -0.00599762 0.0206498 0.0157266 -0.0103184 -0.0230885 -0.00949079 0.0317087 0.0491615 0.041597 0.0166507 -0.110035 -0.138178 0.0171731 0.0127136 0.0471607
internal_weight=61722.2 59806.7 58891.1 57323.8 49104.2 8219.58 48404.1 7504.38 700.143 715.196 915.52 866.729 506.448 170.404 1567.35 336.044 360.282 249.299 1522.2 92.6451 1429.55 110.983 1915.54 106.639 19.4464 4.05509 3.4487 45.1566 37.5612 87.1924
internal_count=5491971 1180432 831297 821823 768088 53735 753485 49536 14603 4199 349135 283787 186240 153310 9474 32930 97547 26270 9259 645 8614 71277 4311539 211545 36910 3855 2480 215 178 174635
is_linear=0
shrinkage=0.05


Tree=81
num_leaves=31
num_cat=0
split_feature=3 2 0 3 3 3 3 1 0 0 3 3 1 0 2 2 2 3 1 0 3 2 0 0 3 2 0 3 3 1
split_gain=1791.96 54.0142 40.0313 39.958 152.637 95.2554 86.4181 75.2166 68.8027 54.8312 30.5974 64.2686 29.9688 30.194 22.4456 17.9443 17.0525 14.9188 13.2418 11.0721 10.1244 7.598 8.89797 2.90647 2.68709 5.92146 28.3273 5.40478 4.59601 0.472174
threshold=4.0772831707010573 4.1382565856210851 0.14402769709617944 7.9810273183704767 7.9584020480681064 7.9942274713266626 7.8947653466217966 1.5000000000000002 0.17018869910310372 0.66578999664304883 7.9584020480681064 8.1727008602802069 1.5000000000000002 0.7100346075935321 5.676703105257821 4.0359264352066395 4.6569856547695219 7.3079129921864023 1.0000000180025095e-35 0.95335344749112871 8.3242998889234094 4.0761936165177461 0.59974344721633821 0.64105069103532075 4.0279376260590949 4.0070860599017353 0.92235091143278425 4.0353904154716913 4.0639712580105192 1.0000000180025095e-35
decision_type=2 2 2 2 2 2 2 2 2 2 2 2 2 2 2 2 2 2 2 2 2 2 2 2 2 2 2 2 2 2
left_child=24 12 10 4 6 8 -4 -6 -5 -7 16 14 13 21 -12 18 29 -18 -15 -17 -13 23 -23 -2 -1 26 -26 -28 -29 -3
right_child=1 2 3 5 7 9 -8 -9 -10 -11 11 20 -14 15 -16 19 17 -19 -20 -21 -22 22 -24 -25 25 -27 27 28 -30 -31
leaf_value=0.049585326798194405 0.038808720253163925 0.045725182250909317 -0.0006949060306560039 0.02309107023960116 0.026173617053423984 -0.0021304563833329437 -0.013698857984573921 -0.0069672275811293975 -0.015650146315123636 0.021090310741723056 0.048723344715846426 -0.031342273093412004 0.050061125336821249 0.0068615076557313115 0.010593052299413196 -0.0083225838907949427 -0.023687490215609869 -0.010686656105616548 0.040722060343641529 0.025246592370939031 -0.010327952062318796 0.023485386222995258 0.0042731399965765691 0.022333296563841261 0.050026633642050178 0.047021157307342569 0.050020990541994437 -0.13150553250681815 0.050085360467871765 0.069878013889911716
leaf_weight=1721.4298941272136 57.314864165557083 4.1977979000657779 47576.133282000199 121.47569918632507 768.93188039958477 4865.7796042710543 1312.8527598306537 220.24917353689671 2025.8579416647553 268.23727270588279 45.258262231945992 67.568967491388321 46.413928504334763 130.88566663971869 262.14577478170395 310.85512977757026 349.03748279809952 599.96777515113354 37.04586869047489 26.670845413580537 377.73769387602806 139.35806252772454 106.18797480408102 50.228237987612374 14.641073351405796 83.180640342907282 0.57682579822721791 3.5735610769188502 0.38609040330629785 3.906712893396616
leaf_count=4099994 36208 40 775248 626 3296 23481 5773 2358 11014 1494 204 300 65348 92240 1214 27778 1491 2598 61070 5152 2142 16449 9821 35069 33055 174635 1375 2253 227 18
internal_value=0.000294714 -0.00119492 -0.00138128 -0.00115577 -0.000650672 -0.00461578 -0.00104411 0.0187945 -0.0134585 -0.00091724 -0.00891994 -0.00137764 0.0109277 0.0088121 0.0162069 0.000975131 -0.0148515 -0.0154683 0.0143312 -0.00566999 -0.0135166 0.020031 0.0151769 0.0311138 0.0491173 0.0412467 0.0162008 -0.0929691 -0.113799 0.0573679
internal_weight=61598.1 59774.3 58869.3 57159.5 49878.2 7281.35 48889 989.181 2147.33 5134.02 1709.82 752.711 904.961 858.547 307.404 505.458 957.11 949.005 167.932 337.526 445.307 353.089 245.546 107.543 1823.79 102.358 19.1776 4.53648 3.95965 8.10451
internal_count=5491971 1180432 831297 823290 786675 36615 781021 5654 11640 24975 8007 3860 349135 283787 1418 186240 4147 4089 153310 32930 2442 97547 26270 71277 4311539 211545 36910 3855 2480 58
is_linear=0
shrinkage=0.05


Tree=82
num_leaves=31
num_cat=0
split_feature=3 2 3 0 2 3 3 2 2 1 0 0 2 1 0 2 1 1 0 0 2 3 2 0 0 0 1 0 2 3
split_gain=1701.43 49.2751 37.7962 35.4924 210.651 238.745 52.1946 282.044 50.2339 29.0591 28.1304 21.066 16.8567 15.6098 10.6913 8.39178 10.7834 5.45938 5.37093 4.56745 4.46047 2.79247 5.92073 24.8471 4.40025 4.80969 2.37169 2.10745 1.47009 0.483032
threshold=4.0772831707010573 4.1382565856210851 8.6879410503086998 0.82260353923321416 4.2361428001878414 7.2227849702893554 5.4424826413705318 4.4524223690016962 4.2361428001878414 1.5000000000000002 0.73444193058723151 0.99955128939493143 4.0378564317052099 1.0000000180025095e-35 0.95335344749112871 4.0280564505813681 1.0000000180025095e-35 1.0000000180025095e-35 0.21058625871244899 0.30388953340193608 6.3853889739133587 4.0279376260590949 4.0070860599017353 0.92235091143278425 0.94312317587993444 0.93926014534244684 1.0000000180025095e-35 0.62018023237906184 6.7846930037733459 4.0290057169568154
decision_type=2 2 2 2 2 2 2 2 2 2 2 2 2 2 2 2 2 2 2 2 2 2 2 2 2 2 2 2 2 2
left_child=21 9 3 6 11 -6 8 -8 -3 10 15 -5 13 -12 -14 26 -17 18 28 20 -19 -1 23 -23 25 -25 -2 -21 -4 -24
right_child=1 2 17 4 5 -7 7 -9 -10 -11 12 -13 14 -15 -16 16 -18 19 -20 27 -22 22 29 24 -26 -27 -28 -29 -30 -31
leaf_value=0.049562181754725487 0.045094729724088262 0.0051882953821247068 -0.039811836200719611 -0.012921412663309756 0.032491036440264541 -0.0047107814863379307 0.02818732962345168 -0.0012074185425485877 -0.0051282898612445386 0.050058205758826614 0.0049465877098258705 -0.0030045244495336761 -0.0095279661692007633 0.04196118798905718 0.024145902392146281 0.012409117426048845 0.035846044056172637 0.032604125800610499 -0.057134847640957546 -0.0036678704762828657 -0.014161201319617178 0.050025337545051535 0.033142136311935064 -0.078038669932356017 0.050027585748155218 -0.24058087330759237 -0.089145984139467421 -0.04467597543764034 -0.012284635079624863 0.04798333839117902
leaf_weight=1638.2204636965762 30.34435030492023 1302.5082980248844 6.1617900431156185 818.94882040796801 998.01687110983767 759.43938208371401 833.35647795791738 39294.685340771684 12540.401607089676 44.152805082849227 128.65478408324998 1547.3071309505031 279.37013189960271 36.582354391226545 25.743310760939494 290.74544995976612 59.046026828931645 5.1483688503503791 12.710136130452154 172.18716606497765 530.11588345468044 13.927371654892342 5.924795323284342 3.8928225312847635 0.57492828281829123 0.51537214231211681 0.33263278158847143 3.1910367608070365 22.785720199346542 73.439013618801255
leaf_count=4099994 44638 20992 36 3876 409196 5788 11464 310297 58312 65348 86588 6267 18065 61717 5046 37054 30648 31 73 1121 3690 33055 14564 2436 1086 333 31 13 141 160071
internal_value=0.000282402 -0.00113572 -0.00131281 -0.00116861 0.0033024 0.0164152 -0.00151022 -0.000596965 -0.00415758 0.0105083 0.00845584 -0.00643671 0.000278957 0.0131414 -0.0066868 0.0185644 0.0163654 -0.0124482 -0.0300405 -0.0114169 -0.0137114 0.0490711 0.0408847 0.0157428 -0.0800737 -0.0970419 0.0436391 -0.00441402 -0.0181441 0.0468754
internal_weight=61478.4 59741.9 58847 58094.7 4123.71 1757.46 53971 40128 13842.9 894.972 850.819 2366.26 470.351 165.237 305.113 380.468 349.791 752.3 41.6576 710.642 535.264 1736.49 98.2743 18.9105 4.98312 4.40819 30.677 175.378 28.9475 79.3638
internal_count=5491971 1180432 831297 826192 425127 414984 401065 321761 79304 349135 283787 10143 171416 148305 23111 112371 67702 5105 250 4855 3721 4311539 211545 36910 3855 2769 44669 1134 177 174635
is_linear=0
shrinkage=0.05


Tree=83
num_leaves=31
num_cat=0
split_feature=3 2 0 2 3 3 3 1 3 1 0 1 0 3 3 2 2 2 2 0 1 0 3 2 0 3 3 0 3 2
split_gain=1615.45 44.9422 37.2701 62.9617 46.2805 189.827 125.696 87.9533 77.7099 70.1935 47.9893 28.1542 26.2753 25.0801 82.2739 15.7505 24.6931 13.2428 7.31149 8.55963 5.33066 2.94308 2.90078 5.9161 22.0769 3.72461 3.13968 1.51781 2.27983 0.925171
threshold=4.0772831707010573 4.1382565856210851 0.19145279672441137 4.566816998076491 7.9810273183704767 7.9584020480681064 7.9942274713266626 1.5000000000000002 7.8549435851211564 1.5000000000000002 0.66578999664304883 1.5000000000000002 0.7100346075935321 7.9810273183704767 8.1727008602802069 3.9858469919515369 4.0114993236992254 4.7405572413601371 4.0761936165177461 0.59974344721633821 1.0000000180025095e-35 0.64105069103532075 4.0279376260590949 4.0070860599017353 0.92235091143278425 4.0353904154716913 4.0639712580105192 0.17018869910310372 6.1599406747691683 4.5341594832340997
decision_type=2 2 2 2 2 2 2 2 2 2 2 2 2 2 2 2 2 2 2 2 2 2 2 2 2 2 2 2 2 2
left_child=22 11 3 27 5 8 9 -7 -4 -6 -8 12 18 17 -15 20 -17 -5 21 -20 -14 -2 -1 24 -24 -26 -27 29 -29 -3
right_child=1 2 4 13 6 7 10 -9 -10 -11 -12 -13 15 14 -16 16 -18 -19 19 -21 -22 -23 23 -25 25 26 -28 28 -30 -31
leaf_value=0.049537971279267186 0.038078878357931389 0.041721706174300918 -0.0003403187533297053 0.0041259640045562948 -0.017705393174007697 0.032519377807488731 -0.0015774039908632812 -0.0045870366766413906 -0.010535598622854064 0.025657855203961705 0.020316298159885553 0.050055422118084017 0.041828730268541003 0.01340493417025854 -0.010622946936389268 -0.054721129307221852 0.0012615699590126934 -0.0097315100071417859 0.022401050222558616 0.0032919833501233176 -0.24598385526045569 0.021055271410761019 0.05002410274958622 0.046723218401386164 0.050021169620673538 -0.096381750122618695 0.050088261419615226 0.048603813331191792 0.027250237109670918 0.062528587182228645
leaf_weight=1559.0661823912233 53.879613246128429 13.808659453410655 44899.448558056552 183.37124917656183 1839.6110281124711 631.76850697770715 4277.0662050023675 213.71927177906036 1950.2208912968636 98.311370350420475 265.84875636547804 42.001723508437863 24.373887906491294 594.97419749200344 887.96759462356567 20.582238236092962 458.14993193501141 2882.9951910153031 134.14759901328944 104.0621735022869 0.161948561668395 48.012706712936051 13.248444512573771 75.733563548565144 0.57818530988879402 4.4255247667897493 0.39884433522820462 18.799506754381582 37.301358607131988 8.7139597237110138
leaf_count=4099994 36208 179 762875 941 9821 2752 20423 2316 8730 797 1494 65348 39484 2848 4917 3824 142931 12580 16449 9821 1 35069 33055 174635 1375 2253 227 307 258 59
internal_value=0.00027124 -0.00107922 -0.00124757 -0.0055544 -0.000879664 -0.000340967 -0.00484415 0.0231398 -0.00076472 -0.0155056 -0.000296197 0.010102 0.00811223 -0.00632108 -0.00098267 0.000857191 -0.00114531 -0.00890282 0.0188479 0.0140532 0.039929 0.0300572 0.0490227 0.040511 0.0152861 -0.0699004 -0.0842727 0.0388076 0.0344059 0.0497718
internal_weight=61342.7 59689.3 58803.9 4627.93 54176 47695.2 6480.84 845.488 46849.7 1937.92 4542.91 885.372 843.37 4549.31 1482.94 503.268 478.732 3066.37 340.102 238.21 24.5358 101.892 1653.45 94.3846 18.651 5.40255 4.82437 78.6235 56.1009 22.5226
internal_count=5491971 1180432 831297 22089 809208 776673 32535 5068 771605 10618 21917 349135 283787 21286 7765 186240 146755 13521 97547 26270 39485 71277 4311539 211545 36910 3855 2480 803 565 238
is_linear=0
shrinkage=0.05


Tree=84
num_leaves=31
num_cat=0
split_feature=3 2 0 3 3 3 2 1 0 2 0 3 1 1 1 0 2 3 3 0 3 1 3 2 0 3 3 2 3 2
split_gain=1533.83 40.9634 34.0482 202.496 112.165 68.3722 82.4837 65.1448 60.936 49.9411 43.7518 29.6137 27.389 28.4902 27.2641 24.4207 17.5086 14.1658 7.3857 4.4588 5.66767 4.38978 3.01187 5.90798 19.8289 3.23002 5.0384 3.19202 0.520353 0.979095
threshold=4.0772831707010573 4.1382565856210851 0.92415223574549865 4.2047672406880237 7.3159499364080736 4.6348260661835381 4.2361428001878414 1.0000000180025095e-35 0.99955128939493143 4.2361428001878414 0.7807682914075661 4.2024512923595738 1.5000000000000002 1.0000000180025095e-35 1.5000000000000002 0.60774361845389679 3.9858469919515369 4.6071681687305253 7.9810273183704767 0.3654363882654203 5.0394170871300483 1.0000000180025095e-35 4.0279376260590949 4.0070860599017353 0.92235091143278425 4.0480388055364394 4.050131403752534 3.97085800884757 4.0290057169568154 4.0096190303739698
decision_type=2 2 2 2 2 2 2 2 2 2 2 2 2 2 2 2 2 2 2 2 2 2 2 2 2 2 2 2 2 2
left_child=22 14 5 8 9 12 7 -7 11 -5 -8 -4 13 -3 15 19 21 -18 -6 -2 -21 -17 -1 24 -24 27 -27 -26 29 -25
right_child=1 2 3 4 18 6 10 -9 -10 -11 -12 -13 -14 -15 -16 16 17 -19 -20 20 -22 -23 23 28 25 26 -28 -29 -30 -31
leaf_value=0.04951263889929268 0.050373719626906427 -0.00079245499171539833 0.0098529105742251686 0.010060718663848802 -0.0042816673698534433 0.0050229566300039885 -0.0016295886751343507 0.035320818089823763 -0.0028426386298287978 0.037123594939534488 0.0081313845485803688 -0.03741365822823331 0.046484580571002396 -0.016889447513103034 0.05005276965930805 0.040693981106550488 0.0019668523131118137 -0.13636663857954781 -0.05513551295479388 0.024278000789400851 -0.016792205796487842 -0.20324658605565862 0.050022929070996529 0.0072610599237964302 -0.068724618646717139 -0.28999066996579109 -0.073757577857820666 0.050051173056071124 0.047778318147505751 0.050018796167549708
leaf_weight=1483.7695812028251 15.141314684471579 367.00838267896324 39.558758593630046 235.4832158186473 302.2977086417377 565.87226844253018 52339.089675819501 258.44825002306607 1546.6813662145287 617.46767786995042 1173.7671532128588 204.16035268735141 19.712189492303878 1095.0655580516905 39.955339421256213 32.131418096658308 628.63150061405031 1.8561271764338005 7.312478467822074 149.92236856481759 8.8988204293418658 0.18548734486102958 12.602598705678249 2.3387581336137364 1.2627044715918594 0.29405928333289955 3.2117643486708403 1.0246755440603008 66.809288062213454 3.1315954939636867
leaf_count=4099994 3749 2392 313 1030 2426 10043 375465 8511 6266 389102 28295 903 1137 5358 65348 57243 184584 61 56 37167 982 1 33055 6227 1413 214 874 1354 160071 8337
internal_value=0.000259925 -0.00102585 -0.00118588 0.00404643 0.020295 -0.00146268 -0.00117371 0.0145222 -0.00650428 0.0296521 -0.00141549 -0.0297417 -0.0120595 -0.0128488 0.00970222 0.00777549 0.00339944 0.0015596 -0.00548275 0.0244484 0.0219768 0.0392939 0.048972 0.0401257 0.0148273 -0.0617377 -0.0918946 -0.0155167 0.0465644 0.0317384
internal_weight=61223.1 59648.6 58771.9 2952.96 1162.56 55819 54337.2 824.321 1790.4 852.951 53512.9 243.719 1481.79 1462.07 876.722 836.767 662.805 630.488 309.61 173.963 158.821 32.3169 1574.45 90.6754 18.3958 5.7932 3.50582 2.28738 72.2796 5.47035
internal_count=5491971 1180432 831297 400096 392614 431201 422314 18554 7482 390132 403760 1216 8887 7750 349135 283787 241889 184645 2482 41898 38149 57244 4311539 211545 36910 3855 1088 2767 174635 14564
is_linear=0
shrinkage=0.05


Tree=85
num_leaves=31
num_cat=0
split_feature=3 2 0 2 3 3 3 1 3 1 0 1 3 3 2 0 2 1 2 0 0 2 2 3 2 0 0 2 0 3
split_gain=1456.29 37.6609 33.5421 57.9157 41.8446 171.642 114.832 80.6616 70.2778 64.2238 43.3157 24.0091 22.691 57.9874 19.9191 19.2263 16.9055 16.7372 11.7288 15.6359 9.62462 6.55503 5.42531 3.12568 5.89218 17.9225 2.78842 2.55611 1.47923 2.27128
threshold=4.0772831707010573 4.1213213202479668 0.19145279672441137 4.566816998076491 7.9810273183704767 7.9584020480681064 7.9942274713266626 1.5000000000000002 7.8549435851211564 1.5000000000000002 0.66578999664304883 1.0000000180025095e-35 7.9584020480681064 8.1727008602802069 3.9858469919515369 0.70291489244481387 4.0114993236992254 1.5000000000000002 4.0613265649149151 0.74916527884173567 0.9417204965665662 4.0078730087255332 4.0280564505813681 4.0279376260590949 4.0070860599017353 0.92235091143278425 0.94312317587993444 3.9611729973648138 0.17018869910310372 6.1599406747691683
decision_type=2 2 2 2 2 2 2 2 2 2 2 2 2 2 2 2 2 2 2 2 2 2 2 2 2 2 2 2 2 2
left_child=23 11 3 28 5 8 9 -7 -4 -6 -8 14 17 -14 -2 22 -17 -5 21 -20 -21 -13 -16 -1 25 -25 27 -27 -3 -30
right_child=1 2 4 12 6 7 10 -9 -10 -11 -12 18 13 -15 15 16 -18 -19 19 20 -22 -23 -24 24 -26 26 -28 -29 29 -31
leaf_value=0.049486125687047341 0.041531036184548814 0.048824320380981438 -0.00025411195026155971 -0.0094895230362616774 -0.016902596302730645 0.031164723932383842 -0.0014184711689922249 -0.0043586584837403642 -0.0099589828580793419 0.024896694284586966 0.01948063796941792 -0.081850633646561657 0.0086239462327836348 -0.010069424372657112 0.050047554035970214 -0.048113913999304647 -0.0016496557559563096 0.0080697228096822306 0.039449493100069705 -0.012536339356566208 0.039498896549140586 0.042008581101441345 0.01343968570791731 0.05002181254707621 0.046398690634749898 0.050050082970473746 0.050028953094359709 -0.075508383196847981 0.04789228853655441 0.026309015814541665
leaf_weight=1412.1427218446916 35.303557059727609 21.865085479803383 45028.724678638624 2735.8321655839682 1822.7057171314955 627.62380628287792 4273.0227967724204 214.38563676178455 1946.049734544009 96.775583259761333 263.2020768225193 1.0825838185846794 782.56464439630508 882.90932127833366 10.74707522545941 20.931018046219833 302.462475617358 142.79308331012726 37.437843299238011 45.049287530069705 11.070169594546313 80.474260013375897 173.68285655521322 11.988223293825287 68.99586980251479 0.43994385562837024 0.57459854113403697 5.1545721034344751 18.218713231850415 36.831014841794968
leaf_count=4099994 66463 238 770046 12039 9821 2752 20423 2316 8730 797 1494 18 3609 4917 11420 3666 63961 721 24376 3597 4644 135026 28784 33055 174635 703 1086 2066 316 258
internal_value=0.000249466 -0.000974622 -0.00111341 -0.00520275 -0.000765224 -0.000255093 -0.00454371 0.02212 -0.000656161 -0.0147952 -0.000205857 0.0104055 -0.005931 -0.00128588 0.00521475 0.00269006 -0.00465696 -0.0086185 0.0265051 0.0144234 -0.00227183 0.0403645 0.0155729 0.048919 0.0397294 0.0143867 -0.0548616 -0.0656347 0.037822 0.033452
internal_weight=61111 59611.7 58893.5 4621.01 54272.5 47816.8 6455.71 842.009 46974.8 1919.48 4536.22 718.241 4544.1 1665.47 543.127 507.823 323.393 2878.63 175.114 93.5573 56.1195 81.5568 184.43 1499.3 87.1532 18.1573 6.16911 5.59452 76.9148 55.0497
internal_count=5491971 1180432 838477 22098 816379 783844 32535 5068 778776 10618 21917 341955 21286 8526 174294 107831 67627 12760 167661 32617 8241 135044 40204 4311539 211545 36910 3855 2769 812 574
is_linear=0
shrinkage=0.05


Tree=86
num_leaves=31
num_cat=0
split_feature=3 2 0 3 3 0 2 3 2 1 1 0 0 3 0 2 3 3 3 0 3 3 3 0 0 1 0 3 0 0
split_gain=1382.68 35.535 42.5567 325.492 137.412 137.024 92.5738 125.209 158.265 49.3776 46.8147 40.3261 40.1398 35.9262 33.5435 31.0731 42.5894 98.4865 34.6995 32.5511 65.9474 87.4901 43.4337 31.1536 21.8751 18.0496 16.0018 13.111 7.61532 5.84454
threshold=4.0772831707010573 7.0099275978482467 0.71821806542236111 4.6071681687305253 5.2684764767695773 0.95963639838833881 4.2361428001878414 5.1535516424680443 4.3328061510596445 1.5000000000000002 1.0000000180025095e-35 0.66578999664304883 0.83308403052422852 4.4425335955884924 0.65901134357450697 7.43966328272107 8.4580160548255012 8.3242998889234094 7.9810273183704767 0.64526040572373422 7.9810273183704767 7.9584020480681064 7.9942274713266626 0.8716323002178139 0.42453889481418622 1.0000000180025095e-35 0.3654363882654203 7.3159499364080736 0.28230039401158186 0.63725582220801125
decision_type=2 2 2 2 2 2 2 2 2 2 2 2 2 2 2 2 2 2 2 2 2 2 2 2 2 2 2 2 2 2
left_child=-1 2 6 9 12 -6 10 11 -9 13 26 -8 -5 -4 -12 19 17 18 -17 20 21 -3 -22 25 -19 -21 -2 -25 -18 -30
right_child=1 15 3 4 5 -7 7 8 -10 -11 14 -13 -14 -15 -16 16 28 24 -20 23 22 -23 -24 27 -26 -27 -28 -29 29 -31
leaf_value=0.048863455275716609 0.027155582518103891 -0.0013492327198553807 -0.0019525137514056199 0.027870955560300916 -0.010965118385778651 0.04885882128144952 -0.0108079601474517 0.024084864961822477 -0.00079825130309252247 0.049419127387808695 0.034551045711728991 0.0026521455944615046 0.049707976946236389 -0.014727400069596617 0.0010955163962852353 0.0044677600363975129 -0.018872952562757325 -0.00020756254955188672 -0.010348023774657373 -0.0828640995009884 -0.019044412050571585 0.029936584571219418 -0.0047957424357555874 0.015487893715923998 0.020658875810896121 -0.018191935256521612 0.003965293954557708 -0.0066782330750560052 -0.0067422533143065557 -0.04653856299178008
leaf_weight=1427.7948529102432 81.2633639544365 1394.3210249766707 3205.1673945335206 520.37087107542902 381.82670651574153 127.73754866822856 4103.9377673501149 649.69952558167279 38874.929773119744 43.50717907800572 302.12690403102897 643.73862736672163 353.32731568027521 664.43467200943269 99.629017776431283 684.46597461029887 200.23976416885853 153.101383715868 935.11677530407906 10.93574813660234 772.39982502907515 266.11055791378021 1738.8934936076403 81.558231674367562 699.2516522705555 802.8397102355957 879.06311380042462 366.44669127464294 525.2862593382597 9.3907518088817579
leaf_count=4311539 7345 6340 193835 3786 34688 276474 18499 7783 303023 51235 31537 2814 98002 4715 20938 4738 1425 668 4634 224 4418 1236 8589 1412 3298 4567 78559 2509 3103 38
internal_value=0.000239037 -0.000926389 -0.000423402 0.00381909 0.0246669 0.00403154 -0.00091579 -0.0013108 -0.000389227 -0.00355049 0.0119232 -0.0089829 0.0367019 -0.00414604 0.0262546 -0.00389125 1.17353e-05 0.00315356 -0.0040866 -0.00619479 -0.00406643 0.00366482 -0.00917821 -0.0132317 0.0169108 -0.019061 0.00592767 -0.00264294 -0.010556 -0.00744121
internal_weight=60998.9 59571.1 50930.8 5296.37 1383.26 509.564 45634.4 44272.3 39524.6 3913.11 1362.08 4747.68 873.698 3869.6 401.756 8640.36 3206.85 2471.94 1619.58 5433.51 4171.72 1660.43 2511.29 1261.78 852.353 813.775 960.326 448.005 734.917 534.677
internal_count=5491971 1180432 1133233 662735 412950 311162 470498 332119 310806 249785 138379 21313 101788 198550 52475 47199 17904 13338 9372 29295 20583 7576 13007 8712 3966 4791 85904 3921 4566 3141
is_linear=0
shrinkage=0.05


Tree=87
num_leaves=31
num_cat=0
split_feature=3 0 2 0 2 1 2 2 2 3 0 3 2 1 3 3 1 1 0 0 3 2 0 2 3 3 2 0 2 1
split_gain=1312.68 34.1318 58.9091 37.7288 269.741 47.9538 41.3234 33.1195 35.2901 179.887 48.9791 29.1687 29.3711 22.7525 19.1723 59.1893 20.206 18.9428 22.8334 16.7534 15.3419 34.284 7.30786 5.88986 5.83426 3.40701 6.17206 17.1492 2.74155 4.732
threshold=4.0772831707010573 0.25270326911339452 4.4084610982207808 0.31410302578058374 4.5341594832340997 1.0000000180025095e-35 4.3694757063636134 4.05270600857137 5.676703105257821 6.5236944472770055 0.69071225544838877 6.5236944472770055 5.0199087660326223 1.5000000000000002 7.9584020480681064 8.1727008602802069 1.5000000000000002 1.0000000180025095e-35 0.82750176328793523 0.28230039401158186 7.5289283282427251 4.9275112150820659 0.23997610999563768 4.0078730087255332 7.9584020480681064 4.0279376260590949 4.0070860599017353 0.92235091143278425 4.3694757063636134 1.0000000180025095e-35
decision_type=2 2 2 2 2 2 2 2 2 2 2 2 2 2 2 2 2 2 2 2 2 2 2 2 2 2 2 2 2 2
left_child=25 2 28 4 5 19 -7 17 10 -10 -9 12 13 -4 16 -16 -13 18 -5 -3 21 -6 -14 -19 -22 -1 27 -27 29 -2
right_child=1 3 11 7 20 6 -8 8 9 -11 -12 14 22 -15 15 -17 -18 23 -20 -21 24 -23 -24 -25 -26 26 -28 -29 -30 -31
leaf_value=0.049429661304940378 0.026515837322383957 0.022775617082504866 -0.0011156102128398258 0.02564736673394984 -0.0050155597166461653 0.053345707735942299 0.026393776036611569 -0.0032609576395057818 0.040464480298563088 0.00010837776257610977 0.002138648106055463 -0.0077011147106899941 0.0072213812765863127 0.027947836616123503 0.006382437316253463 -0.0083333040089198316 0.0065212660113578126 -0.073711360184942468 -0.0067862413258929031 -0.0011319931335110878 -0.0081700148003902694 0.0043683592291061737 0.033911212577358074 0.040595675747271354 -0.0023651016994655758 0.050019762431861826 0.046034854797865593 -0.054152966483889599 0.024703189608897631 0.054935301655921344
leaf_weight=1279.9527757073229 28.216896390542388 166.00786982878344 1587.5595470964909 104.18239639213425 1529.1348577067256 231.38155761861708 369.06295366957784 20671.713835627132 280.95913981623016 16080.160604833392 5270.5809854153194 5020.5494243204594 37.051605567336082 70.323303968645632 1219.964150428772 1553.3638490587473 262.80510196462274 1.1457836404442776 113.25675732357195 131.18244732407038 682.8789825886488 2677.8789217472076 83.3238784968853 68.507280410936801 1182.177815720439 10.860382982238663 62.73156602322706 6.209586783865233 43.493145271204412 30.457250016974285
leaf_count=4099994 1632 4172 8130 87876 7573 3504 2127 155773 304181 203483 150952 22091 174 649 5723 8501 1332 18 59623 3712 2813 12510 388 126621 5898 33055 174635 3855 518 458
internal_value=0.000229741 -0.000880394 -0.00355486 -0.000344148 0.00306612 0.0286493 0.0367797 -0.00090222 -0.00101708 0.000801388 -0.00216394 -0.00394724 0.0018487 0.00011719 -0.00522651 -0.00185997 -0.00699366 0.0160229 0.00875379 0.0122226 -0.00071584 0.00095756 0.0256961 0.0387153 -0.00449053 0.0488047 0.0387813 0.0121246 0.0342164 0.0412681
internal_weight=60857.1 59497.3 9937.11 49560.2 6969.71 897.635 600.445 42590.5 42303.4 16361.1 25942.3 9834.94 1778.26 1657.88 8056.68 2773.33 5283.35 287.092 217.439 297.19 6072.07 4207.01 120.375 69.6531 1865.06 1359.75 79.8015 17.07 102.167 58.6741
internal_count=5491971 1180432 49596 1130836 42309 13515 5631 1088527 814389 507664 306725 46988 9341 8779 37647 14224 23423 274138 147499 7884 28794 20083 562 126639 8711 4311539 211545 36910 2608 2090
is_linear=0
shrinkage=0.05


Tree=88
num_leaves=31
num_cat=0
split_feature=3 2 2 3 3 0 3 2 0 2 2 0 2 0 0 1 3 3 2 0 0 2 3 3 0 3 3 2 0 0
split_gain=1246.24 33.2635 35.1672 38.0462 89.0644 33.5318 59.562 175.515 114.229 82.7994 323.946 65.9852 53.4706 32.8084 27.653 26.1493 23.7977 26.8476 26.6899 20.2089 12.5673 39.8046 33.251 8.94472 6.72767 5.68751 3.53126 6.13618 15.6287 3.28967
threshold=4.0772831707010573 7.0948639925422592 7.43966328272107 8.4580160548255012 8.3242998889234094 0.25270326911339452 5.4424826413705318 4.3694757063636134 0.91830335019733844 5.209507762638709 5.2762546331869133 0.69071225544838877 4.4084610982207808 0.58344428527736492 0.31410302578058374 1.5000000000000002 6.5236944472770055 7.9584020480681064 5.0199087660326223 0.44436429482993728 0.64526040572373422 7.3372464290984665 7.9810273183704767 8.3242998889234094 0.28230039401158186 8.576375007177452 4.0279376260590949 4.0070860599017353 0.92235091143278425 0.14402769709617944
decision_type=2 2 2 2 2 2 2 2 2 2 2 2 2 2 2 2 2 2 2 2 2 2 2 2 2 2 2 2 2 2
left_child=26 5 15 4 13 12 9 14 -9 11 -11 -7 -2 -4 -8 20 18 -18 -14 -6 22 -22 -3 -17 29 -26 -1 28 -28 -5
right_child=1 2 3 24 19 6 7 8 -10 10 -12 -13 16 -15 -16 23 17 -19 -20 -21 21 -23 -24 -25 25 -27 27 -29 -30 -31
leaf_value=0.049399234481861502 0.033381273326140812 0.00071201723617302245 -0.01717660556956746 -0.043008609954043826 0.0033320728805807938 -0.0038977526217580313 0.045281935118904881 0.0010984524265809689 0.048177465412770265 -0.10147314087469564 -2.2978435497618266 0.002735074110477818 0.00011190736934929812 -7.595354958619972e-05 -0.010331970266801375 0.018583557659810759 -0.0066472889386895162 -0.00023344263746289176 0.024564976265973808 0.02074681961751252 -0.0074005021910134045 -0.031991301248613976 -0.0099084785690333119 -0.034334986238019241 -0.01739548188939069 -0.0044943738133714798 0.050018798081718621 0.045846352978668903 -0.048719649314469975 -0.01623590008089466
leaf_weight=1218.2599882982322 99.563585959316697 1161.2714758999646 361.0174553617835 12.234060555696486 227.35232469439507 12433.620395347127 264.12880209216382 24199.057953576965 129.53294245630968 12.056795338401567 0.1702516143559486 5368.6819218200108 1657.112193311099 1257.2463075518608 24.418398806359619 122.27397510409355 5280.7601256519556 2361.0710283964872 119.64559753239155 623.32273713871837 805.317899154732 206.82433889061213 2017.086154922843 8.5432270616292936 106.87104335427284 425.80926790833473 10.330909954878736 59.911355370597448 6.5476749826339065 184.6423305273056
leaf_count=4099994 2608 5229 1607 94 988 165493 5415 249356 294223 2343 27 375460 8779 7765 221 825 23423 11393 562 2978 5556 1103 10472 40 509 2632 33055 174635 3855 1331
internal_value=0.000220442 -0.000836233 -0.00394433 3.00605e-05 0.00299439 -0.000386331 0.00021531 0.0018089 0.00134912 -0.00198681 -0.132056 -0.00189748 -0.00306843 -0.00389093 0.0405756 -0.00688605 -0.00345374 -0.00466562 0.00175856 0.0160925 -0.00757326 -0.0124255 -0.00602808 0.0151276 -0.0100017 -0.00708271 0.0487437 0.0383443 0.0117154 -0.0178996
internal_weight=60764.7 59469.6 7519.81 3198.5 2468.94 51949.8 42431.7 24617.1 24328.6 17814.5 12.227 17802.3 9518.15 1618.26 288.547 4321.32 9418.59 7641.83 1776.76 850.675 4190.5 1012.14 3178.36 130.817 729.557 532.68 1295.05 76.7899 16.8786 196.876
internal_count=5491971 1180432 41129 17904 13338 1139303 1092538 549215 543579 543323 2370 540953 46765 9372 5636 23225 44157 34816 9341 3966 22360 6659 15701 865 4566 3141 4311539 211545 36910 1425
is_linear=0
shrinkage=0.05


Tree=89
num_leaves=31
num_cat=0
split_feature=3 1 0 2 2 0 3 2 1 2 0 2 3 3 2 3 3 3 2 0 2 2 0 3 2 0 0 3 3 3
split_gain=1183.12 32.9698 130.459 50.9401 34.2477 47.4094 59.3912 27.5157 23.5345 43.7114 30.2945 130.897 52.2903 23.1748 21.8325 19.647 12.7406 11.0848 10.6985 5.76459 4.92571 4.08916 11.0498 3.65819 6.09498 14.3154 2.6894 2.29166 2.13098 1.14347
threshold=4.0772831707010573 1.0000000180025095e-35 0.97438968303263829 4.0880286038569347 5.0937916101349279 0.38448516112627812 6.0717185978016612 4.8294082094226871 1.5000000000000002 4.3694757063636134 0.52711662496787948 4.2672363075222259 7.9584020480681064 6.1599406747691683 3.9858469919515369 6.6746245191423315 6.9823059413278932 4.1122663335060547 7.1770651455763064 0.99999915540540552 4.0078730087255332 4.0418937251385625 0.86374570164169173 4.0279376260590949 4.0070860599017353 0.92235091143278425 0.65901134357450697 4.0353904154716913 4.0639712580105192 4.3382053465969248
decision_type=2 2 2 2 2 2 2 2 2 2 2 2 2 2 2 2 2 2 2 2 2 2 2 2 2 2 2 2 2 2
left_child=23 2 4 20 7 16 -7 14 10 -10 11 -5 -12 -9 -2 -11 -6 19 29 -4 -3 26 -23 -1 25 -25 -22 -27 -29 -19
right_child=1 3 17 8 5 6 -8 13 9 15 12 -13 -14 -15 -16 -17 -18 18 -20 -21 21 22 -24 24 -26 27 -28 28 -30 -31
leaf_value=0.049367361344179669 0.04101281259135961 -0.066354627846134495 0.050543030219657142 0.032406010086841013 0.004326619178827088 0.0017284684841195712 0.019733629132861814 -0.0086107968444994396 0.047463911113252072 -0.0034435625147515646 -0.0048403158190173171 -0.0012124036543261487 0.0051436855749034827 0.0043747550193510348 0.00043543077378433402 0.0071352306099267742 -0.0046067113017899961 0.033128583549254242 -0.0031205355130312445 -0.046779037447590009 -0.10298065033684232 0.040673933444126134 -0.011995784724771379 0.050017882632549637 0.045649883255678612 0.050022010198002044 0.045363845009089833 -0.061178293970532815 0.05010287254115408 0.050026459138901927
leaf_weight=1159.5743719367019 33.280115864559775 1.2098358944058407 2.1793233561329535 292.40963513578754 662.32033239677548 929.90909171284875 902.51296995824669 1618.6917816184578 56.061526191886514 764.54611930670217 11940.410666827229 29558.872114244848 1473.264776930213 436.16832637786865 8442.3514583830256 1030.428041305393 1004.3452471233904 10.707302224822341 10.501978218555449 5.0411509908735752 0.30728262849151988 31.96871030353941 14.463199479971079 9.8272407193726412 57.228616305685136 0.59134511058800754 53.533609795413213 5.8112483131117187 0.46459905104711641 154.0683439495042
leaf_count=4099994 66463 18 420 7720 5266 11862 173452 13776 11777 6441 70041 128993 7096 2663 164192 7300 5447 211 84 43 222 35641 8712 33055 174635 1375 111559 2253 227 341033
internal_value=0.000212027 -0.000793953 0.00130668 -0.00145419 0.000760317 0.0050459 0.0105965 -0.000663704 -0.00153379 0.00398722 -0.00177 -0.000883093 -0.00374374 -0.00585446 0.00059476 0.00262933 -0.00105667 0.0433088 0.0458098 -0.0174048 0.0339306 0.0351406 0.0242677 0.0486799 0.0378955 0.0113136 0.0445172 -0.0440739 -0.0529402 0.0489284
internal_weight=60663.1 59429.6 14212.1 45217.5 14029.6 3499.09 1832.42 10530.5 45116 1851.04 43265 29851.3 13413.7 2054.86 8475.63 1794.97 1666.67 182.498 175.278 7.22047 101.483 100.273 46.4319 1233.5 73.923 16.6944 53.8409 6.86719 6.27585 164.776
internal_count=5491971 1180432 784912 395520 443121 196027 185314 247094 239368 25518 213850 136713 77137 16439 230655 13741 10713 341791 341328 463 156152 156134 44353 4311539 211545 36910 111781 3855 2480 341244
is_linear=0
shrinkage=0.05


Tree=90
num_leaves=31
num_cat=0
split_feature=3 2 0 3 2 0 2 0 1 2 2 0 3 3 3 0 1 3 3 2 0 2 3 0 0 1 3 2 0 0
split_gain=1123.18 30.9013 30.3842 52.7595 163.091 103.353 60.0005 61.1788 52.5442 49.1834 30.1668 33.8643 66.0321 30.4897 29.525 27.5638 22.8251 21.3475 24.4322 24.2183 10.9572 36.9406 30.6731 8.15651 4.87002 5.22794 3.78631 6.04406 13.1559 3.20525
threshold=4.0772831707010573 7.0948639925422592 0.25270326911339452 5.4424826413705318 4.3694757063636134 0.91830335019733844 5.209507762638709 0.69071225544838877 1.0000000180025095e-35 4.4084610982207808 7.43966328272107 0.40475553788558277 8.3242998889234094 7.9810273183704767 8.4580160548255012 0.29289468721693729 1.5000000000000002 6.5236944472770055 7.9584020480681064 5.0199087660326223 0.64526040572373422 7.3372464290984665 7.9810273183704767 0.3654363882654203 0.17018869910310372 1.0000000180025095e-35 4.0279376260590949 4.0070860599017353 0.92235091143278425 0.64526040572373422
decision_type=2 2 2 2 2 2 2 2 2 2 2 2 2 2 2 2 2 2 2 2 2 2 2 2 2 2 2 2 2 2
left_child=26 2 9 6 15 -6 7 -4 -8 -2 16 24 13 -13 -14 -5 20 19 -19 -11 22 -22 -3 -18 -12 -26 -1 28 -28 -25
right_child=1 10 3 4 5 -7 8 -9 -10 17 11 12 14 -15 -16 -17 23 18 -20 -21 21 -23 -24 29 25 -27 27 -29 -30 -31
leaf_value=0.049333967033380562 0.032549964966764489 0.00078559490749114725 -0.0036637442551630409 0.048754365047649691 0.0010889367987440561 0.04798882773055127 -0.067935747918785067 0.0027267710206378745 -0.35761393896204718 0.0001339172131225286 -0.03068837485456154 0.0041770694926466468 0.017140349176217973 -0.009733644283986596 -0.0037227926996239464 0.012374252599438289 -0.031519811373093364 -0.0062790294278574216 -0.00015871176541954268 0.02349746823735974 -0.0068516107444575539 -0.030730640875712013 -0.0094268734163641624 0.01444311734126918 -0.039218386791427078 -0.0090874309807969459 0.050017012849348598 0.045445172953033089 -0.040005518231178649 0.038276117791193678
leaf_weight=1103.7494098464376 96.980609393271152 1160.0513720698655 12430.144071713847 210.13030980492476 24182.880690703285 118.04175075172679 12.536548268049954 5360.1339699123346 1.7887945026159275 1656.9018096229993 29.650797128677368 681.87841768935323 770.87934491783381 932.72212134301662 217.4022718667984 69.215786976274103 9.0563574731349927 5278.0665070228279 2359.6175677925348 118.87731257081032 800.62411005049944 203.03366146981716 2007.8368612080812 103.50296299904585 14.790288046002386 540.16340988874435 9.3481190185120813 54.676656745548826 7.1721673302527043 16.333560846745968
leaf_count=4099994 2608 5229 165493 4683 249356 294223 2350 375460 20 8779 228 4738 3631 4634 1184 953 41 23423 11393 562 5556 1103 10472 701 85 3404 33055 174635 3855 123
internal_value=0.000203527 -0.000754296 -0.000321041 0.000252052 0.00175342 0.00131675 -0.00182067 -0.00173831 -0.104108 -0.00287513 -0.00375698 -7.07197e-05 0.0023717 -0.00385887 0.0125509 0.0397402 -0.00648924 -0.00324009 -0.00438819 0.00169796 -0.00712954 -0.0116822 -0.00568716 0.0142338 -0.0109453 -0.00989046 0.0486131 0.0374374 0.0109344 0.0176915
internal_weight=60558.2 59383.2 51895.3 42384.9 24580.3 24300.9 17804.6 17790.3 14.3253 9510.44 7487.93 3187.49 2602.88 1614.6 988.282 279.346 4300.44 9413.46 7637.68 1775.78 4171.55 1003.66 3167.89 128.893 584.604 554.954 1174.95 71.1969 16.5203 119.837
internal_count=5491971 1180432 1139303 1092538 549215 543579 543323 540953 2370 46765 41129 17904 14187 9372 4815 5636 23225 44157 34816 9341 22360 6659 15701 865 3717 3489 4311539 211545 36910 824
is_linear=0
shrinkage=0.05


Tree=91
num_leaves=31
num_cat=0
split_feature=3 1 0 2 3 0 2 3 2 3 2 3 2 0 0 2 2 3 2 3 0 2 2 0 3 2 0 0 0 0
split_gain=1066.24 29.6145 118.898 47.2824 30.8898 100.586 97.8837 98.5275 75.6408 42.1858 35.5007 23.1832 128.309 63.8061 50.2169 72.7191 38.1115 10.6804 10.4553 8.95076 5.21276 4.49679 4.09889 10.5831 3.91816 5.99216 12.1473 2.41865 2.03146 1.85757
threshold=4.0772831707010573 1.0000000180025095e-35 0.97438968303263829 4.0880286038569347 6.1599406747691683 0.54628916915766801 5.3967752333733872 5.9734787654269947 6.9354456287757147 6.7761076281080266 5.0937916101349279 4.6348260661835381 4.2361428001878414 0.7807682914075661 0.89349004887410088 4.2361428001878414 4.2047331123241749 4.1122663335060547 7.1770651455763064 5.123487647140692 0.99999915540540552 4.0078730087255332 4.0418937251385625 0.86374570164169173 4.0279376260590949 4.0070860599017353 0.92235091143278425 0.65901134357450697 0.94312317587993444 0.93926014534244684
decision_type=2 2 2 2 2 2 2 2 2 2 2 2 2 2 2 2 2 2 2 2 2 2 2 2 2 2 2 2 2 2
left_child=24 2 4 21 6 9 10 -8 -7 -6 -2 14 19 -14 16 -16 -5 20 -19 -13 -4 -3 27 -24 -1 26 -26 -23 29 -28
right_child=1 3 17 11 5 8 7 -9 -10 -11 -12 12 13 -15 15 -17 -18 18 -20 -21 -22 22 23 -25 25 -27 28 -29 -30 -31
leaf_value=0.049298974295449022 -0.00086961138203582068 -0.060131537308273711 0.05051669405688658 0.0053954076058102176 0.0084321053608621323 0.037285147814832352 -0.088971322696286978 0.0048604640018626724 -0.03221280280942402 -0.0040141360364747509 0.0094445537955972925 0.028740927714081384 -0.0016844882138001766 0.0090206093474762827 -0.0045844622998176664 0.022232312651932849 -0.019118358767984983 0.048810097630169282 -0.0026019283867505967 0.050423636758557079 -0.043387392111953353 -0.090465002005436959 0.04028701539514272 -0.011424791761313951 0.050016182871205773 0.045231958118994886 -0.034023484124503393 0.04513312179478135 0.050032054057433044 -0.10996564688253883
leaf_weight=1050.6456256880483 9873.9095084239962 1.2694660834968079 2.068501323927193 195.08350527106086 1278.9929305044934 337.15359883493511 62.200426676427014 50.846879367018119 44.295627189800143 1455.6888244003057 911.26954389503226 195.83273693965748 39910.603257909883 1442.2420958802104 2122.042677211808 286.98811932327226 846.73939831275493 152.27115941420197 10.575645595788954 62.878661683178507 5.1758854687213898 0.33098967169644211 30.710294894321123 14.596639278344808 8.8923497051291651 52.249108259216882 5.9035952321719369 51.028240839223145 0.62154244689736504 0.93240491964388628
leaf_count=4099994 242801 18 420 9394 10218 158457 605 723 2125 16797 11395 12014 182234 15489 9224 3435 4073 341244 84 3505 43 222 35641 8712 33055 174635 2436 111559 1086 333
internal_value=0.000195127 -0.000716716 0.00127627 -0.00134269 0.000771948 0.00516192 -0.000483275 -0.0467673 0.0292147 0.00180689 1.8609e-06 -0.00141812 -0.00109152 -0.00131113 -0.00535628 -0.00138978 -0.0145281 0.0428287 0.0454713 0.0340108 -0.0165748 0.0333612 0.034589 0.0236269 0.048543 0.0369655 0.0105484 0.0442592 -0.0365129 -0.0443817
internal_weight=60464 59344.8 14184.4 45160.3 14014.4 3116.13 10898.2 113.047 381.449 2734.68 10785.2 45062.4 41611.6 41352.8 3450.85 2409.03 1041.82 170.091 162.847 258.711 7.24439 97.9356 96.6662 45.3069 1119.24 68.599 16.3499 51.3592 7.45754 6.836
internal_count=5491971 1180432 784912 395520 443121 187597 255524 1328 160582 27015 254196 239368 213242 197723 26126 12659 13467 341791 341328 15519 463 156152 156134 44353 4311539 211545 36910 111781 3855 2769
is_linear=0
shrinkage=0.05


Tree=92
num_leaves=31
num_cat=0
split_feature=3 2 2 0 3 0 0 3 2 0 0 3 2 2 0 3 1 3 3 2 0 2 3 3 0 1 3 2 0 0
split_gain=1012.13 28.277 27.6043 30.4954 60.0361 27.9346 26.9042 46.9692 152.331 93.3509 51.5551 248.852 126.447 45.3264 26.911 26.5976 20.8384 18.6397 22.2018 22.0009 11.1474 33.5088 27.9221 7.47667 4.57095 4.84595 4.05105 5.93105 11.2419 3.03201
threshold=4.0772831707010573 7.0948639925422592 7.43966328272107 0.40475553788558277 8.3242998889234094 0.58344428527736492 0.25270326911339452 5.4424826413705318 4.3694757063636134 0.91830335019733844 0.69071225544838877 4.6348260661835381 4.2361428001878414 4.4084610982207808 0.29289468721693729 8.4580160548255012 1.5000000000000002 6.5236944472770055 7.9584020480681064 5.0199087660326223 0.64526040572373422 7.3372464290984665 7.9810273183704767 8.3242998889234094 0.17018869910310372 1.0000000180025095e-35 4.0279376260590949 4.0070860599017353 0.92235091143278425 0.64526040572373422
decision_type=2 2 2 2 2 2 2 2 2 2 2 2 2 2 2 2 2 2 2 2 2 2 2 2 2 2 2 2 2 2
left_child=26 6 16 24 5 -5 13 10 14 -10 12 -12 -8 -2 -9 -6 20 19 -19 -15 22 -22 -3 29 -4 -26 -1 28 -28 -18
right_child=1 2 3 4 15 -7 7 8 9 -11 11 -13 -14 17 -16 -17 23 18 -20 -21 21 -23 -24 -25 25 -27 27 -29 -30 -31
leaf_value=0.049262300204450694 0.031758241445302281 0.00084109050454900768 -0.029741046942566074 -0.015965313958113913 0.016363076236975457 -0.00013749558800784807 0.011827677439250598 0.048120135843110819 0.0010680315265361906 0.047777586840818877 -0.0035125175360647791 0.02200119372377899 -0.0051147196857769528 0.00011338063957148925 0.011908153256057643 -0.0034619567753688693 0.013844535285410103 -0.00589250689286221 -5.6545427136180485e-05 0.022454959202482316 -0.0068138104666498672 -0.029694303572812938 -0.0089116528319579027 -0.031239164370211847 -0.03793958604359865 -0.008602971870934048 0.050015394205442598 0.045009973775881437 -0.033400615528109891 0.037301856854105891
leaf_weight=1000.1305931151874 94.644997730327304 1159.9847827591002 28.991428270936012 358.49130270630121 769.44464778155088 1253.5059173293412 1221.2736051957763 202.59541445656214 24166.426435279078 107.44192124297842 4112.0958933089278 1245.1135033007595 11209.181870243512 1655.4879968105815 68.704398813657463 216.8653666228056 103.15437349677086 5275.7606869488955 2358.1057035326958 118.05034276843071 801.04609050811268 199.96276852488518 1997.9576674252748 8.6223768740892393 14.45565517246723 536.8673968911171 8.4587948615662771 49.939908704691334 7.7302068518183651 15.89893366396427
leaf_count=4099994 2608 5229 228 1607 3631 7765 114867 4683 249356 294223 272313 105517 50626 8779 953 1184 702 23423 11393 562 5556 1103 10472 40 85 3404 33055 174635 3855 123
internal_value=0.000187521 -0.00068063 -0.00355768 -2.68692e-05 0.00228761 -0.00365744 -0.000266277 0.000273406 0.0016912 0.00127478 -0.00168301 0.00241734 -0.00345015 -0.00267064 0.0389498 0.012004 -0.00617585 -0.00301701 -0.00408978 0.00160048 -0.00678666 -0.0113844 -0.00532925 0.0137209 -0.0103898 -0.00937218 0.0484698 0.0364843 0.0101845 0.0169771
internal_weight=60366.4 59300.1 7465.25 3178.62 2598.31 1612 51834.9 42332.8 24545.2 24273.9 17787.7 5357.21 12430.5 9502.05 271.3 986.31 4286.63 9407.4 7633.87 1773.54 4158.95 1001.01 3157.94 127.676 580.314 551.323 1066.26 66.1289 16.189 119.053
internal_count=5491971 1180432 41129 17904 14187 9372 1139303 1092538 549215 543579 543323 377830 165493 46765 5636 4815 23225 44157 34816 9341 22360 6659 15701 865 3717 3489 4311539 211545 36910 825
is_linear=0
shrinkage=0.05


Tree=93
num_leaves=31
num_cat=0
split_feature=3 2 3 2 3 2 0 2 0 0 1 0 0 2 0 1 0 2 2 2 3 2 2 3 2 0 1 1 3 3
split_gain=960.74 26.4817 28.2688 152.605 144.549 95.4426 84.3618 84.7481 82.6092 60.1579 55.7349 44.9146 41.2557 37.2306 25.6077 21.2952 17.2461 12.0428 11.7952 18.5617 9.66542 6.04434 8.17883 4.18734 5.86854 10.4417 3.05173 2.27126 1.74543 1.62094
threshold=4.0772831707010573 4.1213213202479668 5.0591714496897406 4.3004826673323846 5.0394170871300483 4.566816998076491 0.98019423795166827 7.1770651455763064 0.50735983250806516 0.43543679404407926 1.0000000180025095e-35 0.40475553788558277 0.69071225544838877 4.7001851868954612 0.48781481660207754 1.5000000000000002 0.7100346075935321 4.1382565856210851 3.9858469919515369 4.0114993236992254 5.4424826413705318 4.0280564505813681 4.0359264352066395 4.0279376260590949 4.0070860599017353 0.92235091143278425 1.0000000180025095e-35 1.0000000180025095e-35 4.0353904154716913 4.0639712580105192
decision_type=2 2 2 2 2 2 2 2 2 2 2 2 2 2 2 2 2 2 2 2 2 2 2 2 2 2 2 2 2 2
left_child=23 15 4 10 5 8 13 -8 -3 17 20 -12 -7 -5 -11 16 21 -6 26 -20 -4 27 -23 -1 25 -25 -18 -2 -27 -30
right_child=1 2 3 6 9 12 7 -9 -10 14 11 -13 -14 -15 -16 -17 18 -19 19 -21 -22 22 -24 24 -26 28 -28 -29 29 -31
leaf_value=0.049223866160450602 0.045381806571565 0.018989262834474968 0.0085303120486661839 0.0020489502806991058 -0.25103325066200255 -0.0071914184601739664 0.050570254022099449 0.0021557573212048196 -0.004007674963256604 -0.036158162803630378 0.051315992387999887 0.0017175032260453816 0.033273964397674903 -0.0014727969839289539 -0.01529950373879093 0.050053851201723322 0.040251230195582688 -0.086787101363018621 -0.04440293774775881 0.0020820203570426923 0.033603745783531085 -0.05793541935535506 0.01705240254607188 0.05001464543176079 0.044778948717290414 0.050023319103860653 -0.14432539806068301 -0.085654371385570319 -0.043740556106580987 0.050109323842674226
leaf_weight=952.07804752019001 21.505201992054939 414.29188503092155 343.19079273287207 9237.7322574420832 1.159061884041878 81.967489510774612 160.03710783805582 207.69916388392448 6801.894615578698 215.31741955783218 215.83718749741092 57.886487672687508 272.02485903678462 39998.260534643487 464.71873147564474 30.299480103654787 20.455007286451295 30.061870961566456 22.715690428507514 393.17803471421939 43.283031571656466 3.7029538739006957 201.75776449812111 8.0463719376421086 47.743293916850234 0.61798355780774628 0.22641913592815299 0.33585749054327507 6.8744845414767042 0.49308781279250968
leaf_count=4099994 38571 6343 6422 47996 97 345 323205 1507 43015 1060 6165 461 5698 390251 2631 64058 39484 508 3824 142389 2773 2395 51229 33055 174635 1375 1 4 2253 227
internal_value=0.000179915 -0.000646854 -0.000761968 -0.000316002 -0.00346875 -0.00144393 -0.000633839 0.0232255 -0.00268739 -0.0250196 0.0235646 0.040827 0.0239041 -0.000812041 -0.0219039 0.00906157 0.00719067 -0.0928847 0.00137576 -0.000456941 0.0113384 0.0183593 0.0157009 0.048393 0.0359898 0.0098157 0.0382305 0.0433668 -0.0306894 -0.0374595
internal_weight=60255.4 59239.5 58545.4 50263.9 8281.44 7570.18 49603.7 367.736 7216.19 711.257 660.197 273.724 353.992 49236 680.036 694.176 663.877 31.2209 436.575 415.894 386.474 227.302 205.461 1015.85 63.7752 16.0319 20.6814 21.8411 7.98556 7.36757
internal_count=5491971 1180432 838477 778780 59697 55401 762959 324712 49358 4296 15821 6626 6043 438247 3691 341955 277897 605 185698 146213 9195 92199 53624 4311539 211545 36910 39485 38575 3855 2480
is_linear=0
shrinkage=0.05


Tree=94
num_leaves=31
num_cat=0
split_feature=3 2 2 0 3 3 3 0 0 0 1 0 3 1 2 2 1 3 3 0 3 3 3 2 3 0 3 2 0 3
split_gain=911.898 25.335 34.3365 83.3588 64.0594 71.3839 49.2821 293.886 106.054 47.9071 34.9122 34.5473 29.6506 23.6793 20.0035 15.9967 15.3076 15.9697 269.301 35.2648 15.4338 13.3958 12.7472 9.98306 7.6579 7.61477 4.32413 5.79709 9.71482 4.07774
threshold=4.0772831707010573 6.9354456287757147 5.5245751061938488 0.91830335019733844 5.9734787654269947 7.3159499364080736 5.8019521846187621 0.29289468721693729 0.58808560373301499 0.47638594757386876 1.0000000180025095e-35 0.47638594757386876 7.3009856395488351 1.0000000180025095e-35 6.4739370300385177 5.676703105257821 1.5000000000000002 7.9584020480681064 7.9810273183704767 0.62697070272404276 7.8947653466217966 7.1772097324303674 7.9810273183704767 6.5729417446171423 7.2943637121476916 0.87944742823944022 4.0279376260590949 4.0070860599017353 0.92235091143278425 7.0580313103276202
decision_type=2 2 2 2 2 2 2 2 2 2 2 2 2 2 2 2 2 2 2 2 2 2 2 2 2 2 2 2 2 2
left_child=26 2 6 4 15 -6 7 13 11 -9 -10 -8 21 -2 -5 -4 17 19 -19 -14 -18 29 -22 -16 25 -23 -1 28 -28 -3
right_child=1 12 3 14 5 -7 8 9 10 -11 -12 -13 16 -15 23 -17 20 18 -20 -21 22 24 -24 -25 -26 -27 27 -29 -30 -31
leaf_value=0.049183578788616865 0.020433777594683705 -0.14799439317167734 -0.062185988240903649 0.050019127860972783 0.0061703092142282876 -0.00092114093254619357 -0.0039261642153109585 0.0025729735869330136 -0.077491734567970885 -0.0023193745107524511 -0.018249383735646815 0.0091524563693246002 -0.00080074792475878049 0.041279751966169245 -0.42065201393678447 -0.18235521126008136 0.021770472228076265 0.037709349973902156 -0.0045299623649681982 -0.011141886213735932 -0.0059436090819401308 -0.028470162238794939 0.012785175920070177 -0.056550581633527136 -0.056886804846675389 0.0021580409610616486 0.050013930679071276 0.044538619810696435 -0.028245855549878657 0.05749192055428979
leaf_weight=906.36807377134392 203.68784159838106 0.25195708847604592 23.047229614108804 96.302867950551445 5544.2137944702408 9859.5617578784004 10532.5471084686 7570.6397553181159 62.803651183843613 14758.699996156385 41.171553954482079 530.3537100404501 1690.0154275707901 411.32131592259975 0.31640083971433242 3.1476008156314483 117.1061983704567 406.92552802711725 5192.0020186379552 1609.5946519020945 242.94291551038623 111.91720248898491 145.12332697957754 0.46484756609424949 18.881610017735511 24.788025842281058 7.6540523811854646 45.653780177177396 8.228715897392247 5.7792808065423742
leaf_count=4099994 6629 101 208 293707 143369 59275 51124 57838 447 507413 166 2690 7456 3980 11 82 856 1841 26952 10354 2567 604 1175 56 82 179 33055 174635 3855 1270
internal_value=0.000172839 -0.000614188 -0.000160144 0.001789 0.0014984 0.00163125 -0.00104737 0.000278476 -0.00377156 -0.000660651 -0.0540333 -0.00329918 -0.0029704 0.0343757 0.0479749 -0.0766257 -0.00260546 -0.00308611 -0.00146004 -0.0058453 0.00586122 -0.0242049 0.00106031 -0.204009 -0.0270391 -0.0229165 0.0483128 0.0354869 0.00946826 0.0489077
internal_weight=60171.5 59203.6 49638.3 15527.1 15430 15403.8 34111.2 22944.3 11166.9 22329.3 103.975 11062.9 9565.33 615.009 97.0841 26.1948 9403.71 8898.54 5598.93 3299.61 505.172 161.618 388.066 0.781248 155.587 136.705 967.905 61.5365 15.8828 6.03124
internal_count=5491971 1180432 1126995 496708 202934 202644 630287 575860 54427 565251 613 53814 53437 10609 293774 290 51201 46603 28793 17810 4598 2236 3742 67 865 783 4311539 211545 36910 1371
is_linear=0
shrinkage=0.05


Tree=95
num_leaves=31
num_cat=0
split_feature=3 2 0 3 2 2 3 2 3 2 0 1 0 1 0 3 2 3 3 2 1 3 2 0 2 2 2 2 2 0
split_gain=865.49 25.104 23.9518 24.7456 24.3724 24.0876 22.9744 139.719 134.075 85.2074 75.7607 50.4416 44.1366 16.1174 20.3856 15.7486 7.82623 19.6223 8.45887 7.25681 7.05651 4.46425 5.72425 9.06393 4.41641 4.29065 4.22227 5.0078 2.5432 9.62798
threshold=4.0772831707010573 4.05270600857137 0.14402769709617944 7.3079129921864023 5.1989618871993128 4.8759953683502149 5.0591714496897406 4.3004826673323846 5.0394170871300483 4.566816998076491 0.98019423795166827 1.0000000180025095e-35 0.48781481660207754 1.0000000180025095e-35 0.82750176328793523 7.9584020480681064 4.0243510107184699 4.2024512923595738 4.1855554307025713 4.6569856547695219 1.5000000000000002 4.0279376260590949 4.0070860599017353 0.92235091143278425 5.0931427481664917 4.0078730087255332 4.005470148071681 4.0176599623566265 4.0443793233521683 0.90776314808047343
decision_type=2 2 2 2 2 2 2 2 2 2 2 2 2 2 2 2 2 2 2 2 2 2 2 2 2 2 2 2 2 2
left_child=21 13 3 5 24 19 8 11 9 -4 -9 -8 -10 14 26 -6 17 -16 -18 -3 -7 -1 23 -23 -5 -15 -2 -28 -27 -30
right_child=1 2 6 4 15 20 7 10 12 -11 -12 -13 -14 25 16 -17 18 -19 -20 -21 -22 22 -24 -25 -26 28 27 -29 29 -31
leaf_value=0.049141351540377021 0.040127793141626726 0.056467940048433189 -0.0020939036507929124 0.055899953998712143 -0.011435728174228613 -0.025549959130967227 0.011485400146949666 -0.00054208431362166051 -0.04045951596195526 0.023180039025416294 0.022616700435069161 0.039816957815808407 -0.014443680237456048 -0.050438303399173406 0.0056236803658007038 -0.00016209554353723663 -0.039015345113146041 -0.36274916755636755 0.0081895310221818014 0.0044998582337210571 0.014452913573912552 0.050013252366368069 0.044288721988855022 -0.026088776387992996 0.021272165612051433 0.043310584826043934 -0.04315903848220639 0.020709316194652772 0.035686837565139198 -0.11833539097173329
leaf_weight=862.88645885126607 30.264089787582634 7.8025576025247565 7618.9793600472622 11.402988716959952 532.02330231666565 284.79374393820763 389.20381156913936 47514.703685751767 251.35553414880997 348.74589388718596 355.78871746323421 263.44530802482041 463.93413201661315 1.3657281734049309 70.775996733631473 741.58098112046719 28.548969532828778 0.36336213606409629 14.215944685158318 48.308589547872543 11.46813729405403 7.2808560847188337 43.666153283746098 8.4574664916435704 47.832436889410019 51.404781420365907 3.2183201538864514 66.208478704094887 6.9661202594870684 1.1876100680092347
leaf_count=4099994 57219 58 114091 49 2324 1220 10919 430242 2161 6043 324712 6768 2631 18 49444 3860 7104 294 2781 222 49 33055 174635 3855 225 115520 3523 27854 9976 1125
internal_value=0.000165909 -0.000583303 -0.000653621 -0.00652861 -0.00341328 -0.0183123 -0.000480552 -5.66834e-05 -0.00284925 -0.000987668 -0.000369961 0.0229216 -0.0235857 0.0145017 0.00803132 -0.00487144 -0.00641955 0.00374212 -0.0233235 0.0117263 -0.0240015 0.0482286 0.0349706 0.00911751 0.0279381 0.0371863 0.0245425 0.0177487 0.0391956 0.0132531
internal_weight=60088.2 59165.9 58891.4 1685.21 1332.84 352.373 57206.2 48523.1 8683.01 7967.73 47870.5 652.649 715.29 274.519 213.595 1273.6 113.904 71.1394 42.7649 56.1111 296.262 922.291 59.4045 15.7383 59.2354 60.9242 99.6909 69.4268 59.5585 8.15373
internal_count=5491971 1180432 905574 8007 6458 1549 897567 772641 124926 120134 754954 17687 4792 274858 148219 6184 59623 49738 9885 280 1269 4311539 211545 36910 274 126639 88596 31377 126621 11101
is_linear=0
shrinkage=0.05


Tree=96
num_leaves=31
num_cat=0
split_feature=3 1 0 2 2 3 2 2 3 0 0 2 2 3 0 0 2 2 3 2 0 3 2 0 1 2 2 0 2 3
split_gain=821.398 23.9111 95.7834 40.6874 29.6159 39.8834 90.8889 24.2571 20.4304 19.4231 18.8835 112.06 46.4008 37.1905 38.7866 21.7208 18.6674 14.4207 9.95465 10.4245 4.70319 4.60606 5.64639 8.47213 4.05544 4.0864 4.60239 1.57359 1.40896 1.30033
threshold=4.0772831707010573 1.0000000180025095e-35 0.97438968303263829 4.0880286038569347 5.0937916101349279 7.3159499364080736 6.1832249333998952 4.8294082094226871 6.1599406747691683 0.66578999664304883 0.52711662496787948 4.2672363075222259 4.7001851868954612 8.3242998889234094 0.81577353924098361 0.38448516112627812 3.9787572410709404 7.7655073004765951 4.1122663335060547 7.1770651455763064 0.99999915540540552 4.0279376260590949 4.0070860599017353 0.92235091143278425 1.5000000000000002 4.0079638358301279 4.030888272116945 0.94312317587993444 3.9611729973648138 4.3382053465969248
decision_type=2 2 2 2 2 2 2 2 2 2 2 2 2 2 2 2 2 2 2 2 2 2 2 2 2 2 2 2 2 2
left_child=21 2 4 24 7 6 -6 16 -9 -7 11 15 -13 14 -12 -5 -2 -15 20 29 -4 -1 23 -23 25 -3 -27 28 -25 -20
right_child=1 3 18 10 5 9 -8 8 -10 -11 13 12 -14 17 -16 -17 -18 -19 19 -21 -22 22 -24 27 -26 26 -28 -29 -30 -31
leaf_value=0.049097084153710648 0.042503611701486345 -0.06642671335203576 0.050495488516128041 0.050579252066985117 0.0047428784768563702 -0.0028157328930744196 0.034596949317138123 -0.0079394068367690789 0.0042619374980549614 -0.063148089466656052 -0.004838026112181224 0.0035632062717181807 -0.00165386726815328 0.052524057292765873 0.001135354974087189 0.021087409001965707 0.00055276474007162765 0.0094388486267312013 0.031328312284279423 -0.0033576353305599829 -0.039731563757924221 0.05001260619679896 0.044028998634046364 0.050067322119472638 0.050049802046622384 0.045836247029029963 0.01813521524459755 0.05003476168956509 -0.035734057809347061 0.050021234538168952
leaf_weight=821.52467561364756 26.601753627619473 1.1753285080194462 1.9815930565819133 94.143819696444552 2185.3059005598479 979.23431699583307 288.61364274675725 1625.9182502827025 434.84009280800819 13.52430730126798 9789.5455105177243 5116.3899953172076 25521.852388471365 20.33138419687748 3761.8689699990209 185.3507576661068 8432.3834515440394 433.68740127980709 10.102551686577497 10.468296870589255 5.3267914522439241 6.9258518035785519 41.775446526502492 0.51105478184762976 23.625710398395313 22.806372829683824 43.775625616137404 0.6604275034915198 7.5027413458446972 117.59756373646087
leaf_count=4099994 61990 13 420 4738 26620 19480 149489 13776 2663 438 60201 24545 113122 86 27595 6845 168665 2236 211 84 43 33055 174635 703 59693 54202 42244 1086 2066 341033
internal_value=0.000158981 -0.000554012 0.00124023 -0.0011173 0.000820419 0.0048284 0.00822573 -0.000500371 -0.0053648 -0.00363764 -0.0011851 -0.000495143 -0.000782649 -0.00270821 -0.00317982 0.0310213 0.000684691 0.0113682 0.0416021 0.0446102 -0.0152674 0.0481405 0.0344439 0.00877611 0.032212 0.0259923 0.0276237 -0.0241488 -0.0302623 0.0485424
internal_weight=60025.4 59146.5 14131.9 45014.6 13986.4 3466.68 2473.92 10519.7 2060.76 992.759 44923.2 30917.7 30638.2 14005.4 13551.4 279.495 8458.99 454.019 145.477 138.168 7.30838 878.9 57.3755 15.6001 91.383 67.7573 66.582 8.67422 8.0138 127.7
internal_count=5491971 1180432 784912 395520 443121 196027 176109 247094 16439 19918 239368 149250 137667 90118 87796 11583 230655 2322 341791 341328 463 4311539 211545 36910 156152 96459 96446 3855 2769 341244
is_linear=0
shrinkage=0.05


Tree=97
num_leaves=31
num_cat=0
split_feature=3 2 2 0 0 0 3 0 0 0 3 0 1 3 0 3 3 1 1 3 0 1 3 1 2 2 0 0 0 1
split_gain=779.502 22.7845 25.8492 74.4471 68.0221 75.7532 42.8249 265.371 92.883 39.8793 34.2876 30.4293 28.6581 25.0021 72.6401 31.9488 139.125 101.642 36.8191 41.6141 40.0744 33.2602 23.5496 21.5861 10.5973 11.0871 8.70319 7.65927 6.81113 5.74355
threshold=4.0772831707010573 7.0948639925422592 5.5245751061938488 0.91830335019733844 0.67233198250082127 0.37481942638641602 5.8019521846187621 0.29289468721693729 0.58808560373301499 0.47638594757386876 7.1123681928467075 0.47638594757386876 1.0000000180025095e-35 8.3242998889234094 0.40475553788558277 7.9810273183704767 7.9584020480681064 1.5000000000000002 1.5000000000000002 7.9942274713266626 0.94478429972001321 1.5000000000000002 8.4580160548255012 1.0000000180025095e-35 6.4739370300385177 6.5729417446171423 0.55449294601117682 0.44436429482993728 0.14402769709617944 1.0000000180025095e-35
decision_type=2 2 2 2 2 2 2 2 2 2 2 2 2 2 2 2 2 2 2 2 2 2 2 2 2 2 2 2 2 2
left_child=-1 2 6 4 5 -4 7 23 11 -9 -6 -8 -10 15 28 16 21 -18 19 -17 -20 -3 27 -2 -5 -26 -24 -16 -15 -30
right_child=1 13 3 24 10 -7 8 9 12 -11 -12 -13 -14 14 22 18 17 -19 20 -21 -22 -23 26 -25 25 -27 -28 -29 29 -31
leaf_value=0.048048468704916601 0.019686692477471703 -0.0084296292506121587 -0.00085233732994462923 0.050017358321416405 0.01284965631149668 0.0060444143647398535 -0.0036346848053473418 0.002351811509369309 -0.070308249196411349 -0.0021156843552721221 -0.020223765476981147 0.0086660930369187664 -0.017100358943728283 -0.024149113457818169 0.0055692452620337146 -0.019626921023404464 0.037982332764541653 -0.0082059597414618126 0.0254336186524841 -0.0048429808984411611 -0.16168044922964792 0.016135683689261021 0.0019546074227756566 0.039818471232357738 -0.28652482240178728 -0.0048133254729382574 -0.023190491218511158 0.01812160848317106 -0.022277401132712229 -0.0047363503213877067
leaf_weight=837.62473061731725 199.6714734690031 2246.4508331492543 10501.459248911589 85.854428490623832 92.321925596043002 6412.9784051418537 10537.495832285495 7554.0042416706565 65.867346234619617 14747.316062824568 518.34312745335046 527.9566190764308 41.095974385738373 49.664934203028679 151.40979571640491 870.0770992860198 335.8561098985374 184.56493382900953 95.428256213665009 1050.9159662947059 2.94996054470539 146.7948070243001 172.90731917321682 399.68612314993516 0.43921833916101527 1.7052751277806237 42.962582290172577 615.77848964929581 48.270387575030327 1404.8564050793648
leaf_count=4311539 6629 12476 48364 293707 14233 147060 51124 57838 447 507413 5144 2690 166 382 653 4839 1549 2146 869 4661 25 1097 1004 3980 11 497 180 2978 266 8004
internal_value=0.00015259 -0.000526181 -0.000154252 0.00140098 0.00117063 0.00176251 -0.000958182 0.000279934 -0.00349601 -0.000602434 -0.0152236 -0.00304779 -0.0498654 -0.00311734 0.000971572 -0.00517783 -0.00182795 0.0216019 -0.0100112 -0.0115391 0.0198228 -0.00692286 0.0115393 0.0331117 0.0472751 -0.0625113 -0.00304979 0.0156443 -0.00594134 -0.00531903
internal_weight=59942.7 59105.1 51686.2 17613.1 17525.1 16914.4 34073.1 22900.7 11172.4 22301.3 610.665 11065.5 106.963 7418.89 2485.85 4933.04 2913.67 520.421 2019.37 1920.99 98.3782 2393.25 983.058 599.358 87.9989 2.14449 215.87 767.188 1502.79 1453.13
internal_count=5491971 1180432 1139303 509016 214801 195424 630287 575860 54427 565251 19377 53814 613 41129 13467 27662 17268 3695 10394 9500 894 13573 4815 10609 294215 508 1184 3631 8652 8270
is_linear=0
shrinkage=0.05


Tree=98
num_leaves=31
num_cat=0
split_feature=3 2 1 0 3 3 2 2 0 2 0 1 0 0 0 2 0 2 3 0 3 2 3 2 0 1 1 3 0 3
split_gain=739.647 22.6151 29.0514 31.632 24.4589 106.131 99.8121 82.8156 65.3312 78.4889 52.9849 50.8695 46.2431 39.2331 38.8674 24.4819 21.8136 14.5212 14.0866 9.935 9.24342 8.63149 4.98748 5.83929 8.31447 3.70692 2.55158 1.57748 1.48597 1.39517
threshold=4.0772831707010573 4.1845458315089283 1.5000000000000002 0.61099889065946678 5.0591714496897406 5.0394170871300483 4.3004826673323846 4.566816998076491 0.98019423795166827 7.1770651455763064 0.48781481660207754 1.0000000180025095e-35 0.40475553788558277 0.43543679404407926 0.69071225544838877 4.7001851868954612 0.48781481660207754 3.9787572410709404 4.2047672406880237 0.35510742169672516 5.4424826413705318 4.0982006077102948 4.0279376260590949 4.0070860599017353 0.92235091143278425 1.0000000180025095e-35 1.0000000180025095e-35 5.3496519098028221 0.94312317587993444 4.0639712580105192
decision_type=2 2 2 2 2 2 2 2 2 2 2 2 2 2 2 2 2 2 2 2 2 2 2 2 2 2 2 2 2 2
left_child=22 2 3 19 5 7 11 10 15 -10 -3 20 -13 25 -9 -8 -15 26 -19 27 -6 -21 -1 24 -24 -7 -5 -2 29 -26
right_child=1 4 -4 17 6 13 8 14 9 -11 -12 12 -14 16 -16 -17 -18 18 -20 21 -22 -23 23 -25 28 -27 -28 -29 -30 -31
leaf_value=0.049003058379794628 0.048518782294236534 0.024435762606017139 0.050107423877583046 0.04102378543508077 0.0049596941770335377 -0.098590713117540127 0.0016780860898879891 -0.0076305970452204804 0.050575759677704973 0.0018334167385277247 -0.0034228243631587735 0.050630491407395652 -0.0011821800640598058 -0.032835978499291395 0.031809766594720457 -0.0011814128226744235 -0.013549001043858 -0.0097045085451635468 0.0030862037932721485 0.031414081694264677 0.031160175185737146 0.010630013176312184 0.050011430247407729 0.043450938000372891 -0.03708628320777 -0.05422922455361652 -0.12232175447734837 0.021616371362446447 0.050031513183573163 0.050108445402166947
leaf_weight=745.49876669245714 24.986327571125006 175.38729701656848 35.909873356926255 22.228117984312124 294.94029556028545 16.502060905098919 9212.3432029248215 81.89217334985733 136.99467720417306 207.97686046734452 6354.5727039705962 180.37206223292742 56.570262510795146 214.5439237691462 263.32785343710566 39925.541451517929 462.92732487327885 331.66406043243478 613.30191062286031 58.537963870039675 38.000282972119749 340.62962047255132 6.2792279265122479 38.10244094110385 7.3883520271629077 6.5895797628909341 0.24167490005493064 6.9688474882277651 0.59880378289381031 0.48913243925198902
leaf_count=4099994 3970 1521 67718 53094 3784 130 47996 345 323205 1507 32882 4026 443 1060 5698 390251 2631 98555 91625 30769 2394 15370 33055 174635 2542 80 1 1377 1086 227
internal_value=0.000146315 -0.00049986 0.00570146 0.00456128 -0.000654221 -0.00330194 -0.000253476 -0.00141281 -0.00049309 0.0211899 -0.00267457 0.0205522 0.0382602 -0.0218414 0.0224538 -0.000645316 -0.0196569 -0.000458472 -0.00140308 0.0158256 0.00795009 0.013678 0.0479507 0.0331092 0.00640407 -0.0859314 0.0392669 0.0426519 -0.0259002 -0.0316721
internal_weight=59861.3 59063 1434.47 1398.56 57628.5 7575.74 50052.7 6875.18 49482.9 344.972 6529.96 569.883 236.942 700.563 345.22 49137.9 677.471 967.436 944.966 431.123 332.941 399.168 798.357 52.858 14.7555 23.0916 22.4698 31.9552 8.47629 7.87748
internal_count=5491971 1180432 362479 294761 817953 44347 773606 40446 762959 324712 34403 10647 4469 3901 6043 438247 3691 243275 190180 51486 6178 46139 4311539 211545 36910 210 53095 5347 3855 2769
is_linear=0
shrinkage=0.05


Tree=99
num_leaves=31
num_cat=0
split_feature=3 3 2 1 0 3 1 3 0 1 0 3 2 2 3 2 0 2 2 3 0 2 0 1 2 0 3 2 2 2
split_gain=701.812 20.9394 20.5282 18.5064 83.0086 33.525 18.9722 45.1694 22.0219 14.6075 17.7736 9.36569 6.59874 6.08178 5.13225 5.72518 7.74798 4.94999 3.85273 3.80436 7.73162 3.60519 3.45641 5.87843 2.59039 2.46235 2.28288 1.71604 1.50302 2.40232
threshold=4.0772831707010573 8.6879410503086998 4.05270600857137 1.0000000180025095e-35 0.97438968303263829 6.1599406747691683 1.5000000000000002 4.9159581800171894 0.52711662496787948 1.0000000180025095e-35 0.82750176328793523 4.1122663335060547 4.0243510107184699 6.7695100238511943 4.0279376260590949 4.0070860599017353 0.92235091143278425 6.3853889739133587 4.005470148071681 9.3754234645801322 0.21058625871244899 4.0078730087255332 0.19145279672441137 1.0000000180025095e-35 4.0443793233521683 0.38448516112627812 8.8998958417407437 7.3372464290984665 6.5729417446171423 6.7189021950326238
decision_type=2 2 2 2 2 2 2 2 2 2 2 2 2 2 2 2 2 2 2 2 2 2 2 2 2 2 2 2 2 2
left_child=14 2 9 4 5 -4 8 -8 -5 10 18 -6 -12 17 -1 16 -16 -3 -2 22 27 -11 26 -24 -23 -22 -15 -21 -19 -30
right_child=1 13 3 6 11 -7 7 -9 -10 21 12 -13 -14 19 15 -17 -18 28 -20 20 25 24 23 -25 -26 -27 -28 -29 29 -31
leaf_value=0.048952113901534464 0.039154013658434808 0.014093635513997081 -0.00053861820822826258 -0.00037749283145988347 -0.014124967527960983 0.0054081621997007744 0.041050564967654989 0.0023808436711106528 -0.0028331042120383577 -0.041335500871903658 0.0036489824344597579 0.043981488868860122 -0.020965227068085318 -0.0089620563159775422 0.050010872167461085 0.043159184731282087 -0.02395695054883272 -0.048353008364030919 0.016985115408613603 -0.014544652727323488 0.011756538372052192 0.042646724481009063 -0.042679741157322357 -0.0079871553332349441 0.011496742792430405 -0.033882484499518577 0.0025906244945112563 -0.033216304708795434 -0.016749608279846125 -0.048911679160608075
leaf_weight=709.86004836288339 27.560973302286584 6.3602994829416266 10669.434513007553 29050.80872896855 7.3457694791723034 3046.7495899273781 78.909912676142994 1756.1203611837118 13314.662405186566 1.4624854214489449 70.983659664023435 123.93827683539712 44.173545739613473 62.145578965544701 5.9730512592650475 36.483064112093416 8.6925022565701493 11.830482348799704 67.836214089824352 17.528480306267738 21.622360110282902 46.871708999969997 12.623213917016981 373.32207162678242 7.7821672775316975 3.4233152866363517 137.09926289319992 41.298145994544029 18.29544581472874 8.5052229166030866
leaf_count=4099994 57219 38 107316 132915 452 187347 19717 16608 94786 18 49738 341328 9885 444 33055 174635 3855 82 31377 131 157 115520 81 2624 11101 22 1005 334 128 59
internal_value=0.000140502 -0.000474577 -0.00037037 -0.000433954 0.00116106 0.000782329 -0.000933654 0.00404372 -0.00114924 0.0134705 0.00742914 0.0407302 -0.00579287 -0.00898485 0.0478499 0.0325532 0.00616899 -0.0267794 0.0233899 -0.00778824 -0.0177473 0.0361382 -0.00636087 -0.00912185 0.0382113 0.00551846 -0.00101272 -0.0276527 -0.0335089 -0.0269563
internal_weight=59789.7 59028.7 58314.6 58048 13847.5 13716.2 44200.5 1835.03 42365.5 266.671 210.554 131.284 115.157 714.054 761.009 51.1486 14.6656 44.9915 95.3972 669.062 83.8723 56.1164 585.19 385.945 54.6539 25.0457 199.245 58.8266 38.6312 26.8007
internal_count=5491971 1180432 1175327 900469 636443 294663 264026 36325 227701 274858 148219 341780 59623 5105 4311539 211545 36910 307 88596 4798 644 126639 4154 2705 126621 179 1449 465 269 187
is_linear=0
shrinkage=0.05


Tree=100
num_leaves=31
num_cat=0
split_feature=3 0 3 2 2 2 2 0 3 0 2 0 2 3 3 3 3 3 3 3 0 1 3 2 1 2 3 2 0 2
split_gain=665.861 20.7332 22.8448 21.8966 21.8213 19.9753 27.8821 62.544 56.6302 33.3378 217.111 85.9383 19.604 18.7342 22.6582 100.318 69.9136 14.6619 44.5799 16.5736 14.1169 24.0314 10.925 6.68588 6.41236 10.9421 5.27941 5.61088 7.23671 3.9334
threshold=4.0772831707010573 0.14402769709617944 7.3079129921864023 5.1989618871993128 4.8759953683502149 7.0099275978482467 5.5245751061938488 0.91830335019733844 5.9734787654269947 0.69071225544838877 4.2672363075222259 0.52711662496787948 6.4739370300385177 7.6587840460954757 7.9810273183704767 7.9584020480681064 7.9942274713266626 7.9584020480681064 8.1727008602802069 7.3955494728005915 0.8716323002178139 1.0000000180025095e-35 7.3159499364080736 4.6569856547695219 1.5000000000000002 5.0866414907511173 4.0279376260590949 4.0070860599017353 0.92235091143278425 5.0931427481664917
decision_type=2 2 2 2 2 2 2 2 2 2 2 2 2 2 2 2 2 2 2 2 2 2 2 2 2 2 2 2 2 2
left_child=26 2 4 29 23 6 9 8 -8 11 -11 -3 -9 20 15 -15 -16 19 -19 -5 21 -7 -22 -2 -6 -26 -1 28 -28 -4
right_child=1 5 3 17 24 13 7 12 -10 10 -12 -13 -14 14 16 -17 -18 18 -20 -21 22 -23 -24 -25 25 -27 27 -29 -30 -31
leaf_value=0.048898712266550792 0.054929154485952515 0.00016459224608965367 0.052987040289807379 0.0055342561067697558 -0.024214762601049659 -0.073389918506455917 -0.07032446434620275 0.050015706536439102 0.0017445854568216108 -0.0043240023597028027 0.016781415950791755 -0.0062842077456635743 -0.15255481068154214 -0.0033385536567767807 -0.014746893542791531 0.020960814151925976 -0.00031648720692315505 0.014675969991174175 -0.010218711362630958 -0.01549372093493491 0.015444581362443893 -0.011119857318791582 -0.0049078648148865294 0.0044906041839893615 0.056392818997570343 -0.042407045953495801 0.050010343199113565 0.042856610336050122 -0.022223713135700887 0.02041822755625897
leaf_weight=675.95890606868488 7.6056947018951169 21052.423133814154 11.486917003989218 121.60399901866913 282.79493106901646 15.820305569097398 27.30580208869651 75.693354688934051 15497.353507239197 3576.9345575982006 1848.1050154098775 6846.1965135552164 1.2135000572307024 1776.3393637277186 1079.0504343658686 558.22445364668965 3778.5267966091633 309.90519019961357 428.45583318918943 408.43409466743469 80.818712338339537 750.94343161582947 358.09108176827431 48.253857791423798 6.5269346535205823 4.9109560400247574 5.6818007261026642 34.942668284260435 8.8964377694064734 48.046290770173073
leaf_count=4099994 58 139938 49 595 1220 255 290 293707 204480 266633 112156 108402 137 8644 6358 3881 19298 1418 2442 1729 1412 4324 2510 222 28 21 33055 174635 3855 225
internal_value=0.000134543 -0.000450868 -0.00592908 -0.00293359 -0.0172913 -0.000290503 9.6192e-05 0.00184064 0.00161783 -0.00072053 0.00286581 -0.00141791 0.0468194 -0.00254337 -0.00157645 0.00247174 -0.00352202 -0.00432457 0.000230094 -0.0106694 -0.00831128 -0.0124046 -0.00116026 0.0113582 -0.0227303 0.0139723 0.0477442 0.0319857 0.00592917 0.0267024
internal_weight=59726.5 59001.1 1678.02 1327.93 350.092 57323 48925.2 15601.6 15524.7 33323.7 5425.04 27898.6 76.9069 8397.81 7192.14 2334.56 4857.58 1268.4 738.361 530.038 1205.67 766.764 438.91 55.8596 294.233 11.4379 725.48 49.5209 14.5782 59.5332
internal_count=5491971 1180432 8007 6458 1549 1172425 1125743 498614 204770 627129 378789 248340 293844 46682 38181 12525 25656 6184 3860 2324 8501 4579 3922 280 1269 49 4311539 211545 36910 274
is_linear=0
shrinkage=0.05


Tree=101
num_leaves=31
num_cat=0
split_feature=3 2 1 0 3 3 3 2 2 0 1 0 2 3 2 2 0 3 3 0 0 3 0 2 3 3 0 2 1 2
split_gain=631.982 22.4431 21.1242 19.7507 18.1 19.3823 103.8 102.142 70.1014 54.1949 46.6676 36.1504 12.8303 11.1166 5.46888 4.63933 4.38661 4.97083 3.44979 7.09328 3.29952 2.42262 3.48569 7.87549 4.27419 3.57379 3.41734 2.71114 2.26814 1.46743
threshold=4.0625958602076713 4.1382565856210851 1.5000000000000002 0.60774361845389679 8.6879410503086998 5.0591714496897406 5.0394170871300483 4.3004826673323846 4.566816998076491 0.98019423795166827 1.0000000180025095e-35 0.46558676651210146 3.9787572410709404 4.6071681687305253 6.7695100238511943 6.3853889739133587 0.3654363882654203 5.0394170871300483 9.3754234645801322 0.21058625871244899 0.19145279672441137 4.0279376260590949 0.94061331751995836 3.9787572410709404 4.0571617561332669 4.0480388055364394 0.92575505729882213 3.97085800884757 1.0000000180025095e-35 6.5729417446171423
decision_type=2 2 2 2 2 2 2 2 2 2 2 2 2 2 2 2 2 2 2 2 2 2 2 2 2 2 2 2 2 2
left_child=21 2 3 16 5 6 8 10 -3 -9 -7 -8 28 -14 15 -6 -2 -18 20 -20 -16 -1 23 26 25 -25 -23 -28 -5 -17
right_child=1 4 -4 12 14 7 11 9 -10 -11 -12 -13 13 -15 18 29 17 -19 19 -21 -22 22 -24 24 -26 -27 27 -29 -30 -31
leaf_value=0.04884273218200242 0.050331559526347949 -0.0020186698196483235 0.050050119291778994 0.041063538533214226 0.013869571343960385 0.0090646892458571236 -0.041689311647184868 -0.00046086442366650803 0.021321457998730104 0.019903396604918105 0.03740100091134152 -0.01482635510976181 0.0014205663029966927 -0.11364168902046812 -0.00076436767127997102 -0.047247699831342492 0.021912242785793169 -0.016615673196307131 -0.026609599532228252 0.0052340078216373638 -0.0087041330588171241 0.050032852273020484 0.044089566337957832 0.050096083685021602 0.050124803011527753 -0.20657479599896136 -0.07448169437263305 0.050135072222791621 -0.11113861076149507 -0.025743814940374012
leaf_weight=643.71064430981642 12.583131337305529 7062.5942452914314 28.426925719468272 22.331704814001572 6.3741072416305533 365.9499081633985 162.42502592247911 48385.261636211391 337.06030609941809 328.930212956795 240.98455149191432 547.06524902640376 629.76163082596031 2.1061765798367551 198.58528077602386 11.38769970834255 137.62134531902848 8.9140395430149493 57.4469044059515 25.141817256808281 383.63008686900139 4.8259606785431961 25.330907466370263 0.16420194832608082 0.31779966509202495 0.77904768218286335 1.2038599412771871 0.68468565889634181 0.24748885631561179 26.154938161373138
leaf_count=4099994 3749 43493 75096 61308 38 8430 1174 433142 6043 324712 6173 3025 217436 61 1449 82 37167 982 465 179 2705 25430 137745 91 150 273 905 286 1 187
internal_value=0.000128892 -0.000422464 0.00768221 0.00620182 -0.000539839 -0.000441835 -0.00270717 -6.93806e-05 -0.000955508 -0.00032336 0.0203157 -0.0209761 0.00236044 0.00103703 -0.00848144 -0.0255703 0.0220013 0.0195685 -0.00735255 -0.0169157 -0.00599599 0.0481624 0.0350133 0.00618662 -0.108462 -0.161893 0.0277188 -0.0293023 0.0393953 -0.0322665
internal_weight=59658 58981 841.992 813.566 58139 57430.3 8109.14 49321.1 7399.65 48714.2 606.934 709.49 654.447 631.868 708.721 43.9167 159.119 146.535 664.804 82.5887 582.215 677.017 33.3065 7.97556 1.26105 0.94325 6.71451 1.88855 22.5792 37.5426
internal_count=5491971 1227097 395800 320704 831297 826192 53735 772457 49536 757854 14603 4199 278806 217497 5105 307 41898 38149 4798 644 4154 4264874 164880 27135 514 364 26621 1191 61309 269
is_linear=0
shrinkage=0.05


Tree=102
num_leaves=31
num_cat=0
split_feature=3 2 0 3 2 2 2 3 0 3 2 2 3 1 0 3 2 2 2 1 2 2 2 2 2 2 0 3 0 0
split_gain=599.84 20.9323 17.9348 20.9838 19.9208 19.5751 17.3309 26.7449 59.4916 26.3223 145.842 54.9232 26.1191 14.9092 15.1812 13.6018 9.55889 119.389 7.72343 7.23547 4.85249 3.67576 4.73991 3.5234 3.26041 2.50762 7.45506 2.49779 3.41359 7.01919
threshold=4.0625958602076713 4.05270600857137 0.14402769709617944 7.3079129921864023 4.8294082094226871 5.1989618871993128 7.0948639925422592 8.3242998889234094 0.40475553788558277 5.4424826413705318 4.3694757063636134 5.209507762638709 7.9810273183704767 1.0000000180025095e-35 0.82750176328793523 7.9584020480681064 3.940057182282628 3.9379920229249201 3.9787572410709404 1.5000000000000002 4.6569856547695219 4.005470148071681 4.0176599623566265 5.0931427481664917 4.0077890268154421 4.0443793233521683 0.90776314808047343 4.0279376260590949 0.94061331751995836 0.92415223574549865
decision_type=2 2 2 2 2 2 2 2 2 2 2 2 2 2 2 2 2 2 2 2 2 2 2 2 2 2 2 2 2 2
left_child=27 13 3 4 20 23 9 12 -9 11 -11 -4 -8 14 21 -7 17 -16 -18 -6 -3 -2 -23 -5 -15 -26 -27 -1 29 -29
right_child=1 2 6 5 19 15 7 8 -10 10 -12 -13 -14 24 16 -17 18 -19 -20 -21 -22 22 -24 -25 25 26 -28 28 -30 -31
leaf_value=0.048784056315055661 0.038551851374512933 0.053488976897127949 -0.0014674749428561554 0.050030689251470653 -0.022287192175793506 -0.010136166107551395 -0.0016757621674577073 -0.0047507991612086194 0.011207357448962117 0.036159925897097399 0.00054304664533167074 -0.097606259073984847 -0.0091064761535540242 -0.036514192920924816 -6.5001608985244888 0.00037571430562317637 0.043788571007625239 0.050009460774115423 -0.006917706352600474 0.017173854171893342 0.00859366569247484 -0.042577939788823294 0.019436175559831487 0.019303051750039633 0.041930597639150004 0.034294406905919832 -0.093391884345622456 0.05002343460832423 0.043822282190797097 -0.044126256106137698
leaf_weight=613.03469992608007 26.119889260953641 7.4275303902104488 17381.356113029527 11.560698956251143 297.07283316552639 528.8746592849493 2889.9930695017101 1443.4244478717446 980.90765167027712 290.0210072635673 32007.970299114328 14.86860746773891 2001.7100798487663 1.5176049268338818 0.0076333408942436112 735.97575487196445 8.0242141455091751 0.078473933943314478 117.13734386509168 12.089060202240942 31.731459408998489 3.2384603147511362 63.477387481834739 48.330898001790047 48.944001055235276 6.351161437603877 1.3940668370632918 4.240727762298774 24.238808604044607 3.7129153660498559
leaf_count=4099994 58286 58 267274 49 1289 2324 17268 8270 4815 7618 580631 2370 10394 23 16 3860 22822 448 56474 52 150 3523 27854 225 139526 9976 1502 25218 137745 1917
internal_value=0.000123458 -0.00040126 -0.000465904 -0.00556838 -0.0164886 -0.00269707 -0.000316163 -0.00258822 0.00170602 1.83318e-05 0.00086287 -0.00154965 -0.00471645 0.0133289 0.00732836 -0.00401964 -0.00402919 -0.530658 -0.00366688 -0.0207442 0.0171092 0.0226512 0.0164259 0.0252343 0.0358111 0.0377473 0.0113121 0.0480712 0.0344956 0.00607253
internal_weight=59604.8 58959.6 58683.3 1673.06 348.321 1324.74 57010.3 7316.04 2424.33 49694.2 32298 17396.2 4891.7 276.29 218.083 1264.85 125.248 0.0861073 125.162 309.162 39.159 92.8357 66.7158 59.8916 58.2068 56.6892 7.74523 645.227 32.1925 7.95364
internal_count=5491971 1227097 906647 8007 1549 6458 898640 40747 13085 857893 588249 269644 27662 320450 169423 6184 79760 464 79296 1341 208 89663 31377 274 151027 151004 11478 4264874 164880 27135
is_linear=0
shrinkage=0.05


Tree=103
num_leaves=31
num_cat=0
split_feature=3 2 1 0 0 2 3 3 3 3 2 3 1 3 1 3 2 0 3 0 0 3 3 3 0 0 2 0 1 2
split_gain=569.202 21.1018 26.7555 26.9733 22.4411 119.981 160.466 54.9272 39.93 34.3943 30.2775 36.0786 26.8702 25.7499 23.8435 22.7299 16.57 12.8872 11.0671 9.31861 8.64635 7.52659 4.75402 2.57558 3.35297 6.42108 2.34054 7.20508 2.10959 1.77598
threshold=4.0625958602076713 4.1845458315089283 1.5000000000000002 0.61099889065946678 0.83857729982792928 4.2361428001878414 7.2227849702893554 4.5838443940554692 4.5436670406715125 4.5222775864231268 4.2361428001878414 5.4424826413705318 1.0000000180025095e-35 4.3282302013682576 1.0000000180025095e-35 4.3382053465969248 3.9787572410709404 0.75693732271664571 4.2047672406880237 0.35510742169672516 0.58808560373301499 4.2047672406880237 7.3159499364080736 4.0279376260590949 0.94061331751995836 0.92415223574549865 3.9787572410709404 0.92575505729882213 1.0000000180025095e-35 3.97085800884757
decision_type=2 2 2 2 2 2 2 2 2 2 2 2 2 2 2 2 2 2 2 2 2 2 2 2 2 2 2 2 2 2
left_child=23 2 3 19 8 13 7 -7 9 14 12 -12 -10 21 -3 -15 28 -11 -18 -2 -21 -6 -8 -1 25 -25 29 -28 -5 -27
right_child=1 4 -4 16 5 6 22 -9 10 17 11 -13 -14 15 -16 -17 18 -19 -20 20 -22 -23 -24 24 -26 26 27 -29 -30 -31
leaf_value=0.04872255452720245 0.042065760571163194 0.015566612189301225 0.05009900855930989 0.043338887072095593 -0.003851130294090171 0.016303637075101463 0.0070871578388254199 0.0431044714666141 0.0019518360407766795 -0.051241241232323625 -0.0031494591078944419 -6.02368795199749e-05 0.023449020403558174 -0.046406925849106918 -0.014689491431648164 -0.0083845951113688498 -0.0081712565761645119 -0.014963062180733131 0.0030317074710104505 0.0096029064950037563 0.028925206534452741 0.0047548582740836133 -0.0051708519322937021 0.050022294002338985 0.043544721865482021 -0.040276436757324605 -0.53740007816944202 -0.062803318436078587 -0.10274615363188255 0.050139883271562782
leaf_weight=583.85446558112744 29.821249546657782 84.40258464217186 33.017282762200921 22.944330327372885 1694.0646704994142 370.3517184141092 91.825479660183191 395.15165664473898 368.28155841771513 75.324756211601198 12328.022446498508 40502.733244884643 240.14753572025802 64.032541412860155 284.94963415525854 101.789232108742 344.63333333629998 36.265964855439961 611.77728518270305 322.26828368956922 70.576245820557233 298.88422155287117 570.62789190560579 4.0339945534360622 23.199971847090637 1.659173482097686 0.085095629561692365 1.3277868423610923 0.24982140958309074 0.80739286367315788
leaf_count=4099994 5347 389 77466 61004 6920 4825 558 402258 4929 351 58428 327161 3988 295 1304 432 127562 178 91625 37529 8610 1256 4681 25218 137745 1120 25 448 1 324
internal_value=0.000121027 -0.000378259 0.00561009 0.00456257 -0.00052772 0.00330193 0.014546 0.0301382 -0.000782465 -0.0151251 -0.000653384 -0.000781105 0.0104368 -0.00413565 -0.00777551 -0.023067 7.50908e-06 -0.0394512 -0.00100517 0.0151197 0.0130742 -0.00256048 -0.00347172 0.0479756 0.0339584 0.00585419 -0.0400734 -0.0913875 0.0417654 -0.01068
internal_weight=59557.1 58942.1 1435.29 1402.27 57506.9 3586.73 1427.96 765.503 53920.1 480.943 53439.2 52830.8 608.429 2158.77 369.352 165.822 979.605 111.591 956.411 422.666 392.845 1992.95 662.453 614.968 31.1134 7.91344 3.87945 1.41288 23.1942 2.46657
internal_count=5491971 1227097 409144 331678 817953 421225 412322 407083 396728 2222 394506 385589 8917 8903 1693 727 280192 529 219187 51486 46139 8176 5239 4264874 164880 27135 1917 473 61005 1444
is_linear=0
shrinkage=0.05


Tree=104
num_leaves=31
num_cat=0
split_feature=3 2 1 0 2 3 2 1 2 2 0 2 3 1 2 3 3 2 3 0 2 3 0 0 2 0 2 0 0 2
split_gain=540.164 20.2707 17.0973 69.4857 26.6406 36.2501 19.4728 15.8606 42.4835 19.1192 14.5946 87.8463 39.0733 13.4608 14.6702 12.11 27.3742 9.44147 10.1636 3.45591 2.98359 2.65202 3.27905 5.8608 2.50443 6.40318 1.78371 2.9968 1.70967 1.60423
threshold=4.0625958602076713 4.05270600857137 1.0000000180025095e-35 0.97438968303263829 5.0937916101349279 7.3159499364080736 4.8294082094226871 1.5000000000000002 4.3694757063636134 4.9745127581484967 0.52711662496787948 4.2672363075222259 7.9584020480681064 1.0000000180025095e-35 3.9787572410709404 4.2047672406880237 4.2024512923595738 7.1770651455763064 4.1122663335060547 0.56802938556004923 4.0077890268154421 4.0279376260590949 0.94061331751995836 0.92415223574549865 4.0443793233521683 0.90776314808047343 3.9787572410709404 0.92575505729882213 0.65901134357450697 3.97085800884757
decision_type=2 2 2 2 2 2 2 2 2 2 2 2 2 2 2 2 2 2 2 2 2 2 2 2 2 2 2 2 2 2
left_child=21 13 3 4 6 -6 -3 10 -9 -10 11 -4 -12 14 -2 16 -16 18 -5 -17 -15 -1 23 -23 28 -26 29 -28 -22 -25
right_child=1 2 7 17 5 -7 -8 8 9 -11 12 -13 -14 20 15 19 -18 -19 -20 -21 24 22 -24 26 25 -27 27 -29 -30 -31
leaf_value=0.048658096686717438 0.043758407838506153 0.00060192601523413136 0.028790251269391078 -0.012240951552095935 0.0078522108266897549 -0.0034805993236495178 -0.0048256309423288374 0.047247661364666696 0.011009115584405685 -0.00076246194215433532 -0.0034191050201494073 -0.00072851439806509498 0.0052835170731980975 -0.03319297672047733 -0.0041715770913423418 0.050073895427542217 -0.18574099974716235 -0.0070497715139981772 0.048064886692369982 0.014481810462438622 -0.057362478926111495 0.05002120759443765 0.043256641498359928 -0.036720707871792144 0.033541948714432716 -0.081084506976596887 -0.29469903287997384 -0.055961505477748801 0.042420088103502507 0.050133043137279176
leaf_weight=556.09698120063695 24.881929770534043 8234.8578738284414 254.21760010399157 7.5145115276100105 2453.2234319897252 990.53405636269599 2067.4621870544506 54.233508323828573 467.63035959331319 1314.6831074524671 11828.092881545715 29406.73986794427 1447.6504886820912 1.5512081853521511 111.09876505212742 7.5244306812528512 2.1153763447655356 9.9680381342768651 99.455205186299281 72.867443045426626 0.43332418540376139 3.8373355148214641 22.211803330588737 1.7269951049238446 6.0619503807392894 1.5247859673108903 0.14492874220013607 1.4132421838585285 46.013738057212322 0.76811798883136351
leaf_count=4099994 69900 82447 8655 482 176109 19918 16439 23558 4974 8767 87881 128993 7096 23 55295 6556 373 84 341244 37299 493 25218 137745 1120 9976 1502 25 448 139033 324
internal_value=0.000116126 -0.000359114 -0.000422524 0.00111185 0.000785354 0.00459253 -0.000487272 -0.000897608 0.00365262 0.00232608 -0.00109224 -0.000475515 -0.00247013 0.0132071 0.00761806 0.00297336 -0.00756415 0.0394915 0.0438285 0.0178131 0.0351759 0.0478756 0.0334209 0.00573367 0.0371387 0.0105043 -0.0361943 -0.078167 0.0414892 -0.00998287
internal_weight=59496.5 58910.3 58636.3 13863 13746.1 3443.76 10302.3 44773.2 1836.55 1782.31 42936.7 29661 13275.7 274.073 218.488 193.606 113.214 116.938 106.97 80.3919 55.585 586.199 30.1024 7.89062 54.0338 7.58674 4.05328 1.55817 46.4471 2.49511
internal_count=5491971 1227097 906647 636723 294913 196027 98886 269924 37299 13741 232625 137648 94977 320450 169423 99523 55668 341810 341726 43855 151027 4264874 164880 27135 151004 11478 1917 473 139526 1444
is_linear=0
shrinkage=0.05


Tree=105
num_leaves=31
num_cat=0
split_feature=3 2 0 3 3 3 2 0 3 1 3 2 0 2 1 2 3 3 2 3 2 0 2 3 0 0 2 0 0 0
split_gain=512.555 18.583 16.9812 113.558 75.4395 39.6553 53.1249 39.3528 48.6523 38.069 34.0001 29.7919 27.355 22.103 12.878 13.9649 11.068 20.1526 10.9579 6.40372 3.50134 3.39467 2.80351 2.72963 3.20916 5.38649 2.47238 5.56534 1.72623 2.98006
threshold=4.0625958602076713 4.05270600857137 0.92415223574549865 4.2047672406880237 7.3159499364080736 4.5436670406715125 4.2361428001878414 0.99955128939493143 4.2024512923595738 1.0000000180025095e-35 4.5222775864231268 4.2361428001878414 0.7807682914075661 4.2047331123241749 1.0000000180025095e-35 3.9787572410709404 4.2047672406880237 4.2024512923595738 4.159971731735074 7.9810273183704767 4.1097330857824828 0.56802938556004923 4.0077890268154421 4.0279376260590949 0.94061331751995836 0.92415223574549865 4.0443793233521683 0.90776314808047343 0.93394483968704967 0.93621608500462383
decision_type=2 2 2 2 2 2 2 2 2 2 2 2 2 2 2 2 2 2 2 2 2 2 2 2 2 2 2 2 2 2
left_child=23 14 5 7 11 10 9 8 -4 -7 13 -5 -8 -3 15 -2 17 -17 -12 -6 -9 -18 -16 -1 25 -25 -24 -28 -27 -30
right_child=1 2 3 4 19 6 12 20 -10 -11 18 -13 -14 -15 22 16 21 -19 -20 -21 -22 -23 26 24 -26 28 27 -29 29 -31
leaf_value=0.048590546839248593 0.043390599827131615 0.0010417621765967894 0.0084118382471516668 0.011033710648021455 -0.0030211672363302878 0.0045799684971906318 -0.00078106587128001922 0.050088198856504541 -0.034447308708286328 0.025062301780908347 0.0026742111566520725 0.03273724176810526 0.0070232189027357233 -0.012739477457022181 -0.030834347034210459 -0.0039465199748882447 0.050070287618217385 -0.14653017166970456 -0.038193138438200068 -0.04943800976771371 -0.00092035279429950176 0.013962363135340862 0.041132837359419125 0.050020179596238779 0.042957816206738636 -0.014005442431693139 0.032978843151394717 -0.070895084842867037 -0.19351182556327567 -0.023049655833420855
leaf_weight=529.69295211131976 23.864043447843869 537.49895295238821 98.027609352386207 235.63085695030168 294.56144928187132 794.35498519323301 52166.322020241874 3.3715904802520518 204.03536445903592 317.54322709987173 19.006470005988376 480.648824328513 1147.5221548472764 634.28551130322739 1.5854530956421502 111.55069254207774 7.1579624869336831 2.5344772475073105 119.73132471274585 7.622844696044921 1545.0875008469447 71.826496212306665 44.557205239703762 3.6502598382940077 21.271832725222339 3.1161319324746728 5.8622888220706946 1.6531193266564512 0.41040917497593887 0.68322373920818791
leaf_count=4099994 69900 34238 6019 1033 2426 26622 376661 2608 921 25221 2885 389102 28743 3163 23 55295 6556 373 652 56 6297 37299 139526 25218 137745 1347 9976 1502 190 380
internal_value=0.00011138 -0.000340986 -0.000401346 0.00335003 0.0167588 -0.000594445 -0.000387492 -0.00402969 -0.0205384 0.0104294 -0.00918917 0.0255975 -0.000613087 -0.00641801 0.0127319 0.00730698 0.00284692 -0.00711411 -0.0325945 -0.00419207 -0.000809288 0.0172346 0.0346642 0.047771 0.0328701 0.00556954 0.0366584 0.0101303 -0.0329733 -0.0870192
internal_weight=59434.7 58875.8 58605.3 2868.99 1018.46 55736.3 54425.7 1850.52 302.063 1111.9 1310.52 716.28 53313.8 1171.78 270.592 216.934 193.07 114.085 138.738 302.184 1548.46 78.9845 53.6581 558.825 29.1319 7.86002 52.0726 7.51541 4.20976 1.09363
internal_count=5491971 1227097 906647 408462 392617 498185 457247 15845 6940 51843 40938 390135 405404 37401 320450 169423 99523 55668 3537 2482 8905 43855 151027 4264874 164880 27135 151004 11478 1917 570
is_linear=0
shrinkage=0.05


Tree=106
num_leaves=31
num_cat=0
split_feature=3 2 0 2 3 3 3 1 3 1 0 3 2 3 1 2 0 3 3 2 3 2 3 0 0 3 2 2 3 0
split_gain=486.309 17.1726 16.3623 34.3604 21.4896 119.451 95.3428 76.2068 61.2268 52.7897 25.0762 16.8223 20.3658 13.8745 10.3975 12.2689 8.62499 13.9668 4.12436 3.48829 3.3894 4.75904 2.80798 3.1394 4.97009 1.49871 2.28618 145.206 1.36 1.64944
threshold=4.0625958602076713 4.030888272116945 0.25270326911339452 4.4084610982207808 7.9810273183704767 7.9584020480681064 7.9942274713266626 1.5000000000000002 7.8549435851211564 1.5000000000000002 0.67233198250082127 6.5236944472770055 5.0199087660326223 6.6746245191423315 1.0000000180025095e-35 3.9787572410709404 0.6773993455261399 4.3974692789610161 4.430280939237992 4.0077890268154421 5.9734787654269947 4.3694757063636134 4.0279376260590949 0.94061331751995836 0.92415223574549865 4.0290057169568154 4.0096190303739698 4.0094720765516669 4.0353904154716913 0.93394483968704967
decision_type=2 2 2 2 2 2 2 2 2 2 2 2 2 2 2 2 2 2 2 2 2 2 2 2 2 2 2 2 2 2
left_child=22 14 3 20 5 8 9 -7 -4 -6 -8 12 -5 -13 15 -2 -17 -18 19 -16 21 -3 -1 24 -24 26 27 -25 -26 -30
right_child=1 2 4 11 6 7 10 -9 -10 -11 -12 13 -14 -15 18 16 17 -19 -20 -21 -22 -23 23 25 28 -27 -28 -29 29 -31
leaf_value=0.048519760973631115 0.043010969891564804 0.035797373080231773 0.00042397502939191299 0.00047176746672330822 -0.015115048783050861 0.030205392689863355 0.00041719333913468084 -0.0055947325369760008 -0.0089822193981601624 0.02426407380183921 0.017191579756734836 -0.010592323874633896 0.022003271096041416 -0.0028724645506968348 -0.028692892405614692 0.050037927920183689 -0.00072214690025323655 -0.74703918189575558 -0.18751430517430864 0.046685032948973977 0.054168729310801168 0.0102347486125606 0.050019194928341476 0.050007726872043037 0.050032303976815032 0.047270405545840367 0.050006971878123467 -3.6844385216235302 -0.020170836676301106 -0.09369494575496129
leaf_weight=504.57636503431422 22.895535918549285 43.956234237411991 40978.702133742117 1656.6784795420244 1561.2528407424688 535.62465612962842 3405.6651516854763 205.75127658993006 1806.2891427464783 90.012102521955967 238.39248416572809 631.95121920108795 117.61973477900028 7366.5431769788265 1.6177270074258618 8.9274613590387144 104.03058042968041 0.062726743053643896 0.19554606080055137 29.95810235098179 11.675488928565754 31.082236700225621 3.4723010248199015 0.93206927750725599 0.47135563002666447 18.256222703465028 1.1626416463404892 0.02677773468894884 2.8422507722862069 1.0426390017382798
leaf_count=4099994 69900 1901 877925 8779 8725 2428 16267 2293 8206 771 1421 2894 562 34753 23 12874 64015 50 1 112671 274 364 25218 6236 753 122988 8337 184 797 367
internal_value=0.000106764 -0.000323768 -0.000369427 -0.00222732 5.77412e-06 0.000371662 -0.00300174 0.0202699 2.6866e-05 -0.0129685 0.00151457 -0.00250536 0.00189911 -0.0034824 0.0156541 0.0096345 0.00287316 -0.00117188 0.0414055 0.0428232 0.0291082 0.0252089 0.0476615 0.0323089 0.00539617 0.042648 0.0028706 -0.0542842 -0.0301722 -0.0399035
internal_weight=59381.7 58848.9 58681.2 9859.51 48821.7 43526.4 5295.32 741.376 42785 1651.26 3644.06 9772.79 1774.3 7998.49 167.688 135.916 113.021 104.093 31.7714 31.5758 86.714 75.0385 532.783 28.2063 7.82855 20.3777 2.12149 0.958847 4.35625 3.88489
internal_count=5491971 1227097 967563 49527 918036 890852 27184 4721 886131 9496 17688 46988 9341 37647 259534 146839 76939 64065 112695 112694 2539 2265 4264874 164880 27135 137745 14757 6420 1917 1164
is_linear=0
shrinkage=0.05


Tree=107
num_leaves=31
num_cat=0
split_feature=3 2 2 0 0 0 3 0 0 0 3 0 1 1 3 0 3 3 1 1 0 3 1 3 2 2 0 0 0 1
split_gain=462.302 16.4677 22.2906 52.7914 59.6643 79.5836 39.8218 226.248 81.1629 33.2911 32.9317 26.8889 23.9334 20.0979 20.0525 56.2912 23.0002 105.306 87.3268 31.5127 31.8744 31.7095 29.8001 20.4345 10.1772 8.27966 8.09922 6.73652 5.55703 5.0845
threshold=4.0625958602076713 7.0948639925422592 5.5245751061938488 0.91830335019733844 0.66578999664304883 0.58344428527736492 5.8019521846187621 0.29289468721693729 0.58808560373301499 0.67233198250082127 7.1123681928467075 0.47638594757386876 1.0000000180025095e-35 1.0000000180025095e-35 8.3242998889234094 0.40475553788558277 7.9810273183704767 7.9584020480681064 1.5000000000000002 1.5000000000000002 0.94478429972001321 7.9942274713266626 1.5000000000000002 8.4580160548255012 6.4739370300385177 7.0099275978482467 0.55449294601117682 0.44436429482993728 0.14402769709617944 1.0000000180025095e-35
decision_type=2 2 2 2 2 2 2 2 2 2 2 2 2 2 2 2 2 2 2 2 2 2 2 2 2 2 2 2 2 2
left_child=-1 2 6 4 5 -4 7 13 11 -9 -6 -8 -10 -2 16 28 17 22 -19 21 -21 -18 -3 27 -5 -26 -25 -17 -16 -30
right_child=1 14 3 24 10 -7 8 9 12 -11 -12 -13 -14 -15 15 23 19 18 -20 20 -22 -23 -24 26 25 -27 -28 -29 29 -31
leaf_value=0.047552089562372217 0.018214914689628776 -0.0074110452735639239 0.00088462912339473503 0.050013423729237741 0.013646137604400851 0.013858838122520274 -0.003311730648286593 -0.0014980722633351484 -0.063998643179121378 0.0029038128294325456 -0.017834801268520779 0.0082747787248107132 -0.015727933903955507 0.03804931421787934 -0.021838431372561858 0.0048834016297761131 -0.017152665404525234 0.034483974538595794 -0.0085767955704374888 0.024688842210296744 -0.13152732728664035 -0.0041307403232937996 0.015894630268834579 0.0017027220070103353 -0.14157461356516096 0.055739368710996134 -0.022573497774139667 0.016649436999677206 -0.020580880027798034 -0.0038808813152507501
leaf_weight=508.94046996390534 191.6144921839732 2222.6304808659479 15534.37002000073 63.087875284953043 97.049164004798513 1279.2954382076859 10532.994403612684 16362.42700427855 68.762397356331348 5824.1665492633765 576.83504762104712 525.72698651999235 40.984240144491196 383.00676615687553 47.339496828615665 151.90529082715511 844.81063472479582 328.22272189334035 183.60157658532262 93.784486394375563 3.3831460550427428 1046.7345918416977 146.18360775709152 173.29177132248878 1.2803207418182858 0.90922791697084893 42.85378597676754 610.80262980982661 47.121620565652847 1391.3406161293387
leaf_count=4264874 6629 12476 94471 293707 14424 100093 51124 168847 447 443069 5813 2690 166 3980 382 653 4839 1549 2146 869 25 4661 1097 1004 137 371 180 2978 266 8004
internal_value=0.000102944 -0.000307634 8.14036e-06 0.00145464 0.0012871 0.00187179 -0.000740174 0.000459711 -0.00318553 -0.000342541 -0.0133011 -0.00276091 -0.0459722 0.0314353 -0.00252428 0.00115058 -0.00438433 -0.0015291 0.0190372 -0.00852013 0.0192498 -0.00994665 -0.00597281 0.0104602 0.0463355 -0.0596384 -0.00311037 0.014306 -0.00498267 -0.00442795
internal_weight=59325.5 58816.5 51482.5 17552.8 17487.5 16813.7 33929.7 22761.2 11168.5 22186.6 673.884 11058.7 109.747 574.621 7334.01 2464.66 4869.35 2880.64 511.824 1988.71 97.1676 1891.55 2368.81 978.853 65.2774 2.18955 216.146 762.708 1485.8 1438.46
internal_count=5491971 1227097 1185968 509016 214801 194564 676952 622525 54427 611916 20237 53814 613 10609 41129 13467 27662 17268 3695 10394 894 9500 13573 4815 294215 508 1184 3631 8652 8270
is_linear=0
shrinkage=0.05


Tree=108
num_leaves=31
num_cat=0
split_feature=3 1 0 2 3 0 2 2 0 3 2 3 2 2 0 2 2 2 3 2 3 0 0 2 3 2 0 3 3 3
split_gain=438.519 15.8509 59.979 30.3246 24.0935 81.3207 68.7103 64.0627 63.2539 35.7278 27.8427 13.6448 167.694 95.6469 66.5753 33.5449 26.9672 9.30029 9.75979 4.23472 2.9005 3.32643 4.82598 2.65381 1.52302 1.32477 4.18758 3.72518 1.26304 1.62605
threshold=4.0625958602076713 1.0000000180025095e-35 0.97438968303263829 4.0613265649149151 6.1599406747691683 0.54628916915766801 5.3967752333733872 6.9354456287757147 0.59974344721633821 6.7761076281080266 5.1989618871993128 5.4424826413705318 4.4524223690016962 5.1989618871993128 0.7100346075935321 4.7001851868954612 4.3694757063636134 7.1770651455763064 4.1122663335060547 4.1097330857824828 4.0279376260590949 0.94061331751995836 0.92415223574549865 4.0077890268154421 4.3382053465969248 4.030888272116945 0.90329119303305372 4.430280939237992 4.0353904154716913 4.0360973166288536
decision_type=2 2 2 2 2 2 2 2 2 2 2 2 2 2 2 2 2 2 2 2 2 2 2 2 2 2 2 2 2 2
left_child=20 2 4 23 6 9 10 -7 -8 -6 -2 13 16 14 -5 -14 -13 18 19 -4 -1 22 -22 -3 -20 27 -27 -25 -24 -30
right_child=1 3 17 11 5 7 8 -9 -10 -11 -12 12 15 -15 -16 -17 -18 -19 24 -21 21 -23 28 25 -26 26 -28 -29 29 -31
leaf_value=0.048369347703600518 -0.00034728903300944205 -0.026937410468972398 0.050301484621525977 -0.0052825133038491949 0.0079961009489973225 0.035839673803725471 0.022828656461204896 -0.027081959986018853 -0.058947071988226574 -0.0035022250158572217 0.011873320881846026 0.044027847513679032 0.0055576140117248301 -0.30909910176336491 0.0029202344632115085 -0.0011289037218886013 0.019691444619095042 -0.0077539427549647962 0.02856512638952672 -0.033669741679364665 0.050017415092100941 0.042334144254536243 0.050029300238286882 0.046514522233873701 0.050016839836769023 0.038685509959949467 -0.013071123174739338 -0.16383107051892654 -0.11606703560336085 -0.026589794136944095
leaf_weight=458.36688088316441 10271.461480039114 1.6450614411733102 2.0538095554802558 6770.6956912110618 1269.1230442970991 303.91949459601892 32.055522963404655 46.663489698315971 90.150568703975296 1444.5385445074644 488.24079839204205 183.53886398597388 1994.3950207512826 2.5407708063721648 3897.5876787905145 31520.266035634093 299.71933794254437 9.8768494240939599 9.2255648393183929 5.5824050232768059 3.1497323373041608 19.511256272366154 0.42758304654853407 28.510238917282553 80.229336529693683 22.026161559100732 4.7511517250095485 0.21205000579357047 0.60155388712883029 3.256037061335519
leaf_count=4099994 270249 23 523 63893 10218 158457 251 2125 1077 16797 5089 2844 8921 24 36707 146581 1956 84 211 32 25218 137745 753 112671 341033 41075 6255 1 194 970
internal_value=9.87177e-05 -0.000292094 0.00117271 -0.000752344 0.000886633 0.004803 -0.00021618 0.0274646 -0.0374967 0.0018753 0.000207243 -0.00079891 -0.000309329 -0.00235875 -0.00228569 -0.000731002 0.0289343 0.0384705 0.0431728 -0.0110851 0.0474321 0.0314897 0.003031 0.0356477 0.0478045 0.0375028 0.0295022 0.0449616 -0.0315054 -0.0405429
internal_weight=59264.3 58779 14053.1 44725.9 13946.2 3064.24 10881.9 350.583 122.206 2713.66 10759.7 44668.7 33997.9 10670.8 10668.3 33514.7 483.258 106.968 97.0911 7.63621 485.313 26.9462 7.43491 57.1447 89.4549 55.4996 26.7773 28.7223 4.28517 3.85759
internal_count=5491971 1227097 806146 420951 464263 187597 276666 160582 1328 27015 275338 260926 160302 100624 100600 155502 4800 341883 341799 555 4264874 164880 27135 160025 341244 160002 47330 112672 1917 1164
is_linear=0
shrinkage=0.05


Tree=109
num_leaves=31
num_cat=0
split_feature=3 3 2 1 2 3 1 0 2 2 2 1 0 3 0 0 3 0 0 2 1 2 2 2 3 2 3 0 2 0
split_gain=415.927 15.2694 15.1305 13.0179 50.3732 18.5275 15.8276 56.533 16.5831 5.26294 4.33166 3.12548 6.35871 2.9783 3.24081 4.45254 2.39409 7.51789 2.26076 1.93405 1.78851 1.42801 2.37175 1.22896 2.2006 1.49493 1.0119 0.819932 1.89436 0.704966
threshold=4.0625958602076713 8.6879410503086998 3.9787572410709404 1.5000000000000002 4.3694757063636134 6.6746245191423315 1.0000000180025095e-35 0.97438968303263829 4.0613265649149151 6.7695100238511943 6.3853889739133587 1.0000000180025095e-35 0.21058625871244899 4.0279376260590949 0.94061331751995836 0.92415223574549865 9.3754234645801322 0.21058625871244899 0.40475553788558277 7.0948639925422592 1.0000000180025095e-35 6.5729417446171423 6.7189021950326238 3.9787572410709404 4.0571617561332669 3.97085800884757 4.0290057169568154 0.98114907774268822 4.0094720765516669 0.3654363882654203
decision_type=2 2 2 2 2 2 2 2 2 2 2 2 2 2 2 2 2 2 2 2 2 2 2 2 2 2 2 2 2 2
left_child=13 2 20 6 -5 -6 7 -4 -8 10 -3 12 19 -1 15 -15 18 -18 -13 -11 -2 -12 -23 25 -25 -17 27 28 -16 -14
right_child=1 9 3 4 5 -7 8 -9 -10 11 21 16 29 14 26 23 17 -19 -20 -21 -22 22 -24 24 -26 -27 -28 -29 -30 -31
leaf_value=0.048288012371396509 0.042602382846751961 0.013376130169595025 0.00084492790679715091 0.047603668038100566 -0.0035288098973719757 0.006807158861981963 0.030925540412167937 0.038042258347297242 -0.00085342125316438435 0.010859759379793773 -0.046263995325899844 -0.0057150494754418532 -0.060285867641739758 0.050016568163573485 0.050006716668454215 -0.031986486808331917 -0.024962373468014082 0.0090707602942878395 0.0045561063409909957 -0.019765105081707649 -0.092350956258752642 -0.014464378795841738 -0.04727436244640687 -0.088208072618636404 0.050192075029043784 0.050137162173107833 0.046866749704837694 0.050015414518118986 -0.053814455582790223 -0.0314693449102827
leaf_weight=436.72823847863037 21.940298153887856 6.4047430008649817 13873.166098296555 63.762256204878213 759.87803797330707 1009.6400687322021 41.091231223734212 102.90305163805897 42169.810034041118 9.6135580837726646 10.998721376061438 489.98288005590439 8.0507389307022077 2.9961675398080869 0.80953481685719741 1.8261488415882925 50.968876272439957 23.805695608258247 60.151144325733185 11.116898149251936 0.2482849657535543 17.611587792634968 8.0146228522062284 1.4446650017052887 0.3584859815891831 0.79556046187644813 15.917139914614379 1.0156225624159558 0.96088667244475801 2.8822166472673407
leaf_count=4099994 69900 38 394113 81218 6441 7258 98766 341883 222412 62 82 3605 57 25218 6229 1120 431 171 377 79 1 128 59 361 112 324 122988 8080 448 16
internal_value=9.49665e-05 -0.000277037 -0.000188533 -0.00020432 0.00394191 0.00236862 -0.000339605 0.0011188 -0.000822485 -0.00761971 -0.0245598 -0.00650951 -0.0218351 0.0473071 0.0309081 0.00295042 -0.00573298 -0.0141274 -0.00459201 -0.00556311 0.0410923 -0.0311938 -0.0247257 -0.0289191 -0.0606926 -0.00706598 0.0420011 0.0142027 -0.00634166 -0.0526891
internal_weight=59204.9 58742 58042.4 58020.3 1833.28 1769.52 56187 13976.1 42210.9 699.602 43.0297 656.572 31.6634 462.852 26.1242 7.42103 624.909 74.7746 550.134 20.7305 22.1886 36.6249 25.6262 4.42486 1.80315 2.62171 18.7032 2.78604 1.77042 10.933
internal_count=5491971 1227097 1221992 1152091 94917 13699 1057174 735996 321178 5105 307 4798 214 4264874 164880 27135 4584 602 3982 141 69901 269 187 1917 473 1444 137745 14757 6677 73
is_linear=0
shrinkage=0.05


Tree=110
num_leaves=31
num_cat=0
split_feature=3 0 3 2 2 2 1 2 3 2 3 3 3 3 3 2 1 2 3 3 0 0 3 2 3 1 3 0 3 0
split_gain=394.469 14.4746 19.1541 18.2915 17.7262 14.208 14.1972 46.9875 20.4209 17.0162 29.5989 22.3269 11.3423 38.3893 17.2186 5.69543 5.11899 9.96918 3.90535 3.05413 3.15341 4.11501 3.02416 4.19759 2.63073 1.66355 1.08343 1.21331 1.01279 0.784049
threshold=4.0625958602076713 0.14402769709617944 7.3079129921864023 4.8759953683502149 5.164963085408476 3.9787572410709404 1.5000000000000002 4.3694757063636134 6.6746245191423315 7.0948639925422592 8.3242998889234094 7.3233027137203726 7.9584020480681064 8.1727008602802069 7.5289283282427251 4.6569856547695219 1.5000000000000002 5.0866414907511173 7.2943637121476916 4.0279376260590949 0.94061331751995836 0.92415223574549865 7.3233027137203726 5.0866414907511173 6.8814729014907963 1.0000000180025095e-35 4.0353904154716913 0.93394483968704967 4.0290057169568154 0.98114907774268822
decision_type=2 2 2 2 2 2 2 2 2 2 2 2 2 2 2 2 2 2 2 2 2 2 2 2 2 2 2 2 2 2
left_child=19 2 3 15 22 25 9 -8 -9 11 -11 -7 14 -14 -6 -2 18 -18 -5 -1 21 -21 23 -4 -17 -3 -23 -28 29 -22
right_child=1 5 4 16 12 6 7 8 -10 10 -12 -13 13 -15 -16 24 17 -19 -20 20 28 26 -24 -25 -26 -27 27 -29 -30 -31
leaf_value=0.048202818897323446 0.052310917155972018 0.042198360684115734 0.079919030557075679 -0.020228715917030137 0.0024066512249153846 -0.00045960089919374719 0.047422120388421668 -0.0033902433316823233 0.0075887638264159176 -0.0050475308749721665 0.0018669635321206135 0.0023351522498823427 0.014198881862252991 -0.0089669950263096786 -0.015846087763033086 -0.001421908331117937 0.053811239778117526 -0.040731076232716691 -0.045615398035722267 0.050015761427194078 -0.0059132014784275292 0.050028739858938659 0.0081384304635222244 0.029371981077774896 0.026820358894796156 -0.088614971028072684 -0.017273409945318487 -0.077284832865805841 0.046715706794268008 0.050014665620296064
leaf_weight=416.1447428107931 7.2521090051159254 21.065082532819364 4.8369111865758887 263.06067468225956 212.67610083520412 39739.031999129482 60.878943228439311 760.6137367784977 955.70141051709652 4422.0200965401018 2381.1417706012726 8713.1979898116551 310.58674104511738 421.57862946391106 329.20776322484016 37.553904071450233 6.3937059342861158 4.9448299258947372 16.074844568967819 2.8500875401514376 1.7835000860359316 0.41916769702220325 12.663129076361654 27.225746646523476 10.565280750393866 0.24587337672710319 2.9637947888113558 1.1766326749930156 15.188589100944226 0.96610415102622926
leaf_count=4099994 58 69900 21 1153 987 979127 81218 6435 7040 23525 12898 38946 1418 2442 1408 175 28 21 67 25218 6677 753 52 130 47 1 797 367 122988 8080
internal_value=9.08619e-05 -0.000263165 -0.00485906 -0.0153325 -0.00211244 -0.000129074 -0.000144326 0.00425442 0.00272323 -0.000285804 -0.00262742 4.29815e-05 -0.00319856 0.000860039 -0.00868234 0.0110045 -0.0203529 0.0125805 -0.0216907 0.0471765 0.0303263 0.00288663 0.0288266 0.0369974 0.0047791 0.0406891 -0.0265726 -0.0343275 0.0416608 0.0137377
internal_weight=59160 58718.5 1664.62 345.845 1318.78 57053.9 57032.6 1777.19 1716.32 55255.4 6803.16 48452.2 1274.05 732.165 541.884 55.3713 290.474 11.3385 279.136 441.493 25.3479 7.40968 44.7258 32.0627 48.1192 21.311 4.5596 4.14043 17.9382 2.7496
internal_count=5491971 1227097 8007 1549 6458 1219090 1149189 94693 13475 1054496 36423 1018073 6255 3860 2395 280 1269 49 1220 4264874 164880 27135 203 151 222 69901 1917 1164 137745 14757
is_linear=0
shrinkage=0.05


Tree=111
num_leaves=31
num_cat=0
split_feature=3 0 2 0 2 2 3 3 3 0 2 2 3 2 3 1 3 2 1 3 2 2 3 3 0 2 3 1 3 0
split_gain=374.066 14.6162 40.5931 23.8719 181.036 23.5651 49.9302 118.62 62.2336 39.3689 152.028 70.4559 16.046 35.3835 17.6937 15.949 14.9363 27.5014 25.6982 16.6785 19.0469 13.5854 8.61368 7.96917 5.01193 3.948 5.45529 5.36586 3.13061 3.06748
threshold=4.0625958602076713 0.26337961663928472 4.4084610982207808 0.29289468721693729 4.5341594832340997 5.5245751061938488 7.3159499364080736 7.3233027137203726 7.2540859042396688 0.66578999664304883 4.2672363075222259 4.2361428001878414 7.2943637121476916 4.8759953683502149 7.3233027137203726 1.0000000180025095e-35 6.5236944472770055 5.0199087660326223 1.5000000000000002 6.6746245191423315 5.209507762638709 4.3694757063636134 5.4424826413705318 8.1727008602802069 0.23997610999563768 4.3694757063636134 5.9734787654269947 1.0000000180025095e-35 4.0279376260590949 0.94061331751995836
decision_type=2 2 2 2 2 2 2 2 2 2 2 2 2 2 2 2 2 2 2 2 2 2 2 2 2 2 2 2 2 2
left_child=28 2 25 4 15 9 8 -8 -7 11 -11 -5 13 -6 -14 22 17 18 -4 20 -18 -17 -3 -21 -19 27 -27 -2 -1 -30
right_child=1 3 16 5 12 6 7 -9 -10 10 -12 -13 14 -15 -16 21 19 24 -20 23 -22 -23 -24 -25 -26 26 -28 -29 29 -31
leaf_value=0.048113593255583946 0.022321732392890332 -0.044650424760186269 -0.0013997168867610277 0.010491714542235601 -0.0073945379448294053 0.0022061379962860393 -0.011536821831723018 0.0016929628839936353 0.01528658056356467 -0.0037732217994334016 0.012619636274810917 -0.0028069939765375299 -0.026698520111612674 0.007551940334776415 -0.0035873688778171849 0.052333037123326077 -0.0063234401655178872 0.0031085291230268449 0.027732556538442872 -0.0016851401316731061 -0.026596459747508114 0.031142791849880808 0.020573059664867676 -0.0056115389923568123 0.023827487219602719 0.010524859292741905 0.054577507507790612 0.051328108365475605 0.0028019951065868676 0.041306704228527627
leaf_weight=396.56498121952609 34.801735033397563 5.2484441600245182 1884.9875365197659 1048.7631057132967 613.58978731930256 3419.8064034865092 2003.7982999854721 10969.90369778173 1238.6972952868091 3720.355238717937 2281.7849063283647 19778.197886353126 90.564355909824371 1116.4589379057288 968.00806692242622 110.66916593289352 566.70320606231689 36.178018942475319 78.86701265303418 6358.3996836021543 145.63176065683365 238.95178736746311 142.48334822547622 1621.9537531062961 151.07664948701859 45.83080190513283 8.3005203618668002 29.423907880554907 7.3952349345418069 17.208575193668366
leaf_count=4099994 2486 972 9654 92363 3022 336727 25719 54541 98806 334739 114368 92706 450 5289 4517 2070 2608 174 737 28566 653 1510 3278 9084 721 586 154 597 27135 137745
internal_value=8.6819e-05 -0.000250012 -0.00189651 0.000128002 0.00424043 -0.000175933 0.00124398 -0.000350388 0.00568423 -0.00110911 0.00245872 -0.00213732 -0.00071588 0.00225093 -0.0055646 0.0320301 -0.00221438 0.00151595 -0.000229785 -0.00313749 -0.0104681 0.0378504 0.0182559 -0.00248315 0.0198245 0.0272269 0.0172799 0.0356105 0.0470399 0.0297332
internal_weight=59130.6 58709.4 10962.2 47747.3 3285.97 44461.3 17632.2 12973.7 4658.5 26829.1 6002.14 20827 2788.62 1730.05 1058.57 497.353 10843.8 2151.11 1963.85 8692.69 712.335 349.621 147.732 7980.35 187.255 118.357 54.1313 64.2256 421.169 24.6038
internal_count=5491971 1227097 56020 1171077 21108 1149969 515793 80260 435533 634176 449107 185069 13278 8311 4967 7830 52197 11286 10391 40911 3261 3580 4250 37650 895 3823 740 3083 4264874 164880
is_linear=0
shrinkage=0.05


Tree=112
num_leaves=31
num_cat=0
split_feature=3 3 3 3 3 0 0 0 2 0 0 2 3 3 1 2 3 3 2 0 3 2 0 1 2 2 3 0 2 3
split_gain=354.656 13.7157 42.1903 92.1986 83.7433 83.7853 70.6786 126.46 62.0216 48.2072 54.534 48.3884 36.6286 79.0433 49.8634 61.6509 47.2837 53.7076 45.3948 23.5504 23.3841 18.6031 18.547 18.198 13.8905 12.9664 10.23 6.16743 5.83039 3.20895
threshold=4.0625958602076713 7.7766189032103208 7.3233027137203726 7.3159499364080736 7.2540859042396688 0.57374697000709707 0.33474620881895956 0.62697070272404276 6.7189021950326238 0.64922974994475979 0.67233198250082127 6.233413750140044 7.9584020480681064 7.9810273183704767 1.5000000000000002 6.802509271839944 7.9942274713266626 8.1727008602802069 6.3482148112120722 0.90776314808047343 7.3955494728005915 5.9646979569103058 0.9278513163069585 1.5000000000000002 7.43966328272107 6.6343668269686615 7.8947653466217966 0.14402769709617944 5.8138794391169242 4.0279376260590949
decision_type=2 2 2 2 2 2 2 2 2 2 2 2 2 2 2 2 2 2 2 2 2 2 2 2 2 2 2 2 2 2
left_child=29 2 3 4 8 -6 20 25 -2 11 -11 -5 19 14 15 -14 18 -18 -15 23 21 -4 -16 26 -9 -8 -3 -25 -22 -1
right_child=1 12 6 9 5 -7 7 24 -10 10 -12 -13 13 16 22 -17 17 -19 -20 -21 28 -23 -24 27 -26 -27 -28 -29 -30 -31
leaf_value=0.048020167047886218 -0.00011525386720306397 -0.0045413471682804454 0.00029957714702780625 -0.0042134558718926974 0.0011749419548699727 0.024395999875606408 0.020466612497911742 -0.013968418392452714 -0.026163823418378009 0.021861608065468663 -0.0073475213985961371 -0.02216166978418246 0.0023611379357989276 0.0090355522290242723 -0.014482522697722711 0.030830248903117127 0.0097946049244945609 -0.0020512099523541886 -0.011228129194277252 -0.10154288796325102 -0.0089804881158157667 0.02356233140674752 0.025012317635564992 -0.03686623744981276 0.028701681090326638 0.012166350330769047 -0.010681913931181041 0.012187907309743264 -0.0027224641464250791 0.029123950357529252
leaf_weight=377.93997043052514 37501.79354135516 1460.4231885671616 215.45005667209625 621.88014240562916 873.61304525320884 699.49162919761147 639.63988938182592 520.0302720698528 229.91610733943526 208.96081118495204 679.19468446169049 947.94735528854653 326.15706972777843 325.61222358047962 182.8722492903471 456.08525650203228 1227.4587918445468 4340.2815360538661 1827.9925573766232 6.524185672402381 498.27911029756069 142.97221067547798 35.49555442482233 6.6923930794000617 19.798776507377625 1779.569730986841 1266.4219693094492 150.54932884126902 1470.8037992715836 23.887495628725446
leaf_count=4099994 1011871 6432 902 3374 12731 87561 2723 2963 3798 11624 4918 8351 1349 1666 1727 2118 5478 22560 10596 27 2101 594 635 28 127 8191 5512 1048 6092 164880
internal_value=8.332e-05 -0.000237347 0.000142482 -0.000390228 0.000197267 0.0115003 0.0043508 0.00947821 -0.000273979 -0.00978466 -0.000475343 -0.0150516 -0.00177626 -0.000159655 0.0130627 0.01896 -0.00187315 0.000560307 -0.00816438 -0.0066541 -0.00216786 0.00957893 -0.00806266 -0.00643945 -0.0124034 0.0143609 -0.0073932 0.0101001 -0.00430607 0.0468968
internal_weight=59063.7 58661.9 47049.3 41762.8 39304.8 1573.1 5286.54 2959.04 37731.7 2457.98 888.155 1569.83 11612.6 8721.96 1000.61 782.242 7721.35 5567.74 2153.6 2890.61 2327.51 358.422 218.368 2884.09 539.829 2419.21 2726.85 157.242 1969.08 401.827
internal_count=5491971 1227097 1167921 1144228 1115961 100292 23693 14004 1015669 28267 16542 11725 59176 46129 5829 3467 40300 28038 12262 13047 9689 1496 2362 13020 3090 10914 11944 1076 8193 4264874
is_linear=0
shrinkage=0.05


Tree=113
num_leaves=31
num_cat=0
split_feature=3 2 3 0 3 0 3 3 2 3 0 1 1 3 0 2 2 2 2 3 0 0 0 3 0 0 1 1 3 3
split_gain=336.207 13.5759 15.0698 109.559 57.4182 42.5568 49.8829 32.3858 32.124 59.5294 23.1734 22.0998 20.6008 14.0265 7.82025 11.9355 116.067 6.11074 16.1982 10.3159 3.86139 12.2833 5.21607 3.28755 3.07487 3.93989 1.71471 1.54578 1.08863 1.00018
threshold=4.0625958602076713 4.0243510107184699 4.2047672406880237 0.94680044662651419 6.5236944472770055 0.99955128939493143 4.2024512923595738 4.6071681687305253 4.2047331123241749 4.5436670406715125 0.98267950596700693 1.0000000180025095e-35 1.0000000180025095e-35 7.9810273183704767 0.95585909713935002 4.0203350922855723 4.0195015957790714 4.0114993236992254 3.9787572410709404 4.3720394261482847 0.93873136270578839 0.94312317587993444 0.84920684346295017 4.0279376260590949 0.94061331751995836 0.92415223574549865 1.0000000180025095e-35 1.0000000180025095e-35 4.0290057169568154 4.0353904154716913
decision_type=2 2 2 2 2 2 2 2 2 2 2 2 2 2 2 2 2 2 2 2 2 2 2 2 2 2 2 2 2 2
left_child=23 14 5 8 7 6 10 -5 12 -10 -3 -8 -4 -6 17 16 -16 18 27 -20 22 -22 -19 -1 25 -25 -7 -2 -26 -27
right_child=1 2 3 4 13 26 11 -9 9 -11 -12 -13 -14 -15 15 -17 -18 20 19 -21 21 -23 -24 24 28 29 -28 -29 -30 -31
leaf_value=0.047922354415112063 0.041798258651895674 -0.0035599656308852473 0.0034427698624053637 0.020787823003731928 0.0020689841614109695 -0.027527275546300679 -0.086952462521875717 0.04924624640911375 -0.013911285556186155 -0.00035450370566574078 0.07560112900245837 -0.029994574313177431 0.017449235306208816 -0.088871093240794174 0.050026625951233784 0.050024433473385713 -6.8066872982688142 0.00076107500988605178 -0.024792993107981137 0.050068037548524638 -0.1062672317071119 0.028462230098803182 0.037322175311860162 0.050014524179331422 0.010563936931021574 0.050026478602017067 -0.00072047400210095138 -0.085203183559096951 0.046305847214996892 -0.03409514884331611
leaf_weight=360.22319787727611 20.250868822855413 166.16689206477895 924.23059938254301 359.1042466070503 285.65251708298456 5.9885889571160069 18.560771141434088 138.53820095426636 822.17695152293891 53633.611128331337 9.7896561693632957 206.52191940482589 366.67402698152 4.3040253520011893 0.040174967914935134 0.062042171703069471 0.0072921248502098015 12.062148938348399 33.756016240920871 5.3282955365430089 2.2371124829805904 6.9392876208148664 51.01149750984041 2.625988900181258 2.5292494913737782 0.38621986715588708 1542.2458303660533 0.24246011674404044 13.510023918533987 4.1518185561290011
leaf_count=4099994 69900 32637 61014 4183 2947 51 316 373013 4219 422215 2776 1501 84814 30 111 203 24 19771 16109 8964 6049 21322 86073 25218 14757 753 8854 1 122988 1164
internal_value=7.96194e-05 -0.000225652 -0.000261794 -0.000112759 0.0184053 -0.00458421 -0.0191001 0.0287103 -0.000374386 -0.000559185 0.000844303 -0.0346914 0.00742123 0.000719098 0.015795 -0.406557 -1.00333 0.0161459 0.00429116 -0.0145873 0.0259213 -0.00438343 0.0303303 0.0467473 0.0285052 0.00127051 -0.000824163 0.0402957 0.0406697 -0.0269358
internal_weight=58998.9 58615.5 58483.6 56534.3 787.599 1949.27 401.039 497.642 55746.7 54455.8 175.957 225.083 1290.9 289.957 131.937 0.109509 0.0474671 131.828 59.5776 39.0843 72.25 9.1764 63.0736 383.426 23.2033 7.16403 1548.23 20.4933 16.0393 4.53804
internal_count=5491971 1227097 998570 952435 380173 46135 37230 377196 572262 426434 35413 1817 145828 2977 228527 338 135 228189 94974 25073 133215 27371 105844 4264874 164880 27135 8905 69901 137745 1917
is_linear=0
shrinkage=0.05


Tree=114
num_leaves=31
num_cat=0
split_feature=3 3 1 0 2 2 2 3 2 2 3 2 3 0 2 2 2 3 1 0 2 3 0 0 2 2 2 2 2 3
split_gain=323.514 12.8887 12.1208 49.7846 26.5048 68.9653 23.3308 13.6767 142.517 72.2572 12.1205 8.93868 9.73641 6.21658 8.10726 4.65271 4.07434 3.24948 2.85165 6.16782 2.35983 2.12711 6.79441 2.49806 1.80271 1.58884 1.40076 2.30194 1.31855 7.90652
threshold=4.0772831707010573 8.6879410503086998 1.0000000180025095e-35 0.97438968303263829 6.7189021950326238 6.9354456287757147 4.0613265649149151 5.4424826413705318 4.4524223690016962 5.1989618871993128 5.9734787654269947 7.1770651455763064 4.1122663335060547 0.94312317587993444 3.9611729973648138 6.7695100238511943 6.3853889739133587 4.0639712580105192 1.0000000180025095e-35 0.21058625871244899 4.0078730087255332 9.3754234645801322 0.21058625871244899 0.19145279672441137 7.0948639925422592 4.030888272116945 6.5729417446171423 6.7189021950326238 4.0128959204727055 4.0708200135356529
decision_type=2 2 2 2 2 2 2 2 2 2 2 2 2 2 2 2 2 2 2 2 2 2 2 2 2 2 2 2 2 2
left_child=13 2 3 4 10 -6 20 9 -9 -8 -2 12 -5 14 -1 16 -3 -16 19 24 -4 23 -23 -20 -17 -22 -18 -28 -19 -30
right_child=1 15 6 11 5 -7 7 8 -10 -11 -12 -13 -14 -15 17 18 26 28 21 -21 25 22 -24 -25 -26 -27 27 -29 29 -31
leaf_value=0.050100247191513729 -0.00035878707124148564 0.013583618265728204 -0.025006441519466984 -0.012509899994075847 0.027175296532340288 -0.011791628497676414 -0.0020751734541974141 0.02730027057901185 -0.0004762115790730684 -0.24709640484714282 0.0031733844260980388 -0.0080354589374853954 0.047459103124108871 0.047535658640132296 -0.024015745888197902 0.011052532871653675 -0.045070837699085084 0.050035465285645855 0.00065673456108239557 -0.051802263188552411 0.045814651371583422 -0.023754776794776482 0.0086911445103793616 -0.0065244469098254656 -0.018666371925667176 0.027358177311186629 -0.013185081298311691 -0.04610936489455375 -0.42660137905171835 0.050010264940463817
leaf_weight=12.085898269928295 10199.848337482312 6.3918879181146613 1.6278830356895913 7.4082633568905285 299.67273454758106 182.81888001016341 10636.328005313902 468.39983407003456 32769.234094017185 3.0097909420728675 3187.7695867209986 9.8398381285369378 78.362330424264655 358.93194609777129 8.6632076692039828 9.5935474783182197 10.534498676657675 2.6319485959102162 181.1272539794445 10.553422868251799 22.463207738139317 49.614433668553829 23.911254286766052 365.42877215147018 10.900584936141966 24.247666370079969 17.242109522223476 7.6706763654947272 0.10490716420463275 0.51020983504713513
leaf_count=133021 250842 38 18 463 101831 2800 100150 4800 150647 24 87398 84 341244 4162329 3157 62 82 9797 1358 73 89293 431 171 2624 79 45733 128 59 541 2694
internal_value=8.02603e-05 -0.00021916 -0.00013802 0.00114507 0.00089721 0.0124105 -0.000545967 -0.000584215 -8.47728e-05 -0.00214449 0.00048227 0.0371012 0.0422794 0.0458884 0.0212495 -0.00699767 -0.0231602 -0.00802672 -0.00595913 -0.0207466 0.0341715 -0.00521872 -0.0132031 -0.00414462 -0.0047546 0.0362339 -0.0297858 -0.0233225 0.0346322 -0.031275
internal_weight=58966.9 58584 57891 13965.7 13870.1 482.492 43925.3 43877 33237.6 10639.3 13387.6 95.6104 85.7706 382.928 23.9962 692.968 41.8392 11.9103 651.129 31.0476 48.3388 620.082 73.5257 546.556 20.4941 46.7109 35.4473 24.9128 3.24707 0.615117
internal_count=5491971 1180432 1175327 784662 442871 104631 390665 255621 155447 100174 338240 341791 341707 4311539 149210 5105 307 16189 4798 214 135044 4584 602 3982 141 135026 269 187 13032 3235
is_linear=0
shrinkage=0.05


Tree=115
num_leaves=31
num_cat=0
split_feature=3 0 2 0 2 0 1 2 3 0 0 3 2 3 3 2 3 2 2 3 0 1 0 2 2 3 1 1 3 0
split_gain=306.329 12.7268 35.7707 21.8245 138.994 36.8896 22.2108 19.8616 108.731 43.8814 33.4143 185.552 50.5688 13.6058 19.4276 22.1058 15.3423 12.2194 28.89 27.5475 11.0652 7.99538 6.2896 7.79242 3.94864 5.37605 5.08745 3.23424 2.96077 2.64081
threshold=4.0772831707010573 0.26337961663928472 4.4084610982207808 0.31410302578058374 4.5341594832340997 0.28230039401158186 1.0000000180025095e-35 5.8138794391169242 6.6011956384225741 0.67233198250082127 0.71821806542236111 4.6071681687305253 4.2361428001878414 5.8941273005512267 6.5236944472770055 5.0199087660326223 6.6746245191423315 4.9275112150820659 4.7001851868954612 7.1123681928467075 0.49796220620923276 1.0000000180025095e-35 0.94312317587993444 3.9611729973648138 4.3694757063636134 5.9734787654269947 1.0000000180025095e-35 1.0000000180025095e-35 4.0639712580105192 0.25270326911339452
decision_type=2 2 2 2 2 2 2 2 2 2 2 2 2 2 2 2 2 2 2 2 2 2 2 2 2 2 2 2 2 2
left_child=22 2 24 4 5 21 -7 10 20 -10 12 -12 -5 27 15 -15 -16 18 -6 -19 -9 -3 23 -1 26 -26 -2 29 -25 -4
right_child=1 3 13 7 17 6 -8 8 9 -11 11 -13 -14 14 16 -17 -18 19 -20 -21 -22 -23 -24 28 25 -27 -28 -29 -30 -31
leaf_value=0.05009599153919269 0.021685766774516863 0.023581899694723671 -0.04918603294298253 0.0079683513845795334 0.0038874725513834856 -0.004883832193930758 0.02183787244378374 -0.0054092686053742759 0.0018778210630540548 -0.005667435889546886 -0.0022910323206283951 0.022047094936083658 -0.0025228924785074625 0.00087615659261135171 -0.0099216977089783068 0.018945633786988301 -0.002267125396862673 0.0068992659799475805 -0.010912462142864066 -0.0019240641133118457 0.049744568346477135 0.039863387569716399 0.047404278245122444 -0.022281056546826356 0.0093767180803026526 0.054238914267014098 0.050545695868179065 -0.014221538854821709 0.034154558475996438 -0.020020118098608874
leaf_weight=11.497413751108981 34.074140692770015 107.10975244312431 14.324143562465908 1217.4822210133862 620.07593498378992 123.01868446804292 211.38744738948299 9.8028461001813394 13179.575885295169 2256.9432607665658 3837.2724480440957 983.92709376855055 20301.249712313991 1856.2053375346586 713.21341183409095 186.24270880222321 7968.170966155827 1477.8706554546952 704.21727354824543 2203.7101394832134 125.7274303627637 254.7267380739795 342.34937283528416 8.8653698916968988 45.144036285579205 7.8372708568349472 27.671280671027489 74.492265006527305 3.1496888458859749 16.939192302525043
leaf_count=133021 2486 2974 179 133305 3280 3712 2738 87 179210 20650 249785 105357 94724 9656 3261 895 37650 7125 3253 10255 305409 2548 4162329 3157 586 154 597 374 13032 182
internal_value=7.69266e-05 -0.000208032 -0.00174551 0.000145365 0.00304755 0.0239795 0.0120077 -0.000249477 0.00116613 0.000774644 -0.00108638 0.00267598 -0.00192932 -0.00203973 -0.00186373 0.00252384 -0.00289598 0.000136225 -0.00398266 0.00161782 0.0457553 0.0350438 0.0456862 0.0206708 0.0260269 0.016013 0.0346194 -0.0198861 -0.00748674 -0.0333833
internal_weight=58924.3 58558.4 10944.3 47614.1 5702.12 696.243 334.406 41912 15572 15436.5 26339.9 4821.2 21518.7 10829.6 10723.8 2042.45 8681.38 5005.87 1324.29 3681.58 135.53 361.836 365.862 23.5125 114.727 52.9813 61.7454 105.756 12.0151 31.2633
internal_count=5491971 1180432 56020 1124412 35885 11972 6450 1088527 505356 199860 583171 355142 228029 52197 51462 10551 40911 23913 6533 17380 305496 5522 4311539 149210 3823 740 3083 735 16189 361
is_linear=0
shrinkage=0.05


Tree=116
num_leaves=31
num_cat=0
split_feature=3 0 3 3 0 3 2 3 2 3 2 3 0 2 3 1 2 2 0 3 1 1 2 2 0 2 1 0 3 3
split_gain=289.985 11.7974 91.3912 54.4195 29.6693 42.7719 25.3898 23.8496 48.6235 40.9645 36.3968 32.0255 25.9356 114.565 26.3011 24.1857 22.6283 20.5583 19.3142 16.7735 16.4475 13.1772 12.5259 10.6338 6.36238 7.5022 4.99371 4.46439 4.37596 2.68803
threshold=4.0772831707010573 0.92415223574549865 4.2047672406880237 7.3159499364080736 0.99955128939493143 4.2024512923595738 4.2361428001878414 4.6348260661835381 4.2672363075222259 5.2095134744993077 4.2047331123241749 5.0394170871300483 0.84447347567522713 5.1351301576799973 5.4424826413705318 1.0000000180025095e-35 4.2672363075222259 4.3004826673323846 0.98267950596700693 4.3282302013682576 1.5000000000000002 1.0000000180025095e-35 4.2047331123241749 3.9787572410709404 0.94312317587993444 3.9611729973648138 1.0000000180025095e-35 0.98761093563120228 7.9810273183704767 4.0639712580105192
decision_type=2 2 2 2 2 2 2 2 2 2 2 2 2 2 2 2 2 2 2 2 2 2 2 2 2 2 2 2 2 2
left_child=24 7 4 6 5 18 22 10 9 11 20 -9 14 -14 -10 17 -17 -12 -3 -8 23 -11 -4 -2 25 -1 -5 -7 -28 -27
right_child=1 2 3 26 -6 27 19 8 12 21 15 -13 13 -15 -16 16 -18 -19 -20 -21 -22 -23 -24 -25 -26 29 28 -29 -30 -31
leaf_value=0.050091890907844022 0.038871341362665415 -0.00023001612007848469 0.030459350426930376 0.060399145022491829 -0.00056403500629650081 -0.040495917756895441 0.050340135104965739 0.0097057557659827529 -0.0026161068835933309 0.021025730334156847 0.013320903151847162 -0.010536602014364951 0.049032153146955311 -0.0057943133946952033 9.4302114694598213e-05 -0.019566670115140943 -0.0017217767081762472 -0.028143339650061345 0.074839225974271062 0.02561227659700965 0.050130400375469709 0.049350688009663461 0.0035411556943181289 2.7623556656971822e-05 0.047266982094228187 -0.020707464251477958 -0.0020577709807981419 -0.025341924577618233 -0.038957425968196374 0.033602668677504992
leaf_weight=10.937551222072218 17.982120025350014 124.15371733122447 57.046767266467214 3.1293470859527579 1547.4092013734044 82.643324943492189 85.238062851363793 1006.3601944356051 11507.303505287971 110.4847807483311 146.24504552781582 242.47397648135666 139.94531966140494 298.5498082950653 40281.968291743542 693.90906429290771 238.77997912699357 37.574159895069897 9.2034419054980372 350.89104590690113 17.231658590550069 65.345564425806515 178.2722816253081 873.25436762315803 326.5752058775397 9.0569734532982675 284.69648829475045 117.98864892870188 8.2680207490921003 3.0440479365133788
leaf_count=133021 59956 32992 292 23 8849 404 925 34140 53825 6346 692 7165 5994 12641 326343 3116 1538 364 1696 388177 52913 3527 741 174797 4162329 3157 2403 517 56 13032
internal_value=7.39391e-05 -0.000197272 0.00294096 0.0154288 -0.00348111 -0.0169962 0.0233032 -0.000357852 -0.00015681 0.00895685 -0.00568452 0.00577549 -0.000405411 0.0117035 -0.000507936 -0.0117312 -0.0149982 0.00484527 0.00495077 0.0304451 0.00174683 0.0315524 0.0100667 0.000811358 0.0454755 0.0200804 -0.00242805 -0.0315841 -0.00309915 -0.00704559
internal_weight=58876 58526.3 2848.94 967.542 1881.4 333.989 671.448 55677.4 53652.4 1424.66 2024.98 1248.83 52227.8 438.495 51789.3 1116.51 932.689 183.819 133.357 436.129 908.468 175.83 235.319 891.236 349.614 23.0386 296.094 200.632 292.965 12.101
internal_count=5491971 1180432 437075 392617 44458 35609 390135 743357 449981 51178 293376 41305 398803 18635 380168 5710 4654 1056 34688 389102 287666 9873 1033 234753 4311539 149210 2482 921 2459 16189
is_linear=0
shrinkage=0.05


Tree=117
num_leaves=31
num_cat=0
split_feature=3 3 3 3 3 0 0 0 2 0 0 2 3 3 1 2 3 3 0 3 0 0 1 2 1 2 1 0 2 0
split_gain=274.457 11.8413 38.1997 83.3403 74.3077 76.1796 62.4995 111.312 55.7745 45.219 47.6391 45.3837 33.8346 71.6647 44.7794 56.1168 43.3632 47.8334 42.1255 21.1208 20.8303 17.0884 16.8053 16.7614 12.9141 12.1715 9.58335 6.43028 7.22215 5.56228
threshold=4.0772831707010573 7.7766189032103208 7.3233027137203726 7.3159499364080736 7.2540859042396688 0.57374697000709707 0.33474620881895956 0.62697070272404276 6.7189021950326238 0.64922974994475979 0.66578999664304883 6.233413750140044 7.9584020480681064 7.9810273183704767 1.5000000000000002 6.802509271839944 7.9942274713266626 8.1727008602802069 0.22576532962289497 7.3955494728005915 0.90776314808047343 0.89630684673097816 1.5000000000000002 5.9646979569103058 1.5000000000000002 7.2629214257795809 1.0000000180025095e-35 0.94312317587993444 3.9611729973648138 0.14402769709617944
decision_type=2 2 2 2 2 2 2 2 2 2 2 2 2 2 2 2 2 2 2 2 2 2 2 2 2 2 2 2 2 2
left_child=27 2 3 4 8 -6 19 25 -2 11 -11 -5 20 14 15 -14 18 -18 -15 23 22 -16 26 -4 -9 -8 -3 28 -1 -24
right_child=1 12 6 9 5 -7 7 24 -10 10 -12 -13 13 16 21 -17 17 -19 -20 -21 -22 -23 29 -25 -26 -27 -28 -29 -30 -31
leaf_value=0.050087939672319295 -7.5878235486728351e-05 -0.024007240743455029 0.00040706670071723931 -0.0039225294160914557 0.0011256766886710385 0.023402639381676582 0.013869560904536116 -0.013191182973148556 -0.024846333702208498 0.023899816003295021 -0.0058513684869924698 -0.021352263186955895 0.0023620640522611907 0.0062639799430570901 -0.014715751608332786 0.029571958364224105 0.009334164377110701 -0.0018373249901248462 -0.011240109135535054 -0.0039898778228970476 -0.095099716040044441 0.019002732524212428 -0.034587685052950984 0.022502520333572414 0.0270863286905366 -0.028212450371128347 -0.0065054805767693945 0.047123552673968006 -0.0066340617472230596 0.011825485500582617
leaf_weight=10.404920528613731 37399.660932925646 80.602586314082146 215.38206505775452 619.94502724707127 873.09460189647507 684.74280310061295 2400.6502151016612 514.43268164643086 228.64125669945497 165.78287792159244 714.28441635984927 939.38339915731922 326.12303477525711 429.81464675068855 172.26805727183819 452.26776633784175 1230.2330558411777 4333.0247085765004 1715.9867785200477 1967.5985834598541 6.5906215310096732 48.057982612401247 6.7459834814071646 142.69612523913383 20.702039331197739 17.306560568511486 2641.2438019961119 311.56995921911584 12.182170091225997 149.76139415800571
leaf_count=133021 965206 365 902 3374 12731 87561 10824 2919 3798 11303 5239 8351 1349 2252 1531 2118 5478 22560 10010 8193 27 831 28 594 171 90 11579 4162329 16189 1048
internal_value=7.10147e-05 -0.000187099 0.000166563 -0.000341574 0.00021663 0.0109174 0.00417345 0.00900157 -0.000226391 -0.00930848 -0.000246982 -0.0144227 -0.00161802 -6.32262e-05 0.012539 0.0181718 -0.00169586 0.000633086 -0.00773395 -0.00195719 -0.00631094 -0.007361 -0.00610763 0.00921223 -0.011633 0.0135684 -0.00702376 0.045256 0.0194954 0.00982492
internal_weight=58831.2 58497 46904.3 41625.5 39186.1 1557.84 5278.77 2953.09 37628.3 2439.4 880.067 1559.33 11592.7 8707.78 998.717 778.391 7709.06 5563.26 2145.8 2325.68 2884.94 220.326 2878.35 358.078 535.135 2417.96 2721.85 334.157 22.5871 156.507
internal_count=5491971 1180432 1121256 1097563 1069296 100292 23693 14004 969004 28267 16542 11725 59176 46129 5829 3467 40300 28038 12262 9689 13047 2362 13020 1496 3090 10914 11944 4311539 149210 1076
is_linear=0
shrinkage=0.05


Tree=118
num_leaves=31
num_cat=0
split_feature=3 0 2 0 2 0 1 2 3 0 3 0 0 3 3 2 3 2 2 3 0 1 0 2 2 3 1 1 3 2
split_gain=259.7 11.383 32.6228 19.7001 125.66 35.3458 20.354 17.1128 100.702 36.9692 32.2731 46.4276 30.7005 12.1492 17.2951 20.0754 13.9608 11.246 26.0093 24.3818 10.6515 7.41966 6.49743 6.95496 3.77898 5.20843 5.01169 2.72274 2.42811 2.25835
threshold=4.0772831707010573 0.26337961663928472 4.4084610982207808 0.31410302578058374 4.5341594832340997 0.28230039401158186 1.0000000180025095e-35 5.8138794391169242 6.6011956384225741 0.67233198250082127 5.8019521846187621 0.5964197271281243 0.47638594757386876 5.8941273005512267 6.5236944472770055 5.0199087660326223 6.6746245191423315 4.9275112150820659 4.7001851868954612 7.1123681928467075 0.49796220620923276 1.0000000180025095e-35 0.94312317587993444 3.9611729973648138 4.3694757063636134 5.9734787654269947 1.0000000180025095e-35 1.0000000180025095e-35 4.0639712580105192 4.2361428001878414
decision_type=2 2 2 2 2 2 2 2 2 2 2 2 2 2 2 2 2 2 2 2 2 2 2 2 2 2 2 2 2 2
left_child=22 2 24 4 5 21 -7 10 20 -10 12 -12 -5 27 15 -15 -16 18 -6 -19 -9 -3 23 -1 26 -26 29 -4 -25 -2
right_child=1 3 13 7 17 6 -8 8 9 -11 11 -13 -14 14 16 -17 -18 19 -20 -21 -22 -23 -24 28 25 -27 -28 -29 -30 -31
leaf_value=0.050084134595848775 0.050412263117570244 0.022821317865193837 -0.030864545737404481 0.0024710647211207875 0.0036973026601243688 -0.0048704354948110665 0.020790435085107657 -0.0051295914872385865 0.001740274292920292 -0.005201995892479592 -0.0038397065043954135 -0.030603539624782957 -0.0015180207218900297 0.00083162803457886695 -0.0094137320677885952 0.018091138803960766 -0.0021161727567611424 0.0065635424674530887 -0.010342704507162806 -0.0017432587526658621 0.049027004453935652 0.038675343613696817 0.046973761856664527 -0.018822391062723709 0.0089657560633772965 0.054022993090058848 0.050034626060108438 -0.013455515988184872 0.033153426342080058 0.01510728792667909
leaf_weight=9.8981995205031144 5.41274092781532 104.83613349075313 32.097847249358892 7213.6011753370403 619.23841114342213 122.98752341860381 207.91447851978592 9.8217218033969385 13150.907128670486 2245.0610037514125 4365.9040314555168 168.28489761974197 14555.532414856862 1855.7680947137997 714.15822667628527 185.30255737900734 7963.0676329210401 1475.6418985500932 705.87936260551214 2200.8600475490093 120.10064835855155 249.26435557738296 297.29610727444378 9.2975242637476168 44.855559073388577 7.4839587192982426 26.486858331249095 74.793586866930127 2.9631400048165224 27.761714709922671
leaf_count=133021 1089 2974 361 53161 3280 3712 2738 87 179210 20650 21396 1183 507431 9656 3261 895 37650 7125 3253 10255 305409 2548 4162329 3157 586 154 597 374 13032 1397
internal_value=6.7848e-05 -0.000177861 -0.00163219 0.000156896 0.00291809 0.0230021 0.011253 -0.000218485 0.00109786 0.000727943 -0.000995472 -0.00483304 -0.000196164 -0.00190995 -0.00174267 0.00239857 -0.00271678 0.000167462 -0.00378169 0.00159085 0.0449329 0.0339815 0.045027 0.018908 0.0252141 0.0154084 0.0338164 -0.0186832 -0.00626095 0.0208676
internal_weight=58772.5 58453 10937.2 47515.8 5686.62 685.002 330.902 41829.2 15525.9 15396 26303.3 4534.19 21769.1 10825.2 10718.3 2041.07 8677.23 5001.62 1325.12 3676.5 129.922 354.1 319.455 22.1589 112.001 52.3395 59.6613 106.891 12.2607 33.1745
internal_count=5491971 1180432 56020 1124412 35885 11972 6450 1088527 505356 199860 583171 22579 560592 52197 51462 10551 40911 23913 6533 17380 305496 5522 4311539 149210 3823 740 3083 735 16189 2486
is_linear=0
shrinkage=0.05


Tree=119
num_leaves=31
num_cat=0
split_feature=3 0 2 3 3 3 0 2 3 2 3 3 3 3 3 0 3 3 3 0 1 3 3 3 2 0 2 0 2 0
split_gain=245.685 11.3597 81.314 116.172 77.95 63.8454 93.1588 53.5745 44.0186 25.4396 34.7093 28.3865 28.3253 23.8852 22.1834 14.8915 29.0111 14.8473 24.4152 12.5902 11.5203 10.8254 10.4771 8.52668 7.72042 6.55465 6.69323 4.89234 4.97212 4.75261
threshold=4.0772831707010573 0.81577353924098361 4.2361428001878414 5.2684764767695773 4.6348260661835381 6.1599406747691683 0.9295828297379839 6.4739370300385177 4.4661954188427844 4.159971731735074 4.6348260661835381 4.6966548594543971 4.4425335955884924 4.4554513360517749 5.0591714496897406 0.56802938556004923 4.6634862616985382 4.3282302013682576 4.3382053465969248 0.58808560373301499 1.5000000000000002 4.2047672406880237 4.4201048667131699 4.6348260661835381 4.2361428001878414 0.94312317587993444 3.9611729973648138 0.35510742169672516 4.0982006077102948 0.88538151868654846
decision_type=2 2 2 2 2 2 2 2 2 2 2 2 2 2 2 2 2 2 2 2 2 2 2 2 2 2 2 2 2 2
left_child=25 9 17 4 8 6 -5 -7 -4 15 12 24 -11 -14 -13 27 23 20 29 -18 21 -3 -20 -17 -12 26 -1 -2 -29 -19
right_child=1 2 3 5 -6 7 -8 -9 -10 10 11 14 13 -15 -16 16 19 18 22 -21 -22 -23 -24 -25 -26 -27 -28 28 -30 -31
leaf_value=0.050080471291888674 0.047291617403056818 -0.0034922479335095166 0.022487286909871809 -0.064642653316737714 0.046664173538898075 0.05001991198353159 -0.69245681194991304 -0.0019699056490751596 -0.014831138996338531 0.022382661732358214 0.026958370940037231 -0.004081970579860446 -0.040093029930534645 -0.010270626426600347 -0.00012279205935738323 0.0051188675887013698 -0.082812193884524959 -0.018976150920887103 -0.00059471966120745127 0.036012908498534515 0.050187667139409198 0.0052050171717184599 -0.045762745434778818 0.034410872099522385 0.0096703193630596866 0.046817383380786191 -0.005899921595362268 0.036353083295993849 0.014745183074619722 -0.047574225678515956
leaf_weight=9.4161301075801038 16.283436447047279 2023.9880421548442 298.12996141798794 24.237161918863425 286.48658833399531 53.013162017596187 0.60564852348761533 758.98685792140896 107.51523125171661 60.609955316409469 90.400558846769854 3815.8589696030831 74.171131826005876 708.30928806227166 48588.162995599967 401.18472193311027 12.959868041274602 20.375239100889303 153.37404740205966 2.692350083962082 10.638874620155546 434.6099605980562 14.011508991941808 26.484078447305365 226.0849536168389 283.71791492844932 12.333283477382791 32.52645296024275 146.68463655549567 50.62120471149683
leaf_count=133021 4265 123934 3225 1756 98638 302332 289 7829 2090 318 963 21900 354 3808 370382 152078 736 101 688 62 38395 11217 59 1959 1110 4162329 16189 19909 11792 243
internal_value=6.50946e-05 -0.000168685 0.00232478 0.0115428 0.0266975 -0.000991296 -0.0799483 0.00142436 0.0125961 -0.00036358 -0.000481876 -0.000320921 -0.0105468 -0.0130975 -0.000411084 0.0095553 0.00448586 -0.00288058 -0.014797 -0.062373 -0.00173016 -0.00195482 -0.00437564 0.00693282 0.0146085 0.0447895 0.0183361 0.0210512 0.018667 -0.0393669
internal_weight=58744.5 58439 4236.59 1528.97 692.132 836.843 24.8428 812 405.645 54202.4 53563.6 52720.5 843.09 782.48 52404 638.816 443.321 2707.62 238.382 15.6522 2469.24 2458.6 167.386 427.669 316.486 305.467 21.7494 195.495 179.211 70.9964
internal_count=5491971 1180432 590796 416159 103953 312206 2045 310161 5315 589636 398835 394355 4480 4162 392282 190801 154835 174637 1091 798 173546 135151 747 154037 2073 4311539 149210 35966 31701 344
is_linear=0
shrinkage=0.05


Tree=120
num_leaves=31
num_cat=0
split_feature=3 3 2 0 3 2 0 3 2 1 0 2 2 2 1 0 3 3 0 0 2 1 1 1 2 2 2 3 2 3
split_gain=232.361 11.1339 10.6609 10.2314 78.2752 45.9843 27.0861 23.1935 41.8254 31.4412 6.61054 6.44306 4.28488 3.79766 2.62601 5.90665 2.19972 1.9404 6.22786 2.38231 1.64804 1.42172 1.37666 2.27412 1.36244 2.21514 1.34477 5.10688 1.17159 0.747931
threshold=4.0772831707010573 8.6879410503086998 3.9787572410709404 0.92415223574549865 4.2047672406880237 6.4739370300385177 0.99955128939493143 4.6348260661835381 4.2361428001878414 1.5000000000000002 0.94312317587993444 3.9611729973648138 6.7695100238511943 6.3853889739133587 1.0000000180025095e-35 0.21058625871244899 4.0639712580105192 9.3754234645801322 0.21058625871244899 0.19145279672441137 7.0948639925422592 1.0000000180025095e-35 1.0000000180025095e-35 1.5000000000000002 6.5729417446171423 6.7189021950326238 4.0128959204727055 4.0708200135356529 4.005470148071681 4.0360973166288536
decision_type=2 2 2 2 2 2 2 2 2 2 2 2 2 2 2 2 2 2 2 2 2 2 2 2 2 2 2 2 2 2
left_child=10 2 21 7 6 -6 -5 9 -9 -4 11 -1 13 -3 15 20 28 19 -19 -16 -14 -2 -12 -24 -15 -26 -18 -28 29 -13
right_child=1 12 3 4 5 -7 -8 8 -10 -11 22 16 14 24 17 -17 26 18 -20 -21 -22 -23 23 -25 25 -27 27 -29 -30 -31
leaf_value=0.050076952741233527 0.040286731628983954 0.013162335757325408 -0.0062779495100040621 -0.01602463993400444 0.023063574769301032 0.0002276862870333755 -0.00028258928431635553 0.010873287754092933 -0.00022837301981880974 0.047120963129849563 0.049917984731321363 -0.056284108640309805 0.010780123991125296 -0.044098305173633924 0.00093937565423749111 -0.050885463182691597 0.050030889156782846 -0.022764428773298331 0.0083725141622458983 -0.0060896431086611587 -0.01772512809503414 -0.082538406959997757 0.036444795048561074 0.050050621595131212 -0.012382581250631597 -0.045158724161034197 -0.28988364515983028 0.05000894066744125 -0.11455051004462158 -0.0092056493214715523
leaf_weight=8.9575137932843081 17.532442888172231 6.4180179089307776 1972.6821621838608 331.90216286317445 593.59816119720927 350.69332659803331 1546.3404342341237 862.47316730800958 52023.493567675527 27.956719691646867 147.32092249840207 0.93932568770833036 9.621921390295034 10.164632752537726 180.44272547215223 10.185893058776854 2.2921619666158217 48.538759097456932 23.999746307730675 363.14068922400475 10.719669386744497 0.23881088197231193 66.164381187023537 57.316136253386503 17.015395492315296 7.3954715430736533 0.14710279607970722 0.44429474904609378 0.299105145037175 8.2818603804989817
leaf_count=133021 61990 38 179972 35609 388906 3711 8849 44186 398655 53448 2270012 724 62 82 1358 73 9797 431 171 2624 79 1 1007979 884338 128 59 541 2694 7 2426
internal_value=6.27866e-05 -0.000159677 -8.43373e-05 -9.62611e-05 0.00283956 0.0145827 -0.00306435 -0.000247235 -4.73253e-05 -0.00553176 0.0445418 0.0177633 -0.00648438 -0.0221604 -0.00549062 -0.019805 -0.0055722 -0.00478138 -0.0124626 -0.00375636 -0.00424165 0.0386362 0.0466542 0.0427602 -0.0287171 -0.0223124 0.032687 -0.0345351 -0.0171604 -0.0140013
internal_weight=58706.7 58414.6 57726.9 57709.1 2822.53 944.291 1878.24 54886.6 52886 2000.64 292.163 21.3614 687.643 40.9935 646.649 30.5275 12.4039 616.122 72.5385 543.583 20.3416 17.7713 270.801 123.481 34.5755 24.4109 2.88356 0.591398 9.52029 9.22119
internal_count=5491971 1180432 1175327 1113336 437075 392617 44458 676261 442841 233420 4311539 149210 5105 307 4798 214 16189 4584 602 3982 141 61991 4162329 1892317 269 187 13032 3235 3157 3150
is_linear=0
shrinkage=0.05


Tree=121
num_leaves=31
num_cat=0
split_feature=3 1 0 2 2 3 2 2 3 3 1 3 3 0 2 3 2 2 3 0 2 2 3 2 3 3 2 0 3 1
split_gain=219.73 10.719 38.1543 21.1429 19.5479 28.8558 68.2789 17.4303 15.9065 15.8446 10.5773 33.5037 22.2323 12.2244 70.2694 31.2174 10.2919 8.13708 9.18469 6.65114 6.18946 3.49964 3.31382 2.18068 2.01639 1.70971 1.6152 4.83954 3.57467 1.42637
threshold=4.0772831707010573 1.0000000180025095e-35 0.97438968303263829 4.0613265649149151 5.0937916101349279 7.3159499364080736 6.3285882831976812 4.8294082094226871 6.1599406747691683 7.3233027137203726 1.5000000000000002 4.9159581800171894 5.49392522624838 0.52711662496787948 4.2672363075222259 7.9584020480681064 3.9787572410709404 7.1770651455763064 4.1122663335060547 0.94312317587993444 3.9611729973648138 4.1097330857824828 4.7699215892209272 4.0078730087255332 4.0639712580105192 4.3382053465969248 4.030888272116945 0.90329119303305372 4.430280939237992 1.0000000180025095e-35
decision_type=2 2 2 2 2 2 2 2 2 2 2 2 2 2 2 2 2 2 2 2 2 2 2 2 2 2 2 2 2 2
left_child=19 2 4 23 7 6 -6 16 -9 -7 13 22 -13 14 -5 -15 -2 18 21 20 -1 -4 -12 -3 -22 -20 28 -28 -25 -21
right_child=1 3 17 10 5 9 -8 8 -10 -11 11 12 -14 15 -16 -17 -18 -19 25 29 24 -23 -24 26 -26 -27 27 -29 -30 -31
leaf_value=0.050073566757066916 0.039814345107828546 -0.023115623848458885 0.050273668710741182 0.026880789435178722 0.0045244511480370744 -0.016191768929904603 0.034632513061674676 -0.0065693831114203103 0.0042032175401633077 2.8994633930201001e-06 0.047440575933475226 -0.013655235230034408 0.0039099287762419553 -0.0028541332476618424 -0.00038196027681073274 0.0049748125453771578 0.00072197796334446892 -0.0074604331219519111 0.025754983039602622 0.049895468031134066 -0.016014939177856288 -0.030598171434809897 0.024100676584946711 0.047619223466784065 0.032165829949107702 0.050013523255225484 0.0369702795980437 -0.022784309092068925 -0.15601128233747086 0.042440797998910235
leaf_weight=8.5212121871554718 16.87029364357295 1.6473266631364811 1.7463125393260259 238.28115034959046 2206.1375086383632 186.59983300906606 205.87735775533656 1639.7214384108665 433.19679825007915 792.43522048485465 39.956976667162962 203.85529439771199 1548.7930871308199 11647.862886683433 29257.686999902129 1429.5738748237491 8400.0088331507141 9.9128065928816778 8.3350044675171358 140.1976695554149 9.6797054923299566 5.7176084443926811 24.553001067921286 20.818767281278273 2.7995961697451994 56.48843267596385 19.138921107834907 4.1174231538316226 0.21777603030204673 118.32348966432619
leaf_count=133021 61990 18 431 8644 57227 15275 118882 13776 2663 4643 14823 4669 11981 82489 128993 7096 168665 84 211 2270012 3157 32 1781 89292 13032 341033 41075 4658 1 1892317
internal_value=6.00679e-05 -0.00015161 0.00105682 -0.000531329 0.000855689 0.0041558 0.00709432 -0.000211142 -0.00431813 -0.00308373 -0.000566415 0.0031694 0.00186688 -0.000725871 -0.00016172 -0.0019983 0.000800332 0.0350212 0.0408467 0.0442853 0.0172243 -0.0116768 0.0385572 0.0333711 -0.00520611 0.0468944 0.035472 0.026391 0.0455112 0.0464835
internal_weight=58679.1 58399.6 13963 44436.5 13880.8 3391.05 2412.01 10489.8 2072.92 979.035 44390.6 1817.16 1752.65 42573.4 29496 13077.4 8416.88 82.2002 72.2874 279.522 21.0005 7.46392 64.51 45.9402 12.4793 64.8234 44.2929 23.2563 21.0365 258.521
internal_count=5491971 1180432 784912 395520 443121 196027 176109 247094 16439 19918 260476 33254 16650 227222 137637 89585 230655 341791 341707 4311539 149210 463 16604 135044 16189 341244 135026 45733 89293 4162329
is_linear=0
shrinkage=0.05


Tree=122
num_leaves=31
num_cat=0
split_feature=3 2 0 3 2 2 1 3 3 3 2 3 3 0 2 2 3 2 1 0 2 0 2 3 0 0 2 3 3 3
split_gain=207.874 12.6695 10.331 18.3394 16.9623 16.0959 11.131 10.9969 44.3088 84.9377 60.5839 22.6992 60.0717 18.7392 7.14345 12.6867 9.10398 42.6849 5.85184 5.41586 4.2113 3.8649 8.14786 57.0357 3.02031 12.8233 2.83466 1.57018 1.42713 1.35652
threshold=4.0417346080923222 4.0243510107184699 0.14402769709617944 7.3079129921864023 4.8294082094226871 5.1989618871993128 1.5000000000000002 7.7766189032103208 7.3233027137203726 7.3159499364080736 7.2629214257795809 7.9584020480681064 7.9810273183704767 0.90776314808047343 4.0114993236992254 3.9787572410709404 4.086060339104173 4.01070119971941 1.5000000000000002 0.9672672026281165 4.6569856547695219 0.84920684346295017 4.0176599623566265 4.2196547423775792 0.93873136270578839 0.94312317587993444 5.0931427481664917 4.0431389794390213 4.1932090212869468 4.0279376260590949
decision_type=2 2 2 2 2 2 2 2 2 2 2 2 2 2 2 2 2 2 2 2 2 2 2 2 2 2 2 2 2 2
left_child=29 14 3 4 20 26 -7 8 9 -4 -10 13 -13 -9 15 27 19 -18 -6 -17 -3 22 23 -16 -23 -26 -5 -2 -24 -1
right_child=1 2 7 5 18 6 -8 11 10 -11 -12 12 -14 -15 21 16 17 -19 -20 -21 -22 24 28 -25 25 -27 -28 -29 -30 -31
leaf_value=0.046818593318098782 -0.051162462296084094 0.051566064451086503 0.00030111508555622499 0.046075585175470793 -0.019709735821338975 -0.0016700078502205425 -0.026924772272086679 -0.0052242723067008352 0.006245915644551351 -0.0095033631807595383 -0.015749693927901327 0.011631012768731555 -0.0017504525102543774 -0.089451991827140878 -0.84734923731193212 0.011186503940749128 -0.02540990354207075 -0.52704657282298661 0.01594405476173132 -0.29570674653798562 0.0089898596226661697 0.036587137577648372 0.050055026402691633 0.014144769544279621 -0.094295997616240954 0.03386359733092556 0.018585744528131953 0.039188746510396257 0.0058236426129197154 0.026455091652872381
leaf_weight=235.53215719985019 0.49351628551085269 7.1119486317038527 38612.763137733018 11.625973120331762 292.88280934095383 1204.9211376458406 45.269549354910851 2730.5671873539686 4607.5864945913199 2343.0198608578648 335.87919715791941 952.62710501626134 7012.3884121365845 6.6196208596229544 0.2228634086495721 23.855180727805422 20.410315966946659 0.43306590172869519 11.979279726743696 0.14462987025035445 31.675934568047523 48.228186552994885 2.3827892349509039 1.3929241863661443 2.421885335672413 10.055772508581866 48.492996782064438 18.753494989359751 7.7716529653698672 8.4724549868260493
leaf_count=4099994 1619 58 891191 49 1289 5991 193 12400 20302 27813 2005 5654 36615 27 269 48693 15079 229 52 2181 150 86073 3983 1804 6049 43494 225 82420 13715 82355
internal_value=5.76918e-05 -0.000134755 -0.000170415 -0.00406557 -0.0143464 -0.00136926 -0.00258449 -5.65936e-05 0.000279937 -0.000259785 0.00475144 -0.0014999 -0.00015001 -0.00542797 0.0150767 0.00291612 -0.011658 -0.0358325 -0.0183088 0.00933708 0.0167964 0.0258302 -0.00039172 -0.10468 0.0309144 0.00898811 0.0239018 0.036872 0.0162028 0.0461115
internal_weight=58636 58392 58255.4 1653.96 343.65 1310.31 1250.19 56601.5 45899.2 40955.8 4943.47 10702.2 7965.02 2737.19 136.566 64.0902 44.8432 20.8434 304.862 23.9998 38.7879 72.4761 11.7702 1.61579 60.7058 12.4777 60.119 19.247 10.1544 244.005
internal_count=5491971 1309622 1004014 8007 1549 6458 6184 996007 941311 919004 22307 54696 42269 12427 305608 150221 66182 15308 1341 50874 208 155387 19771 2073 135616 49543 274 84039 17698 4182349
is_linear=0
shrinkage=0.05


Tree=123
num_leaves=31
num_cat=0
split_feature=3 2 0 3 2 3 0 3 3 2 1 1 0 2 2 2 3 3 3 0 2 0 0 0 2 3 3 1 1 1
split_gain=196.912 11.7283 10.0429 72.0105 40.2994 42.133 29.2528 33.4915 24.1056 36.7564 40.8069 24.7231 24.2886 20.6645 6.73841 11.7245 8.63193 18.1417 4.52188 3.6615 4.92092 56.8321 2.83884 10.9702 2.10557 1.45198 1.38323 1.35266 1.31587 1.30475
threshold=4.0417346080923222 4.0243510107184699 0.92415223574549865 4.2047672406880237 6.4739370300385177 4.6071681687305253 0.99955128939493143 4.2024512923595738 4.6348260661835381 4.2361428001878414 1.0000000180025095e-35 1.5000000000000002 0.7807682914075661 4.2047331123241749 4.0114993236992254 3.9787572410709404 4.3720394261482847 4.0890807290380335 7.9810273183704767 0.84447347567522713 4.0148635345884029 0.83857729982792928 0.93873136270578839 0.94312317587993444 4.0216783609193598 4.0431389794390213 4.0279376260590949 1.0000000180025095e-35 1.0000000180025095e-35 1.0000000180025095e-35
decision_type=2 2 2 2 2 2 2 2 2 2 2 2 2 2 2 2 2 2 2 2 2 2 2 2 2 2 2 2 2 2
left_child=26 14 8 6 5 -5 7 -4 11 10 -10 13 -11 -3 15 25 17 -17 -6 20 21 -16 29 -24 -22 -2 -1 -27 -8 -21
right_child=1 2 3 4 18 -7 28 -9 9 12 -12 -13 -14 -15 19 16 -18 -19 -20 22 24 -23 23 -25 -26 27 -28 -29 -30 -31
leaf_value=0.046665852704961909 -0.046131907449503989 -0.00034283953601818053 0.0051784968236029969 0.014869111365704447 0.0015426894467529591 0.046969866419445394 -0.023106648020023129 -0.029325069281755864 0.0038152120794472362 -0.0004315691047183647 0.028982913808526269 0.046275192778999892 0.0072189179069443487 -0.010875806343521213 -0.060102383401493431 0.0082180889936432616 0.050060830046277316 -0.060544207507281678 -0.035361497565130372 0.03079302621280779 -0.010883532874268707 -3.0583951471914275 -0.081383006196711322 0.033179483265826863 0.037068499125123153 0.040241877526308985 0.025822214981439707 -0.080446032689907687 -4.3689456743549592e-05 0.050010605944474311
leaf_weight=224.76021103729727 0.51925850364932813 807.80736568322754 109.22018158898572 451.74447258369764 339.68898217391688 132.11324724743463 6.2097037937783162 197.52391515858471 635.04515634462587 51604.940226122213 215.78712914342759 22.526386078781798 1058.7278810146672 1099.382741542533 0.90783676051068951 24.573246657339041 5.1600181612884617 15.733887368260183 8.5084877237677556 36.295355474881944 5.6410914059815678 0.016084689181298018 2.6590911603416307 9.7575972190097655 3.852796395891346 17.836518214906395 8.2517779417466937 0.23522932827472587 1539.6642502426257 11.672677568094512
leaf_count=4099994 1619 99871 19178 4862 3655 384044 52 921 23828 375465 18088 31553 28295 5175 1122 51010 8964 6208 56 28627 9011 6 6049 43494 7252 82419 82355 1 8971 59826
internal_value=5.52283e-05 -0.000127913 -0.000162024 0.002768 0.0141038 0.0221328 -0.00293507 -0.0170396 -0.000309184 -0.000111208 0.0101982 -0.00579941 -0.000277767 -0.00641447 0.0146001 0.00284993 -0.0108284 -0.0186233 0.000640906 0.0252309 -0.00214384 -0.1123 0.0299537 0.0086454 0.00857629 0.0363024 0.0459277 0.038671 -0.000136332 0.0354695
internal_weight=58596.8 58363.8 58228.9 2784.67 932.055 583.858 1852.62 306.744 55444.2 53514.5 850.832 1929.72 52663.7 1907.19 134.861 64.0582 45.4672 40.3071 348.197 70.8025 10.4178 0.923921 60.3847 12.4167 9.49389 18.591 233.012 18.0717 1545.87 47.968
internal_count=5491971 1309622 1004014 421739 392617 388906 29122 20099 582275 445676 41916 136599 403760 105046 305608 150221 66182 57218 3711 155387 17391 1128 137996 49543 16263 84039 4182349 82420 9023 88453
is_linear=0
shrinkage=0.05


Tree=124
num_leaves=31
num_cat=0
split_feature=3 2 3 3 3 2 0 0 1 0 2 0 3 3 3 2 0 2 1 2 3 2 3 0 0 1 0 3 0 3
split_gain=186.491 10.9124 9.70901 10.3479 99.592 77.8964 49.125 40.5566 35.3952 29.629 6.40747 11.1859 26.5537 34.3715 13.1902 10.8471 15.2597 3.97062 3.7546 3.53324 3.45487 4.11088 19.1304 2.78573 9.49911 2.4308 5.6157 2.35174 1.80804 1.40908
threshold=4.0417346080923222 4.0243510107184699 8.6879410503086998 5.0591714496897406 5.0394170871300483 4.3004826673323846 0.50735983250806516 0.43543679404407926 1.0000000180025095e-35 0.84920684346295017 4.0114993236992254 0.84447347567522713 4.1545769471840268 4.1584923789917099 4.086060339104173 4.0112516036781978 0.75693732271664571 6.7695100238511943 1.0000000180025095e-35 6.3853889739133587 4.1855554307025713 4.0182710227047549 4.3084473666213929 0.93873136270578839 0.94312317587993444 1.0000000180025095e-35 0.21058625871244899 4.2047672406880237 0.40475553788558277 4.0279376260590949
decision_type=2 2 2 2 2 2 2 2 2 2 2 2 2 2 2 2 2 2 2 2 2 2 2 2 2 2 2 2 2 2
left_child=29 10 3 4 6 8 -3 -6 -5 -7 11 15 14 -14 -13 18 -17 19 -2 -4 23 22 -22 -12 -25 26 -19 -23 -27 -1
right_child=1 2 17 5 7 9 -8 -9 -10 -11 20 12 13 -15 -16 16 -18 25 -20 -21 21 27 -24 24 -26 28 -28 -29 -30 -31
leaf_value=0.046506334495544838 0.033583848080996632 0.016580324500834218 0.012589129655199989 0.0090210525264721227 -0.070150923676634377 -0.00018154706749839601 -0.0010064619864687179 -0.016826645149360955 0.034639526734129587 0.0094986368991472007 0.035019643030909146 0.010514551886921943 -0.82296067311966858 -0.065306407538515507 -0.053146661184622704 0.05006509914023221 -1.2937092957680827 -0.0039447064591101129 -0.17490439205768815 -0.027775544214863685 -0.3217469235308934 -0.024414187018128905 0.022875277148613218 -0.071173136072807605 0.03249048847722099 -0.0053588030487705168 -0.049995244236022245 0.032392466582775434 0.0036105910139117036 0.025188200489132413
leaf_weight=214.51361975085092 23.754182124481311 419.24923164985375 6.4560976773500434 368.43620025549899 37.666354228858836 47509.95277847239 7506.5373730306237 668.61646000115434 212.64330502643134 803.85374214399781 46.487544240073476 27.683628851271351 0.22900474071502586 0.43220729753375053 11.523422900427247 0.048896645661442473 0.037199765909463167 20.249339208006862 0.21792458239360613 33.826514072716236 0.5373483699804632 2.6853654338774486 1.6070190679747609 2.8822201970760934 9.4735761964766407 550.51742798089981 9.8360064625740034 5.6663157846196555 62.571143329143524 8.0419116215452942
leaf_count=4099994 66082 13902 38 11123 1132 356984 204439 3691 6768 400870 88295 73668 31 59 10330 41 6 141 4 269 374 4310 1811 6049 43494 4190 73 11054 394 82355
internal_value=5.32087e-05 -0.000121051 -0.00015377 -8.33851e-05 -0.0016794 0.00019838 -7.61762e-05 -0.0196705 0.018396 -2.04864e-05 0.0141703 0.00275199 -0.0134954 -0.327713 -0.00819624 0.0296765 -0.530541 -0.00607808 0.0316885 -0.0213063 0.0246973 -0.00172867 -0.0634822 0.029411 0.00830901 -0.00512432 -0.0190003 0.0141271 -0.0044434 0.045736
internal_weight=58566.2 58343.7 58210.4 57527 8632.07 48894.9 7925.79 706.283 581.08 48313.8 133.266 63.9265 39.8683 0.661212 39.2071 24.0582 0.0860964 683.457 23.9721 40.2826 69.3394 10.496 2.14437 58.8433 12.3558 643.174 30.0853 8.35168 613.089 222.556
internal_count=5491971 1309622 1004014 998909 223164 775745 218341 4823 17891 757854 305608 150221 84088 90 83998 66133 47 5105 66086 307 155387 17549 2185 137838 49543 4798 214 15364 4584 4182349
is_linear=0
shrinkage=0.05


Tree=125
num_leaves=31
num_cat=0
split_feature=3 2 1 3 3 2 2 0 0 1 0 0 0 3 0 2 0 0 2 2 3 1 2 2 3 2 1 1 3 3
split_gain=176.587 10.3179 13.4287 11.4777 87.2702 68.0771 49.6662 49.4609 38.4869 35.0334 44.0476 29.5155 27.2318 116.179 19.1723 18.9877 9.60367 9.10386 8.06417 7.59987 6.27387 4.7983 5.4309 4.19068 1.43395 1.41742 1.40795 2.2411 1.02528 1.05048
threshold=4.0417346080923222 4.1213213202479668 1.5000000000000002 5.0591714496897406 5.0394170871300483 4.3004826673323846 4.566816998076491 0.50735983250806516 0.43543679404407926 1.0000000180025095e-35 0.40475553788558277 0.69071225544838877 0.84920684346295017 5.2344719257170151 0.48781481660207754 4.7001851868954612 0.7100346075935321 0.94312317587993444 4.0359264352066395 4.1382565856210851 5.4424826413705318 1.0000000180025095e-35 4.0280564505813681 4.1097330857824828 4.0279376260590949 4.026805708265643 1.0000000180025095e-35 1.5000000000000002 4.0360973166288536 4.0353904154716913
decision_type=2 2 2 2 2 2 2 2 2 2 2 2 2 2 2 2 2 2 2 2 2 2 2 2 2 2 2 2 2 2
left_child=24 2 16 4 6 9 7 -3 19 20 -11 -8 15 -14 -10 -7 21 18 -18 -6 -5 22 -2 -19 26 -23 -1 -28 29 -26
right_child=1 3 -4 5 8 12 11 -9 14 10 -12 -13 13 -15 -16 -17 17 23 -20 -21 -22 25 -24 -25 28 -27 27 -29 -30 -31
leaf_value=0.050002479941693191 0.042247251183497918 0.016102211153446424 0.050161822726089003 0.005754234862655915 -0.17789226896131122 0.0017961353808926572 -0.0068634603913830389 -0.0022054313248912661 -0.028434314460446836 0.047432111010506761 -0.004866109374602386 0.027998073338412255 0.051031002241464653 0.00042143620965692878 -0.010232882182441162 -0.00073289499318290223 0.0078033951379612096 0.032981093919368508 -0.0069642377671023581 -0.06394854927357059 0.028440352520276969 -0.061478276810930738 0.0084761437379328036 -0.00038277959776129855 0.024587755161828616 0.035047685735156646 0.034176252401112002 0.050002500845125725 0.050061321080556526 -0.027418876151157057
leaf_weight=115.00997478604768 12.85892476101071 390.42977578140562 16.855395165224763 325.71307770255953 1.5272152302786697 9164.5216793405125 81.783200025558472 6697.8586120406399 212.08245122153312 153.04003356862813 54.634442841284908 235.68793203803943 136.64154454602976 666.60176875557227 455.21626744791865 39026.46355280315 146.02228564869802 29.960600389193132 251.94589028792689 35.026788061484694 33.621676295762882 0.38584774732589977 160.4372145125526 13.722560837864874 3.9305104449849741 26.552632339880802 47.389523800717143 42.367280999314971 2.6222790556530526 1.2895407341457028
leaf_count=2319149 38571 6343 89592 6422 97 47996 345 43015 1060 6165 461 5698 90890 309980 2631 314093 182192 80259 26796 508 2773 3 29956 107 47845 23669 934205 846640 27105 7405
internal_value=5.11255e-05 -0.000114666 0.00610751 -0.000185738 -0.00192951 9.9592e-05 -0.000330471 -0.00119703 -0.0187542 0.0173253 0.0336736 0.0190175 -9.97606e-05 0.00903074 -0.0160177 -0.000251947 0.00495068 0.000832646 -0.00154571 -0.0687091 0.00787689 0.0140337 0.010982 0.0225002 0.0455362 0.0336651 0.0463398 0.0416466 0.0245539 0.0117402
internal_weight=58542.2 58329.6 658.741 57670.9 8109.61 49561.2 7405.76 7088.29 703.853 567.009 207.674 317.471 48994.2 803.243 667.299 48191 641.886 441.651 397.968 36.554 359.335 200.235 173.296 43.6832 212.609 26.9385 204.767 89.7568 7.84233 5.22005
internal_count=5491971 1309622 471145 838477 59697 778780 55401 49358 4296 15821 6626 6043 762959 400870 3691 362089 381553 289354 208988 605 9195 92199 68527 80366 4182349 23672 4099994 1780845 82355 55250
is_linear=0
shrinkage=0.05


Tree=126
num_leaves=31
num_cat=0
split_feature=3 0 2 0 2 0 1 2 3 0 0 3 0 3 3 2 3 2 2 3 3 1 3 2 1 1 0 0 3 1
split_gain=167.182 9.63462 28.718 16.997 109.389 34.5925 18.2255 15.9828 86.6221 33.9067 31.4579 93.0314 42.7468 11.0649 14.7662 18.2846 13.1006 10.4182 22.8547 21.5966 10.3199 6.87579 3.59488 5.30574 5.4534 2.32852 2.13126 1.93977 1.78219 1.48337
threshold=4.0417346080923222 0.26337961663928472 4.4084610982207808 0.31410302578058374 4.5341594832340997 0.28230039401158186 1.0000000180025095e-35 5.8138794391169242 6.6011956384225741 0.67233198250082127 0.66578999664304883 4.6348260661835381 0.52711662496787948 5.8941273005512267 6.5236944472770055 5.0199087660326223 6.6746245191423315 4.9275112150820659 4.7001851868954612 7.1123681928467075 6.0717185978016612 1.0000000180025095e-35 5.9734787654269947 4.3694757063636134 1.0000000180025095e-35 1.0000000180025095e-35 0.25270326911339452 0.25270326911339452 5.8465832628495127 1.0000000180025095e-35
decision_type=2 2 2 2 2 2 2 2 2 2 2 2 2 2 2 2 2 2 2 2 2 2 2 2 2 2 2 2 2 2
left_child=29 2 22 4 5 21 -7 10 20 -10 12 -12 -5 25 15 -15 -16 18 -6 -19 -9 -3 23 24 -2 26 -4 -27 -25 -1
right_child=1 3 13 7 17 6 -8 8 9 -11 11 -13 -14 14 16 -17 -18 19 -20 -21 -22 -23 -24 28 -26 27 -28 -29 -30 -31
leaf_value=0.049124541679844931 0.017468102562004432 0.021910130369435822 -0.042427229845415027 -0.00030858281988348408 0.0034537975532695588 -0.0052008554626178519 0.019261095298435733 -0.22088555314204983 0.0017659041046932486 -0.0048971185665595161 -0.0017591050520667667 0.011943374297037092 -0.0052816054403474711 0.0007915537131014587 -0.0089297003815350818 0.017303417504338954 -0.0018620179466036588 0.0062841809599615914 -0.009706026372330763 -0.0015407673350050551 0.044626482987924015 0.037375491945698079 0.053242614800933133 0.016280347466036557 0.049337800749218695 -0.0048282390329121702 -0.016882085391208553 -0.020905740646071376 -0.004368898438774374 0.040519829355378255
leaf_weight=113.52358778082998 29.835765989024367 102.15296134384698 15.244265571236609 14053.262115021611 618.04645100235939 122.24245411495212 201.91814458183944 0.36711222681333211 13132.849221096956 2234.1541874193354 4183.0611950827697 1759.8528791006393 6239.8552912742016 1854.6264007897116 714.61986690014601 184.32434679567814 7946.2142488658428 1473.0808649510145 707.72182314097881 2196.7756390795112 117.63447818684654 242.42854824001552 9.6737981237238255 27.793712271377444 24.401016349554993 37.9351821327582 17.58248283714056 37.117402306757867 16.744535064324737 89.630978690831398
leaf_count=2352904 2383 2974 179 95005 3280 3712 2738 103 179210 20650 422884 109173 85299 9656 3261 895 37650 7125 3253 10255 305393 2548 274 407 580 188 182 186 179 1829445
internal_value=4.92584e-05 -0.000108518 -0.00144769 0.000199984 0.00277 0.021761 0.0100364 -0.000148941 0.00112489 0.000797191 -0.000900781 0.00229856 -0.00183772 -0.00170459 -0.00154394 0.00228425 -0.00244518 0.000227765 -0.00357118 0.00160017 0.0438005 0.0327907 0.0241539 0.021305 0.0318062 -0.0176376 -0.0287449 -0.0127794 0.00851709 0.0453282
internal_weight=58504.7 58301.5 10916.1 47385.4 5664.37 668.742 324.161 41721 15485 15367 26236 5942.91 20293.1 10807.7 10699.8 2038.95 8660.83 4995.62 1325.77 3669.86 118.002 344.582 108.449 98.775 54.2368 107.879 32.8267 75.0526 44.5382 203.155
internal_count=5491971 1309622 56020 1253602 35885 11972 6450 1217717 505356 199860 712361 532057 180304 52197 51462 10551 40911 23913 6533 17380 305496 5522 3823 3549 2963 735 361 374 586 4182349
is_linear=0
shrinkage=0.05


Tree=127
num_leaves=31
num_cat=0
split_feature=3 0 3 2 3 0 3 3 0 2 3 0 2 1 3 0 3 0 0 2 2 2 0 2 2 3 0 3 3 1
split_gain=158.238 9.99283 59.3578 37.3813 38.6853 18.9454 40.7862 17.8008 17.5057 15.8223 41.5338 18.0848 89.6524 17.5514 17.1421 16.4286 18.8637 14.108 12.8528 11.185 9.64682 9.21425 4.22565 4.01378 8.54407 4.10905 2.05894 1.98796 1.59524 1.53604
threshold=4.0417346080923222 0.92415223574549865 4.2047672406880237 6.4739370300385177 4.6071681687305253 0.99955128939493143 4.2024512923595738 4.4661954188427844 0.98267950596700693 4.2047331123241749 4.5436670406715125 0.84447347567522713 5.1351301576799973 1.0000000180025095e-35 5.4424826413705318 0.75693732271664571 4.3382053465969248 0.62347203858067124 0.35510742169672516 4.2361428001878414 3.9787572410709404 4.0613265649149151 0.98761093563120228 7.0948639925422592 7.0099275978482467 7.9810273183704767 0.29289468721693729 5.3800816513678322 5.2684764767695773 1.0000000180025095e-35
decision_type=2 2 2 2 2 2 2 2 2 2 2 2 2 2 2 2 2 2 2 2 2 2 2 2 2 2 2 2 2 2
left_child=29 9 5 4 7 6 8 -4 -3 13 15 14 -13 18 -12 19 -17 26 27 -11 -20 -19 -8 24 -5 -25 -15 -2 -6 -1
right_child=1 2 3 23 28 -7 22 -9 -10 10 11 12 -14 17 -16 16 -18 21 20 -21 -22 -23 -24 25 -26 -27 -28 -29 -30 -31
leaf_value=0.049079937029348292 0.04161407506746196 0.0022799363234781117 0.017969928556627057 -0.15444550230035856 0.050362366626291288 0.00011499887941563805 -0.036699850135159022 -0.013535932139823929 0.072505216023630178 -0.014302267278670329 -0.0019081311026181388 0.043861456732068288 -0.0054285557619443104 -0.088173106061812334 0.00019901027765129644 -0.027660969196480568 -0.0054657557883989114 0.032552062450150604 0.039086730072275394 -0.050302867210863134 0.00013587940940312606 0.0050457275812243879 -0.021760338933530299 0.0016322034525953341 0.056293857504027711 -0.033255616168369355 0.031483823177319896 0.0094835619348164757 0.03785065944682247 0.040127599047414197
leaf_weight=108.08267788270678 22.483419777039675 141.8814106089776 399.41632030694745 1.2030869596637779 82.152332540339557 1544.8719015486495 80.346707023913041 50.501453052973375 9.4663694366608961 42.247637905180454 12702.235299878637 134.28961416298989 294.71771184494719 0.36088333744555612 40193.789507742098 116.79222718253732 530.82931943284348 34.964335867029149 16.152282254552119 44.092768963426352 1002.2138632425922 235.61814038289594 115.19424101524055 338.25068454933353 0.80130829289555539 8.6558126956224424 94.28712811441801 6.1256722417019764 36.927517933072522 86.072175203280494
leaf_count=2352904 4001 134910 3486 120 91301 9023 404 1376 6656 204 63209 6188 12641 93 328384 535 2770 112437 83093 208 108707 18724 517 3185 350 56 22901 1400 292743 1829445
internal_value=4.7297e-05 -0.000102827 0.00280626 0.0132394 0.0211407 -0.00225603 -0.0128155 0.0144335 0.00667233 -0.000250176 -0.000386661 -0.000224066 0.0100004 0.00497446 -0.00030699 -0.0121998 -0.00946845 0.0144121 0.00168222 -0.0326872 0.000753678 0.00860006 -0.0278989 0.000354064 -0.0701971 0.000761703 0.0310276 0.0347344 0.0464824 0.0451112
internal_weight=58475 58280.9 2809.67 917.909 568.998 1891.76 346.889 449.918 151.348 55471.2 54059 53325 429.007 1412.21 52896 733.962 647.622 365.23 1046.98 86.3404 1018.37 270.582 195.541 348.911 2.0044 346.906 94.648 28.6091 119.08 194.155
internal_count=5491971 1309622 544127 392617 388906 151510 142487 4862 141566 765495 414139 410422 18829 351356 391593 3717 3305 154155 197201 412 191800 131161 921 3711 470 3241 22994 5401 384044 4182349
is_linear=0
shrinkage=0.05


Tree=128
num_leaves=31
num_cat=0
split_feature=3 2 2 3 0 3 3 1 3 2 3 3 3 0 0 2 2 2 0 3 1 3 3 2 2 1 0 1 1 0
split_gain=150.033 9.70807 9.163 18.3027 45.1663 21.8644 69.4619 28.6739 18.5506 16.8339 45.0702 56.8758 29.8625 134.442 62.3422 9.69362 5.81071 8.90957 6.88492 11.4743 4.11345 3.44631 13.4986 8.53229 4.33577 2.98766 3.5275 1.5729 2.49276 0.683285
threshold=4.0279376260590949 4.0243510107184699 7.0948639925422592 8.3242998889234094 0.40475553788558277 7.9810273183704767 7.9584020480681064 1.5000000000000002 8.4580160548255012 5.5245751061938488 5.9734787654269947 6.5236944472770055 5.8019521846187621 0.29289468721693729 0.58808560373301499 5.676703105257821 4.0114993236992254 3.9611729973648138 0.6773993455261399 4.0890807290380335 1.5000000000000002 4.2024512923595738 4.2047672406880237 4.0216783609193598 4.0203350922855723 1.0000000180025095e-35 0.93873136270578839 1.0000000180025095e-35 1.5000000000000002 0.99999915540540552
decision_type=2 2 2 2 2 2 2 2 2 2 2 2 2 2 2 2 2 2 2 2 2 2 2 2 2 2 2 2 2 2
left_child=27 16 9 5 20 6 -4 -7 -6 12 15 -12 13 -3 -14 -11 17 -2 -19 -20 -5 25 23 -23 -24 26 -18 -1 29 -29
right_child=1 2 3 4 8 7 -8 -9 -10 10 11 -13 14 -15 -16 -17 21 18 19 -21 -22 22 24 -25 -26 -27 -28 28 -30 -31
leaf_value=0.050002136720758796 0.040226764454905389 0.025816599015847427 -0.0044114606103113204 -0.0035597674227367594 0.013719805208013395 -0.0089952932119695406 0.016102373284484876 0.018953467581992858 -0.0028812645094346747 -0.049336695126828797 0.021619550422683115 0.0010712488639618338 -0.0022756622226003174 -8.3590422756297028e-05 -0.039345314147548202 -0.13378539851377333 0.027918624818587541 0.050066416503808081 0.007713447688907098 -0.041171057432827694 -0.030267343458918457 -0.40839236373622417 -0.041379943484272069 0.050116740117878193 0.039002798922378928 0.046956024731674595 -0.008706119277572472 0.050002260418414761 0.050002195378769113 0.029972884035083292
leaf_weight=99.169010438541591 13.050705037308942 512.79458499152679 2320.9365876174998 1449.2327793985605 761.86524755135179 1874.3891771584749 501.89790935814381 96.494500763714314 215.98203009366989 25.277287414297465 343.56112808109901 17001.321282349585 11046.691888860776 21849.10562487453 114.59548047184944 3.9259051541157524 36.06128907421953 5.0373572078533462 30.976753527811525 19.598843790605315 14.561956599354742 0.32712628430453961 2.6640227229654556 0.14708391428575851 4.5304694419319276 15.185054400415536 8.0402619506603497 4.8043320197866697 37.178799460525624 37.444999580369768
leaf_count=2319149 78229 10211 13573 8587 3631 9500 3695 894 1184 212 305183 203516 53814 393168 613 105 29989 12160 112881 17718 65 263 3401 153 9627 100139 19466 106232 846640 827973
internal_value=4.54137e-05 -9.48365e-05 -0.000126009 -0.00179094 0.00173271 -0.00358568 -0.000764116 -0.00762692 0.010053 0.000110671 0.00137377 0.00147826 -0.000543955 0.000510343 -0.00265626 -0.0606895 0.0132671 0.00304706 -0.00567791 -0.0112301 -0.00382546 0.0237479 -0.0077928 -0.266178 0.00923816 0.0278277 0.0212415 0.0458028 0.0405597 0.0322505
internal_weight=58446.8 58268.3 58132.6 7235.36 2441.64 4793.72 2822.83 1970.88 977.847 50897.3 17374.1 17344.9 33523.2 22361.9 11161.3 29.2032 135.619 68.6637 55.613 50.5756 1463.79 66.9553 7.6687 0.47421 7.19449 59.2866 44.1016 178.597 79.4281 42.2493
internal_count=5491971 1391977 1007951 41129 13467 27662 17268 10394 4815 966822 509016 508699 457806 403379 54427 317 384026 220988 142759 130599 8652 163038 13444 416 13028 149594 49455 4099994 1780845 934205
is_linear=0
shrinkage=0.05


Tree=129
num_leaves=31
num_cat=0
split_feature=3 1 0 2 3 2 0 3 3 3 2 0 2 3 3 2 3 3 2 3 2 3 1 2 1 2 1 1 0 2
split_gain=142.083 9.52896 29.7228 20.026 17.9348 96.7319 63.1862 72.5848 20.5927 12.646 10.7208 8.96744 58.7089 112.367 28.9177 59.0929 26.3556 16.6027 7.4742 7.70368 54.9469 2.7913 2.68692 3.99272 1.70894 1.80909 1.631 2.55008 0.691669 0.00101718
threshold=4.0279376260590949 1.0000000180025095e-35 0.97438968303263829 4.0613265649149151 5.9734787654269947 5.3967752333733872 0.42453889481418622 7.3159499364080736 5.8019521846187621 6.7761076281080266 5.676703105257821 0.81577353924098361 4.2361428001878414 5.3496519098028221 4.5436670406715125 4.2361428001878414 4.4425335955884924 4.3282302013682576 7.1770651455763064 4.3382053465969248 4.3004826673323846 4.0290057169568154 1.5000000000000002 4.0096190303739698 1.5000000000000002 4.007711623950688 1.0000000180025095e-35 1.5000000000000002 0.99999915540540552 4.0123428139423227
decision_type=2 2 2 2 2 2 2 2 2 2 2 2 2 2 2 2 2 2 2 2 2 2 2 2 2 2 2 2 2 2
left_child=26 2 4 21 5 8 9 -8 -2 -6 -7 14 17 -14 16 -16 -5 -13 19 20 -4 22 23 -3 25 -23 -1 28 -28 -30
right_child=1 3 18 11 6 10 7 -9 -10 -11 -12 12 13 -15 15 -17 -18 -19 -20 -21 -22 24 -24 -25 -26 -27 27 -29 29 -31
leaf_value=0.050002032152247682 0.00104691552664645 -0.21993161395613089 0.016030993282778044 0.016207186543968303 0.0034813197558723839 -0.051688125506406904 0.026798749006198122 -0.0081342864229440731 -0.0060071347169316251 -0.0031338503490652941 -0.14066015275110372 -0.0014837921913336593 0.027407708712901175 -0.0024227642776276123 0.021966849706039335 -0.00073318135663825881 -0.020493644622604369 -0.016204158485338179 -0.0071851560206164945 0.0500133215645443 -1.3968704782715013 -0.024378271124655668 0.050056402484042896 0.050002901723300908 0.050198021570338341 0.030000614182757613 0.050002152207354628 0.050002090203789644 0.029360053951730282 0.050002192421681024
leaf_weight=94.332672166652628 8948.7150901100249 0.37034451119688938 16.325555567345877 58.133403180661844 1657.0429382980801 74.219417687971145 529.08129127896973 206.83161800005473 1169.8620026578428 1280.9374773586169 3.5476387385278931 2145.7513579064107 556.46104714646935 729.60008075926453 288.76849142136052 39954.511548755807 308.55641971543082 210.3258188276086 9.9485415965318662 45.823512978800863 0.069102576468138888 1.5953928385752068 0.38343910475305165 0.21741196431321441 10.868500338518059 37.012428393845767 4.570031633218604 35.36564301524777 36.333445683503669 0.0059689873887681646
leaf_count=2319149 323844 2511 12114 6250 11915 515 155830 16272 7043 8262 90 16018 11105 5919 24467 185919 10270 978 84 341033 14 70 4086 3752 88253 155363 106232 846640 827837 136
internal_value=4.36226e-05 -8.98362e-05 0.00105018 -0.000448608 0.000883653 -0.000195584 0.00387891 0.0169807 0.00023136 0.000597155 -0.0557469 -0.0004845 0.0018922 0.0104845 -0.000697657 -0.000570296 -0.0146753 -0.00279787 0.0330553 0.0394896 0.0100757 0.0310361 -0.0529097 -0.120082 0.0326839 0.0277535 0.045606 0.0401693 0.031669 0.0293634
internal_weight=58415.6 58245 13942.4 44302.6 13870.2 10196.3 3673.89 735.913 10118.6 2937.98 77.7671 44252.1 3642.14 1286.06 40610 40243.3 366.69 2356.08 72.1667 62.2182 16.3947 50.4475 0.971196 0.587756 49.4763 38.6078 170.608 76.2751 40.9094 36.3394
internal_count=5491971 1391977 877016 514961 523771 331492 192279 172102 330887 20177 605 260926 34020 17024 226906 210386 16520 16996 353245 353161 12128 254035 10349 6263 243686 155433 4099994 1780845 934205 827973
is_linear=0
shrinkage=0.05


Tree=130
num_leaves=31
num_cat=0
split_feature=3 2 1 3 3 2 2 0 0 1 0 0 0 2 2 0 0 0 2 0 3 1 2 2 1 1 2 0 2 2
split_gain=134.526 8.68149 12.9723 9.57882 78.827 59.3543 40.6343 43.7269 34.228 32.4135 41.5869 26.7407 21.9541 42.6907 15.1369 12.5904 8.89588 8.99934 8.29542 7.61092 5.5169 4.39354 4.97587 3.87557 1.69024 2.60616 1.31799 0.699323 0.00102609 0.000355498
threshold=4.0279376260590949 4.1213213202479668 1.5000000000000002 5.0591714496897406 5.0394170871300483 4.3004826673323846 4.566816998076491 0.50735983250806516 0.46558676651210146 1.0000000180025095e-35 0.40475553788558277 0.79505155009908057 0.98019423795166827 7.1770651455763064 4.7001851868954612 0.43543679404407926 0.7100346075935321 0.94312317587993444 4.4924429902710079 0.93873136270578839 5.4188300045651632 1.0000000180025095e-35 4.0280564505813681 4.1097330857824828 1.0000000180025095e-35 1.5000000000000002 4.026805708265643 0.99999915540540552 4.0123428139423227 4.0074455914683806
decision_type=2 2 2 2 2 2 2 2 2 2 2 2 2 2 2 2 2 2 2 2 2 2 2 2 2 2 2 2 2 2
left_child=24 2 16 4 6 9 7 -3 15 20 -11 -8 14 -14 -7 -6 21 19 -10 -18 -5 22 -2 -19 -1 27 -23 -26 -29 -4
right_child=1 3 29 5 8 12 11 -9 18 10 -12 -13 13 -15 -16 -17 17 23 -20 -21 -22 26 -24 -25 25 -27 -28 28 -30 -31
leaf_value=0.050001934366853323 0.041639384355477795 0.01536198024476988 0.052144805872860772 0.0098351769187898421 -0.062826944601563392 0.0016815057171689662 0.0077515093707858397 -0.0019417176732795726 -0.0054298191972856399 0.046632155508247439 -0.0045817554377637938 0.039700500814055358 0.050532702296024502 0.0030889170149346517 -0.00057564682149553455 -0.030079739973587861 -0.00051947283178584668 0.031018698894719678 -0.017853149017123524 -0.038570532970523083 -0.0082005900955404495 -0.058007379132599873 0.0081578768945310236 -0.00076082153047043501 0.050002044739432185 0.050001986785586927 0.034167832285394217 0.02874500676847333 0.05000208697737446 0.050106440731158865
leaf_weight=89.732185384673357 11.928029540733403 386.20602841110667 0.21684403953622577 306.06681501818821 38.141290402389131 9147.1345470957458 213.27613368630409 6680.3277500551194 269.58198233693838 144.14638976112474 54.673415762954392 94.518814931128873 62.211671654695238 199.35195448622108 39513.967546814099 127.36321212723851 383.96778211935816 32.238489069190109 267.90305039600935 13.607175626515525 49.218267006566748 0.39390337094664829 159.24473360413685 13.657946735620497 4.3471576117153736 33.640905805805232 25.09123871664633 35.282291287410771 0.0056778883736104948 15.76150573938139
leaf_count=2319149 38571 6343 33 5889 605 47996 1207 43015 1229 6165 461 4836 323205 1507 390251 666 213612 134723 1796 7972 3306 3 29956 107 106232 846640 23669 827837 136 104854
internal_value=4.21917e-05 -8.48283e-05 0.00563415 -0.000150024 -0.00174647 0.000110604 -0.000221412 -0.000996022 -0.0177443 0.0163831 0.0325489 0.0175625 -7.37005e-05 0.0143732 -0.000151356 -0.0376265 0.00452338 0.000598253 -0.0116221 -0.00182179 0.00733665 0.0133747 0.010491 0.0215617 0.045401 0.0397668 0.0327432 0.0310795 0.0287484 0.0501341
internal_weight=58373.2 58210.2 656.108 57554.1 8077.32 49476.8 7374.33 7066.53 702.99 554.105 198.82 307.795 48922.7 261.564 48661.1 165.505 640.129 443.471 537.485 397.575 355.285 196.658 171.173 45.8964 163.008 73.276 25.4851 39.6351 35.288 15.9783
internal_count=5491971 1391977 553500 838477 59697 778780 55401 49358 4296 15821 6626 6043 762959 324712 438247 1271 448613 356414 3025 221584 9195 92199 68527 134830 4099994 1780845 23672 934205 827973 104887
is_linear=0
shrinkage=0.05


Tree=131
num_leaves=31
num_cat=0
split_feature=3 0 3 3 2 3 0 3 0 3 3 1 2 1 0 2 3 2 2 0 2 0 1 0 3 1 1 1 0 2
split_gain=127.346 8.37824 49.0256 32.1269 20.6539 18.8467 16.9588 37.5209 16.6058 13.9128 29.3741 23.3963 20.6977 22.2576 16.1107 186.283 23.5607 11.4599 8.1589 7.67946 18.5168 11.8199 4.72571 3.92584 3.20104 1.75056 2.66084 1.29919 0.706209 0.585993
threshold=4.0279376260590949 0.92415223574549865 4.2047672406880237 7.3159499364080736 4.2361428001878414 4.3282302013682576 0.99955128939493143 4.2024512923595738 0.98267950596700693 4.6348260661835381 4.6966548594543971 1.5000000000000002 4.2047331123241749 1.0000000180025095e-35 0.7807682914075661 5.1351301576799973 5.4424826413705318 4.2047331123241749 3.9787572410709404 0.58808560373301499 4.1382565856210851 0.63392955449936217 1.0000000180025095e-35 0.98761093563120228 7.9810273183704767 1.0000000180025095e-35 1.5000000000000002 1.0000000180025095e-35 0.99999915540540552 4.2672363075222259
decision_type=2 2 2 2 2 2 2 2 2 2 2 2 2 2 2 2 2 2 2 2 2 2 2 2 2 2 2 2 2 2
left_child=25 9 6 4 17 -6 7 8 -3 11 19 12 18 -14 16 -16 -12 -4 -2 20 -11 -21 -5 -9 -24 -1 28 -8 -27 -13
right_child=1 2 3 22 5 -7 27 23 -10 10 14 29 13 -15 15 -17 -18 -19 -20 21 -22 -23 24 -25 -26 26 -28 -29 -30 -31
leaf_value=0.050001840969383565 0.036624596488369993 0.0021883595634091695 0.02680182514250495 0.060180933369525708 0.048105441999287193 0.020340068940582681 -0.022489721791461831 -0.035152059130599773 0.070052701881737012 0.0097129643363796595 -0.0021983782741401814 0.050583966348003606 0.006257697333850021 -0.012718452261192737 0.040031121293835924 -0.0073644104118317025 0.00030925768640555627 0.00092732993254183548 0.00014784343733696698 0.032176745913990674 -0.084581704656281897 0.01072531692530572 -0.0011651073869093675 -0.02067585237968915 -0.031883974981101432 0.050001943960027939 0.050001886519136375 0.00037071207715074194 0.028128541377935353 0.03133476174048385
leaf_weight=85.356049775888096 15.604100002274206 145.554414364884 56.325652171391994 3.0785210877656928 77.081033187452704 295.12262527945131 6.2402627769915844 79.353643296286464 9.6090370475394575 25.722104958826094 12255.327114280502 17.528978748909143 186.24428703077137 907.3570219501853 289.24264123727335 731.95776897840551 39744.434433745853 178.12129905447364 872.37527397361555 85.997016540495679 6.5275569774676105 253.53427721001208 279.24090695753694 114.28458578139544 8.746095694601534 4.1351522794066105 32.000281910586637 1537.8280683240155 34.288022092405299 5.1052369489334515
leaf_count=2319149 93043 198179 292 23 925 388177 52 404 14233 7135 88911 53096 1056 4119 8455 19465 322826 741 175156 1482 182 1525 2403 517 56 106232 846640 9172 827973 352
internal_value=4.06076e-05 -8.02592e-05 0.00259291 0.0122162 0.018768 0.0260901 -0.00197106 -0.0119286 0.0063911 -0.000214918 -6.13986e-05 -0.00430472 -0.00488209 -0.00948674 -0.000159603 0.0060598 -0.000281743 0.00714365 0.000788835 0.0139439 -0.00937294 0.0161586 -0.00143932 -0.0266083 -0.00209803 0.0451874 0.0393521 0.000278323 0.0304826 0.0462422
internal_weight=58343.3 58187.5 2790.59 897.716 606.651 372.204 1892.87 348.802 155.163 55397 53392.7 2004.21 1981.58 1093.6 53021 1021.2 51999.8 234.447 887.979 371.781 32.2497 339.531 291.066 193.638 287.987 155.78 70.4235 1544.07 38.4232 22.6342
internal_count=5491971 1391977 615174 392617 390135 389102 222557 213333 212412 776803 449981 326822 273374 5175 439657 27920 411737 1033 268199 10324 7317 3007 2482 921 2459 4099994 1780845 9224 934205 53448
is_linear=0
shrinkage=0.05


Tree=132
num_leaves=31
num_cat=0
split_feature=3 3 3 3 3 0 0 0 3 2 0 3 3 1 2 3 3 0 3 0 0 1 2 2 2 0 3 0 0 1
split_gain=120.523 8.42757 32.5719 64.4529 69.5381 55.8064 89.0202 44.0155 43.973 42.797 41.8803 27.8737 54.5105 42.1056 48.4151 39.5151 43.409 38.8073 19.1136 16.7582 15.5451 15.5352 14.8446 12.8126 11.6636 9.66982 5.50154 5.42271 4.79489 1.81189
threshold=4.0279376260590949 7.7766189032103208 7.3233027137203726 7.3159499364080736 7.3155776058677429 0.33474620881895956 0.62697070272404276 0.64922974994475979 7.2540859042396688 5.8138794391169242 0.66578999664304883 7.9584020480681064 7.9810273183704767 1.5000000000000002 6.7574221718074989 7.9942274713266626 8.1727008602802069 0.22576532962289497 7.3955494728005915 0.90776314808047343 0.93084674728448336 1.5000000000000002 5.9646979569103058 7.43966328272107 6.6343668269686615 0.38448516112627812 7.7199734743889161 0.14402769709617944 0.14402769709617944 1.0000000180025095e-35
decision_type=2 2 2 2 2 2 2 2 2 2 2 2 2 2 2 2 2 2 2 2 2 2 2 2 2 2 2 2 2 2
left_child=29 2 3 4 8 18 24 9 -2 -5 -9 19 13 14 -13 17 -17 -14 22 21 -15 25 -4 -8 -7 -3 -20 -6 -23 -1
right_child=1 11 5 7 27 6 23 10 -10 -11 -12 12 15 20 -16 16 -18 -19 26 -21 -22 28 -24 -25 -26 -27 -28 -29 -30 -31
leaf_value=0.050001753704919855 -0.00017176965661636632 -0.0093827431248235081 0.00048517375398795208 0.0044937173906261221 -0.10846272768112795 0.0183605951300846 -0.011685099266332988 0.0234085430569584 0.0086087481554277308 -0.017156218232783255 -0.0045146475437121275 0.001335865059945953 0.0063499113435712788 -0.013844291272929432 0.02690730611622202 0.0092140500601810543 -0.0014324495770431725 -0.010468717373748625 -0.0049773322965016246 -0.085035368307824905 0.023680162925863179 -0.031054699002433718 0.021295234314373926 0.029590652031084436 0.010477745268241257 -0.0034043155285596524 0.0021324823797080903 0.057443202839481837 0.011809755239544955 0.03892529206381172
leaf_weight=81.193329893219925 37411.573268491164 1292.0566594004631 215.3132288902998 278.54716302454472 0.49694779515266319 637.29058849066496 505.91596710728481 166.02923347521573 1482.3869574968703 1264.5248294677585 702.2705189040862 308.80792327225208 429.5496101975441 185.04564080014825 462.06846781075001 1230.6663045361638 4312.274741884321 1701.9051381573081 1640.3252106755972 6.6163015067577353 32.437941640615463 6.8212535232305518 142.35445186495781 19.526957824826241 1779.6553375290241 1419.4056671708822 326.19426019489765 55.405745562748052 149.79284352809191 67.710214514001564
leaf_count=2319149 1180549 5413 902 1594 2 2723 2963 11303 96943 10131 5239 1276 2252 1744 2191 5478 22560 10010 6838 27 618 28 594 127 8191 6531 1355 3347 1048 1780845
internal_value=3.90688e-05 -7.5942e-05 0.000223437 -0.000248122 0.000242982 0.00392685 0.00850124 -0.00818072 0.000162887 -0.0132481 0.000824598 -0.00128586 0.000129866 0.011182 0.0166636 -0.0012935 0.00093133 -0.00707928 -0.00186427 -0.0055521 -0.00824747 -0.00536874 0.00876774 -0.0101512 0.0125563 -0.00625314 -0.003798 0.0559684 0.00994281 0.044965
internal_weight=58314.2 58165.3 46627.8 41361.2 38949.9 5266.58 2942.39 2411.37 38894 1543.07 868.3 11537.4 8662.76 988.36 770.876 7674.4 5542.94 2131.45 2324.19 2874.69 217.484 2868.08 357.668 525.443 2416.95 2711.46 1966.52 55.9027 156.614 148.904
internal_count=5491971 1391977 1332801 1309108 1280841 23693 14004 28267 1277492 11725 16542 59176 46129 5829 3467 40300 28038 12262 9689 13047 2362 13020 1496 3090 10914 11944 8193 3349 1076 4099994
is_linear=0
shrinkage=0.05


Tree=133
num_leaves=31
num_cat=0
split_feature=3 0 3 2 2 1 2 1 2 3 2 3 1 0 3 2 0 2 2 2 3 1 2 3 2 1 3 1 1 0
split_gain=114.037 8.41225 16.6981 15.6763 14.3655 9.83862 16.105 9.72293 37.3759 18.7512 86.941 19.9206 10.4147 25.0702 21.6628 9.58984 10.1755 9.52126 7.36658 4.92821 4.431 4.1576 9.1326 3.71653 2.54402 4.08541 2.46268 1.87431 2.82162 0.740567
threshold=4.0279376260590949 0.14402769709617944 7.3079129921864023 4.8759953683502149 5.1989618871993128 1.5000000000000002 6.3057855467158808 1.5000000000000002 4.3694757063636134 6.6746245191423315 5.164963085408476 7.8947653466217966 1.0000000180025095e-35 0.97438968303263829 6.1599406747691683 4.0613265649149151 0.52711662496787948 6.2938246396077373 7.1770651455763064 4.6569856547695219 4.0290057169568154 1.5000000000000002 5.0866414907511173 7.2943637121476916 5.0931427481664917 1.0000000180025095e-35 6.8814729014907963 1.0000000180025095e-35 1.5000000000000002 0.99999915540540552
decision_type=2 2 2 2 2 2 2 2 2 2 2 2 2 2 2 2 2 2 2 2 2 2 2 2 2 2 2 2 2 2
left_child=27 2 3 19 24 17 -7 12 -9 10 -10 -11 13 14 -3 20 -17 -6 -15 -2 -14 23 -23 -5 -4 -26 -21 -1 29 -29
right_child=1 7 4 21 5 6 -8 8 9 11 -12 -13 15 18 -16 16 -18 -19 -20 26 -22 22 -24 -25 25 -27 -28 28 -30 -31
leaf_value=0.050001663581058765 0.050383993112148084 -4.5173814139439075e-05 0.043786007725366768 -0.017907716983542654 0.00098442848873825828 -0.036122736473848518 0.054468228664180378 0.046644615882500733 0.0061104905958838385 0.014219027774477373 -0.033587913042873549 -0.00027672878511556209 -0.1054722846385121 0.038543796435838482 0.0049250440448135044 2.7013219566822803e-05 -0.0016671121985878106 -0.0099477628604318358 -0.0084006000406004928 -0.00067541668866212675 0.026922491548560482 0.051776346608741503 -0.03889707878268632 -0.042829908082453717 0.055456441909032796 0.012214724648545687 0.026681791521382243 0.05000177742383663 0.050001725308572491 0.026611541973072941
leaf_weight=77.233613844764477 6.9470652998497817 10857.331253616088 11.65520243346691 259.4843452423811 949.32757216691971 39.925755113363266 5.5933546870946875 49.232553229623591 574.51549295056611 485.08864928036928 181.48393191490322 463.43366768956184 0.64289653488231024 57.014427778536628 2746.992679276751 28062.289632597414 12955.554211746232 252.04747610539198 9.7920179404318315 37.485849291086197 37.200635093460733 6.2762307524681074 4.9808045029640198 15.874219655990599 6.2692025005817404 42.434649527072906 10.53909896314144 3.7833260509360107 29.277636587503366 32.064439134817803
leaf_count=2319149 58 336174 49 1153 4293 169 24 112299 5528 2868 907 4172 6263 353161 186458 131035 89588 1698 84 175 155433 28 21 67 28 197 47 106232 846640 827973
internal_value=3.7283e-05 -7.21778e-05 -0.00359255 -0.0134359 -0.00102046 -0.00217367 -0.024991 3.05926e-05 0.00369526 0.00245473 -0.00341944 0.00713662 -8.6844e-05 0.00110846 0.000958415 -0.000484868 -0.000508079 -0.00130914 0.031663 0.0110221 0.0246733 -0.0181269 0.0116568 -0.0193445 0.0228024 0.0177808 0.00532814 0.0447334 0.0384856 0.0290801
internal_weight=58271.8 58129.4 1648.84 341.588 1307.25 1246.89 45.5191 56480.6 1753.75 1704.52 755.999 948.522 54726.8 13671.1 13604.3 41055.7 41017.8 1201.38 66.8064 54.972 37.8435 286.616 11.257 275.359 60.3591 48.7039 48.0249 142.359 65.1254 35.8478
internal_count=5491971 1391977 8007 1549 6458 6184 193 1383970 125774 13475 6435 7040 1258196 875877 522632 382319 220623 5991 353245 280 161696 1269 49 1220 274 225 222 4099994 1780845 934205
is_linear=0
shrinkage=0.05


Tree=134
num_leaves=31
num_cat=0
split_feature=3 0 2 0 2 0 1 2 3 3 0 0 3 0 1 2 0 3 2 3 2 2 3 0 2 3 2 1 1 1
split_gain=107.878 8.39333 24.8562 14.476 90.6417 32.0788 16.242 13.5077 73.2309 27.6556 33.2971 27.1977 25.7663 10.407 10.2223 38.7704 18.0977 11.8768 37.6211 11.7907 9.44059 20.3168 19.1435 8.74551 6.76725 3.67626 5.0277 5.32358 1.93738 2.87133
threshold=4.0279376260590949 0.26337961663928472 4.4084610982207808 0.31410302578058374 4.5341594832340997 0.28230039401158186 1.0000000180025095e-35 5.8138794391169242 6.6011956384225741 5.8019521846187621 0.5964197271281243 0.67233198250082127 5.49392522624838 0.49796220620923276 1.5000000000000002 4.9745127581484967 0.17018869910310372 7.9584020480681064 5.676703105257821 7.6587840460954757 4.9275112150820659 4.7001851868954612 7.1123681928467075 0.22576532962289497 4.3694757063636134 5.9734787654269947 4.3694757063636134 1.0000000180025095e-35 1.0000000180025095e-35 1.5000000000000002
decision_type=2 2 2 2 2 2 2 2 2 2 2 2 2 2 2 2 2 2 2 2 2 2 2 2 2 2 2 2 2 2
left_child=28 2 25 4 5 24 -7 9 13 12 -11 -10 -5 -9 17 23 -17 19 -19 -4 21 -6 -22 -16 -3 26 27 -2 -1 -30
right_child=1 3 14 7 20 6 -8 8 11 10 -12 -13 -14 -15 15 16 -18 18 -20 -21 22 -23 -24 -25 -26 -27 -28 -29 29 -31
leaf_value=0.050001582818275131 0.01628082992269532 0.042481832449071139 -0.0022002667902557274 -0.00083481030336021202 0.0033257170426497945 -0.0055488280292539886 0.017690404703985415 -0.0072626501428984516 0.00165110767692814 -0.0034863428261981233 -0.025797795984947382 -0.0043368208745650731 0.0037425560557547109 0.047161260219692511 0.045418795681017456 -0.018158201610449367 0.0059543451324451779 0.046240902758455424 0.00015187331266038824 -0.0083971441407238358 0.006031403846249621 -0.009077735173034741 -0.0013428671592638464 0.013605151920645559 0.026581526088233345 0.053083438478335458 0.0075522328973992962 0.048578589408655511 0.028463315572373717 0.050001642341215471
leaf_weight=73.467002918827347 28.841477439251321 92.983936994001851 6645.5399429611862 17901.041888018721 617.62885704636574 121.55946726727416 197.08369088996551 9.6533739287406188 13088.705448767054 4369.0723293423653 173.8756536997389 2217.6595824247343 3711.9088755241537 97.518366416596109 61.459306831937283 114.16392852365971 244.42528875172138 44.992316529154778 2784.349428974092 867.83481700718403 1470.5195544883609 709.30068169534206 2191.907110221684 33.310462220571935 238.70985375717282 9.2117854225216416 43.838367980904877 22.87965664913645 34.821291344618658 27.849795445217751
leaf_count=2319149 2383 3345 31013 754281 3280 3712 2738 87 179210 21396 1183 20650 17856 305409 531 510 1276 199 14683 3688 7125 3253 10255 297 2177 274 586 580 934205 846640
internal_value=3.57162e-05 -6.84358e-05 -0.00131897 0.000220319 0.00259738 0.0201547 0.00882485 -0.000102176 0.00107193 -0.000794071 -0.00434029 0.000783548 -4.86721e-05 0.0422591 -0.00155417 0.00579449 -0.00172236 -0.00187629 0.000884783 -0.00291604 0.000308872 -0.00330446 0.00161801 0.0342367 0.0310389 0.0229175 0.0200095 0.0305683 0.0444926 0.0380345
internal_weight=58246.1 58110 10900.8 47209.1 5639.69 650.337 318.643 41569.4 15413.5 26155.9 4542.95 15306.4 21613 107.172 10796.1 453.359 358.589 10342.7 2829.34 7513.37 4989.36 1326.93 3662.43 94.7698 331.694 104.771 95.5595 51.7211 136.138 62.6711
internal_count=5491971 1391977 56020 1335957 35885 11972 6450 1300072 505356 794716 22579 199860 772137 305496 52197 2614 1786 49583 14882 34701 23913 6533 17380 828 5522 3823 3549 2963 4099994 1780845
is_linear=0
shrinkage=0.05


Tree=135
num_leaves=31
num_cat=0
split_feature=3 0 3 2 3 3 0 3 0 2 3 0 0 2 0 3 1 3 2 0 2 0 3 0 3 0 3 1 1 1
split_gain=102.025 8.0543 44.5986 27.9215 35.6072 17.6153 15.7951 33.7098 15.4857 12.366 31.909 15.9621 15.7597 69.0073 14.5867 17.1825 14.3649 13.6106 10.3415 9.56844 8.6118 4.03978 5.48522 3.64914 3.4664 5.24434 2.00376 2.00122 2.91891 1.41004
threshold=4.0279376260590949 0.92415223574549865 4.2047672406880237 6.4739370300385177 4.6071681687305253 4.4661954188427844 0.99955128939493143 4.2024512923595738 0.98267950596700693 4.2047331123241749 4.5436670406715125 0.35510742169672516 0.84920684346295017 5.1351301576799973 0.75693732271664571 4.3609306632299711 1.0000000180025095e-35 5.4424826413705318 4.2361428001878414 0.5964197271281243 3.9787572410709404 0.92575505729882213 7.287984626180628 0.98761093563120228 5.3800816513678322 0.28230039401158186 5.2684764767695773 1.0000000180025095e-35 1.5000000000000002 1.0000000180025095e-35
decision_type=2 2 2 2 2 2 2 2 2 2 2 2 2 2 2 2 2 2 2 2 2 2 2 2 2 2 2 2 2 2
left_child=27 9 6 4 5 -4 7 8 -3 11 14 24 17 -14 18 -16 20 -12 -11 -18 -13 -5 -23 -9 -2 -26 -6 -1 -29 -8
right_child=1 2 3 21 26 -7 29 23 -10 10 12 16 13 -15 15 -17 19 -19 -20 -21 -22 22 -24 -25 25 -27 -28 28 -30 -31
leaf_value=0.050001507127936141 0.043941938485130401 0.0019764730995322655 0.016323317177294915 0.049189366854341041 0.050179989980929124 -0.015427285827275539 -0.02342510437691268 -0.033722322114253293 0.068744234526726317 -0.012527477886505076 -0.0016749157649942803 0.038079249004342709 0.042947385659021314 -0.003683917263743917 -0.021466419951924335 -0.0031316915810003089 0.029366336886594482 0.00020346954967561203 -0.04751139423286823 0.008300751244828727 1.036090216568322e-05 -0.030359920323017604 0.0014327908414432673 -0.019691739091483924 0.037895972891057693 -0.055972824075017191 0.034654068870249598 0.027841448546970005 0.050001563771472649 0.00048534963621025108
leaf_weight=69.884080272866413 30.463316645957093 144.90904729113754 389.81641237984877 4.245405053952708 71.794448611923144 49.19769039854873 6.1907157693931358 78.369785817107186 9.2379508962731034 41.704222992062569 12695.345651424024 15.079787129059694 112.00999013817636 271.99369302167906 175.96414431370795 466.6942150243558 66.924621341342572 40120.679230240465 42.808357898145914 277.10315806123981 999.76009929474822 14.154699815553611 326.67033632472157 113.39853923581541 4.0588022402880588 2.3491388323018327 29.246828039489628 33.844203051470686 26.491585182666313 1537.348657937524
leaf_count=2319149 5576 198179 3486 46 91301 1376 52 404 14233 204 63578 94401 5857 12149 815 2490 16961 328838 208 135497 108707 973 2692 517 1216 306 292743 934205 846640 9172
internal_value=3.43386e-05 -6.47488e-05 0.00256406 0.0118259 0.0189245 0.0127652 -0.00177471 -0.0114316 0.00597783 -0.00019659 -0.000316852 0.00444999 -0.000174657 0.00991796 -0.0107199 -0.00815186 0.00356921 -0.000248036 -0.030248 0.0123987 0.000576037 0.000716212 0.000112418 -0.0254256 0.0369106 0.00348385 0.0456859 0.0442421 0.0375713 0.000389451
internal_weight=58227.7 58097.5 2774.58 885.126 540.055 439.014 1889.45 345.915 154.147 55322.9 53927.2 1395.74 53200 384.004 727.171 642.658 1358.87 52816 84.5126 344.028 1014.84 345.07 340.825 191.768 36.8713 6.40794 101.041 130.22 60.3358 1543.54
internal_count=5491971 1391977 615174 392617 388906 4862 222557 213333 212412 776803 414139 362664 410422 18006 3717 3305 355566 392416 412 152458 203108 3711 3665 921 7098 1522 384044 4099994 1780845 9224
is_linear=0
shrinkage=0.05


Tree=136
num_leaves=31
num_cat=0
split_feature=3 3 1 0 2 2 2 2 3 2 2 2 3 2 2 3 3 0 0 1 3 0 1 1 2 2 2 2 2 0
split_gain=96.4651 7.86737 7.66189 21.7343 18.855 59.5435 16.0768 8.84725 8.65156 87.328 54.7398 6.47376 7.69628 3.60164 3.2775 2.41619 2.2986 4.99404 3.14625 3.89217 2.47072 2.42526 2.06568 2.96406 1.91409 1.87674 1.68098 1.36541 2.19067 0.787907
threshold=4.0279376260590949 8.6879410503086998 1.0000000180025095e-35 0.97438968303263829 6.7189021950326238 6.9354456287757147 4.0613265649149151 5.0937916101349279 5.4424826413705318 4.4084610982207808 5.1989618871993128 7.1770651455763064 4.3382053465969248 6.7695100238511943 6.3853889739133587 4.0290057169568154 9.3754234645801322 0.21058625871244899 0.19145279672441137 1.0000000180025095e-35 8.8998958417407437 0.38448516112627812 1.0000000180025095e-35 1.5000000000000002 7.3372464290984665 4.0096190303739698 4.007711623950688 6.5729417446171423 6.7189021950326238 0.99999915540540552
decision_type=2 2 2 2 2 2 2 2 2 2 2 2 2 2 2 2 2 2 2 2 2 2 2 2 2 2 2 2 2 2
left_child=22 2 3 4 7 -6 15 -2 10 -10 -8 12 -5 14 -3 25 18 24 20 -20 -15 -19 -1 29 -18 -4 -17 -16 -29 -24
right_child=1 13 6 11 5 -7 8 -9 9 -11 -12 -13 -14 16 27 26 17 21 19 -21 -22 -23 23 -25 -26 -27 -28 28 -30 -31
leaf_value=0.05000143524372358 -0.0001243152111690339 0.012416034566859954 -0.093146937180955791 0.0082381626799802442 0.025277028605696819 -0.011474092333557888 -0.0015438280131421884 0.0030120142116204693 0.028643588305921855 -0.000190007178646518 -0.19952562031883267 -0.0063072911674972934 0.050011999503612375 -0.0066242350574103274 -0.042437154350919853 -0.016559952513883903 -0.0068611232452555409 0.011856960774084888 -0.035997289309044382 -0.005224501632644183 0.0056132134429589184 -0.033539564993094975 0.050001601865600813 0.050001488106605887 -0.027907685435537011 0.050002724898257113 0.032900231149429963 -0.01000663667092661 -0.043530606694856637 0.024589420335683915
leaf_weight=66.475887639484426 10484.746071339174 6.4721177816390982 0.69806977286861982 15.754331887441365 280.24361901188968 181.65262094570789 10438.432648706716 2862.4445612162235 264.7214528961631 32779.94467710238 3.4925118684768668 10.061960756778715 36.735815609325073 60.013958603143692 9.5482036471366865 1.7889353279424529 15.452030688524244 21.596617311239246 10.578457966446875 358.66767351329327 131.89095943421125 3.4060725420713416 3.4017980751887071 25.199613115546526 35.905155777931213 0.34071257373580011 43.243800089810975 16.367189943790439 6.9391388297080985 29.513196900756157
leaf_count=2319149 327744 38 4028 12128 101831 2800 100600 91146 3718 151729 24 84 341033 444 82 112 131 157 81 2624 1005 22 106232 846640 334 6321 243574 128 59 827973
internal_value=3.29781e-05 -6.12971e-05 1.8913e-06 0.00102521 0.000892002 0.0108237 -0.000324187 0.000548303 -0.000355462 4.09793e-05 -0.00161005 0.0304315 0.037474 -0.00542046 -0.0201056 0.0291963 -0.00451457 -0.0126535 -0.00340705 -0.00610611 0.00178623 0.00567267 0.0439818 0.0370961 -0.0215753 -0.046195 0.0309354 -0.0265121 -0.0199879 0.0272158
internal_weight=58205.7 58081.1 57404.3 13871.6 13809.1 461.896 43532.7 13347.2 43486.6 33044.7 10441.9 62.5521 52.4901 676.838 39.3267 46.0715 637.511 76.3599 561.151 369.246 191.905 25.0027 124.59 58.1146 51.3572 1.03878 45.0327 32.8545 23.3063 32.915
internal_count=5491971 1391977 1386872 876766 523521 104631 510106 418890 256071 155447 100624 353245 353161 5105 307 254035 4798 644 4154 2705 1449 179 4099994 1780845 465 10349 243686 269 187 934205
is_linear=0
shrinkage=0.05


Tree=137
num_leaves=31
num_cat=0
split_feature=3 0 2 0 2 0 1 3 3 3 1 0 3 3 3 2 3 2 2 3 2 3 2 1 3 1 1 1 0 0
split_gain=91.185 7.81189 21.6293 12.3744 80.1255 30.2145 14.2881 12.3796 40.996 60.9197 34.0222 29.981 16.7243 10.036 12.7675 16.7352 12.0157 8.48934 18.3005 17.2173 6.54886 3.69545 4.92355 5.0485 2.25212 2.13057 3.00644 1.91708 1.81724 1.69506
threshold=4.0279376260590949 0.26337961663928472 4.4084610982207808 0.31410302578058374 4.5341594832340997 0.28230039401158186 1.0000000180025095e-35 8.3242998889234094 7.9810273183704767 7.9584020480681064 1.5000000000000002 0.40475553788558277 8.4580160548255012 5.8941273005512267 6.5236944472770055 5.0199087660326223 6.6746245191423315 4.9275112150820659 4.7001851868954612 7.1123681928467075 4.3694757063636134 5.9734787654269947 4.3694757063636134 1.0000000180025095e-35 8.3934411287734871 1.0000000180025095e-35 1.5000000000000002 1.0000000180025095e-35 0.25270326911339452 0.25270326911339452
decision_type=2 2 2 2 2 2 2 2 2 2 2 2 2 2 2 2 2 2 2 2 2 2 2 2 2 2 2 2 2 2
left_child=25 2 21 4 5 20 -7 8 9 -5 -10 24 -13 27 15 -15 -16 18 -6 -19 -3 22 23 -2 -9 -1 -27 29 -29 -4
right_child=1 3 13 7 17 6 -8 11 10 -11 -12 12 -14 14 16 -17 -18 19 -20 -21 -22 -23 -24 -25 -26 26 -28 28 -30 -31
leaf_value=0.050001362475034783 0.015628379740978637 0.041475856102138137 -0.038404805515404761 -9.8170966055345979e-05 0.0031614057512308075 -0.0053002261390812525 0.016537098176877572 -0.0068098069320522564 -0.007642508438974945 0.015577986433203432 0.020473986017939514 0.013208731813426017 -0.0025718801041556775 0.00080900010635083584 -0.0083756112833670744 0.016644501403724189 -0.0016064872453701055 0.0057183909103485538 -0.0086092316065802272 -0.0012790560562267771 0.02549048175065885 0.052854344506174905 0.0064214472001260766 0.04777922229611635 -0.00089231261951234716 0.026587837775620671 0.050001416634436358 -0.0044599236004614559 -0.020002865868632952 -0.01591349518391574
leaf_weight=63.23390914958145 28.319894773550914 88.155066764360527 15.843519933521746 36744.77954038819 616.8981805741787 122.00728842256649 194.02832696487894 355.29741048812866 2428.5694130137563 630.38471455127001 112.57968546822667 761.90521601587534 215.35183236002922 1852.1387529755011 714.63488732650876 183.35970020294189 7932.6153217703104 1468.089231595397 710.5974136069417 2191.0530602410436 234.5169125944376 8.6974715059623104 43.200914325192571 21.46440508926753 293.70322508364916 32.032278046011925 23.970646722591482 38.005179659463465 37.22500579431653 17.776132270693779
leaf_count=2319149 2383 3345 179 1274065 3280 3712 2738 1595 12536 4325 993 3631 1184 9656 3261 895 37650 7125 3253 10255 2177 274 586 580 1743 934205 846640 188 186 182
internal_value=3.16299e-05 -5.80728e-05 -0.00126491 0.000220643 0.00242144 0.0190952 0.00810668 -7.73711e-05 -0.00025159 0.000166229 -0.00639687 0.00419882 0.00973126 -0.00148118 -0.00132726 0.00223548 -0.00216591 0.000285803 -0.00313932 0.0015284 0.0298577 0.0216876 0.0187724 0.0294902 -0.00413186 0.0437115 0.0366094 -0.0165867 -0.0121508 -0.0265127
internal_weight=58180.4 58061.2 10893.3 47167.9 5625.35 638.708 316.036 41542.6 39916.3 37375.2 2541.15 1626.26 977.257 10791.6 10682.7 2035.5 8647.25 4986.64 1327.5 3659.14 322.672 101.683 92.9852 49.7843 649.001 119.237 56.0029 108.85 75.2302 33.6197
internal_count=5491971 1391977 56020 1335957 35885 11972 6450 1300072 1291919 1278390 13529 8153 4815 52197 51462 10551 40911 23913 6533 17380 5522 3823 3549 2963 3338 4099994 1780845 735 374 361
is_linear=0
shrinkage=0.05


Tree=138
num_leaves=31
num_cat=0
split_feature=3 0 3 3 3 0 2 3 3 3 2 3 3 1 0 2 3 2 1 1 3 0 2 0 1 1 1 0 0 2
split_gain=86.1691 7.61026 45.0777 40.4154 17.1065 18.7349 15.1389 31.5098 12.3993 11.2394 27.8695 30.015 24.9721 23.4369 18.2029 180.758 24.4224 15.3444 17.7737 11.6734 10.3772 9.39945 5.24132 3.85864 3.53174 2.19589 3.04616 1.02738 0.81057 0.574529
threshold=4.0279376260590949 0.95230227493361064 4.2458488838296011 6.5236944472770055 4.1855554307025713 0.99955128939493143 4.566816998076491 4.3506649499126473 4.2047672406880237 4.6348260661835381 4.2672363075222259 5.2095134744993077 5.0394170871300483 1.5000000000000002 0.7807682914075661 5.1351301576799973 5.4424826413705318 4.2047331123241749 1.0000000180025095e-35 1.0000000180025095e-35 7.9810273183704767 0.95068694328663927 4.159971731735074 0.99999915540540552 1.5000000000000002 1.0000000180025095e-35 1.5000000000000002 0.97015094582279393 0.99999915540540552 4.2672363075222259
decision_type=2 2 2 2 2 2 2 2 2 2 2 2 2 2 2 2 2 2 2 2 2 2 2 2 2 2 2 2 2 2
left_child=25 9 4 6 22 8 7 -4 -6 13 11 12 -11 17 16 -16 -12 21 -19 -13 24 -2 23 -3 -5 -1 28 -8 -27 -15
right_child=1 2 3 20 5 -7 27 -9 -10 10 14 19 -14 29 15 -17 -18 18 -20 -21 -22 -23 -24 -25 -26 26 -28 -29 -30 -31
leaf_value=0.050001299195121751 0.00082402065545144536 0.036082601062553538 0.041809860983559544 0.00069618267006624321 -0.020038136041047511 0.00045769373479587173 0.034653835658175917 0.003699464664989903 0.0020402998393882587 0.007971059124662205 -0.0024065328197405643 0.01833943985892883 -0.0099961875999055056 0.050504049674905342 0.0387982448172315 -0.0063441698822114135 0.00023122955912082169 0.0060767016050978419 -0.010694264217366111 0.047940302482651256 -0.072130671592614035 -0.045801286064354005 0.14521472115624484 -0.0012213903246553867 0.020146798804328105 0.050001480997819571 0.050001347430086107 0.050444593713966292 0.023255036741052323 0.031667298483848798
leaf_weight=60.150030656346644 1006.9753251435613 31.690713036150555 101.47960790921934 243.14426755171735 206.41720943711698 1534.4161902107298 12.413373766175935 116.50555706885643 91.905478106345981 973.84706843545428 11271.850069331937 101.92962997827271 241.30866577921552 18.037272641555322 306.34346290852409 803.07159240424517 39618.023705787957 187.64098061213735 999.41424062475562 49.471723615570227 4.7317833155393592 10.926626433993077 0.97535441070794959 8.8729787944903347 25.815832290798426 3.1509987146600933 22.801615185599076 60.523097396617231 28.040889855026762 5.2193427579477421
leaf_count=2319149 320045 139223 1041 2329 1019 6259 20386 2589 393 34140 50606 6346 7165 70372 12145 31879 319902 1143 4635 3527 29 4456 5 2660 506 106232 846640 348756 827973 421
internal_value=3.03568e-05 -5.50063e-05 0.00267869 0.0150637 -0.00105221 -0.00177134 0.0280388 0.0214412 -0.0132363 -0.000174933 -2.96633e-05 0.0070187 0.00440308 -0.00365414 -0.000214896 0.00612103 -0.000353021 -0.00418078 -0.00804323 0.0280118 0.00127177 0.000323523 0.0306767 0.0279227 0.00256313 0.0434307 0.036111 0.0477571 0.025957 0.0462766
internal_weight=58147.1 58033 2438.89 564.614 1874.28 1832.74 290.922 217.985 298.323 55594.1 53365.8 1366.56 1215.16 2228.21 51999.3 1109.42 50889.9 2204.96 1187.06 151.401 273.692 1017.9 41.539 40.5637 268.96 114.144 53.9935 72.9365 31.1919 23.2566
internal_count=5491971 1391977 525195 375636 149559 7671 372772 3630 1412 866782 465710 51178 41305 401072 414532 44024 370508 330279 5778 9873 2864 324501 141888 141883 2835 4099994 1780845 369142 934205 70793
is_linear=0
shrinkage=0.05


Tree=139
num_leaves=31
num_cat=0
split_feature=3 3 3 3 3 0 2 0 2 3 0 3 3 1 2 3 3 0 1 3 0 0 1 2 2 3 3 0 0 1
split_gain=81.406 7.3844 29.527 58.1075 65.4301 48.8315 77.8606 41.8522 41.3352 39.3416 36.5302 25.079 44.6889 38.6831 44.1922 34.9308 40.0036 34.9443 17.6877 16.9792 15.1012 14.113 13.7393 13.4064 11.4407 9.31318 5.20011 5.04926 3.70077 2.26137
threshold=4.0279376260590949 7.7766189032103208 7.3233027137203726 7.3159499364080736 7.3155776058677429 0.33474620881895956 7.1770651455763064 0.64922974994475979 6.233413750140044 7.2540859042396688 0.67233198250082127 7.9584020480681064 7.9810273183704767 1.5000000000000002 7.3372464290984665 7.9942274713266626 8.1727008602802069 0.17018869910310372 1.5000000000000002 7.3955494728005915 0.90776314808047343 0.87576024100065497 1.5000000000000002 5.9646979569103058 6.6343668269686615 7.8947653466217966 7.7199734743889161 0.14402769709617944 0.14402769709617944 1.0000000180025095e-35
decision_type=2 2 2 2 2 2 2 2 2 2 2 2 2 2 2 2 2 2 2 2 2 2 2 2 2 2 2 2 2 2
left_child=29 2 3 4 9 19 24 8 -5 -2 -9 20 13 14 -13 17 -17 -14 -8 23 22 -15 25 -4 -7 -3 -21 -6 -24 -1
right_child=1 11 5 7 27 6 18 10 -10 -11 -12 12 15 21 -16 16 -18 -19 -20 26 -22 -23 28 -25 -26 -27 -28 -29 -30 -31
leaf_value=0.05000123323980158 -0.00014768779813037535 -0.0031622439170149608 0.00049985507014596803 -0.0026570482749970295 -0.10269619112300972 0.017357491198906196 -0.012945620527481798 0.019444160454973051 -0.019419520735037263 0.0081819659001562389 -0.004722022564716156 0.0085588208147723711 0.011007220997911895 -0.015654149786210891 0.036337493320334147 0.0089047067401595414 -0.0013127427938426422 -0.0089289575146621666 0.032105770888663419 -0.0046311627737910793 -0.080870039312709113 0.014140773766465968 -0.026373650348883216 0.020294574640951482 0.0095740485187447537 -0.0090432690376970378 0.0022846011786750459 0.056997424438782529 0.011077349718197155 0.035601472000655054
leaf_weight=57.216549957003735 37322.502249873964 1450.2030226998031 215.20879529416561 611.86790002882481 0.49965257942676444 635.74511390179396 442.08120334148407 205.3637172835879 921.90934958867729 1473.5134931114735 655.58938714955002 573.84396884590387 249.06788638234138 164.23708589375019 190.77081204950809 1232.237994518131 4304.0672762654722 1870.6775245368481 22.916258178651333 1638.5280351489782 6.5846009552478781 52.432417225092649 6.903680518269538 141.96006582677364 1834.2853427813388 1256.3990322947502 325.87297609448433 52.99171647161711 148.18583349138498 52.083286221983144
leaf_count=2319149 1180549 6432 902 3374 2 2723 2550 11624 8351 96943 4918 2495 1248 1420 972 5478 22560 11014 192 6838 27 942 28 594 8539 5512 1355 3347 1048 1780845
internal_value=2.93382e-05 -5.1893e-05 0.000228724 -0.000221077 0.000244874 0.00375794 0.00804395 -0.00778016 -0.0127325 0.000168681 0.00104235 -0.00118603 0.000159185 0.010205 0.0154896 -0.0011284 0.000961397 -0.00658648 -0.0107254 -0.0016606 -0.00523691 -0.008444 -0.00506289 0.00836745 0.0115774 -0.0058922 -0.00348391 0.0555058 0.00941025 0.0431395
internal_weight=58115.7 58006.4 46500.8 41244.2 38849.5 5256.6 2935.03 2394.73 1533.78 38796 860.953 11505.6 8637.33 981.284 764.615 7656.05 5536.31 2119.75 464.997 2321.57 2868.28 216.67 2861.69 357.169 2470.03 2706.6 1964.4 53.4914 155.09 109.3
internal_count=5491971 1391977 1332801 1309108 1280841 23693 14004 28267 11725 1277492 16542 59176 46129 5829 3467 40300 28038 12262 2742 9689 13047 2362 13020 1496 11262 11944 8193 3349 1076 4099994
is_linear=0
shrinkage=0.05


Tree=140
num_leaves=31
num_cat=0
split_feature=3 0 3 2 3 1 3 2 2 3 3 3 3 3 2 0 0 3 3 2 3 1 0 1 3 1 2 3 2 1
split_gain=76.88 7.21295 15.1667 14.3167 13.2993 12.1667 11.6696 30.5011 8.37288 7.81088 7.68897 28.9754 63.3548 64.3075 49.7457 72.8801 46.7366 24.3014 36.8898 38.661 33.8901 19.9148 13.3111 11.3025 5.83634 4.93148 9.05226 3.71295 3.65248 2.32724
threshold=4.0279376260590949 0.14402769709617944 7.3079129921864023 4.8294082094226871 7.3233027137203726 1.0000000180025095e-35 7.9584020480681064 5.676703105257821 5.0866414907511173 7.5289283282427251 7.8549435851211564 7.3233027137203726 7.3159499364080736 7.3155776058677429 7.2629214257795809 0.33474620881895956 0.63392955449936217 7.9584020480681064 7.9810273183704767 6.2650369572774673 7.9942274713266626 1.5000000000000002 0.90776314808047343 1.5000000000000002 7.3159499364080736 1.5000000000000002 5.0866414907511173 7.2943637121476916 4.6569856547695219 1.0000000180025095e-35
decision_type=2 2 2 2 2 2 2 2 2 2 2 2 2 2 2 2 2 2 2 2 2 2 2 2 2 2 2 2 2 2
left_child=29 2 3 28 5 24 9 -8 -7 -6 11 12 13 -3 15 -13 -14 22 19 -19 -20 -16 23 -12 -4 27 -27 -5 -2 -1
right_child=1 10 4 25 6 8 7 -9 -10 -11 17 14 16 -15 21 -17 -18 18 20 -21 -22 -23 -24 -25 -26 26 -28 -29 -30 -31
leaf_value=0.050001172772354344 0.049286853643456217 0.00025831808739042319 0.013725618814970803 -0.016324530461832309 0.0011914697429658138 0.076140527326984786 0.040718231325402261 -0.0011395467801981292 0.0058553070604651846 -0.012860760208061326 -0.0068541254359136793 -0.0017524082340446411 -0.014084829764845956 0.056557185779064462 -0.015028076371909657 0.010209009911176868 0.00042083528219814408 -0.016779390072886799 -0.0067489808314141744 0.013295496366969148 0.00097372857435232784 0.024021111650522176 -0.077384893043621061 0.0094152677838719775 0.07893208004521729 0.052637673207778651 -0.035664466395365323 -0.041290954045755612 0.0088795109131211882 0.035079554157839539
leaf_weight=54.426131904794602 6.7947487388519212 38419.141526371517 5.1853130906820271 273.72368963062763 142.11931119859219 4.4363440424203864 46.510081648826599 677.2757283821702 94.43102653324604 325.10004910826683 1869.0927259847522 2233.597079128027 1369.6744968383573 50.789725045557134 427.22395120561123 2962.4663041031454 933.92279359232634 123.02629245817661 1987.2835838124156 813.07298089563847 4981.9279594197869 35.352422721683979 6.5382165759801856 113.21714069694281 10.146631717681885 6.8424455076456052 5.0403757840394974 15.74858073890209 31.607421569526196 50.261769134413044
leaf_count=2319149 58 1275807 21 1222 597 19 204 3656 492 1409 8268 9314 8721 3347 2492 13522 19092 508 11640 5146 24975 302 27 809 60 31 21 67 150 1780845
internal_value=2.79896e-05 -4.93176e-05 -0.00331292 -0.012723 -0.000863395 0.0154359 -0.00242625 0.00155021 0.00900912 -0.00858634 4.59932e-05 0.000315661 -0.000149649 0.000332646 0.00366847 0.00506723 -0.00820395 -0.00121953 2.33779e-05 0.00934292 -0.00122842 -0.0120437 -0.00615984 -0.00592492 0.056879 -0.0163869 0.0151823 -0.0176828 0.016029 0.0428371
internal_weight=58076 57971.3 1644.96 339.757 1305.2 114.199 1191.01 723.786 98.8674 467.219 56326.3 46432.2 40773.5 38469.9 5658.64 5196.06 2303.6 9894.16 7905.31 936.099 6969.21 462.576 1988.85 1982.31 15.3319 301.355 11.8828 289.472 38.4022 104.688
internal_count=5491971 1391977 8007 1549 6458 592 5866 3860 511 2006 1383970 1332597 1306967 1279154 25630 22836 27813 51373 42269 5654 36615 2794 9104 9077 81 1341 52 1289 208 4099994
is_linear=0
shrinkage=0.05


Tree=141
num_leaves=31
num_cat=0
split_feature=3 2 0 3 3 3 0 2 3 3 3 1 0 2 0 0 1 1 0 2 0 0 3 2 2 0 3 3 0 2
split_gain=72.5831 6.97289 6.99819 41.5464 36.9896 15.4894 16.3983 14.9346 12.995 11.5276 26.5846 22.3019 16.1216 12.0764 7.37753 4.46504 2.39305 3.30853 0.869216 0.590582 0.416251 1.86195 3.59243 39.6164 0.773083 1.43052 28.772 0.0120201 0.00500094 0.00138861
threshold=4.0279376260590949 3.9611729973648138 0.95335344749112871 4.2458488838296011 6.5236944472770055 4.1855554307025713 0.99955128939493143 4.566816998076491 7.9810273183704767 4.6348260661835381 4.6966548594543971 1.5000000000000002 0.7807682914075661 4.2047331123241749 0.58808560373301499 0.99999915540540552 1.0000000180025095e-35 1.5000000000000002 0.99999915540540552 4.2672363075222259 0.8542062519189314 0.8677148691289146 4.0890807290380335 3.9458371471424569 3.9545425682277715 0.7807682914075661 4.1932090212869468 4.0915907705340819 0.82750176328793523 4.0123428139423227
decision_type=2 2 2 2 2 2 2 2 2 2 2 2 2 2 2 2 2 2 2 2 2 2 2 2 2 2 2 2 2 2
left_child=16 20 9 5 7 15 -7 -5 -6 11 14 13 -12 -3 -11 -4 -1 18 -18 -13 24 22 23 -22 27 -26 -27 28 -2 -20
right_child=1 2 3 4 8 6 -8 -9 -10 10 12 19 -14 -15 -16 -17 17 -19 29 -21 21 -23 -24 -25 25 26 -28 -29 -30 -31
leaf_value=0.050001114731924839 0.050008199587767838 -0.00018140332808689992 0.039120288326641404 0.020767260193837966 0.0027968065167349046 -0.012433541385732591 0.00042924676534534449 0.047566126117052333 -0.085065819759849323 -0.0095534013679671528 -0.00024198323270067484 0.050478666827981668 0.0059147548213709586 -0.0076206103884746473 0.015530991910259615 -0.0011649598572882598 0.0500013146184905 0.05000119257776179 0.020616169401243535 0.031055543495909412 -0.032310135783619846 0.050044324581657612 0.050010980933810845 -2.1843847022206258 0.050008836609448819 0.050009743313175904 -1.5027734007068463 0.050147227433003032 0.056760845382539518 0.050001479638057768
leaf_weight=51.771795910950459 0.35851093217206464 1008.5777732811548 30.515481091453694 212.79340988816693 265.33282412425615 295.49511536583304 1534.532100405544 68.795369455627224 4.2761196717619887 32.104077891577617 51833.299131244683 17.222140239988224 1085.5442605298449 1188.2622820131946 337.0224899823661 8.879632981377652 2.7927972809520751 20.209547397389542 25.522904766894502 5.0645400832872829 0.4819721676212787 2.3219100083006197 0.65043510685791261 0.022377414934453554 0.73425075745035406 0.40568974104826339 0.032200259302044287 5.4256444024649682 1.1656992544412785 0.0040209499275068996
leaf_count=2319149 4768 250417 136167 3610 2803 1404 6259 368280 25 6984 410299 71067 44452 5797 3102 2660 106232 846640 827837 422 933 30991 2963 102 4185 2094 177 31978 38 136
internal_value=2.66376e-05 -4.69309e-05 -5.46925e-05 0.00257697 0.0146405 -0.000979943 -0.00164771 0.0273145 0.00140327 -0.000169457 -2.24154e-05 -0.00370038 -0.000115688 -0.00420524 0.0133493 0.03004 0.0425238 0.0345468 0.0235182 0.0460649 0.0387171 0.0242396 -0.0276455 -0.127795 0.0449143 0.00735217 -0.0641742 0.0512494 0.0551725 0.0206208
internal_weight=58039.6 57939.3 57927.7 2420.62 551.198 1869.42 1830.03 281.589 269.609 55507.1 53288 2219.13 52918.8 2196.84 369.127 39.3951 100.301 48.5293 28.3197 22.2867 11.5987 3.47669 1.15478 0.50435 8.122 1.17214 0.43789 6.94985 1.52421 25.5269
internal_count=5491971 1391977 1313748 521208 374718 146490 7663 371890 2828 792540 464837 327703 454751 256214 10086 138827 4099994 1780845 934205 71489 78229 34989 3998 1035 43240 6456 2271 36784 4806 827973
is_linear=0
shrinkage=0.05


Tree=142
num_leaves=31
num_cat=0
split_feature=3 3 2 2 3 3 3 2 3 1 2 2 1 1 1 0 0 0 2 2 2 0 0 0 0 3 2 0 2 3
split_gain=68.5079 6.85916 6.71436 6.28449 32.7275 58.995 53.1277 26.5373 116.572 34.4835 3.30137 3.04268 2.45824 3.33483 2.10518 5.3043 1.82055 2.40636 1.46978 1.32147 2.09701 0.864101 0.86043 0.388404 1.53409 2.19276 0.726559 1.07128 0.0322995 0.0102763
threshold=4.0279376260590949 8.6879410503086998 3.9611729973648138 5.5245751061938488 7.3159499364080736 7.3233027137203726 7.3155776058677429 4.9745127581484967 5.2344719257170151 1.5000000000000002 6.7695100238511943 6.3853889739133587 1.0000000180025095e-35 1.5000000000000002 1.0000000180025095e-35 0.21058625871244899 0.63725582220801125 0.40475553788558277 7.0948639925422592 6.5729417446171423 6.7189021950326238 0.99999915540540552 0.3654363882654203 0.8542062519189314 0.8677148691289146 4.0890807290380335 3.9545425682277715 0.7807682914075661 6.4739370300385177 4.0915907705340819
decision_type=2 2 2 2 2 2 2 2 2 2 2 2 2 2 2 2 2 2 2 2 2 2 2 2 2 2 2 2 2 2
left_child=12 2 23 7 6 -6 -5 9 -9 -4 11 -3 -1 21 15 18 17 -16 -12 28 -21 -14 -17 26 25 -25 29 -28 -13 -2
right_child=1 10 3 4 5 -7 -8 8 -10 -11 14 19 13 -15 16 22 -18 -19 -20 20 -22 -23 -24 24 -26 -27 27 -29 -30 -31
leaf_value=0.050001060875480202 0.054896626077257454 0.01194280963395537 7.520920471194907e-05 0.0034783179241794932 -0.0079871244964876704 0.0006638981379777036 0.056057085506775794 0.048887905234162712 -0.0037531953701396299 0.01332528082460257 0.011365707186967874 -0.0449054851513912 0.050001251090749668 0.050001137561644628 -0.004440357869579358 -0.057940808340855687 -0.046856740316975988 0.0061225132944234054 -0.015817985239289008 -0.009398450568347207 -0.04265140965989879 0.020008663737111371 -0.023842563265110101 -0.079694653871732551 0.050042294596950587 0.050010446231802286 0.050008406187015367 -0.044244174488124094 -0.038939343050224916 0.050141591095558803
leaf_weight=49.24690640312474 1.4569714196732073 6.5018902570009223 25331.092894806014 5674.2617793950994 2251.8787284372374 15782.792772835121 48.454398224479519 106.65431443606212 7548.4511694909888 500.74460606458524 9.5609659105539375 4.015381418168543 2.6565941282679004 19.223937956849113 543.1050987392664 6.7191125452518445 2.4188081026077262 59.861126661300659 10.361250482499598 16.206679239869121 6.70161448419094 25.005963536510535 2.5530621558427811 0.68838888769096251 2.2087564712164749 0.61871946870815009 0.69844678962544982 0.53043609007727355 5.2146308794617653 5.1615981524737435
leaf_count=2319149 4806 38 515079 437518 27552 76624 3346 91440 39811 117273 62 36 106232 846640 4190 57 10 384 79 128 59 827973 16 1035 30991 2963 4185 2271 46 31978
internal_value=2.5716e-05 -4.42717e-05 1.47249e-05 7.09621e-06 0.000629077 -0.000416302 0.0039235 -0.00043417 -0.00301978 0.000332059 -0.00506179 -0.0192511 0.0421995 0.0340053 -0.00419778 -0.0173119 -0.00356536 -0.0033917 -0.00277213 -0.025562 -0.0191263 0.022889 -0.048552 0.0384453 0.0246348 -0.0182988 0.0446327 0.00932514 -0.0415348 0.0511883
internal_weight=58025 57928.9 57255.7 57244.3 23757.4 18034.7 5722.72 33486.9 7655.11 25831.8 673.22 38.6402 96.1334 46.8865 634.579 29.1944 605.385 602.966 19.9222 32.1383 22.9083 27.6626 9.27217 11.3633 3.51586 1.30711 7.84745 1.22888 9.23001 6.61857
internal_count=5491971 1391977 1386872 1308643 545040 104176 440864 763603 131251 632352 5105 307 4099994 1780845 4798 214 4584 4574 141 269 187 934205 73 78229 34989 3998 43240 6456 82 36784
is_linear=0
shrinkage=0.05


Tree=143
num_leaves=31
num_cat=0
split_feature=3 1 2 0 3 2 3 3 3 2 2 0 3 3 0 2 3 3 2 2 3 2 3 3 3 1 1 3 1 2
split_gain=64.6405 6.96969 17.5259 28.776 24.6345 104.58 54.1921 21.026 19.9272 14.6397 13.8993 12.8474 18.1875 9.02034 8.08131 42.4257 82.9011 22.6178 77.7909 28.14 12.2124 7.83793 6.95618 27.741 27.2959 2.523 3.35738 2.45443 1.79459 2.56897
threshold=4.0279376260590949 1.0000000180025095e-35 5.0866414907511173 0.47638594757386876 5.9734787654269947 5.3967752333733872 7.3159499364080736 5.9734787654269947 6.7761076281080266 4.8294082094226871 4.0613265649149151 0.29289468721693729 6.7761076281080266 5.4424826413705318 0.81577353924098361 4.2361428001878414 5.3496519098028221 5.4424826413705318 4.3694757063636134 5.0199087660326223 4.3282302013682576 5.209507762638709 5.0938422168791631 5.3496519098028221 5.0394170871300483 1.0000000180025095e-35 1.5000000000000002 4.0290057169568154 1.5000000000000002 4.0094720765516669
decision_type=2 2 2 2 2 2 2 2 2 2 2 2 2 2 2 2 2 2 2 2 2 2 2 2 2 2 2 2 2 2
left_child=25 2 9 7 5 -5 -6 21 -9 22 27 12 -11 -13 17 20 -17 19 -19 -12 -16 -4 24 -24 -2 -1 -27 28 29 -3
right_child=1 10 3 4 6 -7 -8 8 -10 11 14 13 -14 -15 15 16 -18 18 -20 -21 -22 -23 23 -25 -26 26 -28 -29 -30 -31
leaf_value=0.050001011492188698 0.00098765318269724862 0.050004388284168082 -0.030730667644132893 0.010494209597257661 0.02785121318765367 -0.049452811434925609 -0.0074655597438746356 0.0077966328613074572 -0.0024065962102958376 0.00801974289798482 -0.0027587019647465683 -0.00037487365235715762 -0.023573128090588303 -0.0084088509635512395 -0.00091775304164238593 0.024869237934918284 -0.0015155458894494517 0.03734584390766281 -0.00017058017588261257 -0.035419313514048388 -0.01364572052428103 0.041107895769755876 0.0067912032815821413 -0.00066916864428438413 -0.012225475107829942 0.022262369756152936 0.050001077980249047 0.029753158478268951 0.050051357755985015 -0.15836452706846715
leaf_weight=46.845153014874086 2403.5864478225267 0.21388421350275055 65.605954065918922 681.47715659526875 390.99120893883082 81.449062508501811 150.40497605456039 758.95212391018867 1295.1444319584407 358.74764682352543 7486.9114778132353 509.04315747178043 52.180882066488266 1113.9345577210188 2136.6288701294325 509.04849494155496 717.0891095912084 138.75983917916892 32722.906351382146 66.536243833601475 206.69299364590552 4.0301108956336966 1889.3351117597849 3659.814286685767 466.77008723297331 27.037662506409106 18.286395907343831 42.423656553881301 0.31348639526913757 0.47964325125576579
leaf_count=2319149 279717 2439 350 86567 412327 614 15908 6252 10087 2286 72199 12827 232 5467 16018 11105 5919 2844 151562 301 978 22 13507 27630 3223 934205 846640 243686 4086 3824
internal_value=2.46712e-05 -4.19205e-05 0.000934977 0.00403737 0.00988283 0.00409434 0.0180399 0.000447295 0.00136332 -8.24123e-05 -0.000349924 -0.00388943 0.00400799 -0.00588901 -0.000377839 0.00190267 0.00943847 -0.000579254 -1.21654e-05 -0.0030464 -0.00204042 -0.0265731 0.000837252 0.00187089 -0.00116103 0.0418639 0.0334538 0.0279219 -0.0492276 -0.0941035
internal_weight=58001.6 57909.5 13881.5 3428.06 1304.32 762.926 541.396 2123.73 2054.1 10453.4 44028 2033.91 410.929 1622.98 43984.6 3569.46 1226.14 40415.1 32861.7 7553.45 2343.32 69.6361 8419.51 5549.15 2870.36 92.1692 45.3241 43.4307 1.00701 0.693527
internal_count=5491971 1391977 877016 532127 515416 87181 428235 16711 16339 344889 514961 20812 2518 18294 260926 34020 17024 226906 154406 72500 16996 372 324077 41137 282940 4099994 1780845 254035 10349 6263
is_linear=0
shrinkage=0.05


Tree=144
num_leaves=31
num_cat=0
split_feature=3 3 3 2 3 3 3 0 3 3 0 0 3 2 2 0 2 0 1 1 2 2 0 2 0 0 0 2 0 2
split_gain=60.9687 6.35462 32.6701 11.1881 7.00564 24.2324 42.7512 39.1134 20.187 37.1731 12.5663 5.14041 4.79809 8.66331 4.73982 4.38297 4.55123 4.80916 2.58724 3.37631 1.60431 2.60216 1.60115 1.43099 0.877263 0.691726 1.87483 0.00143592 1.49214e-13 3.00204e-13
threshold=4.0279376260590949 8.4580160548255012 8.3934411287734871 6.3155342981366367 7.7766189032103208 7.3233027137203726 7.3159499364080736 0.33474620881895956 7.9584020480681064 7.9810273183704767 0.90776314808047343 0.63725582220801125 8.576375007177452 6.6817274012699155 6.7189021950326238 0.62018023237906184 7.5747031881281135 0.48781481660207754 1.0000000180025095e-35 1.5000000000000002 6.2840127217011625 6.233413750140044 0.19145279672441137 6.0978481303467058 0.99999915540540552 0.85838481332044558 0.808129138980895 4.0123428139423227 0.93926014534244684 3.9611729973648138
decision_type=2 2 2 2 2 2 2 2 2 2 2 2 2 2 2 2 2 2 2 2 2 2 2 2 2 2 2 2 2 2
left_child=18 2 4 20 5 6 -2 -7 10 -10 -6 12 14 -14 -5 16 22 -18 28 24 21 23 -4 -3 -20 26 -17 -26 29 -1
right_child=1 3 15 11 8 7 -8 -9 9 -11 -12 -13 13 -15 -16 25 17 -19 19 -21 -22 -23 -24 -25 27 -27 -28 -29 -30 -31
leaf_value=0.05000094395251227 0.00020722148572215331 0.00061493365538893346 0.011483409215482007 0.0051875817808157438 -0.0046324227536491671 -0.0014330937213353485 -0.0067124939815266299 0.0072580185910739075 0.0092587301330258644 -0.0012808047976712537 -0.074347696006515807 -0.04107119090189168 -0.022735420264098489 -0.001462467220961185 -0.012797374191971312 0.039654283929686666 -0.011228241945067026 0.01561823204625617 0.050001165007575558 0.050001027006281118 0.042654287433715764 -0.00099938475432219073 0.022383288252900743 0.032714472355563094 0.018708887058931013 0.057497084766242858 -0.00041228321922411287 0.050001349402740862 0.050000960190604286 0.050001675107975034
leaf_weight=1.6449631697450955 38785.980423855755 4.2239935547113445 45.468237116932869 43.790958777070045 2851.5259298086166 2319.9923064410686 2368.3902946752496 2928.7762092740741 974.07434582337737 5928.4589361995459 6.4785445630550376 9.3361394852399808 50.094173811376095 1072.8580005094409 224.14631541073322 19.347710981965072 28.718579575419426 39.799357660114765 2.4713999426476247 17.39457578441943 7.4599586278200141 12.761586993932722 130.08788320422173 19.502084016799927 23.967357143204939 3.4950005114078513 3.4386091008782378 0.003666548931504531 42.914164556454125 0.0014047122167540884
leaf_count=87066 1280841 21 206 219 13020 9689 28267 14004 5829 29575 27 38 360 7534 1108 114 118 171 106232 846640 37 62 581 95 827837 31 30 136 2232041 42
internal_value=2.39677e-05 -3.94043e-05 4.44058e-05 -0.00331446 -3.90611e-05 0.000217051 -0.000191001 0.00341649 -0.00125666 0.000206517 -0.00479045 -0.00409412 -0.00384592 -0.00241144 -0.00985796 0.0173838 0.0152948 0.00436581 0.0415167 0.0328924 0.0215266 0.017207 0.0195603 0.0269997 0.0216379 0.0367848 0.033608 0.0187137 0.050001 0.0500009
internal_weight=57966.6 57878.2 56434 1444.17 56163.7 46403.1 41154.4 5248.77 9760.54 6902.53 2858 1400.23 1390.89 1122.95 267.937 270.355 244.074 68.5179 88.3975 43.837 43.9476 36.4877 175.556 23.7261 26.4424 26.2813 22.7863 23.971 44.5605 1.64637
internal_count=5491971 1391977 1382503 9474 1381252 1332801 1309108 23693 48451 35404 13047 9259 9221 7894 1327 1251 1076 289 4099994 1780845 215 178 787 116 934205 175 144 827973 2319149 87108
is_linear=0
shrinkage=0.05


Tree=145
num_leaves=31
num_cat=0
split_feature=3 2 0 3 3 0 3 0 3 3 2 1 1 0 2 2 1 1 0 2 0 0 3 2 2 2 0 3 0 2
split_gain=57.4875 6.32277 5.92635 36.2964 31.8027 24.011 14.1267 14.8577 13.1629 10.79 24.6907 31.9386 20.37 14.3521 10.8809 4.3035 2.65058 3.39108 0.868801 0.628559 0.381553 1.46418 1.92793 1.51036 0.726377 1.00587 2.09153 0.00881015 0.00361084 0.00141797
threshold=4.0279376260590949 3.9611729973648138 0.95335344749112871 4.2458488838296011 4.3506649499126473 0.96125233415098954 4.1855554307025713 0.99955128939493143 7.9810273183704767 4.6348260661835381 4.2361428001878414 1.0000000180025095e-35 1.5000000000000002 0.84920684346295017 4.2047331123241749 4.159971731735074 1.0000000180025095e-35 1.5000000000000002 0.99999915540540552 4.2672363075222259 0.8542062519189314 0.8677148691289146 4.0890807290380335 3.9458371471424569 3.9545425682277715 3.9574100138220705 0.7807682914075661 4.0915907705340819 0.82750176328793523 4.0123428139423227
decision_type=2 2 2 2 2 2 2 2 2 2 2 2 2 2 2 2 2 2 2 2 2 2 2 2 2 2 2 2 2 2
left_child=16 20 9 6 5 -5 15 -8 -6 12 11 -11 14 -12 -3 -4 -1 18 -18 -14 24 22 23 -22 27 26 -26 28 -2 -20
right_child=1 2 3 4 8 -7 7 -9 -10 10 13 -13 19 -15 -16 -17 17 -19 29 -21 21 -23 -24 -25 25 -27 -28 -29 -30 -31
leaf_value=0.05000091425098252 0.050007373774644141 -0.00021681794527632456 0.026395259528603499 0.0025159175912772853 0.0090801805965019904 0.056946683113058096 -0.011818894658647119 0.00043948574570237424 -0.077214754884735282 0.0030611484936753667 -0.00021960374320850653 0.026162304149702172 0.050454111984182752 0.0087508612083583032 -0.0072846964961968399 0.13088040314364 0.05000110555133816 0.050000977279371507 0.018117934996126014 0.029766577995816154 -0.025101320841666594 0.050040304276396136 0.050009923958857075 -0.18326265530486174 0.050008131694937577 0.05001373008375444 -0.14593337957644248 0.050135975729662219 0.056044566875053686 0.050001283820604731
leaf_weight=42.387328620461631 0.32243206516431921 1007.3179096271597 37.258339535459527 29.328507855534554 436.76354534593702 65.533434126991779 294.65054147550836 1534.4879419524223 4.4641337320208541 624.79231298418745 51960.879711816902 196.73056918039219 16.008341643344469 449.74748558609281 1185.2651030879933 1.0122659131884564 2.3508710374553656 16.546247625810793 23.523148798387414 4.7645096152555189 0.5108449567378559 2.0986085722797725 0.58784746413584799 0.21425376110710204 0.29209090857329989 0.67007880596065661 0.25516804473591037 4.9045963437820319 1.0681903306103775 0.0034877336438502429
leaf_count=2319149 4768 250417 138822 146 373664 883 1404 6259 25 26362 385937 18088 71067 34450 5797 5 106232 846640 827837 422 933 30991 2963 102 1802 3518 1136 31978 38 136
internal_value=2.28096e-05 -3.74862e-05 -4.46688e-05 0.00238601 0.0138538 0.0401183 -0.000906137 -0.00153518 0.00820709 -0.000150036 -7.80767e-06 0.0085932 -0.00357068 -0.000142626 -0.00403757 0.0291589 0.0411579 0.0323225 0.0210187 0.0457092 0.0379981 0.0241314 -0.0172813 -0.0718352 0.0442951 0.00893961 -0.0413527 0.051132 0.0546448 0.0181227
internal_weight=57944.7 57859.9 57849 2403.5 536.09 94.8619 1867.41 1829.14 441.228 55445.5 53232.2 821.523 2213.36 52410.6 2192.58 38.2706 84.8111 42.4238 25.8775 20.7729 10.9241 3.41155 1.31295 0.725099 7.51256 1.21734 0.547259 6.29522 1.39062 23.5266
internal_count=5491971 1391977 1313748 521208 374718 1029 146490 7663 373689 792540 464837 44450 327703 420387 256214 138827 4099994 1780845 934205 71489 78229 34989 3998 1035 43240 6456 2938 36784 4806 827973
is_linear=0
shrinkage=0.05


Tree=146
num_leaves=31
num_cat=0
split_feature=3 1 2 3 2 0 2 3 2 3 2 3 0 2 3 2 0 0 0 2 3 3 2 2 3 1 1 2 0 0
split_gain=54.1847 6.1997 16.0828 30.5829 51.2763 32.6827 26.9737 13.1524 43.225 21.7125 12.5188 12.4018 29.9403 15.9058 15.2002 13.1098 28.2522 11.9929 6.91112 36.2388 76.3008 20.837 72.2159 25.298 10.6721 2.71293 3.40185 2.36134 5.02139 4.36066
threshold=4.0279376260590949 1.0000000180025095e-35 5.1989618871993128 7.3159499364080736 6.2840127217011625 0.58808560373301499 7.0099275978482467 7.3233027137203726 6.8198817552376756 7.3955494728005915 4.0613265649149151 5.3496519098028221 0.50735983250806516 5.0694315452519909 5.2095134744993077 4.4524223690016962 0.28230039401158186 0.78777270728743021 0.81577353924098361 4.2361428001878414 5.3496519098028221 5.4424826413705318 4.3694757063636134 5.0199087660326223 4.3282302013682576 1.0000000180025095e-35 1.5000000000000002 4.0096190303739698 0.98019423795166827 0.89887061752760189
decision_type=2 2 2 2 2 2 2 2 2 2 2 2 2 2 2 2 2 2 2 2 2 2 2 2 2 2 2 2 2 2
left_child=25 2 11 4 5 -4 -6 8 -5 -9 27 12 14 -14 -2 16 -13 -17 21 24 -21 23 -23 -12 -20 -1 -27 28 29 -3
right_child=1 10 3 7 6 -7 -8 9 -10 -11 18 15 13 -15 -16 17 -18 -19 19 20 -22 22 -24 -25 -26 26 -28 -29 -30 -31
leaf_value=0.050000872374424965 0.0033454975596161722 -0.075260608684920183 0.0084813704047790716 -0.033282916341893468 0.036494451122038675 -0.0097522674442764336 -0.024564653660681217 0.028279142588283474 0.016407932244662568 -0.0024894810400953905 -0.0026338107443313555 0.012708911326580558 -0.001184756902969919 0.035112673095811765 0.013112086914319924 -0.00066995460038878866 -0.014765558413237043 -0.078544294419153782 -0.0008240366710060721 0.023855941487541003 -0.0016590252093856659 0.036517582060944735 -0.0001442262290693769 -0.03356430439937199 -0.012752849940208472 0.020404309208874427 0.050000929538442089 0.030634890934411969 -0.16543356347710853 0.052210382985722198
leaf_weight=40.320107774008648 953.30017644415784 0.99049536921665993 1292.3961988380179 117.58413804508746 197.43746265025402 303.46724192037072 19.911702813988086 62.307131371693686 69.710545339854434 718.7487901491113 7480.425885443954 119.42559767453349 3256.0859126667638 30.464014360011788 684.39204892520502 5602.2208343073726 432.1780735605862 4.9483345085754982 2135.4375860997316 495.88422665512189 716.18812702875584 134.87516065700038 32707.433027046267 66.697230309247971 205.54406780912541 25.340356200118549 15.739292351354377 38.267154005738121 0.46376229379529821 2.0794327181247354
leaf_count=2319149 19299 10 12541 797 393296 51337 1210 686 14481 3944 72199 5543 277627 54969 5607 30846 4714 119 16018 11105 5919 2844 151562 301 978 934205 846640 225991 389 27645
internal_value=2.18936e-05 -3.54678e-05 0.000886474 0.00428572 0.00811711 0.00501409 0.0309007 -0.00288847 -0.0147881 -3.49773e-05 -0.000326079 3.3348e-05 0.00190386 -0.000848305 0.00742696 -0.00146222 -0.00881717 -0.000738679 -0.000352096 0.00176205 0.00877968 -0.000538077 6.33466e-06 -0.00290716 -0.00187142 0.0407873 0.031744 0.0270236 -0.0120834 0.0110826
internal_weight=57930.3 57848.9 13864.6 2781.56 1813.21 1595.86 217.349 968.351 187.295 781.056 43984.3 11083 4924.24 3286.55 1637.69 6158.77 551.604 5607.17 43942.5 3553.05 1212.07 40389.4 32842.3 7547.12 2340.98 81.3998 41.0796 41.8008 3.53369 3.06993
internal_count=5491971 1391977 877016 478292 458384 63878 394506 19908 15278 4630 514961 398724 357502 332596 24906 41222 10257 30965 260926 34020 17024 226906 154406 72500 16996 4099994 1780845 254035 28044 27655
is_linear=0
shrinkage=0.05


Tree=147
num_leaves=31
num_cat=0
split_feature=3 2 3 0 3 3 3 1 1 0 3 1 2 0 0 3 3 3 3 2 3 0 1 0 0 3 2 0 1 1
split_gain=51.0506 6.01158 15.3885 36.78 19.5562 15.659 41.2386 61.6322 25.5514 17.8634 17.4174 15.4228 11.9569 30.8429 48.0238 58.8295 44.2419 84.26 28.6782 25.2363 103.994 48.3577 30.7672 34.8079 25.3466 15.1357 9.65215 5.63794 4.939 4.19024
threshold=4.0279376260590949 7.0948639925422592 8.3242998889234094 0.42453889481418622 8.4580160548255012 7.9810273183704767 7.9584020480681064 1.5000000000000002 1.5000000000000002 0.89887061752760189 7.9942274713266626 1.5000000000000002 5.5245751061938488 0.66578999664304883 0.58344428527736492 7.3159499364080736 7.1123681928467075 6.0717185978016612 7.3009856395488351 4.9745127581484967 5.2344719257170151 0.87944742823944022 1.5000000000000002 0.32388242588166877 0.52711662496787948 7.287984626180628 7.7655073004765951 0.55449294601117682 1.0000000180025095e-35 1.5000000000000002
decision_type=2 2 2 2 2 2 2 2 2 2 2 2 2 2 2 2 2 2 2 2 2 2 2 2 2 2 2 2 2 2
left_child=-1 12 5 28 26 6 11 -8 10 -10 -7 -3 19 14 25 -16 17 -15 -18 22 -21 -22 24 -24 -2 -14 -5 -6 -4 -30
right_child=1 2 3 4 27 8 7 -9 9 -11 -12 -13 13 16 15 -17 18 -19 -20 20 21 -23 23 -25 -26 -27 -28 -29 29 -31
leaf_value=0.040404557176250216 0.0014356306593712774 -0.0044860067428572669 -0.018207344646572306 0.020385028274562733 0.00040272153771384679 -0.013299383308220978 0.026124649572484983 -0.010868473029561836 0.024678615454165057 -0.059275576670363622 -0.0035271135547442788 0.01273229997260867 0.0035454232854338174 -0.040749158890692923 0.020896194036831017 -0.0014926757213669624 -0.03006808297637649 0.048861860017972991 -0.0065062098618182372 0.048541817845219798 -0.0034612105834551121 -0.14097805778598468 0.032031617026485187 0.0036104593957793762 -0.0017806235162795801 -2.964495030642283e-05 0.0084647130051425015 -0.020412041022048147 -0.0019452844656455076 -0.027857418768352293
leaf_weight=78.15396842964401 14895.853979440581 2152.0026742281625 49.867356449365616 317.01207926869392 137.53403460979462 808.27859500795603 307.92488032579422 177.48994361609221 88.947654105722904 6.8220046982169142 1046.0870112329721 138.41847583651543 4005.3935526980786 39.584485996616422 684.34188679978251 513.61728116194718 203.95808927924372 77.770535458119411 352.06719523621723 96.937201733744587 7538.769071334973 6.3982658966997397 158.34427532809786 337.02163088106681 10404.48970415541 11349.435103145428 365.74641589447856 42.61203296482563 1499.242505915463 15.765787944197653
leaf_count=4099994 104896 12476 306 1320 798 4839 1549 2146 849 45 4661 1097 35679 472 83672 16421 1880 308123 3977 91440 37712 2099 3436 113837 488412 58792 1978 180 8813 72
internal_value=2.12867e-05 -3.33006e-05 -0.0013901 0.0018454 0.010133 -0.00305221 -0.000639853 0.0125983 -0.00648598 0.0186983 -0.00778664 -0.00344544 0.00015828 0.00122845 0.00165518 0.0112971 -0.00926115 0.0186356 -0.015149 -0.000393043 -0.00291671 -0.00357782 0.000354605 0.0126953 0.000112981 0.000902932 0.0139994 -0.00452083 -0.00272456 -0.00221494
internal_weight=57895.9 57817.7 7153.75 2427.78 862.905 4725.97 2775.84 485.415 1950.14 95.7697 1854.37 2290.42 50664 17226.2 16552.8 1197.96 673.38 117.355 556.025 33437.8 7642.1 7545.17 25795.7 495.366 25300.3 15354.8 682.758 180.146 1564.88 1515.01
internal_count=5491971 1391977 41129 13467 4276 27662 17268 3695 10394 894 9500 13573 1350848 509016 194564 100093 314452 308595 5857 841832 131251 39811 710581 117273 593308 94471 3298 978 9191 8885
is_linear=0
shrinkage=0.05


Tree=148
num_leaves=31
num_cat=0
split_feature=3 2 3 3 3 2 0 3 2 3 2 1 1 2 3 0 0 2 0 0 3 2 0 0 2 2 3 3 0 3
split_gain=48.072 5.97076 5.56662 6.11096 30.7576 35.7751 35.1428 26.9819 30.368 28.1629 2.93064 2.88858 3.54936 2.69876 2.09213 4.62423 2.85586 1.25525 0.913258 0.380451 5.4802 9.02074 0.523785 1.39008 0.00907953 0.00148627 1.29712e-09 9.8026e-09 7.85494e-10 7.01811e-12
threshold=4.0279376260590949 3.9611729973648138 8.6879410503086998 7.9942274713266626 8.1727008602802069 7.2629214257795809 0.67233198250082127 7.9810273183704767 6.3482148112120722 7.9584020480681064 6.7695100238511943 1.0000000180025095e-35 1.5000000000000002 6.3853889739133587 9.3754234645801322 0.21058625871244899 0.19145279672441137 6.5729417446171423 0.99999915540540552 0.7807682914075661 4.1932090212869468 3.9574100138220705 0.8542062519189314 0.8677148691289146 3.9341520048527938 4.0123428139423227 4.0772831707010573 4.0777069067102572 0.7100346075935321 4.0625958602076713
decision_type=2 2 2 2 2 2 2 2 2 2 2 2 2 2 2 2 2 2 2 2 2 2 2 2 2 2 2 2 2 2
left_child=11 19 3 7 5 -5 -6 9 -9 -3 13 -1 18 -4 16 -16 -12 -15 -13 26 22 -22 24 -24 -21 -20 29 -28 -29 -2
right_child=1 2 10 4 6 -7 -8 8 -10 -11 14 12 -14 17 15 -17 -18 -19 25 20 21 -23 23 -25 -26 -27 27 28 -30 -31
leaf_value=0.05000079484012742 0.050001894003566166 -7.6677239736775609e-05 0.011047114004269644 0.014091317770604942 -0.0017829515196016164 -0.0045018377927712521 0.020045791986409218 0.0082832144464046343 -0.0082836526941300354 0.0085308960277349008 0.002251464199975324 0.050000987159531655 0.050000851475381913 -0.040248050625130358 -0.020370304873750335 0.0059955356622274532 -0.0052972131655927394 -0.017953231932292799 0.015499541402580625 0.055560056921684586 -0.70645381966028831 0.050040730751623921 -0.015799626968089977 0.05003855455222446 0.05000883098154868 0.050001148988462252 0.050045642461424636 0.050006330333330108 0.050007824369659316 0.050002622979972412
leaf_weight=36.834977261460153 0.086843134977242165 49174.515708590945 6.5577128231525412 864.8393806219101 3430.7404509931803 369.1353736743331 194.85465515777469 327.80599154531956 1771.3184966817498 969.01403873413801 190.74102994054556 2.1042952117404665 14.378844426391877 8.7932536825537699 50.032272055745125 24.909915842115879 365.1736703440547 22.386450931429863 21.738013796350064 1.1606486313503412 0.066094095032894873 0.09759499691426754 1.3371233864345415 2.0022502523970616 2.0160412301047472 0.0031219174270508123 0.016400118765887206 2.3014087460978776 1.4241633806377647 0.053268433031917084
leaf_count=2319149 2298 1267619 38 3760 16251 1718 1204 1666 10596 5829 1449 106232 846640 82 465 179 2705 187 827837 773 119 120 3998 30991 11580 136 18 18211 9105 1016
internal_value=2.06368e-05 -3.13088e-05 -3.81811e-05 1.49277e-05 0.00171087 0.0085293 -0.000609783 -0.000142828 -0.00569652 8.96625e-05 -0.00457401 0.0400089 0.0303801 -0.0181087 -0.00376437 -0.0116066 -0.00270717 -0.0242408 0.0185487 0.0375589 0.0303246 -0.255415 0.0375026 0.0236762 0.052037 0.0155045 0.0500069 0.0500071 0.0500069 0.0500022
internal_weight=57856.4 57781.4 57770.8 57102.2 4859.57 1233.97 3625.6 52242.7 2099.12 50143.5 668.594 75.0593 38.2243 37.7374 630.857 74.9422 555.915 31.1797 23.8454 10.5618 6.67975 0.163689 6.51606 3.33937 3.17669 21.7411 3.88208 3.74197 3.72557 0.140112
internal_count=5491971 1391977 1313748 1308643 22933 5478 17455 1285710 12262 1273448 5105 4099994 1780845 307 4798 644 4154 269 934205 78229 47581 239 47342 34989 12353 827973 30648 27334 27316 3314
is_linear=0
shrinkage=0.05


Tree=149
num_leaves=31
num_cat=0
split_feature=3 3 3 0 2 0 2 2 0 3 3 2 3 3 3 3 0 2 2 1 1 3 0 0 0 1 0 0 0 0
split_gain=45.2577 5.80267 5.99014 9.71747 54.9256 18.4813 6.47381 19.8675 5.68105 13.4776 12.9117 12.6525 5.98513 24.8952 19.9514 4.59479 7.18168 14.3933 7.88747 2.94728 3.54487 1.88368 1.05476 0.967323 5.77039 1.02805 0.898766 0.701584 0.2763 8.94086
threshold=4.0279376260590949 4.0890807290380335 4.0915907705340819 0.91685079870602182 4.005470148071681 0.90329119303305372 4.0161235410413463 4.0165961436322437 0.14402769709617944 7.3079129921864023 7.3233027137203726 4.8759953683502149 7.8549435851211564 7.3233027137203726 7.9584020480681064 4.0777069067102572 0.95585909713935002 4.0326128529886951 4.023541507554075 1.0000000180025095e-35 1.5000000000000002 4.0290057169568154 0.98114907774268822 0.92235091143278425 0.92061854054148851 1.0000000180025095e-35 0.99999915540540552 0.96788545154371086 0.93873136270578839 0.93926014534244684
decision_type=2 2 2 2 2 2 2 2 2 2 2 2 2 2 2 2 2 2 2 2 2 2 2 2 2 2 2 2 2 2
left_child=19 15 3 4 5 -3 -5 -8 9 11 -11 -4 13 -10 -14 16 17 18 -2 -1 26 22 -18 24 25 -17 -21 -23 -25 -30
right_child=1 2 8 6 -6 -7 7 -9 12 10 -12 -13 14 -15 -16 23 21 -19 -20 20 -22 27 -24 28 -26 -27 -28 -29 29 -31
leaf_value=0.050000754440517305 6.307037445229696e-05 0.051571956814229637 0.010215697516661355 0.050094543847226426 -3.1739384561810957 -0.47247088563421119 -1.2020839680230921 -0.069233659072358178 -0.00015242722990149686 0.01543308616469921 -0.002178403504931111 -0.016092373344792028 -0.0055621640781254259 0.0033890893252134049 5.2742731148835382e-05 0.036531629634463804 -0.045133927787059817 -0.77662900230760312 -0.13872965368933896 0.050000941234392617 0.050000805054617049 0.027167379598788552 0.050008418992677189 0.050128193449430702 -0.29264843218495823 -0.067457866756071294 0.014965484100219376 0.05005838349285812 -0.41495753006883318 0.050113399035627906
leaf_weight=35.038541633897694 31.414425955852494 0.406834336536121 54.499742832034826 1.4321304658733427 0.015507087111473083 0.28688111156225204 0.039931835322931764 1.2569799451594006 40566.626214466778 114.07116451859474 1187.1929417476058 283.12600794434547 1980.6370027661324 5653.8249194647651 7862.2402978092432 3.3361556332238251 1.0496644203667518 0.060462170309618979 1.0581109378799727 2.001669325154583 13.677592135354642 5.5089836941369859 0.4032014438889745 8.9482769113383238 0.14495405554771412 0.25590046681463707 21.406668843634179 8.5302589544262428 0.10751794475800069 2.6613836230972083
leaf_count=2319149 92102 881 280 2794 2 37 72 1686 1056643 592 5866 1269 9104 25630 42269 5071 6590 26 1323 106232 846640 44806 8080 15321 12 2 827973 68807 141 2571
internal_value=1.96608e-05 -2.97578e-05 -4.63783e-05 -0.0660406 -0.230929 -0.165142 -0.0231894 -0.104114 -4.24459e-05 -0.00294415 -0.000634548 -0.0118457 4.2379e-05 0.000280782 -0.00107712 0.015079 0.00744812 -0.00589453 -0.00445946 0.0396022 0.0297778 0.0354673 -0.0187299 0.0387926 0.0166422 0.0291233 0.0179614 0.041076 0.0458572 0.0320544
internal_weight=57841.3 57769.1 57705.7 3.43826 0.709223 0.693715 2.72904 1.29691 57702.2 1638.89 1301.26 337.626 56063.3 46220.5 9842.88 63.4793 48.0251 32.533 32.4725 72.1245 37.0859 15.4921 1.45287 15.4542 3.73701 3.59206 23.4083 14.0392 11.7172 2.7689
internal_count=5491971 1391977 1147125 5472 920 918 4552 1758 1141653 8007 6458 1549 1133646 1082273 51373 244852 221734 93451 93425 4099994 1780845 128283 14670 23118 5085 5073 934205 113613 18033 2712
is_linear=0
shrinkage=0.05


Tree=150
num_leaves=31
num_cat=0
split_feature=3 2 3 3 2 2 2 1 3 0 0 1 3 3 3 0 2 3 0 1 3 0 2 1 3 1 1 0 3 1
split_gain=42.5898 5.73122 148.793 55.0246 51.9126 36.8654 31.8574 30.4625 29.4037 60.9345 32.2626 27.2396 26.3802 49.9584 45.1725 21.1524 21.0245 20.6107 18.2233 17.4997 17.4912 16.8139 37.266 14.8679 13.297 12.8642 11.117 8.72441 6.19337 5.87683
threshold=4.0279376260590949 4.7001851868954612 5.1648431135156008 5.4424826413705318 4.7881671074430008 4.3694757063636134 5.5245751061938488 1.0000000180025095e-35 5.4188300045651632 0.41467489510663341 0.3654363882654203 1.5000000000000002 7.3159499364080736 7.3155776058677429 7.3233027137203726 0.29289468721693729 4.3328061510596445 5.0591714496897406 0.79505155009908057 1.0000000180025095e-35 5.2095134744993077 0.59253394587936026 5.2762546331869133 1.0000000180025095e-35 5.8019521846187621 1.5000000000000002 1.0000000180025095e-35 0.75693732271664571 5.49392522624838 1.5000000000000002
decision_type=2 2 2 2 2 2 2 2 2 2 2 2 2 2 2 2 2 2 2 2 2 2 2 2 2 2 2 2 2 2
left_child=-1 3 4 8 18 15 21 17 10 19 16 24 13 -8 -14 23 -2 -6 27 -10 -12 26 -23 -5 -7 -9 -4 -3 -13 -11
right_child=1 2 6 5 7 11 12 25 9 29 20 28 14 -15 -16 -17 -18 -19 -20 -21 -22 22 -24 -25 -26 -27 -28 -29 -30 -31
leaf_value=0.039183542764823005 0.024023679451773541 0.0044200221046238391 0.00013756865683800962 0.015974788121857767 -0.074811050491945807 0.0066743517026364753 0.0029867440878424221 0.050631942451538764 -0.031062232070461701 0.0048968422524891765 -0.0014161567208525745 -0.027432911083740852 -0.0071516915432681908 0.055578728125889466 0.00042562039335865113 0.00082932936265650678 -0.0034813401785484563 0.018759345803958303 0.048738954223982521 -0.011856013048770092 0.0031182577659566342 -0.0047762281685633911 -0.030030875875642557 0.048175612357643345 0.00032806213341590512 -0.03279664530224001 -0.0029456616327252385 -0.034497173790132646 0.035424309810320694 -0.040662173319270856
leaf_weight=69.333011125650955 223.37582887882127 124.52147322148085 4334.1256832182407 57.25290218727605 7.397853439411846 2106.0854460932314 5641.8123699636562 228.12399345822632 245.38588097787579 426.66596691310406 10490.879292593158 4.1125283055007449 2234.6952675615903 45.519694071845151 16413.977195149986 58.674997104448266 100.84222259838134 28.780374953828868 22.117716634646058 229.543910264445 2667.5342979580164 1364.534250509314 163.5847197053954 95.878492579955491 1357.3161602243781 4.7160672000609329 8983.2903500273824 16.284311797469854 83.20464384672232 7.1977954655885688
leaf_count=4099994 9510 541 23713 4262 2036 11721 437518 6030 1673 1827 616677 51 27552 3346 81729 953 478 52956 931 1488 11924 45029 984 2442 7595 70 37182 153 1563 43
internal_value=1.90774e-05 -2.79281e-05 -0.000365073 0.00070775 0.0288205 0.00609138 -0.000686817 0.0423099 -0.000699757 -0.00940485 -0.000112992 0.00488259 0.000426728 0.00340767 -0.000482379 0.0263555 0.0154687 -0.000374263 0.00654675 -0.0217794 -0.000496919 -0.00251223 -0.00747973 0.0361363 0.00418722 0.0489421 -0.00194223 -8.07855e-05 0.0324638 0.00414102
internal_weight=57836.8 57767.4 39613.5 18154 431.942 3762.53 39181.5 269.018 14391.4 908.794 13482.6 3550.72 24336 5687.33 18648.7 211.806 324.218 36.1782 162.924 474.93 13158.4 14845.5 1528.12 153.131 3463.4 232.84 13317.4 140.806 87.3172 433.864
internal_count=5491971 1391977 719770 672207 62717 28587 657053 61092 643620 5031 638589 20930 550145 440864 109281 7657 9988 54992 1625 3161 628601 106908 46013 6704 19316 6100 60895 694 1614 1870
is_linear=0
shrinkage=0.05


Tree=151
num_leaves=31
num_cat=0
split_feature=3 1 2 3 3 2 3 0 0 2 2 0 3 2 3 0 2 3 3 2 3 3 3 3 0 1 1 2 0 0
split_gain=40.0532 5.79564 15.229 29.6858 34.0595 42.1331 22.433 69.2202 46.6555 12.1948 11.5768 11.4936 15.9111 10.2594 8.50928 6.52795 30.9839 65.0357 19.3717 47.8108 21.6401 9.67775 6.13891 20.7281 13.7094 3.12417 3.67747 2.1501 3.53999 3.91065
threshold=4.0279376260590949 1.0000000180025095e-35 5.0866414907511173 5.7031656165208986 5.4424826413705318 5.2762546331869133 5.9734787654269947 0.5964197271281243 0.42453889481418622 4.8294082094226871 4.0613265649149151 0.29289468721693729 6.7761076281080266 5.0937916101349279 5.4424826413705318 0.81577353924098361 4.2361428001878414 5.3496519098028221 4.5436670406715125 4.2361428001878414 4.4425335955884924 4.3282302013682576 5.8019521846187621 5.5911735128763862 0.32388242588166877 1.0000000180025095e-35 1.5000000000000002 4.0096190303739698 0.98019423795166827 0.89887061752760189
decision_type=2 2 2 2 2 2 2 2 2 2 2 2 2 2 2 2 2 2 2 2 2 2 2 2 2 2 2 2 2 2
left_child=25 2 9 4 5 -4 7 -5 -8 22 27 12 -11 -6 -13 18 21 -18 20 -20 -12 -17 23 -2 -24 -1 -27 28 29 -3
right_child=1 10 3 6 13 -7 8 -9 -10 11 15 14 -14 -15 -16 16 17 -19 19 -21 -22 -23 24 -25 -26 26 -28 -29 -30 -31
leaf_value=0.050000689412741862 0.00039677339377387489 -0.06825486967112232 -0.0027520725243479973 0.0035781965717942414 -0.037763597483916361 -0.35473293574974873 0.00015396586808399197 -0.036801187985152119 0.015181489047891621 0.0077114812477180467 0.01612349412830345 -7.907614411810772e-05 -0.021772589425527709 0.033420533382472035 -0.007873107024011566 -0.00061645716210287891 0.022559076736704695 -0.0012794048116751703 0.020368181747277725 -0.00055261441456293681 -0.01741162077217143 -0.011999156058022679 -0.00093992485900799361 0.0095245142668205166 -0.020445488104674139 0.016078795027248387 0.050000738586984617 0.029962086282703495 -0.12471846133726688 0.052242030638760976
leaf_weight=32.049030564900022 6826.8770213582538 1.0227565523491646 87.38647868692351 417.57163256406784 5.2053118944168082 0.85856151394545932 1843.9091952526942 142.30274295297568 717.46741245347221 357.2814148068428 57.218506661316496 509.78406856364745 52.47888058423996 183.45440024399431 1118.6337607502937 2134.2091424001919 478.20574891136494 712.25204023718834 274.98460799973691 39687.649995791464 302.06206228361407 204.63927903713193 796.94287111749873 684.3216473358334 101.56296238303185 22.109284536883933 12.510611917241475 37.00526453709972 0.5715636250170063 1.9709236712587879
leaf_count=2319149 310577 10 82697 2268 28 25 13088 998 431486 2286 6250 12827 232 1537 5467 16018 11105 5919 24467 185919 10270 978 6218 6739 543 934205 846640 225991 389 27645
internal_value=1.86966e-05 -2.60272e-05 0.00086588 0.00377348 0.0194634 -0.0061766 0.00238153 -0.00668499 0.00436333 -7.98136e-05 -0.000307387 -0.00354967 0.00393539 0.0314565 -0.00543315 -0.000332086 0.00172994 0.00829649 -0.000512571 -0.000408658 -0.0120709 -0.00161239 0.000761143 0.00122837 -0.00314474 0.0387512 0.0283372 0.0263893 -0.0106942 0.0110756
internal_weight=57804.5 57737.8 13846 3398.16 276.905 88.245 3121.25 559.874 2561.38 10447.9 43891.8 2038.18 409.76 188.66 1628.42 43851.2 3529.31 1190.46 40321.9 39962.6 359.281 2338.85 8409.7 7511.2 898.506 66.6689 34.6199 40.5705 3.56524 2.99368
internal_count=5491971 1391977 877016 532127 84287 82722 447840 3266 444574 344889 514961 20812 2518 1565 18294 260926 34020 17024 226906 210386 16520 16996 324077 317316 6761 4099994 1780845 254035 28044 27655
is_linear=0
shrinkage=0.05


Tree=152
num_leaves=31
num_cat=0
split_feature=3 2 0 3 3 0 3 0 3 3 3 2 3 0 0 0 0 1 1 0 0 3 2 0 0 2 2 3 3 0
split_gain=37.6586 5.55528 5.20832 28.7103 29.9117 22.9238 12.3096 13.4675 10.2428 8.98337 23.4006 18.3374 12.1567 10.2032 8.53537 7.99186 4.34196 3.17718 3.6565 0.933705 0.394196 3.75713 3.06004 0.52468 1.35556 0.00713287 0.00156439 1.11458e-09 8.46543e-09 6.60995e-10
threshold=4.0279376260590949 3.9611729973648138 0.95335344749112871 4.2458488838296011 4.3506649499126473 0.96125233415098954 4.1855554307025713 0.99955128939493143 7.9810273183704767 4.3609306632299711 4.3974692789610161 4.159971731735074 4.3282302013682576 0.88538151868654846 0.87944742823944022 0.70291489244481387 0.99999915540540552 1.0000000180025095e-35 1.5000000000000002 0.99999915540540552 0.7807682914075661 4.1932090212869468 3.9574100138220705 0.8542062519189314 0.8677148691289146 3.9341520048527938 4.0123428139423227 4.0772831707010573 4.0777069067102572 0.7100346075935321
decision_type=2 2 2 2 2 2 2 2 2 2 2 2 2 2 2 2 2 2 2 2 2 2 2 2 2 2 2 2 2 2
left_child=17 20 9 6 5 -5 16 -8 -6 12 14 -12 15 -14 -11 -3 -4 -1 19 -19 27 23 -23 25 -25 -22 -21 -2 -29 -30
right_child=1 2 3 4 8 -7 7 -9 -10 10 11 -13 13 -15 -16 -17 -18 18 -20 26 21 22 -24 24 -26 -27 -28 28 29 -31
leaf_value=0.050000655276899876 0.050002067288979518 -0.44819892391384208 0.037403735243697736 0.0022625503539218188 0.007954666382479372 0.056080738922026009 -0.011028376978633469 0.00066112742255460314 -0.065870188995236306 0.01482844418352091 0.0097418112356587126 -0.00018951193773894453 -0.0069984202012996965 -0.031009963513493784 0.047917013270237813 -0.0019799067304788905 -0.0031483773688915995 0.050000847293466322 0.050000702044353154 0.012411365441836483 0.055083078420129807 -0.3233893698022906 0.050038788194140184 -0.015795226852156195 0.05003698719022176 0.050008410362668912 0.050001018743904849 0.05004345543106991 0.050006023765124974 0.050007429783716376
leaf_weight=30.486001213052077 0.13340602579410044 0.10035987183800799 28.304997186463879 29.184011929668486 424.17150148412838 61.4470407392364 293.56285229045898 1533.5777345299721 4.7510680109262458 116.81979279998632 468.840041146781 53886.091362272418 110.2417000161804 73.899461579509079 23.392458128510043 637.52159447779559 8.6083317228039942 1.801684361929804 11.900470833061261 19.952201172283825 1.0830626782408219 0.13387689442606632 0.092947511002421379 1.334064737930021 1.8894413270536459 1.9199815975589443 0.0027682729269135056 0.015615853422787374 2.1898360373379551 1.3519773034640818
leaf_count=2319149 3314 628 136167 146 373664 883 1404 6259 25 13692 90291 440080 13607 403 180 233659 2660 106232 846640 827837 773 119 120 3998 30991 11580 136 18 18211 9105
internal_value=1.82011e-05 -2.43568e-05 -3.08613e-05 0.00225758 0.0126517 0.0387508 -0.000639478 -0.001217 0.00713693 -0.00012947 -5.12257e-05 -0.000103849 -0.00531826 -0.0166347 0.0203488 -0.00205014 0.0279468 0.0383082 0.0277175 0.015529 0.0369734 0.0295195 -0.170367 0.0368011 0.022792 0.0518386 0.0124166 0.0500066 0.0500067 0.0500066
internal_weight=57774.8 57710.7 57700.5 2383.61 519.554 90.6311 1864.05 1827.14 428.923 55316.9 54495.1 54354.9 821.763 184.141 140.212 637.622 36.9133 64.1431 33.6571 21.7567 10.1442 6.45337 0.226824 6.22655 3.22351 3.00304 19.955 3.69084 3.55743 3.54181
internal_count=5491971 1391977 1313748 521208 374718 1029 146490 7663 373689 792540 544243 530371 248297 14010 13872 234287 138827 4099994 1780845 934205 78229 47581 239 47342 34989 12353 827973 30648 27334 27316
is_linear=0
shrinkage=0.05


Tree=153
num_leaves=31
num_cat=0
split_feature=3 2 2 0 3 2 2 0 3 3 3 2 0 3 0 3 3 2 3 1 1 0 0 2 2 2 3 0 0 0
split_gain=35.3928 5.26572 5.73173 7.78096 15.1824 28.0011 6.23887 7.36754 4.94588 5.72388 27.7086 32.2066 32.0538 24.1297 27.9771 25.6 3.29917 3.32515 4.87268 3.22746 3.63107 3.22625 7.70129 2.6734 2.53598 2.49739 1.90653 4.24181 2.61881 1.62811
threshold=4.0279376260590949 4.0243510107184699 4.0114993236992254 0.83857729982792928 4.1004094633539925 4.0076386629639815 4.0112516036781978 0.7807682914075661 8.6879410503086998 7.9942274713266626 8.1727008602802069 7.2629214257795809 0.67233198250082127 7.9810273183704767 0.22576532962289497 7.9584020480681064 4.1932090212869468 4.0216783609193598 4.3084473666213929 1.0000000180025095e-35 1.5000000000000002 0.93873136270578839 0.94312317587993444 6.7695100238511943 4.0098127668173831 6.3853889739133587 9.3754234645801322 0.21058625871244899 0.19145279672441137 0.6773993455261399
decision_type=2 2 2 2 2 2 2 2 2 2 2 2 2 2 2 2 2 2 2 2 2 2 2 2 2 2 2 2 2 2
left_child=19 2 3 6 24 -6 29 -8 9 13 11 -11 -12 15 -15 -3 21 18 -18 -1 -21 -4 -23 25 -5 -10 28 -28 -25 -2
right_child=1 8 16 4 5 -7 7 -9 23 10 12 -13 -14 14 -16 -17 17 -19 -20 20 -22 22 -24 26 -26 -27 27 -29 -30 -31
leaf_value=0.050000624638104479 0.050052674320795437 -8.6912098350555263e-05 0.032143196108792932 -0.0030355204209472756 -0.035942950345265824 -0.29959895565138667 -0.67349865450938085 0.051471015608890697 0.010561863578859357 0.013369311250201035 -0.0016759122016718347 -0.0042683422308073139 0.019277015508150707 0.0059448730004213685 -0.0083510382577200552 0.0081338235309360695 -0.068109413040033331 0.033859736191012978 0.028898113276953758 0.014991336150827509 0.050000666615378102 -0.066766656860215309 0.027457906227363243 0.0021910714384517707 0.030359178221669392 -0.0233765773581802 -0.019604133062121155 0.0056852407824518206 -0.005040196109771862 0.018789236069583048
leaf_weight=28.999198508870904 6.2017372127211337 48993.580126560584 41.803632810668205 28.278377714908856 8.6030566208210058 1.1405292220442778 0.069078093336428448 0.071130890399217606 6.5886146873235694 867.72601112723351 3428.4919594377279 368.83945844694972 192.79250765964389 430.9599631279707 1662.2202083691955 965.68373248912394 3.3843433384536166 3.0895520553240203 2.0963026187455398 21.422558288511937 11.320085422848932 2.989428524146204 7.8976838458966085 190.89297051727772 7.1154821707823421 30.574877858161926 49.219079881906509 25.004959866404533 363.83721089363098 12.676417190126811
leaf_count=2319149 27164 961822 90279 89768 6780 125 43 3 38 3760 16251 1718 1204 2252 10010 5829 5885 6975 2705 934205 846640 6049 51145 1449 58484 269 465 179 2705 38621
internal_value=1.74648e-05 -2.30203e-05 0.0102111 -0.000233948 -0.0115368 -0.066805 0.0265917 -0.305707 -4.53129e-05 4.82308e-06 0.00164624 0.0081084 -0.000560405 -0.000148364 -0.00540769 7.199e-05 0.0211496 -0.00762118 -0.0310048 0.0378535 0.0270951 0.0258292 0.00158533 -0.00432872 0.00367806 -0.0173597 -0.00355875 -0.0110845 -0.00255178 0.0290597
internal_weight=57763.6 57701.8 125.417 64.1558 45.1374 9.74359 19.0184 0.140209 57576.4 56910.3 4857.85 1236.57 3621.28 52052.4 2093.18 49959.3 61.2609 8.5702 5.48065 61.7418 32.7426 52.6907 10.8871 666.118 35.3939 37.1635 628.954 74.224 554.73 18.8782
internal_count=5491971 1391977 384026 220988 155157 6905 65831 46 1007951 1002846 22933 5478 17455 979913 12262 967651 163038 15565 8590 4099994 1780845 147473 57194 5105 148252 307 4798 644 4154 65785
is_linear=0
shrinkage=0.05


Tree=154
num_leaves=31
num_cat=0
split_feature=3 0 2 0 2 0 1 3 3 3 1 0 3 3 3 2 3 2 2 3 1 3 2 1 1 1 0 1 3 3
split_gain=33.2469 5.36187 16.4798 10.6878 62.9532 27.951 11.7205 10.5252 26.2865 35.9028 30.7285 23.5841 12.2017 9.51679 9.96377 16.1352 10.9721 8.70328 15.6707 14.7936 5.54251 3.9026 3.96129 4.59235 3.27516 3.60195 2.16435 1.70697 1.70086 1.47118
threshold=4.0279376260590949 0.26337961663928472 4.4084610982207808 0.31410302578058374 4.5341594832340997 0.28230039401158186 1.0000000180025095e-35 8.3242998889234094 7.9810273183704767 7.9584020480681064 1.5000000000000002 0.40475553788558277 8.4580160548255012 5.8941273005512267 6.5236944472770055 5.0199087660326223 6.6746245191423315 4.9275112150820659 4.7001851868954612 7.1123681928467075 1.0000000180025095e-35 5.9734787654269947 4.3694757063636134 1.0000000180025095e-35 1.0000000180025095e-35 1.5000000000000002 0.33474620881895956 1.0000000180025095e-35 5.8465832628495127 5.8465832628495127
decision_type=2 2 2 2 2 2 2 2 2 2 2 2 2 2 2 2 2 2 2 2 2 2 2 2 2 2 2 2 2 2
left_child=24 2 21 4 5 20 -7 8 9 -5 -10 26 -13 27 15 -15 -16 18 -6 -19 -3 22 23 -2 -1 -26 -9 -4 -29 -24
right_child=1 3 13 7 17 6 -8 11 10 -11 -12 12 -14 14 16 -17 -18 19 -20 -21 -22 -23 29 -25 25 -27 -28 28 -30 -31
leaf_value=0.05000059496900755 0.01358424641152077 0.017682521968681152 -0.025156927456346918 -9.5341388592329194e-05 0.0027736177053585822 -0.0053421074901979643 0.014569293421194444 -0.0083556620480787908 -0.0063819763793489317 0.012139769116041149 0.020419389762126438 0.011793944569391479 -0.0017270281414027767 0.00069328742119419541 -0.0077324877755919653 0.016271158912560077 -0.001262339433999911 0.0055396906728540397 -0.0081276057378061473 -0.00095672538767057258 0.032378265227688809 0.052696448596676861 0.012932554877945755 0.045959991932254994 0.014462544715571572 0.050000636434502255 -0.0017862682211967438 -0.01983576974484395 -0.0047573551516622683 -0.0061703993063880486
leaf_weight=27.584908192315197 26.803076210781001 91.27578500884556 34.108110129833221 36513.698192368567 614.35769358277321 121.95412969233439 187.58960972607019 170.31856432557106 2394.4762941747904 609.59812886826694 111.94673221558332 756.68713586032391 214.05825865268707 1848.0230857133865 714.46213117614388 182.65503491461277 7904.9315539821982 1465.3738848343492 711.42918179184198 2180.0270309448242 215.97049881951534 8.1500839306972903 26.161257763393223 18.522120540961623 21.103816525872389 10.768004979108811 475.14459352195263 34.554634385742247 40.767356501892209 16.394966614898294
leaf_count=2319149 2383 2974 361 1274065 3280 3712 2738 906 12536 4325 993 3631 1184 9656 3261 895 37650 7125 3253 10255 2548 274 407 580 934205 846640 2432 181 193 179
internal_value=1.67245e-05 -2.17901e-05 -0.00102302 0.000210283 0.00226237 0.0173289 0.00672459 -6.7733e-05 -0.000229032 0.00010557 -0.00518492 0.00388736 0.00881245 -0.00120707 -0.00105634 0.00209448 -0.00179865 0.000393026 -0.00307608 0.0016547 0.0280125 0.019598 0.0165285 0.0268146 0.0373866 0.0264692 -0.00351974 -0.015877 -0.0116747 0.00557306
internal_weight=57748.9 57689.4 10855.5 46833.9 5587.98 616.79 309.544 41245.9 39629.7 37123.3 2506.42 1616.21 970.745 10759.5 10650.1 2030.68 8619.39 4971.19 1325.79 3645.4 307.246 96.0315 87.8814 45.3252 59.4567 31.8718 645.463 109.43 75.322 42.5562
internal_count=5491971 1391977 56020 1335957 35885 11972 6450 1300072 1291919 1278390 13529 8153 4815 52197 51462 10551 40911 23913 6533 17380 5522 3823 3549 2963 4099994 1780845 3338 735 374 586
is_linear=0
shrinkage=0.05


Tree=155
num_leaves=31
num_cat=0
split_feature=3 1 2 3 3 2 3 0 0 2 3 0 3 2 0 3 2 0 3 2 2 0 3 0 1 1 1 2 2 2
split_gain=31.2162 5.12992 13.9621 27.6223 26.0938 27.1267 25.7887 70.6102 42.7173 11.6923 10.8132 27.4072 13.2426 11.7827 22.7081 10.5461 10.3863 10.2112 6.66876 70.9297 50.5247 43.1697 26.5143 7.99125 3.3199 3.56893 2.06176 2.87706 4.34111 1.86313
threshold=4.0279376260590949 1.0000000180025095e-35 5.0866414907511173 5.7510158716319069 5.4424826413705318 5.2762546331869133 5.9734787654269947 0.5964197271281243 0.42453889481418622 5.2762546331869133 5.3496519098028221 0.50735983250806516 5.1535516424680443 4.4524223690016962 0.28230039401158186 4.7699215892209272 4.0613265649149151 0.69071225544838877 5.49392522624838 4.3694757063636134 5.1989618871993128 0.67233198250082127 5.8019521846187621 0.29289468721693729 1.0000000180025095e-35 1.5000000000000002 1.5000000000000002 4.0109822864063558 4.01070119971941 4.030888272116945
decision_type=2 2 2 2 2 2 2 2 2 2 2 2 2 2 2 2 2 2 2 2 2 2 2 2 2 2 2 2 2 2
left_child=24 2 10 4 5 -4 7 -5 -8 -6 11 12 -2 14 -12 -13 26 -15 20 23 21 -18 -21 -20 -1 -26 27 28 -3 -29
right_child=1 16 3 6 9 -7 8 -9 -10 -11 13 15 -14 17 -16 -17 18 -19 19 22 -22 -23 -24 -25 25 -27 -28 29 -30 -31
leaf_value=0.050000566875819587 0.0018253637506261305 -0.010233356729292473 -0.0026417112147488564 0.0022612835918623445 0.02902695748389152 -0.24496565295706946 0.00015746937079605831 -0.041593361700250957 0.014601100529762413 -0.012545492877376644 0.011212257524505167 0.0024896176427023631 0.010911386886155935 -0.00065502175027443545 -0.013751239424454631 -0.003321875956718086 -0.0038559066745116493 -0.029798244547809417 0.047254026213213535 0.0049058676206863387 -0.16860454847369072 0.00266784171821852 -0.00049070332731696086 0.010525121826026088 0.013944841893822228 0.050000605165330406 0.050131940673090569 0.039196031822297653 -0.28581539608651774 0.013508098109126357
leaf_weight=26.239589423450525 714.39168909511864 3.553484302019569 87.534056920776493 385.08478516340256 223.02921775355935 1.1703392872586835 1843.204063273035 120.50970013803453 708.74422804127971 18.301159998896765 115.16456973995082 1293.9975414673063 914.20820860531967 4970.495639629662 435.9363742612768 1967.8059593181242 6533.8633271591534 30.239679083228111 87.385150427289773 2459.2942912848666 4.5158152393996707 4144.2939762060341 30549.521294537699 17.831393119879067 20.800811521869036 10.242849635687891 6.9757356131831321 13.288264153667116 0.14888993011481932 15.056842784557373
leaf_count=2319149 17068 32819 82697 2094 1742 25 13088 815 431486 180 5543 262415 7838 26792 4714 20342 56773 177 2211 10991 30 45625 145116 180 934205 846640 92339 92264 2830 33783
internal_value=1.60868e-05 -2.05605e-05 0.00081904 0.0036083 0.0173507 -0.00583886 0.00212493 -0.00819158 0.00416885 0.0258743 -8.58271e-05 0.00162851 0.00692577 -0.00159592 -0.00853457 -0.00101639 -0.000285448 -0.000831252 -0.000308421 4.20123e-05 -0.00139469 -0.00132398 -8.86363e-05 0.0410295 0.0369079 0.0258414 0.0254983 0.0201363 -0.0213158 0.0255507
internal_weight=57722.8 57665.5 13829.8 3387.58 330.035 88.7044 3057.54 505.594 2551.95 241.33 10442.2 4890.4 1628.6 5551.84 551.101 3261.8 43835.7 5000.74 43796.7 33114 10682.7 10678.2 33008.8 105.217 57.2833 31.0437 39.0232 32.0475 3.70237 28.3451
internal_count=5491971 1391977 877016 532127 84644 82722 447483 2909 444574 1922 344889 307663 24906 37226 10257 282757 514961 26969 260926 158498 102428 102398 156107 2391 4099994 1780845 254035 161696 35649 126047
is_linear=0
shrinkage=0.05


Tree=156
num_leaves=31
num_cat=0
split_feature=3 2 0 3 2 2 1 3 3 0 3 3 3 0 1 2 1 1 3 0 0 3 2 0 0 2 2 3 3 0
split_gain=29.2949 5.08431 4.72453 11.6487 13.1182 11.5371 8.02408 5.02253 23.1488 46.5332 41.3381 18.0167 19.8965 11.3147 4.33452 3.47065 3.36151 3.53215 2.55592 0.953796 0.393708 3.06828 1.78824 0.519292 1.29017 0.00595987 0.00159316 8.68284e-10 6.86898e-09 6.48846e-10
threshold=4.0279376260590949 3.9611729973648138 0.14402769709617944 7.3086765227895567 5.164963085408476 4.8294082094226871 1.5000000000000002 7.8549435851211564 7.3233027137203726 0.62697070272404276 7.3159499364080736 7.9584020480681064 7.9810273183704767 0.90776314808047343 1.5000000000000002 4.6569856547695219 1.0000000180025095e-35 1.5000000000000002 7.3233027137203726 0.99999915540540552 0.7807682914075661 4.1932090212869468 3.9574100138220705 0.8542062519189314 0.8677148691289146 3.9341520048527938 4.0123428139423227 4.0772831707010573 4.0777069067102572 0.7100346075935321
decision_type=2 2 2 2 2 2 2 2 2 2 2 2 2 2 2 2 2 2 2 2 2 2 2 2 2 2 2 2 2 2
left_child=16 20 3 5 18 15 -6 8 10 -10 -4 13 -13 -9 -7 -3 -1 19 -5 -18 27 23 -23 25 -25 -22 -21 -2 -29 -30
right_child=1 2 7 4 6 14 -8 11 9 -11 -12 12 -14 -15 -16 -17 17 -19 -20 26 21 22 -24 24 -26 -27 -28 28 29 -31
leaf_value=0.05000053589517061 0.050001924827315407 0.047873340787380952 0.00024102996097977405 0.033521691986959097 -0.0006915763240287813 -0.015500114801971061 -0.021837511819086664 -0.0050240762863131665 0.0048363067729124453 -0.0098520941069486154 -0.0067071508874320604 0.0070237711887351992 -0.00081591759574704869 -0.071604644181189017 0.015376651117580652 0.008023821808393174 0.050000771275850286 0.050000572968349061 0.0070269639788986165 0.01025386445837278 0.05477420900349135 -0.22629269530733742 0.050036124004824246 -0.014547248842220138 0.050035295041732424 0.050007987765291508 0.050000927157229973 0.050040468591113454 0.050005467482043181 0.050006918141995593
leaf_weight=24.959884653319023 0.12424027849192354 6.6092076697168514 38266.503556060001 32.199221894145012 1207.623902335763 286.51974815130234 46.593209058046341 1971.2633740007877 5049.3237555758096 603.6691583362408 2267.511389257852 916.53994532860816 6918.1820794604719 6.4017010778188697 11.835772857069967 31.531073167920113 1.6410321657604097 9.7433057476882841 12.690109372138975 18.869219622407403 1.0262405266039425 0.1808895103749818 0.086567045655101538 1.3566402205469787 1.7985035185483864 1.8174414200475437 0.0025214333727480156 0.014544007543009108 1.9876349298137941 1.2591006028524132
leaf_count=2319149 3314 58 1200925 150 6058 1291 196 9077 22021 3609 27813 5654 36615 27 52 150 106232 846640 52 827837 773 119 120 3998 30991 11580 136 18 18211 9105
internal_value=1.56904e-05 -1.91779e-05 -2.52546e-05 -0.00267411 -0.000526592 -0.010965 -0.00147713 5.21119e-05 0.000270368 0.00326777 -0.000147658 -0.000975223 0.000101203 -0.0052396 -0.0142752 0.0149292 0.0364177 0.0252125 0.0260317 0.0134385 0.0362673 0.0288447 -0.136854 0.0362323 0.0222663 0.051728 0.0102592 0.050006 0.0500062 0.050006
internal_weight=57699.9 57644.6 57635 1635.6 1299.11 336.496 1254.22 55999.4 46187 5652.99 40534 9812.39 7834.72 1977.67 298.356 38.1403 55.216 30.2561 44.8893 20.5128 9.6518 6.26628 0.267457 5.99883 3.15514 2.84368 18.8717 3.38552 3.26128 3.24674
internal_count=5491971 1391977 1313748 8007 6456 1551 6254 1305741 1254368 25630 1228738 51373 42269 9104 1343 208 4099994 1780845 202 934205 78229 47581 239 47342 34989 12353 827973 30648 27334 27316
is_linear=0
shrinkage=0.05


Tree=157
num_leaves=31
num_cat=0
split_feature=3 2 0 2 0 2 0 2 3 3 3 3 2 3 2 1 1 1 0 0 3 2 0 0 1 2 2 3 3 0
split_gain=27.4798 4.77209 4.67116 14.1392 9.41026 55.4322 25.292 9.874 57.4369 24.9399 8.63511 8.93306 7.8722 3.91083 3.53672 3.39959 3.49144 1.51928 0.928981 0.399822 2.55004 1.17548 0.517826 1.23569 0.00600116 0.00510178 0.00154687 7.46793e-10 5.91154e-09 5.58504e-10
threshold=4.0279376260590949 3.9611729973648138 0.26337961663928472 4.4084610982207808 0.31410302578058374 4.5341594832340997 0.28230039401158186 5.8138794391169242 6.6011956384225741 6.3613456536016919 5.8941273005512267 6.5236944472770055 4.9275112150820659 5.9734787654269947 4.3694757063636134 1.0000000180025095e-35 1.5000000000000002 1.0000000180025095e-35 0.99999915540540552 0.7807682914075661 4.1932090212869468 3.9574100138220705 0.8542062519189314 0.8677148691289146 1.0000000180025095e-35 3.9341520048527938 4.0123428139423227 4.0772831707010573 4.0777069067102572 0.7100346075935321
decision_type=2 2 2 2 2 2 2 2 2 2 2 2 2 2 2 2 2 2 2 2 2 2 2 2 2 2 2 2 2 2
left_child=15 19 3 13 5 6 -4 9 -9 -6 17 -12 -7 14 -3 -1 18 -5 -17 27 22 -22 25 -24 -15 -21 -20 -2 -29 -30
right_child=1 2 4 10 7 12 -8 8 -10 -11 11 -13 -14 24 -16 16 -18 -19 26 20 21 -23 23 -25 -26 -27 -28 28 29 -31
leaf_value=0.050000510137281996 0.050001832535901097 0.025407112322567968 0.026741712377987028 -0.023721366732775778 -0.00034243815476455862 -0.0029209714215166589 0.0063375742046060009 0.040027948069974027 0.00070252772710113938 -0.0082115626130339018 0.0020015384028960869 -0.0016857767605003079 0.001578112869535654 0.051348442883541894 0.0050594864122269255 0.050000733450939742 0.050000548341449881 -0.011075953989120082 0.0098442166362219807 0.054522524608730617 -0.17055092063588914 0.050034357157688274 -0.013653069785971639 0.050033655849670657 0.054168315332506149 0.050007598631032019 0.050000881864866745 0.050038492594453692 0.050005200919690629 0.050006580872107402
leaf_weight=23.742588380373491 0.11818122303338752 43.257326959494094 298.93905108900071 34.642830565571785 24946.237354707948 1326.3650090321898 308.71996521897381 93.424863005893712 15103.915041236731 1049.2397711873055 2029.538043119479 8614.3806128241122 3641.9519030079246 4.4023993578739455 42.178912224713713 1.5609993016169053 9.268123581423426 75.559162917546928 18.676734308881354 0.98058244376989057 0.22655158943962295 0.082347951829433441 1.3727866397530308 1.7108440947595225 3.3018509343964979 1.7288169061503138 0.0023984637082311569 0.013835220481269395 1.8907066458414195 1.1977014001022324
leaf_count=2319149 3314 2962 5498 361 710981 6533 6223 305496 199860 5758 10551 40911 17380 198 586 106232 846640 374 827837 773 119 120 3998 30991 76 11580 136 18 18211 9105
internal_value=1.49231e-05 -1.8253e-05 -2.40407e-05 -0.000958862 0.000192776 0.00212049 0.0163754 -6.81652e-05 0.000944279 -0.000660055 -0.00112686 -0.000982695 0.000377016 0.0184384 0.0153617 0.0359165 0.0245843 -0.0150511 0.012946 0.0357524 0.0282298 -0.111746 0.0356937 0.0216813 0.052557 0.0516416 0.00984937 0.0500057 0.0500059 0.0500057
internal_weight=57678.6 57625.4 57616.1 10847.3 46768.8 5575.98 607.659 41192.8 15197.3 25995.5 10754.1 10643.9 4968.32 93.1405 85.4362 53.2508 29.5083 110.202 20.2401 9.32235 6.10193 0.3089 5.79303 3.08363 7.70425 2.7094 18.6791 3.22042 3.10224 3.08841
internal_count=5491971 1391977 1313748 56019 1257729 35634 11721 1222095 505356 716739 52197 51462 23913 3822 3548 4099994 1780845 735 934205 78229 47581 239 47342 34989 274 12353 827973 30648 27334 27316
is_linear=0
shrinkage=0.05


Tree=158
num_leaves=31
num_cat=0
split_feature=3 1 2 2 3 0 0 3 2 0 3 0 3 2 0 3 3 2 2 0 3 0 0 3 1 1 1 3 2 2
split_gain=25.7638 4.53368 14.4225 49.9156 23.7731 19.0247 18.3021 15.5532 9.63243 9.34421 9.02666 16.1998 7.53366 7.47816 7.4188 9.34875 6.02773 64.1047 42.1832 39.2478 23.1034 7.81977 5.7959 5.01185 3.4342 3.44733 2.04998 2.8298 1.47505 1.28601
threshold=4.0279376260590949 1.0000000180025095e-35 6.9354456287757147 6.7574221718074989 7.3159499364080736 0.66578999664304883 0.97438968303263829 7.2540859042396688 4.0613265649149151 0.85838481332044558 7.6587840460954757 0.66578999664304883 4.3382053465969248 7.2629214257795809 0.47638594757386876 7.9584020480681064 5.49392522624838 4.3694757063636134 5.1989618871993128 0.7100346075935321 5.8019521846187621 0.29289468721693729 0.55449294601117682 7.8549435851211564 1.0000000180025095e-35 1.5000000000000002 1.5000000000000002 4.0290057169568154 4.0094720765516669 4.05270600857137
decision_type=2 2 2 2 2 2 2 2 2 2 2 2 2 2 2 2 2 2 2 2 2 2 2 2 2 2 2 2 2 2
left_child=24 2 3 6 7 -6 9 -5 26 -2 11 22 -8 -13 15 -12 18 21 19 -10 -19 -18 -4 -16 -1 -26 27 28 -3 -29
right_child=1 8 10 4 5 -7 12 -9 16 -11 14 13 -14 -15 23 -17 17 20 -20 -21 -22 -23 -24 -25 25 -27 -28 29 -30 -31
leaf_value=0.050000489710261567 0.00066478260084452164 0.050003940108266823 -0.044323261789578815 -0.1139512438962095 0.012898115411885056 -0.21067195611499226 0.0054367403374691557 0.047178902416031322 -0.0034492349637034389 -0.0087194475395880443 -0.054342518135434698 -0.023507678573140057 0.050009812945503176 0.05855085960975015 0.050269483768960559 -0.0075894208454514974 0.046490757849317735 0.004589916235397163 -0.14865655232942801 0.0029328678318629501 -0.00045120418911168424 0.0098069630987296773 -0.12604596271519228 0.003997119350074828 0.012465309428759499 0.050000524050191765 0.050125884316324643 0.01825031827079553 -0.10926551893895642 0.050053141227254017
leaf_weight=22.584659509288031 13057.833437910549 0.18925254459282115 3.7286612540483457 1.5239260894595634 141.75733140995726 0.95797743694856663 14.844735142014541 86.825188671879005 7003.1082055025472 270.76899127947581 11.736266821622847 37.395870806998573 26.23086301568037 2.999097265303134 7.671789936721324 120.2075454518199 82.350904782739235 2455.6097960644402 4.8558665774762622 3672.0804261337253 30529.845260784961 17.638971057836898 5.188700009137392 24.668316528201103 19.98093786436948 8.8161165444034868 6.6369777891850381 27.003906356285373 0.62698261693731183 3.6028301813712451
leaf_count=2319149 253550 2439 23 861 15226 203 12128 74917 65681 176018 55 2527 340523 26 52 678 2211 10991 30 36717 145116 180 71 158 934205 846640 92339 150032 3824 5401
internal_value=1.43689e-05 -1.71905e-05 0.00077259 0.000975051 0.024016 0.0113974 0.000576841 0.0443996 -0.000266264 0.000474143 -0.0121191 -0.0308801 0.0339011 -0.0174153 -0.0064877 -0.0117481 -0.000288129 4.52583e-05 -0.00132092 -0.0012539 -7.59168e-05 0.0400195 -0.0918748 0.0149739 0.0354041 0.0239566 0.0248766 0.0195436 -0.0723373 0.0219939
internal_weight=57669.3 57617.9 13814.3 13600.7 231.064 142.715 13369.7 88.3491 43803.5 13328.6 213.596 49.3123 41.0756 40.395 164.284 131.944 43765.5 33085.4 10680 10675.2 32985.5 99.9899 8.91736 32.3401 51.3817 28.7971 38.0599 31.423 0.816235 30.6067
internal_count=5491971 1391977 877016 873426 91207 15429 782219 75778 514961 429568 3590 2647 352651 2553 943 733 260926 158498 102428 102398 156107 2391 94 210 4099994 1780845 254035 161696 6263 155433
is_linear=0
shrinkage=0.05


Tree=159
num_leaves=31
num_cat=0
split_feature=3 3 2 2 0 3 2 3 2 3 0 2 0 0 1 1 0 3 0 0 2 0 1 2 2 2 0 0 0 2
split_gain=24.1412 4.57821 4.91785 6.78214 15.0149 22.4014 8.13893 7.52738 4.72417 4.49125 6.30952 25.5405 92.0882 3.60977 3.46539 3.40033 2.86208 1.56165 1.10625 1.00546 4.23203 0.915335 0.899644 0.838316 0.505623 0.793579 4.62762 0.278291 5.49056 0.00151951
threshold=4.0279376260590949 4.0890807290380335 3.9787572410709404 4.0123428139423227 0.8542062519189314 4.1545769471840268 4.0243510107184699 4.1855554307025713 4.0119989251342334 4.0777069067102572 0.95230227493361064 4.023541507554075 0.94755745282972192 0.92575505729882213 1.0000000180025095e-35 1.5000000000000002 0.92235091143278425 4.0290057169568154 0.96788545154371086 0.92235091143278425 4.005470148071681 0.99999915540540552 1.0000000180025095e-35 4.0094720765516669 3.9545425682277715 3.9655036874901426 0.69641727347481663 0.93873136270578839 0.93926014534244684 4.0123428139423227
decision_type=2 2 2 2 2 2 2 2 2 2 2 2 2 2 2 2 2 2 2 2 2 2 2 2 2 2 2 2 2 2
left_child=14 9 24 4 8 -6 13 -8 -4 10 11 16 -13 -5 -1 21 -2 23 -19 20 22 -16 -11 -12 -3 26 -26 -21 -29 -23
right_child=1 2 3 6 5 -7 7 -9 -10 19 17 12 -14 -15 15 -17 -18 18 -20 27 -22 29 -24 -25 25 -27 -28 28 -30 -31
leaf_value=0.050000465585534309 0.034287857254029983 0.050187220583327689 0.01213847536372081 0.025464275069889242 -0.059539009310289805 -0.53173870071396656 -0.013391578030339505 -1.6211618627774422e-05 -0.26027511962417987 0.034999808271839086 0.050003134877323829 -2.8669043278768886 -0.1765569598649207 -0.055799370826669241 0.050000688488978068 0.050000495826700103 -0.0078271816735534551 0.021863769719163512 0.050055842067933398 0.050120526985766294 -0.21837382954459611 0.0089382812044864045 -0.064487508652162892 -0.03727828555663245 -0.24588137330196058 0.050009415876685309 0.026134092960561368 -0.24292194305914383 0.050109890826281089 0.050000828916289125
leaf_weight=21.483202175870247 4.7815722574705495 4.3020630075188802 13.082720439517288 38.401534123811871 10.359264522361624 0.25740904441045209 105.38283689478703 57362.566882544692 0.16111029603052962 3.093839678032964 0.36228422225394652 0.034280884767212139 0.44081552630814258 1.4169776311900921 1.4664755604026165 8.3861534851894266 25.806501424282033 6.3525623128680291 7.6943113817160338 8.2073303578581527 0.18438562192022789 18.26469644634199 0.2452479600906371 1.1432935501434256 0.16898231443337897 1.8429467726164146 2.0923266759346006 0.1706158139277244 2.5346136166335782 0.0022532291186497791
leaf_count=2319149 33753 34344 14030 83361 2873 20 22236 965126 196 5070 6158 33 619 2677 106232 846640 47836 56007 68807 15321 13 827837 2 8521 1229 10265 10768 141 2571 136
internal_value=1.39932e-05 -1.6032e-05 -3.0552e-05 -3.61395e-05 -0.0266878 -0.0709878 -2.50815e-05 -4.07389e-05 0.00882458 0.0136688 0.00612199 -0.00689406 -0.370681 0.0225724 0.0348806 0.0233291 -0.0012437 0.0321191 0.0373063 0.0380383 0.0148159 0.0119945 0.0276927 -0.0162759 0.0382099 0.0256554 0.00580702 0.0455364 0.0316287 0.00894335
internal_weight=57650.7 57601.1 57540 57531.6 23.8605 10.6167 57507.8 57467.9 13.2438 61.0517 46.6156 31.0632 0.475096 39.8185 49.6028 28.1196 30.5881 15.5525 14.0469 14.436 3.52347 19.7334 3.33909 1.50558 8.40632 4.10426 2.26131 10.9126 2.70523 18.2669
internal_count=5491971 1391977 1147125 1090519 17119 2893 1073400 987362 14226 244852 221734 82241 652 86038 4099994 1780845 81589 139493 124814 23118 5085 934205 5072 14679 56606 22262 11997 18033 2712 827973
is_linear=0
shrinkage=0.05


Tree=160
num_leaves=31
num_cat=0
split_feature=3 3 2 2 0 2 3 3 3 0 2 2 1 1 0 2 3 0 0 0 1 0 0 2 2 0 0 0 2 3
split_gain=22.6095 4.41581 4.62652 5.89011 13.1129 7.52333 6.89155 6.64312 4.21013 5.69907 6.12145 4.40267 3.4926 3.34995 3.23835 2.27703 1.62222 0.991524 3.44194 0.889064 0.835667 0.834496 0.826622 0.510788 0.775456 3.34518 0.284775 4.22094 0.00147148 0.000267739
threshold=4.0279376260590949 4.0890807290380335 3.9787572410709404 4.0123428139423227 0.78777270728743021 4.0243510107184699 4.1122663335060547 4.2047672406880237 4.0777069067102572 0.95585909713935002 4.0326128529886951 4.0176599623566265 1.0000000180025095e-35 1.5000000000000002 0.84920684346295017 4.0078730087255332 4.0290057169568154 0.92235091143278425 0.92061854054148851 0.99999915540540552 1.0000000180025095e-35 0.98114907774268822 0.96788545154371086 3.9545425682277715 3.9655036874901426 0.69641727347481663 0.93873136270578839 0.93926014534244684 4.0123428139423227 4.0915907705340819
decision_type=2 2 2 2 2 2 2 2 2 2 2 2 2 2 2 2 2 2 2 2 2 2 2 2 2 2 2 2 2 2
left_child=12 8 23 4 15 14 -7 -6 9 10 11 -2 -1 19 -5 -4 21 18 20 -14 -10 -11 -18 29 25 -25 -19 -28 -21 -3
right_child=1 2 3 5 7 6 -8 -9 17 16 -12 -13 13 -15 -16 -17 22 26 -20 28 -22 -23 -24 24 -26 -27 27 -29 -30 -31
leaf_value=0.050000443038652975 0.0042482161748269671 0.052080156937339431 0.042292574940810512 -0.0017837174126587229 -0.041726313913799745 -0.036825127571610716 -3.0546006599777367e-05 -0.18514885565321654 0.034463163798833255 -0.03610582291943782 -0.35799412699473715 -0.045958258774450061 0.050000657934755492 0.05000046815792502 0.030707486382930478 -0.032672704900884947 0.023522822714483499 0.050114800027780071 -0.17954043327735314 0.008569609364376507 -0.062163701227612382 0.050009916071658771 0.050053121994772999 -0.18139943980681633 0.050008956249830053 0.025501325033992273 -0.18002055482979909 0.050104525700808512 0.050000784850628505 0.050093449278001349
leaf_weight=20.435463359346613 27.724055430155204 0.17726076192047724 6.3392981322504083 10.500307964233796 16.12879039192558 12.728745250307837 57456.246554434969 0.84992378659080614 3.0012163315186626 1.1586998574457528 0.12234281952259962 5.1828301688474303 1.3949555638955704 7.9771602334221816 28.43983399742865 1.2055931995855642 4.9026375953326333 7.8079238754216913 0.21451683156192292 18.102177084760118 0.24178390949964512 0.37152017752669042 7.3194430785642908 0.21606753674132084 1.753080898291955 2.0384188083844492 0.21721043909201432 2.411250742028642 0.0021433395595512597 3.9156025580959977
leaf_count=2319149 86872 599 11421 19398 4026 3926 983436 309 5071 6590 26 6553 106232 846640 66640 1363 44806 15321 12 827837 2 8080 68807 1229 10265 10768 141 2571 136 33745
internal_value=1.38375e-05 -1.47204e-05 -2.89364e-05 -3.42564e-05 -0.0245332 -2.38091e-05 -3.86956e-05 -0.0489058 0.0134668 0.00628912 -0.00497178 -0.0036593 0.034347 0.0227048 0.0219462 0.0303139 0.0333347 0.0376346 0.0144285 0.0115381 0.0272591 -0.0151979 0.039411 0.0377555 0.025067 0.00567218 0.0453227 0.0310875 0.00857451 0.0501795
internal_weight=57649.1 57601.2 57540.5 57532.4 24.5236 57507.9 57469 16.9787 60.6754 46.7815 33.0292 32.9069 47.9119 27.4764 38.9401 7.54489 13.7523 13.8939 3.45752 19.4993 3.243 1.53022 12.2221 8.10043 4.00757 2.25449 10.4364 2.62846 18.1043 4.09286
internal_count=5491971 1391977 1147125 1090519 17119 1073400 987362 4335 244852 221734 93451 93425 4099994 1780845 86038 12784 128283 23118 5085 934205 5073 14670 113613 56606 22262 11997 18033 2712 827973 34344
is_linear=0
shrinkage=0.05


Tree=161
num_leaves=31
num_cat=0
split_feature=3 0 2 0 2 0 3 3 3 1 0 3 1 1 2 0 0 3 2 3 2 2 3 2 3 1 1 2 1 3
split_gain=21.1641 4.1862 12.4095 8.18746 48.583 23.2388 9.73523 23.4032 30.7265 28.0077 21.2722 11.0254 9.61633 8.04192 30.8172 15.5222 8.63575 8.62607 28.4308 9.26046 7.18959 13.9255 13.3722 4.73477 3.89017 3.51592 3.29676 3.15253 4.15537 2.10927
threshold=4.0279376260590949 0.26337961663928472 4.4084610982207808 0.31410302578058374 4.5341594832340997 0.28230039401158186 8.3242998889234094 7.9810273183704767 7.9584020480681064 1.5000000000000002 0.40475553788558277 8.4580160548255012 1.0000000180025095e-35 1.5000000000000002 4.9745127581484967 0.17018869910310372 0.22576532962289497 7.9584020480681064 5.676703105257821 7.6587840460954757 4.9275112150820659 4.7001851868954612 7.1123681928467075 4.3694757063636134 5.9734787654269947 1.0000000180025095e-35 1.5000000000000002 4.3694757063636134 1.0000000180025095e-35 8.3934411287734871
decision_type=2 2 2 2 2 2 2 2 2 2 2 2 2 2 2 2 2 2 2 2 2 2 2 2 2 2 2 2 2 2
left_child=25 2 24 4 5 23 7 8 -5 -9 29 -12 -7 17 16 -16 -15 19 -19 -4 21 -6 -22 -3 27 -1 -27 28 -2 -8
right_child=1 3 13 6 20 12 10 9 -10 -11 11 -13 -14 14 15 -17 -18 18 -20 -21 22 -23 -24 -25 -26 26 -28 -29 -30 -31
leaf_value=0.05000041585453862 0.011652573333976509 0.036883142751765886 -0.0015926777198922541 -7.6664330099001027e-05 0.0027380345146475727 -0.0049955988699573557 -0.0058853851636460246 -0.0060300186571734787 0.011295907549821092 0.01972459276723729 0.011270525713599731 -0.0015906753026271774 0.013077966656826171 0.043218688477511813 -0.016204805733781871 0.0060779287832406631 0.01080285166260592 0.04016121906073411 0.00037514553852624428 -0.0071016585253338774 0.0052163930942204419 -0.0075335783436038034 -0.00096381210983192413 0.021977687384381807 0.052423621481994878 0.01109393914569929 0.050000446496297896 0.0047726015893531804 0.044118269931985005 -0.00013621519532888167
leaf_weight=19.438823697309999 25.512406691603246 70.190666315924318 6626.9538304023445 36476.591209905069 614.26037124544382 122.65730695080128 353.12222918868065 2387.6604148745537 603.76126858592033 110.44508620724082 755.69082583114505 213.77780291438103 184.00422255246667 57.862593472469598 114.92141170799732 244.290662586689 31.85814375244081 45.642788842320442 2766.8910744562745 862.06744167208672 1462.9725451916456 712.95944607257843 2178.7659604176879 221.11460240650922 7.3296799870440728 19.276679364229498 7.5881126696913261 42.001888153608888 16.06048331578495 291.01467718183994
leaf_count=2319149 2383 3345 31013 1274065 3280 3712 1595 12536 4325 993 3631 1184 2738 531 510 1276 297 199 14683 3688 7125 3253 10255 2177 274 934205 846640 586 580 1743
internal_value=1.32769e-05 -1.38861e-05 -0.000899118 0.000191361 0.00199111 0.0154559 -5.18666e-05 -0.000207072 0.00010851 -0.00489137 0.003755 0.0084345 0.00584897 -0.00105467 0.00549616 -0.00105091 0.0317084 -0.00134015 0.00102081 -0.00222682 0.000370752 -0.0027797 0.00151892 0.0255692 0.017497 0.0338032 0.0220833 0.0144338 0.0241948 -0.00328797
internal_weight=57646.7 57600.4 10841.4 46759 5566.93 597.967 41192.1 39578.5 37080.4 2498.11 1613.61 969.469 306.662 10750.5 448.933 359.212 89.7207 10301.6 2812.53 7489.02 4968.96 1327.22 3641.74 291.305 90.9045 46.3036 26.8648 83.5748 41.5729 644.137
internal_count=5491971 1391977 56020 1335957 35885 11972 1300072 1291919 1278390 13529 8153 4815 6450 52197 2614 1786 828 49583 14882 34701 23913 6533 17380 5522 3823 4099994 1780845 3549 2963 3338
is_linear=0
shrinkage=0.05


Tree=162
num_leaves=31
num_cat=0
split_feature=3 2 3 0 2 0 0 2 3 2 0 0 3 3 3 3 2 3 3 1 0 0 0 0 2 3 0 0 1 0
split_gain=19.7992 4.16645 12.1044 26.0289 14.485 19.405 11.1152 15.9914 25.7838 10.4634 27.188 41.2148 49.168 37.3905 71.7371 27.6199 19.4952 90.2189 32.3823 25.8584 30.0032 21.1265 13.6923 7.73412 6.41832 11.8825 9.84518 4.64937 4.36068 3.898
threshold=4.0279376260590949 7.0948639925422592 8.3242998889234094 0.42453889481418622 7.7655073004765951 0.48781481660207754 0.47638594757386876 7.2629214257795809 7.9942274713266626 5.5245751061938488 0.66578999664304883 0.58344428527736492 7.3159499364080736 7.1123681928467075 6.0717185978016612 7.3009856395488351 4.9745127581484967 5.2344719257170151 5.4424826413705318 1.5000000000000002 0.32388242588166877 0.52711662496787948 0.28230039401158186 0.66578999664304883 7.5747031881281135 7.8947653466217966 0.60774361845389679 0.37481942638641602 1.0000000180025095e-35 0.38448516112627812
decision_type=2 2 2 2 2 2 2 2 2 2 2 2 2 2 2 2 2 2 2 2 2 2 2 2 2 2 2 2 2 2
left_child=-1 9 6 28 5 -5 7 8 -3 16 11 22 -13 14 -12 -15 19 -18 -19 21 -21 -2 -11 -6 25 -8 -26 -9 29 -4
right_child=1 2 3 4 23 -7 24 27 -10 10 13 12 -14 15 -16 -17 17 18 -20 20 -22 -23 -24 -25 26 -27 -28 -29 -30 -31
leaf_value=0.033249450249392999 0.0012784755850900021 -0.010180368985604177 -0.01191595528595866 0.0082559229722316361 -0.00027404740545855895 0.033615946516567956 -0.0029916710256729785 -0.040946947741703814 0.010393129228338989 -0.00099731508072850388 -0.034737918835042202 0.019495911102395538 -0.0011134726125624633 -0.028793717247019037 0.047850073437862711 -0.0055983892394533604 0.048121825792037949 -0.018738151582952091 -0.0024826730259355739 0.030213877984798639 0.0033690684301146087 -0.0016625139727512043 0.002061975653841544 0.013427153872674994 -0.01544406997760122 0.0035664318763947594 -0.0024254021357052059 -0.016173646653257372 -0.0016487189063490995 -0.057460282644356597
leaf_weight=44.772843913022371 14843.517169485884 471.58445493876934 43.658464379608631 224.33178861439228 376.19224835932255 113.64537681639194 1646.1640569951851 20.606812164187431 224.92480981349945 6037.8053801208735 41.61887759968522 667.44106409163214 510.93041604268365 202.96475231763907 71.405457666856819 349.0589560973458 86.710295155287895 319.93808857511613 7225.0436585298739 151.03621686267434 334.82585573280812 10373.955531746837 9276.9136780658155 141.83190475404263 183.04672708362341 1190.020335920155 702.76424276456237 234.06782779097557 1505.8222730606794 5.2645111232995978
leaf_count=4099994 104896 2710 281 949 1893 470 10442 95 1025 28001 472 83672 16421 1880 308123 3977 91440 5021 34790 3436 113837 488412 66470 964 782 6629 4906 1073 8885 25
internal_value=1.27951e-05 -1.30502e-05 -0.0011486 0.00172903 0.00873091 0.0167833 -0.00263308 -0.00745676 -0.00353654 0.000146262 0.0011495 0.00154917 0.0105599 -0.00876219 0.0174388 -0.0141267 -0.000370125 -0.00258918 -0.00317197 0.000288743 0.0117141 6.86123e-05 0.000855855 0.00347726 -0.00140036 -0.00023999 -0.00511562 -0.0181782 -0.00212601 -0.0168169
internal_weight=57621.9 57577.1 7083.93 2410.75 856.001 337.977 4673.18 951.184 696.509 50493.2 17158.1 16493.1 1178.37 665.048 113.024 552.024 33335 7631.69 7544.98 25703.3 485.862 25217.5 15314.7 518.024 3722 2836.18 885.811 254.675 1554.75 48.923
internal_count=5491971 1391977 41129 13467 4276 1419 27662 4903 3735 1350848 509016 194564 100093 314452 308595 5857 841832 131251 39811 710581 117273 593308 94471 2857 22759 17071 5688 1168 9191 306
is_linear=0
shrinkage=0.05


Tree=163
num_leaves=31
num_cat=0
split_feature=3 0 3 2 0 2 2 0 2 3 3 2 0 2 2 0 0 0 2 0 2 0 1 1 2 2 3 3 0 0
split_gain=18.729 6.19977 5.92161 14.323 6.49233 4.36021 5.11142 11.3232 6.98907 6.37495 14.6243 8.51612 6.31635 18.7331 4.49561 12.9916 3.34873 3.97484 3.11546 43.0924 3.10948 2.39957 2.39691 3.28344 3.33347 7.80575 1.9564 1.79689 1.27838 5.7499
threshold=4.0890807290380335 0.95230227493361064 4.0777069067102572 4.0280564505813681 0.95131805362715072 3.9787572410709404 4.0123428139423227 0.83857729982792928 4.0243510107184699 4.1855554307025713 4.1798339453109907 4.05270600857137 0.90566373228629682 4.01070119971941 4.0112516036781978 0.75693732271664571 0.92575505729882213 0.84920684346295017 4.0176599623566265 0.94225003486636416 4.0226143077605725 0.94312317587993444 1.0000000180025095e-35 1.5000000000000002 4.0109822864063558 4.01070119971941 4.0915907705340819 4.3720394261482847 0.96573160258019863 0.96510483565664651
decision_type=2 2 2 2 2 2 2 2 2 2 2 2 2 2 2 2 2 2 2 2 2 2 2 2 2 2 2 2 2 2
left_child=1 2 3 18 -5 -2 7 14 16 10 -10 -11 13 -9 27 -16 17 -8 21 -20 -18 -1 28 24 25 -24 -14 -7 29 -3
right_child=5 22 -4 4 -6 6 8 12 9 11 -12 -13 26 -15 15 -17 20 -19 19 -21 -22 -23 23 -25 -26 -27 -28 -29 -30 -31
leaf_value=0.00037828042955695179 0.03730745911438739 0.030833654975393223 0.036522750552434993 0.050493368360252505 -0.56953230091903495 0.0070651752929788538 -0.001614581079307521 -0.053218771997568227 -0.003280413240280348 0.016201333250141701 -0.050440819964948626 -3.5412371043046154e-05 -0.034608966515187918 -0.32821910638254687 0.050060843208996633 -0.44546350260355316 -0.1048490046401422 0.034759211803421626 -0.62103358220982152 0.001952067602200348 0.05004993195565588 0.050006535999793503 0.0076226494623177548 0.050056777002115173 0.0501675456807186 -0.42330589187938994 0.051136831418671341 0.050076874048001464 0.050013480117089941 -0.28496536082289764
leaf_weight=25.569123789324298 7.8198130935707004 4.2378553922044402 12.682741272845304 0.0571942148526422 0.161264567708713 6.9430073742951208 10.534078380027493 10.511274457268879 86.556625111792528 80.871794012789906 20.292278592176444 57237.199298410575 1.1417565869742241 0.65804384266084603 0.38531527682789679 0.20141812541987747 0.96826586287352145 26.169229197439563 0.29765324383333691 4.1156093425925064 0.48691490529017756 2.6920962619342381 20.052534287953684 8.784625262476764 5.2284462380957839 0.10563937422375502 1.5938998866186009 3.7342191256902879 19.165267670872709 0.14921313934883063
leaf_count=150492 56606 64028 22305 50 44 4615 19398 1390 20686 67728 1550 897398 777 64 394 22 1628 63963 48 5092 1049 63567 956478 879373 40640 2409 931 8926 2154625 5695
internal_value=1.23927e-05 0.0212834 0.00749801 -0.00369324 -0.407205 -2.58234e-05 -3.09017e-05 -0.0225584 -2.10346e-05 -3.52491e-05 -0.0122369 -1.25035e-05 -0.0527428 -0.0694205 0.0147032 -0.120046 0.0213704 0.0243197 -0.000995395 -0.0400653 -0.0530186 0.00510575 0.0321677 0.0237089 0.0145917 0.00536436 0.0153499 0.0221079 0.0444402 0.0200927
internal_weight=57599.4 103.299 45.5757 32.8929 0.218459 57496.1 57488.2 25.1689 57463.1 57424.9 106.849 57318.1 13.905 11.1693 11.264 0.586733 38.1585 36.7033 32.6745 4.41326 1.45518 28.2612 57.7236 34.1712 25.3866 20.1582 2.73566 10.6772 23.5523 4.38707
internal_count=5491971 4344846 241598 219293 94 1147125 1090519 17119 1073400 987362 22236 965126 3162 1454 13957 416 86038 83361 219199 5140 2677 214059 4103248 1878900 999527 958887 1708 13541 2224348 69723
is_linear=0
shrinkage=0.05


Tree=164
num_leaves=31
num_cat=0
split_feature=3 0 3 2 0 1 2 3 2 0 2 3 2 3 3 2 2 0 3 2 3 2 3 0 2 0 0 3 2 0
split_gain=17.3778 5.92673 5.43989 4.51557 18.295 4.0994 13.0347 26.7065 38.0926 23.8485 23.7977 12.0606 37.5002 19.5554 10.3099 13.7635 16.5573 13.6678 20.4104 12.5106 8.09494 6.19808 18.8619 13.1194 9.1306 8.59204 9.17105 6.75323 56.7512 38.8409
threshold=4.0890807290380335 0.95585909713935002 4.0777069067102572 4.0176599623566265 0.94225003486636416 1.0000000180025095e-35 5.1989618871993128 7.3159499364080736 6.2840127217011625 0.58808560373301499 7.0099275978482467 7.3233027137203726 6.8198817552376756 7.3955494728005915 5.8019521846187621 5.0931427481664917 5.164963085408476 0.30388953340193608 6.3192203023888824 4.9745127581484967 6.7761076281080266 4.1845458315089283 4.2047672406880237 0.98338556398204335 4.030888272116945 0.9278513163069585 0.65404583389057924 5.49392522624838 4.3694757063636134 0.67233198250082127
decision_type=2 2 2 2 2 2 2 2 2 2 2 2 2 2 2 2 2 2 2 2 2 2 2 2 2 2 2 2 2 2
left_child=1 2 3 -1 -5 6 14 8 9 -8 -10 12 -9 -13 15 19 -17 20 -19 -2 -16 22 23 24 -7 26 -24 29 -29 -23
right_child=5 -3 -4 4 -6 21 7 11 10 -11 -12 13 -14 -15 17 16 -18 18 -20 -21 -22 27 25 -25 -26 -27 -28 28 -30 -31
leaf_value=0.0057230970451940949 0.00079688516430032736 0.031947695569617955 0.036128594283239744 -0.32036030661959641 -0.014465689103074844 0.039637987904006876 0.0079024038341606317 -0.03161617057802308 0.034482473494720015 -0.0075666586316793273 -0.022674075470286825 0.026963866290170196 0.015231675160768912 -0.0025062929817460874 0.0015663198101856732 0.019521188249853879 -0.01557889875569857 -0.0069512054183109408 -0.12204421553948358 -0.0094469530675537344 -0.012863045299857484 -0.0038060722841772535 0.028997230152306763 0.11706915085960773 -0.014192979431836911 0.056938382769179875 0.0060009625044176113 0.038799571652260473 -7.5935647745062622e-05 0.002517360801895963
leaf_weight=28.656426116231614 8189.1749677489897 54.332705088450439 12.385001254726374 0.5376152140670446 5.3830577289409121 8.4336024846052151 1279.5523701934144 116.41167351789773 172.19728796233176 309.40493788079766 20.365156980289612 61.110309869749472 67.476170335197821 713.8220321550034 1185.0551019917475 181.36128218634258 41.237505208679067 1000.7039456516504 3.8669414818286887 309.30951939415536 105.882971778512 6459.3299104097532 62.663347600966517 2.0430718042625804 119.41144674665702 11.819375324994324 140.71003448207921 94.145998104155296 32947.982419160195 3891.4177585502621
leaf_count=237457 216120 4078381 22429 48 6531 59284 12541 797 393296 51337 1210 686 14481 3944 8805 41295 3859 5273 30 16847 495 32114 26723 147 10234 79 62321 2391 156107 26709
internal_value=1.20305e-05 0.0207035 0.00769463 -0.00248999 -0.0422419 -2.44239e-05 0.000728384 0.00381428 0.00743545 0.00489024 0.0284377 -0.00291399 -0.0144257 -0.000182309 -3.92214e-05 0.000745521 0.0130187 -0.00302061 -0.00739424 0.000424052 0.000382821 -0.000261205 0.00641329 -0.00863306 -0.0106419 0.0154951 0.0130866 -0.000314284 3.48312e-05 -0.00142874
internal_weight=57596.2 101.295 46.9621 34.5771 5.92067 57494.9 13756.9 2740.34 1781.52 1588.96 192.562 958.82 183.888 774.932 11016.6 8721.08 222.599 2295.51 1004.57 8498.48 1290.94 43738 345.081 129.888 127.845 215.193 203.373 43392.9 33042.1 10350.7
internal_count=5491971 4344846 266465 244036 6579 1147125 771016 478292 458384 63878 394506 19908 15278 4630 292724 278121 45154 14603 5303 232967 9300 376109 158788 69665 69518 89123 89044 217321 158498 58823
is_linear=0
shrinkage=0.05


Tree=165
num_leaves=31
num_cat=0
split_feature=3 3 3 3 2 0 3 0 1 3 1 3 3 2 3 0 3 1 1 2 2 0 0 0 2 0 3 2 2 0
split_gain=16.2472 3.88234 5.91171 27.1825 27.1938 26.3642 18.7156 25.2387 31.0475 17.6307 35.1515 28.6332 17.0518 16.6183 15.8804 7.5632 4.78609 3.78888 3.38016 2.48342 2.32403 1.73359 6.6145 2.94716 2.52505 2.48126 1.49523 1.23542 2.15829 1.1286
threshold=4.0279376260590949 8.6879410503086998 7.9942274713266626 8.1727008602802069 7.2629214257795809 0.67233198250082127 7.9810273183704767 0.17018869910310372 1.5000000000000002 7.9584020480681064 1.5000000000000002 7.8947653466217966 8.0875326699954329 6.0978481303467058 8.3242998889234094 0.47638594757386876 8.3242998889234094 1.0000000180025095e-35 1.5000000000000002 6.7695100238511943 6.3853889739133587 0.40475553788558277 0.44436429482993728 0.46558676651210146 7.43966328272107 0.14402769709617944 9.3754234645801322 6.5729417446171423 6.7189021950326238 0.43543679404407926
decision_type=2 2 2 2 2 2 2 2 2 2 2 2 2 2 2 2 2 2 2 2 2 2 2 2 2 2 2 2 2 2
left_child=17 2 6 4 12 14 9 13 -9 11 -11 -2 -4 -8 -5 -6 -7 -1 -19 20 -3 24 29 -24 26 -26 -21 -22 -29 -23
right_child=1 19 3 5 15 16 7 8 -10 10 -12 -13 -14 -15 -16 -17 -18 18 -20 21 27 22 23 -25 25 -27 -28 28 -30 -31
leaf_value=0.050000359861713931 0.00014081839090965067 0.010351808239563448 0.0057857330931370063 -0.0075027944169626095 -0.016486573594710709 0.030236342081520529 -0.00031526335979899418 -0.0083451969317000999 0.021075933747674799 0.011880158565596056 -0.011358116447213306 -0.0073496761295108546 0.019793855156748877 0.025997582235111186 0.00044059581470635696 0.00059971403204789602 0.012647087021934456 0.0076858716297792621 0.050000380081548147 0.00086194555115612749 -0.038775310685343872 0.02145724666262535 -0.030594268148676114 0.00065036082561761269 -0.03319275579798199 -0.0062196294457292321 -0.013622052247790884 -0.0060279088721301114 -0.040886391691486862 0.049581422187929762
leaf_weight=16.56541194433521 47687.748038115809 6.6060980409383765 426.51225562393665 831.41093841940165 84.002537369728088 54.410904712975025 151.72624985873699 1729.6178998872638 94.573266692459583 745.21142480708659 208.19803153723478 1310.8900494426489 442.77521353960037 99.262539520859718 2587.0425823107362 282.83097079023719 133.72376575693488 17.724170610941659 6.4322941981299655 233.01947876065969 8.327778711915018 16.788443952798847 9.9323375374078733 31.430609419941902 8.774739742279051 300.86753240972757 19.293886721134186 15.356927633285524 6.2468065470457068 4.5295576751232138
leaf_count=2319149 1339895 38 1849 3741 385 280 747 10205 809 3467 2362 5953 1911 501 12510 1333 924 934205 846640 1780 82 114 68 186 94 2349 176 128 59 31
internal_value=1.17522e-05 -1.05947e-05 3.36929e-05 0.00170462 0.00810327 -0.000488457 -0.000121837 -0.00477454 -0.00681989 7.14523e-05 0.00680557 -5.95793e-05 0.0129208 0.0100911 -0.00149134 -0.00331294 0.0177341 0.031583 0.0189532 -0.00381993 -0.01649 -0.0030788 0.00480823 -0.0068523 -0.00395852 -0.006984 -0.000245616 -0.0224142 -0.0161074 0.027433
internal_weight=57571.8 57531.1 56869.9 4842.71 1236.12 3606.59 52027.2 2075.18 1824.19 49952 953.409 48998.6 869.287 250.989 3418.45 366.834 188.135 40.7219 24.1565 661.174 36.5376 624.637 62.6809 41.3629 561.956 309.642 252.313 29.9315 21.6037 21.318
internal_count=5491971 1391977 1386872 22933 5478 17455 1363939 12262 11014 1351677 5829 1345848 3760 1248 16251 1718 1204 4099994 1780845 5105 307 4798 399 254 4399 2443 1956 269 187 145
is_linear=0
shrinkage=0.05


Tree=166
num_leaves=31
num_cat=0
split_feature=3 0 3 2 3 3 0 3 3 1 3 2 3 0 2 0 3 3 0 2 0 0 0 0 2 0 0 0 0 1
split_gain=15.2426 5.44594 5.20856 7.93511 4.33195 23.8543 19.0832 90.7714 25.0385 17.2814 17.6646 26.5321 16.1314 21.4712 12.3031 34.3518 11.9458 9.78429 7.34876 15.6516 10.1754 9.05378 7.26982 6.23394 5.04202 4.66836 4.64984 2.86363 2.547 2.43789
threshold=4.0890807290380335 0.95230227493361064 4.0777069067102572 4.0280564505813681 4.6348260661835381 4.6966548594543971 0.84920684346295017 5.2344719257170151 6.1599406747691683 1.5000000000000002 4.5022511074091645 4.2672363075222259 4.5436670406715125 0.82260353923321416 4.159971731735074 0.57374697000709707 4.3282302013682576 5.0591714496897406 0.58808560373301499 4.1382565856210851 0.63392955449936217 0.5786897484317669 0.73444193058723151 0.7100346075935321 4.2361428001878414 0.76540405225054942 0.56126945381299154 0.92235091143278425 0.94312317587993444 1.0000000180025095e-35
decision_type=2 2 2 2 2 2 2 2 2 2 2 2 2 2 2 2 2 2 2 2 2 2 2 2 2 2 2 2 2 2
left_child=1 2 3 27 9 18 14 -8 -9 10 11 22 13 -12 15 -7 -13 -16 19 26 24 -21 -2 -22 -20 -14 -6 -1 -29 -3
right_child=4 29 -4 -5 5 6 7 8 -10 -11 12 16 25 -15 17 -17 -18 -19 20 21 23 -23 -24 -25 -26 -27 -28 28 -30 -31
leaf_value=0.034421072308165428 0.010549925954679315 0.043724450676538927 0.035398783815930694 -0.24381955099876898 0.038443494812210321 0.015318820129937575 0.047955490863219548 -0.05639891537544095 0.0021009624210273268 0.045394958938860586 -0.015761344855051023 0.046280878786840958 -0.0018229454723809853 -0.078056404226967385 -0.0025913524435957902 -0.30645192555789147 0.01249096701320911 4.7468617648636731e-05 0.032079906293636412 0.023871507817174259 0.0048436652255009829 -0.10934927811737274 -0.0017494744470888707 0.02191024873375251 -0.056094896374939918 -0.013659734265922036 -0.0071965729396531487 -0.015391295449520438 0.020125742942243549 0.021834111898442969
leaf_weight=4.9162526912818967 124.98663831025988 21.150712348760862 11.825996901374308 0.33927411287731857 8.4540443853329688 161.03107651692699 119.15791176795756 18.86057606889517 605.72015847593866 19.498497773874988 210.37683589910012 31.765908145345747 454.02299421953649 14.805565949762238 3788.952504683868 0.83375555463135143 148.12756377086043 48191.315490929424 80.298563099611783 1.6880843306425948 176.15171132981777 5.2160158429760486 3099.7297195936626 76.850570299429819 1.6546788029372681 102.01473020226695 16.419340516265947 21.277567153766544 6.6176335428040138 31.904472144373358
leaf_count=76633 67351 2224348 22305 94 4156 24510 95097 2957 307023 56401 8368 570 15770 176 22633 20 1845 374909 1474 50 806 132 157187 927 8 1776 2979 73985 68581 1878900
internal_value=1.11423e-05 0.0197102 0.00691074 -0.00325192 -2.24673e-05 9.95346e-05 1.14117e-05 0.00796403 0.000334431 -0.00156739 -0.00178615 -0.000230243 -0.00856691 -0.0198572 -0.000102022 0.0136614 0.0184576 -0.000144881 0.0128076 -0.0101717 0.0149876 -0.0767762 -0.00127276 0.0100277 0.0302996 -0.00399461 0.00831572 -0.000764423 -0.00696552 0.0305608
internal_weight=57556 98.0319 44.9767 33.1507 57457.9 53252.6 52885.9 743.739 624.581 4205.33 4185.83 3404.61 781.22 225.182 52142.1 161.865 179.893 51980.3 366.733 31.7775 334.956 6.9041 3224.72 253.002 81.9532 556.038 24.8734 32.8115 27.8952 53.0552
internal_count=5491971 4344846 241598 219293 1147125 837681 827149 405077 309980 309444 253043 226953 26090 8544 422072 24530 2415 397542 10532 7317 3215 182 224538 1733 1482 17546 7135 219199 142566 4103248
is_linear=0
shrinkage=0.05


Tree=167
num_leaves=31
num_cat=0
split_feature=3 1 0 2 3 3 2 3 0 2 0 3 2 0 3 0 3 0 1 2 2 3 1 3 1 2 1 1 0 0
split_gain=14.1841 3.82731 3.76483 10.8723 7.88508 7.24541 15.1629 10.2083 6.91963 42.6443 21.595 9.66403 39.6722 35.4043 30.2336 53.5016 50.1591 11.6143 8.5458 6.89523 12.5425 12.1384 4.48705 3.85492 3.37441 2.82639 3.13638 1.32018 1.65458 1.42871
threshold=4.0279376260590949 1.0000000180025095e-35 0.26337961663928472 4.4084610982207808 5.8941273005512267 6.5236944472770055 5.0199087660326223 6.6746245191423315 0.31410302578058374 4.5341594832340997 0.28230039401158186 7.3233027137203726 6.8284965825503106 0.34492243275281931 7.3159499364080736 0.63392955449936217 7.3155776058677429 0.44436429482993728 1.0000000180025095e-35 4.9275112150820659 4.7001851868954612 7.1123681928467075 1.0000000180025095e-35 5.9734787654269947 1.5000000000000002 4.3004826673323846 1.0000000180025095e-35 1.0000000180025095e-35 0.25270326911339452 0.25270326911339452
decision_type=2 2 2 2 2 2 2 2 2 2 2 2 2 2 2 2 2 2 2 2 2 2 2 2 2 2 2 2 2 2
left_child=1 -1 3 23 27 6 -6 -7 9 10 22 14 13 -13 16 -16 -10 -14 -12 20 -11 -21 -4 25 -3 -2 -27 29 -29 -5
right_child=2 24 8 4 5 7 -8 -9 11 19 18 12 17 -15 15 -17 -18 -19 -20 21 -22 -23 -24 -25 -26 26 -28 28 -30 -31
leaf_value=0.050000325853530536 0.033510831151854957 0.0064181337207481802 0.014886966188828 -0.032834914664414697 0.00047701653815720681 -0.0072108758947053543 0.015611238763605127 -0.00096994568884966627 -0.00015953592894783503 0.0024931470069838079 -0.0048641353341255349 -0.0029654894044499908 -0.0027800285853811363 0.012003735647073847 -0.01524113825632918 0.0018282750485813808 0.054660382489112994 0.0011903596605200178 0.012205339127174811 0.0049841525384505042 -0.0072591546027616976 -0.00090780547217370598 0.028599228795868049 0.052298174666101843 0.0500003537224529 -0.0027411883884789641 0.018959244578972086 -0.0032192848300355947 -0.018002814998095275 -0.012668471255341228
leaf_weight=15.116360647800319 14.5588174573204 17.208620915756914 85.241667287235032 16.736879147589207 1843.6728096907027 714.58338761143386 181.82363700866699 7889.1729673147202 29303.870704697816 612.91460844874382 122.90150461439043 552.45755207538605 2873.4779550284147 1385.9104873538017 916.88603198016062 919.35851021972485 41.786132342589553 5130.6493631370831 181.7751942317409 1460.897104613483 713.47712282091379 2176.4192714691162 198.79483920343046 6.9591824098024508 5.9864453528280128 30.223188124597073 37.07765950250905 38.248023052699864 37.466427501756698 18.479898184537888
leaf_count=2319149 2001 934205 2974 179 9656 3261 895 37650 1220545 3280 3712 2280 14196 6250 6318 19092 3342 28049 2738 7125 3253 10255 2548 274 846640 1022 526 188 186 182
internal_value=1.0969e-05 0.0304242 -9.29287e-06 -0.000849223 -0.000993296 -0.000854894 0.00183558 -0.00148828 0.000185571 0.00184237 0.014566 -3.81223e-05 0.00131926 0.00773733 -0.000470931 -0.00669494 -8.14763e-05 -0.000235008 0.0053198 0.000333302 -0.0027527 0.00145865 0.0244841 0.0165725 0.0176663 0.0135353 0.0092141 -0.0142548 -0.0105347 -0.0222526
internal_weight=57544.1 38.3114 57505.8 10829 10740.2 10629.3 2025.5 8603.76 46676.8 5552.42 588.713 41124.4 9942.5 1938.37 31181.9 1836.24 29345.7 8004.13 304.677 4963.71 1326.39 3637.32 284.037 88.8188 23.1951 81.8597 67.3008 110.931 75.7145 35.2168
internal_count=5491971 4099994 1391977 56020 52197 51462 10551 40911 1335957 35885 11972 1300072 50775 8530 1249297 25410 1223887 42245 6450 23913 6533 17380 5522 3823 1780845 3549 1548 735 374 361
is_linear=0
shrinkage=0.05


Tree=168
num_leaves=31
num_cat=0
split_feature=3 0 3 2 2 2 0 2 3 0 0 2 2 3 0 0 2 0 1 1 2 2 0 2 2 2 0 2 0 0
split_gain=13.3655 4.97913 4.84225 4.18863 4.06338 4.52156 9.83941 6.29058 5.9161 12.4711 4.53675 6.15658 4.53671 3.93833 3.00626 3.81347 2.85573 11.7982 2.84779 3.31468 3.39651 5.70633 2.64184 2.53116 2.1418 23.0902 1.07087 3.01874 0.843738 4.75986
threshold=4.0890807290380335 0.95585909713935002 4.0777069067102572 4.0326128529886951 3.9787572410709404 4.0123428139423227 0.78777270728743021 4.0243510107184699 4.1122663335060547 0.94312317587993444 0.79505155009908057 4.005470148071681 4.0076386629639815 4.6348260661835381 0.92575505729882213 0.84920684346295017 4.0176599623566265 0.94225003486636416 1.0000000180025095e-35 1.5000000000000002 4.0109822864063558 4.01070119971941 0.94312317587993444 4.0226143077605725 4.0078730087255332 4.0080631149938268 0.92235091143278425 4.005470148071681 0.96573160258019863 0.96510483565664651
decision_type=2 2 2 2 2 2 2 2 2 2 2 2 2 2 2 2 2 2 2 2 2 2 2 2 2 2 2 2 2 2
left_child=1 2 3 16 -2 6 24 14 9 -9 11 -8 -12 -10 15 -7 22 -18 28 20 21 -20 -1 -16 -6 -26 27 -4 29 -3
right_child=4 18 26 -5 5 7 10 8 13 -11 12 -13 -14 -15 23 -17 17 -19 19 -21 -22 -23 -24 -25 25 -27 -28 -29 -30 -31
leaf_value=0.00022769717338392203 0.036768211570249218 0.037122563394544165 0.023767478100499062 -0.2548302733834798 0.041654182064724418 -0.0017889511697212963 -0.11168127228710539 -0.10471764107337496 -0.0015106063552485062 -0.00024150284765584197 -0.024081329724388478 -0.61715664465374964 -0.086563935746568954 9.379503897949306e-05 -0.090313077196713276 0.034099010159199333 -0.22042199447033842 -0.0063671734053350601 0.0042310248023166202 0.050056276636943259 0.050157987344052246 -0.32330406360407854 0.050005440271156221 0.050047873689347301 -1.2243834386347805 0.0084071181211249676 0.044194809761310634 -0.16509179201636445 0.050012895729092337 -0.22917432454635983
leaf_weight=25.499005451872566 7.5048497225652673 2.6833615052723885 2.8658923288603542 0.16352397311129507 5.8692791921130292 10.500443739052569 0.30895477335434662 4.1939353908746844 4121.114986531742 8.9558547826163686 14.58536362857558 0.074829206801950932 3.6276663504395392 53224.381106403387 1.0684667826862995 25.087605386695941 0.73331927202525449 5.2693941543730034 18.567157559756208 7.2312296062791566 4.5257687528765009 0.13393780413207323 2.9766428143466319 0.45924991511128599 0.039233712566783541 1.1915194490866268 8.467717753206669 0.22845325898379076 15.524101225297272 0.17899762967408595
leaf_count=150492 56606 46395 5072 26 11421 19398 110 2559 150060 1367 2399 10 1816 833376 1628 63963 48 6505 955256 876947 37283 2180 86965 1049 71 1292 17344 13 2154625 5695
internal_value=1.05473e-05 0.0187446 0.00697822 -0.00237306 -2.04587e-05 -2.52669e-05 -0.0209942 -1.58788e-05 -2.91942e-05 -0.0335627 -0.0401115 -0.210238 -0.0365266 -2.15047e-05 0.0205618 0.0235101 -0.00117571 -0.0325171 0.0298749 0.0204946 0.0112912 0.00188521 0.00543111 -0.0481189 0.0290788 -0.0308915 0.0349962 0.00982414 0.0454137 0.0204697
internal_weight=57524 95.0485 46.2039 34.6419 57429 57421.5 25.6968 57395.8 57358.6 13.1498 18.5968 0.383784 18.213 57345.5 37.1158 35.588 34.4784 6.00271 48.8446 30.4581 23.2269 18.7011 28.4756 1.52772 7.10003 1.23075 11.5621 3.09435 18.3865 2.86236
internal_count=5491971 4344846 266465 244036 1147125 1090519 17119 1073400 987362 3926 4335 120 4215 983436 86038 83361 244010 6553 4078381 1871666 994719 957436 237457 2677 12784 1363 22429 5085 2206715 52090
is_linear=0
shrinkage=0.05


Tree=169
num_leaves=31
num_cat=0
split_feature=2 3 1 3 0 2 0 2 3 3 2 3 1 0 2 0 3 0 2 2 0 0 0 3 0 2 2 2 3 0
split_gain=12.6718 6.74252 4.43877 3.84206 7.61122 14.3686 5.65572 3.76369 19.4892 40.5791 17.9637 80.9445 22.1479 16.4682 3.49192 5.4195 3.38935 3.99916 5.62225 1.75045 1.25407 0.829711 2.61291 0.379089 1.81543 1.02261 1.65126 1.48838 0.971157 0.351054
threshold=3.9545425682277715 4.0890807290380335 1.5000000000000002 4.0915907705340819 0.91053873224535642 3.9976219443267573 0.90329119303305372 5.5245751061938488 6.5236944472770055 6.0717185978016612 4.9745127581484967 5.2344719257170151 1.5000000000000002 0.67233198250082127 4.0161235410413463 0.9417204965665662 4.0777069067102572 0.95230227493361064 4.0280564505813681 4.0443793233521683 0.91685079870602182 0.92235091143278425 0.92061854054148851 4.0772831707010573 0.8542062519189314 3.9476064009315688 3.9458371471424569 3.9392849145990194 4.0890807290380335 0.93873136270578839
decision_type=2 2 2 2 2 2 2 2 2 2 2 2 2 2 2 2 2 2 2 2 2 2 2 2 2 2 2 2 2 2
left_child=23 2 16 4 5 6 -3 10 9 -9 12 -12 -5 -10 20 -16 17 18 -2 -19 -6 22 -18 -1 -25 26 27 -26 -28 -23
right_child=1 3 -4 7 14 -7 -8 8 13 -11 11 -13 -14 -15 15 -17 21 19 -20 -21 -22 29 -24 24 25 -27 28 -29 -30 -31
leaf_value=0.050019705530689622 -0.0042583331855122501 0.050277101156074255 0.050067416846955176 6.7164825632289502e-05 -0.042282515791120953 -1.0901838811399651 -0.28812515762440344 -0.026431911796987187 0.0006991797378173688 0.019733615437414677 0.047777484021696404 -0.0030221934989211208 0.010929287966686987 -0.0038736245692183469 -0.14364103940810694 0.050179472224433322 0.031402212849999903 0.014176902074173168 -0.18946184787231429 0.050069465017207854 0.050117956648815777 0.050097320436978822 -0.14182032301660072 0.050711023087625165 -0.10351705639548336 0.050021080768921311 -0.20790371809066399 0.05000891223689994 0.050008490990676724 0.026534837192096396
leaf_weight=10.698350948448931 29.974162132572022 0.21230146668676697 7.8786037844492958 25126.131695141703 0.5037796646356586 0.043823651969432831 0.2950848750770092 56.889038024772162 21676.551245264593 291.51720737512733 79.239440765973995 7547.6876670451893 478.22325660335628 2165.5849168835266 1.0322997095645403 0.55433227749017522 1.4989859505731136 28.869247445800283 0.41546098043909196 3.8498675808878025 1.3545599503340779 6.1985730708402098 0.25468685291707505 3.8933286429382852 0.24971140921115853 0.39458187774289399 0.19380120477580931 0.42921449142158963 0.044968483722186647 2.1219207186586573
leaf_count=1653812 45004 282 894702 358462 16 3 20 564 222317 304936 91440 39811 68050 22328 1437 321 1350 1728268 36 4209 2794 11457 12 32797 1 2406 308 2500 265 2063
internal_value=1.02128e-05 -2.12849e-06 0.014408 -2.24696e-05 -0.0490471 -0.221555 -0.14653 -1.90578e-05 0.000455391 0.0121955 -0.00036443 -0.00249441 0.000270041 0.000283831 -0.0214451 -0.0759247 0.010569 0.00626987 -0.00679028 0.0184002 0.025069 0.0375007 0.00624501 0.044635 0.0335684 -0.017291 -0.0462332 -0.0064585 -0.15933 0.0440883
internal_weight=57522.8 57506.9 81.0615 57425.8 3.99618 0.55121 0.507386 57421.8 24190.5 348.406 33231.3 7626.93 25604.4 23842.1 3.44497 1.58663 73.1829 63.1087 30.3896 32.7191 1.85834 10.0742 1.75367 15.904 5.20561 1.31228 0.917696 0.678926 0.23877 8.32049
internal_count=5491971 3799882 2687101 1112781 4873 305 302 1107908 550145 305500 557763 131251 426512 244645 4568 1758 1792399 1777517 45040 1732477 2810 14882 1362 1692089 38277 5480 3074 2501 573 13520
is_linear=0
shrinkage=0.05


Tree=170
num_leaves=31
num_cat=0
split_feature=2 3 1 3 0 0 3 0 0 3 3 2 3 1 3 3 0 2 2 2 0 0 3 0 2 2 2 3 0 3
split_gain=12.0099 6.19128 4.3255 3.74881 29.2621 18.5761 29.0199 21.9018 13.8694 12.7503 20.0859 12.3796 22.0111 12.9521 5.97835 3.2339 3.67315 4.46297 1.76357 1.72016 0.818914 2.15412 0.381766 1.73543 0.921003 1.16235 1.3631 0.637571 0.358226 0.00217522
threshold=3.9545425682277715 4.0890807290380335 1.5000000000000002 4.2047672406880237 0.94831586558801406 0.99955128939493143 4.2024512923595738 0.88538151868654846 0.98267950596700693 6.5236944472770055 4.6071681687305253 4.2047331123241749 4.5436670406715125 1.0000000180025095e-35 7.9810273183704767 4.0777069067102572 0.95230227493361064 4.023541507554075 4.1382565856210851 4.0443793233521683 0.92235091143278425 0.92061854054148851 4.0772831707010573 0.8542062519189314 3.9476064009315688 3.9458371471424569 3.9392849145990194 4.0890807290380335 0.93873136270578839 4.0915907705340819
decision_type=2 2 2 2 2 2 2 2 2 2 2 2 2 2 2 2 2 2 2 2 2 2 2 2 2 2 2 2 2 2
left_child=22 2 15 5 11 6 8 -8 -3 10 -6 13 -13 -5 -11 16 17 -2 -7 -18 21 -17 -1 29 25 26 -25 -27 -22 -24
right_child=1 3 -4 4 9 18 7 -9 -10 14 -12 12 -14 -15 -16 20 19 -19 -20 -21 28 -23 23 24 -26 27 -28 -29 -30 -31
leaf_value=0.050018807366344703 -0.0022717177692071384 -0.00073115527433864689 0.050064282378569962 0.0017876694438541875 0.012206586882641708 -0.026998168918167378 -0.10631795706293504 -0.021406329846451997 0.072927205200779097 0.0037163596039272726 0.046359102803420121 -0.0084351824635457671 -5.7867961955177027e-05 0.013351671299544824 -0.049304604727315585 0.030604024578940799 0.013661844515130901 -0.094834501337339949 0.00049252337032407308 0.050066079600086889 0.050092672137040842 -0.11927549956209745 0.053159822377509873 -0.098254224814703361 0.050020055617514284 -0.15963166649029742 0.050008476344092639 0.05000807705854815 0.025901124727943051 0.050088004243558609
leaf_weight=10.176764243155047 29.224996084803482 208.03537326818332 7.4948168892242384 906.08225311537535 305.39186175552095 5.8561875969171515 7.8892728687133049 203.09250469430117 6.5933407422999144 268.42164166190196 50.116061131160677 795.92182814376429 52794.87734893609 330.44684934046381 5.4239341914653769 1.462127471837446 28.470129217036174 1.3629743112687709 1534.4286188902333 3.6623487447141079 5.8967984143964713 0.28674765862524498 0.71379759937553844 0.24992106854915597 0.37534539113403298 0.23838395308121108 0.40828491184220184 0.042775690628332086 2.0665688125300221 2.9918821315914101
leaf_count=1653812 44542 111489 894702 94507 4154 31 1344 1056 246 2910 372120 4242 423146 91241 29 1350 1728268 498 6266 4209 11457 12 819 1 2406 308 2500 265 2063 31978
internal_value=9.93082e-06 -1.81482e-06 0.0139044 -2.11712e-05 5.48928e-05 -0.00216689 -0.011413 -0.0245814 0.00153161 0.010775 0.0170211 -6.8161e-05 -0.000182286 0.004878 0.0026662 0.0101629 0.00600547 -0.00639624 0.000388003 0.0178111 0.0370108 0.0060296 0.0444527 0.0331697 -0.0161844 -0.0426379 -0.00628693 -0.127737 0.0438147 0.0506797
internal_weight=57517.7 57502.5 79.9275 57422.6 55456.7 1965.9 425.61 210.982 214.629 629.353 355.508 54827.3 53590.8 1236.53 273.846 72.4327 62.7204 30.588 1540.28 32.1325 9.71224 1.74888 15.1972 5.02039 1.31471 0.939366 0.658206 0.28116 7.96337 3.70568
internal_count=5491971 3799882 2687101 1112781 992349 120432 114135 2400 111735 379213 376274 613136 427388 185748 2939 1792399 1777517 45040 6297 1732477 14882 1362 1692089 38277 5480 3074 2501 573 13520 32797
is_linear=0
shrinkage=0.05


Tree=171
num_leaves=31
num_cat=0
split_feature=2 3 1 1 2 3 3 3 3 0 2 2 3 0 0 3 2 0 3 0 2 2 0 1 3 0 2 2 2 3
split_gain=11.3803 5.68152 4.21158 3.73241 12.0866 25.826 24.7289 20.5527 9.22918 24.3123 12.3775 5.23051 15.5122 11.0325 8.28088 5.93095 50.8542 35.7155 3.08223 3.38084 9.13309 1.88106 0.825759 0.390469 0.384277 1.66177 0.834556 0.851365 1.25368 0.498572
threshold=3.9545425682277715 4.0890807290380335 1.5000000000000002 1.0000000180025095e-35 5.0866414907511173 5.7510158716319069 5.4424826413705318 5.9734787654269947 5.3496519098028221 0.50735983250806516 4.4524223690016962 4.1845458315089283 4.2047672406880237 0.98267950596700693 0.29289468721693729 5.49392522624838 4.3694757063636134 0.7100346075935321 4.0777069067102572 0.94312317587993444 4.0182710227047549 4.0443793233521683 0.88538151868654846 1.0000000180025095e-35 4.0772831707010573 0.8542062519189314 3.9476064009315688 3.9458371471424569 3.9392849145990194 4.086060339104173
decision_type=2 2 2 2 2 2 2 2 2 2 2 2 2 2 2 2 2 2 2 2 2 2 2 2 2 2 2 2 2 2
left_child=24 2 18 4 8 6 -6 -7 9 -3 -10 12 13 -5 -14 17 -17 -13 19 20 -2 -21 23 -20 -1 -26 27 28 -27 -29
right_child=1 3 -4 11 5 7 -8 -9 10 -11 -12 15 14 -15 -16 16 -18 -19 22 21 -22 -23 -24 -25 25 26 -28 29 -30 -31
leaf_value=0.050017951023325916 -0.0040170221184099636 0.0064477915671686155 0.050061287030491897 -0.0095643688031876468 -0.0058997487414127435 -0.0072804715893480089 0.025075685462885702 0.0037224778794542539 -0.0086672560878416315 -0.0010652792155218806 -0.0007534945777652695 -0.0034100038096519917 -0.43269263503122773 0.10717701165358494 0.01453920677475851 0.037675384896817987 -6.9609057514646261e-05 0.0028356003713216572 0.050006489021246027 0.01151769688545044 -0.20409417822660575 0.050062855709233217 0.039257832889166455 -0.077280287239347781 0.050646959200286591 -0.093738518836681328 0.050019078901772221 0.050018403333633846 0.050008063681457174 -0.13102162984275323
leaf_weight=9.6805991767978394 23.682323748489583 1619.8555893496959 7.1297061940549602 127.0141914318192 88.398388543726469 510.4209767873399 237.66925151864416 2518.7531311293642 548.24284169987368 3211.8390107870655 5002.439089551568 6906.6289883551362 0.10355358719243568 2.0565607832977539 210.02376810777423 89.480201628961368 32917.922396631213 3423.7053391695954 0.081839846810907058 34.597447472029671 0.58445431073778209 3.4839525083116305 9.0568656449249811 0.22839230298995972 3.5271708392465362 0.24888452887535073 0.35704637637536507 0.044106535409810022 0.38837575980141992 0.27600646104838233
leaf_count=1653812 17855 22187 894702 69505 82722 2909 1922 444574 10257 145132 26969 34106 53 160 89070 2391 156107 24717 655 1755396 57 4209 14226 1 32797 1 2406 230 2500 343
internal_value=9.5824e-06 -1.59626e-06 0.0134111 -2.00154e-05 0.000698811 0.00330769 0.0166781 0.00186846 -0.000144291 0.00145352 -0.00153514 -0.000246107 0.00593865 -0.00770426 0.0143188 -0.000294514 3.27143e-05 -0.00134007 0.0097675 0.0057497 -0.00883579 0.0150441 0.0365103 -0.0437018 0.0442659 0.032765 -0.0152202 -0.0395507 -0.00613273 -0.106077
internal_weight=57507.9 57493.4 78.845 57414.6 13737.6 3355.24 326.068 3029.17 10382.4 4831.69 5550.68 43676.9 339.198 129.071 210.127 43337.7 33007.4 10330.3 71.7153 62.3482 24.2668 38.0814 9.3671 0.310232 14.5222 4.84159 1.31442 0.957373 0.63726 0.320113
internal_count=5491971 3799882 2687101 1112781 736672 532127 84644 447483 204545 167319 37226 376109 158788 69665 89123 217321 158498 58823 1792399 1777517 17912 1759605 14882 656 1692089 38277 5480 3074 2501 573
is_linear=0
shrinkage=0.05


Tree=172
num_leaves=31
num_cat=0
split_feature=2 3 1 3 3 0 3 1 3 2 3 0 0 2 0 3 0 2 1 0 2 2 0 3 0 2 3 2 0 3
split_gain=10.7821 5.21459 4.09583 4.0556 21.6485 16.6098 146.711 15.9646 15.6602 24.0241 13.9501 11.1175 6.82254 13.1578 9.50801 2.94289 3.12949 3.76475 1.76167 0.810221 1.96756 0.606372 4.49536 0.386472 1.59315 0.759588 0.714717 0.580332 0.379801 0.00161323
threshold=3.9545425682277715 4.0890807290380335 1.5000000000000002 4.6348260661835381 4.6966548594543971 0.7807682914075661 5.2344719257170151 1.5000000000000002 4.5022511074091645 4.2672363075222259 4.5436670406715125 0.74916527884173567 0.58808560373301499 4.1382565856210851 0.63392955449936217 4.0777069067102572 0.95230227493361064 4.023541507554075 1.0000000180025095e-35 0.92235091143278425 4.005470148071681 4.2672363075222259 0.78777270728743021 4.0772831707010573 0.8542062519189314 3.9476064009315688 4.0890807290380335 3.9458371471424569 0.93873136270578839 4.0915907705340819
decision_type=2 2 2 2 2 2 2 2 2 2 2 2 2 2 2 2 2 2 2 2 2 2 2 2 2 2 2 2 2 2
left_child=23 2 15 7 12 11 -7 8 9 -3 -10 -6 13 -5 -14 16 17 -2 -18 20 -17 -9 -23 -1 29 26 27 -26 -21 -25
right_child=1 3 -4 4 5 6 -8 21 10 -11 -12 -13 14 -15 -16 19 18 -19 -20 28 -22 22 -24 24 25 -27 -28 -29 -30 -31
leaf_value=0.050017129120618488 -0.0018562914488221595 -0.0012358613450955502 0.050058428145760947 0.0077401495667389301 -6.370760694204078e-05 0.039331267021299236 -0.0025410018614630617 0.050461940898607227 -0.018569535273735047 0.017700567625454664 -0.0038401033988439493 -0.0085144938337731093 0.029400175740025177 -0.068512065015397874 0.0096094264616356506 0.029962417862030286 0.035150887352284631 -0.083787844195935213 0.009027278118746658 0.050084916032457766 -0.11139865684081451 -0.08296586523413875 0.050547880344037135 0.052852916480213563 -0.023089864638162115 0.050018149430391158 0.050007593676874545 -0.11114374394699299 0.024272318530102796 0.050080573669278074
leaf_weight=9.2086184183535789 29.430457538685918 3218.2725069138578 6.7823640852184317 24.535799489931382 51100.390108356092 258.85048909798206 1090.4882074965935 13.530384465240788 226.1068976514216 176.68626769911498 556.09866371245153 392.17034995404538 79.910494280105922 7.3527900618500999 252.29428075072065 1.3819526486186058 9.1416320715134152 1.4722206898804859 21.947287712278921 5.3944585173012456 0.29950266610831011 0.74661389365792175 4.0521708243759349 0.65097111654904383 0.47210184774303321 0.33963917153596412 0.1905115324043436 0.30998291977448389 1.9366736782176301 2.7060378339119779
leaf_count=1653812 44542 193582 894702 6809 406461 97639 317773 55821 7946 2415 16446 3912 1482 182 1733 1349 733195 498 999282 11457 13 52 528 819 1502 2406 1264 308 2063 31978
internal_value=9.30189e-06 -1.33755e-06 0.0129357 -1.88689e-05 9.91488e-05 1.54304e-05 0.00549157 -0.00151553 -0.00171984 -0.000250339 -0.00809784 -0.000128069 0.0122494 -0.00984189 0.01437 0.00938967 0.00550841 -0.00575956 0.0167089 0.0360863 0.00478303 0.0450459 0.0297753 0.0440757 0.032358 -0.0143559 -0.0368358 -0.0579904 0.043266 0.0506182
internal_weight=57493.2 57479.3 77.7865 57401.5 53206 52841.9 1349.34 4195.49 4177.16 3394.96 782.206 51492.6 364.093 31.8886 332.205 71.0042 61.9916 30.9027 31.0889 9.01259 1.68146 18.3292 4.79878 13.8779 4.66924 1.31224 0.972596 0.782085 7.33113 3.35701
internal_count=5491971 3799882 2687101 1112781 835991 825785 415412 276790 220389 195997 24392 410373 10206 6991 3215 1792399 1777517 45040 1732477 14882 1362 56401 580 1692089 38277 5480 3074 1810 13520 32797
is_linear=0
shrinkage=0.05


Tree=173
num_leaves=31
num_cat=0
split_feature=2 3 1 3 3 2 0 0 2 1 0 2 3 0 3 0 0 2 3 0 2 2 0 0 3 0 2 2 2 0
split_gain=10.1991 4.77975 3.98159 3.78732 67.3837 42.6949 32.6204 31.0064 28.4335 26.4405 34.9904 17.9633 17.3784 11.7738 10.9948 169.667 17.3323 7.96027 2.79931 2.94966 6.76927 1.84457 0.796631 1.66605 0.395257 1.53495 0.689509 0.475603 1.15789 0.386386
threshold=3.9545425682277715 4.0890807290380335 1.5000000000000002 5.0591714496897406 5.0394170871300483 4.3004826673323846 0.52711662496787948 0.48781481660207754 4.566816998076491 1.0000000180025095e-35 0.40475553788558277 4.4924429902710079 4.9159581800171894 0.43543679404407926 5.1648431135156008 0.7100346075935321 0.67233198250082127 4.159971731735074 4.0777069067102572 0.94312317587993444 4.0176599623566265 4.0443793233521683 0.92235091143278425 0.92061854054148851 4.0772831707010573 0.8542062519189314 3.9392849145990194 3.9458371471424569 3.9476064009315688 0.93873136270578839
decision_type=2 2 2 2 2 2 2 2 2 2 2 2 2 2 2 2 2 2 2 2 2 2 2 2 2 2 2 2 2 2
left_child=24 2 18 4 6 9 12 13 -8 17 -11 -9 -3 -6 15 -7 -16 -5 19 20 -2 -21 23 -20 -1 -26 -27 -28 -29 -24
right_child=1 3 -4 5 7 14 8 11 -10 10 -12 -13 -14 -15 16 -17 -18 -19 22 21 -22 -23 29 -25 25 26 27 28 -30 -31
leaf_value=0.050016338113758954 -0.0025143937388154313 0.024033516772310481 0.050055692268991064 0.034072676251416141 -0.05389479990684698 -0.0025540579229087514 -0.0012769963352218018 0.0040294067685572544 0.014859566361624769 0.044964673368935233 -0.0030256443934346695 -0.016340432521514524 0.0059175299343708762 -0.025016438533521236 0.00010450950977140605 0.047132268994515385 -0.003993688474170423 0.0042787849614110869 0.029151395791010195 0.010695259810245352 -0.12976308261571409 0.050058138147448521 0.050080849737707822 -0.096554608487946739 0.050588350588791769 -0.088915816844719622 0.050007668719782572 -0.077953779494496056 0.050017265583004102 0.023638124682232215
leaf_weight=8.7596433352045988 23.41556362683696 184.58471797718812 6.4519280551576221 24.077912311506225 42.425694742989435 1247.1369951935412 6870.399713647821 184.0743476357311 284.28641572223569 122.13045271547162 55.126692761376034 262.68050010426668 468.08177177152538 209.98921132739633 44170.707118917198 199.26908159175218 2739.9880681109498 325.36683100392111 1.3503471313015305 33.890167043507972 1.0939709152880812 3.2627274261394623 5.1317737798890448 0.32751106470823277 3.1951186849510114 0.24611501395702351 0.36767016261728691 0.39029323219438083 0.32308033754816279 1.8903944330013471
leaf_count=1653812 17820 12981 894702 4150 1164 5437 300335 835 6043 6307 461 1796 7282 1060 332999 57570 366953 7408 1350 1755396 92 4209 11457 12 32797 1 2500 573 2406 2063
internal_value=9.11125e-06 -1.01415e-06 0.0124631 -1.76968e-05 -0.000991393 0.000151741 0.000340321 -0.0158621 -0.000635821 0.0143104 0.0300398 -0.00794754 0.011041 -0.0298703 -2.47442e-06 0.00429115 -0.000134861 0.00633168 0.009016 0.00526994 -0.00819408 0.0141521 0.0355666 0.0046141 0.0438189 0.0318144 -0.0133838 0.00381214 -0.0199969 0.0429624
internal_weight=57480.4 57467.1 76.8144 57390.3 8506.52 48883.8 7807.35 699.17 7154.69 526.702 177.257 446.755 652.666 252.415 48357.1 1446.41 46910.7 349.445 70.3625 61.6624 24.5095 37.1529 8.70003 1.67786 13.2819 4.52228 1.32716 1.08104 0.713374 7.02217
internal_count=5491971 3799882 2687101 1112781 331496 781285 326641 4855 306378 18326 6768 2631 20263 2224 762959 63007 699952 11558 1792399 1777517 17912 1759605 14882 1362 1692089 38277 5480 5479 2979 13520
is_linear=0
shrinkage=0.05


Tree=174
num_leaves=31
num_cat=0
split_feature=2 3 1 2 3 3 3 3 0 3 0 2 3 1 1 0 0 2 3 2 2 0 0 0 2 3 0 2 3 0
split_gain=9.66662 4.26314 3.90926 3.64444 17.8611 107.948 85.0039 26.5101 55.8071 41.4431 17.7782 17.0437 68.733 26.2696 19.6519 29.4363 18.9157 2.47089 2.15448 2.419 2.05468 1.55986 0.104675 1.16972 0.433889 0.043509 0.000935068 0.000442116 0.000134813 3.26163e-05
threshold=3.9458371471424569 4.0890807290380335 1.5000000000000002 5.5245751061938488 7.3086765227895567 7.3001858006628737 7.2943637121476916 7.3233027137203726 0.63059156328253196 7.3955494728005915 0.51692778477187551 4.9745127581484967 5.2095134744993077 1.0000000180025095e-35 1.5000000000000002 0.32388242588166877 0.52711662496787948 4.0443793233521683 4.0777069067102572 4.0418937251385625 3.9476064009315688 0.81577353924098361 0.85838481332044558 0.8542062519189314 3.940057182282628 4.0772831707010573 0.82750176328793523 3.9392849145990194 4.0777069067102572 0.95681736982418364
decision_type=2 2 2 2 2 2 2 2 2 2 2 2 2 2 2 2 2 2 2 2 2 2 2 2 2 2 2 2 2 2
left_child=22 2 17 11 5 6 -5 8 -6 -9 -7 14 21 -14 16 -16 -3 18 19 -2 -20 -13 23 26 25 -25 -1 28 -28 -4
right_child=1 3 29 4 7 10 -8 9 -10 -11 -12 12 13 -15 15 -17 -18 -19 20 -21 -22 -23 -24 24 -26 -27 27 -29 -30 -31
leaf_value=0.050003358065417169 0.0035671375479536154 0.0012158747863465081 0.050316308914925723 0.0028250594277328448 -0.010896652400177665 0.01416090099013749 -0.034810805393252715 0.013553993521278658 0.0038931116134012672 6.3136843685256045e-06 0.04966339407208948 -0.035644420505370748 0.0013620635424457261 -0.004927170725715975 0.028961710508317778 0.0020060139425611681 -0.0015753475507503827 0.05005715418455306 -0.086151561087713602 -0.15387241931052001 0.034795454492573541 0.049180230749703784 0.050011500769708131 0.050000278386591407 0.05000658979989369 -0.085604956641531393 0.050571510716638179 0.050004884707925759 0.052944230595203104 0.050002608960981659
leaf_weight=1.6011012967674103 58.310044761692552 14813.001617844169 0.98747767759232274 4862.7234651748804 1573.8234298847383 47.421171087305993 154.8051004539011 585.48120671976358 1072.4848263845197 15751.223535259254 137.52711720089428 0.54652154445648093 2464.6360647651381 5087.8791826274246 146.68530633293267 327.19005677113091 10283.598564329724 3.3965971081997841 0.36672282993094896 0.2450012668632543 8.2698029645252955 65.187719586996536 8.1011471573137879 0.0060627731381827079 0.082491990586277097 0.24293084442615509 0.066796774237445677 0.1996534901772975 0.57694153860211372 5.1500981428489467
leaf_count=31859 1791680 101468 18489 386412 13626 294 14984 2927 30212 78802 22888 6 20443 21266 3436 65775 270895 4455 287 469 15945 89536 1620273 1169 626 1 5472 2052 11 876213
internal_value=9.0025e-06 7.91917e-08 0.0117782 -1.56715e-05 0.000451144 0.00304666 0.00166389 -0.000260182 -0.00490272 0.000491841 0.0405605 -0.000355852 -0.00243171 -0.00287479 0.000262612 0.01035 7.21418e-05 0.00845018 0.00634691 0.00290839 0.0296598 0.048475 0.0471403 0.0387611 -0.0493771 -0.0823031 0.0507131 0.0520605 0.052698 0.0500531
internal_weight=57461.8 57450.9 76.7257 57374.2 24185.5 5202.48 5017.53 18983 2646.31 16336.7 184.948 33188.7 7618.25 7552.52 25570.5 473.875 25096.6 70.5882 67.1916 58.555 8.63653 65.7342 10.8771 2.77598 0.331486 0.248994 2.44449 0.843392 0.643738 6.13758
internal_count=5491971 3830508 2707538 1122970 550145 424578 401396 125567 43838 81729 23182 572825 131251 41709 441574 69211 372363 1812836 1808381 1792149 16232 89542 1661463 41190 1796 1170 39394 7535 5483 894702
is_linear=0
shrinkage=0.05


Tree=175
num_leaves=31
num_cat=0
split_feature=2 3 1 3 3 3 0 2 3 0 3 3 0 2 1 0 2 2 2 2 2 0 0 0 0 3 1 0 2 0
split_gain=9.2112 4.00186 3.75552 3.48725 5.51116 24.3841 25.0684 24.5949 16.6404 22.8623 16.2861 2.51773 2.67112 5.45399 2.48816 4.13343 2.23715 3.41079 2.62146 1.72557 1.6062 0.913023 0.839634 0.392906 1.75341 0.82502 0.353456 0.350638 0.246923 0.735019
threshold=3.9545425682277715 4.0890807290380335 1.5000000000000002 8.6879410503086998 7.9942274713266626 8.1727008602802069 0.67233198250082127 7.2629214257795809 7.9810273183704767 0.22576532962289497 7.9584020480681064 4.0777069067102572 0.94312317587993444 4.0182710227047549 1.0000000180025095e-35 0.21058625871244899 7.0099275978482467 6.3853889739133587 7.43966328272107 4.0443793233521683 7.43966328272107 0.3654363882654203 0.88538151868654846 0.8677148691289146 0.8542062519189314 4.0890807290380335 1.0000000180025095e-35 0.92235091143278425 3.9458371471424569 0.85838481332044558
decision_type=2 2 2 2 2 2 2 2 2 2 2 2 2 2 2 2 2 2 2 2 2 2 2 2 2 2 2 2 2 2
left_child=23 2 11 4 8 7 -7 -6 10 -10 -3 12 13 -2 15 20 17 -16 -18 -14 -5 -17 26 24 -1 28 -13 -24 29 -26
right_child=1 3 -4 14 5 6 -8 -9 9 -11 -12 22 19 -15 16 21 18 -19 -20 -21 -22 -23 27 -25 25 -27 -28 -29 -30 -31
leaf_value=0.050507112058127294 -0.0036413988291103087 -6.7967889576811636e-05 0.050050562323623371 -0.011233919697658521 0.012261517347367584 -0.0014167409383468649 0.017368050443145374 -0.0031736264173448854 0.0057154619596863328 -0.0072208937621146864 0.0065300196158560673 0.050005619378568039 0.010177636506448077 -0.13761093832823931 0.028021621740969602 -0.057075056034922557 0.0031230996076275289 -0.013231241237898645 -0.0042300438624948127 0.050052605106333248 0.028438566814271857 -0.020858534429721715 0.014191186352462248 0.050003103378904151 -0.079558024364877578 0.050006866569919178 -0.077737719079079282 0.042377896734775336 -0.076163290892623026 0.05031226245198496
leaf_weight=3.1176490471102607 23.831080763832691 48828.206046445048 5.8385289838961389 21.272646710276607 871.83288151025772 3416.5530930384994 187.34303969889879 366.61253487691283 431.67262347042561 1635.6430195048451 953.53036331571639 0.070872556738320713 33.46010182523969 0.78471536695724253 5.3559310138225547 6.1662099435925466 182.50277332216501 77.704088374972343 360.90489962697029 2.9525505396231884 2.8989799097180358 2.4244770407676697 1.3291464833018833 7.9544182727372572 0.24480221940757452 0.29300623500603251 0.22949707508087158 6.4945883277032408 0.39562981820199639 0.19631849004963442
leaf_count=48331 17855 1066652 894702 152 3760 16251 1204 1718 2252 10010 5829 655 1755396 57 31 57 1436 630 2758 4209 25 16 706 1637019 1170 2171 1 13520 102 3296
internal_value=8.81128e-06 -4.1845e-07 0.0115424 -1.55117e-05 2.65321e-05 0.00163969 -0.000440242 0.00769231 -0.000124125 -0.00451968 5.84114e-05 0.00829118 0.00481028 -0.00791215 -0.00363113 -0.0170635 -0.00292866 -0.0105711 -0.0017605 0.0134109 -0.00647587 -0.046854 0.0344398 0.0434468 0.0311683 -0.0221985 -0.0475965 0.0375894 -0.0474828 -0.0217599
internal_weight=57437.8 57425.6 74.9911 57350.6 56691.4 4842.34 3603.9 1238.45 51849.1 2067.32 49781.7 69.1526 61.0284 24.6158 659.23 32.7623 626.468 83.06 543.408 36.4127 24.1716 8.59069 8.1241 12.2018 4.24741 1.12976 0.30037 7.82373 0.836751 0.441121
internal_count=5491971 3799882 2687101 1112781 1107676 22933 17455 5478 1084743 12262 1072481 1792399 1777517 17912 5105 250 4855 661 4194 1759605 177 73 14882 1692089 55070 6739 656 14226 4568 4466
is_linear=0
shrinkage=0.05


Tree=176
num_leaves=31
num_cat=0
split_feature=2 2 1 3 3 3 0 3 2 0 0 3 3 2 0 0 1 1 0 0 2 3 0 0 2 3 2 0 2 0
split_gain=8.73173 3.62074 10.4539 7.38313 5.62966 5.53902 15.0346 5.50511 4.81021 7.61184 4.1663 4.07278 60.1306 36.1506 3.53528 1.28128 0.344559 0.124609 0.0998503 1.04973 0.366616 0.0412367 0.00259987 0.000693397 0.000326083 9.91713e-05 2.68394e-05 9.55979e-06 2.15278e-05 6.15299e-06
threshold=3.9458371471424569 4.1213213202479668 1.5000000000000002 4.6071681687305253 4.1798339453109907 4.5838443940554692 0.61099889065946678 4.1855554307025713 4.0982006077102948 0.59253394587936026 0.94312317587993444 5.0591714496897406 5.0394170871300483 4.3004826673323846 0.57374697000709707 0.95681736982418364 1.0000000180025095e-35 1.5000000000000002 0.85838481332044558 0.8542062519189314 3.940057182282628 4.0772831707010573 0.97517253698315509 0.82750176328793523 3.9392849145990194 4.0777069067102572 4.005470148071681 0.86374570164169173 3.9392849145990194 0.91830335019733844
decision_type=2 2 2 2 2 2 2 2 2 2 2 2 2 2 2 2 2 2 2 2 2 2 2 2 2 2 2 2 2 2
left_child=18 2 3 5 15 10 -7 -6 9 -5 -2 12 -9 -13 -10 -3 22 -18 19 23 21 -21 -17 -1 25 -25 29 28 -20 -4
right_child=1 4 26 8 7 6 -8 11 14 -11 -12 13 -14 -15 -16 16 17 -19 27 20 -22 -23 -24 24 -26 -27 -28 -29 -30 -31
leaf_value=0.050003033899689957 9.662957796216043e-05 0.0048817522501364181 0.051620549471302214 0.033480377313735585 -0.039916095263332022 -0.0010042817956810713 -0.15061544670516053 0.00025952026480994319 -0.0019226121826872535 -0.36471648928414768 0.014312296143654072 0.013312224070156834 -0.015122892407317484 -1.0558443175868612e-05 0.036993156606556603 0.054954459376967794 0.089887642125663955 0.050111014834419543 0.051439541001306426 0.050000288702574947 0.05000596553297762 -0.080184297160284856 0.051913382514925388 0.050517395346686866 0.050004417329691714 0.052654913967765588 0.050028784377584658 0.050002999885878724 0.050006910659283102 0.050531970225495819
leaf_weight=1.4480157039561152 493.9105622087045 1.230416757876809 0.030407888814805939 32.92492184927687 8.6569448163500038 6.8142916342330846 2.2283199216471985 7230.7226772133727 29.57717536832206 0.12045360403135319 57.546516898962182 514.59630361709424 696.50840377784334 48318.704736835585 7.2705382385756812 1.124877490103245 1.1586588174104688 0.23720389942172904 0.037858262560803158 0.0062446475531031656 0.074642704086727463 0.23473207652568817 1.8730943053960798 0.060505529632791766 0.18056485251145205 0.52597282081842422 11.911029518297253 7.2071944007921047 0.085316572636656929 0.022650160008197417
leaf_count=31859 249183 13 1 15915 56 2912 142 55119 4968 25 1766452 15821 4296 762959 907 15 5 132 1248 1169 626 1 61 5472 2052 11 950818 1618391 634 708
internal_value=8.37752e-06 2.97679e-07 0.00373312 0.00285439 -4.19359e-05 0.000943598 -0.0378721 -4.68917e-05 0.0181778 0.0320289 0.00158009 -4.0811e-05 -0.00109202 0.000129835 0.00575598 0.0499796 0.0626085 0.0831283 0.0470542 0.0384912 -0.0468191 -0.0768107 0.0530544 0.0506469 0.0518624 0.0524344 0.0500338 0.0500105 0.0504472 0.0511558
internal_weight=57427 57417.2 642.357 630.393 56774.8 560.5 9.04261 56769.2 69.8931 33.0454 551.457 56760.5 7927.23 48833.3 36.8477 5.62425 4.39383 1.39586 9.86105 2.53068 0.315619 0.240977 2.99797 2.21506 0.767043 0.586478 11.9641 7.33037 0.123175 0.053058
internal_count=5491971 3830508 2992031 2040504 838477 2018689 3054 838251 21815 15940 2015635 838195 59415 778780 5875 226 213 137 1661463 41190 1796 1170 76 39394 7535 5483 951527 1620273 1882 709
is_linear=0
shrinkage=0.05


Tree=177
num_leaves=31
num_cat=0
split_feature=2 0 3 3 1 2 3 2 1 2 3 2 3 2 3 0 3 1 3 3 2 3 0 1 2 0 3 3 2 3
split_gain=8.2994 3.47755 9.99524 12.1583 11.4044 10.0199 7.98232 22.5821 7.90641 7.24186 5.73048 4.02288 3.6869 20.4555 28.514 47.2419 30.0429 14.8905 14.612 13.185 32.6691 17.343 10.292 9.6157 8.11955 3.63028 3.18809 11.7158 5.98532 2.24209
threshold=3.9458371471424569 0.14402769709617944 7.3079129921864023 7.3233027137203726 1.0000000180025095e-35 4.8759953683502149 7.9584020480681064 5.676703105257821 1.0000000180025095e-35 5.0866414907511173 7.3159499364080736 4.6569856547695219 7.8549435851211564 7.3372464290984665 7.3233027137203726 0.33474620881895956 7.3159499364080736 1.5000000000000002 7.9584020480681064 7.9810273183704767 6.2650369572774673 7.9942274713266626 0.90776314808047343 1.5000000000000002 7.43966328272107 0.7100346075935321 7.1123681928467075 7.0580313103276202 5.0694315452519909 6.8814729014907963
decision_type=2 2 2 2 2 2 2 2 2 2 2 2 2 2 2 2 2 2 2 2 2 2 2 2 2 2 2 2 2 2
left_child=-1 2 5 4 10 11 8 -8 -5 -6 -4 -2 13 14 16 -16 -3 24 22 20 -20 -21 23 -14 -15 -19 27 -7 -28 -13
right_child=1 12 3 6 9 26 7 -9 -10 -11 -12 29 18 17 15 -17 -18 25 19 21 -22 -23 -24 -25 -26 -27 28 -29 -30 -31
leaf_value=0.047016046248418299 0.046754389643351435 0.00020997493822047704 0.012336206562614735 -0.021644997348245071 0.0715026083638131 -0.018464222005282038 0.035021052983429668 -0.00083923483966172059 -0.0040166915594382294 0.0061060207273887666 0.076892610712739812 -0.0010502666942581809 -0.0053197636583703573 -0.021411323035524177 -0.0018084699084095412 0.0077031530157969062 -0.0057449583366564489 0.051023070113675809 -0.018185507441024547 -0.0046018526975462491 0.0095628532393670432 0.00098005411203816581 -0.068486533470322838 0.0096668880778689754 0.0035002772822728605 0.010195696894107077 0.00084000063201169453 0.014691461111454102 -0.02342398685551874 0.025206330547544654
leaf_weight=9.3879823634924815 6.4492524224406216 38125.040565119998 5.1689211577177021 76.105751559138298 4.4325314015150061 82.368703752756119 46.970163196325302 671.914347268641 387.27089349925518 94.186415016651154 10.262885794043541 37.267888531088829 1853.5713311210275 202.49995191395283 2231.7934014946222 3145.1204113711137 2242.5963224053849 7.8452011644840267 122.61812895536423 1935.8396769165993 786.08483636565506 4949.2386857382953 6.295544981956481 113.59065924584866 39.01033366099 17.794609129428864 31.864317551255226 39.383066937327385 125.58666902780533 10.399207025766371
leaf_count=1661463 58 3717685 21 312 19 375 204 3656 1694 492 60 175 8268 1229 9314 14648 27813 70 508 11640 5146 24975 27 809 217 152 147 179 568 47
internal_value=8.06214e-06 3.74963e-07 -0.00227634 -0.000290716 0.0152997 -0.00999864 -0.0017947 0.00150379 -0.00691199 0.00904534 0.0552693 0.00969237 6.68913e-05 0.000254182 0.000334748 0.00375517 -0.000120847 -0.0135412 -0.000815403 0.000157743 0.00581856 -0.00058938 -0.00465865 -0.00445438 -0.0173874 0.0226879 -0.0138152 -0.00773935 -0.0185135 0.00467796
internal_weight=57418 57408.6 1629.63 1296.31 114.051 333.319 1182.26 718.885 463.377 98.6189 15.4318 54.1163 55778.9 46011.7 45744.6 5376.91 40367.6 267.15 9767.24 7793.78 908.703 6885.08 1973.46 1967.16 241.51 25.6398 279.203 121.752 157.451 47.6671
internal_count=5491971 3830508 8007 6458 592 1549 5866 3860 2006 511 81 280 3822501 3771128 3769460 23962 3745498 1668 51373 42269 5654 36615 9104 9077 1446 222 1269 554 715 222
is_linear=0
shrinkage=0.05


Tree=178
num_leaves=31
num_cat=0
split_feature=2 0 3 3 1 0 0 2 3 3 2 2 3 0 2 0 3 3 2 1 1 0 2 1 2 0 0 3 2 3
split_gain=7.85703 3.4472 13.7467 31.4827 19.7448 13.5076 12.8856 13.7474 31.6808 29.0016 10.5577 9.93642 19.7284 11.26 9.7594 9.62225 8.49965 4.78291 4.19346 3.51669 3.42239 1.3807 0.899551 2.41344 1.56464 0.411199 1.67692 0.743767 0.335032 0.177822
threshold=3.9545425682277715 0.99910508104170459 4.2047672406880237 4.2024512923595738 1.0000000180025095e-35 0.98267950596700693 0.94680044662651419 4.3328061510596445 4.2574549733979739 4.6071681687305253 4.0982006077102948 4.2047331123241749 4.3609306632299711 0.35510742169672516 4.2047331123241749 0.98882643741221621 8.3242998889234094 4.1855554307025713 4.3328061510596445 1.5000000000000002 1.0000000180025095e-35 0.9878076891782771 4.1097330857824828 1.0000000180025095e-35 4.1382565856210851 0.8677148691289146 0.8542062519189314 4.0890807290380335 4.3004826673323846 4.0772831707010573
decision_type=2 2 2 2 2 2 2 2 2 2 2 2 2 2 2 2 2 2 2 2 2 2 2 2 2 2 2 2 2 2
left_child=25 2 3 5 15 17 11 8 -8 -9 -6 13 -13 -4 19 -5 18 -2 28 22 -20 -7 23 -3 -24 26 -1 29 -16 -28
right_child=1 14 6 4 10 21 7 9 -10 -11 -12 12 -14 -15 16 -17 -18 -19 20 -21 -22 -23 24 -25 -26 -27 27 -29 -30 -31
leaf_value=0.050429894085172448 -0.0031428564498378027 0.050002460298059076 0.034206431553724957 -0.07618609269253622 -0.10941028940313449 0.088026773498721123 0.0043196432629852167 -0.07219964817956763 0.047812899538505052 0.005144447986007856 -0.016272801537119123 -0.014312653626836192 -9.6329895301661955e-05 0.0036212308983966865 0.057231449332752607 0.06313457172736496 -0.24463201358766995 0.012721537537219892 0.029101414397278386 0.050023712626633202 0.0080211003984750166 0.047643771688596535 -0.025217629449798325 0.0031639997252223572 0.00045543494203692015 0.050002709912677135 0.051002655986837057 0.050006335972721618 0.034952025853176506 -0.051270028267616952
leaf_weight=2.7650550159185046 193.43786185340196 3.3206099918334102 30.869582711471594 20.74256925201917 3.0942966331494963 3.482418819573466 126.55021557164946 13.179833051166495 62.57038832642138 150.74131728216526 182.45247598027345 245.1610721773468 53249.196985617717 1194.9507273118652 1.9734953586012096 1.3180788755416859 0.32522782683372398 62.977996726971469 20.936337403087236 3.5915319706673463 239.57589734904468 5.3967548640266614 5.9577082097530356 16.011834388962598 1536.9282522685826 6.9096347274314667 0.044919321318502403 0.26775989545421908 11.639784811995924 0.78968062794592697
leaf_count=48331 322480 625221 6603 620 834 67003 545 436 680 169876 925 1171 425263 179139 46 8 2 9879 204879 779503 3405 160569 32 834195 6264 1637019 3542 2171 304 1026
internal_value=7.60675e-06 -4.10027e-07 -7.09461e-05 -0.00855936 -0.0231429 0.00285304 1.94215e-06 0.00952359 0.0187093 -0.00107429 -0.017826 -5.94893e-05 -0.000161482 0.00439145 0.00212864 -0.067862 0.0108258 0.000753579 0.0111289 0.00060422 0.00971524 0.063482 0.000490605 0.0112091 0.000356301 0.0426959 0.0296413 -0.0225029 0.0381818 -0.0457656
internal_weight=57397.2 57386.4 55546.1 472.902 207.607 265.295 55073.2 353.042 189.121 163.921 185.547 54720.2 53494.4 1225.82 1840.26 22.0606 274.451 256.416 274.126 1565.81 260.512 8.87917 1562.22 19.3324 1542.89 10.777 3.86741 1.10236 13.6133 0.8346
internal_count=5491971 3799882 1346031 562318 2387 559931 783713 171537 1225 170312 1759 612176 426434 185742 2453851 628 208636 332359 208634 2245215 208284 227572 1465712 1459416 6296 1692089 55070 6739 350 4568
is_linear=0
shrinkage=0.05


Tree=179
num_leaves=31
num_cat=0
split_feature=2 2 3 2 3 1 3 0 3 2 2 0 3 0 0 1 0 1 0 1 3 3 3 0 2 2 3 0 2 1
split_gain=7.46627 3.28754 105.443 42.91 33.711 32.3766 25.7201 23.9892 41.5573 37.5393 22.9813 19.9559 16.7856 16.6436 16.0074 38.0436 15.9644 13.8968 13.7975 13.0067 10.3459 18.3086 25.4934 11.7653 11.7309 11.0045 7.98359 5.66782 5.13657 3.88249
threshold=3.9458371471424569 4.7001851868954612 5.1648431135156008 4.7881671074430008 5.5911735128763862 1.0000000180025095e-35 5.9734787654269947 0.30388953340193608 5.8465832628495127 4.566816998076491 5.3967752333733872 0.19145279672441137 5.0591714496897406 0.31410302578058374 0.38448516112627812 1.0000000180025095e-35 0.80182017217243984 1.0000000180025095e-35 0.21058625871244899 1.5000000000000002 5.5457826749516235 5.4424826413705318 5.4188300045651632 0.39386211998961224 4.3004826673323846 4.3328061510596445 6.6746245191423315 0.75693732271664571 4.6569856547695219 1.0000000180025095e-35
decision_type=2 2 2 2 2 2 2 2 2 2 2 2 2 2 2 2 2 2 2 2 2 2 2 2 2 2 2 2 2 2
left_child=-1 4 3 16 20 12 10 9 28 11 13 -6 -5 -4 26 -16 27 -12 -11 -7 21 22 -2 25 -23 -22 -8 -3 -9 -10
right_child=1 2 6 5 7 19 14 8 29 18 17 -13 -14 -15 15 -17 -18 -19 -20 -21 23 24 -24 -25 -26 -27 -28 -29 -30 -31
leaf_value=0.046706755291007332 1.93963129176398e-05 0.0044032392268647819 -0.017987375582688491 -0.072136258801740488 0.035006895597192937 0.049175668987435216 -0.0025771861202778536 0.012205631307308441 0.031375048937851334 0.0054879222968228485 -0.034655818818777571 0.0070511350605540306 0.013044378133916811 -0.0024440073902317122 0.011481582505947937 0.00072881803646861242 0.052537396055316835 0.0020886849851251715 -0.0095771408168655522 -0.035820646856469303 0.024097681635993736 0.040211740916229685 -0.0086241330025921582 0.0093362935378277726 0.0063738692756946632 -0.016268863504030583 -0.00022157504574447188 -0.024576923658880812 0.0037462209932695029 0.058415914662616142
leaf_weight=8.5577038722039998 13403.44282763559 124.27673664689064 176.62775135785341 7.5343075627606586 68.777502335316967 191.80548312328756 4790.6167417019606 548.78853206709027 18.477611720561981 205.323251593858 91.190600519475993 888.58697562420275 24.889492220245302 6910.0093532127066 885.04418996804452 11656.178198496811 16.400103732186835 35.846793269738555 585.0477913543582 4.6091536381281903 18.078814496315317 26.588791221052816 911.05524963159405 70.277102559804916 698.07890129764564 255.39282257144805 14435.416681481525 19.521771486848593 266.62929686903954 47.137796886265278
leaf_count=1661463 3077120 541 803 2036 818 6030 22654 2931 124 1111 614 9820 52956 69627 433798 60209 893 172 3115 70 1120 2282 5031 326 3883 1496 69176 191 1322 239
internal_value=7.3938e-06 4.29213e-07 -0.000255555 0.0256461 0.000559961 0.0395398 -0.000514059 0.00579261 0.01252 0.00240136 -0.00320927 0.00905949 -0.00674902 -0.00283141 9.79657e-05 0.00148765 0.00579939 -0.0242874 -0.00566353 0.0471811 -0.000334241 -0.000138202 -0.000530727 -0.00891106 0.00761542 -0.0136003 -0.000808531 0.000468956 0.00943953 0.0508011
internal_weight=57390.2 57381.7 39370 389.037 18011.7 228.838 38980.9 2628.77 881.033 1747.74 7213.67 957.364 32.4238 7086.64 31767.3 12541.2 160.199 127.037 790.371 196.415 15382.9 15039.2 14314.5 343.749 724.668 273.472 19226 143.799 815.418 65.6154
internal_count=5491971 3830508 719770 62717 3110738 61092 657053 19480 4616 14864 71216 10638 54992 70430 585837 494007 1625 786 4226 6100 3091258 3088316 3082151 2942 6165 2616 91830 732 4253 363
is_linear=0
shrinkage=0.05


Tree=180
num_leaves=31
num_cat=0
split_feature=2 2 1 0 3 3 3 2 3 0 0 3 3 2 1 0 2 0 2 2 3 1 0 0 2 3 0 2 3 2
split_gain=7.06359 3.28384 4.8269 4.3195 3.43565 19.5982 14.0331 22.0438 12.5867 15.0653 12.3931 72.0864 10.649 8.5595 8.48636 6.90258 11.1506 8.86424 6.3155 3.12541 3.95202 3.40175 0.117121 1.04599 0.311625 0.0335068 0.000391428 0.000182176 5.52116e-05 2.28183e-05
threshold=3.9458371471424569 4.030888272116945 1.5000000000000002 0.65404583389057924 4.6348260661835381 4.6966548594543971 4.5022511074091645 4.2672363075222259 4.5436670406715125 0.82260353923321416 0.84920684346295017 5.2344719257170151 4.3282302013682576 4.159971731735074 1.5000000000000002 0.58808560373301499 4.1213213202479668 0.63392955449936217 4.0443793233521683 4.0114993236992254 4.086060339104173 1.0000000180025095e-35 0.85838481332044558 0.8542062519189314 3.940057182282628 4.0772831707010573 0.82750176328793523 3.9392849145990194 4.0777069067102572 4.005470148071681
decision_type=2 2 2 2 2 2 2 2 2 2 2 2 2 2 2 2 2 2 2 2 2 2 2 2 2 2 2 2 2 2
left_child=22 2 3 -2 6 15 7 14 9 -8 13 -12 -9 -7 -3 16 -6 -17 -10 20 -5 -21 23 26 25 -25 -1 28 -28 -4
right_child=1 4 29 19 5 10 8 12 18 -11 11 -13 -14 -15 -16 17 -18 -19 -20 21 -22 -23 -24 24 -26 -27 27 -29 -30 -31
leaf_value=0.050002498008290701 0.050028563038978527 -0.0010841113909157481 0.051104614162523335 0.0055853446549567892 0.017314681627674192 0.011695706463907878 -0.013717975882182785 0.045013319254023618 -0.14748655520959358 -0.063252351988956207 0.047046327886544018 0.00033648783928551761 0.011789270512702893 -0.00011610681512641254 0.050334014076422628 0.028516535346014518 -0.042418372882267533 0.0092524281705991824 -0.0031811660678010794 0.0065870130730109298 -0.018289876535048571 0.036724877381830945 0.050008683871270748 0.050000237639979864 0.050004910765572008 -0.079066620695852408 0.050427007356653508 0.050003638746096993 0.052180667963385642 0.050037717574171185
leaf_weight=1.1925094205753324 5.2337793983315342 3133.6626660876464 0.050521951279732913 45.207706161483202 16.642657309595965 153.83010789488617 211.5468019242835 28.856909030582756 0.75922846097819174 16.550798395066522 95.235249528021086 622.53978541688411 146.8670688662678 51867.893976622378 8.0453021391622297 78.253804053121712 14.725890457717467 252.06273983677966 558.77101181331818 66.151084168922807 28.109938445333682 10.906789923117683 6.0523282697727154 0.0051397322372394019 0.061498926428612322 0.23247604072093964 0.049982415128397295 0.14870493647322292 0.43989590555429459 6.2413245111429205
leaf_count=31859 12901 86457 709 1729495 5219 20943 7679 608 483 229 95097 309980 2158 397542 27155 1482 842 1733 16067 64360 39182 91475 1620273 1169 626 1 5472 2052 11 918712
internal_value=7.41389e-06 7.88293e-07 0.00711165 0.00537565 -1.93364e-05 8.83994e-05 -0.00141296 1.1489e-05 -0.00741263 -0.0173122 8.8526e-06 0.00653401 0.0172452 -8.11789e-05 -0.00095244 0.0116876 -0.0107269 0.0138162 -0.00337697 0.00382151 -0.0035684 0.0108527 0.0464598 0.0363767 -0.0503113 -0.0762748 0.0505375 0.0515364 0.0520017 0.0500463
internal_weight=57376.3 57368.1 161.901 155.609 57206.2 53101.2 4105.06 3317.43 787.628 228.098 52739.5 717.775 175.724 52021.7 3141.71 361.685 31.3685 330.317 559.53 150.376 73.3176 77.0579 8.18254 2.13021 0.299115 0.237616 1.83109 0.638583 0.489878 6.29185
internal_count=5491971 3830508 2856834 1937413 973674 832838 140836 116378 24458 7908 823562 405077 2766 418485 113612 9276 6061 3215 16550 1924512 1768677 155835 1661463 41190 1796 1170 39394 7535 5483 919421
is_linear=0
shrinkage=0.05


Tree=181
num_leaves=31
num_cat=0
split_feature=2 3 3 3 0 2 3 3 3 0 1 2 3 1 3 0 3 1 0 2 2 3 2 0 2 2 3 0 0 0
split_gain=6.71336 3.21313 4.5922 21.8615 22.8108 22.2126 15.2597 14.4583 13.8426 20.589 28.725 15.219 13.2001 31.976 23.954 6.86987 4.39959 2.28676 3.96122 2.01042 3.07905 2.75194 2.39025 5.00263 1.43362 1.42915 1.24149 0.900302 0.113684 0.99079
threshold=3.9458371471424569 8.6879410503086998 7.9942274713266626 8.1727008602802069 0.67233198250082127 7.2629214257795809 8.0875326699954329 8.3242998889234094 7.9810273183704767 0.17018869910310372 1.5000000000000002 6.0978481303467058 7.9584020480681064 1.5000000000000002 7.8947653466217966 0.46558676651210146 8.3242998889234094 1.0000000180025095e-35 0.21058625871244899 7.0099275978482467 6.3853889739133587 8.8998958417407437 7.43966328272107 0.14402769709617944 7.43966328272107 7.0948639925422592 9.0775001618064284 0.3654363882654203 0.85838481332044558 0.8542062519189314
decision_type=2 2 2 2 2 2 2 2 2 2 2 2 2 2 2 2 2 2 2 2 2 2 2 2 2 2 2 2 2 2
left_child=28 2 8 5 7 6 -4 -5 12 11 -11 -10 14 -14 -2 -7 -6 18 24 20 -19 -22 26 -24 25 -3 -21 -20 29 -1
right_child=1 17 3 4 16 15 -8 -9 9 10 -12 -13 13 -15 -16 -17 -18 19 27 22 21 -23 23 -25 -26 -27 -28 -29 -30 -31
leaf_value=0.050510938294034281 0.0001400465310120663 -0.0017189880090429891 0.0048272501788608384 -0.0071293225456266728 0.028720603415591101 -0.017664252939204688 0.018040094485130775 0.00045690729637806141 -0.00071172972740837011 -0.0074632242566347283 0.020892363406193087 0.024368043482169116 0.010787342251930045 -0.011401951472336705 -0.0067222905304467496 0.00012072291905105867 0.011718742862097242 0.026295212373362815 -0.056686563247733558 0.0056640382804207367 -0.021388410950356526 -0.0024159337746934243 -0.043185316003937602 -0.0031752957655601316 0.026435160475198716 -0.029524189153503435 -0.0033098594603479222 -0.020399506694056574 0.050008281191572149 -0.049196022087523904
leaf_weight=1.7426798698229498 47546.667696755358 14.272827252745634 428.34728796780109 829.52206663787365 53.474091470241547 66.287326127290726 446.09784162044525 2586.1237975209951 152.17797802388668 1711.9086950793862 94.231080755591393 100.39550624787807 739.43003337644041 208.03947842866182 1306.617699354887 300.19857713207603 131.92149355262518 5.433302402496337 5.9074396118521673 127.70969436317682 41.50218290835619 35.429582066833973 7.9900009185075751 352.05062567442656 2.9599593728780738 6.8341178819537154 55.198960058391094 2.4053017795085907 5.7571982109843702 0.29072078952776781
leaf_count=39394 3778426 98 1849 3741 280 305 1911 12510 747 10205 809 501 3467 2362 5953 1413 924 31 57 979 341 289 89 2669 25 54 457 16 1620273 1796
internal_value=7.27479e-06 9.71123e-07 4.12751e-05 0.00151388 -0.000458353 0.00723708 0.0115678 -0.00138548 -9.62178e-05 -0.00411399 -0.00598384 0.00925724 6.98727e-05 0.00591515 -4.34918e-05 -0.0030961 0.0166226 -0.00347373 -0.01643 -0.00280284 -0.0100818 -0.012651 -0.00169862 -0.0040632 -0.006152 -0.0107219 0.00295586 -0.0461869 0.0464187 0.0362556
internal_weight=57366.9 57359.1 56701.4 4841.97 3601.04 1240.93 874.445 3415.65 51859.5 2058.71 1806.14 252.573 49800.8 947.47 48853.3 366.486 185.396 657.694 32.3796 625.314 82.3651 76.9318 542.949 360.041 24.0669 21.1069 182.909 8.31274 7.7906 2.0334
internal_count=5491971 3830508 3825403 22933 17455 5478 3760 16251 3802470 12262 11014 1248 3790208 5829 3784379 1718 1204 5105 250 4855 661 630 4194 2758 177 152 1436 73 1661463 41190
is_linear=0
shrinkage=0.05


Tree=182
num_leaves=31
num_cat=0
split_feature=2 0 3 2 2 1 2 2 1 2 3 2 2 3 0 0 3 0 3 0 3 0 1 0 3 2 2 1 3 0
split_gain=6.37818 3.15952 9.05294 11.4272 9.20203 6.54812 14.9404 5.45133 4.74524 8.15103 3.5997 39.515 28.8204 21.382 48.6729 19.3294 63.3515 26.4675 19.1516 48.7175 28.875 16.1969 12.7267 4.97777 3.44661 2.39575 1.86167 3.18663 1.31834 0.427329
threshold=3.9545425682277715 0.14402769709617944 7.3079129921864023 5.1989618871993128 4.7881671074430008 1.5000000000000002 6.3057855467158808 6.2938246396077373 1.5000000000000002 5.0866414907511173 5.4424826413705318 5.164963085408476 4.3694757063636134 5.2684764767695773 0.9295828297379839 0.66578999664304883 4.6348260661835381 0.52711662496787948 5.8019521846187621 0.45574190124011732 5.9734787654269947 0.29289468721693729 1.0000000180025095e-35 0.32388242588166877 7.2943637121476916 4.6569856547695219 5.0931427481664917 1.0000000180025095e-35 6.7761076281080266 0.8677148691289146
decision_type=2 2 2 2 2 2 2 2 2 2 2 2 2 2 2 2 2 2 2 2 2 2 2 2 2 2 2 2 2 2
left_child=29 2 4 26 25 7 -7 -5 24 -10 11 15 21 -13 -15 17 -17 -3 19 -14 -20 22 -12 -23 -6 -2 -4 -28 -27 -1
right_child=1 10 3 5 8 6 -8 -9 9 -11 12 13 18 14 -16 16 -18 -19 20 -21 -22 23 -24 -25 -26 28 27 -29 -30 -31
leaf_value=0.027775431481441511 0.045271995771202993 0.00058942255282622624 0.038870169447232567 0.0011051250897233327 -0.012061368194176515 -0.030282142331617096 0.057379288235876229 -0.0073048394429521164 0.05228484233891622 -0.030019861569719433 0.011619853422535324 0.050137380345214505 0.0066360468506046141 -0.054534977772455778 -0.41443607944185906 -0.0011034951617224741 0.01127701637063235 -0.0042125928932816676 -0.0049903119539709932 -0.0041427288175987622 0.00026228117426631032 0.0047500887066222186 0.04438456135535826 -0.035729365498734768 -0.036453517756780365 0.0029176989986277203 0.049351304006690133 0.011668237798224667 0.031434876890244233 0.050002277391401978
leaf_weight=3.4714482932845367 6.2504534078543683 6341.9368654283044 11.641282394528387 946.43517556786537 276.58106575906277 40.647269085049629 5.5207029432058325 241.9464710354805 7.2721859365701658 5.1303809285163879 51.007170838907768 4.5955297742038956 3275.5797520484775 33.015639631310478 0.96693452447652717 4093.0701932160136 1382.2232966399097 5240.7281905936252 2859.6691488130018 1541.6975516856182 30764.714257798689 47.590093181235716 70.742659082534374 9.0367207461968047 15.282327607274054 16.082750350236896 6.4608383774757376 42.611397191882133 5.4181327521800986 5.7348209944889277
leaf_count=55070 58 58466 49 4293 1262 169 24 1698 34 21 4260 34523 17671 1348 209 2926971 71336 69989 14164 7765 581778 875 2442 78 67 80 28 197 27 1637019
internal_value=6.8802e-06 1.99242e-07 -0.00217149 -0.000283351 -0.0095375 -0.00132483 -0.0197997 -0.000607087 -0.0120514 0.0182391 6.36266e-05 -0.00054041 0.000331025 -0.0510868 -0.0647755 -0.000426094 0.00202193 -0.00158331 0.000237982 0.00318646 -0.000184439 0.0203825 0.0306578 -0.00170978 -0.0133386 0.0180248 0.020894 0.0166296 0.0101039 0.0416211
internal_weight=57353.1 57343.9 1627.28 1295.26 332.017 1234.55 46.168 1188.38 304.266 12.4026 55716.6 17096.5 38620 38.5781 33.9826 17058 5475.29 11582.7 38441.7 4817.28 33624.4 178.377 121.75 56.6268 291.863 27.7513 60.7135 49.0722 21.5009 9.20627
internal_count=5491971 3799882 8007 6458 1549 6184 193 5991 1384 55 3791875 3162842 629033 36080 1557 3126762 2998307 128455 621378 25436 595942 7655 6702 953 1329 165 274 225 107 1692089
is_linear=0
shrinkage=0.05


Tree=183
num_leaves=31
num_cat=0
split_feature=2 1 2 2 3 0 0 3 3 0 0 2 1 0 3 3 0 3 3 2 0 0 0 3 3 3 3 0 2 0
split_gain=6.05132 3.19258 12.829 40.6928 22.2341 15.238 14.5212 14.5148 8.41804 13.7174 8.15327 7.10433 6.91525 7.15222 8.28131 6.87865 6.0183 8.40695 5.35791 49.0114 50.6054 19.9476 12.5837 32.8326 15.3541 4.90941 4.78594 4.27007 4.1124 0.118637
threshold=3.9458371471424569 1.0000000180025095e-35 6.9354456287757147 6.7574221718074989 7.3159499364080736 0.97438968303263829 0.66578999664304883 7.2540859042396688 7.6587840460954757 0.66578999664304883 0.85838481332044558 4.1213213202479668 1.5000000000000002 0.74916527884173567 4.3506649499126473 7.2227849702893554 0.47638594757386876 7.9584020480681064 6.6746245191423315 5.164963085408476 0.45574190124011732 0.52711662496787948 0.67233198250082127 7.1123681928467075 7.7766189032103208 4.3382053465969248 7.8549435851211564 0.55449294601117682 4.0326128529886951 0.85838481332044558
decision_type=2 2 2 2 2 2 2 2 2 2 2 2 2 2 2 2 2 2 2 2 2 2 2 2 2 2 2 2 2 2
left_child=29 2 3 5 7 10 -6 -5 9 27 -2 12 13 28 -15 -11 17 -10 19 21 -21 -13 24 -24 -20 -7 -18 -4 -3 -1
right_child=1 11 8 4 6 25 -8 -9 16 15 -12 18 -14 14 -16 -17 26 -19 22 20 -22 -23 23 -25 -26 -27 -28 -29 -30 -31
leaf_value=0.035426007323024401 0.00059530067509091242 -0.092652502280479831 -0.042831481297320201 -0.10467926141060419 0.011818420289403168 0.013566095513235689 -0.16628563107590558 0.046783837961657145 -0.050724527387252354 0.050257744688866249 -0.0081559160851216398 0.0014294023151921248 0.050031276646651301 0.0037635943830899607 -0.088529862636055404 -0.023190651737455919 0.048858905544016999 -0.0067138567923108383 0.0018359421726392708 -0.012764427938240813 0.0055066167473408773 -0.0020010371304581224 0.066259467442279577 -0.003999210865210343 -0.00081977890836773873 0.050009311538904533 0.0028439764281692819 -0.11163001354725606 0.033366454558444392 0.05000776027175672
leaf_weight=1.904456954275928 13017.16907706518 0.66337135600588482 3.7720740735530836 1.6151438205852162 138.6115353545174 17.753473948770988 1.1539747519418586 76.509797558188438 11.948686644434927 3.4865813995711497 271.71070706080718 10143.794073548881 10.709712161293281 86.72011464827483 2.5005922734271726 37.186862216796726 7.3664436303079155 118.09603983908892 11802.167718596756 1522.8925893157721 504.52777782548219 7278.3543087329017 16.761854559183121 2085.0673857033253 10100.163618534803 19.27446283050449 24.262691894546151 5.6091184644028544 26.866800239688018 5.2133296416348003
leaf_count=41190 225074 1110 23 861 15226 699526 203 74917 55 1392 174782 54097 951527 1084850 243 1161 52 678 52595 6212 2190 47297 79 14233 51156 340523 158 71 30217 1620273
internal_value=6.77348e-06 1.05069e-06 0.000665153 0.000856071 0.0222893 0.000505619 0.0103479 0.0436525 -0.0115474 -0.0294652 0.000416369 -0.00020856 0.0115786 0.00805124 0.00117688 -0.0168946 -0.00600006 -0.0107576 -0.000243135 -0.000859932 -0.00821764 -3.71335e-06 0.000256631 -0.00343891 0.000611268 0.0325362 0.0135609 -0.0839669 0.0303299 0.0461062
internal_weight=57343.8 57336.7 13755.5 13543.8 217.89 13325.9 139.766 78.1249 211.728 50.0546 13288.9 43581.2 127.461 116.751 89.2207 40.6734 161.674 130.045 43453.7 19449.6 2027.42 17422.1 24004.2 2101.83 21902.3 37.0279 31.6291 9.38119 27.5302 7.11779
internal_count=5491971 3830508 1534702 1531112 91207 1439905 15429 75778 3590 2647 399856 2295806 2067947 1116420 1085093 2553 943 733 227859 109796 8402 101394 118063 14312 103751 1040049 210 94 31327 1661463
is_linear=0
shrinkage=0.05


Tree=184
num_leaves=31
num_cat=0
split_feature=2 0 3 3 1 0 0 2 1 3 0 2 0 3 2 0 3 3 2 1 1 0 2 1 2 2 0 0 2 3
split_gain=5.72288 3.43689 11.6443 28.5784 16.1521 13.0218 12.4099 11.2844 14.2294 8.15633 8.12569 8.02272 7.60912 16.8321 9.19123 7.32144 6.78376 4.33518 3.7903 3.01665 2.80375 1.30679 0.7285 2.32679 1.49383 0.351144 0.126555 0.987022 0.287211 0.0305736
threshold=3.9458371471424569 0.99910508104170459 4.2047672406880237 4.2024512923595738 1.0000000180025095e-35 0.88538151868654846 0.98267950596700693 4.2047331123241749 1.0000000180025095e-35 4.2281467408833082 0.98882643741221621 4.2047331123241749 0.94831586558801406 4.5436670406715125 4.3328061510596445 0.5964197271281243 8.3242998889234094 4.1855554307025713 4.3328061510596445 1.5000000000000002 1.0000000180025095e-35 0.9878076891782771 4.1097330857824828 1.0000000180025095e-35 4.1382565856210851 4.3004826673323846 0.85838481332044558 0.8542062519189314 3.940057182282628 4.0772831707010573
decision_type=2 2 2 2 2 2 2 2 2 2 2 2 2 2 2 2 2 2 2 2 2 2 2 2 2 2 2 2 2 2
left_child=26 2 3 6 10 -6 17 8 9 -4 -5 19 13 -9 -14 -10 18 -2 25 22 -20 -8 23 -3 -24 -13 27 -1 29 -29
right_child=1 11 7 4 5 -7 21 12 15 -11 -12 16 14 -15 -16 -17 -18 -19 20 -21 -22 -23 24 -25 -26 -27 -28 28 -30 -31
leaf_value=0.050458922699199993 -0.0026893499986151647 0.050002329148876437 0.031350962725824653 -0.068366847689213847 -0.15431341442724761 -0.015570428044039006 0.086349321402567625 -0.0073841907697308924 0.028225819861377441 0.00060894022318471776 0.062189504629559592 0.056882093916922033 0.016395027914748277 -4.771648711133641e-05 -0.0007609268272118513 0.0097534057990709914 -0.20378040999696762 0.01239811986675568 0.027335593367045587 0.050022617001061989 0.0075648406732374681 0.046405255073880609 -0.02436797375951056 0.0026469403394588382 0.00063412133946957351 0.03353043602677535 0.050007398133738445 0.050000217683177021 0.050004609427872861 -0.077235720137628333
leaf_weight=1.5586705782659454 195.84561674426732 3.1020045209181726 22.119013692845328 21.807838162327247 1.7069739770922741 182.74340705666691 3.3670178248544271 793.59803384868428 66.08266372953949 878.79068560246378 1.260700225830077 1.8905763616785378 153.5055025954498 52657.249343524265 158.86636276105855 284.88161121015946 0.37031912803649802 62.9043144169882 19.390971088108927 3.1007795035336576 238.36160694248974 5.2251683942517957 5.9976509399712077 15.837015151388186 1536.1828851960599 10.842511797323823 4.959107628722677 0.0048210702652794471 0.057686405663844198 0.22828240692615509
leaf_count=39394 350144 625222 6079 709 796 963 67007 4242 18658 90237 8 46 1069 423146 169371 72703 2 10954 204879 779503 3405 160570 32 834195 6264 304 1620273 1169 626 1
internal_value=6.65805e-06 1.21384e-06 -6.91907e-05 -0.00786529 -0.0217876 -0.0168544 0.0029416 -1.89894e-06 0.00469088 0.00136371 -0.0612319 0.00213014 -0.00011117 -0.000156643 0.00766984 0.0132316 0.010075 0.000978543 0.0103677 0.000754441 0.00905221 0.0620581 0.000656582 0.0104032 0.000536886 0.0369976 0.0458444 0.034682 -0.0498845 -0.0746042
internal_weight=57331.8 57325 55490 474.861 207.519 184.45 267.342 55015.1 1251.87 900.91 23.0685 1835.08 53763.2 53450.8 312.372 350.964 270.856 258.75 270.486 1564.22 257.753 8.59219 1561.12 18.939 1542.18 12.7331 6.80857 1.84946 0.29079 0.233103
internal_count=5491971 3830508 1376656 591151 2476 1759 588675 785505 187677 96316 717 2453852 597828 427388 170440 91361 208636 361098 208634 2245216 208284 227577 1465713 1459417 6296 350 1661463 41190 1796 1170
is_linear=0
shrinkage=0.05


Tree=185
num_leaves=31
num_cat=0
split_feature=2 0 2 3 3 3 1 0 2 0 3 3 3 0 3 0 2 1 2 3 2 2 3 2 1 1 3 0 2 0
split_gain=5.43885 3.27021 8.44931 7.42397 6.33576 17.4617 10.0041 5.80512 31.611 20.1487 8.296 30.6166 23.6348 47.2354 47.058 20.9165 14.1158 7.14285 6.63678 11.9452 10.3034 4.04102 3.8813 2.51323 2.59762 1.08287 1.52887 1.17944 0.709733 0.122557
threshold=3.9458371471424569 0.26337961663928472 4.4084610982207808 5.8941273005512267 6.6011956384225741 6.6746245191423315 1.5000000000000002 0.31410302578058374 4.5341594832340997 0.28230039401158186 7.3233027137203726 7.3955494728005915 7.3159499364080736 0.63392955449936217 7.3155776058677429 0.33474620881895956 6.4739370300385177 1.0000000180025095e-35 4.9275112150820659 7.1123681928467075 4.7001851868954612 4.4524223690016962 5.9734787654269947 4.3004826673323846 1.0000000180025095e-35 1.0000000180025095e-35 5.8465832628495127 0.25270326911339452 4.2361428001878414 0.85838481332044558
decision_type=2 2 2 2 2 2 2 2 2 2 2 2 2 2 2 2 2 2 2 2 2 2 2 2 2 2 2 2 2 2
left_child=29 2 22 25 6 -6 -5 8 9 21 12 16 14 -14 -9 -13 -12 -11 20 -20 -10 -3 23 28 -25 27 -27 -4 -2 -1
right_child=1 7 3 4 5 -7 -8 10 18 17 11 15 13 -15 -16 -17 -18 -19 19 -21 -22 -23 -24 24 -26 26 -28 -29 -30 -31
leaf_value=0.034563982402195902 0.050287496058998821 0.027916093075858295 -0.030361111258528608 0.00086839771460884728 -0.011227840419610039 -0.00088006665758055044 0.017538402206099032 -0.00015370674705128881 0.0021597895093725529 -0.0054559693806269993 0.029438864684731558 -0.0070687899050774598 -0.014059042894801296 0.0020568975051184846 0.054308224905007585 0.0014144781899742033 0.008297771599632086 0.010289663545644498 0.0050241925465782933 -0.00082457189611993939 -0.0066821228606193401 0.015610706671200091 0.052145863765311655 -0.0029822813155612189 0.016978437332608284 -0.018052418304189789 -0.0037972608968346896 -0.012186049606788905 0.024495455286050537 0.05000705164853339
leaf_weight=1.7655708862023392 3.703837923188984 156.39339134463444 17.171196140348911 2212.961208242923 429.94034737348557 7878.4921782538295 93.816672115121037 29208.798548703562 611.23481380939484 121.71808151922232 123.58796139061451 792.19578808546066 904.06925718067214 914.67126395390369 39.717062025738414 8776.9495240082033 218.64108829246834 176.42573989072116 1459.8597014695406 2171.5234770923853 714.75890988111496 116.35468593239784 6.4608659255318335 30.091431422159076 35.560458759195171 34.837024517823011 40.881527179852128 18.589738935232162 9.5303601901105122 4.7172810065292197
leaf_count=41190 1145 4540 179 11036 1947 37650 829 3659272 3280 3532 533 3681 6318 19092 3342 45188 1373 2738 7125 10255 3253 966 274 1022 526 181 193 182 856 1620273
internal_value=6.44155e-06 1.2621e-06 -0.000782012 -0.00090669 -0.00077189 -0.00141554 0.00154637 0.00018336 0.00170426 0.0128458 -2.18194e-05 0.00123772 -0.000423648 -0.0059541 -7.9752e-05 0.000712178 0.0159324 0.00386146 0.000421205 0.0015267 -0.00260632 0.0226666 0.0148879 0.0118364 0.00782948 -0.0137425 -0.0103559 -0.0209131 0.0317138 0.0458012
internal_weight=57325.4 57318.9 10812 10726.7 10615.2 8308.43 2306.78 46506.9 5528.27 570.892 40978.6 9911.37 31067.3 1818.74 29248.5 9569.15 342.229 298.144 4957.38 3631.38 1325.99 272.748 85.347 78.8861 65.6519 111.479 75.7186 35.7609 13.2342 6.48285
internal_count=5491971 3830508 56020 52197 51462 39597 11865 3774488 35689 11776 3738799 50775 3688024 25410 3662614 48869 1906 6270 23913 17380 6533 5506 3823 3549 1548 735 374 361 2001 1661463
is_linear=0
shrinkage=0.05


Tree=186
num_leaves=31
num_cat=0
split_feature=2 2 1 3 3 3 3 0 2 0 0 0 2 3 0 0 1 0 0 2 1 3 0 0 2 3 2 0 0 2
split_gain=5.14154 3.12918 8.79516 6.03427 5.09192 4.86966 4.83419 11.2708 4.70192 5.10035 3.72461 3.46899 3.38399 16.7615 14.8181 1.22304 0.276629 0.130445 0.961968 0.263507 0.0903546 0.0276338 0.00240567 0.000187944 8.65112e-05 2.61308e-05 1.75472e-05 3.90471e-06 2.32307e-06 5.39563e-06
threshold=3.9458371471424569 4.1213213202479668 1.5000000000000002 4.6071681687305253 4.1798339453109907 4.1855554307025713 4.5838443940554692 0.61099889065946678 4.0982006077102948 0.59253394587936026 0.70291489244481387 0.57374697000709707 5.5245751061938488 6.5236944472770055 0.69641727347481663 0.95681736982418364 1.0000000180025095e-35 0.85838481332044558 0.8542062519189314 3.940057182282628 1.5000000000000002 4.0772831707010573 0.97217096385807256 0.82750176328793523 3.9392849145990194 4.0777069067102572 4.005470148071681 0.91830335019733844 0.86374570164169173 3.9392849145990194
decision_type=2 2 2 2 2 2 2 2 2 2 2 2 2 2 2 2 2 2 2 2 2 2 2 2 2 2 2 2 2 2
left_child=17 2 3 6 15 -6 10 -8 9 -5 -2 -10 14 -14 -7 -3 22 18 23 21 -18 -20 -17 -1 25 -25 27 -4 29 -19
right_child=1 4 26 8 5 12 7 -9 11 -11 -12 -13 13 -15 -16 16 20 28 19 -21 -22 -23 -24 24 -26 -27 -28 -29 -30 -31
leaf_value=0.050001937717403369 0.010465076885503466 0.0052123500108116139 0.05140035779955663 0.032538806239904065 -0.037636874014589233 -0.00079351651613002888 -0.00093990633235933201 -0.12388312176100924 -0.0030723765889679976 -0.24078215590528546 -0.00026411573369141924 0.036301530076893622 0.011363022010778078 0.00025342938397431941 0.0023151663872661966 0.055153712006382076 0.086204339657604157 0.050899635757933284 0.050000200623714998 0.05000423644257615 0.050099256325666287 -0.076097971682794113 0.051962074133135576 0.050333741698525607 0.050002836734883795 0.05169679821504955 0.050025936490527549 0.050466762182836203 0.050001868885728967 0.050004624343923554
leaf_weight=0.92992092076678889 98.47180316011827 1.2336120159598056 0.026501860469578697 31.181651208302359 8.6124603259377164 28100.524022407059 6.8225264465436322 2.5650356719270349 28.944855342560913 0.17162405233830114 452.99635352929863 6.9341885399771845 344.43234204945475 23767.979417763039 4438.8920743551571 0.85689598321914706 1.1317658722400663 0.024072291098491294 0.0044301456796346219 0.053009328577900305 0.20460940804332484 0.22533600032329559 1.8984282929450271 0.039104284098357311 0.11596137673404883 0.34871524572372437 9.9435834999494528 0.019397192759242898 4.4071294663347089 0.056043757271254435
leaf_count=31859 46519 13 1 15915 56 161977 2912 142 4968 25 1969116 907 305500 244645 126073 11 5 1248 1169 626 132 1 65 5472 2052 11 950818 708 1618391 634
internal_value=6.22594e-06 1.29834e-06 0.0034832 0.00274289 -3.79092e-05 -4.25042e-05 0.00104607 -0.0345326 0.0168979 0.0310427 0.00165172 0.00453725 -3.67889e-05 0.000412124 -0.000369443 0.0488518 0.0620087 0.0455225 0.0337998 -0.0504832 0.0806764 -0.0736667 0.0529547 0.0504233 0.0512011 0.0515594 0.0500304 0.0510058 0.0500067 0.0502735
internal_weight=57310 57303.8 638.078 628.088 56665.8 56660.4 560.856 9.38756 67.2323 31.3533 551.468 35.879 56651.8 24112.4 32539.4 5.32531 4.0917 6.20372 1.71648 0.282775 1.33638 0.229766 2.75532 1.4337 0.503781 0.38782 9.98948 0.0458991 4.48725 0.080116
internal_count=5491971 3830508 2992031 2040504 838477 838251 2018689 3054 21815 15940 2015635 5875 838195 550145 288050 226 213 1661463 41190 1796 137 1170 76 39394 7535 5483 951527 709 1620273 1882
is_linear=0
shrinkage=0.05


Tree=187
num_leaves=31
num_cat=0
split_feature=2 1 2 2 3 0 3 0 3 0 3 0 3 2 1 0 3 0 3 0 3 3 3 3 3 3 3 2 2 0
split_gain=4.88623 3.0985 11.7535 37.4226 21.7575 13.6486 12.9384 11.3311 7.49556 11.1899 7.44556 7.09196 6.13051 6.07057 6.33057 6.39437 7.03187 5.42169 7.42582 5.08867 51.6107 14.3314 105.84 39.3884 13.9626 4.93519 4.51043 4.11252 3.68087 0.126197
threshold=3.9458371471424569 1.0000000180025095e-35 6.9354456287757147 6.7574221718074989 7.3159499364080736 0.97438968303263829 7.2540859042396688 0.66578999664304883 7.6587840460954757 0.8542062519189314 7.2844847764166269 0.85838481332044558 7.3159499364080736 4.1213213202479668 1.5000000000000002 0.74916527884173567 4.3506649499126473 0.47638594757386876 7.9584020480681064 0.52711662496787948 4.9159581800171894 7.2227849702893554 6.9823059413278932 7.287984626180628 5.1535516424680443 4.3382053465969248 7.8549435851211564 4.2361428001878414 4.0326128529886951 0.85838481332044558
decision_type=2 2 2 2 2 2 2 2 2 2 2 2 2 2 2 2 2 2 2 2 2 2 2 2 2 2 2 2 2 2
left_child=29 2 3 5 6 11 -5 -6 9 12 -11 -2 -4 14 15 28 -17 18 -10 20 27 22 -21 -23 -22 -7 -19 -15 -3 -1
right_child=1 13 8 4 7 25 -8 -9 17 10 -12 -13 -14 19 -16 16 -18 26 -20 21 24 23 -24 -25 -26 -27 -28 -29 -30 -31
leaf_value=0.033683407913137557 0.00059093041275072805 -0.083410303637042105 -0.008287664674189562 -0.089354791736420414 0.011319687490636684 0.012542749213365977 0.046619856459272191 -0.13391302030917154 -0.047468379422281347 -0.014817405875590748 0.059171834104853417 -0.0075391216577401516 -0.060589330702586264 0.032449946119026754 0.050028982719288267 0.003676078264659371 -0.078345867761973262 0.047839974921666223 -0.0064054612911357061 -0.0010080728805922073 -0.0069124401608401127 0.024593466999558146 -0.026443500698007178 0.00019189080000512628 0.00020481468390315819 0.050008880419084051 0.0026241946595406112 0.063167040043863518 0.032431696682884342 0.050006393441234788
leaf_weight=1.6386963756747253 13013.273138922548 0.70472389585438833 7.4791853928472873 1.7924723422620434 137.79760599904694 17.268654706042071 72.904274349333718 1.3562390478327859 12.145174056291578 16.863519273174465 4.2588753849267951 273.88305703544938 22.332573392428458 16.940491468034452 9.5025593283307881 86.553402526207265 2.6944140403065822 7.140661675482991 117.78762351721525 7602.6251650477352 705.58259352346067 171.057872004807 432.24018685519695 4978.7768809981644 29492.202483120738 17.900879202312353 24.232301024720073 30.541664569638669 25.453984402498463 4.268427170899713
leaf_count=41190 225074 1110 950 861 15226 699526 74917 203 55 1353 39 174782 305 1520 951527 1084850 243 52 678 48766 6085 898 1821 29700 138920 340523 158 149 30217 1620273
internal_value=5.98953e-06 1.30201e-06 0.000655709 0.000838769 0.021589 0.000505685 0.0433569 0.0099042 -0.0110194 -0.0277411 0.000100929 0.000423349 -0.0474679 -0.000205266 0.0108016 0.00757163 0.00119982 -0.00573939 -0.0102437 -0.000236923 0.000120418 -0.00105665 -0.00237639 0.00100242 3.85174e-05 0.0316126 0.0129156 0.0522079 0.0293109 0.0454782
internal_weight=57309.2 57303.3 13748.4 13536.2 213.851 13322.3 74.6967 139.154 212.24 50.9342 21.1224 13287.2 29.8118 43554.9 124.909 115.407 89.2478 161.306 129.933 43430 30245.3 13184.7 8034.87 5149.83 30197.8 35.1695 31.373 47.4822 26.1587 5.90712
internal_count=5491971 3830508 1534702 1531112 91207 1439905 75778 15429 3590 2647 1392 399856 1255 2295806 2067947 1116420 1085093 943 733 227859 146674 81185 50587 30598 145005 1040049 210 1669 31327 1661463
is_linear=0
shrinkage=0.05


Tree=188
num_leaves=31
num_cat=0
split_feature=2 0 2 3 2 3 1 0 2 0 2 3 3 3 2 3 3 3 2 2 2 2 3 2 1 1 0 0 0 0
split_gain=4.63978 2.94939 7.7344 6.61563 6.27279 8.32651 5.27776 5.26432 28.9362 18.7377 7.55294 51.7789 57.5016 37.8438 18.494 14.9956 8.76891 6.61732 6.34377 22.1664 6.24234 3.87257 3.77851 2.3897 2.38417 0.935888 1.47817 1.01199 0.799918 0.859075
threshold=3.9611729973648138 0.26337961663928472 4.4084610982207808 5.8941273005512267 4.4524223690016962 5.9734787654269947 1.5000000000000002 0.31410302578058374 4.5341594832340997 0.28230039401158186 4.4524223690016962 5.3496519098028221 5.2095134744993077 4.9580076557206612 4.3328061510596445 4.561166049125041 5.0591714496897406 5.4188300045651632 4.6569856547695219 4.7001851868954612 4.566816998076491 4.4524223690016962 5.9734787654269947 4.3004826673323846 1.0000000180025095e-35 1.0000000180025095e-35 0.25270326911339452 0.25270326911339452 0.8677148691289146 0.8542062519189314
decision_type=2 2 2 2 2 2 2 2 2 2 2 2 2 2 2 2 2 2 2 2 2 2 2 2 2 2 2 2 2 2
left_child=28 2 22 25 5 -5 -6 8 9 21 11 12 -9 15 -13 -12 -15 -11 20 -20 -10 -3 23 -2 -25 27 -27 -4 29 -1
right_child=1 7 3 4 6 -7 -8 10 18 17 13 14 -14 16 -16 -17 -18 -19 19 -21 -22 -23 -24 24 -26 26 -28 -29 -30 -31
leaf_value=0.033987462387754762 0.031099913389592927 0.027119438350077671 -0.028157624433032737 -0.017130684960720146 -0.0010243687778755306 0.046185876505507269 0.004561952704239482 -0.0012922125815410992 0.0037564620982526858 0.032429677109361302 -0.0072446258655625671 0.0049560416584968599 0.014123721132405509 -0.0052865238666537258 -0.017013043722401821 0.019245023683313617 0.00028581457431704993 0.0017607451629755796 0.016802428303210194 0.00016329844206875767 -0.0097759430417763658 0.014988432456797044 0.052041147163308134 -0.0028144642315390683 0.016341543396965415 -0.0028662640186973422 -0.016818051364071693 -0.01145912771115867 0.050002796052251365 -0.016306543716812474
leaf_weight=3.0875338696923773 12.826670332840875 153.15725976309477 17.572159297764301 7.7797018643468645 10149.000877484679 15.61293152393773 441.18235340435058 8370.9216172020097 122.86043412983418 18.771578511186817 62.84127815021202 112.41691756621003 652.01112324057613 723.00712887261761 647.91810772195458 356.57244699467265 30030.99578210451 279.0328378212871 209.8239546045661 4345.2116317972541 278.15362173318863 115.32498887181282 6.1599986153305499 30.180581415072083 35.172850631584879 38.321334460750222 37.624081079848111 18.759529948234558 4.7478583294071086 1.1711126215311649
leaf_count=54787 2000 4532 179 89 48623 243 2507 3001078 654 2103 1681 1010 6191 5878 3235 4889 669838 4120 1129 20633 1497 966 274 1022 526 188 186 182 1644200 7531
internal_value=5.89742e-06 2.55979e-07 -0.000743639 -0.000862235 -0.000734516 0.0251287 -0.000791645 0.000173273 0.00162242 0.0123297 -2.21214e-05 -0.00123416 -0.000178233 0.000358257 -0.0137649 0.015276 0.000154812 0.00369391 0.000398992 0.000929766 -0.00562996 0.0219086 0.0143386 0.0113679 0.00749519 -0.0129355 -0.00977811 -0.0195355 0.0358904 0.0201568
internal_weight=57298.2 57289.2 10810.2 10725.9 10613.6 23.3926 10590.2 46479 5522.34 566.287 40956.7 9783.27 9022.93 31173.4 760.335 419.414 30754 297.804 4956.05 4555.04 401.014 268.482 84.3401 78.1801 65.3534 112.277 75.9454 36.3317 9.0065 4.25865
internal_count=5491971 3785453 56019 52197 51462 332 51130 3729434 35634 11721 3693800 3011514 3007269 682286 4245 6570 675716 6223 23913 21762 2151 5498 3822 3548 1548 735 374 361 1706518 62318
is_linear=0
shrinkage=0.05


Tree=189
num_leaves=31
num_cat=0
split_feature=2 0 3 3 1 0 3 0 2 0 0 2 1 2 3 0 3 0 2 1 1 0 0 0 1 2 0 0 2 3
split_gain=4.39411 3.04058 10.1292 26.1467 13.2928 11.2823 10.4138 15.538 67.0658 9.73162 7.39252 7.15386 11.5484 7.1218 6.95551 6.9317 5.59545 3.86251 3.64203 2.6149 2.39325 1.25178 0.715194 2.79098 0.687712 0.344538 0.134942 0.915784 0.243097 0.0252499
threshold=3.9458371471424569 0.99910508104170459 4.2047672406880237 4.2024512923595738 1.0000000180025095e-35 0.98267950596700693 4.2196547423775792 0.81577353924098361 4.0119989251342334 0.88538151868654846 0.98410271399547677 4.2047331123241749 1.0000000180025095e-35 4.2047331123241749 4.6348260661835381 0.98882643741221621 8.3242998889234094 0.98229026671114361 4.3328061510596445 1.5000000000000002 1.0000000180025095e-35 0.9878076891782771 0.99955128939493143 0.99999915540540552 1.0000000180025095e-35 4.3004826673323846 0.85838481332044558 0.8542062519189314 3.940057182282628 4.0772831707010573
decision_type=2 2 2 2 2 2 2 2 2 2 2 2 2 2 2 2 2 2 2 2 2 2 2 2 2 2 2 2 2 2
left_child=26 2 3 5 15 17 7 8 -4 -6 -9 12 -8 19 -13 -5 18 -2 25 22 -20 -7 24 -24 -3 -15 27 -1 29 -29
right_child=1 13 6 4 9 21 11 10 -10 -11 -12 14 -14 16 -16 -17 -18 -19 20 -21 -22 -23 23 -25 -26 -27 -28 28 -30 -31
leaf_value=0.050377283988050858 0.0022659241822155732 0.060025589137899765 -0.076909111758908508 -0.061849291608016888 -0.12651588186192728 0.084619662374006463 0.0007838138946459661 0.049924850756674917 -1.9778503973385551 -0.014879065038535267 0.0082822273008274893 -0.0036944123571394762 0.011711950982011644 0.056524879229233244 -1.6907709873887905e-05 0.061301935714791089 -0.17569910289196961 -0.032338984002318827 0.025920517188639788 0.050023565289770755 0.0071785035129541671 0.044815959320601437 0.073101887555259801 0.00060997373902937598 -0.031635939512193116 0.032883686858647919 0.050006383739294683 0.050000189744726455 0.050003958955440068 -0.074609593798234813
leaf_weight=1.2763629722255689 251.37491784588065 0.22201176640100984 0.78708701920549984 22.766773531075163 1.9733405836268492 3.2481710854137855 885.20842988121512 20.852224600253976 0.049304995918646455 181.67973280284787 21.798912854865193 1318.1149548195535 332.57927613844731 1.8059158911928506 52394.45289760374 1.2029964923858631 0.40718623995780845 8.3309513517738178 18.343033877143171 2.6836865664390634 238.53018304798752 5.0403033757863795 1.3288883773216174 1556.8281860742895 2.6139376014143636 10.51089902408421 3.8713138586408604 0.0041414912022900143 0.049555728532141075 0.22104723751544952
leaf_count=39394 353616 1020 1843 709 796 67007 92106 7417 13 963 91 7748 86271 46 590016 8 2 7482 204879 779503 3405 160570 3243 1459090 2360 304 1620273 1169 626 1
internal_value=5.76616e-06 1.50569e-06 -6.47314e-05 -0.00733009 -0.0206492 0.0029886 -1.87369e-06 0.0244561 -0.188969 -0.0160786 0.0286414 -2.12367e-05 0.0037683 0.00200492 -0.000107154 -0.0556686 0.0095102 0.00115585 0.00979036 0.000710919 0.00851685 0.0604146 0.00062614 0.000671799 -0.0244602 0.03635 0.0450136 0.0325526 -0.0502547 -0.0723179
internal_weight=57288.2 57282.7 55449.5 475.617 207.623 267.994 54973.8 43.4875 0.836392 183.653 42.6511 54930.4 1217.79 1833.27 53712.6 23.9698 269.597 259.706 269.19 1563.68 256.873 8.28847 1560.99 1558.16 2.83595 12.3168 5.42242 1.55111 0.274744 0.225189
internal_count=5491971 3830508 1376656 591151 2476 588675 785505 9364 1856 1759 7508 776141 178377 2453852 597764 717 208636 361098 208634 2245216 208284 227577 1465713 1462333 3380 350 1661463 41190 1796 1170
is_linear=0
shrinkage=0.05


Tree=190
num_leaves=31
num_cat=0
split_feature=2 0 1 2 2 0 2 2 3 0 2 0 0 3 2 1 3 0 3 3 3 2 2 0 2 3 2 3 2 3
split_gain=4.23948 3.86224 3.80602 3.04407 3.06726 3.36395 3.12565 2.8705 12.8119 19.6673 13.6494 17.3151 12.1365 7.49351 18.3287 14.9561 7.05884 47.2758 35.1323 25.8943 43.8017 36.0293 22.3699 40.5568 34.6902 21.0086 17.6905 15.3132 13.2534 12.7419
threshold=4.030888272116945 0.65404583389057924 1.5000000000000002 3.9458371471424569 4.0114993236992254 0.90566373228629682 4.0161235410413463 7.1770651455763064 8.3242998889234094 0.42453889481418622 7.7655073004765951 0.48781481660207754 0.53804512297100382 7.9584020480681064 7.5747031881281135 1.5000000000000002 7.3233027137203726 0.35510742169672516 7.8549435851211564 7.3159499364080736 7.3155776058677429 6.8798394033720642 6.8949607206794896 0.67233198250082127 6.233413750140044 7.9942274713266626 6.4739370300385177 7.3955494728005915 5.9646979569103058 7.9584020480681064
decision_type=2 2 2 2 2 2 2 2 2 2 2 2 2 2 2 2 2 2 2 2 2 2 2 2 2 2 2 2 2 2
left_child=1 -1 3 -3 5 -5 -6 16 12 -10 11 -11 -9 15 -15 -14 19 27 26 20 21 -2 24 -24 -21 -20 -19 28 -18 -29
right_child=7 2 -4 4 6 -7 -8 8 9 10 -12 -13 13 14 -16 -17 17 18 25 22 -22 -23 23 -25 -26 -27 -28 29 -30 -31
leaf_value=0.050024896471754371 0.00015637703268270056 0.044555625382493996 0.050040371484171342 -0.017449727939286435 0.02876434874294654 0.0047702861487159227 0.0052742817432146231 -0.0068707420870339547 -0.0017369770270748376 0.0076856333950727392 0.0028094227393437015 0.031609979118042128 -0.0046143546330801128 0.010421333546504648 -0.0027671068710315213 0.013638092572400076 0.00034529248962587308 0.029349478076791887 -0.003807199931697538 0.00055560852308324542 0.05269735299690953 -0.019684020079647466 0.022172409528910926 -0.0070292288123982166 -0.015031300550174945 0.02087397784003682 0.0083217805225311997 -0.0038864262869549404 0.019001539199150489 0.00042069586292995217
leaf_weight=5.2901872015913787 37902.833935291543 4.7722454288705185 4.8895856382421234 26.760683766875445 18.681681100731566 46.860502269142899 58.53038932243453 1234.337447181344 1363.3416524529457 224.73277641832829 514.10759887099266 113.98799049854279 1398.3167807683349 424.80869919806719 693.52961526066065 122.02621293067932 214.63405282795429 104.38632366061211 975.81136563420296 591.81967663764954 39.52820037928177 230.21052668854827 182.72954939608462 340.40027487743646 899.53372616297565 94.575725212693214 2392.5133454350289 3260.2163581997156 171.07133039832115 3627.8905762210488
leaf_count=25387 852359 1648977 919421 48839 67924 1719838 87911 6352 8163 949 2857 470 8332 2557 4722 985 902 462 5014 3374 3349 6418 10946 2621 9029 419 10965 13717 722 17990
internal_value=5.73523e-06 0.0079898 0.00660426 0.00523936 0.00399543 -0.0033065 0.0109578 -1.74388e-05 -0.00104354 0.0019884 0.00794382 0.0157368 -0.00277844 -0.000864114 0.00224262 -0.00314937 0.000105006 0.00123725 0.00595206 -0.000200434 9.11308e-05 3.65999e-05 -0.00572531 0.00317092 -0.00884589 -0.00162646 0.00920087 -0.00107504 0.00861987 -0.00161791
internal_weight=57283.1 165.785 160.495 155.606 150.833 73.6212 77.2121 57117.3 6089.19 2216.17 852.828 338.721 3873.02 2638.68 1118.34 1520.34 51028.2 10841.1 3567.29 40187.1 38172.6 38133 2014.48 523.13 1491.35 1070.39 2496.9 7273.81 385.705 6888.11
internal_count=5491971 4518297 4492910 3573489 1924512 1768677 155835 973674 35387 12439 4276 1419 22948 16596 7279 9317 938287 50191 16860 888096 862126 858777 25970 13567 12403 5433 11427 33331 1624 31707
is_linear=0
shrinkage=0.05


Tree=191
num_leaves=31
num_cat=0
split_feature=2 0 3 3 1 3 0 1 2 3 3 3 1 3 3 2 2 3 0 1 3 2 0 0 3 1 2 0 2 0
split_gain=3.97897 2.98248 19.2455 134.509 38.0036 30.5498 26.724 25.2867 20.9343 25.1833 23.2117 16.7832 14.3967 13.6163 13.3591 52.4341 18.9833 29.2899 18.9997 17.7692 19.0039 18.6677 10.7625 14.4877 11.0214 9.11776 7.52441 6.47205 5.53505 4.61255
threshold=3.9611729973648138 0.71821806542236111 5.305243325385967 4.6071681687305253 1.0000000180025095e-35 5.4424826413705318 0.90776314808047343 1.0000000180025095e-35 6.8949607206794896 6.2597917668147938 8.1727008602802069 5.0591714496897406 1.5000000000000002 4.4425335955884924 5.2095134744993077 4.3328061510596445 4.159971731735074 4.5436670406715125 0.64922974994475979 1.0000000180025095e-35 5.4188300045651632 4.3004826673323846 0.67233198250082127 0.38448516112627812 7.9584020480681064 1.0000000180025095e-35 5.209507762638709 0.91053873224535642 4.0326128529886951 0.70291489244481387
decision_type=2 2 2 2 2 2 2 2 2 2 2 2 2 2 2 2 2 2 2 2 2 2 2 2 2 2 2 2 2 2
left_child=-1 14 3 12 26 6 7 -4 9 -7 -10 -6 13 -3 16 19 25 29 -19 20 -16 -21 23 -17 -24 -2 -5 -8 -27 -18
right_child=1 2 5 4 11 8 27 -9 10 -11 -12 -13 -14 -15 15 22 17 18 -20 21 -22 -23 24 -25 -26 28 -28 -29 -30 -31
leaf_value=0.034694573328493114 0.0050877623594492031 0.00050037210060383907 -0.0096220114604607526 0.0053486323645098267 0.024851056330722088 0.0029048853599926497 -0.39285894652618913 -0.059496510567947691 -0.0050366487972805492 0.049685808874037736 0.017479372029379721 0.045078175510020878 0.047215459532496583 -0.0075670468322675448 0.016744367636663291 -0.00069553356370636156 -0.089352680751711933 -0.0039921198758187766 0.0033626662797919663 0.045254117362931168 -0.01352213017680882 0.013486610974179136 -0.0084864054842640323 0.0011467258692490947 0.0052520310976909221 -0.14151720511149177 -0.10232080845181046 -0.16822379760672737 0.027658735593193814 -0.042133246169480248
leaf_weight=8.2653585435982659 358.1663525586664 3092.6144897046838 83.314643238205463 159.55025392580137 264.12011037021875 93.274042291217484 0.44797326344996591 36.56915395334363 1412.0833555191057 41.598587809734454 124.55945102125406 167.64598603919148 15.635201950826284 629.49933399626752 199.87429753372271 24038.491434262251 8.6784122548997402 5083.0889649285818 1061.4770869305357 90.414444058798836 70.036086212974624 94.663458915951196 675.97631770034786 19191.941800931818 186.19202832132578 0.48749889024838822 1.6393317134570669 1.1281286540906874 58.73666259914171 12.799392307642847
leaf_count=1706518 56456 1930687 1608 91623 4447 2143 29 188 11976 305213 857 4792 938704 4715 4593 120054 83 29871 4919 4512 4439 1041 6414 207828 1086 246 1705 48 45067 109
internal_value=5.46683e-06 4.59065e-07 0.00104323 0.00284681 0.0249706 -0.00331309 -0.0275248 -0.0248356 -0.00155376 0.0173335 -0.00321151 0.0327048 -0.000662904 -0.000864023 -0.000124428 0.000186265 -0.00222677 -0.00292532 -0.00272158 0.0170731 0.00889085 0.0290057 1.2011e-05 0.000122329 -0.00551948 0.0080928 0.00425361 -0.232072 0.0262662 -0.0612129
internal_weight=57263 57254.7 6123.68 4330.7 592.956 1792.98 121.46 119.884 1671.52 134.873 1536.64 431.766 3737.75 3722.11 51131 44547.6 6583.43 6166.04 6144.57 454.988 269.91 185.078 44092.6 43230.4 862.168 417.391 161.19 1.5761 59.2242 21.4778
internal_count=5491971 3785453 3298735 2976673 102567 322062 1873 1796 320189 307356 12833 9239 2874106 1935402 486718 349967 136751 34982 34790 14585 9032 5553 335382 327882 7500 101769 93328 77 45313 192
is_linear=0
shrinkage=0.05


Tree=192
num_leaves=31
num_cat=0
split_feature=2 1 2 2 3 3 0 0 0 3 0 3 2 1 0 3 3 2 0 0 0 3 3 3 0 3 3 0 2 0
split_gain=3.76424 2.81412 10.3646 34.0077 21.4445 11.9572 11.9425 9.18129 6.31683 6.22873 10.3306 6.22805 4.89196 5.74224 5.64447 6.03232 5.19463 44.5467 44.9932 17.8104 9.93473 29.9746 13.8425 4.87796 4.84055 6.57852 4.24244 3.00679 2.9243 0.151696
threshold=3.9458371471424569 1.0000000180025095e-35 6.9354456287757147 6.7574221718074989 7.3159499364080736 7.2540859042396688 0.97438968303263829 0.66578999664304883 0.85838481332044558 7.6587840460954757 0.66578999664304883 7.2227849702893554 4.1213213202479668 1.5000000000000002 0.74916527884173567 4.3506649499126473 6.6746245191423315 5.164963085408476 0.45574190124011732 0.52711662496787948 0.67233198250082127 7.1123681928467075 7.7766189032103208 4.3382053465969248 0.47638594757386876 7.9584020480681064 7.8549435851211564 0.55449294601117682 4.0326128529886951 0.85838481332044558
decision_type=2 2 2 2 2 2 2 2 2 2 2 2 2 2 2 2 2 2 2 2 2 2 2 2 2 2 2 2 2 2
left_child=29 2 3 6 5 -5 8 -6 -2 10 27 -12 13 14 28 -16 17 19 -19 -14 22 -22 -18 -8 25 -11 -26 -4 -3 -1
right_child=1 12 9 4 7 -7 23 -9 -10 24 11 -13 16 -15 15 -17 20 18 -20 -21 21 -23 -24 -25 26 -27 -28 -29 -30 -31
leaf_value=0.030400856116542047 0.00056753559024264901 -0.066722179226003347 -0.036164683875904963 -0.08000768996394457 0.010653349078135166 0.046447050449408285 0.011673068494202974 -0.11227711051129181 -0.0070871381260444429 -0.044442998376015223 0.050254430193806737 -0.020046298242063318 0.0013418009389662077 0.050025424930202934 0.0033946075424495336 -0.070292550789563021 0.0017482846916491914 -0.012126419901450582 0.0051045207399623314 -0.0019036957222077209 0.063940103470075296 -0.0035557105704904501 -0.00077480488023478559 0.050008593371380229 0.046805641751551025 -0.0060386929493610846 0.0024029701444436453 -0.091692658179764269 0.031209928556905655 0.05000563469123346
leaf_weight=1.3898067682836188 13006.056871213546 0.78747747131137913 3.9744330644607526 1.9210969945415843 136.4772327078972 69.450496232137084 16.958559445054561 1.5359778990969051 275.22000330288574 12.320641428232191 3.4302251184126353 38.626629438251257 10126.287221595107 8.2736715427340624 86.076095585127405 2.8700225776992729 11781.382793083787 1524.1183334439993 504.17519556451589 7256.2855662675283 16.580308519303799 2077.1079775765538 10093.314940862358 16.248753453601239 6.9168980345129993 117.44623956829309 24.201733253896236 6.3060465976595879 23.817027253200649 3.4020149635820189
leaf_count=41190 225074 1110 23 861 15226 74917 699526 203 174782 55 1392 1161 54097 951527 1084850 243 52595 6212 2190 47297 79 14233 51156 340523 52 678 158 71 30217 1620273
internal_value=5.59524e-06 1.8854e-06 0.000625765 0.000798216 0.0207921 0.0430433 0.00048379 0.00928523 0.000408912 -0.0103121 -0.0252953 -0.0143125 -0.000195128 0.0098103 0.00688009 0.00101695 -0.000223227 -0.000831226 -0.00784331 -1.30187e-05 0.000269163 -0.0030212 0.000584093 0.0304311 -0.00543792 -0.00968497 0.0122726 -0.0702255 0.0280756 0.0443195
internal_weight=57243 57238.2 13737.1 13523.9 209.385 71.3716 13314.5 138.013 13281.3 213.223 52.3373 42.0569 43501.1 121.824 113.551 88.9461 43379.3 19410.9 2028.29 17382.6 23968.4 2093.69 21874.7 33.2073 160.886 129.767 31.1186 10.2805 24.6045 4.79182
internal_count=5491971 3830508 1534702 1531112 91207 75778 1439905 15429 399856 3590 2647 2553 2295806 2067947 1116420 1085093 227859 109796 8402 101394 118063 14312 103751 1040049 943 733 210 94 31327 1661463
is_linear=0
shrinkage=0.05


Tree=193
num_leaves=31
num_cat=0
split_feature=2 0 1 2 3 3 0 0 3 3 2 3 0 3 2 1 2 2 3 2 2 3 1 0 3 0 3 0 0 3
split_gain=3.72177 3.71092 3.3335 2.86587 14.8781 28.4278 26.011 13.2909 48.8836 75.5689 43.9308 39.1903 28.4199 34.5943 24.2416 23.92 40.4107 20.6462 15.813 20.4738 12.5494 11.9819 10.3289 10.0362 31.7144 19.6299 9.51037 7.76007 8.7447 4.76396
threshold=4.030888272116945 0.65404583389057924 1.5000000000000002 5.5245751061938488 5.9734787654269947 6.5236944472770055 0.44436429482993728 0.66578999664304883 4.6348260661835381 5.1648431135156008 4.8294082094226871 5.4424826413705318 0.52711662496787948 4.9159581800171894 4.2361428001878414 1.0000000180025095e-35 4.2361428001878414 4.7405572413601371 4.5022511074091645 4.2361428001878414 5.3967752333733872 6.0717185978016612 1.5000000000000002 0.67233198250082127 7.1123681928467075 0.59974344721633821 4.5436670406715125 0.71821806542236111 0.74916527884173567 5.8465832628495127
decision_type=2 2 2 2 2 2 2 2 2 2 2 2 2 2 2 2 2 2 2 2 2 2 2 2 2 2 2 2 2 2
left_child=1 -1 -3 7 27 6 22 12 18 10 -10 -11 13 14 -2 20 -17 -15 19 -9 -14 -8 -6 25 -25 -7 -20 -5 -29 -30
right_child=3 2 -4 4 5 23 21 8 9 11 -12 -13 15 17 -16 16 -18 -19 26 -21 -22 -23 -24 24 -26 -27 -28 28 29 -31
leaf_value=0.050023645957668367 0.0099026243623071969 0.0050006359156206433 0.050034989259488988 -0.067065670556452711 -0.003842743266046245 0.00012583692371522746 -0.011864907995952157 -0.00099372948145304957 0.012896151045892066 -0.014161942948750353 0.041100498685840703 0.014837028209872523 7.392360445694373e-05 0.0015105242260380874 0.050205990652710697 0.020928500496322694 -0.0077692851412859342 -0.0016112812099195928 -0.01699851618305899 0.012032713217590309 -0.024823218051195212 0.027659041885311011 -0.066315994434172451 0.050579072959496846 -0.003695619871299142 0.0056132032622923959 -0.0039844246691135071 0.014870783791711438 0.010092452982005975 -0.058933248784078886
leaf_weight=4.9811957645613338 122.8985023471796 154.74926777268411 4.2212451956695523 10.758852183818815 67.243302874267101 19810.278337862808 21.125380367593607 2962.0598750389363 854.6347626780771 388.87324927742884 164.6634926566403 166.34442555019632 2757.0727923478698 10318.11999408713 53.573152669705451 127.60144104486244 3174.2847314076498 10881.878595985472 209.7336675565457 335.83907500491478 51.559693619608879 207.74274710210011 7.3381416648626319 27.261504811380291 2120.4356660394114 1775.8835207066732 424.53915669448907 11.962452471256258 3.2395077409601063 10.94569042601506
leaf_count=25387 10252 3573489 919421 55 404 134883 247 105997 6915 40135 60366 1332 27842 75700 282 21406 13880 50074 1841 3707 293 304496 36 5008 17320 87434 3507 64 57 141
internal_value=5.49491e-06 0.00752802 0.00619646 -1.61167e-05 0.000398686 0.000447391 0.0156543 -0.000318782 0.00192329 0.00936803 0.0174524 -0.00547379 -0.000767955 9.16295e-05 0.0221379 -0.00377504 -0.00666026 -9.18866e-05 -0.00105772 0.000332809 -0.000383128 0.0240108 -0.00998955 0.000252963 -0.00300669 0.00057728 -0.00828777 -0.0313232 -0.0166164 -0.0431697
internal_weight=57231.8 163.952 158.971 57067.9 24074.2 24037.3 303.45 32993.7 5506.69 1574.52 1019.3 555.218 27487 21376.5 176.472 6110.52 3301.89 21200 3932.17 3297.9 2808.63 228.868 74.5814 23733.9 2147.7 21586.2 634.273 36.9065 26.1477 14.1852
internal_count=5491971 4518297 4492910 973674 550145 549828 305183 423529 223800 108748 67281 41467 199729 136308 10534 63421 35286 125774 115052 109704 28135 304743 440 244645 22328 222317 5348 317 262 198
is_linear=0
shrinkage=0.05


Tree=194
num_leaves=31
num_cat=0
split_feature=2 0 3 3 1 3 1 0 0 3 2 0 1 3 3 2 1 2 3 2 3 0 0 3 3 1 2 3 2 3
split_gain=3.51322 3.18475 15.7103 115.852 35.3053 25.8126 19.1206 22.3945 21.2775 17.9037 19.9962 17.5973 13.0564 11.8399 11.8128 47.3953 16.6625 18.2577 17.3266 16.499 24.4454 16.0963 9.21021 60.5635 13.0487 8.07262 6.04874 5.9779 4.42314 3.87154
threshold=3.9458371471424569 0.71821806542236111 5.305243325385967 4.6071681687305253 1.0000000180025095e-35 5.4424826413705318 1.0000000180025095e-35 0.74916527884173567 0.90776314808047343 8.1727008602802069 6.8949607206794896 0.7807682914075661 1.5000000000000002 4.4425335955884924 5.2095134744993077 4.3328061510596445 1.0000000180025095e-35 4.3004826673323846 5.4188300045651632 4.159971731735074 4.5436670406715125 0.64922974994475979 0.38448516112627812 5.4424826413705318 7.2227849702893554 1.0000000180025095e-35 4.8759953683502149 8.3242998889234094 4.0326128529886951 4.408729418781701
decision_type=2 2 2 2 2 2 2 2 2 2 2 2 2 2 2 2 2 2 2 2 2 2 2 2 2 2 2 2 2 2
left_child=-1 14 3 12 26 6 8 -8 -4 10 -7 -6 13 -3 19 16 18 -18 -16 25 -21 -22 23 -17 -24 29 -5 -11 -27 -2
right_child=1 2 5 4 11 9 7 -9 -10 27 -12 -13 -14 -15 15 22 17 -19 -20 20 21 -23 24 -25 -26 28 -28 -29 -30 -31
leaf_value=0.043905749920467384 -0.023737487056818933 0.00058174777670532037 -0.0082620709423000451 -0.0028120980093810574 0.021724854545106354 0.015963786901554495 -0.019748801075548269 -0.097773413461687178 -0.17475672929792349 0.036123925089469072 -0.0044303541131988939 0.042306126799075097 0.046947248336107889 -0.0069396292536533901 0.01602752274359092 -0.016562354733544667 0.044542063834765819 0.012763576835184524 -0.012814888679064782 -0.05489458322859208 -0.0037342880895942145 0.0030384201862601284 -0.00029933633815847988 -0.00026341959320332308 0.0022833356386879342 -0.11606555788617856 0.018460096591407776 0.010736892590518876 0.026514828719485014 0.0057413085041420142
leaf_weight=4.5569675292717866 11.510137078908881 3093.9911046549787 84.892037559766322 111.88303532243299 225.86992809083313 131.40443359482015 20.421435996890068 16.730864658951759 1.9633126319386054 30.90119082480669 1408.6143046155921 192.26461768755689 14.439362047294706 629.72579547390342 197.15161806143078 584.14078829437494 87.06812636309769 93.988524546963163 70.758708637953532 22.397760005434975 5076.2824113109964 1060.5737037656363 11574.708401691983 23452.076259632711 8469.178931319504 0.54927844639678269 47.650647713533544 92.898668628185987 55.97157011822128 344.43052674723731
leaf_count=1661463 13619 1974510 1608 1795 1297 307356 82 106 77 167 11976 7942 938704 4715 4600 2633 4512 1041 4439 192 29871 4919 62216 117421 153112 246 91533 690 45067 44062
internal_value=5.48614e-06 1.98899e-06 0.00108146 0.00271413 0.0235533 -0.00285981 -0.0248664 -0.0548858 -0.0120256 -0.00121962 -0.00269019 0.0311884 -0.000506199 -0.000690209 -0.000126947 0.000165098 0.0163284 0.0280455 0.00840986 -0.00210581 -0.00275412 -0.00256383 4.7105e-07 -0.000659525 0.000791925 0.00757546 0.00354163 0.0170736 0.0251292 0.00478805
internal_weight=57209 57204.4 6103.65 4315.82 577.668 1787.83 124.008 37.1523 86.8554 1663.82 1540.02 418.135 3738.16 3723.72 51100.8 44529.1 448.967 181.057 267.91 6571.72 6159.25 6136.86 44080.1 24036.2 20043.9 412.462 159.534 123.8 56.5208 355.941
internal_count=5491971 3830508 3342558 3020496 102567 322062 1873 188 1685 320189 319332 9239 2917929 1979225 487950 349974 14592 5553 9039 137976 34982 34790 335382 120054 215328 102994 93328 857 45313 57681
is_linear=0
shrinkage=0.05


Tree=195
num_leaves=31
num_cat=0
split_feature=2 0 3 3 1 0 0 2 3 3 0 2 3 2 0 3 0 3 2 1 1 0 0 0 1 0 0 3 2 2
split_gain=3.31634 3.02751 9.52783 22.8288 11.1173 10.4838 10.1367 12.0781 29.5808 23.7217 9.67169 7.86324 9.86092 6.97014 5.98533 4.86129 4.77995 4.16915 3.27119 1.96752 1.77518 1.18849 0.657634 2.51101 0.629042 0.510569 1.58829 0.687841 0.340222 0.202534
threshold=3.9545425682277715 0.99910508104170459 4.2047672406880237 4.2024512923595738 1.0000000180025095e-35 0.98267950596700693 0.94680044662651419 4.3328061510596445 4.2574549733979739 4.6071681687305253 0.88258299108762361 4.0761936165177461 4.3609306632299711 4.2047331123241749 0.98882643741221621 8.3242998889234094 0.64105069103532075 4.1855554307025713 4.3328061510596445 1.5000000000000002 1.0000000180025095e-35 0.9878076891782771 0.99955128939493143 0.99999915540540552 1.0000000180025095e-35 0.8677148691289146 0.8542062519189314 4.0890807290380335 4.3004826673323846 3.9476064009315688
decision_type=2 2 2 2 2 2 2 2 2 2 2 2 2 2 2 2 2 2 2 2 2 2 2 2 2 2 2 2 2 2
left_child=25 2 3 5 14 17 11 8 -8 -9 -6 16 -13 19 -5 18 -4 -2 28 22 -20 -7 24 -24 -3 26 -1 29 -15 -28
right_child=1 13 6 4 10 21 7 9 -10 -11 -12 12 -14 15 -16 -17 -18 -19 20 -21 -22 -23 23 -25 -26 -27 27 -29 -30 -31
leaf_value=0.050191263053881552 -0.002775080686377376 0.059373396332862295 0.028851114129781547 -0.056418819648449116 -0.12487347937896232 0.082940533665986582 0.0034804373665921979 -0.063375325013706546 0.046184787748179135 0.0044503790756884494 -0.01408676542287263 -0.0074050431294395 -2.8064287437639291e-05 0.056119533078957055 0.060503979333597427 -0.15798216720494407 0.0068243961608548944 0.012073355539027575 0.024147958065098458 0.05002358903214308 0.0074386738437767566 0.043478236177565605 0.069344318031865679 0.00065021107438620947 -0.03035972966575598 0.050001437784779057 -0.057900151856858276 0.050005623645832643 0.031999092107052714 0.050092673264329549
leaf_weight=1.6899002984106339 194.21507857470556 0.21128606142406114 30.54653371738641 23.609010518761355 1.9917130913636345 3.1365897875723459 126.32281563779907 14.143184590735471 59.723583942162804 145.64312695263288 180.72766273480374 456.83972838678164 53928.346938023475 1.7097812406718702 1.1477463245391835 0.43264919519424339 127.16207477892203 62.483670649806299 17.038613850239926 2.0216369157458294 236.87494319211692 4.8709154773846421 1.3314395356128432 1556.2894611551269 2.5821955990713832 3.3662769267444901 0.72907768989693966 0.21284836026097764 10.085761235095561 0.046165019739419222
leaf_count=48331 322480 1020 27249 620 787 67003 545 436 680 169876 972 4121 476647 46 8 2 104159 9879 204879 779503 3405 160569 3243 1459089 2360 1637019 4543 2171 304 25
internal_value=5.59472e-06 1.68062e-06 -6.44359e-05 -0.0071366 -0.0195547 0.00259667 -3.59736e-06 0.00852961 0.0171892 -0.00155309 -0.0152944 -5.77027e-05 -9.00315e-05 0.00200338 -0.0509982 0.00948299 0.0110907 0.000839214 0.00975567 0.000729325 0.00855993 0.0589359 0.000665461 0.00070893 -0.0235727 0.0370399 0.0207471 -0.0296102 0.0354954 -0.0514693
internal_weight=57195.5 57189.5 55360.9 472.182 207.476 264.706 54888.7 345.833 186.046 159.786 182.719 54542.9 54385.2 1828.58 24.7568 266.142 157.709 256.699 265.709 1562.44 253.914 8.00751 1560.41 1557.62 2.79348 6.04427 2.67799 0.988091 11.7955 0.775243
internal_count=5491971 3799882 1346031 562318 2387 559931 783713 171537 1225 170312 1759 612176 480768 2453851 628 208636 131408 332359 208634 2245215 208284 227572 1465712 1462332 3380 1692089 55070 6739 350 4568
is_linear=0
shrinkage=0.05


Tree=196
num_leaves=31
num_cat=0
split_feature=2 3 0 3 2 2 3 2 0 2 2 0 0 0 3 0 0 0 0 2 3 2 2 3 3 2 3 0 3 2
split_gain=3.21017 3.4087 14.2441 14.0525 11.3419 11.3933 7.16773 6.67429 5.40144 5.03855 4.90128 4.75755 3.76018 6.52626 3.69244 4.72188 7.81653 4.32984 2.78483 2.93513 4.26779 6.75421 16.5429 8.43888 4.05201 3.9897 8.42884 2.7323 12.4569 7.0769
threshold=4.0243510107184699 4.1855554307025713 0.95230227493361064 4.1798339453109907 4.0761936165177461 4.0293312904494272 4.1122663335060547 4.05270600857137 0.94061331751995836 4.047053802650951 4.026805708265643 0.99999915540540552 0.97438968303263829 0.97386869467571269 4.2024512923595738 0.94831586558801406 0.98267950596700693 0.89887061752760189 0.65404583389057924 4.0114993236992254 4.086060339104173 4.0076386629639815 4.0079428482084074 4.1043773945192319 4.2024512923595738 4.0203350922855723 4.2047672406880237 0.90566373228629682 4.1150454754147336 4.0119989251342334
decision_type=2 2 2 2 2 2 2 2 2 2 2 2 2 2 2 2 2 2 2 2 2 2 2 2 2 2 2 2 2 2
left_child=18 2 3 6 5 -5 9 -3 -6 -2 -8 12 13 -4 15 17 -17 -9 -1 20 -20 23 -23 -22 27 -26 -27 29 -29 -21
right_child=1 7 11 4 8 -7 10 14 -10 -11 -12 -13 -14 -15 -16 16 -18 -19 19 24 21 22 -24 -25 25 26 -28 28 -30 -31
leaf_value=0.050017851404428687 -0.069542886783955177 0.014683104640083275 0.025605537073360281 0.050123454312996446 -0.012152323041193507 -0.1835814463460772 -0.071862839221787433 -0.0035421915469109506 -0.073780164745710503 0.050463399380901865 0.00010386666464682619 -0.0090045520404347153 0.069628219952700035 -0.32861038096671996 -2.8040640777745459e-05 -0.0093139280322691621 0.060267796479012085 0.04377478896563914 0.0093773101495296801 -0.33107649277328877 -0.057373058696430196 -0.42447275825687458 -0.045439690450132311 0.010473454667245561 -0.073500918943444529 -0.2138858047954087 0.035051182102025583 0.014320479520323197 -0.33245863181673374 0.038817027211451124
leaf_weight=3.7792310680030132 6.6603239821347406 77.337899516482139 11.67426643234467 0.64251969861652769 8.3884402272233256 2.7687696074099222 2.4597498741568407 6.8284934336697942 6.1710861186729735 1.0068846108770229 61.970106707554805 7.5512569368911491 6.2474246405613476 0.13150218265764202 56807.942763757586 28.330542695010081 4.7066509574651709 16.559367549722083 50.074812441601239 0.13025846920573059 5.9639136092482721 0.31276286265347097 3.6171070117779891 19.797040641538842 2.3558906758080402 0.37863119511166621 3.3361520921880583 27.430979475944245 0.26143583871089404 17.746582636335006
leaf_count=24305 4073 67728 4740 733 83 677 2753 309 30 251 13400 2660 13311 114 896736 166 19 168 4239523 23 7726 33 539 43093 1843 229 8980 112147 596 44983
internal_value=5.43599e-06 -1.27976e-05 -0.0085873 -0.0179423 -0.0575006 -0.139563 -0.00808209 4.62078e-06 -0.0382734 -0.0537832 -0.00264362 0.0243205 0.0382597 0.02166 -1.53426e-05 0.0127689 0.000599047 0.0299598 0.00770128 0.00648426 0.000471669 -0.0145481 -0.0756054 -0.00523368 0.0157716 -0.0226018 0.00967815 0.0208836 0.0110466 0.0361218
internal_weight=57192.6 57057.4 115.672 90.0679 17.9708 3.41129 72.0971 56941.7 14.5595 7.66721 64.4299 25.6045 18.0532 11.8058 56864.4 56.4251 33.0372 23.3879 135.185 131.406 79.7656 29.6908 3.92987 25.761 51.6399 6.07067 3.71478 45.5693 27.6924 17.8768
internal_count=5491971 1007951 42825 22000 1523 1410 20477 965126 113 4324 16153 20825 18165 4854 897398 662 185 477 4484020 4459715 4290914 51391 572 50819 168801 11052 9209 157749 112743 45006
is_linear=0
shrinkage=0.05


Tree=197
num_leaves=31
num_cat=0
split_feature=2 2 3 1 3 3 3 1 3 0 2 3 0 0 0 0 1 2 1 1 3 0 1 0 1 3 0 3 2 0
split_gain=3.11848 2.85502 93.1933 37.7115 26.3401 22.8617 22.0858 20.9429 19.8414 25.0525 18.778 17.4424 55.5474 21.496 15.1863 14.5832 14.4691 13.9365 13.626 13.2266 13.0889 12.5559 11.4706 10.8217 28.8675 10.1801 6.53682 6.084 5.49726 4.38782
threshold=3.9545425682277715 4.7405572413601371 5.1648431135156008 1.0000000180025095e-35 5.9734787654269947 5.0591714496897406 5.4424826413705318 1.5000000000000002 5.8019521846187621 0.27227361776119002 5.3967752333733872 5.4188300045651632 0.41467489510663341 0.3654363882654203 0.31410302578058374 0.19145279672441137 1.5000000000000002 4.7881671074430008 1.0000000180025095e-35 1.5000000000000002 5.3496519098028221 0.86374570164169173 1.0000000180025095e-35 0.37481942638641602 1.0000000180025095e-35 5.2095134744993077 0.40475553788558277 5.0001805094309981 6.8284965825503106 0.85838481332044558
decision_type=2 2 2 2 2 2 2 2 2 2 2 2 2 2 2 2 2 2 2 2 2 2 2 2 2 2 2 2 2 2
left_child=-1 6 3 5 10 21 11 8 9 -8 14 13 18 20 -4 -10 -14 27 -13 -19 -2 -3 -12 28 -25 -15 -9 -5 -6 -7
right_child=1 2 4 17 23 29 7 26 15 -11 22 12 16 25 -16 -17 -18 19 -20 -21 -22 -23 -24 24 -26 -27 -28 -29 -30 -31
leaf_value=0.036639535858529068 0.02708197519063061 -0.094386304352674533 -0.025354610372041092 0.048514401232158957 -0.00028639263443417512 0.0021960942985904831 0.023465698562365814 0.030565375453452878 0.010499545904816278 0.0044966729530127479 -0.031539438637286261 -0.027245311314769483 0.0046747556960757275 -0.00097820761378301815 -0.0027582658323682084 -0.0028150451637533151 -0.056169293683294902 0.047073575493580481 -0.010357546458083143 -0.040055677276196182 0.0054752203696491007 0.030466332802044319 0.0017486066040761847 0.0097279995982328307 0.00057674900724399055 0.0023429629205887798 -0.019828148026823776 0.0062091006604938501 -0.0026801205565660248 0.05006407915643174
leaf_weight=5.8085286852437994 108.75059645329748 9.866342915222047 75.289786025881767 10.744622099678962 15553.964351657778 33.058305338490754 187.7102938298267 87.664106967131374 237.85756121343002 2393.6943379221484 93.314974100154359 251.81175995548256 583.31905709207058 10490.297115470155 5993.3244690700012 1518.9782749698497 9.9375869184732419 165.07853795960546 227.22537768201437 4.473770471289753 197.17079194195321 2.5300647298572576 35.810321634635329 927.62086832541536 12138.542722810991 2957.9344812217169 6.9449270442128173 40.652680806815624 2835.7690806463361 5.5980787476146352
leaf_count=1692089 6531 186 337 407 72190 271 4743 2657 1581 14698 614 1673 2497 3026043 65617 8396 57 6030 1488 70 2841 2066 172 434389 62548 13199 53 201 15566 52761
internal_value=5.34616e-06 1.62506e-06 -0.000250135 0.0289116 -0.000460794 -0.00981933 0.000497395 0.00359399 0.00308646 0.00587603 -0.00344006 -0.000428432 -0.00657049 5.04122e-05 -0.00303861 -0.00101239 0.00365556 0.0378608 -0.0192348 0.0447746 0.0131561 -0.0689043 -0.0223077 0.00012621 0.00122643 -0.000247717 0.0268662 0.015053 -0.000655515 0.00912816
internal_weight=57190.7 57184.9 37925.6 272.002 37653.6 51.0528 19259.3 4432.85 4338.24 2581.4 6197.74 14826.4 1072.29 13754.2 6068.61 1756.84 593.257 220.95 479.037 169.552 305.921 12.3964 129.125 31455.9 13066.2 13448.2 94.609 51.3973 18389.7 38.6564
internal_count=5491971 3799882 713425 61992 651433 55284 3086457 32128 29418 19441 66740 3054329 5715 3048614 65954 9977 2554 6708 3161 6100 9372 2252 786 584693 496937 3039242 2710 608 87756 53032
is_linear=0
shrinkage=0.05


Tree=198
num_leaves=31
num_cat=0
split_feature=2 0 3 2 1 0 3 3 3 0 3 3 1 0 0 2 3 2 2 0 3 2 2 2 0 1 1 1 1 0
split_gain=3.0042 3.39176 6.70471 5.67861 2.98436 2.61076 13.4181 13.0037 11.0692 9.65296 10.3657 8.54096 7.07051 6.65106 6.40146 9.90808 8.38499 6.28608 5.06745 4.80704 4.53113 3.24655 3.0596 2.52815 3.8471 3.81998 1.89367 1.51595 0.838152 0.754891
threshold=4.030888272116945 0.6773993455261399 4.3974692789610161 4.0280564505813681 1.5000000000000002 0.99910508104170459 4.2047672406880237 4.2024512923595738 4.2196547423775792 0.96898326482023422 4.1932090212869468 4.1932090212869468 1.0000000180025095e-35 0.98410271399547677 0.94680044662651419 4.3328061510596445 4.3609306632299711 4.2047331123241749 4.0982006077102948 0.99073666075335798 7.9810273183704767 4.0663374965101253 4.3328061510596445 4.0114993236992254 0.90566373228629682 1.0000000180025095e-35 1.0000000180025095e-35 1.0000000180025095e-35 1.0000000180025095e-35 0.98019423795166827
decision_type=2 2 2 2 2 2 2 2 2 2 2 2 2 2 2 2 2 2 2 2 2 2 2 2 2 2 2 2 2 2
left_child=1 26 4 -4 23 6 7 9 13 10 -2 -11 21 29 16 -16 -10 28 -14 -15 22 -9 -19 24 -3 -25 -1 -24 -7 -8
right_child=5 2 3 -5 -6 17 8 12 14 11 -12 -13 18 19 15 -17 -18 20 -20 -21 -22 -23 27 25 -26 -27 -28 -29 -30 -31
leaf_value=0.050022888231875687 -0.010160617421297853 -0.016827925006556645 0.050086164191134701 -0.65353687400968807 0.050032591320599229 -0.017215329611158833 0.046464300936138056 -0.0075819943622368047 -0.0064441673612686858 0.053492915603660318 0.033756781201367124 -0.00021618140539882535 -0.06956003158602439 -0.0066558645295319496 0.016033881785785079 -0.0016736083447983939 -1.1729566796006164e-05 0.034861085099992799 -0.013317535546500293 0.045929262264611526 -0.062813985657985738 -0.053096304581497472 0.023073281147099542 0.0066929911844783368 0.0065837742670442944 0.039981617804693732 -0.072718927200966177 0.0073875140990569202 0.00071056397405931399 0.091361522524746164
leaf_weight=5.7810914013019774 110.4016434295836 27.391034813641227 0.048077621613628163 0.071053063031286001 3.7004656436131418 6.5485903992384911 16.924296035562296 4.950709085911515 511.43087163340533 14.959109731648823 15.297528515478914 14.652193050831556 4.0973151459547799 15.786440879106523 155.95854234544458 160.08696536704883 53974.799793786107 11.435974664054809 177.71978269878309 5.9970067944377652 2.1800848841667166 18.782834157347679 16.48502526253651 65.127794354791149 48.826103102163984 9.932363113754489 0.33230188884772349 234.74236815003678 1537.0229465610128 0.99105978012084861
leaf_count=31211 14370 100360 29 22 919421 58 2556 146 30862 10859 1241 73 436 66 1099 170312 522434 350 925 25 11 104 204879 63774 3312005 91472 3 3396 9468 4
internal_value=5.44908e-06 0.00682138 0.0053815 -0.369575 0.00566973 -1.38243e-05 -7.50652e-05 -0.00968502 -1.18315e-05 0.00123421 -0.00481589 0.0269167 -0.0179354 0.0263808 -3.09503e-05 0.00706448 -7.21072e-05 0.00185559 -0.014585 0.00782088 0.00897231 -0.0436022 0.00956813 0.00458454 -0.00182996 0.0110979 0.0433511 0.00841678 0.000634514 0.048948
internal_weight=57172.5 161.21 155.097 0.119131 154.978 57011.3 55202.8 360.861 54842 155.31 125.699 29.6113 205.551 39.6988 54802.3 316.046 54486.2 1808.41 181.817 21.7834 264.843 23.7335 262.663 151.277 76.2171 75.0602 6.11339 251.227 1543.57 17.9154
internal_count=5491971 4518297 4487083 51 4487032 973674 755512 28154 727358 26543 15611 10932 1611 2651 724707 171411 553296 218162 1361 91 208636 250 208625 3567611 3412365 155246 31214 208275 9526 2560
is_linear=0
shrinkage=0.05


Tree=199
num_leaves=31
num_cat=0
split_feature=2 1 2 2 3 3 0 0 2 3 0 2 3 0 3 2 0 3 0 3 2 1 0 0 3 3 3 1 0 2
split_gain=2.95189 2.70017 10.0004 29.7777 20.9505 11.3848 9.89699 8.20645 5.97929 5.76858 8.70048 5.9935 4.74738 4.19252 5.99309 4.03421 5.05232 5.19824 10.7846 4.39977 39.7953 40.9843 15.6074 8.04573 25.1375 12.4001 4.0273 3.96332 2.36992 2.25116
threshold=3.9611729973648138 1.0000000180025095e-35 6.9354456287757147 6.7574221718074989 7.3159499364080736 7.2540859042396688 0.97438968303263829 0.64922974994475979 5.0937916101349279 7.6587840460954757 0.66578999664304883 7.2629214257795809 4.3382053465969248 0.47638594757386876 7.9584020480681064 4.1213213202479668 0.74916527884173567 4.3506649499126473 0.7807682914075661 6.6746245191423315 5.164963085408476 1.5000000000000002 0.52711662496787948 0.67233198250082127 7.1123681928467075 7.7766189032103208 7.8549435851211564 1.5000000000000002 0.55449294601117682 4.0326128529886951
decision_type=2 2 2 2 2 2 2 2 2 2 2 2 2 2 2 2 2 2 2 2 2 2 2 2 2 2 2 2 2 2
left_child=-1 2 3 6 5 -5 8 -6 -2 10 28 -12 -8 14 -11 16 29 27 -19 20 22 -22 -17 25 -25 -21 -15 -18 -4 -3
right_child=1 15 9 4 7 -7 12 -9 -10 13 11 -13 -14 26 -16 19 17 18 -20 23 21 -23 -24 24 -26 -27 -28 -29 -30 -31
leaf_value=0.032123338858827982 -0.00012792817465632103 -0.049389051877562679 -0.034493578755010884 -0.07492656925085571 0.0017980078561643073 0.046210677093502156 0.010539523276938514 0.030976887790658027 0.0024580866714608799 -0.042351879836514152 -0.019200258092871448 0.057625051670869093 0.050008460174790992 0.045613611224567724 -0.0058508316297928003 0.0012653390015128065 0.0033635934933580729 -0.022384716853153037 -0.2902424187876424 0.0016208273209141683 -0.005146225798831363 -0.029781514310815715 -0.0017781338481475534 0.059274208647229265 -0.0032133585147374067 -0.0007673598054021109 0.0016723190686556977 0.05002718312655699 -0.083085434968954444 0.031666827554519494
leaf_weight=7.1529803887970038 10426.705946132239 0.88773182047987376 4.0272431224584562 1.9990492076030921 104.96974251861684 65.219472354277968 16.393770693281116 31.276511949719861 2845.2096046574297 12.439793184399603 39.346301669953391 2.7138034626841536 14.23352570186398 6.6544375494122532 117.13775800913572 10115.691680442353 85.65967259651336 2.7082097375387089 0.43632646254263807 11781.428230516613 1843.5102826785296 185.84678748436272 7218.2825557739416 16.2203029692173 2073.4343000538647 10090.734021961689 24.096827901899815 4.805601955340534 6.6571778850629926 24.423631359528372
leaf_count=1706518 253031 1714 23 861 4440 74917 699472 10989 101824 55 2527 26 340523 52 678 54097 1084850 413 11 52595 7495 907 47297 79 14233 51156 158 933525 71 47434
internal_value=5.26938e-06 1.25036e-06 0.00061277 0.000782327 0.0197658 0.0426081 0.000491972 0.00849627 0.000426457 -0.0101349 -0.0244785 -0.0142433 0.0288821 -0.00541619 -0.00935503 -0.00019186 0.00900468 0.00364569 -0.0595519 -0.000217103 -0.000777615 -0.0074023 -2.03608e-06 0.000235842 -0.00272832 0.000519036 0.011181 0.00584241 -0.0647699 0.028824
internal_weight=57170.3 57163.2 13719.1 13506 203.465 67.2185 13302.5 136.246 13271.9 213.073 52.7445 42.0601 30.6273 160.329 129.578 43444.1 118.921 93.6098 3.14454 43325.1 19363.3 2029.36 17334 23961.8 2089.65 21872.2 30.7513 90.4653 10.6844 25.3114
internal_count=5491971 3785453 1489647 1486057 91207 75778 1394850 15429 354855 3590 2647 2553 1039995 943 733 2295806 2067947 2018799 424 227859 109796 8402 101394 118063 14312 103751 210 2018375 94 49148
is_linear=0
shrinkage=0.05


end of trees

feature_importances:
Column_3=1910
Column_2=1757
Column_0=1635
Column_1=698

parameters:
[boosting: gbdt]
[objective: binary]
[metric: binary_logloss,auc]
[tree_learner: serial]
[device_type: cpu]
[data_sample_strategy: bagging]
[data: ]
[valid: ]
[num_iterations: 200]
[learning_rate: 0.05]
[num_leaves: 31]
[num_threads: -1]
[seed: 1011]
[deterministic: 0]
[force_col_wise: 0]
[force_row_wise: 0]
[histogram_pool_size: -1]
[max_depth: 6]
[min_data_in_leaf: 20]
[min_sum_hessian_in_leaf: 0.001]
[bagging_fraction: 1]
[pos_bagging_fraction: 1]
[neg_bagging_fraction: 1]
[bagging_freq: 0]
[bagging_seed: 28150]
[bagging_by_query: 0]
[feature_fraction: 1]
[feature_fraction_bynode: 1]
[feature_fraction_seed: 16591]
[extra_trees: 0]
[extra_seed: 16793]
[early_stopping_round: 0]
[early_stopping_min_delta: 0]
[first_metric_only: 0]
[max_delta_step: 0]
[lambda_l1: 0]
[lambda_l2: 0]
[linear_lambda: 0]
[min_gain_to_split: 0]
[drop_rate: 0.1]
[max_drop: 50]
[skip_drop: 0.5]
[xgboost_dart_mode: 0]
[uniform_drop: 0]
[drop_seed: 26747]
[top_rate: 0.2]
[other_rate: 0.1]
[min_data_per_group: 100]
[max_cat_threshold: 32]
[cat_l2: 10]
[cat_smooth: 10]
[max_cat_to_onehot: 4]
[top_k: 20]
[monotone_constraints: ]
[monotone_constraints_method: basic]
[monotone_penalty: 0]
[feature_contri: ]
[forcedsplits_filename: ]
[refit_decay_rate: 0.9]
[cegb_tradeoff: 1]
[cegb_penalty_split: 0]
[cegb_penalty_feature_lazy: ]
[cegb_penalty_feature_coupled: ]
[path_smooth: 0]
[interaction_constraints: ]
[verbosity: -1]
[saved_feature_importance_type: 0]
[use_quantized_grad: 0]
[num_grad_quant_bins: 4]
[quant_train_renew_leaf: 0]
[stochastic_rounding: 1]
[linear_tree: 0]
[max_bin: 255]
[max_bin_by_feature: ]
[min_data_in_bin: 3]
[bin_construct_sample_cnt: 200000]
[data_random_seed: 3340]
[is_enable_sparse: 1]
[enable_bundle: 1]
[use_missing: 1]
[zero_as_missing: 0]
[feature_pre_filter: 1]
[pre_partition: 0]
[two_round: 0]
[header: 0]
[label_column: ]
[weight_column: ]
[group_column: ]
[ignore_column: ]
[categorical_feature: ]
[forcedbins_filename: ]
[precise_float_parser: 0]
[parser_config_file: ]
[objective_seed: 16666]
[num_class: 1]
[is_unbalance: 0]
[scale_pos_weight: 1]
[sigmoid: 1]
[boost_from_average: 1]
[reg_sqrt: 0]
[alpha: 0.9]
[fair_c: 1]
[poisson_max_delta_step: 0.7]
[tweedie_variance_power: 1.5]
[lambdarank_truncation_level: 30]
[lambdarank_norm: 1]
[label_gain: ]
[lambdarank_position_bias_regularization: 0]
[eval_at: ]
[multi_error_top_k: 1]
[auc_mu_weights: ]
[num_machines: 1]
[local_listen_port: 12400]
[time_out: 120]
[machine_list_filename: ]
[machines: ]
[gpu_platform_id: -1]
[gpu_device_id: -1]
[gpu_use_dp: 0]
[num_gpu: 1]

end of parameters

pandas_categorical:null
