model,seed,threshold,tp,tn,fp,fn,recall,specificity,precision,f1,balanced_accuracy,ppr,pr_auc,roc_auc
MLP,42,0.0,114424,0,36,0,1.0,0.0,0.9996854796435436,0.9998427150871184,0.5,1.0,0.99912594960044,0.6723407385397003
MLP,42,0.01,114424,2,34,0,1.0,0.05555555555555555,0.9997029478061822,0.9998514518398126,0.5277777777777778,0.9999825266468635,0.99912594960044,0.6723407385397003
MLP,42,0.02,114424,6,30,0,1.0,0.16666666666666666,0.9997378859629196,0.9998689258032664,0.5833333333333334,0.9999475799405906,0.99912594960044,0.6723407385397003
MLP,42,0.03,114424,6,30,0,1.0,0.16666666666666666,0.9997378859629196,0.9998689258032664,0.5833333333333334,0.9999475799405906,0.99912594960044,0.6723407385397003
MLP,42,0.04,114424,6,30,0,1.0,0.16666666666666666,0.9997378859629196,0.9998689258032664,0.5833333333333334,0.9999475799405906,0.99912594960044,0.6723407385397003
MLP,42,0.05,114424,6,30,0,1.0,0.16666666666666666,0.9997378859629196,0.9998689258032664,0.5833333333333334,0.9999475799405906,0.99912594960044,0.6723407385397003
MLP,42,0.06,114424,8,28,0,1.0,0.2222222222222222,0.9997553559570824,0.9998776630140338,0.6111111111111112,0.9999301065874542,0.99912594960044,0.6723407385397003
MLP,42,0.07,114424,10,26,0,1.0,0.2777777777777778,0.9997728265618174,0.9998864003775003,0.6388888888888888,0.9999126332343177,0.99912594960044,0.6723407385397003
MLP,42,0.08,114424,10,26,0,1.0,0.2777777777777778,0.9997728265618174,0.9998864003775003,0.6388888888888888,0.9999126332343177,0.99912594960044,0.6723407385397003
MLP,42,0.09,114424,10,26,0,1.0,0.2777777777777778,0.9997728265618174,0.9998864003775003,0.6388888888888888,0.9999126332343177,0.99912594960044,0.6723407385397003
MLP,42,0.1,114424,10,26,0,1.0,0.2777777777777778,0.9997728265618174,0.9998864003775003,0.6388888888888888,0.9999126332343177,0.99912594960044,0.6723407385397003
MLP,42,0.11,114424,11,25,0,1.0,0.3055555555555556,0.9997815620931594,0.9998907691164969,0.6527777777777778,0.9999038965577495,0.99912594960044,0.6723407385397003
MLP,42,0.12,114424,12,24,0,1.0,0.3333333333333333,0.9997902977771564,0.9998951378936698,0.6666666666666666,0.9998951598811812,0.99912594960044,0.6723407385397003
MLP,42,0.13,114424,15,21,0,1.0,0.4166666666666667,0.9998165057451177,0.9999082444542511,0.7083333333333334,0.9998689498514765,0.99912594960044,0.6723407385397003
MLP,42,0.14,114424,15,21,0,1.0,0.4166666666666667,0.9998165057451177,0.9999082444542511,0.7083333333333334,0.9998689498514765,0.99912594960044,0.6723407385397003
MLP,42,0.15,114424,15,21,0,1.0,0.4166666666666667,0.9998165057451177,0.9999082444542511,0.7083333333333334,0.9998689498514765,0.99912594960044,0.6723407385397003
MLP,42,0.16,114424,15,21,0,1.0,0.4166666666666667,0.9998165057451177,0.9999082444542511,0.7083333333333334,0.9998689498514765,0.99912594960044,0.6723407385397003
MLP,42,0.17,114424,15,21,0,1.0,0.4166666666666667,0.9998165057451177,0.9999082444542511,0.7083333333333334,0.9998689498514765,0.99912594960044,0.6723407385397003
MLP,42,0.18,114424,15,21,0,1.0,0.4166666666666667,0.9998165057451177,0.9999082444542511,0.7083333333333334,0.9998689498514765,0.99912594960044,0.6723407385397003
MLP,42,0.19,114424,15,21,0,1.0,0.4166666666666667,0.9998165057451177,0.9999082444542511,0.7083333333333334,0.9998689498514765,0.99912594960044,0.6723407385397003
MLP,42,0.2,114424,15,21,0,1.0,0.4166666666666667,0.9998165057451177,0.9999082444542511,0.7083333333333334,0.9998689498514765,0.99912594960044,0.6723407385397003
MLP,42,0.21,114424,15,21,0,1.0,0.4166666666666667,0.9998165057451177,0.9999082444542511,0.7083333333333334,0.9998689498514765,0.99912594960044,0.6723407385397003
MLP,42,0.22,114424,15,21,0,1.0,0.4166666666666667,0.9998165057451177,0.9999082444542511,0.7083333333333334,0.9998689498514765,0.99912594960044,0.6723407385397003
MLP,42,0.23,114424,15,21,0,1.0,0.4166666666666667,0.9998165057451177,0.9999082444542511,0.7083333333333334,0.9998689498514765,0.99912594960044,0.6723407385397003
MLP,42,0.24,114424,15,21,0,1.0,0.4166666666666667,0.9998165057451177,0.9999082444542511,0.7083333333333334,0.9998689498514765,0.99912594960044,0.6723407385397003
MLP,42,0.25,114424,15,21,0,1.0,0.4166666666666667,0.9998165057451177,0.9999082444542511,0.7083333333333334,0.9998689498514765,0.99912594960044,0.6723407385397003
MLP,42,0.26,114424,15,21,0,1.0,0.4166666666666667,0.9998165057451177,0.9999082444542511,0.7083333333333334,0.9998689498514765,0.99912594960044,0.6723407385397003
MLP,42,0.27,114424,15,21,0,1.0,0.4166666666666667,0.9998165057451177,0.9999082444542511,0.7083333333333334,0.9998689498514765,0.99912594960044,0.6723407385397003
MLP,42,0.28,114424,15,21,0,1.0,0.4166666666666667,0.9998165057451177,0.9999082444542511,0.7083333333333334,0.9998689498514765,0.99912594960044,0.6723407385397003
MLP,42,0.29,114424,15,21,0,1.0,0.4166666666666667,0.9998165057451177,0.9999082444542511,0.7083333333333334,0.9998689498514765,0.99912594960044,0.6723407385397003
MLP,42,0.3,114424,15,21,0,1.0,0.4166666666666667,0.9998165057451177,0.9999082444542511,0.7083333333333334,0.9998689498514765,0.99912594960044,0.6723407385397003
MLP,42,0.31,114424,15,21,0,1.0,0.4166666666666667,0.9998165057451177,0.9999082444542511,0.7083333333333334,0.9998689498514765,0.99912594960044,0.6723407385397003
MLP,42,0.32,114424,15,21,0,1.0,0.4166666666666667,0.9998165057451177,0.9999082444542511,0.7083333333333334,0.9998689498514765,0.99912594960044,0.6723407385397003
MLP,42,0.33,114424,15,21,0,1.0,0.4166666666666667,0.9998165057451177,0.9999082444542511,0.7083333333333334,0.9998689498514765,0.99912594960044,0.6723407385397003
MLP,42,0.34,114424,15,21,0,1.0,0.4166666666666667,0.9998165057451177,0.9999082444542511,0.7083333333333334,0.9998689498514765,0.99912594960044,0.6723407385397003
MLP,42,0.35000000000000003,114424,15,21,0,1.0,0.4166666666666667,0.9998165057451177,0.9999082444542511,0.7083333333333334,0.9998689498514765,0.99912594960044,0.6723407385397003
MLP,42,0.36,114424,15,21,0,1.0,0.4166666666666667,0.9998165057451177,0.9999082444542511,0.7083333333333334,0.9998689498514765,0.99912594960044,0.6723407385397003
MLP,42,0.37,114421,15,21,3,0.9999737817241138,0.4166666666666667,0.9998165009349714,0.9998951351445824,0.7083202241953902,0.9998427398217719,0.99912594960044,0.6723407385397003
MLP,42,0.38,114421,15,21,3,0.9999737817241138,0.4166666666666667,0.9998165009349714,0.9998951351445824,0.7083202241953902,0.9998427398217719,0.99912594960044,0.6723407385397003
MLP,42,0.39,114420,15,21,4,0.9999650422988184,0.4166666666666667,0.9998164993315333,0.99989076529832,0.7083158544827426,0.9998340031452035,0.99912594960044,0.6723407385397003
MLP,42,0.4,114420,15,21,4,0.9999650422988184,0.4166666666666667,0.9998164993315333,0.99989076529832,0.7083158544827426,0.9998340031452035,0.99912594960044,0.6723407385397003
MLP,42,0.41000000000000003,114420,15,21,4,0.9999650422988184,0.4166666666666667,0.9998164993315333,0.99989076529832,0.7083158544827426,0.9998340031452035,0.99912594960044,0.6723407385397003
MLP,42,0.42,114420,15,21,4,0.9999650422988184,0.4166666666666667,0.9998164993315333,0.99989076529832,0.7083158544827426,0.9998340031452035,0.99912594960044,0.6723407385397003
MLP,42,0.43,114420,15,21,4,0.9999650422988184,0.4166666666666667,0.9998164993315333,0.99989076529832,0.7083158544827426,0.9998340031452035,0.99912594960044,0.6723407385397003
MLP,42,0.44,114420,15,21,4,0.9999650422988184,0.4166666666666667,0.9998164993315333,0.99989076529832,0.7083158544827426,0.9998340031452035,0.99912594960044,0.6723407385397003
MLP,42,0.45,114419,15,21,5,0.999956302873523,0.4166666666666667,0.9998164977280671,0.9998863954138703,0.7083114847700949,0.9998252664686353,0.99912594960044,0.6723407385397003
MLP,42,0.46,114415,15,21,9,0.9999213451723414,0.4166666666666667,0.9998164913139221,0.9998689154941885,0.7082940059195041,0.9997903197623624,0.99912594960044,0.6723407385397003
MLP,42,0.47000000000000003,114414,15,21,10,0.9999126057470461,0.4166666666666667,0.9998164897103159,0.999864545418795,0.7082896362068564,0.9997815830857941,0.99912594960044,0.6723407385397003
MLP,42,0.48,114410,16,20,14,0.9998776480458645,0.4444444444444444,0.9998252206589181,0.9998514336651315,0.7221610462451544,0.999737899702953,0.99912594960044,0.6723407385397003
MLP,42,0.49,114409,16,20,15,0.9998689086205691,0.4444444444444444,0.9998252191315139,0.9998470633987756,0.7221566765325067,0.9997291630263848,0.99912594960044,0.6723407385397003
MLP,42,0.5,114409,16,20,15,0.9998689086205691,0.4444444444444444,0.9998252191315139,0.9998470633987756,0.7221566765325067,0.9997291630263848,0.99912594960044,0.6723407385397003
MLP,42,0.51,114409,16,20,15,0.9998689086205691,0.4444444444444444,0.9998252191315139,0.9998470633987756,0.7221566765325067,0.9997291630263848,0.99912594960044,0.6723407385397003
MLP,42,0.52,114409,17,19,15,0.9998689086205691,0.4722222222222222,0.9998339567238788,0.9998514323667698,0.7360455654213957,0.9997204263498165,0.99912594960044,0.6723407385397003
MLP,42,0.53,114409,17,19,15,0.9998689086205691,0.4722222222222222,0.9998339567238788,0.9998514323667698,0.7360455654213957,0.9997204263498165,0.99912594960044,0.6723407385397003
MLP,42,0.54,114409,17,19,15,0.9998689086205691,0.4722222222222222,0.9998339567238788,0.9998514323667698,0.7360455654213957,0.9997204263498165,0.99912594960044,0.6723407385397003
MLP,42,0.55,114409,17,19,15,0.9998689086205691,0.4722222222222222,0.9998339567238788,0.9998514323667698,0.7360455654213957,0.9997204263498165,0.99912594960044,0.6723407385397003
MLP,42,0.56,114409,18,18,15,0.9998689086205691,0.5,0.9998426944689628,0.9998558013729457,0.7499344543102846,0.9997116896732483,0.99912594960044,0.6723407385397003
MLP,42,0.5700000000000001,114409,18,18,15,0.9998689086205691,0.5,0.9998426944689628,0.9998558013729457,0.7499344543102846,0.9997116896732483,0.99912594960044,0.6723407385397003
MLP,42,0.58,114409,19,17,15,0.9998689086205691,0.5277777777777778,0.9998514323667698,0.9998601704173039,0.7638233431991734,0.9997029529966801,0.99912594960044,0.6723407385397003
MLP,42,0.59,114409,19,17,15,0.9998689086205691,0.5277777777777778,0.9998514323667698,0.9998601704173039,0.7638233431991734,0.9997029529966801,0.99912594960044,0.6723407385397003
MLP,42,0.6,114409,19,17,15,0.9998689086205691,0.5277777777777778,0.9998514323667698,0.9998601704173039,0.7638233431991734,0.9997029529966801,0.99912594960044,0.6723407385397003
MLP,42,0.61,114409,19,17,15,0.9998689086205691,0.5277777777777778,0.9998514323667698,0.9998601704173039,0.7638233431991734,0.9997029529966801,0.99912594960044,0.6723407385397003
MLP,42,0.62,114409,19,17,15,0.9998689086205691,0.5277777777777778,0.9998514323667698,0.9998601704173039,0.7638233431991734,0.9997029529966801,0.99912594960044,0.6723407385397003
MLP,42,0.63,114409,19,17,15,0.9998689086205691,0.5277777777777778,0.9998514323667698,0.9998601704173039,0.7638233431991734,0.9997029529966801,0.99912594960044,0.6723407385397003
MLP,42,0.64,114409,19,17,15,0.9998689086205691,0.5277777777777778,0.9998514323667698,0.9998601704173039,0.7638233431991734,0.9997029529966801,0.99912594960044,0.6723407385397003
MLP,42,0.65,114409,19,17,15,0.9998689086205691,0.5277777777777778,0.9998514323667698,0.9998601704173039,0.7638233431991734,0.9997029529966801,0.99912594960044,0.6723407385397003
MLP,42,0.66,114409,20,16,15,0.9998689086205691,0.5555555555555556,0.9998601704173039,0.9998645394998449,0.7777122320880623,0.9996942163201118,0.99912594960044,0.6723407385397003
MLP,42,0.67,114409,20,16,15,0.9998689086205691,0.5555555555555556,0.9998601704173039,0.9998645394998449,0.7777122320880623,0.9996942163201118,0.99912594960044,0.6723407385397003
MLP,42,0.68,114409,20,16,15,0.9998689086205691,0.5555555555555556,0.9998601704173039,0.9998645394998449,0.7777122320880623,0.9996942163201118,0.99912594960044,0.6723407385397003
MLP,42,0.6900000000000001,114409,20,16,15,0.9998689086205691,0.5555555555555556,0.9998601704173039,0.9998645394998449,0.7777122320880623,0.9996942163201118,0.99912594960044,0.6723407385397003
MLP,42,0.7000000000000001,114409,21,15,15,0.9998689086205691,0.5833333333333334,0.9998689086205691,0.9998689086205691,0.7916011209769512,0.9996854796435436,0.99912594960044,0.6723407385397003
MLP,42,0.71,114409,23,13,15,0.9998689086205691,0.6388888888888888,0.9998863854853087,0.9998776469765694,0.819378898754729,0.9996680062904071,0.99912594960044,0.6723407385397003
MLP,42,0.72,114409,23,13,15,0.9998689086205691,0.6388888888888888,0.9998863854853087,0.9998776469765694,0.819378898754729,0.9996680062904071,0.99912594960044,0.6723407385397003
MLP,42,0.73,114409,23,13,15,0.9998689086205691,0.6388888888888888,0.9998863854853087,0.9998776469765694,0.819378898754729,0.9996680062904071,0.99912594960044,0.6723407385397003
MLP,42,0.74,113718,24,12,706,0.9938299657414529,0.6666666666666666,0.9998944869427592,0.9968530027963568,0.8302483162040597,0.9936222261051896,0.99912594960044,0.6723407385397003
MLP,42,0.75,44967,24,12,69457,0.3929857372579179,0.6666666666666666,0.9997332088307878,0.5641926438021869,0.5298262019622922,0.3929669753625721,0.99912594960044,0.6723407385397003
MLP,42,0.76,14122,25,11,100302,0.12341816402153394,0.6944444444444444,0.999221679756598,0.21970021080143437,0.4089313042329892,0.12347544993884327,0.99912594960044,0.6723407385397003
MLP,42,0.77,28,25,11,114396,0.0002447039082709921,0.6944444444444444,0.717948717948718,0.0004892410647982317,0.3473445741763577,0.0003407303861611043,0.99912594960044,0.6723407385397003
MLP,42,0.78,27,25,11,114397,0.00023596448297559953,0.6944444444444444,0.7105263157894737,0.00047177229124076113,0.34734020446371,0.0003319937095928709,0.99912594960044,0.6723407385397003
MLP,42,0.79,24,25,11,114400,0.0002097462070894218,0.6944444444444444,0.6857142857142857,0.00041936413912405313,0.34732709532576694,0.00030578367988817057,0.99912594960044,0.6723407385397003
MLP,42,0.8,21,26,10,114403,0.00018352793120324408,0.7222222222222222,0.6774193548387096,0.00036695644576471105,0.3612028750767127,0.00027083697361523677,0.99912594960044,0.6723407385397003
MLP,42,0.81,18,26,10,114406,0.00015730965531706635,0.7222222222222222,0.6428571428571429,0.00031454234089399924,0.3611897659387696,0.00024462694391053644,0.99912594960044,0.6723407385397003
MLP,42,0.8200000000000001,0,28,8,114424,0.0,0.7777777777777778,0.0,0.0,0.3888888888888889,6.989341254586755e-05,0.99912594960044,0.6723407385397003
MLP,42,0.8300000000000001,0,28,8,114424,0.0,0.7777777777777778,0.0,0.0,0.3888888888888889,6.989341254586755e-05,0.99912594960044,0.6723407385397003
MLP,42,0.84,0,28,8,114424,0.0,0.7777777777777778,0.0,0.0,0.3888888888888889,6.989341254586755e-05,0.99912594960044,0.6723407385397003
MLP,42,0.85,0,29,7,114424,0.0,0.8055555555555556,0.0,0.0,0.4027777777777778,6.115673597763411e-05,0.99912594960044,0.6723407385397003
MLP,42,0.86,0,31,5,114424,0.0,0.8611111111111112,0.0,0.0,0.4305555555555556,4.368338284116722e-05,0.99912594960044,0.6723407385397003
MLP,42,0.87,0,31,5,114424,0.0,0.8611111111111112,0.0,0.0,0.4305555555555556,4.368338284116722e-05,0.99912594960044,0.6723407385397003
MLP,42,0.88,0,31,5,114424,0.0,0.8611111111111112,0.0,0.0,0.4305555555555556,4.368338284116722e-05,0.99912594960044,0.6723407385397003
MLP,42,0.89,0,31,5,114424,0.0,0.8611111111111112,0.0,0.0,0.4305555555555556,4.368338284116722e-05,0.99912594960044,0.6723407385397003
MLP,42,0.9,0,32,4,114424,0.0,0.8888888888888888,0.0,0.0,0.4444444444444444,3.4946706272933774e-05,0.99912594960044,0.6723407385397003
MLP,42,0.91,0,32,4,114424,0.0,0.8888888888888888,0.0,0.0,0.4444444444444444,3.4946706272933774e-05,0.99912594960044,0.6723407385397003
MLP,42,0.92,0,34,2,114424,0.0,0.9444444444444444,0.0,0.0,0.4722222222222222,1.7473353136466887e-05,0.99912594960044,0.6723407385397003
MLP,42,0.93,0,36,0,114424,0.0,1.0,0.0,0.0,0.5,0.0,0.99912594960044,0.6723407385397003
MLP,42,0.9400000000000001,0,36,0,114424,0.0,1.0,0.0,0.0,0.5,0.0,0.99912594960044,0.6723407385397003
MLP,42,0.9500000000000001,0,36,0,114424,0.0,1.0,0.0,0.0,0.5,0.0,0.99912594960044,0.6723407385397003
MLP,42,0.96,0,36,0,114424,0.0,1.0,0.0,0.0,0.5,0.0,0.99912594960044,0.6723407385397003
MLP,42,0.97,0,36,0,114424,0.0,1.0,0.0,0.0,0.5,0.0,0.99912594960044,0.6723407385397003
MLP,42,0.98,0,36,0,114424,0.0,1.0,0.0,0.0,0.5,0.0,0.99912594960044,0.6723407385397003
MLP,42,0.99,0,36,0,114424,0.0,1.0,0.0,0.0,0.5,0.0,0.99912594960044,0.6723407385397003
MLP,42,1.0,0,36,0,114424,0.0,1.0,0.0,0.0,0.5,0.0,0.99912594960044,0.6723407385397003
MLP-DANN,42,0.0,114424,0,36,0,1.0,0.0,0.9996854796435436,0.9998427150871184,0.5,1.0,0.999411238735742,0.7802719126523573
MLP-DANN,42,0.01,114424,0,36,0,1.0,0.0,0.9996854796435436,0.9998427150871184,0.5,1.0,0.999411238735742,0.7802719126523573
MLP-DANN,42,0.02,114424,0,36,0,1.0,0.0,0.9996854796435436,0.9998427150871184,0.5,1.0,0.999411238735742,0.7802719126523573
MLP-DANN,42,0.03,114424,0,36,0,1.0,0.0,0.9996854796435436,0.9998427150871184,0.5,1.0,0.999411238735742,0.7802719126523573
MLP-DANN,42,0.04,114424,0,36,0,1.0,0.0,0.9996854796435436,0.9998427150871184,0.5,1.0,0.999411238735742,0.7802719126523573
MLP-DANN,42,0.05,114424,0,36,0,1.0,0.0,0.9996854796435436,0.9998427150871184,0.5,1.0,0.999411238735742,0.7802719126523573
MLP-DANN,42,0.06,114424,0,36,0,1.0,0.0,0.9996854796435436,0.9998427150871184,0.5,1.0,0.999411238735742,0.7802719126523573
MLP-DANN,42,0.07,114424,0,36,0,1.0,0.0,0.9996854796435436,0.9998427150871184,0.5,1.0,0.999411238735742,0.7802719126523573
MLP-DANN,42,0.08,114424,0,36,0,1.0,0.0,0.9996854796435436,0.9998427150871184,0.5,1.0,0.999411238735742,0.7802719126523573
MLP-DANN,42,0.09,114424,0,36,0,1.0,0.0,0.9996854796435436,0.9998427150871184,0.5,1.0,0.999411238735742,0.7802719126523573
MLP-DANN,42,0.1,114424,1,35,0,1.0,0.027777777777777776,0.9996942136485554,0.9998470834443799,0.5138888888888888,0.9999912633234318,0.999411238735742,0.7802719126523573
MLP-DANN,42,0.11,114424,2,34,0,1.0,0.05555555555555555,0.9997029478061822,0.9998514518398126,0.5277777777777778,0.9999825266468635,0.999411238735742,0.7802719126523573
MLP-DANN,42,0.12,114424,3,33,0,1.0,0.08333333333333333,0.999711682116428,0.9998558202734172,0.5416666666666666,0.9999737899702953,0.999411238735742,0.7802719126523573
MLP-DANN,42,0.13,114424,3,33,0,1.0,0.08333333333333333,0.999711682116428,0.9998558202734172,0.5416666666666666,0.9999737899702953,0.999411238735742,0.7802719126523573
MLP-DANN,42,0.14,114424,3,33,0,1.0,0.08333333333333333,0.999711682116428,0.9998558202734172,0.5416666666666666,0.9999737899702953,0.999411238735742,0.7802719126523573
MLP-DANN,42,0.15,114424,4,32,0,1.0,0.1111111111111111,0.9997204165792969,0.999860188745194,0.5555555555555556,0.9999650532937271,0.999411238735742,0.7802719126523573
MLP-DANN,42,0.16,114424,4,32,0,1.0,0.1111111111111111,0.9997204165792969,0.999860188745194,0.5555555555555556,0.9999650532937271,0.999411238735742,0.7802719126523573
MLP-DANN,42,0.17,114424,5,31,0,1.0,0.1388888888888889,0.9997291511947927,0.9998645572551436,0.5694444444444444,0.9999563166171588,0.999411238735742,0.7802719126523573
MLP-DANN,42,0.18,114424,6,30,0,1.0,0.16666666666666666,0.9997378859629196,0.9998689258032664,0.5833333333333334,0.9999475799405906,0.999411238735742,0.7802719126523573
MLP-DANN,42,0.19,114424,6,30,0,1.0,0.16666666666666666,0.9997378859629196,0.9998689258032664,0.5833333333333334,0.9999475799405906,0.999411238735742,0.7802719126523573
MLP-DANN,42,0.2,114424,6,30,0,1.0,0.16666666666666666,0.9997378859629196,0.9998689258032664,0.5833333333333334,0.9999475799405906,0.999411238735742,0.7802719126523573
MLP-DANN,42,0.21,114424,6,30,0,1.0,0.16666666666666666,0.9997378859629196,0.9998689258032664,0.5833333333333334,0.9999475799405906,0.999411238735742,0.7802719126523573
MLP-DANN,42,0.22,114424,6,30,0,1.0,0.16666666666666666,0.9997378859629196,0.9998689258032664,0.5833333333333334,0.9999475799405906,0.999411238735742,0.7802719126523573
MLP-DANN,42,0.23,114424,7,29,0,1.0,0.19444444444444445,0.9997466208836815,0.999873294389563,0.5972222222222222,0.9999388432640224,0.999411238735742,0.7802719126523573
MLP-DANN,42,0.24,114424,8,28,0,1.0,0.2222222222222222,0.9997553559570824,0.9998776630140338,0.6111111111111112,0.9999301065874542,0.999411238735742,0.7802719126523573
MLP-DANN,42,0.25,114424,10,26,0,1.0,0.2777777777777778,0.9997728265618174,0.9998864003775003,0.6388888888888888,0.9999126332343177,0.999411238735742,0.7802719126523573
MLP-DANN,42,0.26,114424,10,26,0,1.0,0.2777777777777778,0.9997728265618174,0.9998864003775003,0.6388888888888888,0.9999126332343177,0.999411238735742,0.7802719126523573
MLP-DANN,42,0.27,114424,10,26,0,1.0,0.2777777777777778,0.9997728265618174,0.9998864003775003,0.6388888888888888,0.9999126332343177,0.999411238735742,0.7802719126523573
MLP-DANN,42,0.28,114424,10,26,0,1.0,0.2777777777777778,0.9997728265618174,0.9998864003775003,0.6388888888888888,0.9999126332343177,0.999411238735742,0.7802719126523573
MLP-DANN,42,0.29,114424,10,26,0,1.0,0.2777777777777778,0.9997728265618174,0.9998864003775003,0.6388888888888888,0.9999126332343177,0.999411238735742,0.7802719126523573
MLP-DANN,42,0.3,114424,10,26,0,1.0,0.2777777777777778,0.9997728265618174,0.9998864003775003,0.6388888888888888,0.9999126332343177,0.999411238735742,0.7802719126523573
MLP-DANN,42,0.31,114424,10,26,0,1.0,0.2777777777777778,0.9997728265618174,0.9998864003775003,0.6388888888888888,0.9999126332343177,0.999411238735742,0.7802719126523573
MLP-DANN,42,0.32,114424,10,26,0,1.0,0.2777777777777778,0.9997728265618174,0.9998864003775003,0.6388888888888888,0.9999126332343177,0.999411238735742,0.7802719126523573
MLP-DANN,42,0.33,114424,10,26,0,1.0,0.2777777777777778,0.9997728265618174,0.9998864003775003,0.6388888888888888,0.9999126332343177,0.999411238735742,0.7802719126523573
MLP-DANN,42,0.34,114424,10,26,0,1.0,0.2777777777777778,0.9997728265618174,0.9998864003775003,0.6388888888888888,0.9999126332343177,0.999411238735742,0.7802719126523573
MLP-DANN,42,0.35000000000000003,114424,11,25,0,1.0,0.3055555555555556,0.9997815620931594,0.9998907691164969,0.6527777777777778,0.9999038965577495,0.999411238735742,0.7802719126523573
MLP-DANN,42,0.36,114424,12,24,0,1.0,0.3333333333333333,0.9997902977771564,0.9998951378936698,0.6666666666666666,0.9998951598811812,0.999411238735742,0.7802719126523573
MLP-DANN,42,0.37,114424,14,22,0,1.0,0.3888888888888889,0.9998077696031316,0.9999038755625465,0.6944444444444444,0.9998776865280448,0.999411238735742,0.7802719126523573
MLP-DANN,42,0.38,114424,15,21,0,1.0,0.4166666666666667,0.9998165057451177,0.9999082444542511,0.7083333333333334,0.9998689498514765,0.999411238735742,0.7802719126523573
MLP-DANN,42,0.39,114424,15,21,0,1.0,0.4166666666666667,0.9998165057451177,0.9999082444542511,0.7083333333333334,0.9998689498514765,0.999411238735742,0.7802719126523573
MLP-DANN,42,0.4,114424,15,21,0,1.0,0.4166666666666667,0.9998165057451177,0.9999082444542511,0.7083333333333334,0.9998689498514765,0.999411238735742,0.7802719126523573
MLP-DANN,42,0.41000000000000003,114424,15,21,0,1.0,0.4166666666666667,0.9998165057451177,0.9999082444542511,0.7083333333333334,0.9998689498514765,0.999411238735742,0.7802719126523573
MLP-DANN,42,0.42,114424,15,21,0,1.0,0.4166666666666667,0.9998165057451177,0.9999082444542511,0.7083333333333334,0.9998689498514765,0.999411238735742,0.7802719126523573
MLP-DANN,42,0.43,114424,15,21,0,1.0,0.4166666666666667,0.9998165057451177,0.9999082444542511,0.7083333333333334,0.9998689498514765,0.999411238735742,0.7802719126523573
MLP-DANN,42,0.44,114424,15,21,0,1.0,0.4166666666666667,0.9998165057451177,0.9999082444542511,0.7083333333333334,0.9998689498514765,0.999411238735742,0.7802719126523573
MLP-DANN,42,0.45,114424,15,21,0,1.0,0.4166666666666667,0.9998165057451177,0.9999082444542511,0.7083333333333334,0.9998689498514765,0.999411238735742,0.7802719126523573
MLP-DANN,42,0.46,114424,15,21,0,1.0,0.4166666666666667,0.9998165057451177,0.9999082444542511,0.7083333333333334,0.9998689498514765,0.999411238735742,0.7802719126523573
MLP-DANN,42,0.47000000000000003,114424,15,21,0,1.0,0.4166666666666667,0.9998165057451177,0.9999082444542511,0.7083333333333334,0.9998689498514765,0.999411238735742,0.7802719126523573
MLP-DANN,42,0.48,114424,15,21,0,1.0,0.4166666666666667,0.9998165057451177,0.9999082444542511,0.7083333333333334,0.9998689498514765,0.999411238735742,0.7802719126523573
MLP-DANN,42,0.49,114424,15,21,0,1.0,0.4166666666666667,0.9998165057451177,0.9999082444542511,0.7083333333333334,0.9998689498514765,0.999411238735742,0.7802719126523573
MLP-DANN,42,0.5,114424,15,21,0,1.0,0.4166666666666667,0.9998165057451177,0.9999082444542511,0.7083333333333334,0.9998689498514765,0.999411238735742,0.7802719126523573
MLP-DANN,42,0.51,114424,15,21,0,1.0,0.4166666666666667,0.9998165057451177,0.9999082444542511,0.7083333333333334,0.9998689498514765,0.999411238735742,0.7802719126523573
MLP-DANN,42,0.52,114424,15,21,0,1.0,0.4166666666666667,0.9998165057451177,0.9999082444542511,0.7083333333333334,0.9998689498514765,0.999411238735742,0.7802719126523573
MLP-DANN,42,0.53,114421,15,21,3,0.9999737817241138,0.4166666666666667,0.9998165009349714,0.9998951351445824,0.7083202241953902,0.9998427398217719,0.999411238735742,0.7802719126523573
MLP-DANN,42,0.54,114421,15,21,3,0.9999737817241138,0.4166666666666667,0.9998165009349714,0.9998951351445824,0.7083202241953902,0.9998427398217719,0.999411238735742,0.7802719126523573
MLP-DANN,42,0.55,114421,16,20,3,0.9999737817241138,0.4444444444444444,0.9998252374586031,0.9998995040744544,0.7222091130842792,0.9998340031452035,0.999411238735742,0.7802719126523573
MLP-DANN,42,0.56,114420,18,18,4,0.9999650422988184,0.5,0.9998427095894721,0.9999038722024626,0.7499825211494092,0.9998077931154988,0.999411238735742,0.7802719126523573
MLP-DANN,42,0.5700000000000001,114415,19,17,9,0.9999213451723414,0.5277777777777778,0.9998514401565995,0.9998863914426539,0.7638495614750596,0.9997553730560894,0.999411238735742,0.7802719126523573
MLP-DANN,42,0.58,114415,19,17,9,0.9999213451723414,0.5277777777777778,0.9998514401565995,0.9998863914426539,0.7638495614750596,0.9997553730560894,0.999411238735742,0.7802719126523573
MLP-DANN,42,0.59,114413,19,17,11,0.9999038663217507,0.5277777777777778,0.9998514375600804,0.9998776512536377,0.7638408220497642,0.999737899702953,0.999411238735742,0.7802719126523573
MLP-DANN,42,0.6,114409,19,17,15,0.9998689086205691,0.5277777777777778,0.9998514323667698,0.9998601704173039,0.7638233431991734,0.9997029529966801,0.999411238735742,0.7802719126523573
MLP-DANN,42,0.61,114409,19,17,15,0.9998689086205691,0.5277777777777778,0.9998514323667698,0.9998601704173039,0.7638233431991734,0.9997029529966801,0.999411238735742,0.7802719126523573
MLP-DANN,42,0.62,114409,19,17,15,0.9998689086205691,0.5277777777777778,0.9998514323667698,0.9998601704173039,0.7638233431991734,0.9997029529966801,0.999411238735742,0.7802719126523573
MLP-DANN,42,0.63,114409,19,17,15,0.9998689086205691,0.5277777777777778,0.9998514323667698,0.9998601704173039,0.7638233431991734,0.9997029529966801,0.999411238735742,0.7802719126523573
MLP-DANN,42,0.64,114409,19,17,15,0.9998689086205691,0.5277777777777778,0.9998514323667698,0.9998601704173039,0.7638233431991734,0.9997029529966801,0.999411238735742,0.7802719126523573
MLP-DANN,42,0.65,114409,19,17,15,0.9998689086205691,0.5277777777777778,0.9998514323667698,0.9998601704173039,0.7638233431991734,0.9997029529966801,0.999411238735742,0.7802719126523573
MLP-DANN,42,0.66,114409,19,17,15,0.9998689086205691,0.5277777777777778,0.9998514323667698,0.9998601704173039,0.7638233431991734,0.9997029529966801,0.999411238735742,0.7802719126523573
MLP-DANN,42,0.67,114409,19,17,15,0.9998689086205691,0.5277777777777778,0.9998514323667698,0.9998601704173039,0.7638233431991734,0.9997029529966801,0.999411238735742,0.7802719126523573
MLP-DANN,42,0.68,114409,19,17,15,0.9998689086205691,0.5277777777777778,0.9998514323667698,0.9998601704173039,0.7638233431991734,0.9997029529966801,0.999411238735742,0.7802719126523573
MLP-DANN,42,0.6900000000000001,114409,19,17,15,0.9998689086205691,0.5277777777777778,0.9998514323667698,0.9998601704173039,0.7638233431991734,0.9997029529966801,0.999411238735742,0.7802719126523573
MLP-DANN,42,0.7000000000000001,114409,19,17,15,0.9998689086205691,0.5277777777777778,0.9998514323667698,0.9998601704173039,0.7638233431991734,0.9997029529966801,0.999411238735742,0.7802719126523573
MLP-DANN,42,0.71,114409,19,17,15,0.9998689086205691,0.5277777777777778,0.9998514323667698,0.9998601704173039,0.7638233431991734,0.9997029529966801,0.999411238735742,0.7802719126523573
MLP-DANN,42,0.72,114409,19,17,15,0.9998689086205691,0.5277777777777778,0.9998514323667698,0.9998601704173039,0.7638233431991734,0.9997029529966801,0.999411238735742,0.7802719126523573
MLP-DANN,42,0.73,114409,19,17,15,0.9998689086205691,0.5277777777777778,0.9998514323667698,0.9998601704173039,0.7638233431991734,0.9997029529966801,0.999411238735742,0.7802719126523573
MLP-DANN,42,0.74,114409,20,16,15,0.9998689086205691,0.5555555555555556,0.9998601704173039,0.9998645394998449,0.7777122320880623,0.9996942163201118,0.999411238735742,0.7802719126523573
MLP-DANN,42,0.75,114409,21,15,15,0.9998689086205691,0.5833333333333334,0.9998689086205691,0.9998689086205691,0.7916011209769512,0.9996854796435436,0.999411238735742,0.7802719126523573
MLP-DANN,42,0.76,114409,21,15,15,0.9998689086205691,0.5833333333333334,0.9998689086205691,0.9998689086205691,0.7916011209769512,0.9996854796435436,0.999411238735742,0.7802719126523573
MLP-DANN,42,0.77,114409,21,15,15,0.9998689086205691,0.5833333333333334,0.9998689086205691,0.9998689086205691,0.7916011209769512,0.9996854796435436,0.999411238735742,0.7802719126523573
MLP-DANN,42,0.78,114409,21,15,15,0.9998689086205691,0.5833333333333334,0.9998689086205691,0.9998689086205691,0.7916011209769512,0.9996854796435436,0.999411238735742,0.7802719126523573
MLP-DANN,42,0.79,114409,21,15,15,0.9998689086205691,0.5833333333333334,0.9998689086205691,0.9998689086205691,0.7916011209769512,0.9996854796435436,0.999411238735742,0.7802719126523573
MLP-DANN,42,0.8,114409,25,11,15,0.9998689086205691,0.6944444444444444,0.9999038629610209,0.9998863854853087,0.8471566765325067,0.9996505329372707,0.999411238735742,0.7802719126523573
MLP-DANN,42,0.81,114409,26,10,15,0.9998689086205691,0.7222222222222222,0.9999126019280015,0.9998907547969569,0.8610455654213957,0.9996417962607024,0.999411238735742,0.7802719126523573
MLP-DANN,42,0.8200000000000001,63578,28,8,50846,0.5556351814304691,0.7777777777777778,0.9998741861416035,0.7143194202572889,0.6667064796041234,0.5555303162676918,0.999411238735742,0.7802719126523573
MLP-DANN,42,0.8300000000000001,5833,29,7,108591,0.05097706774802489,0.8055555555555556,0.9988013698630137,0.09700325949577596,0.42826631165179024,0.05102219115848331,0.999411238735742,0.7802719126523573
MLP-DANN,42,0.84,17,29,7,114407,0.00014857023002167377,0.8055555555555556,0.7083333333333334,0.0002970781490283797,0.40285206289278863,0.00020968023763760267,0.999411238735742,0.7802719126523573
MLP-DANN,42,0.85,0,31,5,114424,0.0,0.8611111111111112,0.0,0.0,0.4305555555555556,4.368338284116722e-05,0.999411238735742,0.7802719126523573
MLP-DANN,42,0.86,0,31,5,114424,0.0,0.8611111111111112,0.0,0.0,0.4305555555555556,4.368338284116722e-05,0.999411238735742,0.7802719126523573
MLP-DANN,42,0.87,0,31,5,114424,0.0,0.8611111111111112,0.0,0.0,0.4305555555555556,4.368338284116722e-05,0.999411238735742,0.7802719126523573
MLP-DANN,42,0.88,0,32,4,114424,0.0,0.8888888888888888,0.0,0.0,0.4444444444444444,3.4946706272933774e-05,0.999411238735742,0.7802719126523573
MLP-DANN,42,0.89,0,32,4,114424,0.0,0.8888888888888888,0.0,0.0,0.4444444444444444,3.4946706272933774e-05,0.999411238735742,0.7802719126523573
MLP-DANN,42,0.9,0,36,0,114424,0.0,1.0,0.0,0.0,0.5,0.0,0.999411238735742,0.7802719126523573
MLP-DANN,42,0.91,0,36,0,114424,0.0,1.0,0.0,0.0,0.5,0.0,0.999411238735742,0.7802719126523573
MLP-DANN,42,0.92,0,36,0,114424,0.0,1.0,0.0,0.0,0.5,0.0,0.999411238735742,0.7802719126523573
MLP-DANN,42,0.93,0,36,0,114424,0.0,1.0,0.0,0.0,0.5,0.0,0.999411238735742,0.7802719126523573
MLP-DANN,42,0.9400000000000001,0,36,0,114424,0.0,1.0,0.0,0.0,0.5,0.0,0.999411238735742,0.7802719126523573
MLP-DANN,42,0.9500000000000001,0,36,0,114424,0.0,1.0,0.0,0.0,0.5,0.0,0.999411238735742,0.7802719126523573
MLP-DANN,42,0.96,0,36,0,114424,0.0,1.0,0.0,0.0,0.5,0.0,0.999411238735742,0.7802719126523573
MLP-DANN,42,0.97,0,36,0,114424,0.0,1.0,0.0,0.0,0.5,0.0,0.999411238735742,0.7802719126523573
MLP-DANN,42,0.98,0,36,0,114424,0.0,1.0,0.0,0.0,0.5,0.0,0.999411238735742,0.7802719126523573
MLP-DANN,42,0.99,0,36,0,114424,0.0,1.0,0.0,0.0,0.5,0.0,0.999411238735742,0.7802719126523573
MLP-DANN,42,1.0,0,36,0,114424,0.0,1.0,0.0,0.0,0.5,0.0,0.999411238735742,0.7802719126523573
Attention,42,0.0,114424,0,36,0,1.0,0.0,0.9996854796435436,0.9998427150871184,0.5,1.0,0.9988844112237172,0.5520262843070995
Attention,42,0.01,114424,0,36,0,1.0,0.0,0.9996854796435436,0.9998427150871184,0.5,1.0,0.9988844112237172,0.5520262843070995
Attention,42,0.02,114424,0,36,0,1.0,0.0,0.9996854796435436,0.9998427150871184,0.5,1.0,0.9988844112237172,0.5520262843070995
Attention,42,0.03,114424,0,36,0,1.0,0.0,0.9996854796435436,0.9998427150871184,0.5,1.0,0.9988844112237172,0.5520262843070995
Attention,42,0.04,114424,0,36,0,1.0,0.0,0.9996854796435436,0.9998427150871184,0.5,1.0,0.9988844112237172,0.5520262843070995
Attention,42,0.05,114424,0,36,0,1.0,0.0,0.9996854796435436,0.9998427150871184,0.5,1.0,0.9988844112237172,0.5520262843070995
Attention,42,0.06,114424,0,36,0,1.0,0.0,0.9996854796435436,0.9998427150871184,0.5,1.0,0.9988844112237172,0.5520262843070995
Attention,42,0.07,114424,0,36,0,1.0,0.0,0.9996854796435436,0.9998427150871184,0.5,1.0,0.9988844112237172,0.5520262843070995
Attention,42,0.08,114424,0,36,0,1.0,0.0,0.9996854796435436,0.9998427150871184,0.5,1.0,0.9988844112237172,0.5520262843070995
Attention,42,0.09,114424,0,36,0,1.0,0.0,0.9996854796435436,0.9998427150871184,0.5,1.0,0.9988844112237172,0.5520262843070995
Attention,42,0.1,114424,0,36,0,1.0,0.0,0.9996854796435436,0.9998427150871184,0.5,1.0,0.9988844112237172,0.5520262843070995
Attention,42,0.11,114424,0,36,0,1.0,0.0,0.9996854796435436,0.9998427150871184,0.5,1.0,0.9988844112237172,0.5520262843070995
Attention,42,0.12,114424,0,36,0,1.0,0.0,0.9996854796435436,0.9998427150871184,0.5,1.0,0.9988844112237172,0.5520262843070995
Attention,42,0.13,114424,0,36,0,1.0,0.0,0.9996854796435436,0.9998427150871184,0.5,1.0,0.9988844112237172,0.5520262843070995
Attention,42,0.14,114424,0,36,0,1.0,0.0,0.9996854796435436,0.9998427150871184,0.5,1.0,0.9988844112237172,0.5520262843070995
Attention,42,0.15,114424,0,36,0,1.0,0.0,0.9996854796435436,0.9998427150871184,0.5,1.0,0.9988844112237172,0.5520262843070995
Attention,42,0.16,114424,0,36,0,1.0,0.0,0.9996854796435436,0.9998427150871184,0.5,1.0,0.9988844112237172,0.5520262843070995
Attention,42,0.17,114424,0,36,0,1.0,0.0,0.9996854796435436,0.9998427150871184,0.5,1.0,0.9988844112237172,0.5520262843070995
Attention,42,0.18,114424,0,36,0,1.0,0.0,0.9996854796435436,0.9998427150871184,0.5,1.0,0.9988844112237172,0.5520262843070995
Attention,42,0.19,114424,0,36,0,1.0,0.0,0.9996854796435436,0.9998427150871184,0.5,1.0,0.9988844112237172,0.5520262843070995
Attention,42,0.2,114424,0,36,0,1.0,0.0,0.9996854796435436,0.9998427150871184,0.5,1.0,0.9988844112237172,0.5520262843070995
Attention,42,0.21,114424,0,36,0,1.0,0.0,0.9996854796435436,0.9998427150871184,0.5,1.0,0.9988844112237172,0.5520262843070995
Attention,42,0.22,114424,0,36,0,1.0,0.0,0.9996854796435436,0.9998427150871184,0.5,1.0,0.9988844112237172,0.5520262843070995
Attention,42,0.23,114424,0,36,0,1.0,0.0,0.9996854796435436,0.9998427150871184,0.5,1.0,0.9988844112237172,0.5520262843070995
Attention,42,0.24,114424,0,36,0,1.0,0.0,0.9996854796435436,0.9998427150871184,0.5,1.0,0.9988844112237172,0.5520262843070995
Attention,42,0.25,114424,0,36,0,1.0,0.0,0.9996854796435436,0.9998427150871184,0.5,1.0,0.9988844112237172,0.5520262843070995
Attention,42,0.26,114424,0,36,0,1.0,0.0,0.9996854796435436,0.9998427150871184,0.5,1.0,0.9988844112237172,0.5520262843070995
Attention,42,0.27,114424,0,36,0,1.0,0.0,0.9996854796435436,0.9998427150871184,0.5,1.0,0.9988844112237172,0.5520262843070995
Attention,42,0.28,114424,0,36,0,1.0,0.0,0.9996854796435436,0.9998427150871184,0.5,1.0,0.9988844112237172,0.5520262843070995
Attention,42,0.29,114424,0,36,0,1.0,0.0,0.9996854796435436,0.9998427150871184,0.5,1.0,0.9988844112237172,0.5520262843070995
Attention,42,0.3,114424,0,36,0,1.0,0.0,0.9996854796435436,0.9998427150871184,0.5,1.0,0.9988844112237172,0.5520262843070995
Attention,42,0.31,114424,0,36,0,1.0,0.0,0.9996854796435436,0.9998427150871184,0.5,1.0,0.9988844112237172,0.5520262843070995
Attention,42,0.32,114424,0,36,0,1.0,0.0,0.9996854796435436,0.9998427150871184,0.5,1.0,0.9988844112237172,0.5520262843070995
Attention,42,0.33,114424,0,36,0,1.0,0.0,0.9996854796435436,0.9998427150871184,0.5,1.0,0.9988844112237172,0.5520262843070995
Attention,42,0.34,114424,0,36,0,1.0,0.0,0.9996854796435436,0.9998427150871184,0.5,1.0,0.9988844112237172,0.5520262843070995
Attention,42,0.35000000000000003,114424,0,36,0,1.0,0.0,0.9996854796435436,0.9998427150871184,0.5,1.0,0.9988844112237172,0.5520262843070995
Attention,42,0.36,114424,0,36,0,1.0,0.0,0.9996854796435436,0.9998427150871184,0.5,1.0,0.9988844112237172,0.5520262843070995
Attention,42,0.37,114424,0,36,0,1.0,0.0,0.9996854796435436,0.9998427150871184,0.5,1.0,0.9988844112237172,0.5520262843070995
Attention,42,0.38,114424,1,35,0,1.0,0.027777777777777776,0.9996942136485554,0.9998470834443799,0.5138888888888888,0.9999912633234318,0.9988844112237172,0.5520262843070995
Attention,42,0.39,114424,1,35,0,1.0,0.027777777777777776,0.9996942136485554,0.9998470834443799,0.5138888888888888,0.9999912633234318,0.9988844112237172,0.5520262843070995
Attention,42,0.4,114424,1,35,0,1.0,0.027777777777777776,0.9996942136485554,0.9998470834443799,0.5138888888888888,0.9999912633234318,0.9988844112237172,0.5520262843070995
Attention,42,0.41000000000000003,114424,1,35,0,1.0,0.027777777777777776,0.9996942136485554,0.9998470834443799,0.5138888888888888,0.9999912633234318,0.9988844112237172,0.5520262843070995
Attention,42,0.42,114424,1,35,0,1.0,0.027777777777777776,0.9996942136485554,0.9998470834443799,0.5138888888888888,0.9999912633234318,0.9988844112237172,0.5520262843070995
Attention,42,0.43,114424,1,35,0,1.0,0.027777777777777776,0.9996942136485554,0.9998470834443799,0.5138888888888888,0.9999912633234318,0.9988844112237172,0.5520262843070995
Attention,42,0.44,114424,1,35,0,1.0,0.027777777777777776,0.9996942136485554,0.9998470834443799,0.5138888888888888,0.9999912633234318,0.9988844112237172,0.5520262843070995
Attention,42,0.45,114424,1,35,0,1.0,0.027777777777777776,0.9996942136485554,0.9998470834443799,0.5138888888888888,0.9999912633234318,0.9988844112237172,0.5520262843070995
Attention,42,0.46,114424,3,33,0,1.0,0.08333333333333333,0.999711682116428,0.9998558202734172,0.5416666666666666,0.9999737899702953,0.9988844112237172,0.5520262843070995
Attention,42,0.47000000000000003,114424,4,32,0,1.0,0.1111111111111111,0.9997204165792969,0.999860188745194,0.5555555555555556,0.9999650532937271,0.9988844112237172,0.5520262843070995
Attention,42,0.48,114424,5,31,0,1.0,0.1388888888888889,0.9997291511947927,0.9998645572551436,0.5694444444444444,0.9999563166171588,0.9988844112237172,0.5520262843070995
Attention,42,0.49,114424,5,31,0,1.0,0.1388888888888889,0.9997291511947927,0.9998645572551436,0.5694444444444444,0.9999563166171588,0.9988844112237172,0.5520262843070995
Attention,42,0.5,114424,9,27,0,1.0,0.25,0.9997640911831264,0.9998820316766794,0.625,0.9999213699108859,0.9988844112237172,0.5520262843070995
Attention,42,0.51,114424,11,25,0,1.0,0.3055555555555556,0.9997815620931594,0.9998907691164969,0.6527777777777778,0.9999038965577495,0.9988844112237172,0.5520262843070995
Attention,42,0.52,114424,12,24,0,1.0,0.3333333333333333,0.9997902977771564,0.9998951378936698,0.6666666666666666,0.9998951598811812,0.9988844112237172,0.5520262843070995
Attention,42,0.53,114424,13,23,0,1.0,0.3611111111111111,0.9997990336138125,0.9998995067090195,0.6805555555555556,0.999886423204613,0.9988844112237172,0.5520262843070995
Attention,42,0.54,114424,15,21,0,1.0,0.4166666666666667,0.9998165057451177,0.9999082444542511,0.7083333333333334,0.9998689498514765,0.9988844112237172,0.5520262843070995
Attention,42,0.55,114424,15,21,0,1.0,0.4166666666666667,0.9998165057451177,0.9999082444542511,0.7083333333333334,0.9998689498514765,0.9988844112237172,0.5520262843070995
Attention,42,0.56,114424,15,21,0,1.0,0.4166666666666667,0.9998165057451177,0.9999082444542511,0.7083333333333334,0.9998689498514765,0.9988844112237172,0.5520262843070995
Attention,42,0.5700000000000001,114424,15,21,0,1.0,0.4166666666666667,0.9998165057451177,0.9999082444542511,0.7083333333333334,0.9998689498514765,0.9988844112237172,0.5520262843070995
Attention,42,0.58,114424,15,21,0,1.0,0.4166666666666667,0.9998165057451177,0.9999082444542511,0.7083333333333334,0.9998689498514765,0.9988844112237172,0.5520262843070995
Attention,42,0.59,114424,15,21,0,1.0,0.4166666666666667,0.9998165057451177,0.9999082444542511,0.7083333333333334,0.9998689498514765,0.9988844112237172,0.5520262843070995
Attention,42,0.6,114424,15,21,0,1.0,0.4166666666666667,0.9998165057451177,0.9999082444542511,0.7083333333333334,0.9998689498514765,0.9988844112237172,0.5520262843070995
Attention,42,0.61,114424,16,20,0,1.0,0.4444444444444444,0.999825242039775,0.9999126133841341,0.7222222222222222,0.9998602131749083,0.9988844112237172,0.5520262843070995
Attention,42,0.62,114424,16,20,0,1.0,0.4444444444444444,0.999825242039775,0.9999126133841341,0.7222222222222222,0.9998602131749083,0.9988844112237172,0.5520262843070995
Attention,42,0.63,114424,16,20,0,1.0,0.4444444444444444,0.999825242039775,0.9999126133841341,0.7222222222222222,0.9998602131749083,0.9988844112237172,0.5520262843070995
Attention,42,0.64,114424,16,20,0,1.0,0.4444444444444444,0.999825242039775,0.9999126133841341,0.7222222222222222,0.9998602131749083,0.9988844112237172,0.5520262843070995
Attention,42,0.65,114422,16,20,2,0.9999825211494092,0.4444444444444444,0.9998252389856871,0.9999038738825339,0.7222134827969269,0.9998427398217719,0.9988844112237172,0.5520262843070995
Attention,42,0.66,114421,16,20,3,0.9999737817241138,0.4444444444444444,0.9998252374586031,0.9998995040744544,0.7222091130842792,0.9998340031452035,0.9988844112237172,0.5520262843070995
Attention,42,0.67,114421,16,20,3,0.9999737817241138,0.4444444444444444,0.9998252374586031,0.9998995040744544,0.7222091130842792,0.9998340031452035,0.9988844112237172,0.5520262843070995
Attention,42,0.68,114421,17,19,3,0.9999737817241138,0.4722222222222222,0.9998339741349178,0.9999038730425056,0.736098001973168,0.9998252664686353,0.9988844112237172,0.5520262843070995
Attention,42,0.6900000000000001,114420,19,17,4,0.9999650422988184,0.5277777777777778,0.9998514466475004,0.9999082412468704,0.7638714100382982,0.9997990564389306,0.9988844112237172,0.5520262843070995
Attention,42,0.7000000000000001,58172,19,17,56252,0.5083898482835769,0.5277777777777778,0.9997078485624431,0.6740164414036023,0.5180838130306773,0.5083784728289359,0.9988844112237172,0.5520262843070995
Attention,42,0.71,21142,22,14,93282,0.1847689295951898,0.6111111111111112,0.9993382491964454,0.31187490780351085,0.39794002035315046,0.18483312947754674,0.9988844112237172,0.5520262843070995
Attention,42,0.72,5867,22,14,108557,0.05127420820806824,0.6111111111111112,0.997619452474069,0.09753543078010057,0.3311926596595897,0.05138039489778089,0.9988844112237172,0.5520262843070995
Attention,42,0.73,28,22,14,114396,0.0002447039082709921,0.6111111111111112,0.6666666666666666,0.000489228242447539,0.3056779075096911,0.00036694041586580464,0.9988844112237172,0.5520262843070995
Attention,42,0.74,23,22,14,114401,0.00020100678179402922,0.6111111111111112,0.6216216216216216,0.00040188361101161095,0.3056560589464526,0.0003232570330246374,0.9988844112237172,0.5520262843070995
Attention,42,0.75,21,22,14,114403,0.00018352793120324408,0.6111111111111112,0.6,0.00036694362173354654,0.3056473195211572,0.00030578367988817057,0.9988844112237172,0.5520262843070995
Attention,42,0.76,20,22,14,114404,0.0001747885059078515,0.6111111111111112,0.5882352941176471,0.00034947316919743486,0.3056429498085095,0.0002970470033199371,0.9988844112237172,0.5520262843070995
Attention,42,0.77,14,22,14,114410,0.00012235195413549604,0.6111111111111112,0.5,0.00024464404291755495,0.3056167315326233,0.00024462694391053644,0.9988844112237172,0.5520262843070995
Attention,42,0.78,0,24,12,114424,0.0,0.6666666666666666,0.0,0.0,0.3333333333333333,0.00010484011881880133,0.9988844112237172,0.5520262843070995
Attention,42,0.79,0,24,12,114424,0.0,0.6666666666666666,0.0,0.0,0.3333333333333333,0.00010484011881880133,0.9988844112237172,0.5520262843070995
Attention,42,0.8,0,24,12,114424,0.0,0.6666666666666666,0.0,0.0,0.3333333333333333,0.00010484011881880133,0.9988844112237172,0.5520262843070995
Attention,42,0.81,0,25,11,114424,0.0,0.6944444444444444,0.0,0.0,0.3472222222222222,9.610344225056788e-05,0.9988844112237172,0.5520262843070995
Attention,42,0.8200000000000001,0,26,10,114424,0.0,0.7222222222222222,0.0,0.0,0.3611111111111111,8.736676568233443e-05,0.9988844112237172,0.5520262843070995
Attention,42,0.8300000000000001,0,27,9,114424,0.0,0.75,0.0,0.0,0.375,7.8630089114101e-05,0.9988844112237172,0.5520262843070995
Attention,42,0.84,0,27,9,114424,0.0,0.75,0.0,0.0,0.375,7.8630089114101e-05,0.9988844112237172,0.5520262843070995
Attention,42,0.85,0,28,8,114424,0.0,0.7777777777777778,0.0,0.0,0.3888888888888889,6.989341254586755e-05,0.9988844112237172,0.5520262843070995
Attention,42,0.86,0,30,6,114424,0.0,0.8333333333333334,0.0,0.0,0.4166666666666667,5.242005940940067e-05,0.9988844112237172,0.5520262843070995
Attention,42,0.87,0,30,6,114424,0.0,0.8333333333333334,0.0,0.0,0.4166666666666667,5.242005940940067e-05,0.9988844112237172,0.5520262843070995
Attention,42,0.88,0,30,6,114424,0.0,0.8333333333333334,0.0,0.0,0.4166666666666667,5.242005940940067e-05,0.9988844112237172,0.5520262843070995
Attention,42,0.89,0,30,6,114424,0.0,0.8333333333333334,0.0,0.0,0.4166666666666667,5.242005940940067e-05,0.9988844112237172,0.5520262843070995
Attention,42,0.9,0,31,5,114424,0.0,0.8611111111111112,0.0,0.0,0.4305555555555556,4.368338284116722e-05,0.9988844112237172,0.5520262843070995
Attention,42,0.91,0,36,0,114424,0.0,1.0,0.0,0.0,0.5,0.0,0.9988844112237172,0.5520262843070995
Attention,42,0.92,0,36,0,114424,0.0,1.0,0.0,0.0,0.5,0.0,0.9988844112237172,0.5520262843070995
Attention,42,0.93,0,36,0,114424,0.0,1.0,0.0,0.0,0.5,0.0,0.9988844112237172,0.5520262843070995
Attention,42,0.9400000000000001,0,36,0,114424,0.0,1.0,0.0,0.0,0.5,0.0,0.9988844112237172,0.5520262843070995
Attention,42,0.9500000000000001,0,36,0,114424,0.0,1.0,0.0,0.0,0.5,0.0,0.9988844112237172,0.5520262843070995
Attention,42,0.96,0,36,0,114424,0.0,1.0,0.0,0.0,0.5,0.0,0.9988844112237172,0.5520262843070995
Attention,42,0.97,0,36,0,114424,0.0,1.0,0.0,0.0,0.5,0.0,0.9988844112237172,0.5520262843070995
Attention,42,0.98,0,36,0,114424,0.0,1.0,0.0,0.0,0.5,0.0,0.9988844112237172,0.5520262843070995
Attention,42,0.99,0,36,0,114424,0.0,1.0,0.0,0.0,0.5,0.0,0.9988844112237172,0.5520262843070995
Attention,42,1.0,0,36,0,114424,0.0,1.0,0.0,0.0,0.5,0.0,0.9988844112237172,0.5520262843070995
Attention-DANN,42,0.0,114424,0,36,0,1.0,0.0,0.9996854796435436,0.9998427150871184,0.5,1.0,0.9990153967807055,0.5996367312218881
Attention-DANN,42,0.01,114424,0,36,0,1.0,0.0,0.9996854796435436,0.9998427150871184,0.5,1.0,0.9990153967807055,0.5996367312218881
Attention-DANN,42,0.02,114424,0,36,0,1.0,0.0,0.9996854796435436,0.9998427150871184,0.5,1.0,0.9990153967807055,0.5996367312218881
Attention-DANN,42,0.03,114424,0,36,0,1.0,0.0,0.9996854796435436,0.9998427150871184,0.5,1.0,0.9990153967807055,0.5996367312218881
Attention-DANN,42,0.04,114424,0,36,0,1.0,0.0,0.9996854796435436,0.9998427150871184,0.5,1.0,0.9990153967807055,0.5996367312218881
Attention-DANN,42,0.05,114424,0,36,0,1.0,0.0,0.9996854796435436,0.9998427150871184,0.5,1.0,0.9990153967807055,0.5996367312218881
Attention-DANN,42,0.06,114424,0,36,0,1.0,0.0,0.9996854796435436,0.9998427150871184,0.5,1.0,0.9990153967807055,0.5996367312218881
Attention-DANN,42,0.07,114424,0,36,0,1.0,0.0,0.9996854796435436,0.9998427150871184,0.5,1.0,0.9990153967807055,0.5996367312218881
Attention-DANN,42,0.08,114424,0,36,0,1.0,0.0,0.9996854796435436,0.9998427150871184,0.5,1.0,0.9990153967807055,0.5996367312218881
Attention-DANN,42,0.09,114424,0,36,0,1.0,0.0,0.9996854796435436,0.9998427150871184,0.5,1.0,0.9990153967807055,0.5996367312218881
Attention-DANN,42,0.1,114424,0,36,0,1.0,0.0,0.9996854796435436,0.9998427150871184,0.5,1.0,0.9990153967807055,0.5996367312218881
Attention-DANN,42,0.11,114424,0,36,0,1.0,0.0,0.9996854796435436,0.9998427150871184,0.5,1.0,0.9990153967807055,0.5996367312218881
Attention-DANN,42,0.12,114424,0,36,0,1.0,0.0,0.9996854796435436,0.9998427150871184,0.5,1.0,0.9990153967807055,0.5996367312218881
Attention-DANN,42,0.13,114424,0,36,0,1.0,0.0,0.9996854796435436,0.9998427150871184,0.5,1.0,0.9990153967807055,0.5996367312218881
Attention-DANN,42,0.14,114424,0,36,0,1.0,0.0,0.9996854796435436,0.9998427150871184,0.5,1.0,0.9990153967807055,0.5996367312218881
Attention-DANN,42,0.15,114424,0,36,0,1.0,0.0,0.9996854796435436,0.9998427150871184,0.5,1.0,0.9990153967807055,0.5996367312218881
Attention-DANN,42,0.16,114424,0,36,0,1.0,0.0,0.9996854796435436,0.9998427150871184,0.5,1.0,0.9990153967807055,0.5996367312218881
Attention-DANN,42,0.17,114424,0,36,0,1.0,0.0,0.9996854796435436,0.9998427150871184,0.5,1.0,0.9990153967807055,0.5996367312218881
Attention-DANN,42,0.18,114424,0,36,0,1.0,0.0,0.9996854796435436,0.9998427150871184,0.5,1.0,0.9990153967807055,0.5996367312218881
Attention-DANN,42,0.19,114424,0,36,0,1.0,0.0,0.9996854796435436,0.9998427150871184,0.5,1.0,0.9990153967807055,0.5996367312218881
Attention-DANN,42,0.2,114424,0,36,0,1.0,0.0,0.9996854796435436,0.9998427150871184,0.5,1.0,0.9990153967807055,0.5996367312218881
Attention-DANN,42,0.21,114424,0,36,0,1.0,0.0,0.9996854796435436,0.9998427150871184,0.5,1.0,0.9990153967807055,0.5996367312218881
Attention-DANN,42,0.22,114424,0,36,0,1.0,0.0,0.9996854796435436,0.9998427150871184,0.5,1.0,0.9990153967807055,0.5996367312218881
Attention-DANN,42,0.23,114424,0,36,0,1.0,0.0,0.9996854796435436,0.9998427150871184,0.5,1.0,0.9990153967807055,0.5996367312218881
Attention-DANN,42,0.24,114424,0,36,0,1.0,0.0,0.9996854796435436,0.9998427150871184,0.5,1.0,0.9990153967807055,0.5996367312218881
Attention-DANN,42,0.25,114424,0,36,0,1.0,0.0,0.9996854796435436,0.9998427150871184,0.5,1.0,0.9990153967807055,0.5996367312218881
Attention-DANN,42,0.26,114424,0,36,0,1.0,0.0,0.9996854796435436,0.9998427150871184,0.5,1.0,0.9990153967807055,0.5996367312218881
Attention-DANN,42,0.27,114424,0,36,0,1.0,0.0,0.9996854796435436,0.9998427150871184,0.5,1.0,0.9990153967807055,0.5996367312218881
Attention-DANN,42,0.28,114424,0,36,0,1.0,0.0,0.9996854796435436,0.9998427150871184,0.5,1.0,0.9990153967807055,0.5996367312218881
Attention-DANN,42,0.29,114424,0,36,0,1.0,0.0,0.9996854796435436,0.9998427150871184,0.5,1.0,0.9990153967807055,0.5996367312218881
Attention-DANN,42,0.3,114424,1,35,0,1.0,0.027777777777777776,0.9996942136485554,0.9998470834443799,0.5138888888888888,0.9999912633234318,0.9990153967807055,0.5996367312218881
Attention-DANN,42,0.31,114424,1,35,0,1.0,0.027777777777777776,0.9996942136485554,0.9998470834443799,0.5138888888888888,0.9999912633234318,0.9990153967807055,0.5996367312218881
Attention-DANN,42,0.32,114424,1,35,0,1.0,0.027777777777777776,0.9996942136485554,0.9998470834443799,0.5138888888888888,0.9999912633234318,0.9990153967807055,0.5996367312218881
Attention-DANN,42,0.33,114424,1,35,0,1.0,0.027777777777777776,0.9996942136485554,0.9998470834443799,0.5138888888888888,0.9999912633234318,0.9990153967807055,0.5996367312218881
Attention-DANN,42,0.34,114424,1,35,0,1.0,0.027777777777777776,0.9996942136485554,0.9998470834443799,0.5138888888888888,0.9999912633234318,0.9990153967807055,0.5996367312218881
Attention-DANN,42,0.35000000000000003,114424,1,35,0,1.0,0.027777777777777776,0.9996942136485554,0.9998470834443799,0.5138888888888888,0.9999912633234318,0.9990153967807055,0.5996367312218881
Attention-DANN,42,0.36,114424,1,35,0,1.0,0.027777777777777776,0.9996942136485554,0.9998470834443799,0.5138888888888888,0.9999912633234318,0.9990153967807055,0.5996367312218881
Attention-DANN,42,0.37,114424,1,35,0,1.0,0.027777777777777776,0.9996942136485554,0.9998470834443799,0.5138888888888888,0.9999912633234318,0.9990153967807055,0.5996367312218881
Attention-DANN,42,0.38,114424,1,35,0,1.0,0.027777777777777776,0.9996942136485554,0.9998470834443799,0.5138888888888888,0.9999912633234318,0.9990153967807055,0.5996367312218881
Attention-DANN,42,0.39,114424,1,35,0,1.0,0.027777777777777776,0.9996942136485554,0.9998470834443799,0.5138888888888888,0.9999912633234318,0.9990153967807055,0.5996367312218881
Attention-DANN,42,0.4,114424,4,32,0,1.0,0.1111111111111111,0.9997204165792969,0.999860188745194,0.5555555555555556,0.9999650532937271,0.9990153967807055,0.5996367312218881
Attention-DANN,42,0.41000000000000003,114424,4,32,0,1.0,0.1111111111111111,0.9997204165792969,0.999860188745194,0.5555555555555556,0.9999650532937271,0.9990153967807055,0.5996367312218881
Attention-DANN,42,0.42,114424,5,31,0,1.0,0.1388888888888889,0.9997291511947927,0.9998645572551436,0.5694444444444444,0.9999563166171588,0.9990153967807055,0.5996367312218881
Attention-DANN,42,0.43,114424,7,29,0,1.0,0.19444444444444445,0.9997466208836815,0.999873294389563,0.5972222222222222,0.9999388432640224,0.9990153967807055,0.5996367312218881
Attention-DANN,42,0.44,114424,11,25,0,1.0,0.3055555555555556,0.9997815620931594,0.9998907691164969,0.6527777777777778,0.9999038965577495,0.9990153967807055,0.5996367312218881
Attention-DANN,42,0.45,114424,11,25,0,1.0,0.3055555555555556,0.9997815620931594,0.9998907691164969,0.6527777777777778,0.9999038965577495,0.9990153967807055,0.5996367312218881
Attention-DANN,42,0.46,114424,13,23,0,1.0,0.3611111111111111,0.9997990336138125,0.9998995067090195,0.6805555555555556,0.999886423204613,0.9990153967807055,0.5996367312218881
Attention-DANN,42,0.47000000000000003,114424,15,21,0,1.0,0.4166666666666667,0.9998165057451177,0.9999082444542511,0.7083333333333334,0.9998689498514765,0.9990153967807055,0.5996367312218881
Attention-DANN,42,0.48,114424,15,21,0,1.0,0.4166666666666667,0.9998165057451177,0.9999082444542511,0.7083333333333334,0.9998689498514765,0.9990153967807055,0.5996367312218881
Attention-DANN,42,0.49,114424,15,21,0,1.0,0.4166666666666667,0.9998165057451177,0.9999082444542511,0.7083333333333334,0.9998689498514765,0.9990153967807055,0.5996367312218881
Attention-DANN,42,0.5,114424,16,20,0,1.0,0.4444444444444444,0.999825242039775,0.9999126133841341,0.7222222222222222,0.9998602131749083,0.9990153967807055,0.5996367312218881
Attention-DANN,42,0.51,114424,16,20,0,1.0,0.4444444444444444,0.999825242039775,0.9999126133841341,0.7222222222222222,0.9998602131749083,0.9990153967807055,0.5996367312218881
Attention-DANN,42,0.52,114424,16,20,0,1.0,0.4444444444444444,0.999825242039775,0.9999126133841341,0.7222222222222222,0.9998602131749083,0.9990153967807055,0.5996367312218881
Attention-DANN,42,0.53,114424,16,20,0,1.0,0.4444444444444444,0.999825242039775,0.9999126133841341,0.7222222222222222,0.9998602131749083,0.9990153967807055,0.5996367312218881
Attention-DANN,42,0.54,114424,16,20,0,1.0,0.4444444444444444,0.999825242039775,0.9999126133841341,0.7222222222222222,0.9998602131749083,0.9990153967807055,0.5996367312218881
Attention-DANN,42,0.55,114424,16,20,0,1.0,0.4444444444444444,0.999825242039775,0.9999126133841341,0.7222222222222222,0.9998602131749083,0.9990153967807055,0.5996367312218881
Attention-DANN,42,0.56,114424,16,20,0,1.0,0.4444444444444444,0.999825242039775,0.9999126133841341,0.7222222222222222,0.9998602131749083,0.9990153967807055,0.5996367312218881
Attention-DANN,42,0.5700000000000001,114424,16,20,0,1.0,0.4444444444444444,0.999825242039775,0.9999126133841341,0.7222222222222222,0.9998602131749083,0.9990153967807055,0.5996367312218881
Attention-DANN,42,0.58,114424,16,20,0,1.0,0.4444444444444444,0.999825242039775,0.9999126133841341,0.7222222222222222,0.9998602131749083,0.9990153967807055,0.5996367312218881
Attention-DANN,42,0.59,114424,16,20,0,1.0,0.4444444444444444,0.999825242039775,0.9999126133841341,0.7222222222222222,0.9998602131749083,0.9990153967807055,0.5996367312218881
Attention-DANN,42,0.6,114424,16,20,0,1.0,0.4444444444444444,0.999825242039775,0.9999126133841341,0.7222222222222222,0.9998602131749083,0.9990153967807055,0.5996367312218881
Attention-DANN,42,0.61,114424,16,20,0,1.0,0.4444444444444444,0.999825242039775,0.9999126133841341,0.7222222222222222,0.9998602131749083,0.9990153967807055,0.5996367312218881
Attention-DANN,42,0.62,114423,16,20,1,0.9999912605747046,0.4444444444444444,0.9998252405127444,0.9999082436524269,0.7222178525095745,0.99985147649834,0.9990153967807055,0.5996367312218881
Attention-DANN,42,0.63,114421,16,20,3,0.9999737817241138,0.4444444444444444,0.9998252374586031,0.9998995040744544,0.7222091130842792,0.9998340031452035,0.9990153967807055,0.5996367312218881
Attention-DANN,42,0.64,114421,16,20,3,0.9999737817241138,0.4444444444444444,0.9998252374586031,0.9998995040744544,0.7222091130842792,0.9998340031452035,0.9990153967807055,0.5996367312218881
Attention-DANN,42,0.65,114421,16,20,3,0.9999737817241138,0.4444444444444444,0.9998252374586031,0.9998995040744544,0.7222091130842792,0.9998340031452035,0.9990153967807055,0.5996367312218881
Attention-DANN,42,0.66,114421,16,20,3,0.9999737817241138,0.4444444444444444,0.9998252374586031,0.9998995040744544,0.7222091130842792,0.9998340031452035,0.9990153967807055,0.5996367312218881
Attention-DANN,42,0.67,114421,16,20,3,0.9999737817241138,0.4444444444444444,0.9998252374586031,0.9998995040744544,0.7222091130842792,0.9998340031452035,0.9990153967807055,0.5996367312218881
Attention-DANN,42,0.68,114421,16,20,3,0.9999737817241138,0.4444444444444444,0.9998252374586031,0.9998995040744544,0.7222091130842792,0.9998340031452035,0.9990153967807055,0.5996367312218881
Attention-DANN,42,0.6900000000000001,114420,16,20,4,0.9999650422988184,0.4444444444444444,0.9998252359314925,0.9998951342281879,0.7222047433716314,0.9998252664686353,0.9990153967807055,0.5996367312218881
Attention-DANN,42,0.7000000000000001,114420,16,20,4,0.9999650422988184,0.4444444444444444,0.9998252359314925,0.9998951342281879,0.7222047433716314,0.9998252664686353,0.9990153967807055,0.5996367312218881
Attention-DANN,42,0.71,114419,16,20,5,0.999956302873523,0.4444444444444444,0.9998252344043551,0.999890764343734,0.7222003736589837,0.9998165297920671,0.9990153967807055,0.5996367312218881
Attention-DANN,42,0.72,114415,16,20,9,0.9999213451723414,0.4444444444444444,0.999825228295539,0.999873284424034,0.7221828948083929,0.9997815830857941,0.9990153967807055,0.5996367312218881
Attention-DANN,42,0.73,114410,18,18,14,0.9998776480458645,0.5,0.9998426958436746,0.9998601716393127,0.7499388240229323,0.9997204263498165,0.9990153967807055,0.5996367312218881
Attention-DANN,42,0.74,114409,20,16,15,0.9998689086205691,0.5555555555555556,0.9998601704173039,0.9998645394998449,0.7777122320880623,0.9996942163201118,0.9990153967807055,0.5996367312218881
Attention-DANN,42,0.75,35195,22,14,79229,0.3075840732713417,0.6111111111111112,0.9996023743929109,0.47041762178129154,0.45934759219122645,0.3076096452909313,0.9990153967807055,0.5996367312218881
Attention-DANN,42,0.76,5762,24,12,108662,0.05035656855205202,0.6666666666666666,0.9979217180464149,0.09587513935340022,0.35851161760935935,0.05044557050497991,0.9990153967807055,0.5996367312218881
Attention-DANN,42,0.77,27,25,11,114397,0.00023596448297559953,0.6944444444444444,0.7105263157894737,0.00047177229124076113,0.34734020446371,0.0003319937095928709,0.9990153967807055,0.5996367312218881
Attention-DANN,42,0.78,24,25,11,114400,0.0002097462070894218,0.6944444444444444,0.6857142857142857,0.00041936413912405313,0.34732709532576694,0.00030578367988817057,0.9990153967807055,0.5996367312218881
Attention-DANN,42,0.79,20,25,11,114404,0.0001747885059078515,0.6944444444444444,0.6451612903225806,0.0003494823292997248,0.3473096164751761,0.00027083697361523677,0.9990153967807055,0.5996367312218881
Attention-DANN,42,0.8,0,27,9,114424,0.0,0.75,0.0,0.0,0.375,7.8630089114101e-05,0.9990153967807055,0.5996367312218881
Attention-DANN,42,0.81,0,27,9,114424,0.0,0.75,0.0,0.0,0.375,7.8630089114101e-05,0.9990153967807055,0.5996367312218881
Attention-DANN,42,0.8200000000000001,0,27,9,114424,0.0,0.75,0.0,0.0,0.375,7.8630089114101e-05,0.9990153967807055,0.5996367312218881
Attention-DANN,42,0.8300000000000001,0,27,9,114424,0.0,0.75,0.0,0.0,0.375,7.8630089114101e-05,0.9990153967807055,0.5996367312218881
Attention-DANN,42,0.84,0,27,9,114424,0.0,0.75,0.0,0.0,0.375,7.8630089114101e-05,0.9990153967807055,0.5996367312218881
Attention-DANN,42,0.85,0,27,9,114424,0.0,0.75,0.0,0.0,0.375,7.8630089114101e-05,0.9990153967807055,0.5996367312218881
Attention-DANN,42,0.86,0,27,9,114424,0.0,0.75,0.0,0.0,0.375,7.8630089114101e-05,0.9990153967807055,0.5996367312218881
Attention-DANN,42,0.87,0,27,9,114424,0.0,0.75,0.0,0.0,0.375,7.8630089114101e-05,0.9990153967807055,0.5996367312218881
Attention-DANN,42,0.88,0,27,9,114424,0.0,0.75,0.0,0.0,0.375,7.8630089114101e-05,0.9990153967807055,0.5996367312218881
Attention-DANN,42,0.89,0,30,6,114424,0.0,0.8333333333333334,0.0,0.0,0.4166666666666667,5.242005940940067e-05,0.9990153967807055,0.5996367312218881
Attention-DANN,42,0.9,0,30,6,114424,0.0,0.8333333333333334,0.0,0.0,0.4166666666666667,5.242005940940067e-05,0.9990153967807055,0.5996367312218881
Attention-DANN,42,0.91,0,32,4,114424,0.0,0.8888888888888888,0.0,0.0,0.4444444444444444,3.4946706272933774e-05,0.9990153967807055,0.5996367312218881
Attention-DANN,42,0.92,0,32,4,114424,0.0,0.8888888888888888,0.0,0.0,0.4444444444444444,3.4946706272933774e-05,0.9990153967807055,0.5996367312218881
Attention-DANN,42,0.93,0,32,4,114424,0.0,0.8888888888888888,0.0,0.0,0.4444444444444444,3.4946706272933774e-05,0.9990153967807055,0.5996367312218881
Attention-DANN,42,0.9400000000000001,0,35,1,114424,0.0,0.9722222222222222,0.0,0.0,0.4861111111111111,8.736676568233443e-06,0.9990153967807055,0.5996367312218881
Attention-DANN,42,0.9500000000000001,0,36,0,114424,0.0,1.0,0.0,0.0,0.5,0.0,0.9990153967807055,0.5996367312218881
Attention-DANN,42,0.96,0,36,0,114424,0.0,1.0,0.0,0.0,0.5,0.0,0.9990153967807055,0.5996367312218881
Attention-DANN,42,0.97,0,36,0,114424,0.0,1.0,0.0,0.0,0.5,0.0,0.9990153967807055,0.5996367312218881
Attention-DANN,42,0.98,0,36,0,114424,0.0,1.0,0.0,0.0,0.5,0.0,0.9990153967807055,0.5996367312218881
Attention-DANN,42,0.99,0,36,0,114424,0.0,1.0,0.0,0.0,0.5,0.0,0.9990153967807055,0.5996367312218881
Attention-DANN,42,1.0,0,36,0,114424,0.0,1.0,0.0,0.0,0.5,0.0,0.9990153967807055,0.5996367312218881
Transformer,42,0.0,114424,0,36,0,1.0,0.0,0.9996854796435436,0.9998427150871184,0.5,1.0,0.9996741458609784,0.7900413763235373
Transformer,42,0.01,114424,0,36,0,1.0,0.0,0.9996854796435436,0.9998427150871184,0.5,1.0,0.9996741458609784,0.7900413763235373
Transformer,42,0.02,114424,0,36,0,1.0,0.0,0.9996854796435436,0.9998427150871184,0.5,1.0,0.9996741458609784,0.7900413763235373
Transformer,42,0.03,114424,4,32,0,1.0,0.1111111111111111,0.9997204165792969,0.999860188745194,0.5555555555555556,0.9999650532937271,0.9996741458609784,0.7900413763235373
Transformer,42,0.04,114424,8,28,0,1.0,0.2222222222222222,0.9997553559570824,0.9998776630140338,0.6111111111111112,0.9999301065874542,0.9996741458609784,0.7900413763235373
Transformer,42,0.05,114424,15,21,0,1.0,0.4166666666666667,0.9998165057451177,0.9999082444542511,0.7083333333333334,0.9998689498514765,0.9996741458609784,0.7900413763235373
Transformer,42,0.06,114424,15,21,0,1.0,0.4166666666666667,0.9998165057451177,0.9999082444542511,0.7083333333333334,0.9998689498514765,0.9996741458609784,0.7900413763235373
Transformer,42,0.07,114424,15,21,0,1.0,0.4166666666666667,0.9998165057451177,0.9999082444542511,0.7083333333333334,0.9998689498514765,0.9996741458609784,0.7900413763235373
Transformer,42,0.08,114424,15,21,0,1.0,0.4166666666666667,0.9998165057451177,0.9999082444542511,0.7083333333333334,0.9998689498514765,0.9996741458609784,0.7900413763235373
Transformer,42,0.09,114424,15,21,0,1.0,0.4166666666666667,0.9998165057451177,0.9999082444542511,0.7083333333333334,0.9998689498514765,0.9996741458609784,0.7900413763235373
Transformer,42,0.1,114424,16,20,0,1.0,0.4444444444444444,0.999825242039775,0.9999126133841341,0.7222222222222222,0.9998602131749083,0.9996741458609784,0.7900413763235373
Transformer,42,0.11,114424,16,20,0,1.0,0.4444444444444444,0.999825242039775,0.9999126133841341,0.7222222222222222,0.9998602131749083,0.9996741458609784,0.7900413763235373
Transformer,42,0.12,114423,16,20,1,0.9999912605747046,0.4444444444444444,0.9998252405127444,0.9999082436524269,0.7222178525095745,0.99985147649834,0.9996741458609784,0.7900413763235373
Transformer,42,0.13,114421,17,19,3,0.9999737817241138,0.4722222222222222,0.9998339741349178,0.9999038730425056,0.736098001973168,0.9998252664686353,0.9996741458609784,0.7900413763235373
Transformer,42,0.14,114421,18,18,3,0.9999737817241138,0.5,0.9998427109639196,0.9999082420487366,0.7499868908620568,0.9998165297920671,0.9996741458609784,0.7900413763235373
Transformer,42,0.15,114421,19,17,3,0.9999737817241138,0.5277777777777778,0.9998514479456124,0.9999126110931479,0.7638757797509458,0.9998077931154988,0.9996741458609784,0.7900413763235373
Transformer,42,0.16,114421,19,17,3,0.9999737817241138,0.5277777777777778,0.9998514479456124,0.9999126110931479,0.7638757797509458,0.9998077931154988,0.9996741458609784,0.7900413763235373
Transformer,42,0.17,114421,19,17,3,0.9999737817241138,0.5277777777777778,0.9998514479456124,0.9999126110931479,0.7638757797509458,0.9998077931154988,0.9996741458609784,0.7900413763235373
Transformer,42,0.18,114421,19,17,3,0.9999737817241138,0.5277777777777778,0.9998514479456124,0.9999126110931479,0.7638757797509458,0.9998077931154988,0.9996741458609784,0.7900413763235373
Transformer,42,0.19,114421,19,17,3,0.9999737817241138,0.5277777777777778,0.9998514479456124,0.9999126110931479,0.7638757797509458,0.9998077931154988,0.9996741458609784,0.7900413763235373
Transformer,42,0.2,114421,19,17,3,0.9999737817241138,0.5277777777777778,0.9998514479456124,0.9999126110931479,0.7638757797509458,0.9998077931154988,0.9996741458609784,0.7900413763235373
Transformer,42,0.21,114421,19,17,3,0.9999737817241138,0.5277777777777778,0.9998514479456124,0.9999126110931479,0.7638757797509458,0.9998077931154988,0.9996741458609784,0.7900413763235373
Transformer,42,0.22,114421,19,17,3,0.9999737817241138,0.5277777777777778,0.9998514479456124,0.9999126110931479,0.7638757797509458,0.9998077931154988,0.9996741458609784,0.7900413763235373
Transformer,42,0.23,114421,19,17,3,0.9999737817241138,0.5277777777777778,0.9998514479456124,0.9999126110931479,0.7638757797509458,0.9998077931154988,0.9996741458609784,0.7900413763235373
Transformer,42,0.24,114421,19,17,3,0.9999737817241138,0.5277777777777778,0.9998514479456124,0.9999126110931479,0.7638757797509458,0.9998077931154988,0.9996741458609784,0.7900413763235373
Transformer,42,0.25,114421,19,17,3,0.9999737817241138,0.5277777777777778,0.9998514479456124,0.9999126110931479,0.7638757797509458,0.9998077931154988,0.9996741458609784,0.7900413763235373
Transformer,42,0.26,114421,19,17,3,0.9999737817241138,0.5277777777777778,0.9998514479456124,0.9999126110931479,0.7638757797509458,0.9998077931154988,0.9996741458609784,0.7900413763235373
Transformer,42,0.27,114421,20,16,3,0.9999737817241138,0.5555555555555556,0.9998601850800003,0.9999169801757398,0.7777646686398347,0.9997990564389306,0.9996741458609784,0.7900413763235373
Transformer,42,0.28,114421,20,16,3,0.9999737817241138,0.5555555555555556,0.9998601850800003,0.9999169801757398,0.7777646686398347,0.9997990564389306,0.9996741458609784,0.7900413763235373
Transformer,42,0.29,114421,20,16,3,0.9999737817241138,0.5555555555555556,0.9998601850800003,0.9999169801757398,0.7777646686398347,0.9997990564389306,0.9996741458609784,0.7900413763235373
Transformer,42,0.3,114421,20,16,3,0.9999737817241138,0.5555555555555556,0.9998601850800003,0.9999169801757398,0.7777646686398347,0.9997990564389306,0.9996741458609784,0.7900413763235373
Transformer,42,0.31,114421,20,16,3,0.9999737817241138,0.5555555555555556,0.9998601850800003,0.9999169801757398,0.7777646686398347,0.9997990564389306,0.9996741458609784,0.7900413763235373
Transformer,42,0.32,114421,20,16,3,0.9999737817241138,0.5555555555555556,0.9998601850800003,0.9999169801757398,0.7777646686398347,0.9997990564389306,0.9996741458609784,0.7900413763235373
Transformer,42,0.33,114421,20,16,3,0.9999737817241138,0.5555555555555556,0.9998601850800003,0.9999169801757398,0.7777646686398347,0.9997990564389306,0.9996741458609784,0.7900413763235373
Transformer,42,0.34,114421,20,16,3,0.9999737817241138,0.5555555555555556,0.9998601850800003,0.9999169801757398,0.7777646686398347,0.9997990564389306,0.9996741458609784,0.7900413763235373
Transformer,42,0.35000000000000003,114420,20,16,4,0.9999650422988184,0.5555555555555556,0.9998601838582264,0.9999126103294591,0.777760298927187,0.9997903197623624,0.9996741458609784,0.7900413763235373
Transformer,42,0.36,114420,20,16,4,0.9999650422988184,0.5555555555555556,0.9998601838582264,0.9999126103294591,0.777760298927187,0.9997903197623624,0.9996741458609784,0.7900413763235373
Transformer,42,0.37,114420,21,15,4,0.9999650422988184,0.5833333333333334,0.9998689212216542,0.9999169794502292,0.7916491878160758,0.9997815830857941,0.9996741458609784,0.7900413763235373
Transformer,42,0.38,114420,21,15,4,0.9999650422988184,0.5833333333333334,0.9998689212216542,0.9999169794502292,0.7916491878160758,0.9997815830857941,0.9996741458609784,0.7900413763235373
Transformer,42,0.39,114420,21,15,4,0.9999650422988184,0.5833333333333334,0.9998689212216542,0.9999169794502292,0.7916491878160758,0.9997815830857941,0.9996741458609784,0.7900413763235373
Transformer,42,0.4,114420,21,15,4,0.9999650422988184,0.5833333333333334,0.9998689212216542,0.9999169794502292,0.7916491878160758,0.9997815830857941,0.9996741458609784,0.7900413763235373
Transformer,42,0.41000000000000003,114420,22,14,4,0.9999650422988184,0.6111111111111112,0.9998776587377877,0.9999213486091812,0.8055380767049648,0.9997728464092259,0.9996741458609784,0.7900413763235373
Transformer,42,0.42,114420,22,14,4,0.9999650422988184,0.6111111111111112,0.9998776587377877,0.9999213486091812,0.8055380767049648,0.9997728464092259,0.9996741458609784,0.7900413763235373
Transformer,42,0.43,114420,23,13,4,0.9999650422988184,0.6388888888888888,0.9998863964066309,0.9999257178063158,0.8194269655938536,0.9997641097326577,0.9996741458609784,0.7900413763235373
Transformer,42,0.44,114420,24,12,4,0.9999650422988184,0.6666666666666666,0.9998951342281879,0.9999300870416332,0.8333158544827426,0.9997553730560894,0.9996741458609784,0.7900413763235373
Transformer,42,0.45,114420,24,12,4,0.9999650422988184,0.6666666666666666,0.9998951342281879,0.9999300870416332,0.8333158544827426,0.9997553730560894,0.9996741458609784,0.7900413763235373
Transformer,42,0.46,114420,24,12,4,0.9999650422988184,0.6666666666666666,0.9998951342281879,0.9999300870416332,0.8333158544827426,0.9997553730560894,0.9996741458609784,0.7900413763235373
Transformer,42,0.47000000000000003,114420,25,11,4,0.9999650422988184,0.6944444444444444,0.9999038722024626,0.999934456315134,0.8472047433716314,0.9997466363795212,0.9996741458609784,0.7900413763235373
Transformer,42,0.48,114419,25,11,5,0.999956302873523,0.6944444444444444,0.999903871362405,0.9999300864306501,0.8472003736589837,0.999737899702953,0.9996741458609784,0.7900413763235373
Transformer,42,0.49,114418,25,11,6,0.9999475634482277,0.6944444444444444,0.9999038705223326,0.9999257165079767,0.847196003946336,0.9997291630263848,0.9996741458609784,0.7900413763235373
Transformer,42,0.5,114418,27,9,6,0.9999475634482277,0.75,0.9999213472344813,0.9999344551695207,0.8749737817241139,0.9997116896732483,0.9996741458609784,0.7900413763235373
Transformer,42,0.51,114417,27,9,7,0.9999388240229322,0.75,0.9999213465471134,0.999930085208652,0.8749694120114662,0.9997029529966801,0.9996741458609784,0.7900413763235373
Transformer,42,0.52,114416,27,9,8,0.9999300845976369,0.75,0.9999213458597335,0.9999257152095924,0.8749650422988184,0.9996942163201118,0.9996741458609784,0.7900413763235373
Transformer,42,0.53,114415,27,9,9,0.9999213451723414,0.75,0.9999213451723414,0.9999213451723414,0.8749606725861707,0.9996854796435436,0.9996741458609784,0.7900413763235373
Transformer,42,0.54,114415,27,9,9,0.9999213451723414,0.75,0.9999213451723414,0.9999213451723414,0.8749606725861707,0.9996854796435436,0.9996741458609784,0.7900413763235373
Transformer,42,0.55,114415,27,9,9,0.9999213451723414,0.75,0.9999213451723414,0.9999213451723414,0.8749606725861707,0.9996854796435436,0.9996741458609784,0.7900413763235373
Transformer,42,0.56,114415,27,9,9,0.9999213451723414,0.75,0.9999213451723414,0.9999213451723414,0.8749606725861707,0.9996854796435436,0.9996741458609784,0.7900413763235373
Transformer,42,0.5700000000000001,114415,27,9,9,0.9999213451723414,0.75,0.9999213451723414,0.9999213451723414,0.8749606725861707,0.9996854796435436,0.9996741458609784,0.7900413763235373
Transformer,42,0.58,114414,27,9,10,0.9999126057470461,0.75,0.9999213444849375,0.9999169750968988,0.874956302873523,0.9996767429669754,0.9996741458609784,0.7900413763235373
Transformer,42,0.59,114414,27,9,10,0.9999126057470461,0.75,0.9999213444849375,0.9999169750968988,0.874956302873523,0.9996767429669754,0.9996741458609784,0.7900413763235373
Transformer,42,0.6,114414,27,9,10,0.9999126057470461,0.75,0.9999213444849375,0.9999169750968988,0.874956302873523,0.9996767429669754,0.9996741458609784,0.7900413763235373
Transformer,42,0.61,114413,27,9,11,0.9999038663217507,0.75,0.9999213437975214,0.9999126049832638,0.8749519331608753,0.9996680062904071,0.9996741458609784,0.7900413763235373
Transformer,42,0.62,114412,27,9,12,0.9998951268964553,0.75,0.9999213431100934,0.9999082348314361,0.8749475634482277,0.9996592696138389,0.9996741458609784,0.7900413763235373
Transformer,42,0.63,114412,27,9,12,0.9998951268964553,0.75,0.9999213431100934,0.9999082348314361,0.8749475634482277,0.9996592696138389,0.9996741458609784,0.7900413763235373
Transformer,42,0.64,114155,27,9,269,0.9976490945955394,0.75,0.9999211660418346,0.9987838381717326,0.8738245472977697,0.9974139437358029,0.9996741458609784,0.7900413763235373
Transformer,42,0.65,113380,27,9,1044,0.9908760399916101,0.75,0.9999206272213355,0.9953777879225505,0.8704380199958051,0.990643019395422,0.9996741458609784,0.7900413763235373
Transformer,42,0.66,111879,27,9,2545,0.9777581626232259,0.75,0.9999195624195624,0.9887146947576797,0.863879081311613,0.9775292678665036,0.9996741458609784,0.7900413763235373
Transformer,42,0.67,107654,27,9,6770,0.9408340907501923,0.75,0.9999164058218701,0.9694759261010325,0.8454170453750962,0.9406168093657172,0.9996741458609784,0.7900413763235373
Transformer,42,0.68,98282,27,9,16142,0.858928196881773,0.75,0.9999084351568303,0.9240721152716076,0.8044640984408865,0.8587366765682335,0.9996741458609784,0.7900413763235373
Transformer,42,0.6900000000000001,92902,27,9,21522,0.811910088792561,0.75,0.9999031331058755,0.8961535678973642,0.7809550443962805,0.8117333566311375,0.9996741458609784,0.7900413763235373
Transformer,42,0.7000000000000001,89664,27,9,24760,0.7836118296860799,0.75,0.9998996353417416,0.8786410383298138,0.76680591484304,0.7834439979031976,0.9996741458609784,0.7900413763235373
Transformer,42,0.71,86672,28,8,27752,0.7574634692022653,0.7777777777777778,0.9999077065066913,0.8619619699260085,0.7676206234900216,0.7572951249344749,0.9996741458609784,0.7900413763235373
Transformer,42,0.72,82320,28,8,32104,0.7194294903167168,0.7777777777777778,0.9999028277135361,0.8367894608441083,0.7486036340472473,0.719273108509523,0.9996741458609784,0.7900413763235373
Transformer,42,0.73,77359,28,8,37065,0.6760732014262743,0.7777777777777778,0.9998965967402123,0.8067010443660025,0.7269254896020261,0.6759304560545168,0.9996741458609784,0.7900413763235373
Transformer,42,0.74,71298,28,8,43126,0.6231035447108998,0.7777777777777778,0.9998878074776316,0.7677596511064448,0.7004406612443388,0.6229774593744539,0.9996741458609784,0.7900413763235373
Transformer,42,0.75,64552,28,8,49872,0.5641473816681815,0.7777777777777778,0.9998760842627014,0.7213158718097707,0.6709625797229797,0.5640398392451511,0.9996741458609784,0.7900413763235373
Transformer,42,0.76,58242,28,8,56182,0.5090016080542543,0.7777777777777778,0.9998626609442061,0.6745891101150144,0.6433896929160161,0.5089114100995981,0.9996741458609784,0.7900413763235373
Transformer,42,0.77,56044,28,8,58380,0.4897923512549815,0.7777777777777778,0.9998572753871405,0.6575001759778503,0.6337850645163796,0.489708195002621,0.9996741458609784,0.7900413763235373
Transformer,42,0.78,50512,28,8,63912,0.44144585052086976,0.7777777777777778,0.9998416468725257,0.612474536812494,0.6096118141493237,0.4413769002271536,0.9996741458609784,0.7900413763235373
Transformer,42,0.79,45322,28,8,69102,0.3960882332377823,0.7777777777777778,0.999823516435032,0.5673973734616974,0.58693300550778,0.396033548838022,0.9996741458609784,0.7900413763235373
Transformer,42,0.8,43722,28,8,70702,0.38210515276515417,0.7777777777777778,0.9998170592270752,0.5529041314162145,0.579941465271466,0.3820548663288485,0.9996741458609784,0.7900413763235373
Transformer,42,0.81,37425,28,8,76999,0.3270729916800671,0.7777777777777778,0.9997862848288943,0.49289792370453783,0.5524253847289224,0.3270400139786825,0.9996741458609784,0.7900413763235373
Transformer,42,0.8200000000000001,32824,29,7,81600,0.28686289589596586,0.8055555555555556,0.9997867868782553,0.44581168720926284,0.5462092257257607,0.2868338284116722,0.9996741458609784,0.7900413763235373
Transformer,42,0.8300000000000001,28042,29,7,86382,0.2450709641333986,0.8055555555555556,0.9997504367357125,0.3936465154801261,0.5253132598444771,0.24505504106237988,0.9996741458609784,0.7900413763235373
Transformer,42,0.84,18176,29,7,96248,0.15884779416905545,0.8055555555555556,0.9996150250233735,0.27413334137715206,0.48220167486230553,0.15885899004018872,0.9996741458609784,0.7900413763235373
Transformer,42,0.85,16556,29,7,97868,0.14468992519051946,0.8055555555555556,0.9995773712491698,0.2527884446548131,0.47512274037303753,0.14470557399965053,0.9996741458609784,0.7900413763235373
Transformer,42,0.86,15432,29,7,98992,0.13486681115849822,0.8055555555555556,0.9995466027592461,0.23766584785504724,0.4702111833570269,0.13488554953695614,0.9996741458609784,0.7900413763235373
Transformer,42,0.87,14100,31,5,100324,0.1232258966650353,0.8611111111111112,0.9996455157745481,0.21940573722661813,0.4921685038880732,0.12323082299493272,0.9996741458609784,0.7900413763235373
Transformer,42,0.88,5876,32,4,108548,0.05135286303572677,0.8888888888888888,0.9993197278911564,0.09768586248171299,0.4701208759623078,0.05137165822121265,0.9996741458609784,0.7900413763235373
Transformer,42,0.89,5812,32,4,108612,0.050793539816821644,0.8888888888888888,0.9993122420907841,0.09667332002661344,0.46984121435285525,0.05081251092084571,0.9996741458609784,0.7900413763235373
Transformer,42,0.9,4955,33,3,109469,0.04330385233867021,0.9166666666666666,0.9993949173053651,0.08301083915498149,0.4799852595026684,0.043316442425301416,0.9996741458609784,0.7900413763235373
Transformer,42,0.91,20,34,2,114404,0.0001747885059078515,0.9444444444444444,0.9090909090909091,0.0003495098124879856,0.4723096164751761,0.00019220688450113577,0.9996741458609784,0.7900413763235373
Transformer,42,0.92,19,34,2,114405,0.00016604908061245894,0.9444444444444444,0.9047619047619048,0.00033203722312027614,0.47230524676252844,0.00018347020793290232,0.9996741458609784,0.7900413763235373
Transformer,42,0.93,18,34,2,114406,0.00015730965531706635,0.9444444444444444,0.9,0.00031456432840515884,0.4723008770498807,0.00017473353136466887,0.9996741458609784,0.7900413763235373
Transformer,42,0.9400000000000001,17,34,2,114407,0.00014857023002167377,0.9444444444444444,0.8947368421052632,0.00029709112833462947,0.47229650733723305,0.00016599685479643544,0.9996741458609784,0.7900413763235373
Transformer,42,0.9500000000000001,0,36,0,114424,0.0,1.0,0.0,0.0,0.5,0.0,0.9996741458609784,0.7900413763235373
Transformer,42,0.96,0,36,0,114424,0.0,1.0,0.0,0.0,0.5,0.0,0.9996741458609784,0.7900413763235373
Transformer,42,0.97,0,36,0,114424,0.0,1.0,0.0,0.0,0.5,0.0,0.9996741458609784,0.7900413763235373
Transformer,42,0.98,0,36,0,114424,0.0,1.0,0.0,0.0,0.5,0.0,0.9996741458609784,0.7900413763235373
Transformer,42,0.99,0,36,0,114424,0.0,1.0,0.0,0.0,0.5,0.0,0.9996741458609784,0.7900413763235373
Transformer,42,1.0,0,36,0,114424,0.0,1.0,0.0,0.0,0.5,0.0,0.9996741458609784,0.7900413763235373
Transformer-DANN,42,0.0,114424,0,36,0,1.0,0.0,0.9996854796435436,0.9998427150871184,0.5,1.0,0.9991188914796308,0.668075656233735
Transformer-DANN,42,0.01,114424,0,36,0,1.0,0.0,0.9996854796435436,0.9998427150871184,0.5,1.0,0.9991188914796308,0.668075656233735
Transformer-DANN,42,0.02,114424,0,36,0,1.0,0.0,0.9996854796435436,0.9998427150871184,0.5,1.0,0.9991188914796308,0.668075656233735
Transformer-DANN,42,0.03,114424,0,36,0,1.0,0.0,0.9996854796435436,0.9998427150871184,0.5,1.0,0.9991188914796308,0.668075656233735
Transformer-DANN,42,0.04,114424,0,36,0,1.0,0.0,0.9996854796435436,0.9998427150871184,0.5,1.0,0.9991188914796308,0.668075656233735
Transformer-DANN,42,0.05,114424,0,36,0,1.0,0.0,0.9996854796435436,0.9998427150871184,0.5,1.0,0.9991188914796308,0.668075656233735
Transformer-DANN,42,0.06,114424,0,36,0,1.0,0.0,0.9996854796435436,0.9998427150871184,0.5,1.0,0.9991188914796308,0.668075656233735
Transformer-DANN,42,0.07,114424,0,36,0,1.0,0.0,0.9996854796435436,0.9998427150871184,0.5,1.0,0.9991188914796308,0.668075656233735
Transformer-DANN,42,0.08,114424,0,36,0,1.0,0.0,0.9996854796435436,0.9998427150871184,0.5,1.0,0.9991188914796308,0.668075656233735
Transformer-DANN,42,0.09,114424,0,36,0,1.0,0.0,0.9996854796435436,0.9998427150871184,0.5,1.0,0.9991188914796308,0.668075656233735
Transformer-DANN,42,0.1,114424,0,36,0,1.0,0.0,0.9996854796435436,0.9998427150871184,0.5,1.0,0.9991188914796308,0.668075656233735
Transformer-DANN,42,0.11,114424,0,36,0,1.0,0.0,0.9996854796435436,0.9998427150871184,0.5,1.0,0.9991188914796308,0.668075656233735
Transformer-DANN,42,0.12,114424,0,36,0,1.0,0.0,0.9996854796435436,0.9998427150871184,0.5,1.0,0.9991188914796308,0.668075656233735
Transformer-DANN,42,0.13,114424,0,36,0,1.0,0.0,0.9996854796435436,0.9998427150871184,0.5,1.0,0.9991188914796308,0.668075656233735
Transformer-DANN,42,0.14,114424,0,36,0,1.0,0.0,0.9996854796435436,0.9998427150871184,0.5,1.0,0.9991188914796308,0.668075656233735
Transformer-DANN,42,0.15,114424,0,36,0,1.0,0.0,0.9996854796435436,0.9998427150871184,0.5,1.0,0.9991188914796308,0.668075656233735
Transformer-DANN,42,0.16,114424,0,36,0,1.0,0.0,0.9996854796435436,0.9998427150871184,0.5,1.0,0.9991188914796308,0.668075656233735
Transformer-DANN,42,0.17,114424,0,36,0,1.0,0.0,0.9996854796435436,0.9998427150871184,0.5,1.0,0.9991188914796308,0.668075656233735
Transformer-DANN,42,0.18,114424,0,36,0,1.0,0.0,0.9996854796435436,0.9998427150871184,0.5,1.0,0.9991188914796308,0.668075656233735
Transformer-DANN,42,0.19,114424,0,36,0,1.0,0.0,0.9996854796435436,0.9998427150871184,0.5,1.0,0.9991188914796308,0.668075656233735
Transformer-DANN,42,0.2,114424,0,36,0,1.0,0.0,0.9996854796435436,0.9998427150871184,0.5,1.0,0.9991188914796308,0.668075656233735
Transformer-DANN,42,0.21,114424,0,36,0,1.0,0.0,0.9996854796435436,0.9998427150871184,0.5,1.0,0.9991188914796308,0.668075656233735
Transformer-DANN,42,0.22,114424,0,36,0,1.0,0.0,0.9996854796435436,0.9998427150871184,0.5,1.0,0.9991188914796308,0.668075656233735
Transformer-DANN,42,0.23,114424,0,36,0,1.0,0.0,0.9996854796435436,0.9998427150871184,0.5,1.0,0.9991188914796308,0.668075656233735
Transformer-DANN,42,0.24,114424,0,36,0,1.0,0.0,0.9996854796435436,0.9998427150871184,0.5,1.0,0.9991188914796308,0.668075656233735
Transformer-DANN,42,0.25,114424,0,36,0,1.0,0.0,0.9996854796435436,0.9998427150871184,0.5,1.0,0.9991188914796308,0.668075656233735
Transformer-DANN,42,0.26,114424,0,36,0,1.0,0.0,0.9996854796435436,0.9998427150871184,0.5,1.0,0.9991188914796308,0.668075656233735
Transformer-DANN,42,0.27,114424,0,36,0,1.0,0.0,0.9996854796435436,0.9998427150871184,0.5,1.0,0.9991188914796308,0.668075656233735
Transformer-DANN,42,0.28,114424,0,36,0,1.0,0.0,0.9996854796435436,0.9998427150871184,0.5,1.0,0.9991188914796308,0.668075656233735
Transformer-DANN,42,0.29,114424,0,36,0,1.0,0.0,0.9996854796435436,0.9998427150871184,0.5,1.0,0.9991188914796308,0.668075656233735
Transformer-DANN,42,0.3,114424,0,36,0,1.0,0.0,0.9996854796435436,0.9998427150871184,0.5,1.0,0.9991188914796308,0.668075656233735
Transformer-DANN,42,0.31,114424,0,36,0,1.0,0.0,0.9996854796435436,0.9998427150871184,0.5,1.0,0.9991188914796308,0.668075656233735
Transformer-DANN,42,0.32,114424,0,36,0,1.0,0.0,0.9996854796435436,0.9998427150871184,0.5,1.0,0.9991188914796308,0.668075656233735
Transformer-DANN,42,0.33,114424,0,36,0,1.0,0.0,0.9996854796435436,0.9998427150871184,0.5,1.0,0.9991188914796308,0.668075656233735
Transformer-DANN,42,0.34,114424,0,36,0,1.0,0.0,0.9996854796435436,0.9998427150871184,0.5,1.0,0.9991188914796308,0.668075656233735
Transformer-DANN,42,0.35000000000000003,114424,0,36,0,1.0,0.0,0.9996854796435436,0.9998427150871184,0.5,1.0,0.9991188914796308,0.668075656233735
Transformer-DANN,42,0.36,114424,0,36,0,1.0,0.0,0.9996854796435436,0.9998427150871184,0.5,1.0,0.9991188914796308,0.668075656233735
Transformer-DANN,42,0.37,114424,0,36,0,1.0,0.0,0.9996854796435436,0.9998427150871184,0.5,1.0,0.9991188914796308,0.668075656233735
Transformer-DANN,42,0.38,114424,0,36,0,1.0,0.0,0.9996854796435436,0.9998427150871184,0.5,1.0,0.9991188914796308,0.668075656233735
Transformer-DANN,42,0.39,114424,0,36,0,1.0,0.0,0.9996854796435436,0.9998427150871184,0.5,1.0,0.9991188914796308,0.668075656233735
Transformer-DANN,42,0.4,114424,0,36,0,1.0,0.0,0.9996854796435436,0.9998427150871184,0.5,1.0,0.9991188914796308,0.668075656233735
Transformer-DANN,42,0.41000000000000003,114424,0,36,0,1.0,0.0,0.9996854796435436,0.9998427150871184,0.5,1.0,0.9991188914796308,0.668075656233735
Transformer-DANN,42,0.42,114424,0,36,0,1.0,0.0,0.9996854796435436,0.9998427150871184,0.5,1.0,0.9991188914796308,0.668075656233735
Transformer-DANN,42,0.43,114424,0,36,0,1.0,0.0,0.9996854796435436,0.9998427150871184,0.5,1.0,0.9991188914796308,0.668075656233735
Transformer-DANN,42,0.44,114424,0,36,0,1.0,0.0,0.9996854796435436,0.9998427150871184,0.5,1.0,0.9991188914796308,0.668075656233735
Transformer-DANN,42,0.45,114424,0,36,0,1.0,0.0,0.9996854796435436,0.9998427150871184,0.5,1.0,0.9991188914796308,0.668075656233735
Transformer-DANN,42,0.46,114424,1,35,0,1.0,0.027777777777777776,0.9996942136485554,0.9998470834443799,0.5138888888888888,0.9999912633234318,0.9991188914796308,0.668075656233735
Transformer-DANN,42,0.47000000000000003,114424,4,32,0,1.0,0.1111111111111111,0.9997204165792969,0.999860188745194,0.5555555555555556,0.9999650532937271,0.9991188914796308,0.668075656233735
Transformer-DANN,42,0.48,114424,6,30,0,1.0,0.16666666666666666,0.9997378859629196,0.9998689258032664,0.5833333333333334,0.9999475799405906,0.9991188914796308,0.668075656233735
Transformer-DANN,42,0.49,114424,6,30,0,1.0,0.16666666666666666,0.9997378859629196,0.9998689258032664,0.5833333333333334,0.9999475799405906,0.9991188914796308,0.668075656233735
Transformer-DANN,42,0.5,114424,6,30,0,1.0,0.16666666666666666,0.9997378859629196,0.9998689258032664,0.5833333333333334,0.9999475799405906,0.9991188914796308,0.668075656233735
Transformer-DANN,42,0.51,114424,6,30,0,1.0,0.16666666666666666,0.9997378859629196,0.9998689258032664,0.5833333333333334,0.9999475799405906,0.9991188914796308,0.668075656233735
Transformer-DANN,42,0.52,114424,6,30,0,1.0,0.16666666666666666,0.9997378859629196,0.9998689258032664,0.5833333333333334,0.9999475799405906,0.9991188914796308,0.668075656233735
Transformer-DANN,42,0.53,114424,6,30,0,1.0,0.16666666666666666,0.9997378859629196,0.9998689258032664,0.5833333333333334,0.9999475799405906,0.9991188914796308,0.668075656233735
Transformer-DANN,42,0.54,114424,6,30,0,1.0,0.16666666666666666,0.9997378859629196,0.9998689258032664,0.5833333333333334,0.9999475799405906,0.9991188914796308,0.668075656233735
Transformer-DANN,42,0.55,114424,7,29,0,1.0,0.19444444444444445,0.9997466208836815,0.999873294389563,0.5972222222222222,0.9999388432640224,0.9991188914796308,0.668075656233735
Transformer-DANN,42,0.56,114424,9,27,0,1.0,0.25,0.9997640911831264,0.9998820316766794,0.625,0.9999213699108859,0.9991188914796308,0.668075656233735
Transformer-DANN,42,0.5700000000000001,114424,13,23,0,1.0,0.3611111111111111,0.9997990336138125,0.9998995067090195,0.6805555555555556,0.999886423204613,0.9991188914796308,0.668075656233735
Transformer-DANN,42,0.58,114424,14,22,0,1.0,0.3888888888888889,0.9998077696031316,0.9999038755625465,0.6944444444444444,0.9998776865280448,0.9991188914796308,0.668075656233735
Transformer-DANN,42,0.59,114424,14,22,0,1.0,0.3888888888888889,0.9998077696031316,0.9999038755625465,0.6944444444444444,0.9998776865280448,0.9991188914796308,0.668075656233735
Transformer-DANN,42,0.6,114424,14,22,0,1.0,0.3888888888888889,0.9998077696031316,0.9999038755625465,0.6944444444444444,0.9998776865280448,0.9991188914796308,0.668075656233735
Transformer-DANN,42,0.61,114424,14,22,0,1.0,0.3888888888888889,0.9998077696031316,0.9999038755625465,0.6944444444444444,0.9998776865280448,0.9991188914796308,0.668075656233735
Transformer-DANN,42,0.62,114424,14,22,0,1.0,0.3888888888888889,0.9998077696031316,0.9999038755625465,0.6944444444444444,0.9998776865280448,0.9991188914796308,0.668075656233735
Transformer-DANN,42,0.63,114424,14,22,0,1.0,0.3888888888888889,0.9998077696031316,0.9999038755625465,0.6944444444444444,0.9998776865280448,0.9991188914796308,0.668075656233735
Transformer-DANN,42,0.64,114424,14,22,0,1.0,0.3888888888888889,0.9998077696031316,0.9999038755625465,0.6944444444444444,0.9998776865280448,0.9991188914796308,0.668075656233735
Transformer-DANN,42,0.65,114424,14,22,0,1.0,0.3888888888888889,0.9998077696031316,0.9999038755625465,0.6944444444444444,0.9998776865280448,0.9991188914796308,0.668075656233735
Transformer-DANN,42,0.66,114424,15,21,0,1.0,0.4166666666666667,0.9998165057451177,0.9999082444542511,0.7083333333333334,0.9998689498514765,0.9991188914796308,0.668075656233735
Transformer-DANN,42,0.67,114424,15,21,0,1.0,0.4166666666666667,0.9998165057451177,0.9999082444542511,0.7083333333333334,0.9998689498514765,0.9991188914796308,0.668075656233735
Transformer-DANN,42,0.68,114424,15,21,0,1.0,0.4166666666666667,0.9998165057451177,0.9999082444542511,0.7083333333333334,0.9998689498514765,0.9991188914796308,0.668075656233735
Transformer-DANN,42,0.6900000000000001,114424,15,21,0,1.0,0.4166666666666667,0.9998165057451177,0.9999082444542511,0.7083333333333334,0.9998689498514765,0.9991188914796308,0.668075656233735
Transformer-DANN,42,0.7000000000000001,114424,15,21,0,1.0,0.4166666666666667,0.9998165057451177,0.9999082444542511,0.7083333333333334,0.9998689498514765,0.9991188914796308,0.668075656233735
Transformer-DANN,42,0.71,114421,15,21,3,0.9999737817241138,0.4166666666666667,0.9998165009349714,0.9998951351445824,0.7083202241953902,0.9998427398217719,0.9991188914796308,0.668075656233735
Transformer-DANN,42,0.72,114421,15,21,3,0.9999737817241138,0.4166666666666667,0.9998165009349714,0.9998951351445824,0.7083202241953902,0.9998427398217719,0.9991188914796308,0.668075656233735
Transformer-DANN,42,0.73,114421,17,19,3,0.9999737817241138,0.4722222222222222,0.9998339741349178,0.9999038730425056,0.736098001973168,0.9998252664686353,0.9991188914796308,0.668075656233735
Transformer-DANN,42,0.74,114421,18,18,3,0.9999737817241138,0.5,0.9998427109639196,0.9999082420487366,0.7499868908620568,0.9998165297920671,0.9991188914796308,0.668075656233735
Transformer-DANN,42,0.75,114420,19,17,4,0.9999650422988184,0.5277777777777778,0.9998514466475004,0.9999082412468704,0.7638714100382982,0.9997990564389306,0.9991188914796308,0.668075656233735
Transformer-DANN,42,0.76,114420,19,17,4,0.9999650422988184,0.5277777777777778,0.9998514466475004,0.9999082412468704,0.7638714100382982,0.9997990564389306,0.9991188914796308,0.668075656233735
Transformer-DANN,42,0.77,114420,22,14,4,0.9999650422988184,0.6111111111111112,0.9998776587377877,0.9999213486091812,0.8055380767049648,0.9997728464092259,0.9991188914796308,0.668075656233735
Transformer-DANN,42,0.78,114415,24,12,9,0.9999213451723414,0.6666666666666666,0.9998951296459752,0.9999082372373291,0.833294005919504,0.9997116896732483,0.9991188914796308,0.668075656233735
Transformer-DANN,42,0.79,5818,24,12,108606,0.050845976368594004,0.6666666666666666,0.9979416809605489,0.09676185407554011,0.3587563215176303,0.050934824392800976,0.9991188914796308,0.668075656233735
Transformer-DANN,42,0.8,27,25,11,114397,0.00023596448297559953,0.6944444444444444,0.7105263157894737,0.00047177229124076113,0.34734020446371,0.0003319937095928709,0.9991188914796308,0.668075656233735
Transformer-DANN,42,0.81,27,25,11,114397,0.00023596448297559953,0.6944444444444444,0.7105263157894737,0.00047177229124076113,0.34734020446371,0.0003319937095928709,0.9991188914796308,0.668075656233735
Transformer-DANN,42,0.8200000000000001,27,25,11,114397,0.00023596448297559953,0.6944444444444444,0.7105263157894737,0.00047177229124076113,0.34734020446371,0.0003319937095928709,0.9991188914796308,0.668075656233735
Transformer-DANN,42,0.8300000000000001,27,25,11,114397,0.00023596448297559953,0.6944444444444444,0.7105263157894737,0.00047177229124076113,0.34734020446371,0.0003319937095928709,0.9991188914796308,0.668075656233735
Transformer-DANN,42,0.84,24,26,10,114400,0.0002097462070894218,0.7222222222222222,0.7058823529411765,0.0004193678030369218,0.36121598421465584,0.0002970470033199371,0.9991188914796308,0.668075656233735
Transformer-DANN,42,0.85,21,27,9,114403,0.00018352793120324408,0.75,0.7,0.00036695965191255875,0.3750917639656016,0.00026210029704700334,0.9991188914796308,0.668075656233735
Transformer-DANN,42,0.86,0,31,5,114424,0.0,0.8611111111111112,0.0,0.0,0.4305555555555556,4.368338284116722e-05,0.9991188914796308,0.668075656233735
Transformer-DANN,42,0.87,0,31,5,114424,0.0,0.8611111111111112,0.0,0.0,0.4305555555555556,4.368338284116722e-05,0.9991188914796308,0.668075656233735
Transformer-DANN,42,0.88,0,31,5,114424,0.0,0.8611111111111112,0.0,0.0,0.4305555555555556,4.368338284116722e-05,0.9991188914796308,0.668075656233735
Transformer-DANN,42,0.89,0,32,4,114424,0.0,0.8888888888888888,0.0,0.0,0.4444444444444444,3.4946706272933774e-05,0.9991188914796308,0.668075656233735
Transformer-DANN,42,0.9,0,35,1,114424,0.0,0.9722222222222222,0.0,0.0,0.4861111111111111,8.736676568233443e-06,0.9991188914796308,0.668075656233735
Transformer-DANN,42,0.91,0,36,0,114424,0.0,1.0,0.0,0.0,0.5,0.0,0.9991188914796308,0.668075656233735
Transformer-DANN,42,0.92,0,36,0,114424,0.0,1.0,0.0,0.0,0.5,0.0,0.9991188914796308,0.668075656233735
Transformer-DANN,42,0.93,0,36,0,114424,0.0,1.0,0.0,0.0,0.5,0.0,0.9991188914796308,0.668075656233735
Transformer-DANN,42,0.9400000000000001,0,36,0,114424,0.0,1.0,0.0,0.0,0.5,0.0,0.9991188914796308,0.668075656233735
Transformer-DANN,42,0.9500000000000001,0,36,0,114424,0.0,1.0,0.0,0.0,0.5,0.0,0.9991188914796308,0.668075656233735
Transformer-DANN,42,0.96,0,36,0,114424,0.0,1.0,0.0,0.0,0.5,0.0,0.9991188914796308,0.668075656233735
Transformer-DANN,42,0.97,0,36,0,114424,0.0,1.0,0.0,0.0,0.5,0.0,0.9991188914796308,0.668075656233735
Transformer-DANN,42,0.98,0,36,0,114424,0.0,1.0,0.0,0.0,0.5,0.0,0.9991188914796308,0.668075656233735
Transformer-DANN,42,0.99,0,36,0,114424,0.0,1.0,0.0,0.0,0.5,0.0,0.9991188914796308,0.668075656233735
Transformer-DANN,42,1.0,0,36,0,114424,0.0,1.0,0.0,0.0,0.5,0.0,0.9991188914796308,0.668075656233735
MLP,43,0.0,114424,0,36,0,1.0,0.0,0.9996854796435436,0.9998427150871184,0.5,1.0,0.9993006089864775,0.6993812486890861
MLP,43,0.01,114424,0,36,0,1.0,0.0,0.9996854796435436,0.9998427150871184,0.5,1.0,0.9993006089864775,0.6993812486890861
MLP,43,0.02,114424,0,36,0,1.0,0.0,0.9996854796435436,0.9998427150871184,0.5,1.0,0.9993006089864775,0.6993812486890861
MLP,43,0.03,114424,0,36,0,1.0,0.0,0.9996854796435436,0.9998427150871184,0.5,1.0,0.9993006089864775,0.6993812486890861
MLP,43,0.04,114424,0,36,0,1.0,0.0,0.9996854796435436,0.9998427150871184,0.5,1.0,0.9993006089864775,0.6993812486890861
MLP,43,0.05,114424,0,36,0,1.0,0.0,0.9996854796435436,0.9998427150871184,0.5,1.0,0.9993006089864775,0.6993812486890861
MLP,43,0.06,114424,0,36,0,1.0,0.0,0.9996854796435436,0.9998427150871184,0.5,1.0,0.9993006089864775,0.6993812486890861
MLP,43,0.07,114424,0,36,0,1.0,0.0,0.9996854796435436,0.9998427150871184,0.5,1.0,0.9993006089864775,0.6993812486890861
MLP,43,0.08,114424,0,36,0,1.0,0.0,0.9996854796435436,0.9998427150871184,0.5,1.0,0.9993006089864775,0.6993812486890861
MLP,43,0.09,114424,0,36,0,1.0,0.0,0.9996854796435436,0.9998427150871184,0.5,1.0,0.9993006089864775,0.6993812486890861
MLP,43,0.1,114424,0,36,0,1.0,0.0,0.9996854796435436,0.9998427150871184,0.5,1.0,0.9993006089864775,0.6993812486890861
MLP,43,0.11,114424,0,36,0,1.0,0.0,0.9996854796435436,0.9998427150871184,0.5,1.0,0.9993006089864775,0.6993812486890861
MLP,43,0.12,114424,0,36,0,1.0,0.0,0.9996854796435436,0.9998427150871184,0.5,1.0,0.9993006089864775,0.6993812486890861
MLP,43,0.13,114424,0,36,0,1.0,0.0,0.9996854796435436,0.9998427150871184,0.5,1.0,0.9993006089864775,0.6993812486890861
MLP,43,0.14,114424,1,35,0,1.0,0.027777777777777776,0.9996942136485554,0.9998470834443799,0.5138888888888888,0.9999912633234318,0.9993006089864775,0.6993812486890861
MLP,43,0.15,114424,2,34,0,1.0,0.05555555555555555,0.9997029478061822,0.9998514518398126,0.5277777777777778,0.9999825266468635,0.9993006089864775,0.6993812486890861
MLP,43,0.16,114424,4,32,0,1.0,0.1111111111111111,0.9997204165792969,0.999860188745194,0.5555555555555556,0.9999650532937271,0.9993006089864775,0.6993812486890861
MLP,43,0.17,114424,4,32,0,1.0,0.1111111111111111,0.9997204165792969,0.999860188745194,0.5555555555555556,0.9999650532937271,0.9993006089864775,0.6993812486890861
MLP,43,0.18,114424,5,31,0,1.0,0.1388888888888889,0.9997291511947927,0.9998645572551436,0.5694444444444444,0.9999563166171588,0.9993006089864775,0.6993812486890861
MLP,43,0.19,114424,6,30,0,1.0,0.16666666666666666,0.9997378859629196,0.9998689258032664,0.5833333333333334,0.9999475799405906,0.9993006089864775,0.6993812486890861
MLP,43,0.2,114424,6,30,0,1.0,0.16666666666666666,0.9997378859629196,0.9998689258032664,0.5833333333333334,0.9999475799405906,0.9993006089864775,0.6993812486890861
MLP,43,0.21,114424,6,30,0,1.0,0.16666666666666666,0.9997378859629196,0.9998689258032664,0.5833333333333334,0.9999475799405906,0.9993006089864775,0.6993812486890861
MLP,43,0.22,114424,6,30,0,1.0,0.16666666666666666,0.9997378859629196,0.9998689258032664,0.5833333333333334,0.9999475799405906,0.9993006089864775,0.6993812486890861
MLP,43,0.23,114424,6,30,0,1.0,0.16666666666666666,0.9997378859629196,0.9998689258032664,0.5833333333333334,0.9999475799405906,0.9993006089864775,0.6993812486890861
MLP,43,0.24,114424,6,30,0,1.0,0.16666666666666666,0.9997378859629196,0.9998689258032664,0.5833333333333334,0.9999475799405906,0.9993006089864775,0.6993812486890861
MLP,43,0.25,114424,6,30,0,1.0,0.16666666666666666,0.9997378859629196,0.9998689258032664,0.5833333333333334,0.9999475799405906,0.9993006089864775,0.6993812486890861
MLP,43,0.26,114424,6,30,0,1.0,0.16666666666666666,0.9997378859629196,0.9998689258032664,0.5833333333333334,0.9999475799405906,0.9993006089864775,0.6993812486890861
MLP,43,0.27,114424,6,30,0,1.0,0.16666666666666666,0.9997378859629196,0.9998689258032664,0.5833333333333334,0.9999475799405906,0.9993006089864775,0.6993812486890861
MLP,43,0.28,114424,6,30,0,1.0,0.16666666666666666,0.9997378859629196,0.9998689258032664,0.5833333333333334,0.9999475799405906,0.9993006089864775,0.6993812486890861
MLP,43,0.29,114424,6,30,0,1.0,0.16666666666666666,0.9997378859629196,0.9998689258032664,0.5833333333333334,0.9999475799405906,0.9993006089864775,0.6993812486890861
MLP,43,0.3,114424,7,29,0,1.0,0.19444444444444445,0.9997466208836815,0.999873294389563,0.5972222222222222,0.9999388432640224,0.9993006089864775,0.6993812486890861
MLP,43,0.31,114424,8,28,0,1.0,0.2222222222222222,0.9997553559570824,0.9998776630140338,0.6111111111111112,0.9999301065874542,0.9993006089864775,0.6993812486890861
MLP,43,0.32,114424,10,26,0,1.0,0.2777777777777778,0.9997728265618174,0.9998864003775003,0.6388888888888888,0.9999126332343177,0.9993006089864775,0.6993812486890861
MLP,43,0.33,114424,10,26,0,1.0,0.2777777777777778,0.9997728265618174,0.9998864003775003,0.6388888888888888,0.9999126332343177,0.9993006089864775,0.6993812486890861
MLP,43,0.34,114424,10,26,0,1.0,0.2777777777777778,0.9997728265618174,0.9998864003775003,0.6388888888888888,0.9999126332343177,0.9993006089864775,0.6993812486890861
MLP,43,0.35000000000000003,114424,11,25,0,1.0,0.3055555555555556,0.9997815620931594,0.9998907691164969,0.6527777777777778,0.9999038965577495,0.9993006089864775,0.6993812486890861
MLP,43,0.36,114424,12,24,0,1.0,0.3333333333333333,0.9997902977771564,0.9998951378936698,0.6666666666666666,0.9998951598811812,0.9993006089864775,0.6993812486890861
MLP,43,0.37,114424,14,22,0,1.0,0.3888888888888889,0.9998077696031316,0.9999038755625465,0.6944444444444444,0.9998776865280448,0.9993006089864775,0.6993812486890861
MLP,43,0.38,114424,14,22,0,1.0,0.3888888888888889,0.9998077696031316,0.9999038755625465,0.6944444444444444,0.9998776865280448,0.9993006089864775,0.6993812486890861
MLP,43,0.39,114424,14,22,0,1.0,0.3888888888888889,0.9998077696031316,0.9999038755625465,0.6944444444444444,0.9998776865280448,0.9993006089864775,0.6993812486890861
MLP,43,0.4,114424,14,22,0,1.0,0.3888888888888889,0.9998077696031316,0.9999038755625465,0.6944444444444444,0.9998776865280448,0.9993006089864775,0.6993812486890861
MLP,43,0.41000000000000003,114424,15,21,0,1.0,0.4166666666666667,0.9998165057451177,0.9999082444542511,0.7083333333333334,0.9998689498514765,0.9993006089864775,0.6993812486890861
MLP,43,0.42,114424,15,21,0,1.0,0.4166666666666667,0.9998165057451177,0.9999082444542511,0.7083333333333334,0.9998689498514765,0.9993006089864775,0.6993812486890861
MLP,43,0.43,114424,15,21,0,1.0,0.4166666666666667,0.9998165057451177,0.9999082444542511,0.7083333333333334,0.9998689498514765,0.9993006089864775,0.6993812486890861
MLP,43,0.44,114424,15,21,0,1.0,0.4166666666666667,0.9998165057451177,0.9999082444542511,0.7083333333333334,0.9998689498514765,0.9993006089864775,0.6993812486890861
MLP,43,0.45,114424,15,21,0,1.0,0.4166666666666667,0.9998165057451177,0.9999082444542511,0.7083333333333334,0.9998689498514765,0.9993006089864775,0.6993812486890861
MLP,43,0.46,114424,15,21,0,1.0,0.4166666666666667,0.9998165057451177,0.9999082444542511,0.7083333333333334,0.9998689498514765,0.9993006089864775,0.6993812486890861
MLP,43,0.47000000000000003,114424,15,21,0,1.0,0.4166666666666667,0.9998165057451177,0.9999082444542511,0.7083333333333334,0.9998689498514765,0.9993006089864775,0.6993812486890861
MLP,43,0.48,114424,16,20,0,1.0,0.4444444444444444,0.999825242039775,0.9999126133841341,0.7222222222222222,0.9998602131749083,0.9993006089864775,0.6993812486890861
MLP,43,0.49,114421,18,18,3,0.9999737817241138,0.5,0.9998427109639196,0.9999082420487366,0.7499868908620568,0.9998165297920671,0.9993006089864775,0.6993812486890861
MLP,43,0.5,114421,19,17,3,0.9999737817241138,0.5277777777777778,0.9998514479456124,0.9999126110931479,0.7638757797509458,0.9998077931154988,0.9993006089864775,0.6993812486890861
MLP,43,0.51,114421,19,17,3,0.9999737817241138,0.5277777777777778,0.9998514479456124,0.9999126110931479,0.7638757797509458,0.9998077931154988,0.9993006089864775,0.6993812486890861
MLP,43,0.52,114421,19,17,3,0.9999737817241138,0.5277777777777778,0.9998514479456124,0.9999126110931479,0.7638757797509458,0.9998077931154988,0.9993006089864775,0.6993812486890861
MLP,43,0.53,114420,19,17,4,0.9999650422988184,0.5277777777777778,0.9998514466475004,0.9999082412468704,0.7638714100382982,0.9997990564389306,0.9993006089864775,0.6993812486890861
MLP,43,0.54,114420,19,17,4,0.9999650422988184,0.5277777777777778,0.9998514466475004,0.9999082412468704,0.7638714100382982,0.9997990564389306,0.9993006089864775,0.6993812486890861
MLP,43,0.55,114420,19,17,4,0.9999650422988184,0.5277777777777778,0.9998514466475004,0.9999082412468704,0.7638714100382982,0.9997990564389306,0.9993006089864775,0.6993812486890861
MLP,43,0.56,114420,19,17,4,0.9999650422988184,0.5277777777777778,0.9998514466475004,0.9999082412468704,0.7638714100382982,0.9997990564389306,0.9993006089864775,0.6993812486890861
MLP,43,0.5700000000000001,114420,19,17,4,0.9999650422988184,0.5277777777777778,0.9998514466475004,0.9999082412468704,0.7638714100382982,0.9997990564389306,0.9993006089864775,0.6993812486890861
MLP,43,0.58,114420,19,17,4,0.9999650422988184,0.5277777777777778,0.9998514466475004,0.9999082412468704,0.7638714100382982,0.9997990564389306,0.9993006089864775,0.6993812486890861
MLP,43,0.59,114420,19,17,4,0.9999650422988184,0.5277777777777778,0.9998514466475004,0.9999082412468704,0.7638714100382982,0.9997990564389306,0.9993006089864775,0.6993812486890861
MLP,43,0.6,114415,19,17,9,0.9999213451723414,0.5277777777777778,0.9998514401565995,0.9998863914426539,0.7638495614750596,0.9997553730560894,0.9993006089864775,0.6993812486890861
MLP,43,0.61,114415,19,17,9,0.9999213451723414,0.5277777777777778,0.9998514401565995,0.9998863914426539,0.7638495614750596,0.9997553730560894,0.9993006089864775,0.6993812486890861
MLP,43,0.62,114414,19,17,10,0.9999126057470461,0.5277777777777778,0.9998514388583514,0.9998820213672412,0.763845191762412,0.9997466363795212,0.9993006089864775,0.6993812486890861
MLP,43,0.63,114410,19,17,14,0.9998776480458645,0.5277777777777778,0.9998514336651315,0.9998645406836763,0.7638277129118212,0.9997116896732483,0.9993006089864775,0.6993812486890861
MLP,43,0.64,114409,19,17,15,0.9998689086205691,0.5277777777777778,0.9998514323667698,0.9998601704173039,0.7638233431991734,0.9997029529966801,0.9993006089864775,0.6993812486890861
MLP,43,0.65,114409,20,16,15,0.9998689086205691,0.5555555555555556,0.9998601704173039,0.9998645394998449,0.7777122320880623,0.9996942163201118,0.9993006089864775,0.6993812486890861
MLP,43,0.66,114409,20,16,15,0.9998689086205691,0.5555555555555556,0.9998601704173039,0.9998645394998449,0.7777122320880623,0.9996942163201118,0.9993006089864775,0.6993812486890861
MLP,43,0.67,114409,21,15,15,0.9998689086205691,0.5833333333333334,0.9998689086205691,0.9998689086205691,0.7916011209769512,0.9996854796435436,0.9993006089864775,0.6993812486890861
MLP,43,0.68,114409,24,12,15,0.9998689086205691,0.6666666666666666,0.9998951241467913,0.9998820162118465,0.8332677876436179,0.9996592696138389,0.9993006089864775,0.6993812486890861
MLP,43,0.6900000000000001,114409,24,12,15,0.9998689086205691,0.6666666666666666,0.9998951241467913,0.9998820162118465,0.8332677876436179,0.9996592696138389,0.9993006089864775,0.6993812486890861
MLP,43,0.7000000000000001,114409,24,12,15,0.9998689086205691,0.6666666666666666,0.9998951241467913,0.9998820162118465,0.8332677876436179,0.9996592696138389,0.9993006089864775,0.6993812486890861
MLP,43,0.71,114409,24,12,15,0.9998689086205691,0.6666666666666666,0.9998951241467913,0.9998820162118465,0.8332677876436179,0.9996592696138389,0.9993006089864775,0.6993812486890861
MLP,43,0.72,87927,24,12,26497,0.7684314479479829,0.6666666666666666,0.9998635417732746,0.869002732712996,0.7175490573073248,0.7682946007338808,0.9993006089864775,0.6993812486890861
MLP,43,0.73,44029,25,11,70395,0.3847881563308397,0.6944444444444444,0.9997502270663033,0.5556971930533118,0.5396163003876421,0.38476323606500085,0.9993006089864775,0.6993812486890861
MLP,43,0.74,16254,26,10,98170,0.14205061875131092,0.7222222222222222,0.999385145105755,0.2487451028403526,0.4321364204867666,0.14209330770574874,0.9993006089864775,0.6993812486890861
MLP,43,0.75,5818,28,8,108606,0.050845976368594004,0.7777777777777778,0.9986268451767937,0.09676507276507276,0.4143118770731859,0.050899877686528046,0.9993006089864775,0.6993812486890861
MLP,43,0.76,28,29,7,114396,0.0002447039082709921,0.8055555555555556,0.8,0.0004892581623113953,0.4029001297319133,0.00030578367988817057,0.9993006089864775,0.6993812486890861
MLP,43,0.77,27,29,7,114397,0.00023596448297559953,0.8055555555555556,0.7941176470588235,0.00047178877841653707,0.4028957600192656,0.0002970470033199371,0.9993006089864775,0.6993812486890861
MLP,43,0.78,27,29,7,114397,0.00023596448297559953,0.8055555555555556,0.7941176470588235,0.00047178877841653707,0.4028957600192656,0.0002970470033199371,0.9993006089864775,0.6993812486890861
MLP,43,0.79,27,29,7,114397,0.00023596448297559953,0.8055555555555556,0.7941176470588235,0.00047178877841653707,0.4028957600192656,0.0002970470033199371,0.9993006089864775,0.6993812486890861
MLP,43,0.8,27,29,7,114397,0.00023596448297559953,0.8055555555555556,0.7941176470588235,0.00047178877841653707,0.4028957600192656,0.0002970470033199371,0.9993006089864775,0.6993812486890861
MLP,43,0.81,27,29,7,114397,0.00023596448297559953,0.8055555555555556,0.7941176470588235,0.00047178877841653707,0.4028957600192656,0.0002970470033199371,0.9993006089864775,0.6993812486890861
MLP,43,0.8200000000000001,23,29,7,114401,0.00020100678179402922,0.8055555555555556,0.7666666666666667,0.0004019081901899453,0.4028782811686748,0.00026210029704700334,0.9993006089864775,0.6993812486890861
MLP,43,0.8300000000000001,21,29,7,114403,0.00018352793120324408,0.8055555555555556,0.75,0.0003669660643763324,0.4028695417433794,0.00024462694391053644,0.9993006089864775,0.6993812486890861
MLP,43,0.84,17,29,7,114407,0.00014857023002167377,0.8055555555555556,0.7083333333333334,0.0002970781490283797,0.40285206289278863,0.00020968023763760267,0.9993006089864775,0.6993812486890861
MLP,43,0.85,0,31,5,114424,0.0,0.8611111111111112,0.0,0.0,0.4305555555555556,4.368338284116722e-05,0.9993006089864775,0.6993812486890861
MLP,43,0.86,0,31,5,114424,0.0,0.8611111111111112,0.0,0.0,0.4305555555555556,4.368338284116722e-05,0.9993006089864775,0.6993812486890861
MLP,43,0.87,0,32,4,114424,0.0,0.8888888888888888,0.0,0.0,0.4444444444444444,3.4946706272933774e-05,0.9993006089864775,0.6993812486890861
MLP,43,0.88,0,32,4,114424,0.0,0.8888888888888888,0.0,0.0,0.4444444444444444,3.4946706272933774e-05,0.9993006089864775,0.6993812486890861
MLP,43,0.89,0,32,4,114424,0.0,0.8888888888888888,0.0,0.0,0.4444444444444444,3.4946706272933774e-05,0.9993006089864775,0.6993812486890861
MLP,43,0.9,0,32,4,114424,0.0,0.8888888888888888,0.0,0.0,0.4444444444444444,3.4946706272933774e-05,0.9993006089864775,0.6993812486890861
MLP,43,0.91,0,32,4,114424,0.0,0.8888888888888888,0.0,0.0,0.4444444444444444,3.4946706272933774e-05,0.9993006089864775,0.6993812486890861
MLP,43,0.92,0,35,1,114424,0.0,0.9722222222222222,0.0,0.0,0.4861111111111111,8.736676568233443e-06,0.9993006089864775,0.6993812486890861
MLP,43,0.93,0,36,0,114424,0.0,1.0,0.0,0.0,0.5,0.0,0.9993006089864775,0.6993812486890861
MLP,43,0.9400000000000001,0,36,0,114424,0.0,1.0,0.0,0.0,0.5,0.0,0.9993006089864775,0.6993812486890861
MLP,43,0.9500000000000001,0,36,0,114424,0.0,1.0,0.0,0.0,0.5,0.0,0.9993006089864775,0.6993812486890861
MLP,43,0.96,0,36,0,114424,0.0,1.0,0.0,0.0,0.5,0.0,0.9993006089864775,0.6993812486890861
MLP,43,0.97,0,36,0,114424,0.0,1.0,0.0,0.0,0.5,0.0,0.9993006089864775,0.6993812486890861
MLP,43,0.98,0,36,0,114424,0.0,1.0,0.0,0.0,0.5,0.0,0.9993006089864775,0.6993812486890861
MLP,43,0.99,0,36,0,114424,0.0,1.0,0.0,0.0,0.5,0.0,0.9993006089864775,0.6993812486890861
MLP,43,1.0,0,36,0,114424,0.0,1.0,0.0,0.0,0.5,0.0,0.9993006089864775,0.6993812486890861
MLP-DANN,43,0.0,114424,0,36,0,1.0,0.0,0.9996854796435436,0.9998427150871184,0.5,1.0,0.9995878559721407,0.8587903081715568
MLP-DANN,43,0.01,114424,0,36,0,1.0,0.0,0.9996854796435436,0.9998427150871184,0.5,1.0,0.9995878559721407,0.8587903081715568
MLP-DANN,43,0.02,114424,3,33,0,1.0,0.08333333333333333,0.999711682116428,0.9998558202734172,0.5416666666666666,0.9999737899702953,0.9995878559721407,0.8587903081715568
MLP-DANN,43,0.03,114424,6,30,0,1.0,0.16666666666666666,0.9997378859629196,0.9998689258032664,0.5833333333333334,0.9999475799405906,0.9995878559721407,0.8587903081715568
MLP-DANN,43,0.04,114424,6,30,0,1.0,0.16666666666666666,0.9997378859629196,0.9998689258032664,0.5833333333333334,0.9999475799405906,0.9995878559721407,0.8587903081715568
MLP-DANN,43,0.05,114424,6,30,0,1.0,0.16666666666666666,0.9997378859629196,0.9998689258032664,0.5833333333333334,0.9999475799405906,0.9995878559721407,0.8587903081715568
MLP-DANN,43,0.06,114424,6,30,0,1.0,0.16666666666666666,0.9997378859629196,0.9998689258032664,0.5833333333333334,0.9999475799405906,0.9995878559721407,0.8587903081715568
MLP-DANN,43,0.07,114424,7,29,0,1.0,0.19444444444444445,0.9997466208836815,0.999873294389563,0.5972222222222222,0.9999388432640224,0.9995878559721407,0.8587903081715568
MLP-DANN,43,0.08,114424,10,26,0,1.0,0.2777777777777778,0.9997728265618174,0.9998864003775003,0.6388888888888888,0.9999126332343177,0.9995878559721407,0.8587903081715568
MLP-DANN,43,0.09,114424,10,26,0,1.0,0.2777777777777778,0.9997728265618174,0.9998864003775003,0.6388888888888888,0.9999126332343177,0.9995878559721407,0.8587903081715568
MLP-DANN,43,0.1,114424,10,26,0,1.0,0.2777777777777778,0.9997728265618174,0.9998864003775003,0.6388888888888888,0.9999126332343177,0.9995878559721407,0.8587903081715568
MLP-DANN,43,0.11,114424,10,26,0,1.0,0.2777777777777778,0.9997728265618174,0.9998864003775003,0.6388888888888888,0.9999126332343177,0.9995878559721407,0.8587903081715568
MLP-DANN,43,0.12,114424,10,26,0,1.0,0.2777777777777778,0.9997728265618174,0.9998864003775003,0.6388888888888888,0.9999126332343177,0.9995878559721407,0.8587903081715568
MLP-DANN,43,0.13,114424,12,24,0,1.0,0.3333333333333333,0.9997902977771564,0.9998951378936698,0.6666666666666666,0.9998951598811812,0.9995878559721407,0.8587903081715568
MLP-DANN,43,0.14,114424,14,22,0,1.0,0.3888888888888889,0.9998077696031316,0.9999038755625465,0.6944444444444444,0.9998776865280448,0.9995878559721407,0.8587903081715568
MLP-DANN,43,0.15,114424,15,21,0,1.0,0.4166666666666667,0.9998165057451177,0.9999082444542511,0.7083333333333334,0.9998689498514765,0.9995878559721407,0.8587903081715568
MLP-DANN,43,0.16,114424,15,21,0,1.0,0.4166666666666667,0.9998165057451177,0.9999082444542511,0.7083333333333334,0.9998689498514765,0.9995878559721407,0.8587903081715568
MLP-DANN,43,0.17,114424,15,21,0,1.0,0.4166666666666667,0.9998165057451177,0.9999082444542511,0.7083333333333334,0.9998689498514765,0.9995878559721407,0.8587903081715568
MLP-DANN,43,0.18,114424,15,21,0,1.0,0.4166666666666667,0.9998165057451177,0.9999082444542511,0.7083333333333334,0.9998689498514765,0.9995878559721407,0.8587903081715568
MLP-DANN,43,0.19,114424,15,21,0,1.0,0.4166666666666667,0.9998165057451177,0.9999082444542511,0.7083333333333334,0.9998689498514765,0.9995878559721407,0.8587903081715568
MLP-DANN,43,0.2,114424,15,21,0,1.0,0.4166666666666667,0.9998165057451177,0.9999082444542511,0.7083333333333334,0.9998689498514765,0.9995878559721407,0.8587903081715568
MLP-DANN,43,0.21,114424,15,21,0,1.0,0.4166666666666667,0.9998165057451177,0.9999082444542511,0.7083333333333334,0.9998689498514765,0.9995878559721407,0.8587903081715568
MLP-DANN,43,0.22,114424,15,21,0,1.0,0.4166666666666667,0.9998165057451177,0.9999082444542511,0.7083333333333334,0.9998689498514765,0.9995878559721407,0.8587903081715568
MLP-DANN,43,0.23,114424,15,21,0,1.0,0.4166666666666667,0.9998165057451177,0.9999082444542511,0.7083333333333334,0.9998689498514765,0.9995878559721407,0.8587903081715568
MLP-DANN,43,0.24,114424,15,21,0,1.0,0.4166666666666667,0.9998165057451177,0.9999082444542511,0.7083333333333334,0.9998689498514765,0.9995878559721407,0.8587903081715568
MLP-DANN,43,0.25,114424,16,20,0,1.0,0.4444444444444444,0.999825242039775,0.9999126133841341,0.7222222222222222,0.9998602131749083,0.9995878559721407,0.8587903081715568
MLP-DANN,43,0.26,114424,16,20,0,1.0,0.4444444444444444,0.999825242039775,0.9999126133841341,0.7222222222222222,0.9998602131749083,0.9995878559721407,0.8587903081715568
MLP-DANN,43,0.27,114424,16,20,0,1.0,0.4444444444444444,0.999825242039775,0.9999126133841341,0.7222222222222222,0.9998602131749083,0.9995878559721407,0.8587903081715568
MLP-DANN,43,0.28,114424,16,20,0,1.0,0.4444444444444444,0.999825242039775,0.9999126133841341,0.7222222222222222,0.9998602131749083,0.9995878559721407,0.8587903081715568
MLP-DANN,43,0.29,114424,16,20,0,1.0,0.4444444444444444,0.999825242039775,0.9999126133841341,0.7222222222222222,0.9998602131749083,0.9995878559721407,0.8587903081715568
MLP-DANN,43,0.3,114424,17,19,0,1.0,0.4722222222222222,0.9998339784871071,0.9999169823521958,0.7361111111111112,0.99985147649834,0.9995878559721407,0.8587903081715568
MLP-DANN,43,0.31,114424,18,18,0,1.0,0.5,0.9998427150871184,0.9999213513584368,0.75,0.9998427398217719,0.9995878559721407,0.8587903081715568
MLP-DANN,43,0.32,114424,19,17,0,1.0,0.5277777777777778,0.9998514518398126,0.9999257204028575,0.7638888888888888,0.9998340031452035,0.9995878559721407,0.8587903081715568
MLP-DANN,43,0.33,114424,19,17,0,1.0,0.5277777777777778,0.9998514518398126,0.9999257204028575,0.7638888888888888,0.9998340031452035,0.9995878559721407,0.8587903081715568
MLP-DANN,43,0.34,114424,19,17,0,1.0,0.5277777777777778,0.9998514518398126,0.9999257204028575,0.7638888888888888,0.9998340031452035,0.9995878559721407,0.8587903081715568
MLP-DANN,43,0.35000000000000003,114424,19,17,0,1.0,0.5277777777777778,0.9998514518398126,0.9999257204028575,0.7638888888888888,0.9998340031452035,0.9995878559721407,0.8587903081715568
MLP-DANN,43,0.36,114424,19,17,0,1.0,0.5277777777777778,0.9998514518398126,0.9999257204028575,0.7638888888888888,0.9998340031452035,0.9995878559721407,0.8587903081715568
MLP-DANN,43,0.37,114424,19,17,0,1.0,0.5277777777777778,0.9998514518398126,0.9999257204028575,0.7638888888888888,0.9998340031452035,0.9995878559721407,0.8587903081715568
MLP-DANN,43,0.38,114424,19,17,0,1.0,0.5277777777777778,0.9998514518398126,0.9999257204028575,0.7638888888888888,0.9998340031452035,0.9995878559721407,0.8587903081715568
MLP-DANN,43,0.39,114424,19,17,0,1.0,0.5277777777777778,0.9998514518398126,0.9999257204028575,0.7638888888888888,0.9998340031452035,0.9995878559721407,0.8587903081715568
MLP-DANN,43,0.4,114424,19,17,0,1.0,0.5277777777777778,0.9998514518398126,0.9999257204028575,0.7638888888888888,0.9998340031452035,0.9995878559721407,0.8587903081715568
MLP-DANN,43,0.41000000000000003,114424,19,17,0,1.0,0.5277777777777778,0.9998514518398126,0.9999257204028575,0.7638888888888888,0.9998340031452035,0.9995878559721407,0.8587903081715568
MLP-DANN,43,0.42,114424,19,17,0,1.0,0.5277777777777778,0.9998514518398126,0.9999257204028575,0.7638888888888888,0.9998340031452035,0.9995878559721407,0.8587903081715568
MLP-DANN,43,0.43,114424,19,17,0,1.0,0.5277777777777778,0.9998514518398126,0.9999257204028575,0.7638888888888888,0.9998340031452035,0.9995878559721407,0.8587903081715568
MLP-DANN,43,0.44,114424,19,17,0,1.0,0.5277777777777778,0.9998514518398126,0.9999257204028575,0.7638888888888888,0.9998340031452035,0.9995878559721407,0.8587903081715568
MLP-DANN,43,0.45,114424,19,17,0,1.0,0.5277777777777778,0.9998514518398126,0.9999257204028575,0.7638888888888888,0.9998340031452035,0.9995878559721407,0.8587903081715568
MLP-DANN,43,0.46,114424,19,17,0,1.0,0.5277777777777778,0.9998514518398126,0.9999257204028575,0.7638888888888888,0.9998340031452035,0.9995878559721407,0.8587903081715568
MLP-DANN,43,0.47000000000000003,114424,19,17,0,1.0,0.5277777777777778,0.9998514518398126,0.9999257204028575,0.7638888888888888,0.9998340031452035,0.9995878559721407,0.8587903081715568
MLP-DANN,43,0.48,114424,19,17,0,1.0,0.5277777777777778,0.9998514518398126,0.9999257204028575,0.7638888888888888,0.9998340031452035,0.9995878559721407,0.8587903081715568
MLP-DANN,43,0.49,114424,19,17,0,1.0,0.5277777777777778,0.9998514518398126,0.9999257204028575,0.7638888888888888,0.9998340031452035,0.9995878559721407,0.8587903081715568
MLP-DANN,43,0.5,114424,19,17,0,1.0,0.5277777777777778,0.9998514518398126,0.9999257204028575,0.7638888888888888,0.9998340031452035,0.9995878559721407,0.8587903081715568
MLP-DANN,43,0.51,114424,19,17,0,1.0,0.5277777777777778,0.9998514518398126,0.9999257204028575,0.7638888888888888,0.9998340031452035,0.9995878559721407,0.8587903081715568
MLP-DANN,43,0.52,114424,19,17,0,1.0,0.5277777777777778,0.9998514518398126,0.9999257204028575,0.7638888888888888,0.9998340031452035,0.9995878559721407,0.8587903081715568
MLP-DANN,43,0.53,114424,19,17,0,1.0,0.5277777777777778,0.9998514518398126,0.9999257204028575,0.7638888888888888,0.9998340031452035,0.9995878559721407,0.8587903081715568
MLP-DANN,43,0.54,114424,19,17,0,1.0,0.5277777777777778,0.9998514518398126,0.9999257204028575,0.7638888888888888,0.9998340031452035,0.9995878559721407,0.8587903081715568
MLP-DANN,43,0.55,114424,19,17,0,1.0,0.5277777777777778,0.9998514518398126,0.9999257204028575,0.7638888888888888,0.9998340031452035,0.9995878559721407,0.8587903081715568
MLP-DANN,43,0.56,114421,19,17,3,0.9999737817241138,0.5277777777777778,0.9998514479456124,0.9999126110931479,0.7638757797509458,0.9998077931154988,0.9995878559721407,0.8587903081715568
MLP-DANN,43,0.5700000000000001,114421,19,17,3,0.9999737817241138,0.5277777777777778,0.9998514479456124,0.9999126110931479,0.7638757797509458,0.9998077931154988,0.9995878559721407,0.8587903081715568
MLP-DANN,43,0.58,114421,19,17,3,0.9999737817241138,0.5277777777777778,0.9998514479456124,0.9999126110931479,0.7638757797509458,0.9998077931154988,0.9995878559721407,0.8587903081715568
MLP-DANN,43,0.59,114421,20,16,3,0.9999737817241138,0.5555555555555556,0.9998601850800003,0.9999169801757398,0.7777646686398347,0.9997990564389306,0.9995878559721407,0.8587903081715568
MLP-DANN,43,0.6,114420,20,16,4,0.9999650422988184,0.5555555555555556,0.9998601838582264,0.9999126103294591,0.777760298927187,0.9997903197623624,0.9995878559721407,0.8587903081715568
MLP-DANN,43,0.61,114420,20,16,4,0.9999650422988184,0.5555555555555556,0.9998601838582264,0.9999126103294591,0.777760298927187,0.9997903197623624,0.9995878559721407,0.8587903081715568
MLP-DANN,43,0.62,114420,20,16,4,0.9999650422988184,0.5555555555555556,0.9998601838582264,0.9999126103294591,0.777760298927187,0.9997903197623624,0.9995878559721407,0.8587903081715568
MLP-DANN,43,0.63,114420,20,16,4,0.9999650422988184,0.5555555555555556,0.9998601838582264,0.9999126103294591,0.777760298927187,0.9997903197623624,0.9995878559721407,0.8587903081715568
MLP-DANN,43,0.64,114420,20,16,4,0.9999650422988184,0.5555555555555556,0.9998601838582264,0.9999126103294591,0.777760298927187,0.9997903197623624,0.9995878559721407,0.8587903081715568
MLP-DANN,43,0.65,114415,20,16,9,0.9999213451723414,0.5555555555555556,0.9998601777490366,0.9998907605252234,0.7777384503639485,0.9997466363795212,0.9995878559721407,0.8587903081715568
MLP-DANN,43,0.66,114414,20,16,10,0.9999126057470461,0.5555555555555556,0.9998601765271345,0.9998863904498064,0.7777340806513009,0.999737899702953,0.9995878559721407,0.8587903081715568
MLP-DANN,43,0.67,114410,21,15,14,0.9998776480458645,0.5833333333333334,0.9998689097662224,0.9998732788869517,0.791605490689599,0.9996942163201118,0.9995878559721407,0.8587903081715568
MLP-DANN,43,0.68,114409,21,15,15,0.9998689086205691,0.5833333333333334,0.9998689086205691,0.9998689086205691,0.7916011209769512,0.9996854796435436,0.9995878559721407,0.8587903081715568
MLP-DANN,43,0.6900000000000001,114409,21,15,15,0.9998689086205691,0.5833333333333334,0.9998689086205691,0.9998689086205691,0.7916011209769512,0.9996854796435436,0.9995878559721407,0.8587903081715568
MLP-DANN,43,0.7000000000000001,114409,21,15,15,0.9998689086205691,0.5833333333333334,0.9998689086205691,0.9998689086205691,0.7916011209769512,0.9996854796435436,0.9995878559721407,0.8587903081715568
MLP-DANN,43,0.71,114409,21,15,15,0.9998689086205691,0.5833333333333334,0.9998689086205691,0.9998689086205691,0.7916011209769512,0.9996854796435436,0.9995878559721407,0.8587903081715568
MLP-DANN,43,0.72,114409,21,15,15,0.9998689086205691,0.5833333333333334,0.9998689086205691,0.9998689086205691,0.7916011209769512,0.9996854796435436,0.9995878559721407,0.8587903081715568
MLP-DANN,43,0.73,114409,21,15,15,0.9998689086205691,0.5833333333333334,0.9998689086205691,0.9998689086205691,0.7916011209769512,0.9996854796435436,0.9995878559721407,0.8587903081715568
MLP-DANN,43,0.74,114409,21,15,15,0.9998689086205691,0.5833333333333334,0.9998689086205691,0.9998689086205691,0.7916011209769512,0.9996854796435436,0.9995878559721407,0.8587903081715568
MLP-DANN,43,0.75,114409,21,15,15,0.9998689086205691,0.5833333333333334,0.9998689086205691,0.9998689086205691,0.7916011209769512,0.9996854796435436,0.9995878559721407,0.8587903081715568
MLP-DANN,43,0.76,114409,22,14,15,0.9998689086205691,0.6111111111111112,0.9998776469765694,0.9998732777794771,0.8054900098658402,0.9996767429669754,0.9995878559721407,0.8587903081715568
MLP-DANN,43,0.77,114409,24,12,15,0.9998689086205691,0.6666666666666666,0.9998951241467913,0.9998820162118465,0.8332677876436179,0.9996592696138389,0.9995878559721407,0.8587903081715568
MLP-DANN,43,0.78,114409,24,12,15,0.9998689086205691,0.6666666666666666,0.9998951241467913,0.9998820162118465,0.8332677876436179,0.9996592696138389,0.9995878559721407,0.8587903081715568
MLP-DANN,43,0.79,114408,25,11,16,0.9998601691952738,0.6944444444444444,0.9999038621208016,0.9998820151807134,0.8471523068198591,0.9996417962607024,0.9995878559721407,0.8587903081715568
MLP-DANN,43,0.8,114404,26,10,20,0.9998252114940922,0.7222222222222222,0.9999125981086231,0.9998689028920023,0.8610237168581572,0.9995981128778613,0.9995878559721407,0.8587903081715568
MLP-DANN,43,0.81,114400,27,9,24,0.9997902537929105,0.75,0.9999213348600198,0.9998557900302841,0.8748951268964553,0.99955442949502,0.9995878559721407,0.8587903081715568
MLP-DANN,43,0.8200000000000001,114382,30,6,42,0.9996329441375935,0.8333333333333334,0.9999475469454838,0.9997902207926158,0.9164831387354635,0.9993709592870872,0.9995878559721407,0.8587903081715568
MLP-DANN,43,0.8300000000000001,106937,30,6,7487,0.9345679228133958,0.8333333333333334,0.9999438953461189,0.9661512330202785,0.8839506280733647,0.9343264022365892,0.9995878559721407,0.8587903081715568
MLP-DANN,43,0.84,27268,31,5,87156,0.23830664895476472,0.8611111111111112,0.9998166684999816,0.38487759091582746,0.5497088800329379,0.23827538004543072,0.9995878559721407,0.8587903081715568
MLP-DANN,43,0.85,4988,31,5,109436,0.04359225337341816,0.8611111111111112,0.9989985980372521,0.08353919458703535,0.4523516822422647,0.043622226105189586,0.9995878559721407,0.8587903081715568
MLP-DANN,43,0.86,0,31,5,114424,0.0,0.8611111111111112,0.0,0.0,0.4305555555555556,4.368338284116722e-05,0.9995878559721407,0.8587903081715568
MLP-DANN,43,0.87,0,31,5,114424,0.0,0.8611111111111112,0.0,0.0,0.4305555555555556,4.368338284116722e-05,0.9995878559721407,0.8587903081715568
MLP-DANN,43,0.88,0,32,4,114424,0.0,0.8888888888888888,0.0,0.0,0.4444444444444444,3.4946706272933774e-05,0.9995878559721407,0.8587903081715568
MLP-DANN,43,0.89,0,32,4,114424,0.0,0.8888888888888888,0.0,0.0,0.4444444444444444,3.4946706272933774e-05,0.9995878559721407,0.8587903081715568
MLP-DANN,43,0.9,0,32,4,114424,0.0,0.8888888888888888,0.0,0.0,0.4444444444444444,3.4946706272933774e-05,0.9995878559721407,0.8587903081715568
MLP-DANN,43,0.91,0,36,0,114424,0.0,1.0,0.0,0.0,0.5,0.0,0.9995878559721407,0.8587903081715568
MLP-DANN,43,0.92,0,36,0,114424,0.0,1.0,0.0,0.0,0.5,0.0,0.9995878559721407,0.8587903081715568
MLP-DANN,43,0.93,0,36,0,114424,0.0,1.0,0.0,0.0,0.5,0.0,0.9995878559721407,0.8587903081715568
MLP-DANN,43,0.9400000000000001,0,36,0,114424,0.0,1.0,0.0,0.0,0.5,0.0,0.9995878559721407,0.8587903081715568
MLP-DANN,43,0.9500000000000001,0,36,0,114424,0.0,1.0,0.0,0.0,0.5,0.0,0.9995878559721407,0.8587903081715568
MLP-DANN,43,0.96,0,36,0,114424,0.0,1.0,0.0,0.0,0.5,0.0,0.9995878559721407,0.8587903081715568
MLP-DANN,43,0.97,0,36,0,114424,0.0,1.0,0.0,0.0,0.5,0.0,0.9995878559721407,0.8587903081715568
MLP-DANN,43,0.98,0,36,0,114424,0.0,1.0,0.0,0.0,0.5,0.0,0.9995878559721407,0.8587903081715568
MLP-DANN,43,0.99,0,36,0,114424,0.0,1.0,0.0,0.0,0.5,0.0,0.9995878559721407,0.8587903081715568
MLP-DANN,43,1.0,0,36,0,114424,0.0,1.0,0.0,0.0,0.5,0.0,0.9995878559721407,0.8587903081715568
Attention,43,0.0,114424,0,36,0,1.0,0.0,0.9996854796435436,0.9998427150871184,0.5,1.0,0.9991021253696404,0.649642144810335
Attention,43,0.01,114424,0,36,0,1.0,0.0,0.9996854796435436,0.9998427150871184,0.5,1.0,0.9991021253696404,0.649642144810335
Attention,43,0.02,114424,0,36,0,1.0,0.0,0.9996854796435436,0.9998427150871184,0.5,1.0,0.9991021253696404,0.649642144810335
Attention,43,0.03,114424,0,36,0,1.0,0.0,0.9996854796435436,0.9998427150871184,0.5,1.0,0.9991021253696404,0.649642144810335
Attention,43,0.04,114424,0,36,0,1.0,0.0,0.9996854796435436,0.9998427150871184,0.5,1.0,0.9991021253696404,0.649642144810335
Attention,43,0.05,114424,0,36,0,1.0,0.0,0.9996854796435436,0.9998427150871184,0.5,1.0,0.9991021253696404,0.649642144810335
Attention,43,0.06,114424,0,36,0,1.0,0.0,0.9996854796435436,0.9998427150871184,0.5,1.0,0.9991021253696404,0.649642144810335
Attention,43,0.07,114424,0,36,0,1.0,0.0,0.9996854796435436,0.9998427150871184,0.5,1.0,0.9991021253696404,0.649642144810335
Attention,43,0.08,114424,0,36,0,1.0,0.0,0.9996854796435436,0.9998427150871184,0.5,1.0,0.9991021253696404,0.649642144810335
Attention,43,0.09,114424,0,36,0,1.0,0.0,0.9996854796435436,0.9998427150871184,0.5,1.0,0.9991021253696404,0.649642144810335
Attention,43,0.1,114424,0,36,0,1.0,0.0,0.9996854796435436,0.9998427150871184,0.5,1.0,0.9991021253696404,0.649642144810335
Attention,43,0.11,114424,0,36,0,1.0,0.0,0.9996854796435436,0.9998427150871184,0.5,1.0,0.9991021253696404,0.649642144810335
Attention,43,0.12,114424,0,36,0,1.0,0.0,0.9996854796435436,0.9998427150871184,0.5,1.0,0.9991021253696404,0.649642144810335
Attention,43,0.13,114424,0,36,0,1.0,0.0,0.9996854796435436,0.9998427150871184,0.5,1.0,0.9991021253696404,0.649642144810335
Attention,43,0.14,114424,0,36,0,1.0,0.0,0.9996854796435436,0.9998427150871184,0.5,1.0,0.9991021253696404,0.649642144810335
Attention,43,0.15,114424,0,36,0,1.0,0.0,0.9996854796435436,0.9998427150871184,0.5,1.0,0.9991021253696404,0.649642144810335
Attention,43,0.16,114424,4,32,0,1.0,0.1111111111111111,0.9997204165792969,0.999860188745194,0.5555555555555556,0.9999650532937271,0.9991021253696404,0.649642144810335
Attention,43,0.17,114424,4,32,0,1.0,0.1111111111111111,0.9997204165792969,0.999860188745194,0.5555555555555556,0.9999650532937271,0.9991021253696404,0.649642144810335
Attention,43,0.18,114424,4,32,0,1.0,0.1111111111111111,0.9997204165792969,0.999860188745194,0.5555555555555556,0.9999650532937271,0.9991021253696404,0.649642144810335
Attention,43,0.19,114424,6,30,0,1.0,0.16666666666666666,0.9997378859629196,0.9998689258032664,0.5833333333333334,0.9999475799405906,0.9991021253696404,0.649642144810335
Attention,43,0.2,114424,8,28,0,1.0,0.2222222222222222,0.9997553559570824,0.9998776630140338,0.6111111111111112,0.9999301065874542,0.9991021253696404,0.649642144810335
Attention,43,0.21,114424,9,27,0,1.0,0.25,0.9997640911831264,0.9998820316766794,0.625,0.9999213699108859,0.9991021253696404,0.649642144810335
Attention,43,0.22,114424,9,27,0,1.0,0.25,0.9997640911831264,0.9998820316766794,0.625,0.9999213699108859,0.9991021253696404,0.649642144810335
Attention,43,0.23,114424,9,27,0,1.0,0.25,0.9997640911831264,0.9998820316766794,0.625,0.9999213699108859,0.9991021253696404,0.649642144810335
Attention,43,0.24,114424,9,27,0,1.0,0.25,0.9997640911831264,0.9998820316766794,0.625,0.9999213699108859,0.9991021253696404,0.649642144810335
Attention,43,0.25,114424,9,27,0,1.0,0.25,0.9997640911831264,0.9998820316766794,0.625,0.9999213699108859,0.9991021253696404,0.649642144810335
Attention,43,0.26,114424,9,27,0,1.0,0.25,0.9997640911831264,0.9998820316766794,0.625,0.9999213699108859,0.9991021253696404,0.649642144810335
Attention,43,0.27,114424,9,27,0,1.0,0.25,0.9997640911831264,0.9998820316766794,0.625,0.9999213699108859,0.9991021253696404,0.649642144810335
Attention,43,0.28,114424,9,27,0,1.0,0.25,0.9997640911831264,0.9998820316766794,0.625,0.9999213699108859,0.9991021253696404,0.649642144810335
Attention,43,0.29,114424,9,27,0,1.0,0.25,0.9997640911831264,0.9998820316766794,0.625,0.9999213699108859,0.9991021253696404,0.649642144810335
Attention,43,0.3,114424,9,27,0,1.0,0.25,0.9997640911831264,0.9998820316766794,0.625,0.9999213699108859,0.9991021253696404,0.649642144810335
Attention,43,0.31,114424,9,27,0,1.0,0.25,0.9997640911831264,0.9998820316766794,0.625,0.9999213699108859,0.9991021253696404,0.649642144810335
Attention,43,0.32,114424,9,27,0,1.0,0.25,0.9997640911831264,0.9998820316766794,0.625,0.9999213699108859,0.9991021253696404,0.649642144810335
Attention,43,0.33,114424,9,27,0,1.0,0.25,0.9997640911831264,0.9998820316766794,0.625,0.9999213699108859,0.9991021253696404,0.649642144810335
Attention,43,0.34,114424,9,27,0,1.0,0.25,0.9997640911831264,0.9998820316766794,0.625,0.9999213699108859,0.9991021253696404,0.649642144810335
Attention,43,0.35000000000000003,114424,10,26,0,1.0,0.2777777777777778,0.9997728265618174,0.9998864003775003,0.6388888888888888,0.9999126332343177,0.9991021253696404,0.649642144810335
Attention,43,0.36,114424,10,26,0,1.0,0.2777777777777778,0.9997728265618174,0.9998864003775003,0.6388888888888888,0.9999126332343177,0.9991021253696404,0.649642144810335
Attention,43,0.37,114424,11,25,0,1.0,0.3055555555555556,0.9997815620931594,0.9998907691164969,0.6527777777777778,0.9999038965577495,0.9991021253696404,0.649642144810335
Attention,43,0.38,114424,11,25,0,1.0,0.3055555555555556,0.9997815620931594,0.9998907691164969,0.6527777777777778,0.9999038965577495,0.9991021253696404,0.649642144810335
Attention,43,0.39,114424,11,25,0,1.0,0.3055555555555556,0.9997815620931594,0.9998907691164969,0.6527777777777778,0.9999038965577495,0.9991021253696404,0.649642144810335
Attention,43,0.4,114424,12,24,0,1.0,0.3333333333333333,0.9997902977771564,0.9998951378936698,0.6666666666666666,0.9998951598811812,0.9991021253696404,0.649642144810335
Attention,43,0.41000000000000003,114424,13,23,0,1.0,0.3611111111111111,0.9997990336138125,0.9998995067090195,0.6805555555555556,0.999886423204613,0.9991021253696404,0.649642144810335
Attention,43,0.42,114424,13,23,0,1.0,0.3611111111111111,0.9997990336138125,0.9998995067090195,0.6805555555555556,0.999886423204613,0.9991021253696404,0.649642144810335
Attention,43,0.43,114424,14,22,0,1.0,0.3888888888888889,0.9998077696031316,0.9999038755625465,0.6944444444444444,0.9998776865280448,0.9991021253696404,0.649642144810335
Attention,43,0.44,114424,14,22,0,1.0,0.3888888888888889,0.9998077696031316,0.9999038755625465,0.6944444444444444,0.9998776865280448,0.9991021253696404,0.649642144810335
Attention,43,0.45,114424,14,22,0,1.0,0.3888888888888889,0.9998077696031316,0.9999038755625465,0.6944444444444444,0.9998776865280448,0.9991021253696404,0.649642144810335
Attention,43,0.46,114424,14,22,0,1.0,0.3888888888888889,0.9998077696031316,0.9999038755625465,0.6944444444444444,0.9998776865280448,0.9991021253696404,0.649642144810335
Attention,43,0.47000000000000003,114424,15,21,0,1.0,0.4166666666666667,0.9998165057451177,0.9999082444542511,0.7083333333333334,0.9998689498514765,0.9991021253696404,0.649642144810335
Attention,43,0.48,114424,15,21,0,1.0,0.4166666666666667,0.9998165057451177,0.9999082444542511,0.7083333333333334,0.9998689498514765,0.9991021253696404,0.649642144810335
Attention,43,0.49,114424,15,21,0,1.0,0.4166666666666667,0.9998165057451177,0.9999082444542511,0.7083333333333334,0.9998689498514765,0.9991021253696404,0.649642144810335
Attention,43,0.5,114424,15,21,0,1.0,0.4166666666666667,0.9998165057451177,0.9999082444542511,0.7083333333333334,0.9998689498514765,0.9991021253696404,0.649642144810335
Attention,43,0.51,114424,15,21,0,1.0,0.4166666666666667,0.9998165057451177,0.9999082444542511,0.7083333333333334,0.9998689498514765,0.9991021253696404,0.649642144810335
Attention,43,0.52,114424,15,21,0,1.0,0.4166666666666667,0.9998165057451177,0.9999082444542511,0.7083333333333334,0.9998689498514765,0.9991021253696404,0.649642144810335
Attention,43,0.53,114424,15,21,0,1.0,0.4166666666666667,0.9998165057451177,0.9999082444542511,0.7083333333333334,0.9998689498514765,0.9991021253696404,0.649642144810335
Attention,43,0.54,114424,15,21,0,1.0,0.4166666666666667,0.9998165057451177,0.9999082444542511,0.7083333333333334,0.9998689498514765,0.9991021253696404,0.649642144810335
Attention,43,0.55,114424,16,20,0,1.0,0.4444444444444444,0.999825242039775,0.9999126133841341,0.7222222222222222,0.9998602131749083,0.9991021253696404,0.649642144810335
Attention,43,0.56,114424,16,20,0,1.0,0.4444444444444444,0.999825242039775,0.9999126133841341,0.7222222222222222,0.9998602131749083,0.9991021253696404,0.649642144810335
Attention,43,0.5700000000000001,114424,16,20,0,1.0,0.4444444444444444,0.999825242039775,0.9999126133841341,0.7222222222222222,0.9998602131749083,0.9991021253696404,0.649642144810335
Attention,43,0.58,114423,17,19,1,0.9999912605747046,0.4722222222222222,0.9998339770364028,0.9999126126204854,0.7361067413984634,0.9998427398217719,0.9991021253696404,0.649642144810335
Attention,43,0.59,114421,17,19,3,0.9999737817241138,0.4722222222222222,0.9998339741349178,0.9999038730425056,0.736098001973168,0.9998252664686353,0.9991021253696404,0.649642144810335
Attention,43,0.6,114421,17,19,3,0.9999737817241138,0.4722222222222222,0.9998339741349178,0.9999038730425056,0.736098001973168,0.9998252664686353,0.9991021253696404,0.649642144810335
Attention,43,0.61,114421,17,19,3,0.9999737817241138,0.4722222222222222,0.9998339741349178,0.9999038730425056,0.736098001973168,0.9998252664686353,0.9991021253696404,0.649642144810335
Attention,43,0.62,114421,17,19,3,0.9999737817241138,0.4722222222222222,0.9998339741349178,0.9999038730425056,0.736098001973168,0.9998252664686353,0.9991021253696404,0.649642144810335
Attention,43,0.63,114421,17,19,3,0.9999737817241138,0.4722222222222222,0.9998339741349178,0.9999038730425056,0.736098001973168,0.9998252664686353,0.9991021253696404,0.649642144810335
Attention,43,0.64,114421,17,19,3,0.9999737817241138,0.4722222222222222,0.9998339741349178,0.9999038730425056,0.736098001973168,0.9998252664686353,0.9991021253696404,0.649642144810335
Attention,43,0.65,114421,18,18,3,0.9999737817241138,0.5,0.9998427109639196,0.9999082420487366,0.7499868908620568,0.9998165297920671,0.9991021253696404,0.649642144810335
Attention,43,0.66,114421,18,18,3,0.9999737817241138,0.5,0.9998427109639196,0.9999082420487366,0.7499868908620568,0.9998165297920671,0.9991021253696404,0.649642144810335
Attention,43,0.67,114420,18,18,4,0.9999650422988184,0.5,0.9998427095894721,0.9999038722024626,0.7499825211494092,0.9998077931154988,0.9991021253696404,0.649642144810335
Attention,43,0.68,114420,21,15,4,0.9999650422988184,0.5833333333333334,0.9998689212216542,0.9999169794502292,0.7916491878160758,0.9997815830857941,0.9991021253696404,0.649642144810335
Attention,43,0.6900000000000001,114415,22,14,9,0.9999213451723414,0.6111111111111112,0.9998776533920597,0.9998994988049097,0.8055162281417263,0.9997291630263848,0.9991021253696404,0.649642144810335
Attention,43,0.7000000000000001,86175,23,13,28249,0.7531199748304551,0.6388888888888888,0.9998491669373927,0.8591210894662333,0.696004431859672,0.7529966800629041,0.9991021253696404,0.649642144810335
Attention,43,0.71,41927,23,13,72497,0.3664178843599245,0.6388888888888888,0.9996900333810205,0.5362743342457343,0.5026533866244067,0.36641621527171064,0.9991021253696404,0.649642144810335
Attention,43,0.72,16251,25,11,98173,0.14202440047542472,0.6944444444444444,0.9993235764358628,0.2487029980258023,0.4182344224599346,0.14207583435261226,0.9991021253696404,0.649642144810335
Attention,43,0.73,5818,25,11,108606,0.050845976368594004,0.6944444444444444,0.9981128838565791,0.09676265872784878,0.3726452104065192,0.05092608771623274,0.9991021253696404,0.649642144810335
Attention,43,0.74,27,25,11,114397,0.00023596448297559953,0.6944444444444444,0.7105263157894737,0.00047177229124076113,0.34734020446371,0.0003319937095928709,0.9991021253696404,0.649642144810335
Attention,43,0.75,27,25,11,114397,0.00023596448297559953,0.6944444444444444,0.7105263157894737,0.00047177229124076113,0.34734020446371,0.0003319937095928709,0.9991021253696404,0.649642144810335
Attention,43,0.76,27,25,11,114397,0.00023596448297559953,0.6944444444444444,0.7105263157894737,0.00047177229124076113,0.34734020446371,0.0003319937095928709,0.9991021253696404,0.649642144810335
Attention,43,0.77,27,25,11,114397,0.00023596448297559953,0.6944444444444444,0.7105263157894737,0.00047177229124076113,0.34734020446371,0.0003319937095928709,0.9991021253696404,0.649642144810335
Attention,43,0.78,27,25,11,114397,0.00023596448297559953,0.6944444444444444,0.7105263157894737,0.00047177229124076113,0.34734020446371,0.0003319937095928709,0.9991021253696404,0.649642144810335
Attention,43,0.79,27,25,11,114397,0.00023596448297559953,0.6944444444444444,0.7105263157894737,0.00047177229124076113,0.34734020446371,0.0003319937095928709,0.9991021253696404,0.649642144810335
Attention,43,0.8,27,25,11,114397,0.00023596448297559953,0.6944444444444444,0.7105263157894737,0.00047177229124076113,0.34734020446371,0.0003319937095928709,0.9991021253696404,0.649642144810335
Attention,43,0.81,25,25,11,114399,0.0002184856323848144,0.6944444444444444,0.6944444444444444,0.0004368338284116722,0.3473314650384146,0.000314520356456404,0.9991021253696404,0.649642144810335
Attention,43,0.8200000000000001,22,25,11,114402,0.00019226735649863666,0.6944444444444444,0.6666666666666666,0.00038442384476266195,0.34731835590047155,0.00028831032675170367,0.9991021253696404,0.649642144810335
Attention,43,0.8300000000000001,20,25,11,114404,0.0001747885059078515,0.6944444444444444,0.6451612903225806,0.0003494823292997248,0.3473096164751761,0.00027083697361523677,0.9991021253696404,0.649642144810335
Attention,43,0.84,12,25,11,114412,0.0001048731035447109,0.6944444444444444,0.5217391304347826,0.0002097040551521665,0.34727465877399455,0.00020094356106936922,0.9991021253696404,0.649642144810335
Attention,43,0.85,0,27,9,114424,0.0,0.75,0.0,0.0,0.375,7.8630089114101e-05,0.9991021253696404,0.649642144810335
Attention,43,0.86,0,27,9,114424,0.0,0.75,0.0,0.0,0.375,7.8630089114101e-05,0.9991021253696404,0.649642144810335
Attention,43,0.87,0,30,6,114424,0.0,0.8333333333333334,0.0,0.0,0.4166666666666667,5.242005940940067e-05,0.9991021253696404,0.649642144810335
Attention,43,0.88,0,30,6,114424,0.0,0.8333333333333334,0.0,0.0,0.4166666666666667,5.242005940940067e-05,0.9991021253696404,0.649642144810335
Attention,43,0.89,0,31,5,114424,0.0,0.8611111111111112,0.0,0.0,0.4305555555555556,4.368338284116722e-05,0.9991021253696404,0.649642144810335
Attention,43,0.9,0,32,4,114424,0.0,0.8888888888888888,0.0,0.0,0.4444444444444444,3.4946706272933774e-05,0.9991021253696404,0.649642144810335
Attention,43,0.91,0,32,4,114424,0.0,0.8888888888888888,0.0,0.0,0.4444444444444444,3.4946706272933774e-05,0.9991021253696404,0.649642144810335
Attention,43,0.92,0,35,1,114424,0.0,0.9722222222222222,0.0,0.0,0.4861111111111111,8.736676568233443e-06,0.9991021253696404,0.649642144810335
Attention,43,0.93,0,36,0,114424,0.0,1.0,0.0,0.0,0.5,0.0,0.9991021253696404,0.649642144810335
Attention,43,0.9400000000000001,0,36,0,114424,0.0,1.0,0.0,0.0,0.5,0.0,0.9991021253696404,0.649642144810335
Attention,43,0.9500000000000001,0,36,0,114424,0.0,1.0,0.0,0.0,0.5,0.0,0.9991021253696404,0.649642144810335
Attention,43,0.96,0,36,0,114424,0.0,1.0,0.0,0.0,0.5,0.0,0.9991021253696404,0.649642144810335
Attention,43,0.97,0,36,0,114424,0.0,1.0,0.0,0.0,0.5,0.0,0.9991021253696404,0.649642144810335
Attention,43,0.98,0,36,0,114424,0.0,1.0,0.0,0.0,0.5,0.0,0.9991021253696404,0.649642144810335
Attention,43,0.99,0,36,0,114424,0.0,1.0,0.0,0.0,0.5,0.0,0.9991021253696404,0.649642144810335
Attention,43,1.0,0,36,0,114424,0.0,1.0,0.0,0.0,0.5,0.0,0.9991021253696404,0.649642144810335
Attention-DANN,43,0.0,114424,0,36,0,1.0,0.0,0.9996854796435436,0.9998427150871184,0.5,1.0,0.9999999702869531,0.999905565654447
Attention-DANN,43,0.01,114424,0,36,0,1.0,0.0,0.9996854796435436,0.9998427150871184,0.5,1.0,0.9999999702869531,0.999905565654447
Attention-DANN,43,0.02,114424,0,36,0,1.0,0.0,0.9996854796435436,0.9998427150871184,0.5,1.0,0.9999999702869531,0.999905565654447
Attention-DANN,43,0.03,114424,0,36,0,1.0,0.0,0.9996854796435436,0.9998427150871184,0.5,1.0,0.9999999702869531,0.999905565654447
Attention-DANN,43,0.04,114424,0,36,0,1.0,0.0,0.9996854796435436,0.9998427150871184,0.5,1.0,0.9999999702869531,0.999905565654447
Attention-DANN,43,0.05,114424,0,36,0,1.0,0.0,0.9996854796435436,0.9998427150871184,0.5,1.0,0.9999999702869531,0.999905565654447
Attention-DANN,43,0.06,114424,0,36,0,1.0,0.0,0.9996854796435436,0.9998427150871184,0.5,1.0,0.9999999702869531,0.999905565654447
Attention-DANN,43,0.07,114424,0,36,0,1.0,0.0,0.9996854796435436,0.9998427150871184,0.5,1.0,0.9999999702869531,0.999905565654447
Attention-DANN,43,0.08,114424,0,36,0,1.0,0.0,0.9996854796435436,0.9998427150871184,0.5,1.0,0.9999999702869531,0.999905565654447
Attention-DANN,43,0.09,114424,0,36,0,1.0,0.0,0.9996854796435436,0.9998427150871184,0.5,1.0,0.9999999702869531,0.999905565654447
Attention-DANN,43,0.1,114424,0,36,0,1.0,0.0,0.9996854796435436,0.9998427150871184,0.5,1.0,0.9999999702869531,0.999905565654447
Attention-DANN,43,0.11,114424,0,36,0,1.0,0.0,0.9996854796435436,0.9998427150871184,0.5,1.0,0.9999999702869531,0.999905565654447
Attention-DANN,43,0.12,114424,0,36,0,1.0,0.0,0.9996854796435436,0.9998427150871184,0.5,1.0,0.9999999702869531,0.999905565654447
Attention-DANN,43,0.13,114424,0,36,0,1.0,0.0,0.9996854796435436,0.9998427150871184,0.5,1.0,0.9999999702869531,0.999905565654447
Attention-DANN,43,0.14,114424,0,36,0,1.0,0.0,0.9996854796435436,0.9998427150871184,0.5,1.0,0.9999999702869531,0.999905565654447
Attention-DANN,43,0.15,114424,0,36,0,1.0,0.0,0.9996854796435436,0.9998427150871184,0.5,1.0,0.9999999702869531,0.999905565654447
Attention-DANN,43,0.16,114424,0,36,0,1.0,0.0,0.9996854796435436,0.9998427150871184,0.5,1.0,0.9999999702869531,0.999905565654447
Attention-DANN,43,0.17,114424,0,36,0,1.0,0.0,0.9996854796435436,0.9998427150871184,0.5,1.0,0.9999999702869531,0.999905565654447
Attention-DANN,43,0.18,114424,0,36,0,1.0,0.0,0.9996854796435436,0.9998427150871184,0.5,1.0,0.9999999702869531,0.999905565654447
Attention-DANN,43,0.19,114424,0,36,0,1.0,0.0,0.9996854796435436,0.9998427150871184,0.5,1.0,0.9999999702869531,0.999905565654447
Attention-DANN,43,0.2,114424,0,36,0,1.0,0.0,0.9996854796435436,0.9998427150871184,0.5,1.0,0.9999999702869531,0.999905565654447
Attention-DANN,43,0.21,114424,0,36,0,1.0,0.0,0.9996854796435436,0.9998427150871184,0.5,1.0,0.9999999702869531,0.999905565654447
Attention-DANN,43,0.22,114424,0,36,0,1.0,0.0,0.9996854796435436,0.9998427150871184,0.5,1.0,0.9999999702869531,0.999905565654447
Attention-DANN,43,0.23,114424,0,36,0,1.0,0.0,0.9996854796435436,0.9998427150871184,0.5,1.0,0.9999999702869531,0.999905565654447
Attention-DANN,43,0.24,114424,0,36,0,1.0,0.0,0.9996854796435436,0.9998427150871184,0.5,1.0,0.9999999702869531,0.999905565654447
Attention-DANN,43,0.25,114424,0,36,0,1.0,0.0,0.9996854796435436,0.9998427150871184,0.5,1.0,0.9999999702869531,0.999905565654447
Attention-DANN,43,0.26,114424,0,36,0,1.0,0.0,0.9996854796435436,0.9998427150871184,0.5,1.0,0.9999999702869531,0.999905565654447
Attention-DANN,43,0.27,114424,0,36,0,1.0,0.0,0.9996854796435436,0.9998427150871184,0.5,1.0,0.9999999702869531,0.999905565654447
Attention-DANN,43,0.28,114424,0,36,0,1.0,0.0,0.9996854796435436,0.9998427150871184,0.5,1.0,0.9999999702869531,0.999905565654447
Attention-DANN,43,0.29,114424,0,36,0,1.0,0.0,0.9996854796435436,0.9998427150871184,0.5,1.0,0.9999999702869531,0.999905565654447
Attention-DANN,43,0.3,114424,0,36,0,1.0,0.0,0.9996854796435436,0.9998427150871184,0.5,1.0,0.9999999702869531,0.999905565654447
Attention-DANN,43,0.31,114424,0,36,0,1.0,0.0,0.9996854796435436,0.9998427150871184,0.5,1.0,0.9999999702869531,0.999905565654447
Attention-DANN,43,0.32,114424,0,36,0,1.0,0.0,0.9996854796435436,0.9998427150871184,0.5,1.0,0.9999999702869531,0.999905565654447
Attention-DANN,43,0.33,114424,0,36,0,1.0,0.0,0.9996854796435436,0.9998427150871184,0.5,1.0,0.9999999702869531,0.999905565654447
Attention-DANN,43,0.34,114424,0,36,0,1.0,0.0,0.9996854796435436,0.9998427150871184,0.5,1.0,0.9999999702869531,0.999905565654447
Attention-DANN,43,0.35000000000000003,114424,0,36,0,1.0,0.0,0.9996854796435436,0.9998427150871184,0.5,1.0,0.9999999702869531,0.999905565654447
Attention-DANN,43,0.36,114424,0,36,0,1.0,0.0,0.9996854796435436,0.9998427150871184,0.5,1.0,0.9999999702869531,0.999905565654447
Attention-DANN,43,0.37,114424,0,36,0,1.0,0.0,0.9996854796435436,0.9998427150871184,0.5,1.0,0.9999999702869531,0.999905565654447
Attention-DANN,43,0.38,114424,0,36,0,1.0,0.0,0.9996854796435436,0.9998427150871184,0.5,1.0,0.9999999702869531,0.999905565654447
Attention-DANN,43,0.39,114424,0,36,0,1.0,0.0,0.9996854796435436,0.9998427150871184,0.5,1.0,0.9999999702869531,0.999905565654447
Attention-DANN,43,0.4,114424,0,36,0,1.0,0.0,0.9996854796435436,0.9998427150871184,0.5,1.0,0.9999999702869531,0.999905565654447
Attention-DANN,43,0.41000000000000003,114424,0,36,0,1.0,0.0,0.9996854796435436,0.9998427150871184,0.5,1.0,0.9999999702869531,0.999905565654447
Attention-DANN,43,0.42,114424,0,36,0,1.0,0.0,0.9996854796435436,0.9998427150871184,0.5,1.0,0.9999999702869531,0.999905565654447
Attention-DANN,43,0.43,114424,0,36,0,1.0,0.0,0.9996854796435436,0.9998427150871184,0.5,1.0,0.9999999702869531,0.999905565654447
Attention-DANN,43,0.44,114424,0,36,0,1.0,0.0,0.9996854796435436,0.9998427150871184,0.5,1.0,0.9999999702869531,0.999905565654447
Attention-DANN,43,0.45,114424,0,36,0,1.0,0.0,0.9996854796435436,0.9998427150871184,0.5,1.0,0.9999999702869531,0.999905565654447
Attention-DANN,43,0.46,114424,0,36,0,1.0,0.0,0.9996854796435436,0.9998427150871184,0.5,1.0,0.9999999702869531,0.999905565654447
Attention-DANN,43,0.47000000000000003,114424,0,36,0,1.0,0.0,0.9996854796435436,0.9998427150871184,0.5,1.0,0.9999999702869531,0.999905565654447
Attention-DANN,43,0.48,114424,0,36,0,1.0,0.0,0.9996854796435436,0.9998427150871184,0.5,1.0,0.9999999702869531,0.999905565654447
Attention-DANN,43,0.49,114424,0,36,0,1.0,0.0,0.9996854796435436,0.9998427150871184,0.5,1.0,0.9999999702869531,0.999905565654447
Attention-DANN,43,0.5,114424,0,36,0,1.0,0.0,0.9996854796435436,0.9998427150871184,0.5,1.0,0.9999999702869531,0.999905565654447
Attention-DANN,43,0.51,114424,0,36,0,1.0,0.0,0.9996854796435436,0.9998427150871184,0.5,1.0,0.9999999702869531,0.999905565654447
Attention-DANN,43,0.52,114424,0,36,0,1.0,0.0,0.9996854796435436,0.9998427150871184,0.5,1.0,0.9999999702869531,0.999905565654447
Attention-DANN,43,0.53,114424,0,36,0,1.0,0.0,0.9996854796435436,0.9998427150871184,0.5,1.0,0.9999999702869531,0.999905565654447
Attention-DANN,43,0.54,114424,0,36,0,1.0,0.0,0.9996854796435436,0.9998427150871184,0.5,1.0,0.9999999702869531,0.999905565654447
Attention-DANN,43,0.55,114424,0,36,0,1.0,0.0,0.9996854796435436,0.9998427150871184,0.5,1.0,0.9999999702869531,0.999905565654447
Attention-DANN,43,0.56,114424,1,35,0,1.0,0.027777777777777776,0.9996942136485554,0.9998470834443799,0.5138888888888888,0.9999912633234318,0.9999999702869531,0.999905565654447
Attention-DANN,43,0.5700000000000001,114424,1,35,0,1.0,0.027777777777777776,0.9996942136485554,0.9998470834443799,0.5138888888888888,0.9999912633234318,0.9999999702869531,0.999905565654447
Attention-DANN,43,0.58,114424,2,34,0,1.0,0.05555555555555555,0.9997029478061822,0.9998514518398126,0.5277777777777778,0.9999825266468635,0.9999999702869531,0.999905565654447
Attention-DANN,43,0.59,114424,2,34,0,1.0,0.05555555555555555,0.9997029478061822,0.9998514518398126,0.5277777777777778,0.9999825266468635,0.9999999702869531,0.999905565654447
Attention-DANN,43,0.6,114424,3,33,0,1.0,0.08333333333333333,0.999711682116428,0.9998558202734172,0.5416666666666666,0.9999737899702953,0.9999999702869531,0.999905565654447
Attention-DANN,43,0.61,114424,3,33,0,1.0,0.08333333333333333,0.999711682116428,0.9998558202734172,0.5416666666666666,0.9999737899702953,0.9999999702869531,0.999905565654447
Attention-DANN,43,0.62,114424,3,33,0,1.0,0.08333333333333333,0.999711682116428,0.9998558202734172,0.5416666666666666,0.9999737899702953,0.9999999702869531,0.999905565654447
Attention-DANN,43,0.63,114424,3,33,0,1.0,0.08333333333333333,0.999711682116428,0.9998558202734172,0.5416666666666666,0.9999737899702953,0.9999999702869531,0.999905565654447
Attention-DANN,43,0.64,114424,3,33,0,1.0,0.08333333333333333,0.999711682116428,0.9998558202734172,0.5416666666666666,0.9999737899702953,0.9999999702869531,0.999905565654447
Attention-DANN,43,0.65,114424,3,33,0,1.0,0.08333333333333333,0.999711682116428,0.9998558202734172,0.5416666666666666,0.9999737899702953,0.9999999702869531,0.999905565654447
Attention-DANN,43,0.66,114424,3,33,0,1.0,0.08333333333333333,0.999711682116428,0.9998558202734172,0.5416666666666666,0.9999737899702953,0.9999999702869531,0.999905565654447
Attention-DANN,43,0.67,114424,4,32,0,1.0,0.1111111111111111,0.9997204165792969,0.999860188745194,0.5555555555555556,0.9999650532937271,0.9999999702869531,0.999905565654447
Attention-DANN,43,0.68,114424,4,32,0,1.0,0.1111111111111111,0.9997204165792969,0.999860188745194,0.5555555555555556,0.9999650532937271,0.9999999702869531,0.999905565654447
Attention-DANN,43,0.6900000000000001,114424,4,32,0,1.0,0.1111111111111111,0.9997204165792969,0.999860188745194,0.5555555555555556,0.9999650532937271,0.9999999702869531,0.999905565654447
Attention-DANN,43,0.7000000000000001,114424,5,31,0,1.0,0.1388888888888889,0.9997291511947927,0.9998645572551436,0.5694444444444444,0.9999563166171588,0.9999999702869531,0.999905565654447
Attention-DANN,43,0.71,114424,5,31,0,1.0,0.1388888888888889,0.9997291511947927,0.9998645572551436,0.5694444444444444,0.9999563166171588,0.9999999702869531,0.999905565654447
Attention-DANN,43,0.72,114424,6,30,0,1.0,0.16666666666666666,0.9997378859629196,0.9998689258032664,0.5833333333333334,0.9999475799405906,0.9999999702869531,0.999905565654447
Attention-DANN,43,0.73,114424,6,30,0,1.0,0.16666666666666666,0.9997378859629196,0.9998689258032664,0.5833333333333334,0.9999475799405906,0.9999999702869531,0.999905565654447
Attention-DANN,43,0.74,114424,6,30,0,1.0,0.16666666666666666,0.9997378859629196,0.9998689258032664,0.5833333333333334,0.9999475799405906,0.9999999702869531,0.999905565654447
Attention-DANN,43,0.75,114424,7,29,0,1.0,0.19444444444444445,0.9997466208836815,0.999873294389563,0.5972222222222222,0.9999388432640224,0.9999999702869531,0.999905565654447
Attention-DANN,43,0.76,114424,10,26,0,1.0,0.2777777777777778,0.9997728265618174,0.9998864003775003,0.6388888888888888,0.9999126332343177,0.9999999702869531,0.999905565654447
Attention-DANN,43,0.77,114424,10,26,0,1.0,0.2777777777777778,0.9997728265618174,0.9998864003775003,0.6388888888888888,0.9999126332343177,0.9999999702869531,0.999905565654447
Attention-DANN,43,0.78,114424,10,26,0,1.0,0.2777777777777778,0.9997728265618174,0.9998864003775003,0.6388888888888888,0.9999126332343177,0.9999999702869531,0.999905565654447
Attention-DANN,43,0.79,114424,10,26,0,1.0,0.2777777777777778,0.9997728265618174,0.9998864003775003,0.6388888888888888,0.9999126332343177,0.9999999702869531,0.999905565654447
Attention-DANN,43,0.8,114424,10,26,0,1.0,0.2777777777777778,0.9997728265618174,0.9998864003775003,0.6388888888888888,0.9999126332343177,0.9999999702869531,0.999905565654447
Attention-DANN,43,0.81,114424,10,26,0,1.0,0.2777777777777778,0.9997728265618174,0.9998864003775003,0.6388888888888888,0.9999126332343177,0.9999999702869531,0.999905565654447
Attention-DANN,43,0.8200000000000001,114424,11,25,0,1.0,0.3055555555555556,0.9997815620931594,0.9998907691164969,0.6527777777777778,0.9999038965577495,0.9999999702869531,0.999905565654447
Attention-DANN,43,0.8300000000000001,114424,11,25,0,1.0,0.3055555555555556,0.9997815620931594,0.9998907691164969,0.6527777777777778,0.9999038965577495,0.9999999702869531,0.999905565654447
Attention-DANN,43,0.84,114424,11,25,0,1.0,0.3055555555555556,0.9997815620931594,0.9998907691164969,0.6527777777777778,0.9999038965577495,0.9999999702869531,0.999905565654447
Attention-DANN,43,0.85,114424,12,24,0,1.0,0.3333333333333333,0.9997902977771564,0.9998951378936698,0.6666666666666666,0.9998951598811812,0.9999999702869531,0.999905565654447
Attention-DANN,43,0.86,114424,15,21,0,1.0,0.4166666666666667,0.9998165057451177,0.9999082444542511,0.7083333333333334,0.9998689498514765,0.9999999702869531,0.999905565654447
Attention-DANN,43,0.87,114424,18,18,0,1.0,0.5,0.9998427150871184,0.9999213513584368,0.75,0.9998427398217719,0.9999999702869531,0.999905565654447
Attention-DANN,43,0.88,114418,26,10,6,0.9999475634482277,0.7222222222222222,0.9999126088020415,0.9999300858196564,0.8610848928352249,0.9997204263498165,0.9999999702869531,0.999905565654447
Attention-DANN,43,0.89,0,36,0,114424,0.0,1.0,0.0,0.0,0.5,0.0,0.9999999702869531,0.999905565654447
Attention-DANN,43,0.9,0,36,0,114424,0.0,1.0,0.0,0.0,0.5,0.0,0.9999999702869531,0.999905565654447
Attention-DANN,43,0.91,0,36,0,114424,0.0,1.0,0.0,0.0,0.5,0.0,0.9999999702869531,0.999905565654447
Attention-DANN,43,0.92,0,36,0,114424,0.0,1.0,0.0,0.0,0.5,0.0,0.9999999702869531,0.999905565654447
Attention-DANN,43,0.93,0,36,0,114424,0.0,1.0,0.0,0.0,0.5,0.0,0.9999999702869531,0.999905565654447
Attention-DANN,43,0.9400000000000001,0,36,0,114424,0.0,1.0,0.0,0.0,0.5,0.0,0.9999999702869531,0.999905565654447
Attention-DANN,43,0.9500000000000001,0,36,0,114424,0.0,1.0,0.0,0.0,0.5,0.0,0.9999999702869531,0.999905565654447
Attention-DANN,43,0.96,0,36,0,114424,0.0,1.0,0.0,0.0,0.5,0.0,0.9999999702869531,0.999905565654447
Attention-DANN,43,0.97,0,36,0,114424,0.0,1.0,0.0,0.0,0.5,0.0,0.9999999702869531,0.999905565654447
Attention-DANN,43,0.98,0,36,0,114424,0.0,1.0,0.0,0.0,0.5,0.0,0.9999999702869531,0.999905565654447
Attention-DANN,43,0.99,0,36,0,114424,0.0,1.0,0.0,0.0,0.5,0.0,0.9999999702869531,0.999905565654447
Attention-DANN,43,1.0,0,36,0,114424,0.0,1.0,0.0,0.0,0.5,0.0,0.9999999702869531,0.999905565654447
Transformer,43,0.0,114424,0,36,0,1.0,0.0,0.9996854796435436,0.9998427150871184,0.5,1.0,0.9998432621978147,0.8072752802442378
Transformer,43,0.01,114424,0,36,0,1.0,0.0,0.9996854796435436,0.9998427150871184,0.5,1.0,0.9998432621978147,0.8072752802442378
Transformer,43,0.02,114424,0,36,0,1.0,0.0,0.9996854796435436,0.9998427150871184,0.5,1.0,0.9998432621978147,0.8072752802442378
Transformer,43,0.03,114424,0,36,0,1.0,0.0,0.9996854796435436,0.9998427150871184,0.5,1.0,0.9998432621978147,0.8072752802442378
Transformer,43,0.04,114424,0,36,0,1.0,0.0,0.9996854796435436,0.9998427150871184,0.5,1.0,0.9998432621978147,0.8072752802442378
Transformer,43,0.05,114424,0,36,0,1.0,0.0,0.9996854796435436,0.9998427150871184,0.5,1.0,0.9998432621978147,0.8072752802442378
Transformer,43,0.06,114424,0,36,0,1.0,0.0,0.9996854796435436,0.9998427150871184,0.5,1.0,0.9998432621978147,0.8072752802442378
Transformer,43,0.07,114424,0,36,0,1.0,0.0,0.9996854796435436,0.9998427150871184,0.5,1.0,0.9998432621978147,0.8072752802442378
Transformer,43,0.08,114424,0,36,0,1.0,0.0,0.9996854796435436,0.9998427150871184,0.5,1.0,0.9998432621978147,0.8072752802442378
Transformer,43,0.09,114424,0,36,0,1.0,0.0,0.9996854796435436,0.9998427150871184,0.5,1.0,0.9998432621978147,0.8072752802442378
Transformer,43,0.1,114424,0,36,0,1.0,0.0,0.9996854796435436,0.9998427150871184,0.5,1.0,0.9998432621978147,0.8072752802442378
Transformer,43,0.11,114421,0,36,3,0.9999737817241138,0.0,0.9996854713997396,0.9998296057776749,0.4999868908620569,0.9999737899702953,0.9998432621978147,0.8072752802442378
Transformer,43,0.12,114419,0,36,5,0.999956302873523,0.0,0.9996854659036303,0.9998208660471254,0.4999781514367615,0.9999563166171588,0.9998432621978147,0.8072752802442378
Transformer,43,0.13,114419,0,36,5,0.999956302873523,0.0,0.9996854659036303,0.9998208660471254,0.4999781514367615,0.9999563166171588,0.9998432621978147,0.8072752802442378
Transformer,43,0.14,114419,0,36,5,0.999956302873523,0.0,0.9996854659036303,0.9998208660471254,0.4999781514367615,0.9999563166171588,0.9998432621978147,0.8072752802442378
Transformer,43,0.15,114419,0,36,5,0.999956302873523,0.0,0.9996854659036303,0.9998208660471254,0.4999781514367615,0.9999563166171588,0.9998432621978147,0.8072752802442378
Transformer,43,0.16,114419,1,35,5,0.999956302873523,0.027777777777777776,0.9996942002900728,0.9998252344043551,0.5138670403256503,0.9999475799405906,0.9998432621978147,0.8072752802442378
Transformer,43,0.17,114419,1,35,5,0.999956302873523,0.027777777777777776,0.9996942002900728,0.9998252344043551,0.5138670403256503,0.9999475799405906,0.9998432621978147,0.8072752802442378
Transformer,43,0.18,114419,4,32,5,0.999956302873523,0.1111111111111111,0.9997204043651868,0.9998383397050792,0.5555337069923171,0.9999213699108859,0.9998432621978147,0.8072752802442378
Transformer,43,0.19,114419,6,30,5,0.999956302873523,0.16666666666666666,0.9997378745117913,0.9998470767630957,0.5833114847700949,0.9999038965577495,0.9998432621978147,0.8072752802442378
Transformer,43,0.2,114419,6,30,5,0.999956302873523,0.16666666666666666,0.9997378745117913,0.9998470767630957,0.5833114847700949,0.9999038965577495,0.9998432621978147,0.8072752802442378
Transformer,43,0.21,114418,10,26,6,0.9999475634482277,0.2777777777777778,0.9997728146517074,0.9998601814146145,0.6388626706130027,0.9998602131749083,0.9998432621978147,0.8072752802442378
Transformer,43,0.22,114418,13,23,6,0.9999475634482277,0.3611111111111111,0.9997990230773935,0.9998732877460512,0.6805293372796694,0.9998340031452035,0.9998432621978147,0.8072752802442378
Transformer,43,0.23,114418,13,23,6,0.9999475634482277,0.3611111111111111,0.9997990230773935,0.9998732877460512,0.6805293372796694,0.9998340031452035,0.9998432621978147,0.8072752802442378
Transformer,43,0.24,114418,13,23,6,0.9999475634482277,0.3611111111111111,0.9997990230773935,0.9998732877460512,0.6805293372796694,0.9998340031452035,0.9998432621978147,0.8072752802442378
Transformer,43,0.25,114418,13,23,6,0.9999475634482277,0.3611111111111111,0.9997990230773935,0.9998732877460512,0.6805293372796694,0.9998340031452035,0.9998432621978147,0.8072752802442378
Transformer,43,0.26,114417,13,23,7,0.9999388240229322,0.3611111111111111,0.9997990213212163,0.9998689177852349,0.6805249675670216,0.9998252664686353,0.9998432621978147,0.8072752802442378
Transformer,43,0.27,114415,14,22,9,0.9999213451723414,0.3888888888888889,0.9998077544850005,0.9998645466025229,0.6944051170306151,0.9997990564389306,0.9998432621978147,0.8072752802442378
Transformer,43,0.28,114414,15,21,10,0.9999126057470461,0.4166666666666667,0.9998164897103159,0.999864545418795,0.7082896362068564,0.9997815830857941,0.9998432621978147,0.8072752802442378
Transformer,43,0.29,114413,15,21,11,0.9999038663217507,0.4166666666666667,0.9998164881066816,0.9998601753052111,0.7082852664942086,0.9997728464092259,0.9998432621978147,0.8072752802442378
Transformer,43,0.3,114413,16,20,11,0.9999038663217507,0.4444444444444444,0.9998252252409707,0.9998645442350463,0.7221741553830976,0.9997641097326577,0.9998432621978147,0.8072752802442378
Transformer,43,0.31,114412,16,20,12,0.9998951268964553,0.4444444444444444,0.9998252237136466,0.9998601740832663,0.7221697856704499,0.9997553730560894,0.9998432621978147,0.8072752802442378
Transformer,43,0.32,114412,17,19,12,0.9998951268964553,0.4722222222222222,0.9998339610769809,0.999864543051277,0.7360586745593387,0.9997466363795212,0.9998432621978147,0.8072752802442378
Transformer,43,0.33,114412,17,19,12,0.9998951268964553,0.4722222222222222,0.9998339610769809,0.999864543051277,0.7360586745593387,0.9997466363795212,0.9998432621978147,0.8072752802442378
Transformer,43,0.34,114410,17,19,14,0.9998776480458645,0.4722222222222222,0.9998339581749381,0.9998558026331313,0.7360499351340434,0.9997291630263848,0.9998432621978147,0.8072752802442378
Transformer,43,0.35000000000000003,114410,17,19,14,0.9998776480458645,0.4722222222222222,0.9998339581749381,0.9998558026331313,0.7360499351340434,0.9997291630263848,0.9998432621978147,0.8072752802442378
Transformer,43,0.36,114410,18,18,14,0.9998776480458645,0.5,0.9998426958436746,0.9998601716393127,0.7499388240229323,0.9997204263498165,0.9998432621978147,0.8072752802442378
Transformer,43,0.37,114410,18,18,14,0.9998776480458645,0.5,0.9998426958436746,0.9998601716393127,0.7499388240229323,0.9997204263498165,0.9998432621978147,0.8072752802442378
Transformer,43,0.38,114410,18,18,14,0.9998776480458645,0.5,0.9998426958436746,0.9998601716393127,0.7499388240229323,0.9997204263498165,0.9998432621978147,0.8072752802442378
Transformer,43,0.39,114410,18,18,14,0.9998776480458645,0.5,0.9998426958436746,0.9998601716393127,0.7499388240229323,0.9997204263498165,0.9998432621978147,0.8072752802442378
Transformer,43,0.4,114410,18,18,14,0.9998776480458645,0.5,0.9998426958436746,0.9998601716393127,0.7499388240229323,0.9997204263498165,0.9998432621978147,0.8072752802442378
Transformer,43,0.41000000000000003,114410,18,18,14,0.9998776480458645,0.5,0.9998426958436746,0.9998601716393127,0.7499388240229323,0.9997204263498165,0.9998432621978147,0.8072752802442378
Transformer,43,0.42,114410,18,18,14,0.9998776480458645,0.5,0.9998426958436746,0.9998601716393127,0.7499388240229323,0.9997204263498165,0.9998432621978147,0.8072752802442378
Transformer,43,0.43,114410,18,18,14,0.9998776480458645,0.5,0.9998426958436746,0.9998601716393127,0.7499388240229323,0.9997204263498165,0.9998432621978147,0.8072752802442378
Transformer,43,0.44,114410,18,18,14,0.9998776480458645,0.5,0.9998426958436746,0.9998601716393127,0.7499388240229323,0.9997204263498165,0.9998432621978147,0.8072752802442378
Transformer,43,0.45,114409,18,18,15,0.9998689086205691,0.5,0.9998426944689628,0.9998558013729457,0.7499344543102846,0.9997116896732483,0.9998432621978147,0.8072752802442378
Transformer,43,0.46,114409,18,18,15,0.9998689086205691,0.5,0.9998426944689628,0.9998558013729457,0.7499344543102846,0.9997116896732483,0.9998432621978147,0.8072752802442378
Transformer,43,0.47000000000000003,114409,18,18,15,0.9998689086205691,0.5,0.9998426944689628,0.9998558013729457,0.7499344543102846,0.9997116896732483,0.9998432621978147,0.8072752802442378
Transformer,43,0.48,114409,18,18,15,0.9998689086205691,0.5,0.9998426944689628,0.9998558013729457,0.7499344543102846,0.9997116896732483,0.9998432621978147,0.8072752802442378
Transformer,43,0.49,114409,19,17,15,0.9998689086205691,0.5277777777777778,0.9998514323667698,0.9998601704173039,0.7638233431991734,0.9997029529966801,0.9998432621978147,0.8072752802442378
Transformer,43,0.5,114409,19,17,15,0.9998689086205691,0.5277777777777778,0.9998514323667698,0.9998601704173039,0.7638233431991734,0.9997029529966801,0.9998432621978147,0.8072752802442378
Transformer,43,0.51,114409,20,16,15,0.9998689086205691,0.5555555555555556,0.9998601704173039,0.9998645394998449,0.7777122320880623,0.9996942163201118,0.9998432621978147,0.8072752802442378
Transformer,43,0.52,114409,20,16,15,0.9998689086205691,0.5555555555555556,0.9998601704173039,0.9998645394998449,0.7777122320880623,0.9996942163201118,0.9998432621978147,0.8072752802442378
Transformer,43,0.53,114409,20,16,15,0.9998689086205691,0.5555555555555556,0.9998601704173039,0.9998645394998449,0.7777122320880623,0.9996942163201118,0.9998432621978147,0.8072752802442378
Transformer,43,0.54,114409,20,16,15,0.9998689086205691,0.5555555555555556,0.9998601704173039,0.9998645394998449,0.7777122320880623,0.9996942163201118,0.9998432621978147,0.8072752802442378
Transformer,43,0.55,114409,20,16,15,0.9998689086205691,0.5555555555555556,0.9998601704173039,0.9998645394998449,0.7777122320880623,0.9996942163201118,0.9998432621978147,0.8072752802442378
Transformer,43,0.56,114409,20,16,15,0.9998689086205691,0.5555555555555556,0.9998601704173039,0.9998645394998449,0.7777122320880623,0.9996942163201118,0.9998432621978147,0.8072752802442378
Transformer,43,0.5700000000000001,114409,20,16,15,0.9998689086205691,0.5555555555555556,0.9998601704173039,0.9998645394998449,0.7777122320880623,0.9996942163201118,0.9998432621978147,0.8072752802442378
Transformer,43,0.58,114409,20,16,15,0.9998689086205691,0.5555555555555556,0.9998601704173039,0.9998645394998449,0.7777122320880623,0.9996942163201118,0.9998432621978147,0.8072752802442378
Transformer,43,0.59,114409,20,16,15,0.9998689086205691,0.5555555555555556,0.9998601704173039,0.9998645394998449,0.7777122320880623,0.9996942163201118,0.9998432621978147,0.8072752802442378
Transformer,43,0.6,114409,20,16,15,0.9998689086205691,0.5555555555555556,0.9998601704173039,0.9998645394998449,0.7777122320880623,0.9996942163201118,0.9998432621978147,0.8072752802442378
Transformer,43,0.61,114409,20,16,15,0.9998689086205691,0.5555555555555556,0.9998601704173039,0.9998645394998449,0.7777122320880623,0.9996942163201118,0.9998432621978147,0.8072752802442378
Transformer,43,0.62,114409,20,16,15,0.9998689086205691,0.5555555555555556,0.9998601704173039,0.9998645394998449,0.7777122320880623,0.9996942163201118,0.9998432621978147,0.8072752802442378
Transformer,43,0.63,114409,20,16,15,0.9998689086205691,0.5555555555555556,0.9998601704173039,0.9998645394998449,0.7777122320880623,0.9996942163201118,0.9998432621978147,0.8072752802442378
Transformer,43,0.64,114409,21,15,15,0.9998689086205691,0.5833333333333334,0.9998689086205691,0.9998689086205691,0.7916011209769512,0.9996854796435436,0.9998432621978147,0.8072752802442378
Transformer,43,0.65,114409,21,15,15,0.9998689086205691,0.5833333333333334,0.9998689086205691,0.9998689086205691,0.7916011209769512,0.9996854796435436,0.9998432621978147,0.8072752802442378
Transformer,43,0.66,114409,22,14,15,0.9998689086205691,0.6111111111111112,0.9998776469765694,0.9998732777794771,0.8054900098658402,0.9996767429669754,0.9998432621978147,0.8072752802442378
Transformer,43,0.67,114409,22,14,15,0.9998689086205691,0.6111111111111112,0.9998776469765694,0.9998732777794771,0.8054900098658402,0.9996767429669754,0.9998432621978147,0.8072752802442378
Transformer,43,0.68,114409,23,13,15,0.9998689086205691,0.6388888888888888,0.9998863854853087,0.9998776469765694,0.819378898754729,0.9996680062904071,0.9998432621978147,0.8072752802442378
Transformer,43,0.6900000000000001,114409,24,12,15,0.9998689086205691,0.6666666666666666,0.9998951241467913,0.9998820162118465,0.8332677876436179,0.9996592696138389,0.9998432621978147,0.8072752802442378
Transformer,43,0.7000000000000001,114409,24,12,15,0.9998689086205691,0.6666666666666666,0.9998951241467913,0.9998820162118465,0.8332677876436179,0.9996592696138389,0.9998432621978147,0.8072752802442378
Transformer,43,0.71,114409,24,12,15,0.9998689086205691,0.6666666666666666,0.9998951241467913,0.9998820162118465,0.8332677876436179,0.9996592696138389,0.9998432621978147,0.8072752802442378
Transformer,43,0.72,114409,25,11,15,0.9998689086205691,0.6944444444444444,0.9999038629610209,0.9998863854853087,0.8471566765325067,0.9996505329372707,0.9998432621978147,0.8072752802442378
Transformer,43,0.73,114409,25,11,15,0.9998689086205691,0.6944444444444444,0.9999038629610209,0.9998863854853087,0.8471566765325067,0.9996505329372707,0.9998432621978147,0.8072752802442378
Transformer,43,0.74,114409,25,11,15,0.9998689086205691,0.6944444444444444,0.9999038629610209,0.9998863854853087,0.8471566765325067,0.9996505329372707,0.9998432621978147,0.8072752802442378
Transformer,43,0.75,114409,25,11,15,0.9998689086205691,0.6944444444444444,0.9999038629610209,0.9998863854853087,0.8471566765325067,0.9996505329372707,0.9998432621978147,0.8072752802442378
Transformer,43,0.76,114409,25,11,15,0.9998689086205691,0.6944444444444444,0.9999038629610209,0.9998863854853087,0.8471566765325067,0.9996505329372707,0.9998432621978147,0.8072752802442378
Transformer,43,0.77,114409,25,11,15,0.9998689086205691,0.6944444444444444,0.9999038629610209,0.9998863854853087,0.8471566765325067,0.9996505329372707,0.9998432621978147,0.8072752802442378
Transformer,43,0.78,114409,25,11,15,0.9998689086205691,0.6944444444444444,0.9999038629610209,0.9998863854853087,0.8471566765325067,0.9996505329372707,0.9998432621978147,0.8072752802442378
Transformer,43,0.79,114409,25,11,15,0.9998689086205691,0.6944444444444444,0.9999038629610209,0.9998863854853087,0.8471566765325067,0.9996505329372707,0.9998432621978147,0.8072752802442378
Transformer,43,0.8,114409,25,11,15,0.9998689086205691,0.6944444444444444,0.9999038629610209,0.9998863854853087,0.8471566765325067,0.9996505329372707,0.9998432621978147,0.8072752802442378
Transformer,43,0.81,114409,26,10,15,0.9998689086205691,0.7222222222222222,0.9999126019280015,0.9998907547969569,0.8610455654213957,0.9996417962607024,0.9998432621978147,0.8072752802442378
Transformer,43,0.8200000000000001,114409,27,9,15,0.9998689086205691,0.75,0.9999213410477372,0.9998951241467913,0.8749344543102846,0.9996330595841342,0.9998432621978147,0.8072752802442378
Transformer,43,0.8300000000000001,114409,27,9,15,0.9998689086205691,0.75,0.9999213410477372,0.9998951241467913,0.8749344543102846,0.9996330595841342,0.9998432621978147,0.8072752802442378
Transformer,43,0.84,114408,27,9,16,0.9998601691952738,0.75,0.9999213403602611,0.9998907538421874,0.8749300845976369,0.999624322907566,0.9998432621978147,0.8072752802442378
Transformer,43,0.85,113370,28,8,1054,0.9907886457386562,0.7777777777777778,0.999929439573815,0.9953380567334791,0.884283211758217,0.9905469159531715,0.9998432621978147,0.8072752802442378
Transformer,43,0.86,107419,28,8,7005,0.938780325805775,0.7777777777777778,0.9999255308255839,0.968388693312178,0.8582790517917764,0.9385549536956141,0.9998432621978147,0.8072752802442378
Transformer,43,0.87,92678,28,8,21746,0.8099524575263931,0.7777777777777778,0.9999136870724813,0.8949640287769784,0.7938651176520855,0.809767604403285,0.9998432621978147,0.8072752802442378
Transformer,43,0.88,85386,28,8,29038,0.7462245682723904,0.7777777777777778,0.9999063166030401,0.8546377203254962,0.7620011730250841,0.7460597588677267,0.9998432621978147,0.8072752802442378
Transformer,43,0.89,74748,28,8,39676,0.6532545619800042,0.7777777777777778,0.9998929851784473,0.7902315255312401,0.715516169878891,0.6531189935348594,0.9998432621978147,0.8072752802442378
Transformer,43,0.9,60295,28,8,54129,0.5269436481856953,0.7777777777777778,0.9998673366167521,0.6901623675791377,0.6523607129817366,0.5268478070941813,0.9998432621978147,0.8072752802442378
Transformer,43,0.91,51269,28,8,63155,0.44806159546948193,0.7777777777777778,0.9998439846324862,0.618813404867804,0.6129196866236298,0.4479905643893063,0.9998432621978147,0.8072752802442378
Transformer,43,0.92,43949,28,8,70475,0.38408900230720827,0.7777777777777778,0.9998180039584139,0.5549781855146766,0.580933390042493,0.3840380919098375,0.9998432621978147,0.8072752802442378
Transformer,43,0.93,33248,29,7,81176,0.2905684122212123,0.8055555555555556,0.9997895053375432,0.45027390488830504,0.548061983888384,0.2905381792766032,0.9998432621978147,0.8072752802442378
Transformer,43,0.9400000000000001,17558,29,7,96866,0.15344682933650283,0.8055555555555556,0.9996014802163393,0.26605247406980886,0.4795011924460292,0.15345972392102045,0.9998432621978147,0.8072752802442378
Transformer,43,0.9500000000000001,14096,33,3,100328,0.12319093896385373,0.9166666666666666,0.9997872189516988,0.21935373435105002,0.5199288028152602,0.12317840293552333,0.9998432621978147,0.8072752802442378
Transformer,43,0.96,4988,36,0,109436,0.04359225337341816,1.0,1.0,0.08354269252671423,0.521796126686709,0.04357854272234842,0.9998432621978147,0.8072752802442378
Transformer,43,0.97,0,36,0,114424,0.0,1.0,0.0,0.0,0.5,0.0,0.9998432621978147,0.8072752802442378
Transformer,43,0.98,0,36,0,114424,0.0,1.0,0.0,0.0,0.5,0.0,0.9998432621978147,0.8072752802442378
Transformer,43,0.99,0,36,0,114424,0.0,1.0,0.0,0.0,0.5,0.0,0.9998432621978147,0.8072752802442378
Transformer,43,1.0,0,36,0,114424,0.0,1.0,0.0,0.0,0.5,0.0,0.9998432621978147,0.8072752802442378
Transformer-DANN,43,0.0,114424,0,36,0,1.0,0.0,0.9996854796435436,0.9998427150871184,0.5,1.0,0.9999797290368417,0.9551429575768875
Transformer-DANN,43,0.01,114424,0,36,0,1.0,0.0,0.9996854796435436,0.9998427150871184,0.5,1.0,0.9999797290368417,0.9551429575768875
Transformer-DANN,43,0.02,114424,0,36,0,1.0,0.0,0.9996854796435436,0.9998427150871184,0.5,1.0,0.9999797290368417,0.9551429575768875
Transformer-DANN,43,0.03,114424,0,36,0,1.0,0.0,0.9996854796435436,0.9998427150871184,0.5,1.0,0.9999797290368417,0.9551429575768875
Transformer-DANN,43,0.04,114424,0,36,0,1.0,0.0,0.9996854796435436,0.9998427150871184,0.5,1.0,0.9999797290368417,0.9551429575768875
Transformer-DANN,43,0.05,114424,0,36,0,1.0,0.0,0.9996854796435436,0.9998427150871184,0.5,1.0,0.9999797290368417,0.9551429575768875
Transformer-DANN,43,0.06,114424,0,36,0,1.0,0.0,0.9996854796435436,0.9998427150871184,0.5,1.0,0.9999797290368417,0.9551429575768875
Transformer-DANN,43,0.07,114424,0,36,0,1.0,0.0,0.9996854796435436,0.9998427150871184,0.5,1.0,0.9999797290368417,0.9551429575768875
Transformer-DANN,43,0.08,114424,0,36,0,1.0,0.0,0.9996854796435436,0.9998427150871184,0.5,1.0,0.9999797290368417,0.9551429575768875
Transformer-DANN,43,0.09,114424,0,36,0,1.0,0.0,0.9996854796435436,0.9998427150871184,0.5,1.0,0.9999797290368417,0.9551429575768875
Transformer-DANN,43,0.1,114424,0,36,0,1.0,0.0,0.9996854796435436,0.9998427150871184,0.5,1.0,0.9999797290368417,0.9551429575768875
Transformer-DANN,43,0.11,114424,0,36,0,1.0,0.0,0.9996854796435436,0.9998427150871184,0.5,1.0,0.9999797290368417,0.9551429575768875
Transformer-DANN,43,0.12,114424,0,36,0,1.0,0.0,0.9996854796435436,0.9998427150871184,0.5,1.0,0.9999797290368417,0.9551429575768875
Transformer-DANN,43,0.13,114424,0,36,0,1.0,0.0,0.9996854796435436,0.9998427150871184,0.5,1.0,0.9999797290368417,0.9551429575768875
Transformer-DANN,43,0.14,114424,0,36,0,1.0,0.0,0.9996854796435436,0.9998427150871184,0.5,1.0,0.9999797290368417,0.9551429575768875
Transformer-DANN,43,0.15,114424,0,36,0,1.0,0.0,0.9996854796435436,0.9998427150871184,0.5,1.0,0.9999797290368417,0.9551429575768875
Transformer-DANN,43,0.16,114424,0,36,0,1.0,0.0,0.9996854796435436,0.9998427150871184,0.5,1.0,0.9999797290368417,0.9551429575768875
Transformer-DANN,43,0.17,114424,0,36,0,1.0,0.0,0.9996854796435436,0.9998427150871184,0.5,1.0,0.9999797290368417,0.9551429575768875
Transformer-DANN,43,0.18,114424,0,36,0,1.0,0.0,0.9996854796435436,0.9998427150871184,0.5,1.0,0.9999797290368417,0.9551429575768875
Transformer-DANN,43,0.19,114424,0,36,0,1.0,0.0,0.9996854796435436,0.9998427150871184,0.5,1.0,0.9999797290368417,0.9551429575768875
Transformer-DANN,43,0.2,114424,0,36,0,1.0,0.0,0.9996854796435436,0.9998427150871184,0.5,1.0,0.9999797290368417,0.9551429575768875
Transformer-DANN,43,0.21,114424,0,36,0,1.0,0.0,0.9996854796435436,0.9998427150871184,0.5,1.0,0.9999797290368417,0.9551429575768875
Transformer-DANN,43,0.22,114424,0,36,0,1.0,0.0,0.9996854796435436,0.9998427150871184,0.5,1.0,0.9999797290368417,0.9551429575768875
Transformer-DANN,43,0.23,114424,0,36,0,1.0,0.0,0.9996854796435436,0.9998427150871184,0.5,1.0,0.9999797290368417,0.9551429575768875
Transformer-DANN,43,0.24,114424,0,36,0,1.0,0.0,0.9996854796435436,0.9998427150871184,0.5,1.0,0.9999797290368417,0.9551429575768875
Transformer-DANN,43,0.25,114424,0,36,0,1.0,0.0,0.9996854796435436,0.9998427150871184,0.5,1.0,0.9999797290368417,0.9551429575768875
Transformer-DANN,43,0.26,114424,0,36,0,1.0,0.0,0.9996854796435436,0.9998427150871184,0.5,1.0,0.9999797290368417,0.9551429575768875
Transformer-DANN,43,0.27,114424,0,36,0,1.0,0.0,0.9996854796435436,0.9998427150871184,0.5,1.0,0.9999797290368417,0.9551429575768875
Transformer-DANN,43,0.28,114424,0,36,0,1.0,0.0,0.9996854796435436,0.9998427150871184,0.5,1.0,0.9999797290368417,0.9551429575768875
Transformer-DANN,43,0.29,114424,0,36,0,1.0,0.0,0.9996854796435436,0.9998427150871184,0.5,1.0,0.9999797290368417,0.9551429575768875
Transformer-DANN,43,0.3,114424,0,36,0,1.0,0.0,0.9996854796435436,0.9998427150871184,0.5,1.0,0.9999797290368417,0.9551429575768875
Transformer-DANN,43,0.31,114424,0,36,0,1.0,0.0,0.9996854796435436,0.9998427150871184,0.5,1.0,0.9999797290368417,0.9551429575768875
Transformer-DANN,43,0.32,114424,0,36,0,1.0,0.0,0.9996854796435436,0.9998427150871184,0.5,1.0,0.9999797290368417,0.9551429575768875
Transformer-DANN,43,0.33,114424,0,36,0,1.0,0.0,0.9996854796435436,0.9998427150871184,0.5,1.0,0.9999797290368417,0.9551429575768875
Transformer-DANN,43,0.34,114424,0,36,0,1.0,0.0,0.9996854796435436,0.9998427150871184,0.5,1.0,0.9999797290368417,0.9551429575768875
Transformer-DANN,43,0.35000000000000003,114424,0,36,0,1.0,0.0,0.9996854796435436,0.9998427150871184,0.5,1.0,0.9999797290368417,0.9551429575768875
Transformer-DANN,43,0.36,114424,0,36,0,1.0,0.0,0.9996854796435436,0.9998427150871184,0.5,1.0,0.9999797290368417,0.9551429575768875
Transformer-DANN,43,0.37,114424,0,36,0,1.0,0.0,0.9996854796435436,0.9998427150871184,0.5,1.0,0.9999797290368417,0.9551429575768875
Transformer-DANN,43,0.38,114424,0,36,0,1.0,0.0,0.9996854796435436,0.9998427150871184,0.5,1.0,0.9999797290368417,0.9551429575768875
Transformer-DANN,43,0.39,114424,0,36,0,1.0,0.0,0.9996854796435436,0.9998427150871184,0.5,1.0,0.9999797290368417,0.9551429575768875
Transformer-DANN,43,0.4,114424,0,36,0,1.0,0.0,0.9996854796435436,0.9998427150871184,0.5,1.0,0.9999797290368417,0.9551429575768875
Transformer-DANN,43,0.41000000000000003,114424,0,36,0,1.0,0.0,0.9996854796435436,0.9998427150871184,0.5,1.0,0.9999797290368417,0.9551429575768875
Transformer-DANN,43,0.42,114424,0,36,0,1.0,0.0,0.9996854796435436,0.9998427150871184,0.5,1.0,0.9999797290368417,0.9551429575768875
Transformer-DANN,43,0.43,114424,0,36,0,1.0,0.0,0.9996854796435436,0.9998427150871184,0.5,1.0,0.9999797290368417,0.9551429575768875
Transformer-DANN,43,0.44,114424,0,36,0,1.0,0.0,0.9996854796435436,0.9998427150871184,0.5,1.0,0.9999797290368417,0.9551429575768875
Transformer-DANN,43,0.45,114424,0,36,0,1.0,0.0,0.9996854796435436,0.9998427150871184,0.5,1.0,0.9999797290368417,0.9551429575768875
Transformer-DANN,43,0.46,114424,0,36,0,1.0,0.0,0.9996854796435436,0.9998427150871184,0.5,1.0,0.9999797290368417,0.9551429575768875
Transformer-DANN,43,0.47000000000000003,114424,0,36,0,1.0,0.0,0.9996854796435436,0.9998427150871184,0.5,1.0,0.9999797290368417,0.9551429575768875
Transformer-DANN,43,0.48,114424,0,36,0,1.0,0.0,0.9996854796435436,0.9998427150871184,0.5,1.0,0.9999797290368417,0.9551429575768875
Transformer-DANN,43,0.49,114424,0,36,0,1.0,0.0,0.9996854796435436,0.9998427150871184,0.5,1.0,0.9999797290368417,0.9551429575768875
Transformer-DANN,43,0.5,114424,0,36,0,1.0,0.0,0.9996854796435436,0.9998427150871184,0.5,1.0,0.9999797290368417,0.9551429575768875
Transformer-DANN,43,0.51,114424,0,36,0,1.0,0.0,0.9996854796435436,0.9998427150871184,0.5,1.0,0.9999797290368417,0.9551429575768875
Transformer-DANN,43,0.52,114424,0,36,0,1.0,0.0,0.9996854796435436,0.9998427150871184,0.5,1.0,0.9999797290368417,0.9551429575768875
Transformer-DANN,43,0.53,114424,0,36,0,1.0,0.0,0.9996854796435436,0.9998427150871184,0.5,1.0,0.9999797290368417,0.9551429575768875
Transformer-DANN,43,0.54,114424,0,36,0,1.0,0.0,0.9996854796435436,0.9998427150871184,0.5,1.0,0.9999797290368417,0.9551429575768875
Transformer-DANN,43,0.55,114424,0,36,0,1.0,0.0,0.9996854796435436,0.9998427150871184,0.5,1.0,0.9999797290368417,0.9551429575768875
Transformer-DANN,43,0.56,114424,0,36,0,1.0,0.0,0.9996854796435436,0.9998427150871184,0.5,1.0,0.9999797290368417,0.9551429575768875
Transformer-DANN,43,0.5700000000000001,114424,0,36,0,1.0,0.0,0.9996854796435436,0.9998427150871184,0.5,1.0,0.9999797290368417,0.9551429575768875
Transformer-DANN,43,0.58,114424,0,36,0,1.0,0.0,0.9996854796435436,0.9998427150871184,0.5,1.0,0.9999797290368417,0.9551429575768875
Transformer-DANN,43,0.59,114424,0,36,0,1.0,0.0,0.9996854796435436,0.9998427150871184,0.5,1.0,0.9999797290368417,0.9551429575768875
Transformer-DANN,43,0.6,114424,0,36,0,1.0,0.0,0.9996854796435436,0.9998427150871184,0.5,1.0,0.9999797290368417,0.9551429575768875
Transformer-DANN,43,0.61,114424,0,36,0,1.0,0.0,0.9996854796435436,0.9998427150871184,0.5,1.0,0.9999797290368417,0.9551429575768875
Transformer-DANN,43,0.62,114424,0,36,0,1.0,0.0,0.9996854796435436,0.9998427150871184,0.5,1.0,0.9999797290368417,0.9551429575768875
Transformer-DANN,43,0.63,114424,0,36,0,1.0,0.0,0.9996854796435436,0.9998427150871184,0.5,1.0,0.9999797290368417,0.9551429575768875
Transformer-DANN,43,0.64,114424,0,36,0,1.0,0.0,0.9996854796435436,0.9998427150871184,0.5,1.0,0.9999797290368417,0.9551429575768875
Transformer-DANN,43,0.65,114424,0,36,0,1.0,0.0,0.9996854796435436,0.9998427150871184,0.5,1.0,0.9999797290368417,0.9551429575768875
Transformer-DANN,43,0.66,114424,0,36,0,1.0,0.0,0.9996854796435436,0.9998427150871184,0.5,1.0,0.9999797290368417,0.9551429575768875
Transformer-DANN,43,0.67,114424,0,36,0,1.0,0.0,0.9996854796435436,0.9998427150871184,0.5,1.0,0.9999797290368417,0.9551429575768875
Transformer-DANN,43,0.68,114424,0,36,0,1.0,0.0,0.9996854796435436,0.9998427150871184,0.5,1.0,0.9999797290368417,0.9551429575768875
Transformer-DANN,43,0.6900000000000001,114424,0,36,0,1.0,0.0,0.9996854796435436,0.9998427150871184,0.5,1.0,0.9999797290368417,0.9551429575768875
Transformer-DANN,43,0.7000000000000001,114424,0,36,0,1.0,0.0,0.9996854796435436,0.9998427150871184,0.5,1.0,0.9999797290368417,0.9551429575768875
Transformer-DANN,43,0.71,114424,0,36,0,1.0,0.0,0.9996854796435436,0.9998427150871184,0.5,1.0,0.9999797290368417,0.9551429575768875
Transformer-DANN,43,0.72,114424,0,36,0,1.0,0.0,0.9996854796435436,0.9998427150871184,0.5,1.0,0.9999797290368417,0.9551429575768875
Transformer-DANN,43,0.73,114424,0,36,0,1.0,0.0,0.9996854796435436,0.9998427150871184,0.5,1.0,0.9999797290368417,0.9551429575768875
Transformer-DANN,43,0.74,114424,0,36,0,1.0,0.0,0.9996854796435436,0.9998427150871184,0.5,1.0,0.9999797290368417,0.9551429575768875
Transformer-DANN,43,0.75,114424,0,36,0,1.0,0.0,0.9996854796435436,0.9998427150871184,0.5,1.0,0.9999797290368417,0.9551429575768875
Transformer-DANN,43,0.76,114424,0,36,0,1.0,0.0,0.9996854796435436,0.9998427150871184,0.5,1.0,0.9999797290368417,0.9551429575768875
Transformer-DANN,43,0.77,114424,0,36,0,1.0,0.0,0.9996854796435436,0.9998427150871184,0.5,1.0,0.9999797290368417,0.9551429575768875
Transformer-DANN,43,0.78,114424,0,36,0,1.0,0.0,0.9996854796435436,0.9998427150871184,0.5,1.0,0.9999797290368417,0.9551429575768875
Transformer-DANN,43,0.79,114424,0,36,0,1.0,0.0,0.9996854796435436,0.9998427150871184,0.5,1.0,0.9999797290368417,0.9551429575768875
Transformer-DANN,43,0.8,114424,4,32,0,1.0,0.1111111111111111,0.9997204165792969,0.999860188745194,0.5555555555555556,0.9999650532937271,0.9999797290368417,0.9551429575768875
Transformer-DANN,43,0.81,114424,7,29,0,1.0,0.19444444444444445,0.9997466208836815,0.999873294389563,0.5972222222222222,0.9999388432640224,0.9999797290368417,0.9551429575768875
Transformer-DANN,43,0.8200000000000001,114424,8,28,0,1.0,0.2222222222222222,0.9997553559570824,0.9998776630140338,0.6111111111111112,0.9999301065874542,0.9999797290368417,0.9551429575768875
Transformer-DANN,43,0.8300000000000001,114424,10,26,0,1.0,0.2777777777777778,0.9997728265618174,0.9998864003775003,0.6388888888888888,0.9999126332343177,0.9999797290368417,0.9551429575768875
Transformer-DANN,43,0.84,114424,14,22,0,1.0,0.3888888888888889,0.9998077696031316,0.9999038755625465,0.6944444444444444,0.9998776865280448,0.9999797290368417,0.9551429575768875
Transformer-DANN,43,0.85,114424,16,20,0,1.0,0.4444444444444444,0.999825242039775,0.9999126133841341,0.7222222222222222,0.9998602131749083,0.9999797290368417,0.9551429575768875
Transformer-DANN,43,0.86,114424,18,18,0,1.0,0.5,0.9998427150871184,0.9999213513584368,0.75,0.9998427398217719,0.9999797290368417,0.9551429575768875
Transformer-DANN,43,0.87,114424,19,17,0,1.0,0.5277777777777778,0.9998514518398126,0.9999257204028575,0.7638888888888888,0.9998340031452035,0.9999797290368417,0.9551429575768875
Transformer-DANN,43,0.88,114424,20,16,0,1.0,0.5555555555555556,0.999860188745194,0.9999300894854586,0.7777777777777778,0.9998252664686353,0.9999797290368417,0.9551429575768875
Transformer-DANN,43,0.89,114424,20,16,0,1.0,0.5555555555555556,0.999860188745194,0.9999300894854586,0.7777777777777778,0.9998252664686353,0.9999797290368417,0.9551429575768875
Transformer-DANN,43,0.9,114424,20,16,0,1.0,0.5555555555555556,0.999860188745194,0.9999300894854586,0.7777777777777778,0.9998252664686353,0.9999797290368417,0.9551429575768875
Transformer-DANN,43,0.91,114424,24,12,0,1.0,0.6666666666666666,0.9998951378936698,0.9999475661976754,0.8333333333333333,0.9997903197623624,0.9999797290368417,0.9551429575768875
Transformer-DANN,43,0.92,114423,28,8,1,0.9999912605747046,0.7777777777777778,0.9999300888745183,0.9999606737890804,0.8888845191762411,0.9997466363795212,0.9999797290368417,0.9551429575768875
Transformer-DANN,43,0.93,114414,28,8,10,0.9999126057470461,0.7777777777777778,0.9999300833755747,0.9999213444849375,0.888845191762412,0.9996680062904071,0.9999797290368417,0.9551429575768875
Transformer-DANN,43,0.9400000000000001,114382,30,6,42,0.9996329441375935,0.8333333333333334,0.9999475469454838,0.9997902207926158,0.9164831387354635,0.9993709592870872,0.9999797290368417,0.9551429575768875
Transformer-DANN,43,0.9500000000000001,114382,30,6,42,0.9996329441375935,0.8333333333333334,0.9999475469454838,0.9997902207926158,0.9164831387354635,0.9993709592870872,0.9999797290368417,0.9551429575768875
Transformer-DANN,43,0.96,114382,30,6,42,0.9996329441375935,0.8333333333333334,0.9999475469454838,0.9997902207926158,0.9164831387354635,0.9993709592870872,0.9999797290368417,0.9551429575768875
Transformer-DANN,43,0.97,114382,31,5,42,0.9996329441375935,0.8611111111111112,0.9999562887391049,0.999794590295047,0.9303720276243523,0.999362222610519,0.9999797290368417,0.9551429575768875
Transformer-DANN,43,0.98,114382,31,5,42,0.9996329441375935,0.8611111111111112,0.9999562887391049,0.999794590295047,0.9303720276243523,0.999362222610519,0.9999797290368417,0.9551429575768875
Transformer-DANN,43,0.99,114382,31,5,42,0.9996329441375935,0.8611111111111112,0.9999562887391049,0.999794590295047,0.9303720276243523,0.999362222610519,0.9999797290368417,0.9551429575768875
Transformer-DANN,43,1.0,0,36,0,114424,0.0,1.0,0.0,0.0,0.5,0.0,0.9999797290368417,0.9551429575768875
MLP,44,0.0,114424,0,36,0,1.0,0.0,0.9996854796435436,0.9998427150871184,0.5,1.0,0.9991964596633638,0.702265016274752
MLP,44,0.01,114424,0,36,0,1.0,0.0,0.9996854796435436,0.9998427150871184,0.5,1.0,0.9991964596633638,0.702265016274752
MLP,44,0.02,114424,4,32,0,1.0,0.1111111111111111,0.9997204165792969,0.999860188745194,0.5555555555555556,0.9999650532937271,0.9991964596633638,0.702265016274752
MLP,44,0.03,114424,6,30,0,1.0,0.16666666666666666,0.9997378859629196,0.9998689258032664,0.5833333333333334,0.9999475799405906,0.9991964596633638,0.702265016274752
MLP,44,0.04,114424,6,30,0,1.0,0.16666666666666666,0.9997378859629196,0.9998689258032664,0.5833333333333334,0.9999475799405906,0.9991964596633638,0.702265016274752
MLP,44,0.05,114424,6,30,0,1.0,0.16666666666666666,0.9997378859629196,0.9998689258032664,0.5833333333333334,0.9999475799405906,0.9991964596633638,0.702265016274752
MLP,44,0.06,114424,8,28,0,1.0,0.2222222222222222,0.9997553559570824,0.9998776630140338,0.6111111111111112,0.9999301065874542,0.9991964596633638,0.702265016274752
MLP,44,0.07,114424,10,26,0,1.0,0.2777777777777778,0.9997728265618174,0.9998864003775003,0.6388888888888888,0.9999126332343177,0.9991964596633638,0.702265016274752
MLP,44,0.08,114424,10,26,0,1.0,0.2777777777777778,0.9997728265618174,0.9998864003775003,0.6388888888888888,0.9999126332343177,0.9991964596633638,0.702265016274752
MLP,44,0.09,114424,10,26,0,1.0,0.2777777777777778,0.9997728265618174,0.9998864003775003,0.6388888888888888,0.9999126332343177,0.9991964596633638,0.702265016274752
MLP,44,0.1,114424,12,24,0,1.0,0.3333333333333333,0.9997902977771564,0.9998951378936698,0.6666666666666666,0.9998951598811812,0.9991964596633638,0.702265016274752
MLP,44,0.11,114424,14,22,0,1.0,0.3888888888888889,0.9998077696031316,0.9999038755625465,0.6944444444444444,0.9998776865280448,0.9991964596633638,0.702265016274752
MLP,44,0.12,114424,14,22,0,1.0,0.3888888888888889,0.9998077696031316,0.9999038755625465,0.6944444444444444,0.9998776865280448,0.9991964596633638,0.702265016274752
MLP,44,0.13,114424,15,21,0,1.0,0.4166666666666667,0.9998165057451177,0.9999082444542511,0.7083333333333334,0.9998689498514765,0.9991964596633638,0.702265016274752
MLP,44,0.14,114424,15,21,0,1.0,0.4166666666666667,0.9998165057451177,0.9999082444542511,0.7083333333333334,0.9998689498514765,0.9991964596633638,0.702265016274752
MLP,44,0.15,114424,15,21,0,1.0,0.4166666666666667,0.9998165057451177,0.9999082444542511,0.7083333333333334,0.9998689498514765,0.9991964596633638,0.702265016274752
MLP,44,0.16,114424,15,21,0,1.0,0.4166666666666667,0.9998165057451177,0.9999082444542511,0.7083333333333334,0.9998689498514765,0.9991964596633638,0.702265016274752
MLP,44,0.17,114424,15,21,0,1.0,0.4166666666666667,0.9998165057451177,0.9999082444542511,0.7083333333333334,0.9998689498514765,0.9991964596633638,0.702265016274752
MLP,44,0.18,114424,15,21,0,1.0,0.4166666666666667,0.9998165057451177,0.9999082444542511,0.7083333333333334,0.9998689498514765,0.9991964596633638,0.702265016274752
MLP,44,0.19,114424,15,21,0,1.0,0.4166666666666667,0.9998165057451177,0.9999082444542511,0.7083333333333334,0.9998689498514765,0.9991964596633638,0.702265016274752
MLP,44,0.2,114424,15,21,0,1.0,0.4166666666666667,0.9998165057451177,0.9999082444542511,0.7083333333333334,0.9998689498514765,0.9991964596633638,0.702265016274752
MLP,44,0.21,114424,15,21,0,1.0,0.4166666666666667,0.9998165057451177,0.9999082444542511,0.7083333333333334,0.9998689498514765,0.9991964596633638,0.702265016274752
MLP,44,0.22,114424,15,21,0,1.0,0.4166666666666667,0.9998165057451177,0.9999082444542511,0.7083333333333334,0.9998689498514765,0.9991964596633638,0.702265016274752
MLP,44,0.23,114424,15,21,0,1.0,0.4166666666666667,0.9998165057451177,0.9999082444542511,0.7083333333333334,0.9998689498514765,0.9991964596633638,0.702265016274752
MLP,44,0.24,114424,15,21,0,1.0,0.4166666666666667,0.9998165057451177,0.9999082444542511,0.7083333333333334,0.9998689498514765,0.9991964596633638,0.702265016274752
MLP,44,0.25,114424,15,21,0,1.0,0.4166666666666667,0.9998165057451177,0.9999082444542511,0.7083333333333334,0.9998689498514765,0.9991964596633638,0.702265016274752
MLP,44,0.26,114424,15,21,0,1.0,0.4166666666666667,0.9998165057451177,0.9999082444542511,0.7083333333333334,0.9998689498514765,0.9991964596633638,0.702265016274752
MLP,44,0.27,114424,15,21,0,1.0,0.4166666666666667,0.9998165057451177,0.9999082444542511,0.7083333333333334,0.9998689498514765,0.9991964596633638,0.702265016274752
MLP,44,0.28,114424,15,21,0,1.0,0.4166666666666667,0.9998165057451177,0.9999082444542511,0.7083333333333334,0.9998689498514765,0.9991964596633638,0.702265016274752
MLP,44,0.29,114424,15,21,0,1.0,0.4166666666666667,0.9998165057451177,0.9999082444542511,0.7083333333333334,0.9998689498514765,0.9991964596633638,0.702265016274752
MLP,44,0.3,114424,15,21,0,1.0,0.4166666666666667,0.9998165057451177,0.9999082444542511,0.7083333333333334,0.9998689498514765,0.9991964596633638,0.702265016274752
MLP,44,0.31,114424,15,21,0,1.0,0.4166666666666667,0.9998165057451177,0.9999082444542511,0.7083333333333334,0.9998689498514765,0.9991964596633638,0.702265016274752
MLP,44,0.32,114424,15,21,0,1.0,0.4166666666666667,0.9998165057451177,0.9999082444542511,0.7083333333333334,0.9998689498514765,0.9991964596633638,0.702265016274752
MLP,44,0.33,114424,15,21,0,1.0,0.4166666666666667,0.9998165057451177,0.9999082444542511,0.7083333333333334,0.9998689498514765,0.9991964596633638,0.702265016274752
MLP,44,0.34,114424,16,20,0,1.0,0.4444444444444444,0.999825242039775,0.9999126133841341,0.7222222222222222,0.9998602131749083,0.9991964596633638,0.702265016274752
MLP,44,0.35000000000000003,114423,16,20,1,0.9999912605747046,0.4444444444444444,0.9998252405127444,0.9999082436524269,0.7222178525095745,0.99985147649834,0.9991964596633638,0.702265016274752
MLP,44,0.36,114422,16,20,2,0.9999825211494092,0.4444444444444444,0.9998252389856871,0.9999038738825339,0.7222134827969269,0.9998427398217719,0.9991964596633638,0.702265016274752
MLP,44,0.37,114421,16,20,3,0.9999737817241138,0.4444444444444444,0.9998252374586031,0.9998995040744544,0.7222091130842792,0.9998340031452035,0.9991964596633638,0.702265016274752
MLP,44,0.38,114421,16,20,3,0.9999737817241138,0.4444444444444444,0.9998252374586031,0.9998995040744544,0.7222091130842792,0.9998340031452035,0.9991964596633638,0.702265016274752
MLP,44,0.39,114421,17,19,3,0.9999737817241138,0.4722222222222222,0.9998339741349178,0.9999038730425056,0.736098001973168,0.9998252664686353,0.9991964596633638,0.702265016274752
MLP,44,0.4,114421,17,19,3,0.9999737817241138,0.4722222222222222,0.9998339741349178,0.9999038730425056,0.736098001973168,0.9998252664686353,0.9991964596633638,0.702265016274752
MLP,44,0.41000000000000003,114421,18,18,3,0.9999737817241138,0.5,0.9998427109639196,0.9999082420487366,0.7499868908620568,0.9998165297920671,0.9991964596633638,0.702265016274752
MLP,44,0.42,114421,18,18,3,0.9999737817241138,0.5,0.9998427109639196,0.9999082420487366,0.7499868908620568,0.9998165297920671,0.9991964596633638,0.702265016274752
MLP,44,0.43,114421,19,17,3,0.9999737817241138,0.5277777777777778,0.9998514479456124,0.9999126110931479,0.7638757797509458,0.9998077931154988,0.9991964596633638,0.702265016274752
MLP,44,0.44,114421,19,17,3,0.9999737817241138,0.5277777777777778,0.9998514479456124,0.9999126110931479,0.7638757797509458,0.9998077931154988,0.9991964596633638,0.702265016274752
MLP,44,0.45,114421,19,17,3,0.9999737817241138,0.5277777777777778,0.9998514479456124,0.9999126110931479,0.7638757797509458,0.9998077931154988,0.9991964596633638,0.702265016274752
MLP,44,0.46,114420,19,17,4,0.9999650422988184,0.5277777777777778,0.9998514466475004,0.9999082412468704,0.7638714100382982,0.9997990564389306,0.9991964596633638,0.702265016274752
MLP,44,0.47000000000000003,114420,19,17,4,0.9999650422988184,0.5277777777777778,0.9998514466475004,0.9999082412468704,0.7638714100382982,0.9997990564389306,0.9991964596633638,0.702265016274752
MLP,44,0.48,114420,19,17,4,0.9999650422988184,0.5277777777777778,0.9998514466475004,0.9999082412468704,0.7638714100382982,0.9997990564389306,0.9991964596633638,0.702265016274752
MLP,44,0.49,114420,19,17,4,0.9999650422988184,0.5277777777777778,0.9998514466475004,0.9999082412468704,0.7638714100382982,0.9997990564389306,0.9991964596633638,0.702265016274752
MLP,44,0.5,114420,19,17,4,0.9999650422988184,0.5277777777777778,0.9998514466475004,0.9999082412468704,0.7638714100382982,0.9997990564389306,0.9991964596633638,0.702265016274752
MLP,44,0.51,114420,19,17,4,0.9999650422988184,0.5277777777777778,0.9998514466475004,0.9999082412468704,0.7638714100382982,0.9997990564389306,0.9991964596633638,0.702265016274752
MLP,44,0.52,114420,19,17,4,0.9999650422988184,0.5277777777777778,0.9998514466475004,0.9999082412468704,0.7638714100382982,0.9997990564389306,0.9991964596633638,0.702265016274752
MLP,44,0.53,114420,19,17,4,0.9999650422988184,0.5277777777777778,0.9998514466475004,0.9999082412468704,0.7638714100382982,0.9997990564389306,0.9991964596633638,0.702265016274752
MLP,44,0.54,114415,19,17,9,0.9999213451723414,0.5277777777777778,0.9998514401565995,0.9998863914426539,0.7638495614750596,0.9997553730560894,0.9991964596633638,0.702265016274752
MLP,44,0.55,114415,19,17,9,0.9999213451723414,0.5277777777777778,0.9998514401565995,0.9998863914426539,0.7638495614750596,0.9997553730560894,0.9991964596633638,0.702265016274752
MLP,44,0.56,114413,19,17,11,0.9999038663217507,0.5277777777777778,0.9998514375600804,0.9998776512536377,0.7638408220497642,0.999737899702953,0.9991964596633638,0.702265016274752
MLP,44,0.5700000000000001,114410,19,17,14,0.9998776480458645,0.5277777777777778,0.9998514336651315,0.9998645406836763,0.7638277129118212,0.9997116896732483,0.9991964596633638,0.702265016274752
MLP,44,0.58,114409,19,17,15,0.9998689086205691,0.5277777777777778,0.9998514323667698,0.9998601704173039,0.7638233431991734,0.9997029529966801,0.9991964596633638,0.702265016274752
MLP,44,0.59,114409,19,17,15,0.9998689086205691,0.5277777777777778,0.9998514323667698,0.9998601704173039,0.7638233431991734,0.9997029529966801,0.9991964596633638,0.702265016274752
MLP,44,0.6,114409,19,17,15,0.9998689086205691,0.5277777777777778,0.9998514323667698,0.9998601704173039,0.7638233431991734,0.9997029529966801,0.9991964596633638,0.702265016274752
MLP,44,0.61,114409,19,17,15,0.9998689086205691,0.5277777777777778,0.9998514323667698,0.9998601704173039,0.7638233431991734,0.9997029529966801,0.9991964596633638,0.702265016274752
MLP,44,0.62,114409,20,16,15,0.9998689086205691,0.5555555555555556,0.9998601704173039,0.9998645394998449,0.7777122320880623,0.9996942163201118,0.9991964596633638,0.702265016274752
MLP,44,0.63,114409,21,15,15,0.9998689086205691,0.5833333333333334,0.9998689086205691,0.9998689086205691,0.7916011209769512,0.9996854796435436,0.9991964596633638,0.702265016274752
MLP,44,0.64,114409,23,13,15,0.9998689086205691,0.6388888888888888,0.9998863854853087,0.9998776469765694,0.819378898754729,0.9996680062904071,0.9991964596633638,0.702265016274752
MLP,44,0.65,114409,23,13,15,0.9998689086205691,0.6388888888888888,0.9998863854853087,0.9998776469765694,0.819378898754729,0.9996680062904071,0.9991964596633638,0.702265016274752
MLP,44,0.66,114409,23,13,15,0.9998689086205691,0.6388888888888888,0.9998863854853087,0.9998776469765694,0.819378898754729,0.9996680062904071,0.9991964596633638,0.702265016274752
MLP,44,0.67,114409,23,13,15,0.9998689086205691,0.6388888888888888,0.9998863854853087,0.9998776469765694,0.819378898754729,0.9996680062904071,0.9991964596633638,0.702265016274752
MLP,44,0.68,114409,24,12,15,0.9998689086205691,0.6666666666666666,0.9998951241467913,0.9998820162118465,0.8332677876436179,0.9996592696138389,0.9991964596633638,0.702265016274752
MLP,44,0.6900000000000001,114409,24,12,15,0.9998689086205691,0.6666666666666666,0.9998951241467913,0.9998820162118465,0.8332677876436179,0.9996592696138389,0.9991964596633638,0.702265016274752
MLP,44,0.7000000000000001,114409,24,12,15,0.9998689086205691,0.6666666666666666,0.9998951241467913,0.9998820162118465,0.8332677876436179,0.9996592696138389,0.9991964596633638,0.702265016274752
MLP,44,0.71,114409,25,11,15,0.9998689086205691,0.6944444444444444,0.9999038629610209,0.9998863854853087,0.8471566765325067,0.9996505329372707,0.9991964596633638,0.702265016274752
MLP,44,0.72,114409,25,11,15,0.9998689086205691,0.6944444444444444,0.9999038629610209,0.9998863854853087,0.8471566765325067,0.9996505329372707,0.9991964596633638,0.702265016274752
MLP,44,0.73,86413,25,11,28011,0.7551999580507586,0.6944444444444444,0.9998727205405906,0.8604815581932606,0.7248222012476015,0.7550585357330072,0.9991964596633638,0.702265016274752
MLP,44,0.74,32609,25,11,81815,0.2849839194574565,0.6944444444444444,0.999662783568363,0.4435271075324393,0.48971418195095046,0.28499038965577494,0.9991964596633638,0.702265016274752
MLP,44,0.75,5881,26,10,108543,0.05139656016220373,0.7222222222222222,0.9983024953318622,0.09776004654448739,0.38680939119221297,0.051467761663463216,0.9991964596633638,0.702265016274752
MLP,44,0.76,27,26,10,114397,0.00023596448297559953,0.7222222222222222,0.7297297297297297,0.00047177641292667373,0.3612290933525989,0.0003232570330246374,0.9991964596633638,0.702265016274752
MLP,44,0.77,27,26,10,114397,0.00023596448297559953,0.7222222222222222,0.7297297297297297,0.00047177641292667373,0.3612290933525989,0.0003232570330246374,0.9991964596633638,0.702265016274752
MLP,44,0.78,27,26,10,114397,0.00023596448297559953,0.7222222222222222,0.7297297297297297,0.00047177641292667373,0.3612290933525989,0.0003232570330246374,0.9991964596633638,0.702265016274752
MLP,44,0.79,27,26,10,114397,0.00023596448297559953,0.7222222222222222,0.7297297297297297,0.00047177641292667373,0.3612290933525989,0.0003232570330246374,0.9991964596633638,0.702265016274752
MLP,44,0.8,24,26,10,114400,0.0002097462070894218,0.7222222222222222,0.7058823529411765,0.0004193678030369218,0.36121598421465584,0.0002970470033199371,0.9991964596633638,0.702265016274752
MLP,44,0.81,21,27,9,114403,0.00018352793120324408,0.75,0.7,0.00036695965191255875,0.3750917639656016,0.00026210029704700334,0.9991964596633638,0.702265016274752
MLP,44,0.8200000000000001,6,28,8,114418,5.243655177235545e-05,0.7777777777777778,0.42857142857142855,0.00010486027368531432,0.38891510716477506,0.00012231347195526822,0.9991964596633638,0.702265016274752
MLP,44,0.8300000000000001,0,31,5,114424,0.0,0.8611111111111112,0.0,0.0,0.4305555555555556,4.368338284116722e-05,0.9991964596633638,0.702265016274752
MLP,44,0.84,0,31,5,114424,0.0,0.8611111111111112,0.0,0.0,0.4305555555555556,4.368338284116722e-05,0.9991964596633638,0.702265016274752
MLP,44,0.85,0,31,5,114424,0.0,0.8611111111111112,0.0,0.0,0.4305555555555556,4.368338284116722e-05,0.9991964596633638,0.702265016274752
MLP,44,0.86,0,31,5,114424,0.0,0.8611111111111112,0.0,0.0,0.4305555555555556,4.368338284116722e-05,0.9991964596633638,0.702265016274752
MLP,44,0.87,0,31,5,114424,0.0,0.8611111111111112,0.0,0.0,0.4305555555555556,4.368338284116722e-05,0.9991964596633638,0.702265016274752
MLP,44,0.88,0,31,5,114424,0.0,0.8611111111111112,0.0,0.0,0.4305555555555556,4.368338284116722e-05,0.9991964596633638,0.702265016274752
MLP,44,0.89,0,32,4,114424,0.0,0.8888888888888888,0.0,0.0,0.4444444444444444,3.4946706272933774e-05,0.9991964596633638,0.702265016274752
MLP,44,0.9,0,32,4,114424,0.0,0.8888888888888888,0.0,0.0,0.4444444444444444,3.4946706272933774e-05,0.9991964596633638,0.702265016274752
MLP,44,0.91,0,32,4,114424,0.0,0.8888888888888888,0.0,0.0,0.4444444444444444,3.4946706272933774e-05,0.9991964596633638,0.702265016274752
MLP,44,0.92,0,36,0,114424,0.0,1.0,0.0,0.0,0.5,0.0,0.9991964596633638,0.702265016274752
MLP,44,0.93,0,36,0,114424,0.0,1.0,0.0,0.0,0.5,0.0,0.9991964596633638,0.702265016274752
MLP,44,0.9400000000000001,0,36,0,114424,0.0,1.0,0.0,0.0,0.5,0.0,0.9991964596633638,0.702265016274752
MLP,44,0.9500000000000001,0,36,0,114424,0.0,1.0,0.0,0.0,0.5,0.0,0.9991964596633638,0.702265016274752
MLP,44,0.96,0,36,0,114424,0.0,1.0,0.0,0.0,0.5,0.0,0.9991964596633638,0.702265016274752
MLP,44,0.97,0,36,0,114424,0.0,1.0,0.0,0.0,0.5,0.0,0.9991964596633638,0.702265016274752
MLP,44,0.98,0,36,0,114424,0.0,1.0,0.0,0.0,0.5,0.0,0.9991964596633638,0.702265016274752
MLP,44,0.99,0,36,0,114424,0.0,1.0,0.0,0.0,0.5,0.0,0.9991964596633638,0.702265016274752
MLP,44,1.0,0,36,0,114424,0.0,1.0,0.0,0.0,0.5,0.0,0.9991964596633638,0.702265016274752
MLP-DANN,44,0.0,114424,0,36,0,1.0,0.0,0.9996854796435436,0.9998427150871184,0.5,1.0,0.9999999734197494,0.9999155188888111
MLP-DANN,44,0.01,114424,14,22,0,1.0,0.3888888888888889,0.9998077696031316,0.9999038755625465,0.6944444444444444,0.9998776865280448,0.9999999734197494,0.9999155188888111
MLP-DANN,44,0.02,114424,14,22,0,1.0,0.3888888888888889,0.9998077696031316,0.9999038755625465,0.6944444444444444,0.9998776865280448,0.9999999734197494,0.9999155188888111
MLP-DANN,44,0.03,114424,14,22,0,1.0,0.3888888888888889,0.9998077696031316,0.9999038755625465,0.6944444444444444,0.9998776865280448,0.9999999734197494,0.9999155188888111
MLP-DANN,44,0.04,114424,15,21,0,1.0,0.4166666666666667,0.9998165057451177,0.9999082444542511,0.7083333333333334,0.9998689498514765,0.9999999734197494,0.9999155188888111
MLP-DANN,44,0.05,114424,15,21,0,1.0,0.4166666666666667,0.9998165057451177,0.9999082444542511,0.7083333333333334,0.9998689498514765,0.9999999734197494,0.9999155188888111
MLP-DANN,44,0.06,114424,15,21,0,1.0,0.4166666666666667,0.9998165057451177,0.9999082444542511,0.7083333333333334,0.9998689498514765,0.9999999734197494,0.9999155188888111
MLP-DANN,44,0.07,114424,15,21,0,1.0,0.4166666666666667,0.9998165057451177,0.9999082444542511,0.7083333333333334,0.9998689498514765,0.9999999734197494,0.9999155188888111
MLP-DANN,44,0.08,114424,16,20,0,1.0,0.4444444444444444,0.999825242039775,0.9999126133841341,0.7222222222222222,0.9998602131749083,0.9999999734197494,0.9999155188888111
MLP-DANN,44,0.09,114424,17,19,0,1.0,0.4722222222222222,0.9998339784871071,0.9999169823521958,0.7361111111111112,0.99985147649834,0.9999999734197494,0.9999155188888111
MLP-DANN,44,0.1,114424,18,18,0,1.0,0.5,0.9998427150871184,0.9999213513584368,0.75,0.9998427398217719,0.9999999734197494,0.9999155188888111
MLP-DANN,44,0.11,114424,19,17,0,1.0,0.5277777777777778,0.9998514518398126,0.9999257204028575,0.7638888888888888,0.9998340031452035,0.9999999734197494,0.9999155188888111
MLP-DANN,44,0.12,114424,19,17,0,1.0,0.5277777777777778,0.9998514518398126,0.9999257204028575,0.7638888888888888,0.9998340031452035,0.9999999734197494,0.9999155188888111
MLP-DANN,44,0.13,114424,19,17,0,1.0,0.5277777777777778,0.9998514518398126,0.9999257204028575,0.7638888888888888,0.9998340031452035,0.9999999734197494,0.9999155188888111
MLP-DANN,44,0.14,114424,19,17,0,1.0,0.5277777777777778,0.9998514518398126,0.9999257204028575,0.7638888888888888,0.9998340031452035,0.9999999734197494,0.9999155188888111
MLP-DANN,44,0.15,114424,19,17,0,1.0,0.5277777777777778,0.9998514518398126,0.9999257204028575,0.7638888888888888,0.9998340031452035,0.9999999734197494,0.9999155188888111
MLP-DANN,44,0.16,114424,19,17,0,1.0,0.5277777777777778,0.9998514518398126,0.9999257204028575,0.7638888888888888,0.9998340031452035,0.9999999734197494,0.9999155188888111
MLP-DANN,44,0.17,114424,19,17,0,1.0,0.5277777777777778,0.9998514518398126,0.9999257204028575,0.7638888888888888,0.9998340031452035,0.9999999734197494,0.9999155188888111
MLP-DANN,44,0.18,114424,19,17,0,1.0,0.5277777777777778,0.9998514518398126,0.9999257204028575,0.7638888888888888,0.9998340031452035,0.9999999734197494,0.9999155188888111
MLP-DANN,44,0.19,114424,19,17,0,1.0,0.5277777777777778,0.9998514518398126,0.9999257204028575,0.7638888888888888,0.9998340031452035,0.9999999734197494,0.9999155188888111
MLP-DANN,44,0.2,114424,19,17,0,1.0,0.5277777777777778,0.9998514518398126,0.9999257204028575,0.7638888888888888,0.9998340031452035,0.9999999734197494,0.9999155188888111
MLP-DANN,44,0.21,114424,19,17,0,1.0,0.5277777777777778,0.9998514518398126,0.9999257204028575,0.7638888888888888,0.9998340031452035,0.9999999734197494,0.9999155188888111
MLP-DANN,44,0.22,114424,19,17,0,1.0,0.5277777777777778,0.9998514518398126,0.9999257204028575,0.7638888888888888,0.9998340031452035,0.9999999734197494,0.9999155188888111
MLP-DANN,44,0.23,114424,19,17,0,1.0,0.5277777777777778,0.9998514518398126,0.9999257204028575,0.7638888888888888,0.9998340031452035,0.9999999734197494,0.9999155188888111
MLP-DANN,44,0.24,114423,19,17,1,0.9999912605747046,0.5277777777777778,0.9998514505417686,0.999921350671141,0.7638845191762411,0.9998252664686353,0.9999999734197494,0.9999155188888111
MLP-DANN,44,0.25,114423,19,17,1,0.9999912605747046,0.5277777777777778,0.9998514505417686,0.999921350671141,0.7638845191762411,0.9998252664686353,0.9999999734197494,0.9999155188888111
MLP-DANN,44,0.26,114422,19,17,2,0.9999825211494092,0.5277777777777778,0.9998514492437018,0.9999169809012378,0.7638801494635935,0.9998165297920671,0.9999999734197494,0.9999155188888111
MLP-DANN,44,0.27,114421,19,17,3,0.9999737817241138,0.5277777777777778,0.9998514479456124,0.9999126110931479,0.7638757797509458,0.9998077931154988,0.9999999734197494,0.9999155188888111
MLP-DANN,44,0.28,114421,19,17,3,0.9999737817241138,0.5277777777777778,0.9998514479456124,0.9999126110931479,0.7638757797509458,0.9998077931154988,0.9999999734197494,0.9999155188888111
MLP-DANN,44,0.29,114421,19,17,3,0.9999737817241138,0.5277777777777778,0.9998514479456124,0.9999126110931479,0.7638757797509458,0.9998077931154988,0.9999999734197494,0.9999155188888111
MLP-DANN,44,0.3,114421,19,17,3,0.9999737817241138,0.5277777777777778,0.9998514479456124,0.9999126110931479,0.7638757797509458,0.9998077931154988,0.9999999734197494,0.9999155188888111
MLP-DANN,44,0.31,114421,19,17,3,0.9999737817241138,0.5277777777777778,0.9998514479456124,0.9999126110931479,0.7638757797509458,0.9998077931154988,0.9999999734197494,0.9999155188888111
MLP-DANN,44,0.32,114421,19,17,3,0.9999737817241138,0.5277777777777778,0.9998514479456124,0.9999126110931479,0.7638757797509458,0.9998077931154988,0.9999999734197494,0.9999155188888111
MLP-DANN,44,0.33,114421,19,17,3,0.9999737817241138,0.5277777777777778,0.9998514479456124,0.9999126110931479,0.7638757797509458,0.9998077931154988,0.9999999734197494,0.9999155188888111
MLP-DANN,44,0.34,114421,19,17,3,0.9999737817241138,0.5277777777777778,0.9998514479456124,0.9999126110931479,0.7638757797509458,0.9998077931154988,0.9999999734197494,0.9999155188888111
MLP-DANN,44,0.35000000000000003,114421,19,17,3,0.9999737817241138,0.5277777777777778,0.9998514479456124,0.9999126110931479,0.7638757797509458,0.9998077931154988,0.9999999734197494,0.9999155188888111
MLP-DANN,44,0.36,114421,19,17,3,0.9999737817241138,0.5277777777777778,0.9998514479456124,0.9999126110931479,0.7638757797509458,0.9998077931154988,0.9999999734197494,0.9999155188888111
MLP-DANN,44,0.37,114421,20,16,3,0.9999737817241138,0.5555555555555556,0.9998601850800003,0.9999169801757398,0.7777646686398347,0.9997990564389306,0.9999999734197494,0.9999155188888111
MLP-DANN,44,0.38,114421,20,16,3,0.9999737817241138,0.5555555555555556,0.9998601850800003,0.9999169801757398,0.7777646686398347,0.9997990564389306,0.9999999734197494,0.9999155188888111
MLP-DANN,44,0.39,114421,20,16,3,0.9999737817241138,0.5555555555555556,0.9998601850800003,0.9999169801757398,0.7777646686398347,0.9997990564389306,0.9999999734197494,0.9999155188888111
MLP-DANN,44,0.4,114421,20,16,3,0.9999737817241138,0.5555555555555556,0.9998601850800003,0.9999169801757398,0.7777646686398347,0.9997990564389306,0.9999999734197494,0.9999155188888111
MLP-DANN,44,0.41000000000000003,114421,20,16,3,0.9999737817241138,0.5555555555555556,0.9998601850800003,0.9999169801757398,0.7777646686398347,0.9997990564389306,0.9999999734197494,0.9999155188888111
MLP-DANN,44,0.42,114421,20,16,3,0.9999737817241138,0.5555555555555556,0.9998601850800003,0.9999169801757398,0.7777646686398347,0.9997990564389306,0.9999999734197494,0.9999155188888111
MLP-DANN,44,0.43,114421,20,16,3,0.9999737817241138,0.5555555555555556,0.9998601850800003,0.9999169801757398,0.7777646686398347,0.9997990564389306,0.9999999734197494,0.9999155188888111
MLP-DANN,44,0.44,114421,20,16,3,0.9999737817241138,0.5555555555555556,0.9998601850800003,0.9999169801757398,0.7777646686398347,0.9997990564389306,0.9999999734197494,0.9999155188888111
MLP-DANN,44,0.45,114421,20,16,3,0.9999737817241138,0.5555555555555556,0.9998601850800003,0.9999169801757398,0.7777646686398347,0.9997990564389306,0.9999999734197494,0.9999155188888111
MLP-DANN,44,0.46,114420,20,16,4,0.9999650422988184,0.5555555555555556,0.9998601838582264,0.9999126103294591,0.777760298927187,0.9997903197623624,0.9999999734197494,0.9999155188888111
MLP-DANN,44,0.47000000000000003,114420,20,16,4,0.9999650422988184,0.5555555555555556,0.9998601838582264,0.9999126103294591,0.777760298927187,0.9997903197623624,0.9999999734197494,0.9999155188888111
MLP-DANN,44,0.48,114420,20,16,4,0.9999650422988184,0.5555555555555556,0.9998601838582264,0.9999126103294591,0.777760298927187,0.9997903197623624,0.9999999734197494,0.9999155188888111
MLP-DANN,44,0.49,114420,20,16,4,0.9999650422988184,0.5555555555555556,0.9998601838582264,0.9999126103294591,0.777760298927187,0.9997903197623624,0.9999999734197494,0.9999155188888111
MLP-DANN,44,0.5,114420,20,16,4,0.9999650422988184,0.5555555555555556,0.9998601838582264,0.9999126103294591,0.777760298927187,0.9997903197623624,0.9999999734197494,0.9999155188888111
MLP-DANN,44,0.51,114420,20,16,4,0.9999650422988184,0.5555555555555556,0.9998601838582264,0.9999126103294591,0.777760298927187,0.9997903197623624,0.9999999734197494,0.9999155188888111
MLP-DANN,44,0.52,114420,20,16,4,0.9999650422988184,0.5555555555555556,0.9998601838582264,0.9999126103294591,0.777760298927187,0.9997903197623624,0.9999999734197494,0.9999155188888111
MLP-DANN,44,0.53,114420,20,16,4,0.9999650422988184,0.5555555555555556,0.9998601838582264,0.9999126103294591,0.777760298927187,0.9997903197623624,0.9999999734197494,0.9999155188888111
MLP-DANN,44,0.54,114420,20,16,4,0.9999650422988184,0.5555555555555556,0.9998601838582264,0.9999126103294591,0.777760298927187,0.9997903197623624,0.9999999734197494,0.9999155188888111
MLP-DANN,44,0.55,114420,20,16,4,0.9999650422988184,0.5555555555555556,0.9998601838582264,0.9999126103294591,0.777760298927187,0.9997903197623624,0.9999999734197494,0.9999155188888111
MLP-DANN,44,0.56,114420,20,16,4,0.9999650422988184,0.5555555555555556,0.9998601838582264,0.9999126103294591,0.777760298927187,0.9997903197623624,0.9999999734197494,0.9999155188888111
MLP-DANN,44,0.5700000000000001,114420,20,16,4,0.9999650422988184,0.5555555555555556,0.9998601838582264,0.9999126103294591,0.777760298927187,0.9997903197623624,0.9999999734197494,0.9999155188888111
MLP-DANN,44,0.58,114420,20,16,4,0.9999650422988184,0.5555555555555556,0.9998601838582264,0.9999126103294591,0.777760298927187,0.9997903197623624,0.9999999734197494,0.9999155188888111
MLP-DANN,44,0.59,114420,20,16,4,0.9999650422988184,0.5555555555555556,0.9998601838582264,0.9999126103294591,0.777760298927187,0.9997903197623624,0.9999999734197494,0.9999155188888111
MLP-DANN,44,0.6,114420,20,16,4,0.9999650422988184,0.5555555555555556,0.9998601838582264,0.9999126103294591,0.777760298927187,0.9997903197623624,0.9999999734197494,0.9999155188888111
MLP-DANN,44,0.61,114420,21,15,4,0.9999650422988184,0.5833333333333334,0.9998689212216542,0.9999169794502292,0.7916491878160758,0.9997815830857941,0.9999999734197494,0.9999155188888111
MLP-DANN,44,0.62,114420,21,15,4,0.9999650422988184,0.5833333333333334,0.9998689212216542,0.9999169794502292,0.7916491878160758,0.9997815830857941,0.9999999734197494,0.9999155188888111
MLP-DANN,44,0.63,114420,22,14,4,0.9999650422988184,0.6111111111111112,0.9998776587377877,0.9999213486091812,0.8055380767049648,0.9997728464092259,0.9999999734197494,0.9999155188888111
MLP-DANN,44,0.64,114420,23,13,4,0.9999650422988184,0.6388888888888888,0.9998863964066309,0.9999257178063158,0.8194269655938536,0.9997641097326577,0.9999999734197494,0.9999155188888111
MLP-DANN,44,0.65,114420,23,13,4,0.9999650422988184,0.6388888888888888,0.9998863964066309,0.9999257178063158,0.8194269655938536,0.9997641097326577,0.9999999734197494,0.9999155188888111
MLP-DANN,44,0.66,114415,23,13,9,0.9999213451723414,0.6388888888888888,0.9998863914426539,0.9999038680020275,0.8194051170306151,0.9997204263498165,0.9999999734197494,0.9999155188888111
MLP-DANN,44,0.67,114414,23,13,10,0.9999126057470461,0.6388888888888888,0.9998863904498064,0.9998994979265985,0.8194007473179674,0.9997116896732483,0.9999999734197494,0.9999155188888111
MLP-DANN,44,0.68,114410,23,13,14,0.9998776480458645,0.6388888888888888,0.999886386478243,0.9998820172429614,0.8193832684673767,0.9996767429669754,0.9999999734197494,0.9999155188888111
MLP-DANN,44,0.6900000000000001,114409,23,13,15,0.9998689086205691,0.6388888888888888,0.9998863854853087,0.9998776469765694,0.819378898754729,0.9996680062904071,0.9999999734197494,0.9999155188888111
MLP-DANN,44,0.7000000000000001,114409,23,13,15,0.9998689086205691,0.6388888888888888,0.9998863854853087,0.9998776469765694,0.819378898754729,0.9996680062904071,0.9999999734197494,0.9999155188888111
MLP-DANN,44,0.71,114409,23,13,15,0.9998689086205691,0.6388888888888888,0.9998863854853087,0.9998776469765694,0.819378898754729,0.9996680062904071,0.9999999734197494,0.9999155188888111
MLP-DANN,44,0.72,114409,23,13,15,0.9998689086205691,0.6388888888888888,0.9998863854853087,0.9998776469765694,0.819378898754729,0.9996680062904071,0.9999999734197494,0.9999155188888111
MLP-DANN,44,0.73,114409,23,13,15,0.9998689086205691,0.6388888888888888,0.9998863854853087,0.9998776469765694,0.819378898754729,0.9996680062904071,0.9999999734197494,0.9999155188888111
MLP-DANN,44,0.74,114409,23,13,15,0.9998689086205691,0.6388888888888888,0.9998863854853087,0.9998776469765694,0.819378898754729,0.9996680062904071,0.9999999734197494,0.9999155188888111
MLP-DANN,44,0.75,114409,23,13,15,0.9998689086205691,0.6388888888888888,0.9998863854853087,0.9998776469765694,0.819378898754729,0.9996680062904071,0.9999999734197494,0.9999155188888111
MLP-DANN,44,0.76,114409,23,13,15,0.9998689086205691,0.6388888888888888,0.9998863854853087,0.9998776469765694,0.819378898754729,0.9996680062904071,0.9999999734197494,0.9999155188888111
MLP-DANN,44,0.77,114409,23,13,15,0.9998689086205691,0.6388888888888888,0.9998863854853087,0.9998776469765694,0.819378898754729,0.9996680062904071,0.9999999734197494,0.9999155188888111
MLP-DANN,44,0.78,114409,23,13,15,0.9998689086205691,0.6388888888888888,0.9998863854853087,0.9998776469765694,0.819378898754729,0.9996680062904071,0.9999999734197494,0.9999155188888111
MLP-DANN,44,0.79,114409,23,13,15,0.9998689086205691,0.6388888888888888,0.9998863854853087,0.9998776469765694,0.819378898754729,0.9996680062904071,0.9999999734197494,0.9999155188888111
MLP-DANN,44,0.8,114409,24,12,15,0.9998689086205691,0.6666666666666666,0.9998951241467913,0.9998820162118465,0.8332677876436179,0.9996592696138389,0.9999999734197494,0.9999155188888111
MLP-DANN,44,0.81,114409,24,12,15,0.9998689086205691,0.6666666666666666,0.9998951241467913,0.9998820162118465,0.8332677876436179,0.9996592696138389,0.9999999734197494,0.9999155188888111
MLP-DANN,44,0.8200000000000001,114409,24,12,15,0.9998689086205691,0.6666666666666666,0.9998951241467913,0.9998820162118465,0.8332677876436179,0.9996592696138389,0.9999999734197494,0.9999155188888111
MLP-DANN,44,0.8300000000000001,114409,24,12,15,0.9998689086205691,0.6666666666666666,0.9998951241467913,0.9998820162118465,0.8332677876436179,0.9996592696138389,0.9999999734197494,0.9999155188888111
MLP-DANN,44,0.84,114409,24,12,15,0.9998689086205691,0.6666666666666666,0.9998951241467913,0.9998820162118465,0.8332677876436179,0.9996592696138389,0.9999999734197494,0.9999155188888111
MLP-DANN,44,0.85,114409,24,12,15,0.9998689086205691,0.6666666666666666,0.9998951241467913,0.9998820162118465,0.8332677876436179,0.9996592696138389,0.9999999734197494,0.9999155188888111
MLP-DANN,44,0.86,114409,26,10,15,0.9998689086205691,0.7222222222222222,0.9999126019280015,0.9998907547969569,0.8610455654213957,0.9996417962607024,0.9999999734197494,0.9999155188888111
MLP-DANN,44,0.87,114409,29,7,15,0.9998689086205691,0.8055555555555556,0.9999388197454901,0.9999038629610209,0.9027122320880623,0.9996155862309978,0.9999999734197494,0.9999155188888111
MLP-DANN,44,0.88,114409,29,7,15,0.9998689086205691,0.8055555555555556,0.9999388197454901,0.9999038629610209,0.9027122320880623,0.9996155862309978,0.9999999734197494,0.9999155188888111
MLP-DANN,44,0.89,114406,29,7,18,0.999842690344683,0.8055555555555556,0.9999388181412951,0.9998907519325984,0.9026991229501193,0.9995893762012931,0.9999999734197494,0.9999155188888111
MLP-DANN,44,0.9,114399,31,5,25,0.9997815143676152,0.8611111111111112,0.9999562952344324,0.9998688971629346,0.9304463127393632,0.9995107461121789,0.9999999734197494,0.9999155188888111
MLP-DANN,44,0.91,114382,34,2,42,0.9996329441375935,0.9444444444444444,0.9999825150370681,0.9998076990315024,0.972038694291019,0.9993360125808143,0.9999999734197494,0.9999155188888111
MLP-DANN,44,0.92,114382,34,2,42,0.9996329441375935,0.9444444444444444,0.9999825150370681,0.9998076990315024,0.972038694291019,0.9993360125808143,0.9999999734197494,0.9999155188888111
MLP-DANN,44,0.93,114382,35,1,42,0.9996329441375935,0.9722222222222222,0.9999912574421024,0.9998120686867098,0.9859275831799079,0.999327275904246,0.9999999734197494,0.9999155188888111
MLP-DANN,44,0.9400000000000001,76717,36,0,37707,0.6704624903866322,1.0,1.0,0.8027267828461712,0.8352312451933162,0.6702516162851652,0.9999999734197494,0.9999155188888111
MLP-DANN,44,0.9500000000000001,0,36,0,114424,0.0,1.0,0.0,0.0,0.5,0.0,0.9999999734197494,0.9999155188888111
MLP-DANN,44,0.96,0,36,0,114424,0.0,1.0,0.0,0.0,0.5,0.0,0.9999999734197494,0.9999155188888111
MLP-DANN,44,0.97,0,36,0,114424,0.0,1.0,0.0,0.0,0.5,0.0,0.9999999734197494,0.9999155188888111
MLP-DANN,44,0.98,0,36,0,114424,0.0,1.0,0.0,0.0,0.5,0.0,0.9999999734197494,0.9999155188888111
MLP-DANN,44,0.99,0,36,0,114424,0.0,1.0,0.0,0.0,0.5,0.0,0.9999999734197494,0.9999155188888111
MLP-DANN,44,1.0,0,36,0,114424,0.0,1.0,0.0,0.0,0.5,0.0,0.9999999734197494,0.9999155188888111
Attention,44,0.0,114424,0,36,0,1.0,0.0,0.9996854796435436,0.9998427150871184,0.5,1.0,0.9996421632918719,0.8466099769279173
Attention,44,0.01,114424,12,24,0,1.0,0.3333333333333333,0.9997902977771564,0.9998951378936698,0.6666666666666666,0.9998951598811812,0.9996421632918719,0.8466099769279173
Attention,44,0.02,114424,14,22,0,1.0,0.3888888888888889,0.9998077696031316,0.9999038755625465,0.6944444444444444,0.9998776865280448,0.9996421632918719,0.8466099769279173
Attention,44,0.03,114424,14,22,0,1.0,0.3888888888888889,0.9998077696031316,0.9999038755625465,0.6944444444444444,0.9998776865280448,0.9996421632918719,0.8466099769279173
Attention,44,0.04,114424,15,21,0,1.0,0.4166666666666667,0.9998165057451177,0.9999082444542511,0.7083333333333334,0.9998689498514765,0.9996421632918719,0.8466099769279173
Attention,44,0.05,114424,15,21,0,1.0,0.4166666666666667,0.9998165057451177,0.9999082444542511,0.7083333333333334,0.9998689498514765,0.9996421632918719,0.8466099769279173
Attention,44,0.06,114424,15,21,0,1.0,0.4166666666666667,0.9998165057451177,0.9999082444542511,0.7083333333333334,0.9998689498514765,0.9996421632918719,0.8466099769279173
Attention,44,0.07,114424,15,21,0,1.0,0.4166666666666667,0.9998165057451177,0.9999082444542511,0.7083333333333334,0.9998689498514765,0.9996421632918719,0.8466099769279173
Attention,44,0.08,114424,15,21,0,1.0,0.4166666666666667,0.9998165057451177,0.9999082444542511,0.7083333333333334,0.9998689498514765,0.9996421632918719,0.8466099769279173
Attention,44,0.09,114424,15,21,0,1.0,0.4166666666666667,0.9998165057451177,0.9999082444542511,0.7083333333333334,0.9998689498514765,0.9996421632918719,0.8466099769279173
Attention,44,0.1,114424,15,21,0,1.0,0.4166666666666667,0.9998165057451177,0.9999082444542511,0.7083333333333334,0.9998689498514765,0.9996421632918719,0.8466099769279173
Attention,44,0.11,114424,15,21,0,1.0,0.4166666666666667,0.9998165057451177,0.9999082444542511,0.7083333333333334,0.9998689498514765,0.9996421632918719,0.8466099769279173
Attention,44,0.12,114424,15,21,0,1.0,0.4166666666666667,0.9998165057451177,0.9999082444542511,0.7083333333333334,0.9998689498514765,0.9996421632918719,0.8466099769279173
Attention,44,0.13,114424,15,21,0,1.0,0.4166666666666667,0.9998165057451177,0.9999082444542511,0.7083333333333334,0.9998689498514765,0.9996421632918719,0.8466099769279173
Attention,44,0.14,114424,15,21,0,1.0,0.4166666666666667,0.9998165057451177,0.9999082444542511,0.7083333333333334,0.9998689498514765,0.9996421632918719,0.8466099769279173
Attention,44,0.15,114424,15,21,0,1.0,0.4166666666666667,0.9998165057451177,0.9999082444542511,0.7083333333333334,0.9998689498514765,0.9996421632918719,0.8466099769279173
Attention,44,0.16,114424,15,21,0,1.0,0.4166666666666667,0.9998165057451177,0.9999082444542511,0.7083333333333334,0.9998689498514765,0.9996421632918719,0.8466099769279173
Attention,44,0.17,114423,16,20,1,0.9999912605747046,0.4444444444444444,0.9998252405127444,0.9999082436524269,0.7222178525095745,0.99985147649834,0.9996421632918719,0.8466099769279173
Attention,44,0.18,114421,16,20,3,0.9999737817241138,0.4444444444444444,0.9998252374586031,0.9998995040744544,0.7222091130842792,0.9998340031452035,0.9996421632918719,0.8466099769279173
Attention,44,0.19,114421,17,19,3,0.9999737817241138,0.4722222222222222,0.9998339741349178,0.9999038730425056,0.736098001973168,0.9998252664686353,0.9996421632918719,0.8466099769279173
Attention,44,0.2,114421,17,19,3,0.9999737817241138,0.4722222222222222,0.9998339741349178,0.9999038730425056,0.736098001973168,0.9998252664686353,0.9996421632918719,0.8466099769279173
Attention,44,0.21,114421,17,19,3,0.9999737817241138,0.4722222222222222,0.9998339741349178,0.9999038730425056,0.736098001973168,0.9998252664686353,0.9996421632918719,0.8466099769279173
Attention,44,0.22,114421,17,19,3,0.9999737817241138,0.4722222222222222,0.9998339741349178,0.9999038730425056,0.736098001973168,0.9998252664686353,0.9996421632918719,0.8466099769279173
Attention,44,0.23,114421,17,19,3,0.9999737817241138,0.4722222222222222,0.9998339741349178,0.9999038730425056,0.736098001973168,0.9998252664686353,0.9996421632918719,0.8466099769279173
Attention,44,0.24,114421,17,19,3,0.9999737817241138,0.4722222222222222,0.9998339741349178,0.9999038730425056,0.736098001973168,0.9998252664686353,0.9996421632918719,0.8466099769279173
Attention,44,0.25,114421,17,19,3,0.9999737817241138,0.4722222222222222,0.9998339741349178,0.9999038730425056,0.736098001973168,0.9998252664686353,0.9996421632918719,0.8466099769279173
Attention,44,0.26,114421,17,19,3,0.9999737817241138,0.4722222222222222,0.9998339741349178,0.9999038730425056,0.736098001973168,0.9998252664686353,0.9996421632918719,0.8466099769279173
Attention,44,0.27,114421,17,19,3,0.9999737817241138,0.4722222222222222,0.9998339741349178,0.9999038730425056,0.736098001973168,0.9998252664686353,0.9996421632918719,0.8466099769279173
Attention,44,0.28,114421,17,19,3,0.9999737817241138,0.4722222222222222,0.9998339741349178,0.9999038730425056,0.736098001973168,0.9998252664686353,0.9996421632918719,0.8466099769279173
Attention,44,0.29,114421,17,19,3,0.9999737817241138,0.4722222222222222,0.9998339741349178,0.9999038730425056,0.736098001973168,0.9998252664686353,0.9996421632918719,0.8466099769279173
Attention,44,0.3,114421,17,19,3,0.9999737817241138,0.4722222222222222,0.9998339741349178,0.9999038730425056,0.736098001973168,0.9998252664686353,0.9996421632918719,0.8466099769279173
Attention,44,0.31,114421,17,19,3,0.9999737817241138,0.4722222222222222,0.9998339741349178,0.9999038730425056,0.736098001973168,0.9998252664686353,0.9996421632918719,0.8466099769279173
Attention,44,0.32,114421,18,18,3,0.9999737817241138,0.5,0.9998427109639196,0.9999082420487366,0.7499868908620568,0.9998165297920671,0.9996421632918719,0.8466099769279173
Attention,44,0.33,114421,18,18,3,0.9999737817241138,0.5,0.9998427109639196,0.9999082420487366,0.7499868908620568,0.9998165297920671,0.9996421632918719,0.8466099769279173
Attention,44,0.34,114420,18,18,4,0.9999650422988184,0.5,0.9998427095894721,0.9999038722024626,0.7499825211494092,0.9998077931154988,0.9996421632918719,0.8466099769279173
Attention,44,0.35000000000000003,114420,18,18,4,0.9999650422988184,0.5,0.9998427095894721,0.9999038722024626,0.7499825211494092,0.9998077931154988,0.9996421632918719,0.8466099769279173
Attention,44,0.36,114420,19,17,4,0.9999650422988184,0.5277777777777778,0.9998514466475004,0.9999082412468704,0.7638714100382982,0.9997990564389306,0.9996421632918719,0.8466099769279173
Attention,44,0.37,114420,19,17,4,0.9999650422988184,0.5277777777777778,0.9998514466475004,0.9999082412468704,0.7638714100382982,0.9997990564389306,0.9996421632918719,0.8466099769279173
Attention,44,0.38,114420,19,17,4,0.9999650422988184,0.5277777777777778,0.9998514466475004,0.9999082412468704,0.7638714100382982,0.9997990564389306,0.9996421632918719,0.8466099769279173
Attention,44,0.39,114420,20,16,4,0.9999650422988184,0.5555555555555556,0.9998601838582264,0.9999126103294591,0.777760298927187,0.9997903197623624,0.9996421632918719,0.8466099769279173
Attention,44,0.4,114420,20,16,4,0.9999650422988184,0.5555555555555556,0.9998601838582264,0.9999126103294591,0.777760298927187,0.9997903197623624,0.9996421632918719,0.8466099769279173
Attention,44,0.41000000000000003,114420,20,16,4,0.9999650422988184,0.5555555555555556,0.9998601838582264,0.9999126103294591,0.777760298927187,0.9997903197623624,0.9996421632918719,0.8466099769279173
Attention,44,0.42,114420,20,16,4,0.9999650422988184,0.5555555555555556,0.9998601838582264,0.9999126103294591,0.777760298927187,0.9997903197623624,0.9996421632918719,0.8466099769279173
Attention,44,0.43,114420,20,16,4,0.9999650422988184,0.5555555555555556,0.9998601838582264,0.9999126103294591,0.777760298927187,0.9997903197623624,0.9996421632918719,0.8466099769279173
Attention,44,0.44,114420,20,16,4,0.9999650422988184,0.5555555555555556,0.9998601838582264,0.9999126103294591,0.777760298927187,0.9997903197623624,0.9996421632918719,0.8466099769279173
Attention,44,0.45,114420,20,16,4,0.9999650422988184,0.5555555555555556,0.9998601838582264,0.9999126103294591,0.777760298927187,0.9997903197623624,0.9996421632918719,0.8466099769279173
Attention,44,0.46,114420,20,16,4,0.9999650422988184,0.5555555555555556,0.9998601838582264,0.9999126103294591,0.777760298927187,0.9997903197623624,0.9996421632918719,0.8466099769279173
Attention,44,0.47000000000000003,114420,20,16,4,0.9999650422988184,0.5555555555555556,0.9998601838582264,0.9999126103294591,0.777760298927187,0.9997903197623624,0.9996421632918719,0.8466099769279173
Attention,44,0.48,114420,20,16,4,0.9999650422988184,0.5555555555555556,0.9998601838582264,0.9999126103294591,0.777760298927187,0.9997903197623624,0.9996421632918719,0.8466099769279173
Attention,44,0.49,114420,20,16,4,0.9999650422988184,0.5555555555555556,0.9998601838582264,0.9999126103294591,0.777760298927187,0.9997903197623624,0.9996421632918719,0.8466099769279173
Attention,44,0.5,114420,20,16,4,0.9999650422988184,0.5555555555555556,0.9998601838582264,0.9999126103294591,0.777760298927187,0.9997903197623624,0.9996421632918719,0.8466099769279173
Attention,44,0.51,114420,20,16,4,0.9999650422988184,0.5555555555555556,0.9998601838582264,0.9999126103294591,0.777760298927187,0.9997903197623624,0.9996421632918719,0.8466099769279173
Attention,44,0.52,114420,20,16,4,0.9999650422988184,0.5555555555555556,0.9998601838582264,0.9999126103294591,0.777760298927187,0.9997903197623624,0.9996421632918719,0.8466099769279173
Attention,44,0.53,114420,20,16,4,0.9999650422988184,0.5555555555555556,0.9998601838582264,0.9999126103294591,0.777760298927187,0.9997903197623624,0.9996421632918719,0.8466099769279173
Attention,44,0.54,114420,20,16,4,0.9999650422988184,0.5555555555555556,0.9998601838582264,0.9999126103294591,0.777760298927187,0.9997903197623624,0.9996421632918719,0.8466099769279173
Attention,44,0.55,114420,20,16,4,0.9999650422988184,0.5555555555555556,0.9998601838582264,0.9999126103294591,0.777760298927187,0.9997903197623624,0.9996421632918719,0.8466099769279173
Attention,44,0.56,114419,20,16,5,0.999956302873523,0.5555555555555556,0.9998601826364312,0.9999082404449902,0.7777559292145393,0.9997815830857941,0.9996421632918719,0.8466099769279173
Attention,44,0.5700000000000001,114415,20,16,9,0.9999213451723414,0.5555555555555556,0.9998601777490366,0.9998907605252234,0.7777384503639485,0.9997466363795212,0.9996421632918719,0.8466099769279173
Attention,44,0.58,114415,20,16,9,0.9999213451723414,0.5555555555555556,0.9998601777490366,0.9998907605252234,0.7777384503639485,0.9997466363795212,0.9996421632918719,0.8466099769279173
Attention,44,0.59,114414,20,16,10,0.9999126057470461,0.5555555555555556,0.9998601765271345,0.9998863904498064,0.7777340806513009,0.999737899702953,0.9996421632918719,0.8466099769279173
Attention,44,0.6,114410,20,16,14,0.9998776480458645,0.5555555555555556,0.9998601716393127,0.9998689097662224,0.77771660180071,0.9997029529966801,0.9996421632918719,0.8466099769279173
Attention,44,0.61,114409,20,16,15,0.9998689086205691,0.5555555555555556,0.9998601704173039,0.9998645394998449,0.7777122320880623,0.9996942163201118,0.9996421632918719,0.8466099769279173
Attention,44,0.62,114409,20,16,15,0.9998689086205691,0.5555555555555556,0.9998601704173039,0.9998645394998449,0.7777122320880623,0.9996942163201118,0.9996421632918719,0.8466099769279173
Attention,44,0.63,114409,20,16,15,0.9998689086205691,0.5555555555555556,0.9998601704173039,0.9998645394998449,0.7777122320880623,0.9996942163201118,0.9996421632918719,0.8466099769279173
Attention,44,0.64,114409,20,16,15,0.9998689086205691,0.5555555555555556,0.9998601704173039,0.9998645394998449,0.7777122320880623,0.9996942163201118,0.9996421632918719,0.8466099769279173
Attention,44,0.65,114409,20,16,15,0.9998689086205691,0.5555555555555556,0.9998601704173039,0.9998645394998449,0.7777122320880623,0.9996942163201118,0.9996421632918719,0.8466099769279173
Attention,44,0.66,114409,20,16,15,0.9998689086205691,0.5555555555555556,0.9998601704173039,0.9998645394998449,0.7777122320880623,0.9996942163201118,0.9996421632918719,0.8466099769279173
Attention,44,0.67,114409,20,16,15,0.9998689086205691,0.5555555555555556,0.9998601704173039,0.9998645394998449,0.7777122320880623,0.9996942163201118,0.9996421632918719,0.8466099769279173
Attention,44,0.68,114409,20,16,15,0.9998689086205691,0.5555555555555556,0.9998601704173039,0.9998645394998449,0.7777122320880623,0.9996942163201118,0.9996421632918719,0.8466099769279173
Attention,44,0.6900000000000001,114409,20,16,15,0.9998689086205691,0.5555555555555556,0.9998601704173039,0.9998645394998449,0.7777122320880623,0.9996942163201118,0.9996421632918719,0.8466099769279173
Attention,44,0.7000000000000001,114409,20,16,15,0.9998689086205691,0.5555555555555556,0.9998601704173039,0.9998645394998449,0.7777122320880623,0.9996942163201118,0.9996421632918719,0.8466099769279173
Attention,44,0.71,114409,20,16,15,0.9998689086205691,0.5555555555555556,0.9998601704173039,0.9998645394998449,0.7777122320880623,0.9996942163201118,0.9996421632918719,0.8466099769279173
Attention,44,0.72,114409,20,16,15,0.9998689086205691,0.5555555555555556,0.9998601704173039,0.9998645394998449,0.7777122320880623,0.9996942163201118,0.9996421632918719,0.8466099769279173
Attention,44,0.73,114409,21,15,15,0.9998689086205691,0.5833333333333334,0.9998689086205691,0.9998689086205691,0.7916011209769512,0.9996854796435436,0.9996421632918719,0.8466099769279173
Attention,44,0.74,114409,21,15,15,0.9998689086205691,0.5833333333333334,0.9998689086205691,0.9998689086205691,0.7916011209769512,0.9996854796435436,0.9996421632918719,0.8466099769279173
Attention,44,0.75,114409,21,15,15,0.9998689086205691,0.5833333333333334,0.9998689086205691,0.9998689086205691,0.7916011209769512,0.9996854796435436,0.9996421632918719,0.8466099769279173
Attention,44,0.76,114409,22,14,15,0.9998689086205691,0.6111111111111112,0.9998776469765694,0.9998732777794771,0.8054900098658402,0.9996767429669754,0.9996421632918719,0.8466099769279173
Attention,44,0.77,114409,23,13,15,0.9998689086205691,0.6388888888888888,0.9998863854853087,0.9998776469765694,0.819378898754729,0.9996680062904071,0.9996421632918719,0.8466099769279173
Attention,44,0.78,114409,24,12,15,0.9998689086205691,0.6666666666666666,0.9998951241467913,0.9998820162118465,0.8332677876436179,0.9996592696138389,0.9996421632918719,0.8466099769279173
Attention,44,0.79,114409,24,12,15,0.9998689086205691,0.6666666666666666,0.9998951241467913,0.9998820162118465,0.8332677876436179,0.9996592696138389,0.9996421632918719,0.8466099769279173
Attention,44,0.8,114409,24,12,15,0.9998689086205691,0.6666666666666666,0.9998951241467913,0.9998820162118465,0.8332677876436179,0.9996592696138389,0.9996421632918719,0.8466099769279173
Attention,44,0.81,114409,24,12,15,0.9998689086205691,0.6666666666666666,0.9998951241467913,0.9998820162118465,0.8332677876436179,0.9996592696138389,0.9996421632918719,0.8466099769279173
Attention,44,0.8200000000000001,114409,24,12,15,0.9998689086205691,0.6666666666666666,0.9998951241467913,0.9998820162118465,0.8332677876436179,0.9996592696138389,0.9996421632918719,0.8466099769279173
Attention,44,0.8300000000000001,114409,24,12,15,0.9998689086205691,0.6666666666666666,0.9998951241467913,0.9998820162118465,0.8332677876436179,0.9996592696138389,0.9996421632918719,0.8466099769279173
Attention,44,0.84,114409,25,11,15,0.9998689086205691,0.6944444444444444,0.9999038629610209,0.9998863854853087,0.8471566765325067,0.9996505329372707,0.9996421632918719,0.8466099769279173
Attention,44,0.85,114406,27,9,18,0.999842690344683,0.75,0.9999213389852729,0.9998820131183933,0.8749213451723414,0.9996068495544295,0.9996421632918719,0.8466099769279173
Attention,44,0.86,114403,28,8,21,0.9998164720687968,0.7777777777777778,0.9999300766534687,0.9998732711342233,0.8887971249232873,0.9995719028481566,0.9996421632918719,0.8466099769279173
Attention,44,0.87,114396,29,7,28,0.999755296091729,0.8055555555555556,0.9999388127933708,0.9998470460216671,0.9026554258236423,0.9995020094356107,0.9996421632918719,0.8466099769279173
Attention,44,0.88,114382,29,7,42,0.9996329441375935,0.8055555555555556,0.9999388053047059,0.9997858513283773,0.9025942498465745,0.9993796959636554,0.9996421632918719,0.8466099769279173
Attention,44,0.89,97866,30,6,16558,0.8552925959588897,0.8333333333333334,0.9999386954389407,0.9219768624938764,0.8443129646461116,0.8550760090861437,0.9996421632918719,0.8466099769279173
Attention,44,0.9,15242,32,4,99182,0.13320632035237362,0.8888888888888888,0.9997376361012724,0.2350890722603532,0.5110476046206313,0.13319937095928708,0.9996421632918719,0.8466099769279173
Attention,44,0.91,0,32,4,114424,0.0,0.8888888888888888,0.0,0.0,0.4444444444444444,3.4946706272933774e-05,0.9996421632918719,0.8466099769279173
Attention,44,0.92,0,32,4,114424,0.0,0.8888888888888888,0.0,0.0,0.4444444444444444,3.4946706272933774e-05,0.9996421632918719,0.8466099769279173
Attention,44,0.93,0,32,4,114424,0.0,0.8888888888888888,0.0,0.0,0.4444444444444444,3.4946706272933774e-05,0.9996421632918719,0.8466099769279173
Attention,44,0.9400000000000001,0,32,4,114424,0.0,0.8888888888888888,0.0,0.0,0.4444444444444444,3.4946706272933774e-05,0.9996421632918719,0.8466099769279173
Attention,44,0.9500000000000001,0,35,1,114424,0.0,0.9722222222222222,0.0,0.0,0.4861111111111111,8.736676568233443e-06,0.9996421632918719,0.8466099769279173
Attention,44,0.96,0,36,0,114424,0.0,1.0,0.0,0.0,0.5,0.0,0.9996421632918719,0.8466099769279173
Attention,44,0.97,0,36,0,114424,0.0,1.0,0.0,0.0,0.5,0.0,0.9996421632918719,0.8466099769279173
Attention,44,0.98,0,36,0,114424,0.0,1.0,0.0,0.0,0.5,0.0,0.9996421632918719,0.8466099769279173
Attention,44,0.99,0,36,0,114424,0.0,1.0,0.0,0.0,0.5,0.0,0.9996421632918719,0.8466099769279173
Attention,44,1.0,0,36,0,114424,0.0,1.0,0.0,0.0,0.5,0.0,0.9996421632918719,0.8466099769279173
Attention-DANN,44,0.0,114424,0,36,0,1.0,0.0,0.9996854796435436,0.9998427150871184,0.5,1.0,0.9986557834877418,0.48438531737708485
Attention-DANN,44,0.01,114424,0,36,0,1.0,0.0,0.9996854796435436,0.9998427150871184,0.5,1.0,0.9986557834877418,0.48438531737708485
Attention-DANN,44,0.02,114424,0,36,0,1.0,0.0,0.9996854796435436,0.9998427150871184,0.5,1.0,0.9986557834877418,0.48438531737708485
Attention-DANN,44,0.03,114424,0,36,0,1.0,0.0,0.9996854796435436,0.9998427150871184,0.5,1.0,0.9986557834877418,0.48438531737708485
Attention-DANN,44,0.04,114424,0,36,0,1.0,0.0,0.9996854796435436,0.9998427150871184,0.5,1.0,0.9986557834877418,0.48438531737708485
Attention-DANN,44,0.05,114424,0,36,0,1.0,0.0,0.9996854796435436,0.9998427150871184,0.5,1.0,0.9986557834877418,0.48438531737708485
Attention-DANN,44,0.06,114424,0,36,0,1.0,0.0,0.9996854796435436,0.9998427150871184,0.5,1.0,0.9986557834877418,0.48438531737708485
Attention-DANN,44,0.07,114424,0,36,0,1.0,0.0,0.9996854796435436,0.9998427150871184,0.5,1.0,0.9986557834877418,0.48438531737708485
Attention-DANN,44,0.08,114424,0,36,0,1.0,0.0,0.9996854796435436,0.9998427150871184,0.5,1.0,0.9986557834877418,0.48438531737708485
Attention-DANN,44,0.09,114424,0,36,0,1.0,0.0,0.9996854796435436,0.9998427150871184,0.5,1.0,0.9986557834877418,0.48438531737708485
Attention-DANN,44,0.1,114424,0,36,0,1.0,0.0,0.9996854796435436,0.9998427150871184,0.5,1.0,0.9986557834877418,0.48438531737708485
Attention-DANN,44,0.11,114424,0,36,0,1.0,0.0,0.9996854796435436,0.9998427150871184,0.5,1.0,0.9986557834877418,0.48438531737708485
Attention-DANN,44,0.12,114424,0,36,0,1.0,0.0,0.9996854796435436,0.9998427150871184,0.5,1.0,0.9986557834877418,0.48438531737708485
Attention-DANN,44,0.13,114424,0,36,0,1.0,0.0,0.9996854796435436,0.9998427150871184,0.5,1.0,0.9986557834877418,0.48438531737708485
Attention-DANN,44,0.14,114424,0,36,0,1.0,0.0,0.9996854796435436,0.9998427150871184,0.5,1.0,0.9986557834877418,0.48438531737708485
Attention-DANN,44,0.15,114424,0,36,0,1.0,0.0,0.9996854796435436,0.9998427150871184,0.5,1.0,0.9986557834877418,0.48438531737708485
Attention-DANN,44,0.16,114424,0,36,0,1.0,0.0,0.9996854796435436,0.9998427150871184,0.5,1.0,0.9986557834877418,0.48438531737708485
Attention-DANN,44,0.17,114424,1,35,0,1.0,0.027777777777777776,0.9996942136485554,0.9998470834443799,0.5138888888888888,0.9999912633234318,0.9986557834877418,0.48438531737708485
Attention-DANN,44,0.18,114424,1,35,0,1.0,0.027777777777777776,0.9996942136485554,0.9998470834443799,0.5138888888888888,0.9999912633234318,0.9986557834877418,0.48438531737708485
Attention-DANN,44,0.19,114424,1,35,0,1.0,0.027777777777777776,0.9996942136485554,0.9998470834443799,0.5138888888888888,0.9999912633234318,0.9986557834877418,0.48438531737708485
Attention-DANN,44,0.2,114424,2,34,0,1.0,0.05555555555555555,0.9997029478061822,0.9998514518398126,0.5277777777777778,0.9999825266468635,0.9986557834877418,0.48438531737708485
Attention-DANN,44,0.21,114424,3,33,0,1.0,0.08333333333333333,0.999711682116428,0.9998558202734172,0.5416666666666666,0.9999737899702953,0.9986557834877418,0.48438531737708485
Attention-DANN,44,0.22,114424,3,33,0,1.0,0.08333333333333333,0.999711682116428,0.9998558202734172,0.5416666666666666,0.9999737899702953,0.9986557834877418,0.48438531737708485
Attention-DANN,44,0.23,114424,3,33,0,1.0,0.08333333333333333,0.999711682116428,0.9998558202734172,0.5416666666666666,0.9999737899702953,0.9986557834877418,0.48438531737708485
Attention-DANN,44,0.24,114424,4,32,0,1.0,0.1111111111111111,0.9997204165792969,0.999860188745194,0.5555555555555556,0.9999650532937271,0.9986557834877418,0.48438531737708485
Attention-DANN,44,0.25,114424,4,32,0,1.0,0.1111111111111111,0.9997204165792969,0.999860188745194,0.5555555555555556,0.9999650532937271,0.9986557834877418,0.48438531737708485
Attention-DANN,44,0.26,114424,5,31,0,1.0,0.1388888888888889,0.9997291511947927,0.9998645572551436,0.5694444444444444,0.9999563166171588,0.9986557834877418,0.48438531737708485
Attention-DANN,44,0.27,114424,5,31,0,1.0,0.1388888888888889,0.9997291511947927,0.9998645572551436,0.5694444444444444,0.9999563166171588,0.9986557834877418,0.48438531737708485
Attention-DANN,44,0.28,114424,5,31,0,1.0,0.1388888888888889,0.9997291511947927,0.9998645572551436,0.5694444444444444,0.9999563166171588,0.9986557834877418,0.48438531737708485
Attention-DANN,44,0.29,114424,6,30,0,1.0,0.16666666666666666,0.9997378859629196,0.9998689258032664,0.5833333333333334,0.9999475799405906,0.9986557834877418,0.48438531737708485
Attention-DANN,44,0.3,114424,6,30,0,1.0,0.16666666666666666,0.9997378859629196,0.9998689258032664,0.5833333333333334,0.9999475799405906,0.9986557834877418,0.48438531737708485
Attention-DANN,44,0.31,114424,6,30,0,1.0,0.16666666666666666,0.9997378859629196,0.9998689258032664,0.5833333333333334,0.9999475799405906,0.9986557834877418,0.48438531737708485
Attention-DANN,44,0.32,114424,6,30,0,1.0,0.16666666666666666,0.9997378859629196,0.9998689258032664,0.5833333333333334,0.9999475799405906,0.9986557834877418,0.48438531737708485
Attention-DANN,44,0.33,114424,6,30,0,1.0,0.16666666666666666,0.9997378859629196,0.9998689258032664,0.5833333333333334,0.9999475799405906,0.9986557834877418,0.48438531737708485
Attention-DANN,44,0.34,114424,6,30,0,1.0,0.16666666666666666,0.9997378859629196,0.9998689258032664,0.5833333333333334,0.9999475799405906,0.9986557834877418,0.48438531737708485
Attention-DANN,44,0.35000000000000003,114424,6,30,0,1.0,0.16666666666666666,0.9997378859629196,0.9998689258032664,0.5833333333333334,0.9999475799405906,0.9986557834877418,0.48438531737708485
Attention-DANN,44,0.36,114424,6,30,0,1.0,0.16666666666666666,0.9997378859629196,0.9998689258032664,0.5833333333333334,0.9999475799405906,0.9986557834877418,0.48438531737708485
Attention-DANN,44,0.37,114424,6,30,0,1.0,0.16666666666666666,0.9997378859629196,0.9998689258032664,0.5833333333333334,0.9999475799405906,0.9986557834877418,0.48438531737708485
Attention-DANN,44,0.38,114424,6,30,0,1.0,0.16666666666666666,0.9997378859629196,0.9998689258032664,0.5833333333333334,0.9999475799405906,0.9986557834877418,0.48438531737708485
Attention-DANN,44,0.39,114424,6,30,0,1.0,0.16666666666666666,0.9997378859629196,0.9998689258032664,0.5833333333333334,0.9999475799405906,0.9986557834877418,0.48438531737708485
Attention-DANN,44,0.4,114424,6,30,0,1.0,0.16666666666666666,0.9997378859629196,0.9998689258032664,0.5833333333333334,0.9999475799405906,0.9986557834877418,0.48438531737708485
Attention-DANN,44,0.41000000000000003,114424,6,30,0,1.0,0.16666666666666666,0.9997378859629196,0.9998689258032664,0.5833333333333334,0.9999475799405906,0.9986557834877418,0.48438531737708485
Attention-DANN,44,0.42,114424,6,30,0,1.0,0.16666666666666666,0.9997378859629196,0.9998689258032664,0.5833333333333334,0.9999475799405906,0.9986557834877418,0.48438531737708485
Attention-DANN,44,0.43,114424,6,30,0,1.0,0.16666666666666666,0.9997378859629196,0.9998689258032664,0.5833333333333334,0.9999475799405906,0.9986557834877418,0.48438531737708485
Attention-DANN,44,0.44,114424,6,30,0,1.0,0.16666666666666666,0.9997378859629196,0.9998689258032664,0.5833333333333334,0.9999475799405906,0.9986557834877418,0.48438531737708485
Attention-DANN,44,0.45,114424,6,30,0,1.0,0.16666666666666666,0.9997378859629196,0.9998689258032664,0.5833333333333334,0.9999475799405906,0.9986557834877418,0.48438531737708485
Attention-DANN,44,0.46,114424,6,30,0,1.0,0.16666666666666666,0.9997378859629196,0.9998689258032664,0.5833333333333334,0.9999475799405906,0.9986557834877418,0.48438531737708485
Attention-DANN,44,0.47000000000000003,114424,6,30,0,1.0,0.16666666666666666,0.9997378859629196,0.9998689258032664,0.5833333333333334,0.9999475799405906,0.9986557834877418,0.48438531737708485
Attention-DANN,44,0.48,114424,6,30,0,1.0,0.16666666666666666,0.9997378859629196,0.9998689258032664,0.5833333333333334,0.9999475799405906,0.9986557834877418,0.48438531737708485
Attention-DANN,44,0.49,114424,6,30,0,1.0,0.16666666666666666,0.9997378859629196,0.9998689258032664,0.5833333333333334,0.9999475799405906,0.9986557834877418,0.48438531737708485
Attention-DANN,44,0.5,114424,6,30,0,1.0,0.16666666666666666,0.9997378859629196,0.9998689258032664,0.5833333333333334,0.9999475799405906,0.9986557834877418,0.48438531737708485
Attention-DANN,44,0.51,114424,6,30,0,1.0,0.16666666666666666,0.9997378859629196,0.9998689258032664,0.5833333333333334,0.9999475799405906,0.9986557834877418,0.48438531737708485
Attention-DANN,44,0.52,114424,6,30,0,1.0,0.16666666666666666,0.9997378859629196,0.9998689258032664,0.5833333333333334,0.9999475799405906,0.9986557834877418,0.48438531737708485
Attention-DANN,44,0.53,114424,6,30,0,1.0,0.16666666666666666,0.9997378859629196,0.9998689258032664,0.5833333333333334,0.9999475799405906,0.9986557834877418,0.48438531737708485
Attention-DANN,44,0.54,114424,6,30,0,1.0,0.16666666666666666,0.9997378859629196,0.9998689258032664,0.5833333333333334,0.9999475799405906,0.9986557834877418,0.48438531737708485
Attention-DANN,44,0.55,114424,6,30,0,1.0,0.16666666666666666,0.9997378859629196,0.9998689258032664,0.5833333333333334,0.9999475799405906,0.9986557834877418,0.48438531737708485
Attention-DANN,44,0.56,114424,6,30,0,1.0,0.16666666666666666,0.9997378859629196,0.9998689258032664,0.5833333333333334,0.9999475799405906,0.9986557834877418,0.48438531737708485
Attention-DANN,44,0.5700000000000001,114424,6,30,0,1.0,0.16666666666666666,0.9997378859629196,0.9998689258032664,0.5833333333333334,0.9999475799405906,0.9986557834877418,0.48438531737708485
Attention-DANN,44,0.58,114424,7,29,0,1.0,0.19444444444444445,0.9997466208836815,0.999873294389563,0.5972222222222222,0.9999388432640224,0.9986557834877418,0.48438531737708485
Attention-DANN,44,0.59,114424,7,29,0,1.0,0.19444444444444445,0.9997466208836815,0.999873294389563,0.5972222222222222,0.9999388432640224,0.9986557834877418,0.48438531737708485
Attention-DANN,44,0.6,114424,7,29,0,1.0,0.19444444444444445,0.9997466208836815,0.999873294389563,0.5972222222222222,0.9999388432640224,0.9986557834877418,0.48438531737708485
Attention-DANN,44,0.61,114424,8,28,0,1.0,0.2222222222222222,0.9997553559570824,0.9998776630140338,0.6111111111111112,0.9999301065874542,0.9986557834877418,0.48438531737708485
Attention-DANN,44,0.62,114424,8,28,0,1.0,0.2222222222222222,0.9997553559570824,0.9998776630140338,0.6111111111111112,0.9999301065874542,0.9986557834877418,0.48438531737708485
Attention-DANN,44,0.63,114424,9,27,0,1.0,0.25,0.9997640911831264,0.9998820316766794,0.625,0.9999213699108859,0.9986557834877418,0.48438531737708485
Attention-DANN,44,0.64,114424,9,27,0,1.0,0.25,0.9997640911831264,0.9998820316766794,0.625,0.9999213699108859,0.9986557834877418,0.48438531737708485
Attention-DANN,44,0.65,114424,9,27,0,1.0,0.25,0.9997640911831264,0.9998820316766794,0.625,0.9999213699108859,0.9986557834877418,0.48438531737708485
Attention-DANN,44,0.66,114424,12,24,0,1.0,0.3333333333333333,0.9997902977771564,0.9998951378936698,0.6666666666666666,0.9998951598811812,0.9986557834877418,0.48438531737708485
Attention-DANN,44,0.67,114424,12,24,0,1.0,0.3333333333333333,0.9997902977771564,0.9998951378936698,0.6666666666666666,0.9998951598811812,0.9986557834877418,0.48438531737708485
Attention-DANN,44,0.68,114424,12,24,0,1.0,0.3333333333333333,0.9997902977771564,0.9998951378936698,0.6666666666666666,0.9998951598811812,0.9986557834877418,0.48438531737708485
Attention-DANN,44,0.6900000000000001,114424,13,23,0,1.0,0.3611111111111111,0.9997990336138125,0.9998995067090195,0.6805555555555556,0.999886423204613,0.9986557834877418,0.48438531737708485
Attention-DANN,44,0.7000000000000001,114424,14,22,0,1.0,0.3888888888888889,0.9998077696031316,0.9999038755625465,0.6944444444444444,0.9998776865280448,0.9986557834877418,0.48438531737708485
Attention-DANN,44,0.71,114424,14,22,0,1.0,0.3888888888888889,0.9998077696031316,0.9999038755625465,0.6944444444444444,0.9998776865280448,0.9986557834877418,0.48438531737708485
Attention-DANN,44,0.72,114424,14,22,0,1.0,0.3888888888888889,0.9998077696031316,0.9999038755625465,0.6944444444444444,0.9998776865280448,0.9986557834877418,0.48438531737708485
Attention-DANN,44,0.73,114424,14,22,0,1.0,0.3888888888888889,0.9998077696031316,0.9999038755625465,0.6944444444444444,0.9998776865280448,0.9986557834877418,0.48438531737708485
Attention-DANN,44,0.74,114424,14,22,0,1.0,0.3888888888888889,0.9998077696031316,0.9999038755625465,0.6944444444444444,0.9998776865280448,0.9986557834877418,0.48438531737708485
Attention-DANN,44,0.75,114424,14,22,0,1.0,0.3888888888888889,0.9998077696031316,0.9999038755625465,0.6944444444444444,0.9998776865280448,0.9986557834877418,0.48438531737708485
Attention-DANN,44,0.76,38095,18,18,76329,0.3329284066279801,0.5,0.9995277202004565,0.49948537076250354,0.41646420331399003,0.33298095404508127,0.9986557834877418,0.48438531737708485
Attention-DANN,44,0.77,42,19,17,114382,0.00036705586240648816,0.5277777777777778,0.711864406779661,0.0007337333927307985,0.26407241682009214,0.0005154639175257732,0.9986557834877418,0.48438531737708485
Attention-DANN,44,0.78,42,20,16,114382,0.00036705586240648816,0.5555555555555556,0.7241379310344828,0.0007337398018902535,0.27796130570898103,0.0005067272409575397,0.9986557834877418,0.48438531737708485
Attention-DANN,44,0.79,42,20,16,114382,0.00036705586240648816,0.5555555555555556,0.7241379310344828,0.0007337398018902535,0.27796130570898103,0.0005067272409575397,0.9986557834877418,0.48438531737708485
Attention-DANN,44,0.8,42,20,16,114382,0.00036705586240648816,0.5555555555555556,0.7241379310344828,0.0007337398018902535,0.27796130570898103,0.0005067272409575397,0.9986557834877418,0.48438531737708485
Attention-DANN,44,0.81,42,20,16,114382,0.00036705586240648816,0.5555555555555556,0.7241379310344828,0.0007337398018902535,0.27796130570898103,0.0005067272409575397,0.9986557834877418,0.48438531737708485
Attention-DANN,44,0.8200000000000001,39,20,16,114385,0.00034083758652031043,0.5555555555555556,0.7090909090909091,0.0006813476707518409,0.2779481965710379,0.0004805172112528394,0.9986557834877418,0.48438531737708485
Attention-DANN,44,0.8300000000000001,38,20,16,114386,0.0003320981612249179,0.5555555555555556,0.7037037037037037,0.0006638830168241933,0.27794382685839025,0.000471780534684606,0.9986557834877418,0.48438531737708485
Attention-DANN,44,0.84,29,21,15,114395,0.0002534433335663847,0.5833333333333334,0.6590909090909091,0.000506691826536674,0.29179338833344987,0.00038441376900227154,0.9986557834877418,0.48438531737708485
Attention-DANN,44,0.85,20,22,14,114404,0.0001747885059078515,0.6111111111111112,0.5882352941176471,0.00034947316919743486,0.3056429498085095,0.0002970470033199371,0.9986557834877418,0.48438531737708485
Attention-DANN,44,0.86,0,27,9,114424,0.0,0.75,0.0,0.0,0.375,7.8630089114101e-05,0.9986557834877418,0.48438531737708485
Attention-DANN,44,0.87,0,27,9,114424,0.0,0.75,0.0,0.0,0.375,7.8630089114101e-05,0.9986557834877418,0.48438531737708485
Attention-DANN,44,0.88,0,28,8,114424,0.0,0.7777777777777778,0.0,0.0,0.3888888888888889,6.989341254586755e-05,0.9986557834877418,0.48438531737708485
Attention-DANN,44,0.89,0,28,8,114424,0.0,0.7777777777777778,0.0,0.0,0.3888888888888889,6.989341254586755e-05,0.9986557834877418,0.48438531737708485
Attention-DANN,44,0.9,0,33,3,114424,0.0,0.9166666666666666,0.0,0.0,0.4583333333333333,2.6210029704700334e-05,0.9986557834877418,0.48438531737708485
Attention-DANN,44,0.91,0,36,0,114424,0.0,1.0,0.0,0.0,0.5,0.0,0.9986557834877418,0.48438531737708485
Attention-DANN,44,0.92,0,36,0,114424,0.0,1.0,0.0,0.0,0.5,0.0,0.9986557834877418,0.48438531737708485
Attention-DANN,44,0.93,0,36,0,114424,0.0,1.0,0.0,0.0,0.5,0.0,0.9986557834877418,0.48438531737708485
Attention-DANN,44,0.9400000000000001,0,36,0,114424,0.0,1.0,0.0,0.0,0.5,0.0,0.9986557834877418,0.48438531737708485
Attention-DANN,44,0.9500000000000001,0,36,0,114424,0.0,1.0,0.0,0.0,0.5,0.0,0.9986557834877418,0.48438531737708485
Attention-DANN,44,0.96,0,36,0,114424,0.0,1.0,0.0,0.0,0.5,0.0,0.9986557834877418,0.48438531737708485
Attention-DANN,44,0.97,0,36,0,114424,0.0,1.0,0.0,0.0,0.5,0.0,0.9986557834877418,0.48438531737708485
Attention-DANN,44,0.98,0,36,0,114424,0.0,1.0,0.0,0.0,0.5,0.0,0.9986557834877418,0.48438531737708485
Attention-DANN,44,0.99,0,36,0,114424,0.0,1.0,0.0,0.0,0.5,0.0,0.9986557834877418,0.48438531737708485
Attention-DANN,44,1.0,0,36,0,114424,0.0,1.0,0.0,0.0,0.5,0.0,0.9986557834877418,0.48438531737708485
Transformer,44,0.0,114424,0,36,0,1.0,0.0,0.9996854796435436,0.9998427150871184,0.5,1.0,0.9993424429987317,0.4380013031454163
Transformer,44,0.01,114424,0,36,0,1.0,0.0,0.9996854796435436,0.9998427150871184,0.5,1.0,0.9993424429987317,0.4380013031454163
Transformer,44,0.02,114424,0,36,0,1.0,0.0,0.9996854796435436,0.9998427150871184,0.5,1.0,0.9993424429987317,0.4380013031454163
Transformer,44,0.03,114424,0,36,0,1.0,0.0,0.9996854796435436,0.9998427150871184,0.5,1.0,0.9993424429987317,0.4380013031454163
Transformer,44,0.04,114424,0,36,0,1.0,0.0,0.9996854796435436,0.9998427150871184,0.5,1.0,0.9993424429987317,0.4380013031454163
Transformer,44,0.05,114424,0,36,0,1.0,0.0,0.9996854796435436,0.9998427150871184,0.5,1.0,0.9993424429987317,0.4380013031454163
Transformer,44,0.06,114424,0,36,0,1.0,0.0,0.9996854796435436,0.9998427150871184,0.5,1.0,0.9993424429987317,0.4380013031454163
Transformer,44,0.07,114424,0,36,0,1.0,0.0,0.9996854796435436,0.9998427150871184,0.5,1.0,0.9993424429987317,0.4380013031454163
Transformer,44,0.08,114424,0,36,0,1.0,0.0,0.9996854796435436,0.9998427150871184,0.5,1.0,0.9993424429987317,0.4380013031454163
Transformer,44,0.09,114424,0,36,0,1.0,0.0,0.9996854796435436,0.9998427150871184,0.5,1.0,0.9993424429987317,0.4380013031454163
Transformer,44,0.1,114424,0,36,0,1.0,0.0,0.9996854796435436,0.9998427150871184,0.5,1.0,0.9993424429987317,0.4380013031454163
Transformer,44,0.11,114421,0,36,3,0.9999737817241138,0.0,0.9996854713997396,0.9998296057776749,0.4999868908620569,0.9999737899702953,0.9993424429987317,0.4380013031454163
Transformer,44,0.12,114420,3,33,4,0.9999650422988184,0.08333333333333333,0.9997116720400514,0.9998383411177183,0.5416491878160758,0.9999388432640224,0.9993424429987317,0.4380013031454163
Transformer,44,0.13,114420,7,29,4,0.9999650422988184,0.19444444444444445,0.9997466120280649,0.999855815233776,0.5972047433716314,0.9999038965577495,0.9993424429987317,0.4380013031454163
Transformer,44,0.14,114415,7,29,9,0.9999213451723414,0.19444444444444445,0.9997466009576736,0.9998339654298548,0.5971828948083929,0.9998602131749083,0.9993424429987317,0.4380013031454163
Transformer,44,0.15,114415,8,28,9,0.9999213451723414,0.2222222222222222,0.9997553367178421,0.999838334054276,0.6110717836972819,0.99985147649834,0.9993424429987317,0.4380013031454163
Transformer,44,0.16,114415,12,24,9,0.9999213451723414,0.3333333333333333,0.9997902812852262,0.9998558089337289,0.6666273392528373,0.9998165297920671,0.9993424429987317,0.4380013031454163
Transformer,44,0.17,114414,12,24,10,0.9999126057470461,0.3333333333333333,0.9997902794526293,0.9998514388583514,0.6666229695401897,0.9998077931154988,0.9993424429987317,0.4380013031454163
Transformer,44,0.18,112917,12,24,1507,0.9868296860798433,0.3333333333333333,0.9997874996679682,0.9932663338684494,0.6600815097065883,0.9867289882928534,0.9993424429987317,0.4380013031454163
Transformer,44,0.19,96496,12,24,17928,0.8433195833042019,0.3333333333333333,0.9997513468711148,0.9148968446601942,0.5883264583187676,0.843264022365892,0.9993424429987317,0.4380013031454163
Transformer,44,0.2,88691,12,24,25733,0.7751083688736629,0.3333333333333333,0.9997294707772079,0.8732050467906212,0.5542208511034981,0.7750742617508299,0.9993424429987317,0.4380013031454163
Transformer,44,0.21,81946,12,24,32478,0.71616094525624,0.3333333333333333,0.9997072099548615,0.8345061458089351,0.5247471392947867,0.7161453782980954,0.9993424429987317,0.4380013031454163
Transformer,44,0.22,74892,12,24,39532,0.6545130392225407,0.3333333333333333,0.9996796411981419,0.7910848209570086,0.49392318627793697,0.6545168617857767,0.9993424429987317,0.4380013031454163
Transformer,44,0.23,67536,12,24,46888,0.590225826749633,0.3333333333333333,0.9996447602131439,0.74221909618428,0.4617795800414831,0.5902498689498514,0.9993424429987317,0.4380013031454163
Transformer,44,0.24,61145,12,24,53279,0.534372159686779,0.3333333333333333,0.9996076443950367,0.6964400631004652,0.4338527465100561,0.5344137690022716,0.9993424429987317,0.4380013031454163
Transformer,44,0.25,57894,12,24,56530,0.5059602880514578,0.3333333333333333,0.9995856210504507,0.6718501584059603,0.4196468106923955,0.5060108334789446,0.9993424429987317,0.4380013031454163
Transformer,44,0.26,56542,12,24,57882,0.49414458505208697,0.3333333333333333,0.9995757168617191,0.66134861687818,0.41373895919271014,0.49419884675869297,0.9993424429987317,0.4380013031454163
Transformer,44,0.27,54382,12,24,60042,0.475267426414039,0.3333333333333333,0.999558872183215,0.6442219984599893,0.40430037987368617,0.47532762537130874,0.9993424429987317,0.4380013031454163
Transformer,44,0.28,50534,12,24,63890,0.4416381178773684,0.3333333333333333,0.9995252976779144,0.6126001624419634,0.3874857256053509,0.44170889393674645,0.9993424429987317,0.4380013031454163
Transformer,44,0.29,47701,12,24,66723,0.41687932601552125,0.3333333333333333,0.9994971189104243,0.5883600885605215,0.37510632967442725,0.4169578892189411,0.9993424429987317,0.4380013031454163
Transformer,44,0.3,45576,12,24,68848,0.398308047262812,0.3333333333333333,0.9994736842105263,0.5696145578163275,0.3658206902980726,0.39839245151144503,0.9993424429987317,0.4380013031454163
Transformer,44,0.31,44840,13,23,69584,0.39187583024540307,0.3611111111111111,0.9994873280877338,0.5630089084482726,0.3764934706782571,0.391953520880657,0.9993424429987317,0.4380013031454163
Transformer,44,0.32,44262,14,22,70162,0.3868244424246662,0.3888888888888889,0.9995032065757384,0.5577790659576077,0.38785666565677757,0.38689498514764986,0.9993424429987317,0.4380013031454163
Transformer,44,0.33,43879,15,21,70545,0.3834772425365308,0.4166666666666667,0.9995216400911162,0.5542937267881054,0.4000719546015987,0.3835401013454482,0.9993424429987317,0.4380013031454163
Transformer,44,0.34,42426,15,21,71998,0.37077885758232537,0.4166666666666667,0.9995052653897802,0.5409030349777842,0.39372276212449603,0.370845710291805,0.9993424429987317,0.4380013031454163
Transformer,44,0.35000000000000003,40640,15,21,73784,0.3551702440047542,0.4166666666666667,0.9994835345908856,0.5240996872682723,0.38591845533571045,0.3552420059409401,0.9993424429987317,0.4380013031454163
Transformer,44,0.36,38511,15,21,75913,0.33656400755086346,0.4166666666666667,0.9994549984428527,0.5035565783624049,0.37661533710876505,0.3366416215271711,0.9993424429987317,0.4380013031454163
Transformer,44,0.37,37143,15,21,77281,0.32460847374676643,0.4166666666666667,0.9994349370358412,0.49005198300657044,0.37063757020671656,0.3246898479818277,0.9993424429987317,0.4380013031454163
Transformer,44,0.38,35508,15,21,78916,0.31031951338879954,0.4166666666666667,0.9994089335472431,0.47358839102918915,0.3634930900277331,0.31040538179276606,0.9993424429987317,0.4380013031454163
Transformer,44,0.39,33975,15,21,80449,0.29692197441096274,0.4166666666666667,0.9993822802682668,0.45782239590351703,0.3567943205388147,0.29701205661366414,0.9993424429987317,0.4380013031454163
Transformer,44,0.4,33281,17,19,81143,0.2908568132559603,0.4722222222222222,0.9994294294294295,0.4505835206195337,0.3815395177390912,0.29093132972217367,0.9993424429987317,0.4380013031454163
Transformer,44,0.41000000000000003,32833,18,18,81591,0.28694155072362443,0.5,0.9994520714742321,0.44587336615175693,0.3934707753618122,0.28700856194303687,0.9993424429987317,0.4380013031454163
Transformer,44,0.42,32237,18,18,82187,0.2817328532475704,0.5,0.9994419469849636,0.4395584916722912,0.39086642662378523,0.28180150270836973,0.9993424429987317,0.4380013031454163
Transformer,44,0.43,31143,18,18,83281,0.272171921974411,0.5,0.9994223548666602,0.4278325376927568,0.3860859609872055,0.27224357854272235,0.9993424429987317,0.4380013031454163
Transformer,44,0.44,30021,18,18,84403,0.2623662867929805,0.5,0.9994007789873165,0.4156219931747229,0.3811831433964903,0.26244102743316444,0.9993424429987317,0.4380013031454163
Transformer,44,0.45,28905,18,18,85519,0.2526130881633224,0.5,0.999377657919303,0.4032871284365909,0.3763065440816612,0.2526908963830159,0.9993424429987317,0.4380013031454163
Transformer,44,0.46,28220,18,18,86204,0.24662658183597846,0.5,0.9993625610878958,0.39562041749029175,0.37331329091798926,0.246706272933776,0.9993424429987317,0.4380013031454163
Transformer,44,0.47000000000000003,27572,19,17,86852,0.24096343424456407,0.5277777777777778,0.9993838123889957,0.388302479350482,0.3843706060111709,0.2410361698409925,0.9993424429987317,0.4380013031454163
Transformer,44,0.48,27239,19,17,87185,0.23805320562119836,0.5277777777777778,0.9993762841209275,0.38451439864483344,0.3829154916994881,0.23812685654377075,0.9993424429987317,0.4380013031454163
Transformer,44,0.49,25710,19,17,88714,0.2246906243445431,0.5277777777777778,0.9993392156100595,0.36688999721728704,0.37623420106116046,0.2247684780709418,0.9993424429987317,0.4380013031454163
Transformer,44,0.5,23844,19,17,90580,0.20838285674334056,0.5277777777777778,0.9992875403377897,0.3448530209350255,0.3680803172605592,0.2084658395946182,0.9993424429987317,0.4380013031454163
Transformer,44,0.51,21242,19,17,93182,0.18564287212472907,0.5277777777777778,0.9992003386800884,0.3131121805974219,0.35671032495125343,0.1857330071640748,0.9993424429987317,0.4380013031454163
Transformer,44,0.52,21018,19,17,93406,0.18368524085856114,0.5277777777777778,0.9991918231518897,0.3103226806635218,0.35573150931816944,0.18377599161279048,0.9993424429987317,0.4380013031454163
Transformer,44,0.53,17782,20,16,96642,0.15540446060267077,0.5555555555555556,0.9991010225868076,0.26897188062500943,0.3554800080791132,0.15549536956141882,0.9993424429987317,0.4380013031454163
Transformer,44,0.54,17770,20,16,96654,0.15529958749912606,0.5555555555555556,0.9991004160575734,0.26881476438998564,0.35542757152734084,0.15539052944260004,0.9993424429987317,0.4380013031454163
Transformer,44,0.55,17767,21,15,96657,0.1552733692232399,0.5833333333333334,0.9991564503430436,0.26877751387985416,0.3693033512782866,0.1553555827363271,0.9993424429987317,0.4380013031454163
Transformer,44,0.56,17649,21,15,96775,0.15424211703838356,0.5833333333333334,0.9991508152173914,0.2672309369511235,0.36878772518585845,0.15432465490127556,0.9993424429987317,0.4380013031454163
Transformer,44,0.5700000000000001,17446,21,15,96978,0.15246801370341886,0.5833333333333334,0.999140942672241,0.2645638245441104,0.36790067351837613,0.15255110955792417,0.9993424429987317,0.4380013031454163
Transformer,44,0.58,17327,21,15,97097,0.15142802209326714,0.5833333333333334,0.9991350478606851,0.2629965241412808,0.36738067771330024,0.1515114450463044,0.9993424429987317,0.4380013031454163
Transformer,44,0.59,16998,22,14,97426,0.148552751171083,0.6111111111111112,0.9991770514930637,0.2586505980096777,0.3798319311410971,0.14862834177878734,0.9993424429987317,0.4380013031454163
Transformer,44,0.6,16618,22,14,97806,0.14523176955883382,0.6111111111111112,0.9991582491582491,0.25360151385667196,0.3781714403349725,0.14530840468285863,0.9993424429987317,0.4380013031454163
Transformer,44,0.61,16249,22,14,98175,0.14200692162483394,0.6111111111111112,0.9991391502182869,0.24867048750066953,0.37655901636797257,0.1420845710291805,0.9993424429987317,0.4380013031454163
Transformer,44,0.62,16249,23,13,98175,0.14200692162483394,0.6388888888888888,0.9992005903332923,0.24867239030959704,0.3904479052568614,0.14207583435261226,0.9993424429987317,0.4380013031454163
Transformer,44,0.63,16249,23,13,98175,0.14200692162483394,0.6388888888888888,0.9992005903332923,0.24867239030959704,0.3904479052568614,0.14207583435261226,0.9993424429987317,0.4380013031454163
Transformer,44,0.64,16249,23,13,98175,0.14200692162483394,0.6388888888888888,0.9992005903332923,0.24867239030959704,0.3904479052568614,0.14207583435261226,0.9993424429987317,0.4380013031454163
Transformer,44,0.65,16249,25,11,98175,0.14200692162483394,0.6944444444444444,0.9993234932349323,0.24867619601481436,0.4182256830346392,0.1420583609994758,0.9993424429987317,0.4380013031454163
Transformer,44,0.66,16245,25,11,98179,0.14197196392365238,0.6944444444444444,0.9993233267716536,0.24862258953168045,0.4182082041840484,0.14202341429320287,0.9993424429987317,0.4380013031454163
Transformer,44,0.67,16245,25,11,98179,0.14197196392365238,0.6944444444444444,0.9993233267716536,0.24862258953168045,0.4182082041840484,0.14202341429320287,0.9993424429987317,0.4380013031454163
Transformer,44,0.68,15779,25,11,98645,0.13789939173599944,0.6944444444444444,0.9993033565547815,0.24235489271506905,0.4161719180902219,0.13795212301240609,0.9993424429987317,0.4380013031454163
Transformer,44,0.6900000000000001,15356,27,9,99068,0.1342026148360484,0.75,0.9994142531727953,0.2366302229002458,0.4421013074180242,0.13423903547090688,0.9993424429987317,0.4380013031454163
Transformer,44,0.7000000000000001,15263,27,9,99161,0.13338984828357686,0.75,0.9994106862231534,0.23536577843572662,0.44169492414178846,0.13342652455006115,0.9993424429987317,0.4380013031454163
Transformer,44,0.71,15263,27,9,99161,0.13338984828357686,0.75,0.9994106862231534,0.23536577843572662,0.44169492414178846,0.13342652455006115,0.9993424429987317,0.4380013031454163
Transformer,44,0.72,15260,27,9,99164,0.1333636300076907,0.75,0.9994105704368328,0.23532495971255196,0.44168181500384535,0.13340031452035644,0.9993424429987317,0.4380013031454163
Transformer,44,0.73,14116,28,8,100308,0.12336572746976159,0.7777777777777778,0.9994335882186349,0.21962224227525906,0.4505717526237697,0.12339681984972917,0.9993424429987317,0.4380013031454163
Transformer,44,0.74,14116,28,8,100308,0.12336572746976159,0.7777777777777778,0.9994335882186349,0.21962224227525906,0.4505717526237697,0.12339681984972917,0.9993424429987317,0.4380013031454163
Transformer,44,0.75,14099,28,8,100325,0.12321715723973992,0.7777777777777778,0.9994329056496775,0.2193867627265018,0.45049746750875885,0.12324829634806919,0.9993424429987317,0.4380013031454163
Transformer,44,0.76,14099,28,8,100325,0.12321715723973992,0.7777777777777778,0.9994329056496775,0.2193867627265018,0.45049746750875885,0.12324829634806919,0.9993424429987317,0.4380013031454163
Transformer,44,0.77,14099,28,8,100325,0.12321715723973992,0.7777777777777778,0.9994329056496775,0.2193867627265018,0.45049746750875885,0.12324829634806919,0.9993424429987317,0.4380013031454163
Transformer,44,0.78,14099,28,8,100325,0.12321715723973992,0.7777777777777778,0.9994329056496775,0.2193867627265018,0.45049746750875885,0.12324829634806919,0.9993424429987317,0.4380013031454163
Transformer,44,0.79,14099,28,8,100325,0.12321715723973992,0.7777777777777778,0.9994329056496775,0.2193867627265018,0.45049746750875885,0.12324829634806919,0.9993424429987317,0.4380013031454163
Transformer,44,0.8,6612,28,8,107812,0.05778508005313571,0.7777777777777778,0.9987915407854985,0.10924952909685734,0.4177814289154568,0.0578367988817054,0.9993424429987317,0.4380013031454163
Transformer,44,0.81,5879,28,8,108545,0.05137908131161295,0.7777777777777778,0.998641073551894,0.09773004962139788,0.41457842954469537,0.051432814957190286,0.9993424429987317,0.4380013031454163
Transformer,44,0.8200000000000001,5875,28,8,108549,0.05134412361043138,0.7777777777777778,0.9986401495835459,0.09766680243044877,0.4145609506941046,0.05139786825091735,0.9993424429987317,0.4380013031454163
Transformer,44,0.8300000000000001,5875,28,8,108549,0.05134412361043138,0.7777777777777778,0.9986401495835459,0.09766680243044877,0.4145609506941046,0.05139786825091735,0.9993424429987317,0.4380013031454163
Transformer,44,0.84,5856,28,8,108568,0.05117807452981892,0.7777777777777778,0.9986357435197817,0.09736632083000799,0.41447792615379836,0.05123187139612092,0.9993424429987317,0.4380013031454163
Transformer,44,0.85,5812,28,8,108612,0.050793539816821644,0.7777777777777778,0.9986254295532646,0.09667010412161937,0.4142856587972997,0.05084745762711865,0.9993424429987317,0.4380013031454163
Transformer,44,0.86,5811,28,8,108613,0.050784800391526254,0.7777777777777778,0.9986251933321877,0.09665427509293681,0.414281289084652,0.05083872095055041,0.9993424429987317,0.4380013031454163
Transformer,44,0.87,5811,28,8,108613,0.050784800391526254,0.7777777777777778,0.9986251933321877,0.09665427509293681,0.414281289084652,0.05083872095055041,0.9993424429987317,0.4380013031454163
Transformer,44,0.88,5811,28,8,108613,0.050784800391526254,0.7777777777777778,0.9986251933321877,0.09665427509293681,0.414281289084652,0.05083872095055041,0.9993424429987317,0.4380013031454163
Transformer,44,0.89,5791,28,8,108633,0.0506100118856184,0.7777777777777778,0.9986204518020348,0.09633763922044866,0.4141938948316981,0.05066398741918574,0.9993424429987317,0.4380013031454163
Transformer,44,0.9,5755,29,7,108669,0.05029539257498427,0.8055555555555556,0.9987851440472059,0.0957682259164961,0.42792547406526993,0.0503407303861611,0.9993424429987317,0.4380013031454163
Transformer,44,0.91,5754,30,6,108670,0.05028665314968887,0.8333333333333334,0.9989583333333333,0.09575317845969514,0.4418099932415111,0.050323257033024635,0.9993424429987317,0.4380013031454163
Transformer,44,0.92,5006,32,4,109418,0.04374956302873523,0.8888888888888888,0.9992015968063872,0.08382872548855434,0.46631922595881203,0.043770749606849554,0.9993424429987317,0.4380013031454163
Transformer,44,0.93,19,33,3,114405,0.00016604908061245894,0.9166666666666666,0.8636363636363636,0.00033203432186358633,0.45841635787363955,0.00019220688450113577,0.9993424429987317,0.4380013031454163
Transformer,44,0.9400000000000001,18,34,2,114406,0.00015730965531706635,0.9444444444444444,0.9,0.00031456432840515884,0.4723008770498807,0.00017473353136466887,0.9993424429987317,0.4380013031454163
Transformer,44,0.9500000000000001,12,34,2,114412,0.0001048731035447109,0.9444444444444444,0.8571428571428571,0.00020972054737062863,0.47227465877399455,0.00012231347195526822,0.9993424429987317,0.4380013031454163
Transformer,44,0.96,0,36,0,114424,0.0,1.0,0.0,0.0,0.5,0.0,0.9993424429987317,0.4380013031454163
Transformer,44,0.97,0,36,0,114424,0.0,1.0,0.0,0.0,0.5,0.0,0.9993424429987317,0.4380013031454163
Transformer,44,0.98,0,36,0,114424,0.0,1.0,0.0,0.0,0.5,0.0,0.9993424429987317,0.4380013031454163
Transformer,44,0.99,0,36,0,114424,0.0,1.0,0.0,0.0,0.5,0.0,0.9993424429987317,0.4380013031454163
Transformer,44,1.0,0,36,0,114424,0.0,1.0,0.0,0.0,0.5,0.0,0.9993424429987317,0.4380013031454163
Transformer-DANN,44,0.0,114424,0,36,0,1.0,0.0,0.9996854796435436,0.9998427150871184,0.5,1.0,0.998155464695829,0.27781346376440064
Transformer-DANN,44,0.01,114424,0,36,0,1.0,0.0,0.9996854796435436,0.9998427150871184,0.5,1.0,0.998155464695829,0.27781346376440064
Transformer-DANN,44,0.02,114424,0,36,0,1.0,0.0,0.9996854796435436,0.9998427150871184,0.5,1.0,0.998155464695829,0.27781346376440064
Transformer-DANN,44,0.03,114424,0,36,0,1.0,0.0,0.9996854796435436,0.9998427150871184,0.5,1.0,0.998155464695829,0.27781346376440064
Transformer-DANN,44,0.04,114424,0,36,0,1.0,0.0,0.9996854796435436,0.9998427150871184,0.5,1.0,0.998155464695829,0.27781346376440064
Transformer-DANN,44,0.05,114424,0,36,0,1.0,0.0,0.9996854796435436,0.9998427150871184,0.5,1.0,0.998155464695829,0.27781346376440064
Transformer-DANN,44,0.06,114424,0,36,0,1.0,0.0,0.9996854796435436,0.9998427150871184,0.5,1.0,0.998155464695829,0.27781346376440064
Transformer-DANN,44,0.07,114424,0,36,0,1.0,0.0,0.9996854796435436,0.9998427150871184,0.5,1.0,0.998155464695829,0.27781346376440064
Transformer-DANN,44,0.08,114424,0,36,0,1.0,0.0,0.9996854796435436,0.9998427150871184,0.5,1.0,0.998155464695829,0.27781346376440064
Transformer-DANN,44,0.09,114424,0,36,0,1.0,0.0,0.9996854796435436,0.9998427150871184,0.5,1.0,0.998155464695829,0.27781346376440064
Transformer-DANN,44,0.1,114424,0,36,0,1.0,0.0,0.9996854796435436,0.9998427150871184,0.5,1.0,0.998155464695829,0.27781346376440064
Transformer-DANN,44,0.11,114424,0,36,0,1.0,0.0,0.9996854796435436,0.9998427150871184,0.5,1.0,0.998155464695829,0.27781346376440064
Transformer-DANN,44,0.12,114424,0,36,0,1.0,0.0,0.9996854796435436,0.9998427150871184,0.5,1.0,0.998155464695829,0.27781346376440064
Transformer-DANN,44,0.13,114424,0,36,0,1.0,0.0,0.9996854796435436,0.9998427150871184,0.5,1.0,0.998155464695829,0.27781346376440064
Transformer-DANN,44,0.14,114424,0,36,0,1.0,0.0,0.9996854796435436,0.9998427150871184,0.5,1.0,0.998155464695829,0.27781346376440064
Transformer-DANN,44,0.15,114424,0,36,0,1.0,0.0,0.9996854796435436,0.9998427150871184,0.5,1.0,0.998155464695829,0.27781346376440064
Transformer-DANN,44,0.16,114424,0,36,0,1.0,0.0,0.9996854796435436,0.9998427150871184,0.5,1.0,0.998155464695829,0.27781346376440064
Transformer-DANN,44,0.17,114424,0,36,0,1.0,0.0,0.9996854796435436,0.9998427150871184,0.5,1.0,0.998155464695829,0.27781346376440064
Transformer-DANN,44,0.18,114424,0,36,0,1.0,0.0,0.9996854796435436,0.9998427150871184,0.5,1.0,0.998155464695829,0.27781346376440064
Transformer-DANN,44,0.19,114424,0,36,0,1.0,0.0,0.9996854796435436,0.9998427150871184,0.5,1.0,0.998155464695829,0.27781346376440064
Transformer-DANN,44,0.2,114424,0,36,0,1.0,0.0,0.9996854796435436,0.9998427150871184,0.5,1.0,0.998155464695829,0.27781346376440064
Transformer-DANN,44,0.21,114424,0,36,0,1.0,0.0,0.9996854796435436,0.9998427150871184,0.5,1.0,0.998155464695829,0.27781346376440064
Transformer-DANN,44,0.22,114424,0,36,0,1.0,0.0,0.9996854796435436,0.9998427150871184,0.5,1.0,0.998155464695829,0.27781346376440064
Transformer-DANN,44,0.23,114424,0,36,0,1.0,0.0,0.9996854796435436,0.9998427150871184,0.5,1.0,0.998155464695829,0.27781346376440064
Transformer-DANN,44,0.24,114424,0,36,0,1.0,0.0,0.9996854796435436,0.9998427150871184,0.5,1.0,0.998155464695829,0.27781346376440064
Transformer-DANN,44,0.25,114424,0,36,0,1.0,0.0,0.9996854796435436,0.9998427150871184,0.5,1.0,0.998155464695829,0.27781346376440064
Transformer-DANN,44,0.26,114424,0,36,0,1.0,0.0,0.9996854796435436,0.9998427150871184,0.5,1.0,0.998155464695829,0.27781346376440064
Transformer-DANN,44,0.27,114424,0,36,0,1.0,0.0,0.9996854796435436,0.9998427150871184,0.5,1.0,0.998155464695829,0.27781346376440064
Transformer-DANN,44,0.28,114424,0,36,0,1.0,0.0,0.9996854796435436,0.9998427150871184,0.5,1.0,0.998155464695829,0.27781346376440064
Transformer-DANN,44,0.29,114424,0,36,0,1.0,0.0,0.9996854796435436,0.9998427150871184,0.5,1.0,0.998155464695829,0.27781346376440064
Transformer-DANN,44,0.3,114424,0,36,0,1.0,0.0,0.9996854796435436,0.9998427150871184,0.5,1.0,0.998155464695829,0.27781346376440064
Transformer-DANN,44,0.31,114424,0,36,0,1.0,0.0,0.9996854796435436,0.9998427150871184,0.5,1.0,0.998155464695829,0.27781346376440064
Transformer-DANN,44,0.32,114424,0,36,0,1.0,0.0,0.9996854796435436,0.9998427150871184,0.5,1.0,0.998155464695829,0.27781346376440064
Transformer-DANN,44,0.33,114424,0,36,0,1.0,0.0,0.9996854796435436,0.9998427150871184,0.5,1.0,0.998155464695829,0.27781346376440064
Transformer-DANN,44,0.34,114424,0,36,0,1.0,0.0,0.9996854796435436,0.9998427150871184,0.5,1.0,0.998155464695829,0.27781346376440064
Transformer-DANN,44,0.35000000000000003,114424,0,36,0,1.0,0.0,0.9996854796435436,0.9998427150871184,0.5,1.0,0.998155464695829,0.27781346376440064
Transformer-DANN,44,0.36,114424,0,36,0,1.0,0.0,0.9996854796435436,0.9998427150871184,0.5,1.0,0.998155464695829,0.27781346376440064
Transformer-DANN,44,0.37,114424,0,36,0,1.0,0.0,0.9996854796435436,0.9998427150871184,0.5,1.0,0.998155464695829,0.27781346376440064
Transformer-DANN,44,0.38,114424,0,36,0,1.0,0.0,0.9996854796435436,0.9998427150871184,0.5,1.0,0.998155464695829,0.27781346376440064
Transformer-DANN,44,0.39,114424,0,36,0,1.0,0.0,0.9996854796435436,0.9998427150871184,0.5,1.0,0.998155464695829,0.27781346376440064
Transformer-DANN,44,0.4,114424,0,36,0,1.0,0.0,0.9996854796435436,0.9998427150871184,0.5,1.0,0.998155464695829,0.27781346376440064
Transformer-DANN,44,0.41000000000000003,114424,0,36,0,1.0,0.0,0.9996854796435436,0.9998427150871184,0.5,1.0,0.998155464695829,0.27781346376440064
Transformer-DANN,44,0.42,114424,0,36,0,1.0,0.0,0.9996854796435436,0.9998427150871184,0.5,1.0,0.998155464695829,0.27781346376440064
Transformer-DANN,44,0.43,114424,0,36,0,1.0,0.0,0.9996854796435436,0.9998427150871184,0.5,1.0,0.998155464695829,0.27781346376440064
Transformer-DANN,44,0.44,114424,0,36,0,1.0,0.0,0.9996854796435436,0.9998427150871184,0.5,1.0,0.998155464695829,0.27781346376440064
Transformer-DANN,44,0.45,114424,0,36,0,1.0,0.0,0.9996854796435436,0.9998427150871184,0.5,1.0,0.998155464695829,0.27781346376440064
Transformer-DANN,44,0.46,114424,0,36,0,1.0,0.0,0.9996854796435436,0.9998427150871184,0.5,1.0,0.998155464695829,0.27781346376440064
Transformer-DANN,44,0.47000000000000003,114424,0,36,0,1.0,0.0,0.9996854796435436,0.9998427150871184,0.5,1.0,0.998155464695829,0.27781346376440064
Transformer-DANN,44,0.48,114424,0,36,0,1.0,0.0,0.9996854796435436,0.9998427150871184,0.5,1.0,0.998155464695829,0.27781346376440064
Transformer-DANN,44,0.49,114424,0,36,0,1.0,0.0,0.9996854796435436,0.9998427150871184,0.5,1.0,0.998155464695829,0.27781346376440064
Transformer-DANN,44,0.5,114424,0,36,0,1.0,0.0,0.9996854796435436,0.9998427150871184,0.5,1.0,0.998155464695829,0.27781346376440064
Transformer-DANN,44,0.51,114424,0,36,0,1.0,0.0,0.9996854796435436,0.9998427150871184,0.5,1.0,0.998155464695829,0.27781346376440064
Transformer-DANN,44,0.52,114424,0,36,0,1.0,0.0,0.9996854796435436,0.9998427150871184,0.5,1.0,0.998155464695829,0.27781346376440064
Transformer-DANN,44,0.53,114424,0,36,0,1.0,0.0,0.9996854796435436,0.9998427150871184,0.5,1.0,0.998155464695829,0.27781346376440064
Transformer-DANN,44,0.54,114424,0,36,0,1.0,0.0,0.9996854796435436,0.9998427150871184,0.5,1.0,0.998155464695829,0.27781346376440064
Transformer-DANN,44,0.55,114424,0,36,0,1.0,0.0,0.9996854796435436,0.9998427150871184,0.5,1.0,0.998155464695829,0.27781346376440064
Transformer-DANN,44,0.56,114424,0,36,0,1.0,0.0,0.9996854796435436,0.9998427150871184,0.5,1.0,0.998155464695829,0.27781346376440064
Transformer-DANN,44,0.5700000000000001,114424,0,36,0,1.0,0.0,0.9996854796435436,0.9998427150871184,0.5,1.0,0.998155464695829,0.27781346376440064
Transformer-DANN,44,0.58,114424,0,36,0,1.0,0.0,0.9996854796435436,0.9998427150871184,0.5,1.0,0.998155464695829,0.27781346376440064
Transformer-DANN,44,0.59,114424,0,36,0,1.0,0.0,0.9996854796435436,0.9998427150871184,0.5,1.0,0.998155464695829,0.27781346376440064
Transformer-DANN,44,0.6,114424,0,36,0,1.0,0.0,0.9996854796435436,0.9998427150871184,0.5,1.0,0.998155464695829,0.27781346376440064
Transformer-DANN,44,0.61,114424,0,36,0,1.0,0.0,0.9996854796435436,0.9998427150871184,0.5,1.0,0.998155464695829,0.27781346376440064
Transformer-DANN,44,0.62,114424,0,36,0,1.0,0.0,0.9996854796435436,0.9998427150871184,0.5,1.0,0.998155464695829,0.27781346376440064
Transformer-DANN,44,0.63,114424,0,36,0,1.0,0.0,0.9996854796435436,0.9998427150871184,0.5,1.0,0.998155464695829,0.27781346376440064
Transformer-DANN,44,0.64,114424,0,36,0,1.0,0.0,0.9996854796435436,0.9998427150871184,0.5,1.0,0.998155464695829,0.27781346376440064
Transformer-DANN,44,0.65,114424,1,35,0,1.0,0.027777777777777776,0.9996942136485554,0.9998470834443799,0.5138888888888888,0.9999912633234318,0.998155464695829,0.27781346376440064
Transformer-DANN,44,0.66,114424,1,35,0,1.0,0.027777777777777776,0.9996942136485554,0.9998470834443799,0.5138888888888888,0.9999912633234318,0.998155464695829,0.27781346376440064
Transformer-DANN,44,0.67,114424,1,35,0,1.0,0.027777777777777776,0.9996942136485554,0.9998470834443799,0.5138888888888888,0.9999912633234318,0.998155464695829,0.27781346376440064
Transformer-DANN,44,0.68,114424,2,34,0,1.0,0.05555555555555555,0.9997029478061822,0.9998514518398126,0.5277777777777778,0.9999825266468635,0.998155464695829,0.27781346376440064
Transformer-DANN,44,0.6900000000000001,114424,3,33,0,1.0,0.08333333333333333,0.999711682116428,0.9998558202734172,0.5416666666666666,0.9999737899702953,0.998155464695829,0.27781346376440064
Transformer-DANN,44,0.7000000000000001,114424,4,32,0,1.0,0.1111111111111111,0.9997204165792969,0.999860188745194,0.5555555555555556,0.9999650532937271,0.998155464695829,0.27781346376440064
Transformer-DANN,44,0.71,114424,5,31,0,1.0,0.1388888888888889,0.9997291511947927,0.9998645572551436,0.5694444444444444,0.9999563166171588,0.998155464695829,0.27781346376440064
Transformer-DANN,44,0.72,114424,5,31,0,1.0,0.1388888888888889,0.9997291511947927,0.9998645572551436,0.5694444444444444,0.9999563166171588,0.998155464695829,0.27781346376440064
Transformer-DANN,44,0.73,114424,6,30,0,1.0,0.16666666666666666,0.9997378859629196,0.9998689258032664,0.5833333333333334,0.9999475799405906,0.998155464695829,0.27781346376440064
Transformer-DANN,44,0.74,114424,6,30,0,1.0,0.16666666666666666,0.9997378859629196,0.9998689258032664,0.5833333333333334,0.9999475799405906,0.998155464695829,0.27781346376440064
Transformer-DANN,44,0.75,114424,6,30,0,1.0,0.16666666666666666,0.9997378859629196,0.9998689258032664,0.5833333333333334,0.9999475799405906,0.998155464695829,0.27781346376440064
Transformer-DANN,44,0.76,114424,6,30,0,1.0,0.16666666666666666,0.9997378859629196,0.9998689258032664,0.5833333333333334,0.9999475799405906,0.998155464695829,0.27781346376440064
Transformer-DANN,44,0.77,114424,6,30,0,1.0,0.16666666666666666,0.9997378859629196,0.9998689258032664,0.5833333333333334,0.9999475799405906,0.998155464695829,0.27781346376440064
Transformer-DANN,44,0.78,114424,6,30,0,1.0,0.16666666666666666,0.9997378859629196,0.9998689258032664,0.5833333333333334,0.9999475799405906,0.998155464695829,0.27781346376440064
Transformer-DANN,44,0.79,114424,6,30,0,1.0,0.16666666666666666,0.9997378859629196,0.9998689258032664,0.5833333333333334,0.9999475799405906,0.998155464695829,0.27781346376440064
Transformer-DANN,44,0.8,114424,6,30,0,1.0,0.16666666666666666,0.9997378859629196,0.9998689258032664,0.5833333333333334,0.9999475799405906,0.998155464695829,0.27781346376440064
Transformer-DANN,44,0.81,114424,6,30,0,1.0,0.16666666666666666,0.9997378859629196,0.9998689258032664,0.5833333333333334,0.9999475799405906,0.998155464695829,0.27781346376440064
Transformer-DANN,44,0.8200000000000001,114424,6,30,0,1.0,0.16666666666666666,0.9997378859629196,0.9998689258032664,0.5833333333333334,0.9999475799405906,0.998155464695829,0.27781346376440064
Transformer-DANN,44,0.8300000000000001,114424,6,30,0,1.0,0.16666666666666666,0.9997378859629196,0.9998689258032664,0.5833333333333334,0.9999475799405906,0.998155464695829,0.27781346376440064
Transformer-DANN,44,0.84,39,10,26,114385,0.00034083758652031043,0.2777777777777778,0.6,0.0006812881586877342,0.13905930768214905,0.0005678839769351739,0.998155464695829,0.27781346376440064
Transformer-DANN,44,0.85,38,11,25,114386,0.0003320981612249179,0.3055555555555556,0.6031746031746031,0.0006638308279542655,0.15294382685839025,0.000550410623798707,0.998155464695829,0.27781346376440064
Transformer-DANN,44,0.86,0,15,21,114424,0.0,0.4166666666666667,0.0,0.0,0.20833333333333334,0.00018347020793290232,0.998155464695829,0.27781346376440064
Transformer-DANN,44,0.87,0,18,18,114424,0.0,0.5,0.0,0.0,0.25,0.000157260178228202,0.998155464695829,0.27781346376440064
Transformer-DANN,44,0.88,0,21,15,114424,0.0,0.5833333333333334,0.0,0.0,0.2916666666666667,0.00013105014852350167,0.998155464695829,0.27781346376440064
Transformer-DANN,44,0.89,0,21,15,114424,0.0,0.5833333333333334,0.0,0.0,0.2916666666666667,0.00013105014852350167,0.998155464695829,0.27781346376440064
Transformer-DANN,44,0.9,0,23,13,114424,0.0,0.6388888888888888,0.0,0.0,0.3194444444444444,0.00011357679538703477,0.998155464695829,0.27781346376440064
Transformer-DANN,44,0.91,0,36,0,114424,0.0,1.0,0.0,0.0,0.5,0.0,0.998155464695829,0.27781346376440064
Transformer-DANN,44,0.92,0,36,0,114424,0.0,1.0,0.0,0.0,0.5,0.0,0.998155464695829,0.27781346376440064
Transformer-DANN,44,0.93,0,36,0,114424,0.0,1.0,0.0,0.0,0.5,0.0,0.998155464695829,0.27781346376440064
Transformer-DANN,44,0.9400000000000001,0,36,0,114424,0.0,1.0,0.0,0.0,0.5,0.0,0.998155464695829,0.27781346376440064
Transformer-DANN,44,0.9500000000000001,0,36,0,114424,0.0,1.0,0.0,0.0,0.5,0.0,0.998155464695829,0.27781346376440064
Transformer-DANN,44,0.96,0,36,0,114424,0.0,1.0,0.0,0.0,0.5,0.0,0.998155464695829,0.27781346376440064
Transformer-DANN,44,0.97,0,36,0,114424,0.0,1.0,0.0,0.0,0.5,0.0,0.998155464695829,0.27781346376440064
Transformer-DANN,44,0.98,0,36,0,114424,0.0,1.0,0.0,0.0,0.5,0.0,0.998155464695829,0.27781346376440064
Transformer-DANN,44,0.99,0,36,0,114424,0.0,1.0,0.0,0.0,0.5,0.0,0.998155464695829,0.27781346376440064
Transformer-DANN,44,1.0,0,36,0,114424,0.0,1.0,0.0,0.0,0.5,0.0,0.998155464695829,0.27781346376440064
MLP,45,0.0,114424,0,36,0,1.0,0.0,0.9996854796435436,0.9998427150871184,0.5,1.0,0.9993905939591298,0.7537977658144756
MLP,45,0.01,114424,6,30,0,1.0,0.16666666666666666,0.9997378859629196,0.9998689258032664,0.5833333333333334,0.9999475799405906,0.9993905939591298,0.7537977658144756
MLP,45,0.02,114424,6,30,0,1.0,0.16666666666666666,0.9997378859629196,0.9998689258032664,0.5833333333333334,0.9999475799405906,0.9993905939591298,0.7537977658144756
MLP,45,0.03,114424,6,30,0,1.0,0.16666666666666666,0.9997378859629196,0.9998689258032664,0.5833333333333334,0.9999475799405906,0.9993905939591298,0.7537977658144756
MLP,45,0.04,114424,6,30,0,1.0,0.16666666666666666,0.9997378859629196,0.9998689258032664,0.5833333333333334,0.9999475799405906,0.9993905939591298,0.7537977658144756
MLP,45,0.05,114424,6,30,0,1.0,0.16666666666666666,0.9997378859629196,0.9998689258032664,0.5833333333333334,0.9999475799405906,0.9993905939591298,0.7537977658144756
MLP,45,0.06,114424,7,29,0,1.0,0.19444444444444445,0.9997466208836815,0.999873294389563,0.5972222222222222,0.9999388432640224,0.9993905939591298,0.7537977658144756
MLP,45,0.07,114424,11,25,0,1.0,0.3055555555555556,0.9997815620931594,0.9998907691164969,0.6527777777777778,0.9999038965577495,0.9993905939591298,0.7537977658144756
MLP,45,0.08,114424,12,24,0,1.0,0.3333333333333333,0.9997902977771564,0.9998951378936698,0.6666666666666666,0.9998951598811812,0.9993905939591298,0.7537977658144756
MLP,45,0.09,114424,14,22,0,1.0,0.3888888888888889,0.9998077696031316,0.9999038755625465,0.6944444444444444,0.9998776865280448,0.9993905939591298,0.7537977658144756
MLP,45,0.1,114424,14,22,0,1.0,0.3888888888888889,0.9998077696031316,0.9999038755625465,0.6944444444444444,0.9998776865280448,0.9993905939591298,0.7537977658144756
MLP,45,0.11,114424,14,22,0,1.0,0.3888888888888889,0.9998077696031316,0.9999038755625465,0.6944444444444444,0.9998776865280448,0.9993905939591298,0.7537977658144756
MLP,45,0.12,114424,14,22,0,1.0,0.3888888888888889,0.9998077696031316,0.9999038755625465,0.6944444444444444,0.9998776865280448,0.9993905939591298,0.7537977658144756
MLP,45,0.13,114424,14,22,0,1.0,0.3888888888888889,0.9998077696031316,0.9999038755625465,0.6944444444444444,0.9998776865280448,0.9993905939591298,0.7537977658144756
MLP,45,0.14,114424,14,22,0,1.0,0.3888888888888889,0.9998077696031316,0.9999038755625465,0.6944444444444444,0.9998776865280448,0.9993905939591298,0.7537977658144756
MLP,45,0.15,114424,14,22,0,1.0,0.3888888888888889,0.9998077696031316,0.9999038755625465,0.6944444444444444,0.9998776865280448,0.9993905939591298,0.7537977658144756
MLP,45,0.16,114424,14,22,0,1.0,0.3888888888888889,0.9998077696031316,0.9999038755625465,0.6944444444444444,0.9998776865280448,0.9993905939591298,0.7537977658144756
MLP,45,0.17,114424,15,21,0,1.0,0.4166666666666667,0.9998165057451177,0.9999082444542511,0.7083333333333334,0.9998689498514765,0.9993905939591298,0.7537977658144756
MLP,45,0.18,114424,15,21,0,1.0,0.4166666666666667,0.9998165057451177,0.9999082444542511,0.7083333333333334,0.9998689498514765,0.9993905939591298,0.7537977658144756
MLP,45,0.19,114424,15,21,0,1.0,0.4166666666666667,0.9998165057451177,0.9999082444542511,0.7083333333333334,0.9998689498514765,0.9993905939591298,0.7537977658144756
MLP,45,0.2,114424,15,21,0,1.0,0.4166666666666667,0.9998165057451177,0.9999082444542511,0.7083333333333334,0.9998689498514765,0.9993905939591298,0.7537977658144756
MLP,45,0.21,114424,16,20,0,1.0,0.4444444444444444,0.999825242039775,0.9999126133841341,0.7222222222222222,0.9998602131749083,0.9993905939591298,0.7537977658144756
MLP,45,0.22,114424,16,20,0,1.0,0.4444444444444444,0.999825242039775,0.9999126133841341,0.7222222222222222,0.9998602131749083,0.9993905939591298,0.7537977658144756
MLP,45,0.23,114424,16,20,0,1.0,0.4444444444444444,0.999825242039775,0.9999126133841341,0.7222222222222222,0.9998602131749083,0.9993905939591298,0.7537977658144756
MLP,45,0.24,114424,16,20,0,1.0,0.4444444444444444,0.999825242039775,0.9999126133841341,0.7222222222222222,0.9998602131749083,0.9993905939591298,0.7537977658144756
MLP,45,0.25,114424,17,19,0,1.0,0.4722222222222222,0.9998339784871071,0.9999169823521958,0.7361111111111112,0.99985147649834,0.9993905939591298,0.7537977658144756
MLP,45,0.26,114424,18,18,0,1.0,0.5,0.9998427150871184,0.9999213513584368,0.75,0.9998427398217719,0.9993905939591298,0.7537977658144756
MLP,45,0.27,114424,19,17,0,1.0,0.5277777777777778,0.9998514518398126,0.9999257204028575,0.7638888888888888,0.9998340031452035,0.9993905939591298,0.7537977658144756
MLP,45,0.28,114424,19,17,0,1.0,0.5277777777777778,0.9998514518398126,0.9999257204028575,0.7638888888888888,0.9998340031452035,0.9993905939591298,0.7537977658144756
MLP,45,0.29,114424,19,17,0,1.0,0.5277777777777778,0.9998514518398126,0.9999257204028575,0.7638888888888888,0.9998340031452035,0.9993905939591298,0.7537977658144756
MLP,45,0.3,114424,19,17,0,1.0,0.5277777777777778,0.9998514518398126,0.9999257204028575,0.7638888888888888,0.9998340031452035,0.9993905939591298,0.7537977658144756
MLP,45,0.31,114424,19,17,0,1.0,0.5277777777777778,0.9998514518398126,0.9999257204028575,0.7638888888888888,0.9998340031452035,0.9993905939591298,0.7537977658144756
MLP,45,0.32,114424,19,17,0,1.0,0.5277777777777778,0.9998514518398126,0.9999257204028575,0.7638888888888888,0.9998340031452035,0.9993905939591298,0.7537977658144756
MLP,45,0.33,114424,19,17,0,1.0,0.5277777777777778,0.9998514518398126,0.9999257204028575,0.7638888888888888,0.9998340031452035,0.9993905939591298,0.7537977658144756
MLP,45,0.34,114424,19,17,0,1.0,0.5277777777777778,0.9998514518398126,0.9999257204028575,0.7638888888888888,0.9998340031452035,0.9993905939591298,0.7537977658144756
MLP,45,0.35000000000000003,114424,19,17,0,1.0,0.5277777777777778,0.9998514518398126,0.9999257204028575,0.7638888888888888,0.9998340031452035,0.9993905939591298,0.7537977658144756
MLP,45,0.36,114424,19,17,0,1.0,0.5277777777777778,0.9998514518398126,0.9999257204028575,0.7638888888888888,0.9998340031452035,0.9993905939591298,0.7537977658144756
MLP,45,0.37,114424,19,17,0,1.0,0.5277777777777778,0.9998514518398126,0.9999257204028575,0.7638888888888888,0.9998340031452035,0.9993905939591298,0.7537977658144756
MLP,45,0.38,114424,19,17,0,1.0,0.5277777777777778,0.9998514518398126,0.9999257204028575,0.7638888888888888,0.9998340031452035,0.9993905939591298,0.7537977658144756
MLP,45,0.39,114424,19,17,0,1.0,0.5277777777777778,0.9998514518398126,0.9999257204028575,0.7638888888888888,0.9998340031452035,0.9993905939591298,0.7537977658144756
MLP,45,0.4,114423,19,17,1,0.9999912605747046,0.5277777777777778,0.9998514505417686,0.999921350671141,0.7638845191762411,0.9998252664686353,0.9993905939591298,0.7537977658144756
MLP,45,0.41000000000000003,114421,19,17,3,0.9999737817241138,0.5277777777777778,0.9998514479456124,0.9999126110931479,0.7638757797509458,0.9998077931154988,0.9993905939591298,0.7537977658144756
MLP,45,0.42,114421,19,17,3,0.9999737817241138,0.5277777777777778,0.9998514479456124,0.9999126110931479,0.7638757797509458,0.9998077931154988,0.9993905939591298,0.7537977658144756
MLP,45,0.43,114421,19,17,3,0.9999737817241138,0.5277777777777778,0.9998514479456124,0.9999126110931479,0.7638757797509458,0.9998077931154988,0.9993905939591298,0.7537977658144756
MLP,45,0.44,114421,19,17,3,0.9999737817241138,0.5277777777777778,0.9998514479456124,0.9999126110931479,0.7638757797509458,0.9998077931154988,0.9993905939591298,0.7537977658144756
MLP,45,0.45,114421,19,17,3,0.9999737817241138,0.5277777777777778,0.9998514479456124,0.9999126110931479,0.7638757797509458,0.9998077931154988,0.9993905939591298,0.7537977658144756
MLP,45,0.46,114421,19,17,3,0.9999737817241138,0.5277777777777778,0.9998514479456124,0.9999126110931479,0.7638757797509458,0.9998077931154988,0.9993905939591298,0.7537977658144756
MLP,45,0.47000000000000003,114420,19,17,4,0.9999650422988184,0.5277777777777778,0.9998514466475004,0.9999082412468704,0.7638714100382982,0.9997990564389306,0.9993905939591298,0.7537977658144756
MLP,45,0.48,114420,19,17,4,0.9999650422988184,0.5277777777777778,0.9998514466475004,0.9999082412468704,0.7638714100382982,0.9997990564389306,0.9993905939591298,0.7537977658144756
MLP,45,0.49,114420,19,17,4,0.9999650422988184,0.5277777777777778,0.9998514466475004,0.9999082412468704,0.7638714100382982,0.9997990564389306,0.9993905939591298,0.7537977658144756
MLP,45,0.5,114420,19,17,4,0.9999650422988184,0.5277777777777778,0.9998514466475004,0.9999082412468704,0.7638714100382982,0.9997990564389306,0.9993905939591298,0.7537977658144756
MLP,45,0.51,114420,19,17,4,0.9999650422988184,0.5277777777777778,0.9998514466475004,0.9999082412468704,0.7638714100382982,0.9997990564389306,0.9993905939591298,0.7537977658144756
MLP,45,0.52,114420,20,16,4,0.9999650422988184,0.5555555555555556,0.9998601838582264,0.9999126103294591,0.777760298927187,0.9997903197623624,0.9993905939591298,0.7537977658144756
MLP,45,0.53,114416,20,16,8,0.9999300845976369,0.5555555555555556,0.9998601789709173,0.9998951305624497,0.7777428200765962,0.9997553730560894,0.9993905939591298,0.7537977658144756
MLP,45,0.54,114415,20,16,9,0.9999213451723414,0.5555555555555556,0.9998601777490366,0.9998907605252234,0.7777384503639485,0.9997466363795212,0.9993905939591298,0.7537977658144756
MLP,45,0.55,114410,20,16,14,0.9998776480458645,0.5555555555555556,0.9998601716393127,0.9998689097662224,0.77771660180071,0.9997029529966801,0.9993905939591298,0.7537977658144756
MLP,45,0.56,114409,20,16,15,0.9998689086205691,0.5555555555555556,0.9998601704173039,0.9998645394998449,0.7777122320880623,0.9996942163201118,0.9993905939591298,0.7537977658144756
MLP,45,0.5700000000000001,114409,20,16,15,0.9998689086205691,0.5555555555555556,0.9998601704173039,0.9998645394998449,0.7777122320880623,0.9996942163201118,0.9993905939591298,0.7537977658144756
MLP,45,0.58,114409,20,16,15,0.9998689086205691,0.5555555555555556,0.9998601704173039,0.9998645394998449,0.7777122320880623,0.9996942163201118,0.9993905939591298,0.7537977658144756
MLP,45,0.59,114409,20,16,15,0.9998689086205691,0.5555555555555556,0.9998601704173039,0.9998645394998449,0.7777122320880623,0.9996942163201118,0.9993905939591298,0.7537977658144756
MLP,45,0.6,114409,20,16,15,0.9998689086205691,0.5555555555555556,0.9998601704173039,0.9998645394998449,0.7777122320880623,0.9996942163201118,0.9993905939591298,0.7537977658144756
MLP,45,0.61,114409,20,16,15,0.9998689086205691,0.5555555555555556,0.9998601704173039,0.9998645394998449,0.7777122320880623,0.9996942163201118,0.9993905939591298,0.7537977658144756
MLP,45,0.62,114409,20,16,15,0.9998689086205691,0.5555555555555556,0.9998601704173039,0.9998645394998449,0.7777122320880623,0.9996942163201118,0.9993905939591298,0.7537977658144756
MLP,45,0.63,114409,21,15,15,0.9998689086205691,0.5833333333333334,0.9998689086205691,0.9998689086205691,0.7916011209769512,0.9996854796435436,0.9993905939591298,0.7537977658144756
MLP,45,0.64,114409,21,15,15,0.9998689086205691,0.5833333333333334,0.9998689086205691,0.9998689086205691,0.7916011209769512,0.9996854796435436,0.9993905939591298,0.7537977658144756
MLP,45,0.65,114409,22,14,15,0.9998689086205691,0.6111111111111112,0.9998776469765694,0.9998732777794771,0.8054900098658402,0.9996767429669754,0.9993905939591298,0.7537977658144756
MLP,45,0.66,114409,24,12,15,0.9998689086205691,0.6666666666666666,0.9998951241467913,0.9998820162118465,0.8332677876436179,0.9996592696138389,0.9993905939591298,0.7537977658144756
MLP,45,0.67,114409,24,12,15,0.9998689086205691,0.6666666666666666,0.9998951241467913,0.9998820162118465,0.8332677876436179,0.9996592696138389,0.9993905939591298,0.7537977658144756
MLP,45,0.68,114409,24,12,15,0.9998689086205691,0.6666666666666666,0.9998951241467913,0.9998820162118465,0.8332677876436179,0.9996592696138389,0.9993905939591298,0.7537977658144756
MLP,45,0.6900000000000001,114409,24,12,15,0.9998689086205691,0.6666666666666666,0.9998951241467913,0.9998820162118465,0.8332677876436179,0.9996592696138389,0.9993905939591298,0.7537977658144756
MLP,45,0.7000000000000001,114409,24,12,15,0.9998689086205691,0.6666666666666666,0.9998951241467913,0.9998820162118465,0.8332677876436179,0.9996592696138389,0.9993905939591298,0.7537977658144756
MLP,45,0.71,114409,25,11,15,0.9998689086205691,0.6944444444444444,0.9999038629610209,0.9998863854853087,0.8471566765325067,0.9996505329372707,0.9993905939591298,0.7537977658144756
MLP,45,0.72,114409,26,10,15,0.9998689086205691,0.7222222222222222,0.9999126019280015,0.9998907547969569,0.8610455654213957,0.9996417962607024,0.9993905939591298,0.7537977658144756
MLP,45,0.73,88978,26,10,25446,0.7776165839334406,0.7222222222222222,0.999887625297793,0.874854974141152,0.7499194030778313,0.7774593744539577,0.9993905939591298,0.7537977658144756
MLP,45,0.74,25377,28,8,89047,0.2217803957211774,0.7777777777777778,0.9996848532597991,0.3630238396669742,0.4997790867494776,0.22178053468460598,0.9993905939591298,0.7537977658144756
MLP,45,0.75,5762,29,7,108662,0.05035656855205202,0.8055555555555556,0.9987866181313919,0.09587912773622424,0.4279560620538038,0.050401887122138736,0.9993905939591298,0.7537977658144756
MLP,45,0.76,27,29,7,114397,0.00023596448297559953,0.8055555555555556,0.7941176470588235,0.00047178877841653707,0.4028957600192656,0.0002970470033199371,0.9993905939591298,0.7537977658144756
MLP,45,0.77,27,29,7,114397,0.00023596448297559953,0.8055555555555556,0.7941176470588235,0.00047178877841653707,0.4028957600192656,0.0002970470033199371,0.9993905939591298,0.7537977658144756
MLP,45,0.78,22,29,7,114402,0.00019226735649863666,0.8055555555555556,0.7586206896551724,0.00038443727993150024,0.40287391145602713,0.00025336362047876987,0.9993905939591298,0.7537977658144756
MLP,45,0.79,18,29,7,114406,0.00015730965531706635,0.8055555555555556,0.72,0.00031455058585046615,0.4028564326054363,0.0002184169142058361,0.9993905939591298,0.7537977658144756
MLP,45,0.8,0,31,5,114424,0.0,0.8611111111111112,0.0,0.0,0.4305555555555556,4.368338284116722e-05,0.9993905939591298,0.7537977658144756
MLP,45,0.81,0,31,5,114424,0.0,0.8611111111111112,0.0,0.0,0.4305555555555556,4.368338284116722e-05,0.9993905939591298,0.7537977658144756
MLP,45,0.8200000000000001,0,31,5,114424,0.0,0.8611111111111112,0.0,0.0,0.4305555555555556,4.368338284116722e-05,0.9993905939591298,0.7537977658144756
MLP,45,0.8300000000000001,0,31,5,114424,0.0,0.8611111111111112,0.0,0.0,0.4305555555555556,4.368338284116722e-05,0.9993905939591298,0.7537977658144756
MLP,45,0.84,0,31,5,114424,0.0,0.8611111111111112,0.0,0.0,0.4305555555555556,4.368338284116722e-05,0.9993905939591298,0.7537977658144756
MLP,45,0.85,0,31,5,114424,0.0,0.8611111111111112,0.0,0.0,0.4305555555555556,4.368338284116722e-05,0.9993905939591298,0.7537977658144756
MLP,45,0.86,0,32,4,114424,0.0,0.8888888888888888,0.0,0.0,0.4444444444444444,3.4946706272933774e-05,0.9993905939591298,0.7537977658144756
MLP,45,0.87,0,32,4,114424,0.0,0.8888888888888888,0.0,0.0,0.4444444444444444,3.4946706272933774e-05,0.9993905939591298,0.7537977658144756
MLP,45,0.88,0,32,4,114424,0.0,0.8888888888888888,0.0,0.0,0.4444444444444444,3.4946706272933774e-05,0.9993905939591298,0.7537977658144756
MLP,45,0.89,0,32,4,114424,0.0,0.8888888888888888,0.0,0.0,0.4444444444444444,3.4946706272933774e-05,0.9993905939591298,0.7537977658144756
MLP,45,0.9,0,32,4,114424,0.0,0.8888888888888888,0.0,0.0,0.4444444444444444,3.4946706272933774e-05,0.9993905939591298,0.7537977658144756
MLP,45,0.91,0,35,1,114424,0.0,0.9722222222222222,0.0,0.0,0.4861111111111111,8.736676568233443e-06,0.9993905939591298,0.7537977658144756
MLP,45,0.92,0,36,0,114424,0.0,1.0,0.0,0.0,0.5,0.0,0.9993905939591298,0.7537977658144756
MLP,45,0.93,0,36,0,114424,0.0,1.0,0.0,0.0,0.5,0.0,0.9993905939591298,0.7537977658144756
MLP,45,0.9400000000000001,0,36,0,114424,0.0,1.0,0.0,0.0,0.5,0.0,0.9993905939591298,0.7537977658144756
MLP,45,0.9500000000000001,0,36,0,114424,0.0,1.0,0.0,0.0,0.5,0.0,0.9993905939591298,0.7537977658144756
MLP,45,0.96,0,36,0,114424,0.0,1.0,0.0,0.0,0.5,0.0,0.9993905939591298,0.7537977658144756
MLP,45,0.97,0,36,0,114424,0.0,1.0,0.0,0.0,0.5,0.0,0.9993905939591298,0.7537977658144756
MLP,45,0.98,0,36,0,114424,0.0,1.0,0.0,0.0,0.5,0.0,0.9993905939591298,0.7537977658144756
MLP,45,0.99,0,36,0,114424,0.0,1.0,0.0,0.0,0.5,0.0,0.9993905939591298,0.7537977658144756
MLP,45,1.0,0,36,0,114424,0.0,1.0,0.0,0.0,0.5,0.0,0.9993905939591298,0.7537977658144756
MLP-DANN,45,0.0,114424,0,36,0,1.0,0.0,0.9996854796435436,0.9998427150871184,0.5,1.0,0.9999931200312115,0.9848154913110692
MLP-DANN,45,0.01,114424,5,31,0,1.0,0.1388888888888889,0.9997291511947927,0.9998645572551436,0.5694444444444444,0.9999563166171588,0.9999931200312115,0.9848154913110692
MLP-DANN,45,0.02,114424,6,30,0,1.0,0.16666666666666666,0.9997378859629196,0.9998689258032664,0.5833333333333334,0.9999475799405906,0.9999931200312115,0.9848154913110692
MLP-DANN,45,0.03,114424,6,30,0,1.0,0.16666666666666666,0.9997378859629196,0.9998689258032664,0.5833333333333334,0.9999475799405906,0.9999931200312115,0.9848154913110692
MLP-DANN,45,0.04,114424,6,30,0,1.0,0.16666666666666666,0.9997378859629196,0.9998689258032664,0.5833333333333334,0.9999475799405906,0.9999931200312115,0.9848154913110692
MLP-DANN,45,0.05,114424,6,30,0,1.0,0.16666666666666666,0.9997378859629196,0.9998689258032664,0.5833333333333334,0.9999475799405906,0.9999931200312115,0.9848154913110692
MLP-DANN,45,0.06,114424,6,30,0,1.0,0.16666666666666666,0.9997378859629196,0.9998689258032664,0.5833333333333334,0.9999475799405906,0.9999931200312115,0.9848154913110692
MLP-DANN,45,0.07,114424,6,30,0,1.0,0.16666666666666666,0.9997378859629196,0.9998689258032664,0.5833333333333334,0.9999475799405906,0.9999931200312115,0.9848154913110692
MLP-DANN,45,0.08,114424,6,30,0,1.0,0.16666666666666666,0.9997378859629196,0.9998689258032664,0.5833333333333334,0.9999475799405906,0.9999931200312115,0.9848154913110692
MLP-DANN,45,0.09,114424,6,30,0,1.0,0.16666666666666666,0.9997378859629196,0.9998689258032664,0.5833333333333334,0.9999475799405906,0.9999931200312115,0.9848154913110692
MLP-DANN,45,0.1,114424,7,29,0,1.0,0.19444444444444445,0.9997466208836815,0.999873294389563,0.5972222222222222,0.9999388432640224,0.9999931200312115,0.9848154913110692
MLP-DANN,45,0.11,114424,8,28,0,1.0,0.2222222222222222,0.9997553559570824,0.9998776630140338,0.6111111111111112,0.9999301065874542,0.9999931200312115,0.9848154913110692
MLP-DANN,45,0.12,114424,10,26,0,1.0,0.2777777777777778,0.9997728265618174,0.9998864003775003,0.6388888888888888,0.9999126332343177,0.9999931200312115,0.9848154913110692
MLP-DANN,45,0.13,114424,12,24,0,1.0,0.3333333333333333,0.9997902977771564,0.9998951378936698,0.6666666666666666,0.9998951598811812,0.9999931200312115,0.9848154913110692
MLP-DANN,45,0.14,114424,14,22,0,1.0,0.3888888888888889,0.9998077696031316,0.9999038755625465,0.6944444444444444,0.9998776865280448,0.9999931200312115,0.9848154913110692
MLP-DANN,45,0.15,114424,14,22,0,1.0,0.3888888888888889,0.9998077696031316,0.9999038755625465,0.6944444444444444,0.9998776865280448,0.9999931200312115,0.9848154913110692
MLP-DANN,45,0.16,114424,14,22,0,1.0,0.3888888888888889,0.9998077696031316,0.9999038755625465,0.6944444444444444,0.9998776865280448,0.9999931200312115,0.9848154913110692
MLP-DANN,45,0.17,114424,14,22,0,1.0,0.3888888888888889,0.9998077696031316,0.9999038755625465,0.6944444444444444,0.9998776865280448,0.9999931200312115,0.9848154913110692
MLP-DANN,45,0.18,114424,14,22,0,1.0,0.3888888888888889,0.9998077696031316,0.9999038755625465,0.6944444444444444,0.9998776865280448,0.9999931200312115,0.9848154913110692
MLP-DANN,45,0.19,114424,14,22,0,1.0,0.3888888888888889,0.9998077696031316,0.9999038755625465,0.6944444444444444,0.9998776865280448,0.9999931200312115,0.9848154913110692
MLP-DANN,45,0.2,114424,14,22,0,1.0,0.3888888888888889,0.9998077696031316,0.9999038755625465,0.6944444444444444,0.9998776865280448,0.9999931200312115,0.9848154913110692
MLP-DANN,45,0.21,114424,14,22,0,1.0,0.3888888888888889,0.9998077696031316,0.9999038755625465,0.6944444444444444,0.9998776865280448,0.9999931200312115,0.9848154913110692
MLP-DANN,45,0.22,114424,14,22,0,1.0,0.3888888888888889,0.9998077696031316,0.9999038755625465,0.6944444444444444,0.9998776865280448,0.9999931200312115,0.9848154913110692
MLP-DANN,45,0.23,114424,14,22,0,1.0,0.3888888888888889,0.9998077696031316,0.9999038755625465,0.6944444444444444,0.9998776865280448,0.9999931200312115,0.9848154913110692
MLP-DANN,45,0.24,114424,14,22,0,1.0,0.3888888888888889,0.9998077696031316,0.9999038755625465,0.6944444444444444,0.9998776865280448,0.9999931200312115,0.9848154913110692
MLP-DANN,45,0.25,114424,14,22,0,1.0,0.3888888888888889,0.9998077696031316,0.9999038755625465,0.6944444444444444,0.9998776865280448,0.9999931200312115,0.9848154913110692
MLP-DANN,45,0.26,114424,14,22,0,1.0,0.3888888888888889,0.9998077696031316,0.9999038755625465,0.6944444444444444,0.9998776865280448,0.9999931200312115,0.9848154913110692
MLP-DANN,45,0.27,114424,14,22,0,1.0,0.3888888888888889,0.9998077696031316,0.9999038755625465,0.6944444444444444,0.9998776865280448,0.9999931200312115,0.9848154913110692
MLP-DANN,45,0.28,114424,14,22,0,1.0,0.3888888888888889,0.9998077696031316,0.9999038755625465,0.6944444444444444,0.9998776865280448,0.9999931200312115,0.9848154913110692
MLP-DANN,45,0.29,114423,15,21,1,0.9999912605747046,0.4166666666666667,0.9998165041417637,0.9999038747225475,0.7083289636206856,0.9998602131749083,0.9999931200312115,0.9848154913110692
MLP-DANN,45,0.3,114422,15,21,2,0.9999825211494092,0.4166666666666667,0.9998165025383815,0.9998995049526581,0.7083245939080379,0.99985147649834,0.9999931200312115,0.9848154913110692
MLP-DANN,45,0.31,114421,16,20,3,0.9999737817241138,0.4444444444444444,0.9998252374586031,0.9998995040744544,0.7222091130842792,0.9998340031452035,0.9999931200312115,0.9848154913110692
MLP-DANN,45,0.32,114421,17,19,3,0.9999737817241138,0.4722222222222222,0.9998339741349178,0.9999038730425056,0.736098001973168,0.9998252664686353,0.9999931200312115,0.9848154913110692
MLP-DANN,45,0.33,114421,17,19,3,0.9999737817241138,0.4722222222222222,0.9998339741349178,0.9999038730425056,0.736098001973168,0.9998252664686353,0.9999931200312115,0.9848154913110692
MLP-DANN,45,0.34,114421,17,19,3,0.9999737817241138,0.4722222222222222,0.9998339741349178,0.9999038730425056,0.736098001973168,0.9998252664686353,0.9999931200312115,0.9848154913110692
MLP-DANN,45,0.35000000000000003,114421,18,18,3,0.9999737817241138,0.5,0.9998427109639196,0.9999082420487366,0.7499868908620568,0.9998165297920671,0.9999931200312115,0.9848154913110692
MLP-DANN,45,0.36,114421,19,17,3,0.9999737817241138,0.5277777777777778,0.9998514479456124,0.9999126110931479,0.7638757797509458,0.9998077931154988,0.9999931200312115,0.9848154913110692
MLP-DANN,45,0.37,114421,19,17,3,0.9999737817241138,0.5277777777777778,0.9998514479456124,0.9999126110931479,0.7638757797509458,0.9998077931154988,0.9999931200312115,0.9848154913110692
MLP-DANN,45,0.38,114421,19,17,3,0.9999737817241138,0.5277777777777778,0.9998514479456124,0.9999126110931479,0.7638757797509458,0.9998077931154988,0.9999931200312115,0.9848154913110692
MLP-DANN,45,0.39,114421,19,17,3,0.9999737817241138,0.5277777777777778,0.9998514479456124,0.9999126110931479,0.7638757797509458,0.9998077931154988,0.9999931200312115,0.9848154913110692
MLP-DANN,45,0.4,114420,19,17,4,0.9999650422988184,0.5277777777777778,0.9998514466475004,0.9999082412468704,0.7638714100382982,0.9997990564389306,0.9999931200312115,0.9848154913110692
MLP-DANN,45,0.41000000000000003,114420,19,17,4,0.9999650422988184,0.5277777777777778,0.9998514466475004,0.9999082412468704,0.7638714100382982,0.9997990564389306,0.9999931200312115,0.9848154913110692
MLP-DANN,45,0.42,114420,19,17,4,0.9999650422988184,0.5277777777777778,0.9998514466475004,0.9999082412468704,0.7638714100382982,0.9997990564389306,0.9999931200312115,0.9848154913110692
MLP-DANN,45,0.43,114420,19,17,4,0.9999650422988184,0.5277777777777778,0.9998514466475004,0.9999082412468704,0.7638714100382982,0.9997990564389306,0.9999931200312115,0.9848154913110692
MLP-DANN,45,0.44,114420,19,17,4,0.9999650422988184,0.5277777777777778,0.9998514466475004,0.9999082412468704,0.7638714100382982,0.9997990564389306,0.9999931200312115,0.9848154913110692
MLP-DANN,45,0.45,114420,19,17,4,0.9999650422988184,0.5277777777777778,0.9998514466475004,0.9999082412468704,0.7638714100382982,0.9997990564389306,0.9999931200312115,0.9848154913110692
MLP-DANN,45,0.46,114420,19,17,4,0.9999650422988184,0.5277777777777778,0.9998514466475004,0.9999082412468704,0.7638714100382982,0.9997990564389306,0.9999931200312115,0.9848154913110692
MLP-DANN,45,0.47000000000000003,114420,19,17,4,0.9999650422988184,0.5277777777777778,0.9998514466475004,0.9999082412468704,0.7638714100382982,0.9997990564389306,0.9999931200312115,0.9848154913110692
MLP-DANN,45,0.48,114420,19,17,4,0.9999650422988184,0.5277777777777778,0.9998514466475004,0.9999082412468704,0.7638714100382982,0.9997990564389306,0.9999931200312115,0.9848154913110692
MLP-DANN,45,0.49,114420,19,17,4,0.9999650422988184,0.5277777777777778,0.9998514466475004,0.9999082412468704,0.7638714100382982,0.9997990564389306,0.9999931200312115,0.9848154913110692
MLP-DANN,45,0.5,114420,19,17,4,0.9999650422988184,0.5277777777777778,0.9998514466475004,0.9999082412468704,0.7638714100382982,0.9997990564389306,0.9999931200312115,0.9848154913110692
MLP-DANN,45,0.51,114420,19,17,4,0.9999650422988184,0.5277777777777778,0.9998514466475004,0.9999082412468704,0.7638714100382982,0.9997990564389306,0.9999931200312115,0.9848154913110692
MLP-DANN,45,0.52,114420,19,17,4,0.9999650422988184,0.5277777777777778,0.9998514466475004,0.9999082412468704,0.7638714100382982,0.9997990564389306,0.9999931200312115,0.9848154913110692
MLP-DANN,45,0.53,114420,19,17,4,0.9999650422988184,0.5277777777777778,0.9998514466475004,0.9999082412468704,0.7638714100382982,0.9997990564389306,0.9999931200312115,0.9848154913110692
MLP-DANN,45,0.54,114420,19,17,4,0.9999650422988184,0.5277777777777778,0.9998514466475004,0.9999082412468704,0.7638714100382982,0.9997990564389306,0.9999931200312115,0.9848154913110692
MLP-DANN,45,0.55,114420,19,17,4,0.9999650422988184,0.5277777777777778,0.9998514466475004,0.9999082412468704,0.7638714100382982,0.9997990564389306,0.9999931200312115,0.9848154913110692
MLP-DANN,45,0.56,114420,19,17,4,0.9999650422988184,0.5277777777777778,0.9998514466475004,0.9999082412468704,0.7638714100382982,0.9997990564389306,0.9999931200312115,0.9848154913110692
MLP-DANN,45,0.5700000000000001,114420,19,17,4,0.9999650422988184,0.5277777777777778,0.9998514466475004,0.9999082412468704,0.7638714100382982,0.9997990564389306,0.9999931200312115,0.9848154913110692
MLP-DANN,45,0.58,114420,19,17,4,0.9999650422988184,0.5277777777777778,0.9998514466475004,0.9999082412468704,0.7638714100382982,0.9997990564389306,0.9999931200312115,0.9848154913110692
MLP-DANN,45,0.59,114420,19,17,4,0.9999650422988184,0.5277777777777778,0.9998514466475004,0.9999082412468704,0.7638714100382982,0.9997990564389306,0.9999931200312115,0.9848154913110692
MLP-DANN,45,0.6,114420,19,17,4,0.9999650422988184,0.5277777777777778,0.9998514466475004,0.9999082412468704,0.7638714100382982,0.9997990564389306,0.9999931200312115,0.9848154913110692
MLP-DANN,45,0.61,114420,19,17,4,0.9999650422988184,0.5277777777777778,0.9998514466475004,0.9999082412468704,0.7638714100382982,0.9997990564389306,0.9999931200312115,0.9848154913110692
MLP-DANN,45,0.62,114419,20,16,5,0.999956302873523,0.5555555555555556,0.9998601826364312,0.9999082404449902,0.7777559292145393,0.9997815830857941,0.9999931200312115,0.9848154913110692
MLP-DANN,45,0.63,114415,20,16,9,0.9999213451723414,0.5555555555555556,0.9998601777490366,0.9998907605252234,0.7777384503639485,0.9997466363795212,0.9999931200312115,0.9848154913110692
MLP-DANN,45,0.64,114415,20,16,9,0.9999213451723414,0.5555555555555556,0.9998601777490366,0.9998907605252234,0.7777384503639485,0.9997466363795212,0.9999931200312115,0.9848154913110692
MLP-DANN,45,0.65,114414,21,15,10,0.9999126057470461,0.5833333333333334,0.9998689143486355,0.9998907595705541,0.7916229695401897,0.9997291630263848,0.9999931200312115,0.9848154913110692
MLP-DANN,45,0.66,114410,22,14,14,0.9998776480458645,0.6111111111111112,0.9998776480458645,0.9998776480458645,0.8054943795784879,0.9996854796435436,0.9999931200312115,0.9848154913110692
MLP-DANN,45,0.67,114409,22,14,15,0.9998689086205691,0.6111111111111112,0.9998776469765694,0.9998732777794771,0.8054900098658402,0.9996767429669754,0.9999931200312115,0.9848154913110692
MLP-DANN,45,0.68,114409,23,13,15,0.9998689086205691,0.6388888888888888,0.9998863854853087,0.9998776469765694,0.819378898754729,0.9996680062904071,0.9999931200312115,0.9848154913110692
MLP-DANN,45,0.6900000000000001,114409,23,13,15,0.9998689086205691,0.6388888888888888,0.9998863854853087,0.9998776469765694,0.819378898754729,0.9996680062904071,0.9999931200312115,0.9848154913110692
MLP-DANN,45,0.7000000000000001,114409,23,13,15,0.9998689086205691,0.6388888888888888,0.9998863854853087,0.9998776469765694,0.819378898754729,0.9996680062904071,0.9999931200312115,0.9848154913110692
MLP-DANN,45,0.71,114409,23,13,15,0.9998689086205691,0.6388888888888888,0.9998863854853087,0.9998776469765694,0.819378898754729,0.9996680062904071,0.9999931200312115,0.9848154913110692
MLP-DANN,45,0.72,114409,23,13,15,0.9998689086205691,0.6388888888888888,0.9998863854853087,0.9998776469765694,0.819378898754729,0.9996680062904071,0.9999931200312115,0.9848154913110692
MLP-DANN,45,0.73,114409,23,13,15,0.9998689086205691,0.6388888888888888,0.9998863854853087,0.9998776469765694,0.819378898754729,0.9996680062904071,0.9999931200312115,0.9848154913110692
MLP-DANN,45,0.74,114409,23,13,15,0.9998689086205691,0.6388888888888888,0.9998863854853087,0.9998776469765694,0.819378898754729,0.9996680062904071,0.9999931200312115,0.9848154913110692
MLP-DANN,45,0.75,114409,23,13,15,0.9998689086205691,0.6388888888888888,0.9998863854853087,0.9998776469765694,0.819378898754729,0.9996680062904071,0.9999931200312115,0.9848154913110692
MLP-DANN,45,0.76,114409,23,13,15,0.9998689086205691,0.6388888888888888,0.9998863854853087,0.9998776469765694,0.819378898754729,0.9996680062904071,0.9999931200312115,0.9848154913110692
MLP-DANN,45,0.77,114409,23,13,15,0.9998689086205691,0.6388888888888888,0.9998863854853087,0.9998776469765694,0.819378898754729,0.9996680062904071,0.9999931200312115,0.9848154913110692
MLP-DANN,45,0.78,114409,23,13,15,0.9998689086205691,0.6388888888888888,0.9998863854853087,0.9998776469765694,0.819378898754729,0.9996680062904071,0.9999931200312115,0.9848154913110692
MLP-DANN,45,0.79,114409,23,13,15,0.9998689086205691,0.6388888888888888,0.9998863854853087,0.9998776469765694,0.819378898754729,0.9996680062904071,0.9999931200312115,0.9848154913110692
MLP-DANN,45,0.8,114409,23,13,15,0.9998689086205691,0.6388888888888888,0.9998863854853087,0.9998776469765694,0.819378898754729,0.9996680062904071,0.9999931200312115,0.9848154913110692
MLP-DANN,45,0.81,114409,24,12,15,0.9998689086205691,0.6666666666666666,0.9998951241467913,0.9998820162118465,0.8332677876436179,0.9996592696138389,0.9999931200312115,0.9848154913110692
MLP-DANN,45,0.8200000000000001,114409,24,12,15,0.9998689086205691,0.6666666666666666,0.9998951241467913,0.9998820162118465,0.8332677876436179,0.9996592696138389,0.9999931200312115,0.9848154913110692
MLP-DANN,45,0.8300000000000001,114409,24,12,15,0.9998689086205691,0.6666666666666666,0.9998951241467913,0.9998820162118465,0.8332677876436179,0.9996592696138389,0.9999931200312115,0.9848154913110692
MLP-DANN,45,0.84,114409,24,12,15,0.9998689086205691,0.6666666666666666,0.9998951241467913,0.9998820162118465,0.8332677876436179,0.9996592696138389,0.9999931200312115,0.9848154913110692
MLP-DANN,45,0.85,114406,25,11,18,0.999842690344683,0.6944444444444444,0.9999038604403192,0.9998732744569373,0.8471435673945638,0.999624322907566,0.9999931200312115,0.9848154913110692
MLP-DANN,45,0.86,114403,28,8,21,0.9998164720687968,0.7777777777777778,0.9999300766534687,0.9998732711342233,0.8887971249232873,0.9995719028481566,0.9999931200312115,0.9848154913110692
MLP-DANN,45,0.87,114396,32,4,28,0.999755296091729,0.8888888888888888,0.999965034965035,0.9998601545292451,0.9443220924903089,0.999475799405906,0.9999931200312115,0.9848154913110692
MLP-DANN,45,0.88,114382,34,2,42,0.9996329441375935,0.9444444444444444,0.9999825150370681,0.9998076990315024,0.972038694291019,0.9993360125808143,0.9999931200312115,0.9848154913110692
MLP-DANN,45,0.89,114382,34,2,42,0.9996329441375935,0.9444444444444444,0.9999825150370681,0.9998076990315024,0.972038694291019,0.9993360125808143,0.9999931200312115,0.9848154913110692
MLP-DANN,45,0.9,114382,35,1,42,0.9996329441375935,0.9722222222222222,0.9999912574421024,0.9998120686867098,0.9859275831799079,0.999327275904246,0.9999931200312115,0.9848154913110692
MLP-DANN,45,0.91,70370,35,1,44054,0.6149933580367755,0.9722222222222222,0.9999857896008298,0.7616006926594334,0.7936077901294989,0.6148086667831557,0.9999931200312115,0.9848154913110692
MLP-DANN,45,0.92,0,36,0,114424,0.0,1.0,0.0,0.0,0.5,0.0,0.9999931200312115,0.9848154913110692
MLP-DANN,45,0.93,0,36,0,114424,0.0,1.0,0.0,0.0,0.5,0.0,0.9999931200312115,0.9848154913110692
MLP-DANN,45,0.9400000000000001,0,36,0,114424,0.0,1.0,0.0,0.0,0.5,0.0,0.9999931200312115,0.9848154913110692
MLP-DANN,45,0.9500000000000001,0,36,0,114424,0.0,1.0,0.0,0.0,0.5,0.0,0.9999931200312115,0.9848154913110692
MLP-DANN,45,0.96,0,36,0,114424,0.0,1.0,0.0,0.0,0.5,0.0,0.9999931200312115,0.9848154913110692
MLP-DANN,45,0.97,0,36,0,114424,0.0,1.0,0.0,0.0,0.5,0.0,0.9999931200312115,0.9848154913110692
MLP-DANN,45,0.98,0,36,0,114424,0.0,1.0,0.0,0.0,0.5,0.0,0.9999931200312115,0.9848154913110692
MLP-DANN,45,0.99,0,36,0,114424,0.0,1.0,0.0,0.0,0.5,0.0,0.9999931200312115,0.9848154913110692
MLP-DANN,45,1.0,0,36,0,114424,0.0,1.0,0.0,0.0,0.5,0.0,0.9999931200312115,0.9848154913110692
Attention,45,0.0,114424,0,36,0,1.0,0.0,0.9996854796435436,0.9998427150871184,0.5,1.0,0.9991219673869939,0.6759734263208185
Attention,45,0.01,114424,0,36,0,1.0,0.0,0.9996854796435436,0.9998427150871184,0.5,1.0,0.9991219673869939,0.6759734263208185
Attention,45,0.02,114424,0,36,0,1.0,0.0,0.9996854796435436,0.9998427150871184,0.5,1.0,0.9991219673869939,0.6759734263208185
Attention,45,0.03,114424,2,34,0,1.0,0.05555555555555555,0.9997029478061822,0.9998514518398126,0.5277777777777778,0.9999825266468635,0.9991219673869939,0.6759734263208185
Attention,45,0.04,114424,6,30,0,1.0,0.16666666666666666,0.9997378859629196,0.9998689258032664,0.5833333333333334,0.9999475799405906,0.9991219673869939,0.6759734263208185
Attention,45,0.05,114424,6,30,0,1.0,0.16666666666666666,0.9997378859629196,0.9998689258032664,0.5833333333333334,0.9999475799405906,0.9991219673869939,0.6759734263208185
Attention,45,0.06,114424,6,30,0,1.0,0.16666666666666666,0.9997378859629196,0.9998689258032664,0.5833333333333334,0.9999475799405906,0.9991219673869939,0.6759734263208185
Attention,45,0.07,114424,6,30,0,1.0,0.16666666666666666,0.9997378859629196,0.9998689258032664,0.5833333333333334,0.9999475799405906,0.9991219673869939,0.6759734263208185
Attention,45,0.08,114424,10,26,0,1.0,0.2777777777777778,0.9997728265618174,0.9998864003775003,0.6388888888888888,0.9999126332343177,0.9991219673869939,0.6759734263208185
Attention,45,0.09,114424,10,26,0,1.0,0.2777777777777778,0.9997728265618174,0.9998864003775003,0.6388888888888888,0.9999126332343177,0.9991219673869939,0.6759734263208185
Attention,45,0.1,114424,10,26,0,1.0,0.2777777777777778,0.9997728265618174,0.9998864003775003,0.6388888888888888,0.9999126332343177,0.9991219673869939,0.6759734263208185
Attention,45,0.11,114424,10,26,0,1.0,0.2777777777777778,0.9997728265618174,0.9998864003775003,0.6388888888888888,0.9999126332343177,0.9991219673869939,0.6759734263208185
Attention,45,0.12,114424,12,24,0,1.0,0.3333333333333333,0.9997902977771564,0.9998951378936698,0.6666666666666666,0.9998951598811812,0.9991219673869939,0.6759734263208185
Attention,45,0.13,114424,14,22,0,1.0,0.3888888888888889,0.9998077696031316,0.9999038755625465,0.6944444444444444,0.9998776865280448,0.9991219673869939,0.6759734263208185
Attention,45,0.14,114424,15,21,0,1.0,0.4166666666666667,0.9998165057451177,0.9999082444542511,0.7083333333333334,0.9998689498514765,0.9991219673869939,0.6759734263208185
Attention,45,0.15,114424,15,21,0,1.0,0.4166666666666667,0.9998165057451177,0.9999082444542511,0.7083333333333334,0.9998689498514765,0.9991219673869939,0.6759734263208185
Attention,45,0.16,114424,15,21,0,1.0,0.4166666666666667,0.9998165057451177,0.9999082444542511,0.7083333333333334,0.9998689498514765,0.9991219673869939,0.6759734263208185
Attention,45,0.17,114424,15,21,0,1.0,0.4166666666666667,0.9998165057451177,0.9999082444542511,0.7083333333333334,0.9998689498514765,0.9991219673869939,0.6759734263208185
Attention,45,0.18,114424,15,21,0,1.0,0.4166666666666667,0.9998165057451177,0.9999082444542511,0.7083333333333334,0.9998689498514765,0.9991219673869939,0.6759734263208185
Attention,45,0.19,114424,15,21,0,1.0,0.4166666666666667,0.9998165057451177,0.9999082444542511,0.7083333333333334,0.9998689498514765,0.9991219673869939,0.6759734263208185
Attention,45,0.2,114424,15,21,0,1.0,0.4166666666666667,0.9998165057451177,0.9999082444542511,0.7083333333333334,0.9998689498514765,0.9991219673869939,0.6759734263208185
Attention,45,0.21,114424,15,21,0,1.0,0.4166666666666667,0.9998165057451177,0.9999082444542511,0.7083333333333334,0.9998689498514765,0.9991219673869939,0.6759734263208185
Attention,45,0.22,114424,15,21,0,1.0,0.4166666666666667,0.9998165057451177,0.9999082444542511,0.7083333333333334,0.9998689498514765,0.9991219673869939,0.6759734263208185
Attention,45,0.23,114424,15,21,0,1.0,0.4166666666666667,0.9998165057451177,0.9999082444542511,0.7083333333333334,0.9998689498514765,0.9991219673869939,0.6759734263208185
Attention,45,0.24,114424,15,21,0,1.0,0.4166666666666667,0.9998165057451177,0.9999082444542511,0.7083333333333334,0.9998689498514765,0.9991219673869939,0.6759734263208185
Attention,45,0.25,114424,15,21,0,1.0,0.4166666666666667,0.9998165057451177,0.9999082444542511,0.7083333333333334,0.9998689498514765,0.9991219673869939,0.6759734263208185
Attention,45,0.26,114424,15,21,0,1.0,0.4166666666666667,0.9998165057451177,0.9999082444542511,0.7083333333333334,0.9998689498514765,0.9991219673869939,0.6759734263208185
Attention,45,0.27,114424,15,21,0,1.0,0.4166666666666667,0.9998165057451177,0.9999082444542511,0.7083333333333334,0.9998689498514765,0.9991219673869939,0.6759734263208185
Attention,45,0.28,114424,15,21,0,1.0,0.4166666666666667,0.9998165057451177,0.9999082444542511,0.7083333333333334,0.9998689498514765,0.9991219673869939,0.6759734263208185
Attention,45,0.29,114424,15,21,0,1.0,0.4166666666666667,0.9998165057451177,0.9999082444542511,0.7083333333333334,0.9998689498514765,0.9991219673869939,0.6759734263208185
Attention,45,0.3,114424,15,21,0,1.0,0.4166666666666667,0.9998165057451177,0.9999082444542511,0.7083333333333334,0.9998689498514765,0.9991219673869939,0.6759734263208185
Attention,45,0.31,114424,15,21,0,1.0,0.4166666666666667,0.9998165057451177,0.9999082444542511,0.7083333333333334,0.9998689498514765,0.9991219673869939,0.6759734263208185
Attention,45,0.32,114424,15,21,0,1.0,0.4166666666666667,0.9998165057451177,0.9999082444542511,0.7083333333333334,0.9998689498514765,0.9991219673869939,0.6759734263208185
Attention,45,0.33,114424,15,21,0,1.0,0.4166666666666667,0.9998165057451177,0.9999082444542511,0.7083333333333334,0.9998689498514765,0.9991219673869939,0.6759734263208185
Attention,45,0.34,114424,15,21,0,1.0,0.4166666666666667,0.9998165057451177,0.9999082444542511,0.7083333333333334,0.9998689498514765,0.9991219673869939,0.6759734263208185
Attention,45,0.35000000000000003,114424,15,21,0,1.0,0.4166666666666667,0.9998165057451177,0.9999082444542511,0.7083333333333334,0.9998689498514765,0.9991219673869939,0.6759734263208185
Attention,45,0.36,114424,16,20,0,1.0,0.4444444444444444,0.999825242039775,0.9999126133841341,0.7222222222222222,0.9998602131749083,0.9991219673869939,0.6759734263208185
Attention,45,0.37,114424,16,20,0,1.0,0.4444444444444444,0.999825242039775,0.9999126133841341,0.7222222222222222,0.9998602131749083,0.9991219673869939,0.6759734263208185
Attention,45,0.38,114424,16,20,0,1.0,0.4444444444444444,0.999825242039775,0.9999126133841341,0.7222222222222222,0.9998602131749083,0.9991219673869939,0.6759734263208185
Attention,45,0.39,114424,17,19,0,1.0,0.4722222222222222,0.9998339784871071,0.9999169823521958,0.7361111111111112,0.99985147649834,0.9991219673869939,0.6759734263208185
Attention,45,0.4,114424,17,19,0,1.0,0.4722222222222222,0.9998339784871071,0.9999169823521958,0.7361111111111112,0.99985147649834,0.9991219673869939,0.6759734263208185
Attention,45,0.41000000000000003,114424,17,19,0,1.0,0.4722222222222222,0.9998339784871071,0.9999169823521958,0.7361111111111112,0.99985147649834,0.9991219673869939,0.6759734263208185
Attention,45,0.42,114424,17,19,0,1.0,0.4722222222222222,0.9998339784871071,0.9999169823521958,0.7361111111111112,0.99985147649834,0.9991219673869939,0.6759734263208185
Attention,45,0.43,114424,17,19,0,1.0,0.4722222222222222,0.9998339784871071,0.9999169823521958,0.7361111111111112,0.99985147649834,0.9991219673869939,0.6759734263208185
Attention,45,0.44,114424,17,19,0,1.0,0.4722222222222222,0.9998339784871071,0.9999169823521958,0.7361111111111112,0.99985147649834,0.9991219673869939,0.6759734263208185
Attention,45,0.45,114424,17,19,0,1.0,0.4722222222222222,0.9998339784871071,0.9999169823521958,0.7361111111111112,0.99985147649834,0.9991219673869939,0.6759734263208185
Attention,45,0.46,114424,17,19,0,1.0,0.4722222222222222,0.9998339784871071,0.9999169823521958,0.7361111111111112,0.99985147649834,0.9991219673869939,0.6759734263208185
Attention,45,0.47000000000000003,114424,17,19,0,1.0,0.4722222222222222,0.9998339784871071,0.9999169823521958,0.7361111111111112,0.99985147649834,0.9991219673869939,0.6759734263208185
Attention,45,0.48,114424,17,19,0,1.0,0.4722222222222222,0.9998339784871071,0.9999169823521958,0.7361111111111112,0.99985147649834,0.9991219673869939,0.6759734263208185
Attention,45,0.49,114424,17,19,0,1.0,0.4722222222222222,0.9998339784871071,0.9999169823521958,0.7361111111111112,0.99985147649834,0.9991219673869939,0.6759734263208185
Attention,45,0.5,114424,17,19,0,1.0,0.4722222222222222,0.9998339784871071,0.9999169823521958,0.7361111111111112,0.99985147649834,0.9991219673869939,0.6759734263208185
Attention,45,0.51,114424,17,19,0,1.0,0.4722222222222222,0.9998339784871071,0.9999169823521958,0.7361111111111112,0.99985147649834,0.9991219673869939,0.6759734263208185
Attention,45,0.52,114424,17,19,0,1.0,0.4722222222222222,0.9998339784871071,0.9999169823521958,0.7361111111111112,0.99985147649834,0.9991219673869939,0.6759734263208185
Attention,45,0.53,114424,17,19,0,1.0,0.4722222222222222,0.9998339784871071,0.9999169823521958,0.7361111111111112,0.99985147649834,0.9991219673869939,0.6759734263208185
Attention,45,0.54,114424,17,19,0,1.0,0.4722222222222222,0.9998339784871071,0.9999169823521958,0.7361111111111112,0.99985147649834,0.9991219673869939,0.6759734263208185
Attention,45,0.55,114424,17,19,0,1.0,0.4722222222222222,0.9998339784871071,0.9999169823521958,0.7361111111111112,0.99985147649834,0.9991219673869939,0.6759734263208185
Attention,45,0.56,114424,17,19,0,1.0,0.4722222222222222,0.9998339784871071,0.9999169823521958,0.7361111111111112,0.99985147649834,0.9991219673869939,0.6759734263208185
Attention,45,0.5700000000000001,114424,17,19,0,1.0,0.4722222222222222,0.9998339784871071,0.9999169823521958,0.7361111111111112,0.99985147649834,0.9991219673869939,0.6759734263208185
Attention,45,0.58,114424,17,19,0,1.0,0.4722222222222222,0.9998339784871071,0.9999169823521958,0.7361111111111112,0.99985147649834,0.9991219673869939,0.6759734263208185
Attention,45,0.59,114424,17,19,0,1.0,0.4722222222222222,0.9998339784871071,0.9999169823521958,0.7361111111111112,0.99985147649834,0.9991219673869939,0.6759734263208185
Attention,45,0.6,114424,17,19,0,1.0,0.4722222222222222,0.9998339784871071,0.9999169823521958,0.7361111111111112,0.99985147649834,0.9991219673869939,0.6759734263208185
Attention,45,0.61,114424,17,19,0,1.0,0.4722222222222222,0.9998339784871071,0.9999169823521958,0.7361111111111112,0.99985147649834,0.9991219673869939,0.6759734263208185
Attention,45,0.62,114424,17,19,0,1.0,0.4722222222222222,0.9998339784871071,0.9999169823521958,0.7361111111111112,0.99985147649834,0.9991219673869939,0.6759734263208185
Attention,45,0.63,114424,17,19,0,1.0,0.4722222222222222,0.9998339784871071,0.9999169823521958,0.7361111111111112,0.99985147649834,0.9991219673869939,0.6759734263208185
Attention,45,0.64,114423,17,19,1,0.9999912605747046,0.4722222222222222,0.9998339770364028,0.9999126126204854,0.7361067413984634,0.9998427398217719,0.9991219673869939,0.6759734263208185
Attention,45,0.65,114422,17,19,2,0.9999825211494092,0.4722222222222222,0.999833975585673,0.9999082428505888,0.7361023716858157,0.9998340031452035,0.9991219673869939,0.6759734263208185
Attention,45,0.66,114421,17,19,3,0.9999737817241138,0.4722222222222222,0.9998339741349178,0.9999038730425056,0.736098001973168,0.9998252664686353,0.9991219673869939,0.6759734263208185
Attention,45,0.67,114421,17,19,3,0.9999737817241138,0.4722222222222222,0.9998339741349178,0.9999038730425056,0.736098001973168,0.9998252664686353,0.9991219673869939,0.6759734263208185
Attention,45,0.68,114421,17,19,3,0.9999737817241138,0.4722222222222222,0.9998339741349178,0.9999038730425056,0.736098001973168,0.9998252664686353,0.9991219673869939,0.6759734263208185
Attention,45,0.6900000000000001,114421,17,19,3,0.9999737817241138,0.4722222222222222,0.9998339741349178,0.9999038730425056,0.736098001973168,0.9998252664686353,0.9991219673869939,0.6759734263208185
Attention,45,0.7000000000000001,114421,17,19,3,0.9999737817241138,0.4722222222222222,0.9998339741349178,0.9999038730425056,0.736098001973168,0.9998252664686353,0.9991219673869939,0.6759734263208185
Attention,45,0.71,114421,17,19,3,0.9999737817241138,0.4722222222222222,0.9998339741349178,0.9999038730425056,0.736098001973168,0.9998252664686353,0.9991219673869939,0.6759734263208185
Attention,45,0.72,114421,17,19,3,0.9999737817241138,0.4722222222222222,0.9998339741349178,0.9999038730425056,0.736098001973168,0.9998252664686353,0.9991219673869939,0.6759734263208185
Attention,45,0.73,114421,17,19,3,0.9999737817241138,0.4722222222222222,0.9998339741349178,0.9999038730425056,0.736098001973168,0.9998252664686353,0.9991219673869939,0.6759734263208185
Attention,45,0.74,114421,18,18,3,0.9999737817241138,0.5,0.9998427109639196,0.9999082420487366,0.7499868908620568,0.9998165297920671,0.9991219673869939,0.6759734263208185
Attention,45,0.75,114420,19,17,4,0.9999650422988184,0.5277777777777778,0.9998514466475004,0.9999082412468704,0.7638714100382982,0.9997990564389306,0.9991219673869939,0.6759734263208185
Attention,45,0.76,114420,19,17,4,0.9999650422988184,0.5277777777777778,0.9998514466475004,0.9999082412468704,0.7638714100382982,0.9997990564389306,0.9991219673869939,0.6759734263208185
Attention,45,0.77,114420,20,16,4,0.9999650422988184,0.5555555555555556,0.9998601838582264,0.9999126103294591,0.777760298927187,0.9997903197623624,0.9991219673869939,0.6759734263208185
Attention,45,0.78,114420,23,13,4,0.9999650422988184,0.6388888888888888,0.9998863964066309,0.9999257178063158,0.8194269655938536,0.9997641097326577,0.9991219673869939,0.6759734263208185
Attention,45,0.79,110139,24,12,4285,0.9625515626092428,0.6666666666666666,0.9998910586376882,0.9808660803740399,0.8146091146379547,0.9623536606674821,0.9991219673869939,0.6759734263208185
Attention,45,0.8,29255,25,11,85169,0.2556718870167098,0.6944444444444444,0.9996241372240825,0.40719604704572343,0.47505816573057713,0.25568757644592,0.9991219673869939,0.6759734263208185
Attention,45,0.81,5762,25,11,108662,0.05035656855205202,0.6944444444444444,0.9980945782089036,0.09587593700341938,0.37240050649824824,0.05043683382841167,0.9991219673869939,0.6759734263208185
Attention,45,0.8200000000000001,27,25,11,114397,0.00023596448297559953,0.6944444444444444,0.7105263157894737,0.00047177229124076113,0.34734020446371,0.0003319937095928709,0.9991219673869939,0.6759734263208185
Attention,45,0.8300000000000001,27,25,11,114397,0.00023596448297559953,0.6944444444444444,0.7105263157894737,0.00047177229124076113,0.34734020446371,0.0003319937095928709,0.9991219673869939,0.6759734263208185
Attention,45,0.84,27,25,11,114397,0.00023596448297559953,0.6944444444444444,0.7105263157894737,0.00047177229124076113,0.34734020446371,0.0003319937095928709,0.9991219673869939,0.6759734263208185
Attention,45,0.85,27,25,11,114397,0.00023596448297559953,0.6944444444444444,0.7105263157894737,0.00047177229124076113,0.34734020446371,0.0003319937095928709,0.9991219673869939,0.6759734263208185
Attention,45,0.86,27,25,11,114397,0.00023596448297559953,0.6944444444444444,0.7105263157894737,0.00047177229124076113,0.34734020446371,0.0003319937095928709,0.9991219673869939,0.6759734263208185
Attention,45,0.87,27,25,11,114397,0.00023596448297559953,0.6944444444444444,0.7105263157894737,0.00047177229124076113,0.34734020446371,0.0003319937095928709,0.9991219673869939,0.6759734263208185
Attention,45,0.88,21,25,11,114403,0.00018352793120324408,0.6944444444444444,0.65625,0.0003669532396728874,0.34731398618782383,0.0002795736501834702,0.9991219673869939,0.6759734263208185
Attention,45,0.89,0,28,8,114424,0.0,0.7777777777777778,0.0,0.0,0.3888888888888889,6.989341254586755e-05,0.9991219673869939,0.6759734263208185
Attention,45,0.9,0,30,6,114424,0.0,0.8333333333333334,0.0,0.0,0.4166666666666667,5.242005940940067e-05,0.9991219673869939,0.6759734263208185
Attention,45,0.91,0,30,6,114424,0.0,0.8333333333333334,0.0,0.0,0.4166666666666667,5.242005940940067e-05,0.9991219673869939,0.6759734263208185
Attention,45,0.92,0,32,4,114424,0.0,0.8888888888888888,0.0,0.0,0.4444444444444444,3.4946706272933774e-05,0.9991219673869939,0.6759734263208185
Attention,45,0.93,0,32,4,114424,0.0,0.8888888888888888,0.0,0.0,0.4444444444444444,3.4946706272933774e-05,0.9991219673869939,0.6759734263208185
Attention,45,0.9400000000000001,0,32,4,114424,0.0,0.8888888888888888,0.0,0.0,0.4444444444444444,3.4946706272933774e-05,0.9991219673869939,0.6759734263208185
Attention,45,0.9500000000000001,0,35,1,114424,0.0,0.9722222222222222,0.0,0.0,0.4861111111111111,8.736676568233443e-06,0.9991219673869939,0.6759734263208185
Attention,45,0.96,0,36,0,114424,0.0,1.0,0.0,0.0,0.5,0.0,0.9991219673869939,0.6759734263208185
Attention,45,0.97,0,36,0,114424,0.0,1.0,0.0,0.0,0.5,0.0,0.9991219673869939,0.6759734263208185
Attention,45,0.98,0,36,0,114424,0.0,1.0,0.0,0.0,0.5,0.0,0.9991219673869939,0.6759734263208185
Attention,45,0.99,0,36,0,114424,0.0,1.0,0.0,0.0,0.5,0.0,0.9991219673869939,0.6759734263208185
Attention,45,1.0,0,36,0,114424,0.0,1.0,0.0,0.0,0.5,0.0,0.9991219673869939,0.6759734263208185
Attention-DANN,45,0.0,114424,0,36,0,1.0,0.0,0.9996854796435436,0.9998427150871184,0.5,1.0,0.9987512203835132,0.5278020539591538
Attention-DANN,45,0.01,114424,0,36,0,1.0,0.0,0.9996854796435436,0.9998427150871184,0.5,1.0,0.9987512203835132,0.5278020539591538
Attention-DANN,45,0.02,114424,0,36,0,1.0,0.0,0.9996854796435436,0.9998427150871184,0.5,1.0,0.9987512203835132,0.5278020539591538
Attention-DANN,45,0.03,114424,0,36,0,1.0,0.0,0.9996854796435436,0.9998427150871184,0.5,1.0,0.9987512203835132,0.5278020539591538
Attention-DANN,45,0.04,114424,0,36,0,1.0,0.0,0.9996854796435436,0.9998427150871184,0.5,1.0,0.9987512203835132,0.5278020539591538
Attention-DANN,45,0.05,114424,0,36,0,1.0,0.0,0.9996854796435436,0.9998427150871184,0.5,1.0,0.9987512203835132,0.5278020539591538
Attention-DANN,45,0.06,114424,0,36,0,1.0,0.0,0.9996854796435436,0.9998427150871184,0.5,1.0,0.9987512203835132,0.5278020539591538
Attention-DANN,45,0.07,114424,0,36,0,1.0,0.0,0.9996854796435436,0.9998427150871184,0.5,1.0,0.9987512203835132,0.5278020539591538
Attention-DANN,45,0.08,114424,0,36,0,1.0,0.0,0.9996854796435436,0.9998427150871184,0.5,1.0,0.9987512203835132,0.5278020539591538
Attention-DANN,45,0.09,114424,0,36,0,1.0,0.0,0.9996854796435436,0.9998427150871184,0.5,1.0,0.9987512203835132,0.5278020539591538
Attention-DANN,45,0.1,114424,0,36,0,1.0,0.0,0.9996854796435436,0.9998427150871184,0.5,1.0,0.9987512203835132,0.5278020539591538
Attention-DANN,45,0.11,114424,0,36,0,1.0,0.0,0.9996854796435436,0.9998427150871184,0.5,1.0,0.9987512203835132,0.5278020539591538
Attention-DANN,45,0.12,114424,0,36,0,1.0,0.0,0.9996854796435436,0.9998427150871184,0.5,1.0,0.9987512203835132,0.5278020539591538
Attention-DANN,45,0.13,114424,0,36,0,1.0,0.0,0.9996854796435436,0.9998427150871184,0.5,1.0,0.9987512203835132,0.5278020539591538
Attention-DANN,45,0.14,114424,0,36,0,1.0,0.0,0.9996854796435436,0.9998427150871184,0.5,1.0,0.9987512203835132,0.5278020539591538
Attention-DANN,45,0.15,114424,0,36,0,1.0,0.0,0.9996854796435436,0.9998427150871184,0.5,1.0,0.9987512203835132,0.5278020539591538
Attention-DANN,45,0.16,114424,0,36,0,1.0,0.0,0.9996854796435436,0.9998427150871184,0.5,1.0,0.9987512203835132,0.5278020539591538
Attention-DANN,45,0.17,114424,0,36,0,1.0,0.0,0.9996854796435436,0.9998427150871184,0.5,1.0,0.9987512203835132,0.5278020539591538
Attention-DANN,45,0.18,114424,0,36,0,1.0,0.0,0.9996854796435436,0.9998427150871184,0.5,1.0,0.9987512203835132,0.5278020539591538
Attention-DANN,45,0.19,114424,0,36,0,1.0,0.0,0.9996854796435436,0.9998427150871184,0.5,1.0,0.9987512203835132,0.5278020539591538
Attention-DANN,45,0.2,114424,0,36,0,1.0,0.0,0.9996854796435436,0.9998427150871184,0.5,1.0,0.9987512203835132,0.5278020539591538
Attention-DANN,45,0.21,114424,0,36,0,1.0,0.0,0.9996854796435436,0.9998427150871184,0.5,1.0,0.9987512203835132,0.5278020539591538
Attention-DANN,45,0.22,114424,0,36,0,1.0,0.0,0.9996854796435436,0.9998427150871184,0.5,1.0,0.9987512203835132,0.5278020539591538
Attention-DANN,45,0.23,114424,0,36,0,1.0,0.0,0.9996854796435436,0.9998427150871184,0.5,1.0,0.9987512203835132,0.5278020539591538
Attention-DANN,45,0.24,114424,0,36,0,1.0,0.0,0.9996854796435436,0.9998427150871184,0.5,1.0,0.9987512203835132,0.5278020539591538
Attention-DANN,45,0.25,114424,0,36,0,1.0,0.0,0.9996854796435436,0.9998427150871184,0.5,1.0,0.9987512203835132,0.5278020539591538
Attention-DANN,45,0.26,114424,0,36,0,1.0,0.0,0.9996854796435436,0.9998427150871184,0.5,1.0,0.9987512203835132,0.5278020539591538
Attention-DANN,45,0.27,114424,0,36,0,1.0,0.0,0.9996854796435436,0.9998427150871184,0.5,1.0,0.9987512203835132,0.5278020539591538
Attention-DANN,45,0.28,114424,0,36,0,1.0,0.0,0.9996854796435436,0.9998427150871184,0.5,1.0,0.9987512203835132,0.5278020539591538
Attention-DANN,45,0.29,114424,0,36,0,1.0,0.0,0.9996854796435436,0.9998427150871184,0.5,1.0,0.9987512203835132,0.5278020539591538
Attention-DANN,45,0.3,114424,0,36,0,1.0,0.0,0.9996854796435436,0.9998427150871184,0.5,1.0,0.9987512203835132,0.5278020539591538
Attention-DANN,45,0.31,114424,0,36,0,1.0,0.0,0.9996854796435436,0.9998427150871184,0.5,1.0,0.9987512203835132,0.5278020539591538
Attention-DANN,45,0.32,114424,0,36,0,1.0,0.0,0.9996854796435436,0.9998427150871184,0.5,1.0,0.9987512203835132,0.5278020539591538
Attention-DANN,45,0.33,114424,1,35,0,1.0,0.027777777777777776,0.9996942136485554,0.9998470834443799,0.5138888888888888,0.9999912633234318,0.9987512203835132,0.5278020539591538
Attention-DANN,45,0.34,114424,1,35,0,1.0,0.027777777777777776,0.9996942136485554,0.9998470834443799,0.5138888888888888,0.9999912633234318,0.9987512203835132,0.5278020539591538
Attention-DANN,45,0.35000000000000003,114424,1,35,0,1.0,0.027777777777777776,0.9996942136485554,0.9998470834443799,0.5138888888888888,0.9999912633234318,0.9987512203835132,0.5278020539591538
Attention-DANN,45,0.36,114424,2,34,0,1.0,0.05555555555555555,0.9997029478061822,0.9998514518398126,0.5277777777777778,0.9999825266468635,0.9987512203835132,0.5278020539591538
Attention-DANN,45,0.37,114424,2,34,0,1.0,0.05555555555555555,0.9997029478061822,0.9998514518398126,0.5277777777777778,0.9999825266468635,0.9987512203835132,0.5278020539591538
Attention-DANN,45,0.38,114424,2,34,0,1.0,0.05555555555555555,0.9997029478061822,0.9998514518398126,0.5277777777777778,0.9999825266468635,0.9987512203835132,0.5278020539591538
Attention-DANN,45,0.39,114424,3,33,0,1.0,0.08333333333333333,0.999711682116428,0.9998558202734172,0.5416666666666666,0.9999737899702953,0.9987512203835132,0.5278020539591538
Attention-DANN,45,0.4,114424,3,33,0,1.0,0.08333333333333333,0.999711682116428,0.9998558202734172,0.5416666666666666,0.9999737899702953,0.9987512203835132,0.5278020539591538
Attention-DANN,45,0.41000000000000003,114424,3,33,0,1.0,0.08333333333333333,0.999711682116428,0.9998558202734172,0.5416666666666666,0.9999737899702953,0.9987512203835132,0.5278020539591538
Attention-DANN,45,0.42,114424,3,33,0,1.0,0.08333333333333333,0.999711682116428,0.9998558202734172,0.5416666666666666,0.9999737899702953,0.9987512203835132,0.5278020539591538
Attention-DANN,45,0.43,114424,3,33,0,1.0,0.08333333333333333,0.999711682116428,0.9998558202734172,0.5416666666666666,0.9999737899702953,0.9987512203835132,0.5278020539591538
Attention-DANN,45,0.44,114424,3,33,0,1.0,0.08333333333333333,0.999711682116428,0.9998558202734172,0.5416666666666666,0.9999737899702953,0.9987512203835132,0.5278020539591538
Attention-DANN,45,0.45,114424,3,33,0,1.0,0.08333333333333333,0.999711682116428,0.9998558202734172,0.5416666666666666,0.9999737899702953,0.9987512203835132,0.5278020539591538
Attention-DANN,45,0.46,114424,3,33,0,1.0,0.08333333333333333,0.999711682116428,0.9998558202734172,0.5416666666666666,0.9999737899702953,0.9987512203835132,0.5278020539591538
Attention-DANN,45,0.47000000000000003,114424,3,33,0,1.0,0.08333333333333333,0.999711682116428,0.9998558202734172,0.5416666666666666,0.9999737899702953,0.9987512203835132,0.5278020539591538
Attention-DANN,45,0.48,114424,3,33,0,1.0,0.08333333333333333,0.999711682116428,0.9998558202734172,0.5416666666666666,0.9999737899702953,0.9987512203835132,0.5278020539591538
Attention-DANN,45,0.49,114424,3,33,0,1.0,0.08333333333333333,0.999711682116428,0.9998558202734172,0.5416666666666666,0.9999737899702953,0.9987512203835132,0.5278020539591538
Attention-DANN,45,0.5,114424,3,33,0,1.0,0.08333333333333333,0.999711682116428,0.9998558202734172,0.5416666666666666,0.9999737899702953,0.9987512203835132,0.5278020539591538
Attention-DANN,45,0.51,114424,3,33,0,1.0,0.08333333333333333,0.999711682116428,0.9998558202734172,0.5416666666666666,0.9999737899702953,0.9987512203835132,0.5278020539591538
Attention-DANN,45,0.52,114424,3,33,0,1.0,0.08333333333333333,0.999711682116428,0.9998558202734172,0.5416666666666666,0.9999737899702953,0.9987512203835132,0.5278020539591538
Attention-DANN,45,0.53,114424,3,33,0,1.0,0.08333333333333333,0.999711682116428,0.9998558202734172,0.5416666666666666,0.9999737899702953,0.9987512203835132,0.5278020539591538
Attention-DANN,45,0.54,114424,3,33,0,1.0,0.08333333333333333,0.999711682116428,0.9998558202734172,0.5416666666666666,0.9999737899702953,0.9987512203835132,0.5278020539591538
Attention-DANN,45,0.55,114424,3,33,0,1.0,0.08333333333333333,0.999711682116428,0.9998558202734172,0.5416666666666666,0.9999737899702953,0.9987512203835132,0.5278020539591538
Attention-DANN,45,0.56,114424,3,33,0,1.0,0.08333333333333333,0.999711682116428,0.9998558202734172,0.5416666666666666,0.9999737899702953,0.9987512203835132,0.5278020539591538
Attention-DANN,45,0.5700000000000001,114424,3,33,0,1.0,0.08333333333333333,0.999711682116428,0.9998558202734172,0.5416666666666666,0.9999737899702953,0.9987512203835132,0.5278020539591538
Attention-DANN,45,0.58,114424,3,33,0,1.0,0.08333333333333333,0.999711682116428,0.9998558202734172,0.5416666666666666,0.9999737899702953,0.9987512203835132,0.5278020539591538
Attention-DANN,45,0.59,114424,3,33,0,1.0,0.08333333333333333,0.999711682116428,0.9998558202734172,0.5416666666666666,0.9999737899702953,0.9987512203835132,0.5278020539591538
Attention-DANN,45,0.6,114424,3,33,0,1.0,0.08333333333333333,0.999711682116428,0.9998558202734172,0.5416666666666666,0.9999737899702953,0.9987512203835132,0.5278020539591538
Attention-DANN,45,0.61,114424,4,32,0,1.0,0.1111111111111111,0.9997204165792969,0.999860188745194,0.5555555555555556,0.9999650532937271,0.9987512203835132,0.5278020539591538
Attention-DANN,45,0.62,114424,4,32,0,1.0,0.1111111111111111,0.9997204165792969,0.999860188745194,0.5555555555555556,0.9999650532937271,0.9987512203835132,0.5278020539591538
Attention-DANN,45,0.63,114424,4,32,0,1.0,0.1111111111111111,0.9997204165792969,0.999860188745194,0.5555555555555556,0.9999650532937271,0.9987512203835132,0.5278020539591538
Attention-DANN,45,0.64,114424,4,32,0,1.0,0.1111111111111111,0.9997204165792969,0.999860188745194,0.5555555555555556,0.9999650532937271,0.9987512203835132,0.5278020539591538
Attention-DANN,45,0.65,114424,5,31,0,1.0,0.1388888888888889,0.9997291511947927,0.9998645572551436,0.5694444444444444,0.9999563166171588,0.9987512203835132,0.5278020539591538
Attention-DANN,45,0.66,114424,5,31,0,1.0,0.1388888888888889,0.9997291511947927,0.9998645572551436,0.5694444444444444,0.9999563166171588,0.9987512203835132,0.5278020539591538
Attention-DANN,45,0.67,114424,5,31,0,1.0,0.1388888888888889,0.9997291511947927,0.9998645572551436,0.5694444444444444,0.9999563166171588,0.9987512203835132,0.5278020539591538
Attention-DANN,45,0.68,114424,6,30,0,1.0,0.16666666666666666,0.9997378859629196,0.9998689258032664,0.5833333333333334,0.9999475799405906,0.9987512203835132,0.5278020539591538
Attention-DANN,45,0.6900000000000001,114424,6,30,0,1.0,0.16666666666666666,0.9997378859629196,0.9998689258032664,0.5833333333333334,0.9999475799405906,0.9987512203835132,0.5278020539591538
Attention-DANN,45,0.7000000000000001,114424,7,29,0,1.0,0.19444444444444445,0.9997466208836815,0.999873294389563,0.5972222222222222,0.9999388432640224,0.9987512203835132,0.5278020539591538
Attention-DANN,45,0.71,114424,7,29,0,1.0,0.19444444444444445,0.9997466208836815,0.999873294389563,0.5972222222222222,0.9999388432640224,0.9987512203835132,0.5278020539591538
Attention-DANN,45,0.72,114424,8,28,0,1.0,0.2222222222222222,0.9997553559570824,0.9998776630140338,0.6111111111111112,0.9999301065874542,0.9987512203835132,0.5278020539591538
Attention-DANN,45,0.73,114424,10,26,0,1.0,0.2777777777777778,0.9997728265618174,0.9998864003775003,0.6388888888888888,0.9999126332343177,0.9987512203835132,0.5278020539591538
Attention-DANN,45,0.74,114424,10,26,0,1.0,0.2777777777777778,0.9997728265618174,0.9998864003775003,0.6388888888888888,0.9999126332343177,0.9987512203835132,0.5278020539591538
Attention-DANN,45,0.75,114424,10,26,0,1.0,0.2777777777777778,0.9997728265618174,0.9998864003775003,0.6388888888888888,0.9999126332343177,0.9987512203835132,0.5278020539591538
Attention-DANN,45,0.76,114424,10,26,0,1.0,0.2777777777777778,0.9997728265618174,0.9998864003775003,0.6388888888888888,0.9999126332343177,0.9987512203835132,0.5278020539591538
Attention-DANN,45,0.77,114424,10,26,0,1.0,0.2777777777777778,0.9997728265618174,0.9998864003775003,0.6388888888888888,0.9999126332343177,0.9987512203835132,0.5278020539591538
Attention-DANN,45,0.78,114424,10,26,0,1.0,0.2777777777777778,0.9997728265618174,0.9998864003775003,0.6388888888888888,0.9999126332343177,0.9987512203835132,0.5278020539591538
Attention-DANN,45,0.79,114424,10,26,0,1.0,0.2777777777777778,0.9997728265618174,0.9998864003775003,0.6388888888888888,0.9999126332343177,0.9987512203835132,0.5278020539591538
Attention-DANN,45,0.8,114424,10,26,0,1.0,0.2777777777777778,0.9997728265618174,0.9998864003775003,0.6388888888888888,0.9999126332343177,0.9987512203835132,0.5278020539591538
Attention-DANN,45,0.81,114424,10,26,0,1.0,0.2777777777777778,0.9997728265618174,0.9998864003775003,0.6388888888888888,0.9999126332343177,0.9987512203835132,0.5278020539591538
Attention-DANN,45,0.8200000000000001,114424,10,26,0,1.0,0.2777777777777778,0.9997728265618174,0.9998864003775003,0.6388888888888888,0.9999126332343177,0.9987512203835132,0.5278020539591538
Attention-DANN,45,0.8300000000000001,114424,11,25,0,1.0,0.3055555555555556,0.9997815620931594,0.9998907691164969,0.6527777777777778,0.9999038965577495,0.9987512203835132,0.5278020539591538
Attention-DANN,45,0.84,114424,14,22,0,1.0,0.3888888888888889,0.9998077696031316,0.9999038755625465,0.6944444444444444,0.9998776865280448,0.9987512203835132,0.5278020539591538
Attention-DANN,45,0.85,114421,15,21,3,0.9999737817241138,0.4166666666666667,0.9998165009349714,0.9998951351445824,0.7083202241953902,0.9998427398217719,0.9987512203835132,0.5278020539591538
Attention-DANN,45,0.86,29,20,16,114395,0.0002534433335663847,0.5555555555555556,0.6444444444444445,0.0005066874000821183,0.27790449944456097,0.00039315044557050496,0.9987512203835132,0.5278020539591538
Attention-DANN,45,0.87,27,21,15,114397,0.00023596448297559953,0.5833333333333334,0.6428571428571429,0.00047175580521726973,0.2917846489081545,0.00036694041586580464,0.9987512203835132,0.5278020539591538
Attention-DANN,45,0.88,0,23,13,114424,0.0,0.6388888888888888,0.0,0.0,0.3194444444444444,0.00011357679538703477,0.9987512203835132,0.5278020539591538
Attention-DANN,45,0.89,0,23,13,114424,0.0,0.6388888888888888,0.0,0.0,0.3194444444444444,0.00011357679538703477,0.9987512203835132,0.5278020539591538
Attention-DANN,45,0.9,0,24,12,114424,0.0,0.6666666666666666,0.0,0.0,0.3333333333333333,0.00010484011881880133,0.9987512203835132,0.5278020539591538
Attention-DANN,45,0.91,0,29,7,114424,0.0,0.8055555555555556,0.0,0.0,0.4027777777777778,6.115673597763411e-05,0.9987512203835132,0.5278020539591538
Attention-DANN,45,0.92,0,31,5,114424,0.0,0.8611111111111112,0.0,0.0,0.4305555555555556,4.368338284116722e-05,0.9987512203835132,0.5278020539591538
Attention-DANN,45,0.93,0,36,0,114424,0.0,1.0,0.0,0.0,0.5,0.0,0.9987512203835132,0.5278020539591538
Attention-DANN,45,0.9400000000000001,0,36,0,114424,0.0,1.0,0.0,0.0,0.5,0.0,0.9987512203835132,0.5278020539591538
Attention-DANN,45,0.9500000000000001,0,36,0,114424,0.0,1.0,0.0,0.0,0.5,0.0,0.9987512203835132,0.5278020539591538
Attention-DANN,45,0.96,0,36,0,114424,0.0,1.0,0.0,0.0,0.5,0.0,0.9987512203835132,0.5278020539591538
Attention-DANN,45,0.97,0,36,0,114424,0.0,1.0,0.0,0.0,0.5,0.0,0.9987512203835132,0.5278020539591538
Attention-DANN,45,0.98,0,36,0,114424,0.0,1.0,0.0,0.0,0.5,0.0,0.9987512203835132,0.5278020539591538
Attention-DANN,45,0.99,0,36,0,114424,0.0,1.0,0.0,0.0,0.5,0.0,0.9987512203835132,0.5278020539591538
Attention-DANN,45,1.0,0,36,0,114424,0.0,1.0,0.0,0.0,0.5,0.0,0.9987512203835132,0.5278020539591538
Transformer,45,0.0,114424,0,36,0,1.0,0.0,0.9996854796435436,0.9998427150871184,0.5,1.0,0.9997424943680419,0.7802143781024959
Transformer,45,0.01,114424,0,36,0,1.0,0.0,0.9996854796435436,0.9998427150871184,0.5,1.0,0.9997424943680419,0.7802143781024959
Transformer,45,0.02,114424,0,36,0,1.0,0.0,0.9996854796435436,0.9998427150871184,0.5,1.0,0.9997424943680419,0.7802143781024959
Transformer,45,0.03,114424,0,36,0,1.0,0.0,0.9996854796435436,0.9998427150871184,0.5,1.0,0.9997424943680419,0.7802143781024959
Transformer,45,0.04,114424,0,36,0,1.0,0.0,0.9996854796435436,0.9998427150871184,0.5,1.0,0.9997424943680419,0.7802143781024959
Transformer,45,0.05,114424,0,36,0,1.0,0.0,0.9996854796435436,0.9998427150871184,0.5,1.0,0.9997424943680419,0.7802143781024959
Transformer,45,0.06,114424,3,33,0,1.0,0.08333333333333333,0.999711682116428,0.9998558202734172,0.5416666666666666,0.9999737899702953,0.9997424943680419,0.7802143781024959
Transformer,45,0.07,114424,6,30,0,1.0,0.16666666666666666,0.9997378859629196,0.9998689258032664,0.5833333333333334,0.9999475799405906,0.9997424943680419,0.7802143781024959
Transformer,45,0.08,114424,10,26,0,1.0,0.2777777777777778,0.9997728265618174,0.9998864003775003,0.6388888888888888,0.9999126332343177,0.9997424943680419,0.7802143781024959
Transformer,45,0.09,114421,10,26,3,0.9999737817241138,0.2777777777777778,0.9997728206069185,0.9998732910678941,0.6388757797509458,0.999886423204613,0.9997424943680419,0.7802143781024959
Transformer,45,0.1,114421,10,26,3,0.9999737817241138,0.2777777777777778,0.9997728206069185,0.9998732910678941,0.6388757797509458,0.999886423204613,0.9997424943680419,0.7802143781024959
Transformer,45,0.11,114421,10,26,3,0.9999737817241138,0.2777777777777778,0.9997728206069185,0.9998732910678941,0.6388757797509458,0.999886423204613,0.9997424943680419,0.7802143781024959
Transformer,45,0.12,114421,10,26,3,0.9999737817241138,0.2777777777777778,0.9997728206069185,0.9998732910678941,0.6388757797509458,0.999886423204613,0.9997424943680419,0.7802143781024959
Transformer,45,0.13,114421,11,25,3,0.9999737817241138,0.3055555555555556,0.999781556367195,0.9998776598068773,0.6527646686398347,0.9998776865280448,0.9997424943680419,0.7802143781024959
Transformer,45,0.14,114421,12,24,3,0.9999737817241138,0.3333333333333333,0.9997902922801346,0.9998820285840372,0.6666535575287236,0.9998689498514765,0.9997424943680419,0.7802143781024959
Transformer,45,0.15,114421,13,23,3,0.9999737817241138,0.3611111111111111,0.9997990283457412,0.9998863973993743,0.6805424464176124,0.9998602131749083,0.9997424943680419,0.7802143781024959
Transformer,45,0.16,114421,14,22,3,0.9999737817241138,0.3888888888888889,0.9998077645640188,0.9998907662528892,0.6944313353065014,0.99985147649834,0.9997424943680419,0.7802143781024959
Transformer,45,0.17,114421,15,21,3,0.9999737817241138,0.4166666666666667,0.9998165009349714,0.9998951351445824,0.7083202241953902,0.9998427398217719,0.9997424943680419,0.7802143781024959
Transformer,45,0.18,114421,15,21,3,0.9999737817241138,0.4166666666666667,0.9998165009349714,0.9998951351445824,0.7083202241953902,0.9998427398217719,0.9997424943680419,0.7802143781024959
Transformer,45,0.19,114421,15,21,3,0.9999737817241138,0.4166666666666667,0.9998165009349714,0.9998951351445824,0.7083202241953902,0.9998427398217719,0.9997424943680419,0.7802143781024959
Transformer,45,0.2,114421,15,21,3,0.9999737817241138,0.4166666666666667,0.9998165009349714,0.9998951351445824,0.7083202241953902,0.9998427398217719,0.9997424943680419,0.7802143781024959
Transformer,45,0.21,114419,15,21,5,0.999956302873523,0.4166666666666667,0.9998164977280671,0.9998863954138703,0.7083114847700949,0.9998252664686353,0.9997424943680419,0.7802143781024959
Transformer,45,0.22,114417,15,21,7,0.9999388240229322,0.4166666666666667,0.9998164945210507,0.999877655530407,0.7083027453447994,0.9998077931154988,0.9997424943680419,0.7802143781024959
Transformer,45,0.23,114416,15,21,8,0.9999300845976369,0.4166666666666667,0.9998164929175004,0.9998732855313924,0.7082983756321518,0.9997990564389306,0.9997424943680419,0.7802143781024959
Transformer,45,0.24,114415,15,21,9,0.9999213451723414,0.4166666666666667,0.9998164913139221,0.9998689154941885,0.7082940059195041,0.9997903197623624,0.9997424943680419,0.7802143781024959
Transformer,45,0.25,114415,15,21,9,0.9999213451723414,0.4166666666666667,0.9998164913139221,0.9998689154941885,0.7082940059195041,0.9997903197623624,0.9997424943680419,0.7802143781024959
Transformer,45,0.26,114415,15,21,9,0.9999213451723414,0.4166666666666667,0.9998164913139221,0.9998689154941885,0.7082940059195041,0.9997903197623624,0.9997424943680419,0.7802143781024959
Transformer,45,0.27,114415,16,20,9,0.9999213451723414,0.4444444444444444,0.999825228295539,0.999873284424034,0.7221828948083929,0.9997815830857941,0.9997424943680419,0.7802143781024959
Transformer,45,0.28,114415,16,20,9,0.9999213451723414,0.4444444444444444,0.999825228295539,0.999873284424034,0.7221828948083929,0.9997815830857941,0.9997424943680419,0.7802143781024959
Transformer,45,0.29,114415,16,20,9,0.9999213451723414,0.4444444444444444,0.999825228295539,0.999873284424034,0.7221828948083929,0.9997815830857941,0.9997424943680419,0.7802143781024959
Transformer,45,0.3,114415,16,20,9,0.9999213451723414,0.4444444444444444,0.999825228295539,0.999873284424034,0.7221828948083929,0.9997815830857941,0.9997424943680419,0.7802143781024959
Transformer,45,0.31,114414,16,20,10,0.9999126057470461,0.4444444444444444,0.9998252267682681,0.9998689143486355,0.7221785250957453,0.9997728464092259,0.9997424943680419,0.7802143781024959
Transformer,45,0.32,114414,16,20,10,0.9999126057470461,0.4444444444444444,0.9998252267682681,0.9998689143486355,0.7221785250957453,0.9997728464092259,0.9997424943680419,0.7802143781024959
Transformer,45,0.33,114414,16,20,10,0.9999126057470461,0.4444444444444444,0.9998252267682681,0.9998689143486355,0.7221785250957453,0.9997728464092259,0.9997424943680419,0.7802143781024959
Transformer,45,0.34,114413,16,20,11,0.9999038663217507,0.4444444444444444,0.9998252252409707,0.9998645442350463,0.7221741553830976,0.9997641097326577,0.9997424943680419,0.7802143781024959
Transformer,45,0.35000000000000003,114411,16,20,13,0.9998863874711599,0.4444444444444444,0.9998252221862957,0.9998558038932949,0.7221654159578021,0.9997466363795212,0.9997424943680419,0.7802143781024959
Transformer,45,0.36,114410,16,20,14,0.9998776480458645,0.4444444444444444,0.9998252206589181,0.9998514336651315,0.7221610462451544,0.999737899702953,0.9997424943680419,0.7802143781024959
Transformer,45,0.37,114410,16,20,14,0.9998776480458645,0.4444444444444444,0.9998252206589181,0.9998514336651315,0.7221610462451544,0.999737899702953,0.9997424943680419,0.7802143781024959
Transformer,45,0.38,114409,16,20,15,0.9998689086205691,0.4444444444444444,0.9998252191315139,0.9998470633987756,0.7221566765325067,0.9997291630263848,0.9997424943680419,0.7802143781024959
Transformer,45,0.39,114409,16,20,15,0.9998689086205691,0.4444444444444444,0.9998252191315139,0.9998470633987756,0.7221566765325067,0.9997291630263848,0.9997424943680419,0.7802143781024959
Transformer,45,0.4,114409,16,20,15,0.9998689086205691,0.4444444444444444,0.9998252191315139,0.9998470633987756,0.7221566765325067,0.9997291630263848,0.9997424943680419,0.7802143781024959
Transformer,45,0.41000000000000003,114409,17,19,15,0.9998689086205691,0.4722222222222222,0.9998339567238788,0.9998514323667698,0.7360455654213957,0.9997204263498165,0.9997424943680419,0.7802143781024959
Transformer,45,0.42,114409,17,19,15,0.9998689086205691,0.4722222222222222,0.9998339567238788,0.9998514323667698,0.7360455654213957,0.9997204263498165,0.9997424943680419,0.7802143781024959
Transformer,45,0.43,114409,17,19,15,0.9998689086205691,0.4722222222222222,0.9998339567238788,0.9998514323667698,0.7360455654213957,0.9997204263498165,0.9997424943680419,0.7802143781024959
Transformer,45,0.44,114409,17,19,15,0.9998689086205691,0.4722222222222222,0.9998339567238788,0.9998514323667698,0.7360455654213957,0.9997204263498165,0.9997424943680419,0.7802143781024959
Transformer,45,0.45,114409,18,18,15,0.9998689086205691,0.5,0.9998426944689628,0.9998558013729457,0.7499344543102846,0.9997116896732483,0.9997424943680419,0.7802143781024959
Transformer,45,0.46,114409,18,18,15,0.9998689086205691,0.5,0.9998426944689628,0.9998558013729457,0.7499344543102846,0.9997116896732483,0.9997424943680419,0.7802143781024959
Transformer,45,0.47000000000000003,114409,19,17,15,0.9998689086205691,0.5277777777777778,0.9998514323667698,0.9998601704173039,0.7638233431991734,0.9997029529966801,0.9997424943680419,0.7802143781024959
Transformer,45,0.48,114409,19,17,15,0.9998689086205691,0.5277777777777778,0.9998514323667698,0.9998601704173039,0.7638233431991734,0.9997029529966801,0.9997424943680419,0.7802143781024959
Transformer,45,0.49,114409,19,17,15,0.9998689086205691,0.5277777777777778,0.9998514323667698,0.9998601704173039,0.7638233431991734,0.9997029529966801,0.9997424943680419,0.7802143781024959
Transformer,45,0.5,114409,20,16,15,0.9998689086205691,0.5555555555555556,0.9998601704173039,0.9998645394998449,0.7777122320880623,0.9996942163201118,0.9997424943680419,0.7802143781024959
Transformer,45,0.51,114409,20,16,15,0.9998689086205691,0.5555555555555556,0.9998601704173039,0.9998645394998449,0.7777122320880623,0.9996942163201118,0.9997424943680419,0.7802143781024959
Transformer,45,0.52,114409,20,16,15,0.9998689086205691,0.5555555555555556,0.9998601704173039,0.9998645394998449,0.7777122320880623,0.9996942163201118,0.9997424943680419,0.7802143781024959
Transformer,45,0.53,114409,20,16,15,0.9998689086205691,0.5555555555555556,0.9998601704173039,0.9998645394998449,0.7777122320880623,0.9996942163201118,0.9997424943680419,0.7802143781024959
Transformer,45,0.54,114409,21,15,15,0.9998689086205691,0.5833333333333334,0.9998689086205691,0.9998689086205691,0.7916011209769512,0.9996854796435436,0.9997424943680419,0.7802143781024959
Transformer,45,0.55,114409,21,15,15,0.9998689086205691,0.5833333333333334,0.9998689086205691,0.9998689086205691,0.7916011209769512,0.9996854796435436,0.9997424943680419,0.7802143781024959
Transformer,45,0.56,114409,22,14,15,0.9998689086205691,0.6111111111111112,0.9998776469765694,0.9998732777794771,0.8054900098658402,0.9996767429669754,0.9997424943680419,0.7802143781024959
Transformer,45,0.5700000000000001,114409,23,13,15,0.9998689086205691,0.6388888888888888,0.9998863854853087,0.9998776469765694,0.819378898754729,0.9996680062904071,0.9997424943680419,0.7802143781024959
Transformer,45,0.58,114409,23,13,15,0.9998689086205691,0.6388888888888888,0.9998863854853087,0.9998776469765694,0.819378898754729,0.9996680062904071,0.9997424943680419,0.7802143781024959
Transformer,45,0.59,114409,24,12,15,0.9998689086205691,0.6666666666666666,0.9998951241467913,0.9998820162118465,0.8332677876436179,0.9996592696138389,0.9997424943680419,0.7802143781024959
Transformer,45,0.6,114409,25,11,15,0.9998689086205691,0.6944444444444444,0.9999038629610209,0.9998863854853087,0.8471566765325067,0.9996505329372707,0.9997424943680419,0.7802143781024959
Transformer,45,0.61,114409,25,11,15,0.9998689086205691,0.6944444444444444,0.9999038629610209,0.9998863854853087,0.8471566765325067,0.9996505329372707,0.9997424943680419,0.7802143781024959
Transformer,45,0.62,114409,25,11,15,0.9998689086205691,0.6944444444444444,0.9999038629610209,0.9998863854853087,0.8471566765325067,0.9996505329372707,0.9997424943680419,0.7802143781024959
Transformer,45,0.63,114409,26,10,15,0.9998689086205691,0.7222222222222222,0.9999126019280015,0.9998907547969569,0.8610455654213957,0.9996417962607024,0.9997424943680419,0.7802143781024959
Transformer,45,0.64,114409,26,10,15,0.9998689086205691,0.7222222222222222,0.9999126019280015,0.9998907547969569,0.8610455654213957,0.9996417962607024,0.9997424943680419,0.7802143781024959
Transformer,45,0.65,114409,26,10,15,0.9998689086205691,0.7222222222222222,0.9999126019280015,0.9998907547969569,0.8610455654213957,0.9996417962607024,0.9997424943680419,0.7802143781024959
Transformer,45,0.66,114409,26,10,15,0.9998689086205691,0.7222222222222222,0.9999126019280015,0.9998907547969569,0.8610455654213957,0.9996417962607024,0.9997424943680419,0.7802143781024959
Transformer,45,0.67,114409,26,10,15,0.9998689086205691,0.7222222222222222,0.9999126019280015,0.9998907547969569,0.8610455654213957,0.9996417962607024,0.9997424943680419,0.7802143781024959
Transformer,45,0.68,114409,26,10,15,0.9998689086205691,0.7222222222222222,0.9999126019280015,0.9998907547969569,0.8610455654213957,0.9996417962607024,0.9997424943680419,0.7802143781024959
Transformer,45,0.6900000000000001,114409,26,10,15,0.9998689086205691,0.7222222222222222,0.9999126019280015,0.9998907547969569,0.8610455654213957,0.9996417962607024,0.9997424943680419,0.7802143781024959
Transformer,45,0.7000000000000001,114409,26,10,15,0.9998689086205691,0.7222222222222222,0.9999126019280015,0.9998907547969569,0.8610455654213957,0.9996417962607024,0.9997424943680419,0.7802143781024959
Transformer,45,0.71,114409,26,10,15,0.9998689086205691,0.7222222222222222,0.9999126019280015,0.9998907547969569,0.8610455654213957,0.9996417962607024,0.9997424943680419,0.7802143781024959
Transformer,45,0.72,114066,26,10,358,0.9968712857442494,0.7222222222222222,0.9999123391423261,0.9983894967177243,0.8595467539832358,0.9966451161977984,0.9997424943680419,0.7802143781024959
Transformer,45,0.73,113241,26,10,1183,0.9896612598755505,0.7222222222222222,0.9999117005589354,0.9947600746678379,0.8559417410488863,0.9894373580290058,0.9997424943680419,0.7802143781024959
Transformer,45,0.74,110693,26,10,3731,0.9673932042228903,0.7222222222222222,0.9999096682113403,0.9833827128687364,0.8448077132225562,0.967176306133147,0.9997424943680419,0.7802143781024959
Transformer,45,0.75,104069,26,10,10355,0.9095032510662099,0.7222222222222222,0.9999039191383469,0.952563580362741,0.815862736644216,0.9093045605451686,0.9997424943680419,0.7802143781024959
Transformer,45,0.76,95696,26,10,18728,0.8363280430678879,0.7222222222222222,0.9998955133429461,0.910826631133108,0.7792751326450551,0.83615236763935,0.9997424943680419,0.7802143781024959
Transformer,45,0.77,91847,26,10,22577,0.8026899951059219,0.7222222222222222,0.9998911351339582,0.8905037303484082,0.762456108664072,0.8025248995282195,0.9997424943680419,0.7802143781024959
Transformer,45,0.78,88489,26,10,25935,0.7733430049639936,0.7222222222222222,0.9998870043729308,0.8721436209793862,0.7477826135931078,0.7731871396120915,0.9997424943680419,0.7802143781024959
Transformer,45,0.79,84317,26,10,30107,0.7368821226316158,0.7222222222222222,0.9998814140192347,0.8484686869500028,0.7295521724269189,0.7367377249694216,0.9997424943680419,0.7802143781024959
Transformer,45,0.8,80742,26,10,33682,0.7056386772005873,0.7222222222222222,0.9998761640578562,0.8273763167602574,0.7139304497114047,0.7055041062379871,0.9997424943680419,0.7802143781024959
Transformer,45,0.81,74930,27,9,39494,0.6548451373837656,0.75,0.999879902320554,0.7913900814837111,0.7024225686918828,0.6547178053468461,0.9997424943680419,0.7802143781024959
Transformer,45,0.8200000000000001,67651,27,9,46773,0.5912308606586031,0.75,0.9998669819686669,0.7430746248983986,0.6706154303293015,0.5911235366066748,0.9997424943680419,0.7802143781024959
Transformer,45,0.8300000000000001,60687,27,9,53737,0.5303695029014892,0.75,0.9998517200474496,0.6930904522613065,0.6401847514507446,0.5302813209854971,0.9997424943680419,0.7802143781024959
Transformer,45,0.84,57048,27,9,57376,0.4985667342515556,0.75,0.9998422630001578,0.6653565118001411,0.6242833671257778,0.4984885549536956,0.9997424943680419,0.7802143781024959
Transformer,45,0.85,53452,27,9,60972,0.4671397608893239,0.75,0.9998316529806776,0.6367692170235578,0.608569880444662,0.46707146601432814,0.9997424943680419,0.7802143781024959
Transformer,45,0.86,47091,27,9,67333,0.4115482765853318,0.75,0.9998089171974522,0.5830836284391174,0.5807741382926659,0.4114974663637952,0.9997424943680419,0.7802143781024959
Transformer,45,0.87,44509,27,9,69915,0.38898308047262814,0.75,0.9997978345837639,0.560065936001812,0.5694915402363141,0.38893936746461644,0.9997424943680419,0.7802143781024959
Transformer,45,0.88,40216,27,9,74208,0.3514647276795078,0.75,0.9997762585456805,0.5200938900348531,0.5507323638397539,0.3514328149571903,0.9997424943680419,0.7802143781024959
Transformer,45,0.89,32819,28,8,81605,0.2868191987694889,0.7777777777777778,0.99975629816919,0.4457558862079035,0.5322984882736334,0.28679888170539924,0.9997424943680419,0.7802143781024959
Transformer,45,0.9,24878,30,6,89546,0.2174194224987765,0.8333333333333334,0.9997588812088088,0.3571654176357424,0.525376377916055,0.21740345972392103,0.9997424943680419,0.7802143781024959
Transformer,45,0.91,16443,32,4,97981,0.1437023701321401,0.8888888888888888,0.999756794552198,0.2512856171344301,0.5162956295105144,0.14369211951773544,0.9997424943680419,0.7802143781024959
Transformer,45,0.92,14115,33,3,100309,0.1233569880444662,0.9166666666666666,0.9997875053123672,0.21961693454279535,0.5200118273555664,0.12334439979031976,0.9997424943680419,0.7802143781024959
Transformer,45,0.93,5811,34,2,108613,0.050784800391526254,0.9444444444444444,0.9996559435747463,0.09665909828089524,0.4976146224179853,0.05078630089114101,0.9997424943680419,0.7802143781024959
Transformer,45,0.9400000000000001,17,34,2,114407,0.00014857023002167377,0.9444444444444444,0.8947368421052632,0.00029709112833462947,0.47229650733723305,0.00016599685479643544,0.9997424943680419,0.7802143781024959
Transformer,45,0.9500000000000001,0,36,0,114424,0.0,1.0,0.0,0.0,0.5,0.0,0.9997424943680419,0.7802143781024959
Transformer,45,0.96,0,36,0,114424,0.0,1.0,0.0,0.0,0.5,0.0,0.9997424943680419,0.7802143781024959
Transformer,45,0.97,0,36,0,114424,0.0,1.0,0.0,0.0,0.5,0.0,0.9997424943680419,0.7802143781024959
Transformer,45,0.98,0,36,0,114424,0.0,1.0,0.0,0.0,0.5,0.0,0.9997424943680419,0.7802143781024959
Transformer,45,0.99,0,36,0,114424,0.0,1.0,0.0,0.0,0.5,0.0,0.9997424943680419,0.7802143781024959
Transformer,45,1.0,0,36,0,114424,0.0,1.0,0.0,0.0,0.5,0.0,0.9997424943680419,0.7802143781024959
Transformer-DANN,45,0.0,114424,0,36,0,1.0,0.0,0.9996854796435436,0.9998427150871184,0.5,1.0,0.9998320113578466,0.8926832560379718
Transformer-DANN,45,0.01,114424,0,36,0,1.0,0.0,0.9996854796435436,0.9998427150871184,0.5,1.0,0.9998320113578466,0.8926832560379718
Transformer-DANN,45,0.02,114424,0,36,0,1.0,0.0,0.9996854796435436,0.9998427150871184,0.5,1.0,0.9998320113578466,0.8926832560379718
Transformer-DANN,45,0.03,114424,0,36,0,1.0,0.0,0.9996854796435436,0.9998427150871184,0.5,1.0,0.9998320113578466,0.8926832560379718
Transformer-DANN,45,0.04,114424,0,36,0,1.0,0.0,0.9996854796435436,0.9998427150871184,0.5,1.0,0.9998320113578466,0.8926832560379718
Transformer-DANN,45,0.05,114424,0,36,0,1.0,0.0,0.9996854796435436,0.9998427150871184,0.5,1.0,0.9998320113578466,0.8926832560379718
Transformer-DANN,45,0.06,114424,0,36,0,1.0,0.0,0.9996854796435436,0.9998427150871184,0.5,1.0,0.9998320113578466,0.8926832560379718
Transformer-DANN,45,0.07,114424,0,36,0,1.0,0.0,0.9996854796435436,0.9998427150871184,0.5,1.0,0.9998320113578466,0.8926832560379718
Transformer-DANN,45,0.08,114424,0,36,0,1.0,0.0,0.9996854796435436,0.9998427150871184,0.5,1.0,0.9998320113578466,0.8926832560379718
Transformer-DANN,45,0.09,114424,0,36,0,1.0,0.0,0.9996854796435436,0.9998427150871184,0.5,1.0,0.9998320113578466,0.8926832560379718
Transformer-DANN,45,0.1,114424,0,36,0,1.0,0.0,0.9996854796435436,0.9998427150871184,0.5,1.0,0.9998320113578466,0.8926832560379718
Transformer-DANN,45,0.11,114424,0,36,0,1.0,0.0,0.9996854796435436,0.9998427150871184,0.5,1.0,0.9998320113578466,0.8926832560379718
Transformer-DANN,45,0.12,114424,0,36,0,1.0,0.0,0.9996854796435436,0.9998427150871184,0.5,1.0,0.9998320113578466,0.8926832560379718
Transformer-DANN,45,0.13,114424,0,36,0,1.0,0.0,0.9996854796435436,0.9998427150871184,0.5,1.0,0.9998320113578466,0.8926832560379718
Transformer-DANN,45,0.14,114424,0,36,0,1.0,0.0,0.9996854796435436,0.9998427150871184,0.5,1.0,0.9998320113578466,0.8926832560379718
Transformer-DANN,45,0.15,114424,0,36,0,1.0,0.0,0.9996854796435436,0.9998427150871184,0.5,1.0,0.9998320113578466,0.8926832560379718
Transformer-DANN,45,0.16,114424,0,36,0,1.0,0.0,0.9996854796435436,0.9998427150871184,0.5,1.0,0.9998320113578466,0.8926832560379718
Transformer-DANN,45,0.17,114424,0,36,0,1.0,0.0,0.9996854796435436,0.9998427150871184,0.5,1.0,0.9998320113578466,0.8926832560379718
Transformer-DANN,45,0.18,114424,0,36,0,1.0,0.0,0.9996854796435436,0.9998427150871184,0.5,1.0,0.9998320113578466,0.8926832560379718
Transformer-DANN,45,0.19,114424,0,36,0,1.0,0.0,0.9996854796435436,0.9998427150871184,0.5,1.0,0.9998320113578466,0.8926832560379718
Transformer-DANN,45,0.2,114424,0,36,0,1.0,0.0,0.9996854796435436,0.9998427150871184,0.5,1.0,0.9998320113578466,0.8926832560379718
Transformer-DANN,45,0.21,114424,0,36,0,1.0,0.0,0.9996854796435436,0.9998427150871184,0.5,1.0,0.9998320113578466,0.8926832560379718
Transformer-DANN,45,0.22,114424,0,36,0,1.0,0.0,0.9996854796435436,0.9998427150871184,0.5,1.0,0.9998320113578466,0.8926832560379718
Transformer-DANN,45,0.23,114424,0,36,0,1.0,0.0,0.9996854796435436,0.9998427150871184,0.5,1.0,0.9998320113578466,0.8926832560379718
Transformer-DANN,45,0.24,114424,0,36,0,1.0,0.0,0.9996854796435436,0.9998427150871184,0.5,1.0,0.9998320113578466,0.8926832560379718
Transformer-DANN,45,0.25,114424,0,36,0,1.0,0.0,0.9996854796435436,0.9998427150871184,0.5,1.0,0.9998320113578466,0.8926832560379718
Transformer-DANN,45,0.26,114424,0,36,0,1.0,0.0,0.9996854796435436,0.9998427150871184,0.5,1.0,0.9998320113578466,0.8926832560379718
Transformer-DANN,45,0.27,114424,0,36,0,1.0,0.0,0.9996854796435436,0.9998427150871184,0.5,1.0,0.9998320113578466,0.8926832560379718
Transformer-DANN,45,0.28,114424,0,36,0,1.0,0.0,0.9996854796435436,0.9998427150871184,0.5,1.0,0.9998320113578466,0.8926832560379718
Transformer-DANN,45,0.29,114424,0,36,0,1.0,0.0,0.9996854796435436,0.9998427150871184,0.5,1.0,0.9998320113578466,0.8926832560379718
Transformer-DANN,45,0.3,114424,0,36,0,1.0,0.0,0.9996854796435436,0.9998427150871184,0.5,1.0,0.9998320113578466,0.8926832560379718
Transformer-DANN,45,0.31,114424,0,36,0,1.0,0.0,0.9996854796435436,0.9998427150871184,0.5,1.0,0.9998320113578466,0.8926832560379718
Transformer-DANN,45,0.32,114424,0,36,0,1.0,0.0,0.9996854796435436,0.9998427150871184,0.5,1.0,0.9998320113578466,0.8926832560379718
Transformer-DANN,45,0.33,114423,0,36,1,0.9999912605747046,0.0,0.999685476895657,0.9998383453554873,0.4999956302873523,0.9999912633234318,0.9998320113578466,0.8926832560379718
Transformer-DANN,45,0.34,114423,1,35,1,0.9999912605747046,0.027777777777777776,0.9996942109769522,0.9998427137127428,0.5138845191762411,0.9999825266468635,0.9998320113578466,0.8926832560379718
Transformer-DANN,45,0.35000000000000003,114423,1,35,1,0.9999912605747046,0.027777777777777776,0.9996942109769522,0.9998427137127428,0.5138845191762411,0.9999825266468635,0.9998320113578466,0.8926832560379718
Transformer-DANN,45,0.36,114423,1,35,1,0.9999912605747046,0.027777777777777776,0.9996942109769522,0.9998427137127428,0.5138845191762411,0.9999825266468635,0.9998320113578466,0.8926832560379718
Transformer-DANN,45,0.37,114423,1,35,1,0.9999912605747046,0.027777777777777776,0.9996942109769522,0.9998427137127428,0.5138845191762411,0.9999825266468635,0.9998320113578466,0.8926832560379718
Transformer-DANN,45,0.38,114423,4,32,1,0.9999912605747046,0.1111111111111111,0.9997204141365602,0.9998558190135399,0.5555511858429079,0.9999563166171588,0.9998320113578466,0.8926832560379718
Transformer-DANN,45,0.39,114423,5,31,1,0.9999912605747046,0.1388888888888889,0.9997291488283503,0.9998601875234842,0.5694400747317967,0.9999475799405906,0.9998320113578466,0.8926832560379718
Transformer-DANN,45,0.4,114423,5,31,1,0.9999912605747046,0.1388888888888889,0.9997291488283503,0.9998601875234842,0.5694400747317967,0.9999475799405906,0.9998320113578466,0.8926832560379718
Transformer-DANN,45,0.41000000000000003,114423,5,31,1,0.9999912605747046,0.1388888888888889,0.9997291488283503,0.9998601875234842,0.5694400747317967,0.9999475799405906,0.9998320113578466,0.8926832560379718
Transformer-DANN,45,0.42,114423,5,31,1,0.9999912605747046,0.1388888888888889,0.9997291488283503,0.9998601875234842,0.5694400747317967,0.9999475799405906,0.9998320113578466,0.8926832560379718
Transformer-DANN,45,0.43,114423,5,31,1,0.9999912605747046,0.1388888888888889,0.9997291488283503,0.9998601875234842,0.5694400747317967,0.9999475799405906,0.9998320113578466,0.8926832560379718
Transformer-DANN,45,0.44,114423,5,31,1,0.9999912605747046,0.1388888888888889,0.9997291488283503,0.9998601875234842,0.5694400747317967,0.9999475799405906,0.9998320113578466,0.8926832560379718
Transformer-DANN,45,0.45,114423,5,31,1,0.9999912605747046,0.1388888888888889,0.9997291488283503,0.9998601875234842,0.5694400747317967,0.9999475799405906,0.9998320113578466,0.8926832560379718
Transformer-DANN,45,0.46,114423,7,29,1,0.9999912605747046,0.19444444444444445,0.9997466186698354,0.9998689246578933,0.5972178525095745,0.9999301065874542,0.9998320113578466,0.8926832560379718
Transformer-DANN,45,0.47000000000000003,114423,8,28,1,0.9999912605747046,0.2222222222222222,0.9997553538195385,0.9998732932823594,0.6111067413984634,0.9999213699108859,0.9998320113578466,0.8926832560379718
Transformer-DANN,45,0.48,114423,8,28,1,0.9999912605747046,0.2222222222222222,0.9997553538195385,0.9998732932823594,0.6111067413984634,0.9999213699108859,0.9998320113578466,0.8926832560379718
Transformer-DANN,45,0.49,114412,10,26,12,0.9998951268964553,0.2777777777777778,0.9997728027403485,0.9998339610769809,0.6388364523371166,0.9998077931154988,0.9998320113578466,0.8926832560379718
Transformer-DANN,45,0.5,114385,12,24,39,0.9996591624134797,0.3333333333333333,0.999790226293386,0.9997246900578151,0.6664962478734066,0.99955442949502,0.9998320113578466,0.8926832560379718
Transformer-DANN,45,0.51,114385,13,23,39,0.9996591624134797,0.3611111111111111,0.9997989651073351,0.9997290588728849,0.6803851367622954,0.9995456928184518,0.9998320113578466,0.8926832560379718
Transformer-DANN,45,0.52,114385,14,22,39,0.9996591624134797,0.3888888888888889,0.9998077040740514,0.9997334277261385,0.6942740256511843,0.9995369561418836,0.9998320113578466,0.8926832560379718
Transformer-DANN,45,0.53,114385,14,22,39,0.9996591624134797,0.3888888888888889,0.9998077040740514,0.9997334277261385,0.6942740256511843,0.9995369561418836,0.9998320113578466,0.8926832560379718
Transformer-DANN,45,0.54,114385,14,22,39,0.9996591624134797,0.3888888888888889,0.9998077040740514,0.9997334277261385,0.6942740256511843,0.9995369561418836,0.9998320113578466,0.8926832560379718
Transformer-DANN,45,0.55,114385,14,22,39,0.9996591624134797,0.3888888888888889,0.9998077040740514,0.9997334277261385,0.6942740256511843,0.9995369561418836,0.9998320113578466,0.8926832560379718
Transformer-DANN,45,0.56,114385,15,21,39,0.9996591624134797,0.4166666666666667,0.9998164431935388,0.9997377966175763,0.7081629145400732,0.9995282194653154,0.9998320113578466,0.8926832560379718
Transformer-DANN,45,0.5700000000000001,114385,18,18,39,0.9996591624134797,0.5,0.9998426614686677,0.9997509035210006,0.7498295812067399,0.9995020094356107,0.9998320113578466,0.8926832560379718
Transformer-DANN,45,0.58,114385,18,18,39,0.9996591624134797,0.5,0.9998426614686677,0.9997509035210006,0.7498295812067399,0.9995020094356107,0.9998320113578466,0.8926832560379718
Transformer-DANN,45,0.59,114385,18,18,39,0.9996591624134797,0.5,0.9998426614686677,0.9997509035210006,0.7498295812067399,0.9995020094356107,0.9998320113578466,0.8926832560379718
Transformer-DANN,45,0.6,114385,19,17,39,0.9996591624134797,0.5277777777777778,0.9998514011992797,0.9997552725651805,0.7637184700956288,0.9994932727590424,0.9998320113578466,0.8926832560379718
Transformer-DANN,45,0.61,114385,22,14,39,0.9996591624134797,0.6111111111111112,0.9998776213078786,0.999768379926843,0.8053851367622955,0.9994670627293377,0.9998320113578466,0.8926832560379718
Transformer-DANN,45,0.62,114385,22,14,39,0.9996591624134797,0.6111111111111112,0.9998776213078786,0.999768379926843,0.8053851367622955,0.9994670627293377,0.9998320113578466,0.8926832560379718
Transformer-DANN,45,0.63,114385,22,14,39,0.9996591624134797,0.6111111111111112,0.9998776213078786,0.999768379926843,0.8053851367622955,0.9994670627293377,0.9998320113578466,0.8926832560379718
Transformer-DANN,45,0.64,114385,22,14,39,0.9996591624134797,0.6111111111111112,0.9998776213078786,0.999768379926843,0.8053851367622955,0.9994670627293377,0.9998320113578466,0.8926832560379718
Transformer-DANN,45,0.65,114385,23,13,39,0.9996591624134797,0.6388888888888888,0.9998863616496791,0.9997727491237731,0.8192740256511843,0.9994583260527695,0.9998320113578466,0.8926832560379718
Transformer-DANN,45,0.66,114385,23,13,39,0.9996591624134797,0.6388888888888888,0.9998863616496791,0.9997727491237731,0.8192740256511843,0.9994583260527695,0.9998320113578466,0.8926832560379718
Transformer-DANN,45,0.67,114385,23,13,39,0.9996591624134797,0.6388888888888888,0.9998863616496791,0.9997727491237731,0.8192740256511843,0.9994583260527695,0.9998320113578466,0.8926832560379718
Transformer-DANN,45,0.68,114385,23,13,39,0.9996591624134797,0.6388888888888888,0.9998863616496791,0.9997727491237731,0.8192740256511843,0.9994583260527695,0.9998320113578466,0.8926832560379718
Transformer-DANN,45,0.6900000000000001,114385,23,13,39,0.9996591624134797,0.6388888888888888,0.9998863616496791,0.9997727491237731,0.8192740256511843,0.9994583260527695,0.9998320113578466,0.8926832560379718
Transformer-DANN,45,0.7000000000000001,114385,23,13,39,0.9996591624134797,0.6388888888888888,0.9998863616496791,0.9997727491237731,0.8192740256511843,0.9994583260527695,0.9998320113578466,0.8926832560379718
Transformer-DANN,45,0.71,114384,23,13,40,0.9996504229881843,0.6388888888888888,0.9998863606563109,0.9997683779023778,0.8192696559385366,0.9994495893762013,0.9998320113578466,0.8926832560379718
Transformer-DANN,45,0.72,114384,23,13,40,0.9996504229881843,0.6388888888888888,0.9998863606563109,0.9997683779023778,0.8192696559385366,0.9994495893762013,0.9998320113578466,0.8926832560379718
Transformer-DANN,45,0.73,114384,23,13,40,0.9996504229881843,0.6388888888888888,0.9998863606563109,0.9997683779023778,0.8192696559385366,0.9994495893762013,0.9998320113578466,0.8926832560379718
Transformer-DANN,45,0.74,114383,23,13,41,0.9996416835628888,0.6388888888888888,0.9998863596629253,0.999764006642776,0.8192652862258889,0.999440852699633,0.9998320113578466,0.8926832560379718
Transformer-DANN,45,0.75,114383,23,13,41,0.9996416835628888,0.6388888888888888,0.9998863596629253,0.999764006642776,0.8192652862258889,0.999440852699633,0.9998320113578466,0.8926832560379718
Transformer-DANN,45,0.76,114383,23,13,41,0.9996416835628888,0.6388888888888888,0.9998863596629253,0.999764006642776,0.8192652862258889,0.999440852699633,0.9998320113578466,0.8926832560379718
Transformer-DANN,45,0.77,114383,23,13,41,0.9996416835628888,0.6388888888888888,0.9998863596629253,0.999764006642776,0.8192652862258889,0.999440852699633,0.9998320113578466,0.8926832560379718
Transformer-DANN,45,0.78,114383,23,13,41,0.9996416835628888,0.6388888888888888,0.9998863596629253,0.999764006642776,0.8192652862258889,0.999440852699633,0.9998320113578466,0.8926832560379718
Transformer-DANN,45,0.79,114382,23,13,42,0.9996329441375935,0.6388888888888888,0.9998863586695222,0.999759635344967,0.8192609165132412,0.9994321160230648,0.9998320113578466,0.8926832560379718
Transformer-DANN,45,0.8,114382,23,13,42,0.9996329441375935,0.6388888888888888,0.9998863586695222,0.999759635344967,0.8192609165132412,0.9994321160230648,0.9998320113578466,0.8926832560379718
Transformer-DANN,45,0.81,114382,24,12,42,0.9996329441375935,0.6666666666666666,0.9998950993933248,0.9997640045800592,0.83314980540213,0.9994233793464966,0.9998320113578466,0.8926832560379718
Transformer-DANN,45,0.8200000000000001,114382,24,12,42,0.9996329441375935,0.6666666666666666,0.9998950993933248,0.9997640045800592,0.83314980540213,0.9994233793464966,0.9998320113578466,0.8926832560379718
Transformer-DANN,45,0.8300000000000001,114382,24,12,42,0.9996329441375935,0.6666666666666666,0.9998950993933248,0.9997640045800592,0.83314980540213,0.9994233793464966,0.9998320113578466,0.8926832560379718
Transformer-DANN,45,0.84,114382,24,12,42,0.9996329441375935,0.6666666666666666,0.9998950993933248,0.9997640045800592,0.83314980540213,0.9994233793464966,0.9998320113578466,0.8926832560379718
Transformer-DANN,45,0.85,114382,24,12,42,0.9996329441375935,0.6666666666666666,0.9998950993933248,0.9997640045800592,0.83314980540213,0.9994233793464966,0.9998320113578466,0.8926832560379718
Transformer-DANN,45,0.86,114382,24,12,42,0.9996329441375935,0.6666666666666666,0.9998950993933248,0.9997640045800592,0.83314980540213,0.9994233793464966,0.9998320113578466,0.8926832560379718
Transformer-DANN,45,0.87,114382,24,12,42,0.9996329441375935,0.6666666666666666,0.9998950993933248,0.9997640045800592,0.83314980540213,0.9994233793464966,0.9998320113578466,0.8926832560379718
Transformer-DANN,45,0.88,114382,24,12,42,0.9996329441375935,0.6666666666666666,0.9998950993933248,0.9997640045800592,0.83314980540213,0.9994233793464966,0.9998320113578466,0.8926832560379718
Transformer-DANN,45,0.89,114382,24,12,42,0.9996329441375935,0.6666666666666666,0.9998950993933248,0.9997640045800592,0.83314980540213,0.9994233793464966,0.9998320113578466,0.8926832560379718
Transformer-DANN,45,0.9,114382,27,9,42,0.9996329441375935,0.75,0.9999213224816638,0.9997771125144768,0.8748164720687968,0.9993971693167919,0.9998320113578466,0.8926832560379718
Transformer-DANN,45,0.91,114382,32,4,42,0.9996329441375935,0.8888888888888888,0.9999650306855734,0.9997989598356715,0.9442609165132412,0.9993534859339507,0.9998320113578466,0.8926832560379718
Transformer-DANN,45,0.92,114382,32,4,42,0.9996329441375935,0.8888888888888888,0.9999650306855734,0.9997989598356715,0.9442609165132412,0.9993534859339507,0.9998320113578466,0.8926832560379718
Transformer-DANN,45,0.93,114382,32,4,42,0.9996329441375935,0.8888888888888888,0.9999650306855734,0.9997989598356715,0.9442609165132412,0.9993534859339507,0.9998320113578466,0.8926832560379718
Transformer-DANN,45,0.9400000000000001,114382,32,4,42,0.9996329441375935,0.8888888888888888,0.9999650306855734,0.9997989598356715,0.9442609165132412,0.9993534859339507,0.9998320113578466,0.8926832560379718
Transformer-DANN,45,0.9500000000000001,114382,32,4,42,0.9996329441375935,0.8888888888888888,0.9999650306855734,0.9997989598356715,0.9442609165132412,0.9993534859339507,0.9998320113578466,0.8926832560379718
Transformer-DANN,45,0.96,114382,32,4,42,0.9996329441375935,0.8888888888888888,0.9999650306855734,0.9997989598356715,0.9442609165132412,0.9993534859339507,0.9998320113578466,0.8926832560379718
Transformer-DANN,45,0.97,114382,32,4,42,0.9996329441375935,0.8888888888888888,0.9999650306855734,0.9997989598356715,0.9442609165132412,0.9993534859339507,0.9998320113578466,0.8926832560379718
Transformer-DANN,45,0.98,114382,32,4,42,0.9996329441375935,0.8888888888888888,0.9999650306855734,0.9997989598356715,0.9442609165132412,0.9993534859339507,0.9998320113578466,0.8926832560379718
Transformer-DANN,45,0.99,0,36,0,114424,0.0,1.0,0.0,0.0,0.5,0.0,0.9998320113578466,0.8926832560379718
Transformer-DANN,45,1.0,0,36,0,114424,0.0,1.0,0.0,0.0,0.5,0.0,0.9998320113578466,0.8926832560379718
MLP,46,0.0,114424,0,36,0,1.0,0.0,0.9996854796435436,0.9998427150871184,0.5,1.0,0.9991370899026293,0.6941994977743596
MLP,46,0.01,114424,3,33,0,1.0,0.08333333333333333,0.999711682116428,0.9998558202734172,0.5416666666666666,0.9999737899702953,0.9991370899026293,0.6941994977743596
MLP,46,0.02,114424,3,33,0,1.0,0.08333333333333333,0.999711682116428,0.9998558202734172,0.5416666666666666,0.9999737899702953,0.9991370899026293,0.6941994977743596
MLP,46,0.03,114424,3,33,0,1.0,0.08333333333333333,0.999711682116428,0.9998558202734172,0.5416666666666666,0.9999737899702953,0.9991370899026293,0.6941994977743596
MLP,46,0.04,114424,4,32,0,1.0,0.1111111111111111,0.9997204165792969,0.999860188745194,0.5555555555555556,0.9999650532937271,0.9991370899026293,0.6941994977743596
MLP,46,0.05,114424,7,29,0,1.0,0.19444444444444445,0.9997466208836815,0.999873294389563,0.5972222222222222,0.9999388432640224,0.9991370899026293,0.6941994977743596
MLP,46,0.06,114424,8,28,0,1.0,0.2222222222222222,0.9997553559570824,0.9998776630140338,0.6111111111111112,0.9999301065874542,0.9991370899026293,0.6941994977743596
MLP,46,0.07,114424,9,27,0,1.0,0.25,0.9997640911831264,0.9998820316766794,0.625,0.9999213699108859,0.9991370899026293,0.6941994977743596
MLP,46,0.08,114424,10,26,0,1.0,0.2777777777777778,0.9997728265618174,0.9998864003775003,0.6388888888888888,0.9999126332343177,0.9991370899026293,0.6941994977743596
MLP,46,0.09,114424,10,26,0,1.0,0.2777777777777778,0.9997728265618174,0.9998864003775003,0.6388888888888888,0.9999126332343177,0.9991370899026293,0.6941994977743596
MLP,46,0.1,114424,11,25,0,1.0,0.3055555555555556,0.9997815620931594,0.9998907691164969,0.6527777777777778,0.9999038965577495,0.9991370899026293,0.6941994977743596
MLP,46,0.11,114424,11,25,0,1.0,0.3055555555555556,0.9997815620931594,0.9998907691164969,0.6527777777777778,0.9999038965577495,0.9991370899026293,0.6941994977743596
MLP,46,0.12,114424,11,25,0,1.0,0.3055555555555556,0.9997815620931594,0.9998907691164969,0.6527777777777778,0.9999038965577495,0.9991370899026293,0.6941994977743596
MLP,46,0.13,114424,11,25,0,1.0,0.3055555555555556,0.9997815620931594,0.9998907691164969,0.6527777777777778,0.9999038965577495,0.9991370899026293,0.6941994977743596
MLP,46,0.14,114424,11,25,0,1.0,0.3055555555555556,0.9997815620931594,0.9998907691164969,0.6527777777777778,0.9999038965577495,0.9991370899026293,0.6941994977743596
MLP,46,0.15,114424,11,25,0,1.0,0.3055555555555556,0.9997815620931594,0.9998907691164969,0.6527777777777778,0.9999038965577495,0.9991370899026293,0.6941994977743596
MLP,46,0.16,114424,11,25,0,1.0,0.3055555555555556,0.9997815620931594,0.9998907691164969,0.6527777777777778,0.9999038965577495,0.9991370899026293,0.6941994977743596
MLP,46,0.17,114424,11,25,0,1.0,0.3055555555555556,0.9997815620931594,0.9998907691164969,0.6527777777777778,0.9999038965577495,0.9991370899026293,0.6941994977743596
MLP,46,0.18,114424,11,25,0,1.0,0.3055555555555556,0.9997815620931594,0.9998907691164969,0.6527777777777778,0.9999038965577495,0.9991370899026293,0.6941994977743596
MLP,46,0.19,114424,11,25,0,1.0,0.3055555555555556,0.9997815620931594,0.9998907691164969,0.6527777777777778,0.9999038965577495,0.9991370899026293,0.6941994977743596
MLP,46,0.2,114424,11,25,0,1.0,0.3055555555555556,0.9997815620931594,0.9998907691164969,0.6527777777777778,0.9999038965577495,0.9991370899026293,0.6941994977743596
MLP,46,0.21,114424,11,25,0,1.0,0.3055555555555556,0.9997815620931594,0.9998907691164969,0.6527777777777778,0.9999038965577495,0.9991370899026293,0.6941994977743596
MLP,46,0.22,114424,11,25,0,1.0,0.3055555555555556,0.9997815620931594,0.9998907691164969,0.6527777777777778,0.9999038965577495,0.9991370899026293,0.6941994977743596
MLP,46,0.23,114424,11,25,0,1.0,0.3055555555555556,0.9997815620931594,0.9998907691164969,0.6527777777777778,0.9999038965577495,0.9991370899026293,0.6941994977743596
MLP,46,0.24,114424,11,25,0,1.0,0.3055555555555556,0.9997815620931594,0.9998907691164969,0.6527777777777778,0.9999038965577495,0.9991370899026293,0.6941994977743596
MLP,46,0.25,114424,11,25,0,1.0,0.3055555555555556,0.9997815620931594,0.9998907691164969,0.6527777777777778,0.9999038965577495,0.9991370899026293,0.6941994977743596
MLP,46,0.26,114424,11,25,0,1.0,0.3055555555555556,0.9997815620931594,0.9998907691164969,0.6527777777777778,0.9999038965577495,0.9991370899026293,0.6941994977743596
MLP,46,0.27,114424,11,25,0,1.0,0.3055555555555556,0.9997815620931594,0.9998907691164969,0.6527777777777778,0.9999038965577495,0.9991370899026293,0.6941994977743596
MLP,46,0.28,114424,11,25,0,1.0,0.3055555555555556,0.9997815620931594,0.9998907691164969,0.6527777777777778,0.9999038965577495,0.9991370899026293,0.6941994977743596
MLP,46,0.29,114424,11,25,0,1.0,0.3055555555555556,0.9997815620931594,0.9998907691164969,0.6527777777777778,0.9999038965577495,0.9991370899026293,0.6941994977743596
MLP,46,0.3,114424,11,25,0,1.0,0.3055555555555556,0.9997815620931594,0.9998907691164969,0.6527777777777778,0.9999038965577495,0.9991370899026293,0.6941994977743596
MLP,46,0.31,114424,11,25,0,1.0,0.3055555555555556,0.9997815620931594,0.9998907691164969,0.6527777777777778,0.9999038965577495,0.9991370899026293,0.6941994977743596
MLP,46,0.32,114424,12,24,0,1.0,0.3333333333333333,0.9997902977771564,0.9998951378936698,0.6666666666666666,0.9998951598811812,0.9991370899026293,0.6941994977743596
MLP,46,0.33,114424,12,24,0,1.0,0.3333333333333333,0.9997902977771564,0.9998951378936698,0.6666666666666666,0.9998951598811812,0.9991370899026293,0.6941994977743596
MLP,46,0.34,114424,13,23,0,1.0,0.3611111111111111,0.9997990336138125,0.9998995067090195,0.6805555555555556,0.999886423204613,0.9991370899026293,0.6941994977743596
MLP,46,0.35000000000000003,114424,14,22,0,1.0,0.3888888888888889,0.9998077696031316,0.9999038755625465,0.6944444444444444,0.9998776865280448,0.9991370899026293,0.6941994977743596
MLP,46,0.36,114424,15,21,0,1.0,0.4166666666666667,0.9998165057451177,0.9999082444542511,0.7083333333333334,0.9998689498514765,0.9991370899026293,0.6941994977743596
MLP,46,0.37,114424,15,21,0,1.0,0.4166666666666667,0.9998165057451177,0.9999082444542511,0.7083333333333334,0.9998689498514765,0.9991370899026293,0.6941994977743596
MLP,46,0.38,114424,15,21,0,1.0,0.4166666666666667,0.9998165057451177,0.9999082444542511,0.7083333333333334,0.9998689498514765,0.9991370899026293,0.6941994977743596
MLP,46,0.39,114424,15,21,0,1.0,0.4166666666666667,0.9998165057451177,0.9999082444542511,0.7083333333333334,0.9998689498514765,0.9991370899026293,0.6941994977743596
MLP,46,0.4,114424,15,21,0,1.0,0.4166666666666667,0.9998165057451177,0.9999082444542511,0.7083333333333334,0.9998689498514765,0.9991370899026293,0.6941994977743596
MLP,46,0.41000000000000003,114424,15,21,0,1.0,0.4166666666666667,0.9998165057451177,0.9999082444542511,0.7083333333333334,0.9998689498514765,0.9991370899026293,0.6941994977743596
MLP,46,0.42,114424,15,21,0,1.0,0.4166666666666667,0.9998165057451177,0.9999082444542511,0.7083333333333334,0.9998689498514765,0.9991370899026293,0.6941994977743596
MLP,46,0.43,114424,15,21,0,1.0,0.4166666666666667,0.9998165057451177,0.9999082444542511,0.7083333333333334,0.9998689498514765,0.9991370899026293,0.6941994977743596
MLP,46,0.44,114424,15,21,0,1.0,0.4166666666666667,0.9998165057451177,0.9999082444542511,0.7083333333333334,0.9998689498514765,0.9991370899026293,0.6941994977743596
MLP,46,0.45,114424,15,21,0,1.0,0.4166666666666667,0.9998165057451177,0.9999082444542511,0.7083333333333334,0.9998689498514765,0.9991370899026293,0.6941994977743596
MLP,46,0.46,114424,15,21,0,1.0,0.4166666666666667,0.9998165057451177,0.9999082444542511,0.7083333333333334,0.9998689498514765,0.9991370899026293,0.6941994977743596
MLP,46,0.47000000000000003,114424,16,20,0,1.0,0.4444444444444444,0.999825242039775,0.9999126133841341,0.7222222222222222,0.9998602131749083,0.9991370899026293,0.6941994977743596
MLP,46,0.48,114424,16,20,0,1.0,0.4444444444444444,0.999825242039775,0.9999126133841341,0.7222222222222222,0.9998602131749083,0.9991370899026293,0.6941994977743596
MLP,46,0.49,114424,16,20,0,1.0,0.4444444444444444,0.999825242039775,0.9999126133841341,0.7222222222222222,0.9998602131749083,0.9991370899026293,0.6941994977743596
MLP,46,0.5,114424,16,20,0,1.0,0.4444444444444444,0.999825242039775,0.9999126133841341,0.7222222222222222,0.9998602131749083,0.9991370899026293,0.6941994977743596
MLP,46,0.51,114423,16,20,1,0.9999912605747046,0.4444444444444444,0.9998252405127444,0.9999082436524269,0.7222178525095745,0.99985147649834,0.9991370899026293,0.6941994977743596
MLP,46,0.52,114422,16,20,2,0.9999825211494092,0.4444444444444444,0.9998252389856871,0.9999038738825339,0.7222134827969269,0.9998427398217719,0.9991370899026293,0.6941994977743596
MLP,46,0.53,114421,16,20,3,0.9999737817241138,0.4444444444444444,0.9998252374586031,0.9998995040744544,0.7222091130842792,0.9998340031452035,0.9991370899026293,0.6941994977743596
MLP,46,0.54,114421,16,20,3,0.9999737817241138,0.4444444444444444,0.9998252374586031,0.9998995040744544,0.7222091130842792,0.9998340031452035,0.9991370899026293,0.6941994977743596
MLP,46,0.55,114421,16,20,3,0.9999737817241138,0.4444444444444444,0.9998252374586031,0.9998995040744544,0.7222091130842792,0.9998340031452035,0.9991370899026293,0.6941994977743596
MLP,46,0.56,114421,17,19,3,0.9999737817241138,0.4722222222222222,0.9998339741349178,0.9999038730425056,0.736098001973168,0.9998252664686353,0.9991370899026293,0.6941994977743596
MLP,46,0.5700000000000001,114421,17,19,3,0.9999737817241138,0.4722222222222222,0.9998339741349178,0.9999038730425056,0.736098001973168,0.9998252664686353,0.9991370899026293,0.6941994977743596
MLP,46,0.58,114421,17,19,3,0.9999737817241138,0.4722222222222222,0.9998339741349178,0.9999038730425056,0.736098001973168,0.9998252664686353,0.9991370899026293,0.6941994977743596
MLP,46,0.59,114421,17,19,3,0.9999737817241138,0.4722222222222222,0.9998339741349178,0.9999038730425056,0.736098001973168,0.9998252664686353,0.9991370899026293,0.6941994977743596
MLP,46,0.6,114421,17,19,3,0.9999737817241138,0.4722222222222222,0.9998339741349178,0.9999038730425056,0.736098001973168,0.9998252664686353,0.9991370899026293,0.6941994977743596
MLP,46,0.61,114421,17,19,3,0.9999737817241138,0.4722222222222222,0.9998339741349178,0.9999038730425056,0.736098001973168,0.9998252664686353,0.9991370899026293,0.6941994977743596
MLP,46,0.62,114421,17,19,3,0.9999737817241138,0.4722222222222222,0.9998339741349178,0.9999038730425056,0.736098001973168,0.9998252664686353,0.9991370899026293,0.6941994977743596
MLP,46,0.63,114421,17,19,3,0.9999737817241138,0.4722222222222222,0.9998339741349178,0.9999038730425056,0.736098001973168,0.9998252664686353,0.9991370899026293,0.6941994977743596
MLP,46,0.64,114421,17,19,3,0.9999737817241138,0.4722222222222222,0.9998339741349178,0.9999038730425056,0.736098001973168,0.9998252664686353,0.9991370899026293,0.6941994977743596
MLP,46,0.65,114420,17,19,4,0.9999650422988184,0.4722222222222222,0.9998339726841374,0.9998995031962353,0.7360936322605203,0.9998165297920671,0.9991370899026293,0.6941994977743596
MLP,46,0.66,114420,17,19,4,0.9999650422988184,0.4722222222222222,0.9998339726841374,0.9998995031962353,0.7360936322605203,0.9998165297920671,0.9991370899026293,0.6941994977743596
MLP,46,0.67,114420,17,19,4,0.9999650422988184,0.4722222222222222,0.9998339726841374,0.9998995031962353,0.7360936322605203,0.9998165297920671,0.9991370899026293,0.6941994977743596
MLP,46,0.68,114420,17,19,4,0.9999650422988184,0.4722222222222222,0.9998339726841374,0.9998995031962353,0.7360936322605203,0.9998165297920671,0.9991370899026293,0.6941994977743596
MLP,46,0.6900000000000001,114420,17,19,4,0.9999650422988184,0.4722222222222222,0.9998339726841374,0.9998995031962353,0.7360936322605203,0.9998165297920671,0.9991370899026293,0.6941994977743596
MLP,46,0.7000000000000001,114420,17,19,4,0.9999650422988184,0.4722222222222222,0.9998339726841374,0.9998995031962353,0.7360936322605203,0.9998165297920671,0.9991370899026293,0.6941994977743596
MLP,46,0.71,114420,18,18,4,0.9999650422988184,0.5,0.9998427095894721,0.9999038722024626,0.7499825211494092,0.9998077931154988,0.9991370899026293,0.6941994977743596
MLP,46,0.72,114420,19,17,4,0.9999650422988184,0.5277777777777778,0.9998514466475004,0.9999082412468704,0.7638714100382982,0.9997990564389306,0.9991370899026293,0.6941994977743596
MLP,46,0.73,114420,22,14,4,0.9999650422988184,0.6111111111111112,0.9998776587377877,0.9999213486091812,0.8055380767049648,0.9997728464092259,0.9991370899026293,0.6941994977743596
MLP,46,0.74,114419,23,13,5,0.999956302873523,0.6388888888888888,0.9998863954138703,0.9999213479218373,0.8194225958812059,0.9997553730560894,0.9991370899026293,0.6941994977743596
MLP,46,0.75,114415,23,13,9,0.9999213451723414,0.6388888888888888,0.9998863914426539,0.9999038680020275,0.8194051170306151,0.9997204263498165,0.9991370899026293,0.6941994977743596
MLP,46,0.76,114410,23,13,14,0.9998776480458645,0.6388888888888888,0.999886386478243,0.9998820172429614,0.8193832684673767,0.9996767429669754,0.9991370899026293,0.6941994977743596
MLP,46,0.77,91273,25,11,23151,0.7976735649863665,0.6944444444444444,0.9998794969545594,0.8874035039959555,0.7460590047154054,0.7975187838546217,0.9991370899026293,0.6941994977743596
MLP,46,0.78,33280,25,11,81144,0.2908480738306649,0.6944444444444444,0.9996695803670662,0.4505974342483837,0.49264625913755467,0.2908526996330596,0.9991370899026293,0.6941994977743596
MLP,46,0.79,5881,25,11,108543,0.05139656016220373,0.6944444444444444,0.998133061778683,0.09775923401708833,0.3729205023033241,0.05147649834003145,0.9991370899026293,0.6941994977743596
MLP,46,0.8,27,25,11,114397,0.00023596448297559953,0.6944444444444444,0.7105263157894737,0.00047177229124076113,0.34734020446371,0.0003319937095928709,0.9991370899026293,0.6941994977743596
MLP,46,0.81,27,25,11,114397,0.00023596448297559953,0.6944444444444444,0.7105263157894737,0.00047177229124076113,0.34734020446371,0.0003319937095928709,0.9991370899026293,0.6941994977743596
MLP,46,0.8200000000000001,27,25,11,114397,0.00023596448297559953,0.6944444444444444,0.7105263157894737,0.00047177229124076113,0.34734020446371,0.0003319937095928709,0.9991370899026293,0.6941994977743596
MLP,46,0.8300000000000001,27,25,11,114397,0.00023596448297559953,0.6944444444444444,0.7105263157894737,0.00047177229124076113,0.34734020446371,0.0003319937095928709,0.9991370899026293,0.6941994977743596
MLP,46,0.84,24,26,10,114400,0.0002097462070894218,0.7222222222222222,0.7058823529411765,0.0004193678030369218,0.36121598421465584,0.0002970470033199371,0.9991370899026293,0.6941994977743596
MLP,46,0.85,15,26,10,114409,0.00013109137943088863,0.7222222222222222,0.6,0.0002621254882087218,0.36117665680082656,0.0002184169142058361,0.9991370899026293,0.6941994977743596
MLP,46,0.86,0,29,7,114424,0.0,0.8055555555555556,0.0,0.0,0.4027777777777778,6.115673597763411e-05,0.9991370899026293,0.6941994977743596
MLP,46,0.87,0,31,5,114424,0.0,0.8611111111111112,0.0,0.0,0.4305555555555556,4.368338284116722e-05,0.9991370899026293,0.6941994977743596
MLP,46,0.88,0,31,5,114424,0.0,0.8611111111111112,0.0,0.0,0.4305555555555556,4.368338284116722e-05,0.9991370899026293,0.6941994977743596
MLP,46,0.89,0,31,5,114424,0.0,0.8611111111111112,0.0,0.0,0.4305555555555556,4.368338284116722e-05,0.9991370899026293,0.6941994977743596
MLP,46,0.9,0,32,4,114424,0.0,0.8888888888888888,0.0,0.0,0.4444444444444444,3.4946706272933774e-05,0.9991370899026293,0.6941994977743596
MLP,46,0.91,0,32,4,114424,0.0,0.8888888888888888,0.0,0.0,0.4444444444444444,3.4946706272933774e-05,0.9991370899026293,0.6941994977743596
MLP,46,0.92,0,36,0,114424,0.0,1.0,0.0,0.0,0.5,0.0,0.9991370899026293,0.6941994977743596
MLP,46,0.93,0,36,0,114424,0.0,1.0,0.0,0.0,0.5,0.0,0.9991370899026293,0.6941994977743596
MLP,46,0.9400000000000001,0,36,0,114424,0.0,1.0,0.0,0.0,0.5,0.0,0.9991370899026293,0.6941994977743596
MLP,46,0.9500000000000001,0,36,0,114424,0.0,1.0,0.0,0.0,0.5,0.0,0.9991370899026293,0.6941994977743596
MLP,46,0.96,0,36,0,114424,0.0,1.0,0.0,0.0,0.5,0.0,0.9991370899026293,0.6941994977743596
MLP,46,0.97,0,36,0,114424,0.0,1.0,0.0,0.0,0.5,0.0,0.9991370899026293,0.6941994977743596
MLP,46,0.98,0,36,0,114424,0.0,1.0,0.0,0.0,0.5,0.0,0.9991370899026293,0.6941994977743596
MLP,46,0.99,0,36,0,114424,0.0,1.0,0.0,0.0,0.5,0.0,0.9991370899026293,0.6941994977743596
MLP,46,1.0,0,36,0,114424,0.0,1.0,0.0,0.0,0.5,0.0,0.9991370899026293,0.6941994977743596
MLP-DANN,46,0.0,114424,0,36,0,1.0,0.0,0.9996854796435436,0.9998427150871184,0.5,1.0,0.9999918385416148,0.9830775594863549
MLP-DANN,46,0.01,114424,0,36,0,1.0,0.0,0.9996854796435436,0.9998427150871184,0.5,1.0,0.9999918385416148,0.9830775594863549
MLP-DANN,46,0.02,114424,0,36,0,1.0,0.0,0.9996854796435436,0.9998427150871184,0.5,1.0,0.9999918385416148,0.9830775594863549
MLP-DANN,46,0.03,114424,3,33,0,1.0,0.08333333333333333,0.999711682116428,0.9998558202734172,0.5416666666666666,0.9999737899702953,0.9999918385416148,0.9830775594863549
MLP-DANN,46,0.04,114424,6,30,0,1.0,0.16666666666666666,0.9997378859629196,0.9998689258032664,0.5833333333333334,0.9999475799405906,0.9999918385416148,0.9830775594863549
MLP-DANN,46,0.05,114424,6,30,0,1.0,0.16666666666666666,0.9997378859629196,0.9998689258032664,0.5833333333333334,0.9999475799405906,0.9999918385416148,0.9830775594863549
MLP-DANN,46,0.06,114424,6,30,0,1.0,0.16666666666666666,0.9997378859629196,0.9998689258032664,0.5833333333333334,0.9999475799405906,0.9999918385416148,0.9830775594863549
MLP-DANN,46,0.07,114424,6,30,0,1.0,0.16666666666666666,0.9997378859629196,0.9998689258032664,0.5833333333333334,0.9999475799405906,0.9999918385416148,0.9830775594863549
MLP-DANN,46,0.08,114424,6,30,0,1.0,0.16666666666666666,0.9997378859629196,0.9998689258032664,0.5833333333333334,0.9999475799405906,0.9999918385416148,0.9830775594863549
MLP-DANN,46,0.09,114424,6,30,0,1.0,0.16666666666666666,0.9997378859629196,0.9998689258032664,0.5833333333333334,0.9999475799405906,0.9999918385416148,0.9830775594863549
MLP-DANN,46,0.1,114424,6,30,0,1.0,0.16666666666666666,0.9997378859629196,0.9998689258032664,0.5833333333333334,0.9999475799405906,0.9999918385416148,0.9830775594863549
MLP-DANN,46,0.11,114424,7,29,0,1.0,0.19444444444444445,0.9997466208836815,0.999873294389563,0.5972222222222222,0.9999388432640224,0.9999918385416148,0.9830775594863549
MLP-DANN,46,0.12,114424,9,27,0,1.0,0.25,0.9997640911831264,0.9998820316766794,0.625,0.9999213699108859,0.9999918385416148,0.9830775594863549
MLP-DANN,46,0.13,114424,10,26,0,1.0,0.2777777777777778,0.9997728265618174,0.9998864003775003,0.6388888888888888,0.9999126332343177,0.9999918385416148,0.9830775594863549
MLP-DANN,46,0.14,114424,11,25,0,1.0,0.3055555555555556,0.9997815620931594,0.9998907691164969,0.6527777777777778,0.9999038965577495,0.9999918385416148,0.9830775594863549
MLP-DANN,46,0.15,114424,13,23,0,1.0,0.3611111111111111,0.9997990336138125,0.9998995067090195,0.6805555555555556,0.999886423204613,0.9999918385416148,0.9830775594863549
MLP-DANN,46,0.16,114424,14,22,0,1.0,0.3888888888888889,0.9998077696031316,0.9999038755625465,0.6944444444444444,0.9998776865280448,0.9999918385416148,0.9830775594863549
MLP-DANN,46,0.17,114424,14,22,0,1.0,0.3888888888888889,0.9998077696031316,0.9999038755625465,0.6944444444444444,0.9998776865280448,0.9999918385416148,0.9830775594863549
MLP-DANN,46,0.18,114424,14,22,0,1.0,0.3888888888888889,0.9998077696031316,0.9999038755625465,0.6944444444444444,0.9998776865280448,0.9999918385416148,0.9830775594863549
MLP-DANN,46,0.19,114424,14,22,0,1.0,0.3888888888888889,0.9998077696031316,0.9999038755625465,0.6944444444444444,0.9998776865280448,0.9999918385416148,0.9830775594863549
MLP-DANN,46,0.2,114424,14,22,0,1.0,0.3888888888888889,0.9998077696031316,0.9999038755625465,0.6944444444444444,0.9998776865280448,0.9999918385416148,0.9830775594863549
MLP-DANN,46,0.21,114424,14,22,0,1.0,0.3888888888888889,0.9998077696031316,0.9999038755625465,0.6944444444444444,0.9998776865280448,0.9999918385416148,0.9830775594863549
MLP-DANN,46,0.22,114424,15,21,0,1.0,0.4166666666666667,0.9998165057451177,0.9999082444542511,0.7083333333333334,0.9998689498514765,0.9999918385416148,0.9830775594863549
MLP-DANN,46,0.23,114424,15,21,0,1.0,0.4166666666666667,0.9998165057451177,0.9999082444542511,0.7083333333333334,0.9998689498514765,0.9999918385416148,0.9830775594863549
MLP-DANN,46,0.24,114424,15,21,0,1.0,0.4166666666666667,0.9998165057451177,0.9999082444542511,0.7083333333333334,0.9998689498514765,0.9999918385416148,0.9830775594863549
MLP-DANN,46,0.25,114424,15,21,0,1.0,0.4166666666666667,0.9998165057451177,0.9999082444542511,0.7083333333333334,0.9998689498514765,0.9999918385416148,0.9830775594863549
MLP-DANN,46,0.26,114424,15,21,0,1.0,0.4166666666666667,0.9998165057451177,0.9999082444542511,0.7083333333333334,0.9998689498514765,0.9999918385416148,0.9830775594863549
MLP-DANN,46,0.27,114424,15,21,0,1.0,0.4166666666666667,0.9998165057451177,0.9999082444542511,0.7083333333333334,0.9998689498514765,0.9999918385416148,0.9830775594863549
MLP-DANN,46,0.28,114424,16,20,0,1.0,0.4444444444444444,0.999825242039775,0.9999126133841341,0.7222222222222222,0.9998602131749083,0.9999918385416148,0.9830775594863549
MLP-DANN,46,0.29,114424,16,20,0,1.0,0.4444444444444444,0.999825242039775,0.9999126133841341,0.7222222222222222,0.9998602131749083,0.9999918385416148,0.9830775594863549
MLP-DANN,46,0.3,114424,16,20,0,1.0,0.4444444444444444,0.999825242039775,0.9999126133841341,0.7222222222222222,0.9998602131749083,0.9999918385416148,0.9830775594863549
MLP-DANN,46,0.31,114424,17,19,0,1.0,0.4722222222222222,0.9998339784871071,0.9999169823521958,0.7361111111111112,0.99985147649834,0.9999918385416148,0.9830775594863549
MLP-DANN,46,0.32,114424,18,18,0,1.0,0.5,0.9998427150871184,0.9999213513584368,0.75,0.9998427398217719,0.9999918385416148,0.9830775594863549
MLP-DANN,46,0.33,114424,19,17,0,1.0,0.5277777777777778,0.9998514518398126,0.9999257204028575,0.7638888888888888,0.9998340031452035,0.9999918385416148,0.9830775594863549
MLP-DANN,46,0.34,114424,19,17,0,1.0,0.5277777777777778,0.9998514518398126,0.9999257204028575,0.7638888888888888,0.9998340031452035,0.9999918385416148,0.9830775594863549
MLP-DANN,46,0.35000000000000003,114424,19,17,0,1.0,0.5277777777777778,0.9998514518398126,0.9999257204028575,0.7638888888888888,0.9998340031452035,0.9999918385416148,0.9830775594863549
MLP-DANN,46,0.36,114424,19,17,0,1.0,0.5277777777777778,0.9998514518398126,0.9999257204028575,0.7638888888888888,0.9998340031452035,0.9999918385416148,0.9830775594863549
MLP-DANN,46,0.37,114424,19,17,0,1.0,0.5277777777777778,0.9998514518398126,0.9999257204028575,0.7638888888888888,0.9998340031452035,0.9999918385416148,0.9830775594863549
MLP-DANN,46,0.38,114424,19,17,0,1.0,0.5277777777777778,0.9998514518398126,0.9999257204028575,0.7638888888888888,0.9998340031452035,0.9999918385416148,0.9830775594863549
MLP-DANN,46,0.39,114424,19,17,0,1.0,0.5277777777777778,0.9998514518398126,0.9999257204028575,0.7638888888888888,0.9998340031452035,0.9999918385416148,0.9830775594863549
MLP-DANN,46,0.4,114422,19,17,2,0.9999825211494092,0.5277777777777778,0.9998514492437018,0.9999169809012378,0.7638801494635935,0.9998165297920671,0.9999918385416148,0.9830775594863549
MLP-DANN,46,0.41000000000000003,114421,19,17,3,0.9999737817241138,0.5277777777777778,0.9998514479456124,0.9999126110931479,0.7638757797509458,0.9998077931154988,0.9999918385416148,0.9830775594863549
MLP-DANN,46,0.42,114421,19,17,3,0.9999737817241138,0.5277777777777778,0.9998514479456124,0.9999126110931479,0.7638757797509458,0.9998077931154988,0.9999918385416148,0.9830775594863549
MLP-DANN,46,0.43,114421,19,17,3,0.9999737817241138,0.5277777777777778,0.9998514479456124,0.9999126110931479,0.7638757797509458,0.9998077931154988,0.9999918385416148,0.9830775594863549
MLP-DANN,46,0.44,114421,19,17,3,0.9999737817241138,0.5277777777777778,0.9998514479456124,0.9999126110931479,0.7638757797509458,0.9998077931154988,0.9999918385416148,0.9830775594863549
MLP-DANN,46,0.45,114421,19,17,3,0.9999737817241138,0.5277777777777778,0.9998514479456124,0.9999126110931479,0.7638757797509458,0.9998077931154988,0.9999918385416148,0.9830775594863549
MLP-DANN,46,0.46,114421,19,17,3,0.9999737817241138,0.5277777777777778,0.9998514479456124,0.9999126110931479,0.7638757797509458,0.9998077931154988,0.9999918385416148,0.9830775594863549
MLP-DANN,46,0.47000000000000003,114421,19,17,3,0.9999737817241138,0.5277777777777778,0.9998514479456124,0.9999126110931479,0.7638757797509458,0.9998077931154988,0.9999918385416148,0.9830775594863549
MLP-DANN,46,0.48,114421,19,17,3,0.9999737817241138,0.5277777777777778,0.9998514479456124,0.9999126110931479,0.7638757797509458,0.9998077931154988,0.9999918385416148,0.9830775594863549
MLP-DANN,46,0.49,114421,19,17,3,0.9999737817241138,0.5277777777777778,0.9998514479456124,0.9999126110931479,0.7638757797509458,0.9998077931154988,0.9999918385416148,0.9830775594863549
MLP-DANN,46,0.5,114420,19,17,4,0.9999650422988184,0.5277777777777778,0.9998514466475004,0.9999082412468704,0.7638714100382982,0.9997990564389306,0.9999918385416148,0.9830775594863549
MLP-DANN,46,0.51,114420,19,17,4,0.9999650422988184,0.5277777777777778,0.9998514466475004,0.9999082412468704,0.7638714100382982,0.9997990564389306,0.9999918385416148,0.9830775594863549
MLP-DANN,46,0.52,114420,20,16,4,0.9999650422988184,0.5555555555555556,0.9998601838582264,0.9999126103294591,0.777760298927187,0.9997903197623624,0.9999918385416148,0.9830775594863549
MLP-DANN,46,0.53,114420,20,16,4,0.9999650422988184,0.5555555555555556,0.9998601838582264,0.9999126103294591,0.777760298927187,0.9997903197623624,0.9999918385416148,0.9830775594863549
MLP-DANN,46,0.54,114420,20,16,4,0.9999650422988184,0.5555555555555556,0.9998601838582264,0.9999126103294591,0.777760298927187,0.9997903197623624,0.9999918385416148,0.9830775594863549
MLP-DANN,46,0.55,114420,20,16,4,0.9999650422988184,0.5555555555555556,0.9998601838582264,0.9999126103294591,0.777760298927187,0.9997903197623624,0.9999918385416148,0.9830775594863549
MLP-DANN,46,0.56,114420,20,16,4,0.9999650422988184,0.5555555555555556,0.9998601838582264,0.9999126103294591,0.777760298927187,0.9997903197623624,0.9999918385416148,0.9830775594863549
MLP-DANN,46,0.5700000000000001,114420,20,16,4,0.9999650422988184,0.5555555555555556,0.9998601838582264,0.9999126103294591,0.777760298927187,0.9997903197623624,0.9999918385416148,0.9830775594863549
MLP-DANN,46,0.58,114420,20,16,4,0.9999650422988184,0.5555555555555556,0.9998601838582264,0.9999126103294591,0.777760298927187,0.9997903197623624,0.9999918385416148,0.9830775594863549
MLP-DANN,46,0.59,114420,20,16,4,0.9999650422988184,0.5555555555555556,0.9998601838582264,0.9999126103294591,0.777760298927187,0.9997903197623624,0.9999918385416148,0.9830775594863549
MLP-DANN,46,0.6,114420,20,16,4,0.9999650422988184,0.5555555555555556,0.9998601838582264,0.9999126103294591,0.777760298927187,0.9997903197623624,0.9999918385416148,0.9830775594863549
MLP-DANN,46,0.61,114420,20,16,4,0.9999650422988184,0.5555555555555556,0.9998601838582264,0.9999126103294591,0.777760298927187,0.9997903197623624,0.9999918385416148,0.9830775594863549
MLP-DANN,46,0.62,114420,20,16,4,0.9999650422988184,0.5555555555555556,0.9998601838582264,0.9999126103294591,0.777760298927187,0.9997903197623624,0.9999918385416148,0.9830775594863549
MLP-DANN,46,0.63,114420,20,16,4,0.9999650422988184,0.5555555555555556,0.9998601838582264,0.9999126103294591,0.777760298927187,0.9997903197623624,0.9999918385416148,0.9830775594863549
MLP-DANN,46,0.64,114420,20,16,4,0.9999650422988184,0.5555555555555556,0.9998601838582264,0.9999126103294591,0.777760298927187,0.9997903197623624,0.9999918385416148,0.9830775594863549
MLP-DANN,46,0.65,114420,20,16,4,0.9999650422988184,0.5555555555555556,0.9998601838582264,0.9999126103294591,0.777760298927187,0.9997903197623624,0.9999918385416148,0.9830775594863549
MLP-DANN,46,0.66,114420,20,16,4,0.9999650422988184,0.5555555555555556,0.9998601838582264,0.9999126103294591,0.777760298927187,0.9997903197623624,0.9999918385416148,0.9830775594863549
MLP-DANN,46,0.67,114417,20,16,7,0.9999388240229322,0.5555555555555556,0.9998601801927766,0.999899500561486,0.7777471897892438,0.9997641097326577,0.9999918385416148,0.9830775594863549
MLP-DANN,46,0.68,114415,20,16,9,0.9999213451723414,0.5555555555555556,0.9998601777490366,0.9998907605252234,0.7777384503639485,0.9997466363795212,0.9999918385416148,0.9830775594863549
MLP-DANN,46,0.6900000000000001,114410,20,16,14,0.9998776480458645,0.5555555555555556,0.9998601716393127,0.9998689097662224,0.77771660180071,0.9997029529966801,0.9999918385416148,0.9830775594863549
MLP-DANN,46,0.7000000000000001,114409,20,16,15,0.9998689086205691,0.5555555555555556,0.9998601704173039,0.9998645394998449,0.7777122320880623,0.9996942163201118,0.9999918385416148,0.9830775594863549
MLP-DANN,46,0.71,114409,20,16,15,0.9998689086205691,0.5555555555555556,0.9998601704173039,0.9998645394998449,0.7777122320880623,0.9996942163201118,0.9999918385416148,0.9830775594863549
MLP-DANN,46,0.72,114409,20,16,15,0.9998689086205691,0.5555555555555556,0.9998601704173039,0.9998645394998449,0.7777122320880623,0.9996942163201118,0.9999918385416148,0.9830775594863549
MLP-DANN,46,0.73,114409,20,16,15,0.9998689086205691,0.5555555555555556,0.9998601704173039,0.9998645394998449,0.7777122320880623,0.9996942163201118,0.9999918385416148,0.9830775594863549
MLP-DANN,46,0.74,114409,20,16,15,0.9998689086205691,0.5555555555555556,0.9998601704173039,0.9998645394998449,0.7777122320880623,0.9996942163201118,0.9999918385416148,0.9830775594863549
MLP-DANN,46,0.75,114409,21,15,15,0.9998689086205691,0.5833333333333334,0.9998689086205691,0.9998689086205691,0.7916011209769512,0.9996854796435436,0.9999918385416148,0.9830775594863549
MLP-DANN,46,0.76,114409,23,13,15,0.9998689086205691,0.6388888888888888,0.9998863854853087,0.9998776469765694,0.819378898754729,0.9996680062904071,0.9999918385416148,0.9830775594863549
MLP-DANN,46,0.77,114409,23,13,15,0.9998689086205691,0.6388888888888888,0.9998863854853087,0.9998776469765694,0.819378898754729,0.9996680062904071,0.9999918385416148,0.9830775594863549
MLP-DANN,46,0.78,114409,23,13,15,0.9998689086205691,0.6388888888888888,0.9998863854853087,0.9998776469765694,0.819378898754729,0.9996680062904071,0.9999918385416148,0.9830775594863549
MLP-DANN,46,0.79,114409,23,13,15,0.9998689086205691,0.6388888888888888,0.9998863854853087,0.9998776469765694,0.819378898754729,0.9996680062904071,0.9999918385416148,0.9830775594863549
MLP-DANN,46,0.8,114409,24,12,15,0.9998689086205691,0.6666666666666666,0.9998951241467913,0.9998820162118465,0.8332677876436179,0.9996592696138389,0.9999918385416148,0.9830775594863549
MLP-DANN,46,0.81,114409,24,12,15,0.9998689086205691,0.6666666666666666,0.9998951241467913,0.9998820162118465,0.8332677876436179,0.9996592696138389,0.9999918385416148,0.9830775594863549
MLP-DANN,46,0.8200000000000001,114409,24,12,15,0.9998689086205691,0.6666666666666666,0.9998951241467913,0.9998820162118465,0.8332677876436179,0.9996592696138389,0.9999918385416148,0.9830775594863549
MLP-DANN,46,0.8300000000000001,114408,25,11,16,0.9998601691952738,0.6944444444444444,0.9999038621208016,0.9998820151807134,0.8471523068198591,0.9996417962607024,0.9999918385416148,0.9830775594863549
MLP-DANN,46,0.84,114403,25,11,21,0.9998164720687968,0.6944444444444444,0.9999038579194853,0.9998601630848023,0.8471304582566206,0.9995981128778613,0.9999918385416148,0.9830775594863549
MLP-DANN,46,0.85,114396,30,6,28,0.999755296091729,0.8333333333333334,0.9999475533644516,0.9998514154860024,0.9165443147125312,0.9994932727590424,0.9999918385416148,0.9830775594863549
MLP-DANN,46,0.86,114382,30,6,42,0.9996329441375935,0.8333333333333334,0.9999475469454838,0.9997902207926158,0.9164831387354635,0.9993709592870872,0.9999918385416148,0.9830775594863549
MLP-DANN,46,0.87,114382,34,2,42,0.9996329441375935,0.9444444444444444,0.9999825150370681,0.9998076990315024,0.972038694291019,0.9993360125808143,0.9999918385416148,0.9830775594863549
MLP-DANN,46,0.88,114382,34,2,42,0.9996329441375935,0.9444444444444444,0.9999825150370681,0.9998076990315024,0.972038694291019,0.9993360125808143,0.9999918385416148,0.9830775594863549
MLP-DANN,46,0.89,114382,35,1,42,0.9996329441375935,0.9722222222222222,0.9999912574421024,0.9998120686867098,0.9859275831799079,0.999327275904246,0.9999918385416148,0.9830775594863549
MLP-DANN,46,0.9,15242,36,0,99182,0.13320632035237362,1.0,1.0,0.23509632440269615,0.5666031601761868,0.13316442425301414,0.9999918385416148,0.9830775594863549
MLP-DANN,46,0.91,0,36,0,114424,0.0,1.0,0.0,0.0,0.5,0.0,0.9999918385416148,0.9830775594863549
MLP-DANN,46,0.92,0,36,0,114424,0.0,1.0,0.0,0.0,0.5,0.0,0.9999918385416148,0.9830775594863549
MLP-DANN,46,0.93,0,36,0,114424,0.0,1.0,0.0,0.0,0.5,0.0,0.9999918385416148,0.9830775594863549
MLP-DANN,46,0.9400000000000001,0,36,0,114424,0.0,1.0,0.0,0.0,0.5,0.0,0.9999918385416148,0.9830775594863549
MLP-DANN,46,0.9500000000000001,0,36,0,114424,0.0,1.0,0.0,0.0,0.5,0.0,0.9999918385416148,0.9830775594863549
MLP-DANN,46,0.96,0,36,0,114424,0.0,1.0,0.0,0.0,0.5,0.0,0.9999918385416148,0.9830775594863549
MLP-DANN,46,0.97,0,36,0,114424,0.0,1.0,0.0,0.0,0.5,0.0,0.9999918385416148,0.9830775594863549
MLP-DANN,46,0.98,0,36,0,114424,0.0,1.0,0.0,0.0,0.5,0.0,0.9999918385416148,0.9830775594863549
MLP-DANN,46,0.99,0,36,0,114424,0.0,1.0,0.0,0.0,0.5,0.0,0.9999918385416148,0.9830775594863549
MLP-DANN,46,1.0,0,36,0,114424,0.0,1.0,0.0,0.0,0.5,0.0,0.9999918385416148,0.9830775594863549
Attention,46,0.0,114424,0,36,0,1.0,0.0,0.9996854796435436,0.9998427150871184,0.5,1.0,0.9991504182977755,0.6944658074840554
Attention,46,0.01,114424,0,36,0,1.0,0.0,0.9996854796435436,0.9998427150871184,0.5,1.0,0.9991504182977755,0.6944658074840554
Attention,46,0.02,114424,0,36,0,1.0,0.0,0.9996854796435436,0.9998427150871184,0.5,1.0,0.9991504182977755,0.6944658074840554
Attention,46,0.03,114424,1,35,0,1.0,0.027777777777777776,0.9996942136485554,0.9998470834443799,0.5138888888888888,0.9999912633234318,0.9991504182977755,0.6944658074840554
Attention,46,0.04,114424,6,30,0,1.0,0.16666666666666666,0.9997378859629196,0.9998689258032664,0.5833333333333334,0.9999475799405906,0.9991504182977755,0.6944658074840554
Attention,46,0.05,114424,7,29,0,1.0,0.19444444444444445,0.9997466208836815,0.999873294389563,0.5972222222222222,0.9999388432640224,0.9991504182977755,0.6944658074840554
Attention,46,0.06,114424,10,26,0,1.0,0.2777777777777778,0.9997728265618174,0.9998864003775003,0.6388888888888888,0.9999126332343177,0.9991504182977755,0.6944658074840554
Attention,46,0.07,114424,10,26,0,1.0,0.2777777777777778,0.9997728265618174,0.9998864003775003,0.6388888888888888,0.9999126332343177,0.9991504182977755,0.6944658074840554
Attention,46,0.08,114424,10,26,0,1.0,0.2777777777777778,0.9997728265618174,0.9998864003775003,0.6388888888888888,0.9999126332343177,0.9991504182977755,0.6944658074840554
Attention,46,0.09,114424,10,26,0,1.0,0.2777777777777778,0.9997728265618174,0.9998864003775003,0.6388888888888888,0.9999126332343177,0.9991504182977755,0.6944658074840554
Attention,46,0.1,114424,10,26,0,1.0,0.2777777777777778,0.9997728265618174,0.9998864003775003,0.6388888888888888,0.9999126332343177,0.9991504182977755,0.6944658074840554
Attention,46,0.11,114424,10,26,0,1.0,0.2777777777777778,0.9997728265618174,0.9998864003775003,0.6388888888888888,0.9999126332343177,0.9991504182977755,0.6944658074840554
Attention,46,0.12,114424,10,26,0,1.0,0.2777777777777778,0.9997728265618174,0.9998864003775003,0.6388888888888888,0.9999126332343177,0.9991504182977755,0.6944658074840554
Attention,46,0.13,114424,11,25,0,1.0,0.3055555555555556,0.9997815620931594,0.9998907691164969,0.6527777777777778,0.9999038965577495,0.9991504182977755,0.6944658074840554
Attention,46,0.14,114424,12,24,0,1.0,0.3333333333333333,0.9997902977771564,0.9998951378936698,0.6666666666666666,0.9998951598811812,0.9991504182977755,0.6944658074840554
Attention,46,0.15,114424,14,22,0,1.0,0.3888888888888889,0.9998077696031316,0.9999038755625465,0.6944444444444444,0.9998776865280448,0.9991504182977755,0.6944658074840554
Attention,46,0.16,114424,14,22,0,1.0,0.3888888888888889,0.9998077696031316,0.9999038755625465,0.6944444444444444,0.9998776865280448,0.9991504182977755,0.6944658074840554
Attention,46,0.17,114424,14,22,0,1.0,0.3888888888888889,0.9998077696031316,0.9999038755625465,0.6944444444444444,0.9998776865280448,0.9991504182977755,0.6944658074840554
Attention,46,0.18,114424,14,22,0,1.0,0.3888888888888889,0.9998077696031316,0.9999038755625465,0.6944444444444444,0.9998776865280448,0.9991504182977755,0.6944658074840554
Attention,46,0.19,114424,14,22,0,1.0,0.3888888888888889,0.9998077696031316,0.9999038755625465,0.6944444444444444,0.9998776865280448,0.9991504182977755,0.6944658074840554
Attention,46,0.2,114424,15,21,0,1.0,0.4166666666666667,0.9998165057451177,0.9999082444542511,0.7083333333333334,0.9998689498514765,0.9991504182977755,0.6944658074840554
Attention,46,0.21,114424,15,21,0,1.0,0.4166666666666667,0.9998165057451177,0.9999082444542511,0.7083333333333334,0.9998689498514765,0.9991504182977755,0.6944658074840554
Attention,46,0.22,114424,15,21,0,1.0,0.4166666666666667,0.9998165057451177,0.9999082444542511,0.7083333333333334,0.9998689498514765,0.9991504182977755,0.6944658074840554
Attention,46,0.23,114424,16,20,0,1.0,0.4444444444444444,0.999825242039775,0.9999126133841341,0.7222222222222222,0.9998602131749083,0.9991504182977755,0.6944658074840554
Attention,46,0.24,114424,16,20,0,1.0,0.4444444444444444,0.999825242039775,0.9999126133841341,0.7222222222222222,0.9998602131749083,0.9991504182977755,0.6944658074840554
Attention,46,0.25,114424,16,20,0,1.0,0.4444444444444444,0.999825242039775,0.9999126133841341,0.7222222222222222,0.9998602131749083,0.9991504182977755,0.6944658074840554
Attention,46,0.26,114424,17,19,0,1.0,0.4722222222222222,0.9998339784871071,0.9999169823521958,0.7361111111111112,0.99985147649834,0.9991504182977755,0.6944658074840554
Attention,46,0.27,114424,17,19,0,1.0,0.4722222222222222,0.9998339784871071,0.9999169823521958,0.7361111111111112,0.99985147649834,0.9991504182977755,0.6944658074840554
Attention,46,0.28,114424,18,18,0,1.0,0.5,0.9998427150871184,0.9999213513584368,0.75,0.9998427398217719,0.9991504182977755,0.6944658074840554
Attention,46,0.29,114424,18,18,0,1.0,0.5,0.9998427150871184,0.9999213513584368,0.75,0.9998427398217719,0.9991504182977755,0.6944658074840554
Attention,46,0.3,114424,18,18,0,1.0,0.5,0.9998427150871184,0.9999213513584368,0.75,0.9998427398217719,0.9991504182977755,0.6944658074840554
Attention,46,0.31,114424,18,18,0,1.0,0.5,0.9998427150871184,0.9999213513584368,0.75,0.9998427398217719,0.9991504182977755,0.6944658074840554
Attention,46,0.32,114424,18,18,0,1.0,0.5,0.9998427150871184,0.9999213513584368,0.75,0.9998427398217719,0.9991504182977755,0.6944658074840554
Attention,46,0.33,114424,18,18,0,1.0,0.5,0.9998427150871184,0.9999213513584368,0.75,0.9998427398217719,0.9991504182977755,0.6944658074840554
Attention,46,0.34,114424,18,18,0,1.0,0.5,0.9998427150871184,0.9999213513584368,0.75,0.9998427398217719,0.9991504182977755,0.6944658074840554
Attention,46,0.35000000000000003,114424,19,17,0,1.0,0.5277777777777778,0.9998514518398126,0.9999257204028575,0.7638888888888888,0.9998340031452035,0.9991504182977755,0.6944658074840554
Attention,46,0.36,114424,19,17,0,1.0,0.5277777777777778,0.9998514518398126,0.9999257204028575,0.7638888888888888,0.9998340031452035,0.9991504182977755,0.6944658074840554
Attention,46,0.37,114424,19,17,0,1.0,0.5277777777777778,0.9998514518398126,0.9999257204028575,0.7638888888888888,0.9998340031452035,0.9991504182977755,0.6944658074840554
Attention,46,0.38,114424,19,17,0,1.0,0.5277777777777778,0.9998514518398126,0.9999257204028575,0.7638888888888888,0.9998340031452035,0.9991504182977755,0.6944658074840554
Attention,46,0.39,114424,19,17,0,1.0,0.5277777777777778,0.9998514518398126,0.9999257204028575,0.7638888888888888,0.9998340031452035,0.9991504182977755,0.6944658074840554
Attention,46,0.4,114424,19,17,0,1.0,0.5277777777777778,0.9998514518398126,0.9999257204028575,0.7638888888888888,0.9998340031452035,0.9991504182977755,0.6944658074840554
Attention,46,0.41000000000000003,114424,19,17,0,1.0,0.5277777777777778,0.9998514518398126,0.9999257204028575,0.7638888888888888,0.9998340031452035,0.9991504182977755,0.6944658074840554
Attention,46,0.42,114424,20,16,0,1.0,0.5555555555555556,0.999860188745194,0.9999300894854586,0.7777777777777778,0.9998252664686353,0.9991504182977755,0.6944658074840554
Attention,46,0.43,114424,20,16,0,1.0,0.5555555555555556,0.999860188745194,0.9999300894854586,0.7777777777777778,0.9998252664686353,0.9991504182977755,0.6944658074840554
Attention,46,0.44,114424,20,16,0,1.0,0.5555555555555556,0.999860188745194,0.9999300894854586,0.7777777777777778,0.9998252664686353,0.9991504182977755,0.6944658074840554
Attention,46,0.45,114423,20,16,1,0.9999912605747046,0.5555555555555556,0.9998601875234842,0.9999257197537391,0.7777734080651301,0.9998165297920671,0.9991504182977755,0.6944658074840554
Attention,46,0.46,114423,20,16,1,0.9999912605747046,0.5555555555555556,0.9998601875234842,0.9999257197537391,0.7777734080651301,0.9998165297920671,0.9991504182977755,0.6944658074840554
Attention,46,0.47000000000000003,114423,20,16,1,0.9999912605747046,0.5555555555555556,0.9998601875234842,0.9999257197537391,0.7777734080651301,0.9998165297920671,0.9991504182977755,0.6944658074840554
Attention,46,0.48,114422,20,16,2,0.9999825211494092,0.5555555555555556,0.9998601863017529,0.9999213499838331,0.7777690383524825,0.9998077931154988,0.9991504182977755,0.6944658074840554
Attention,46,0.49,114422,20,16,2,0.9999825211494092,0.5555555555555556,0.9998601863017529,0.9999213499838331,0.7777690383524825,0.9998077931154988,0.9991504182977755,0.6944658074840554
Attention,46,0.5,114421,20,16,3,0.9999737817241138,0.5555555555555556,0.9998601850800003,0.9999169801757398,0.7777646686398347,0.9997990564389306,0.9991504182977755,0.6944658074840554
Attention,46,0.51,114421,20,16,3,0.9999737817241138,0.5555555555555556,0.9998601850800003,0.9999169801757398,0.7777646686398347,0.9997990564389306,0.9991504182977755,0.6944658074840554
Attention,46,0.52,114421,20,16,3,0.9999737817241138,0.5555555555555556,0.9998601850800003,0.9999169801757398,0.7777646686398347,0.9997990564389306,0.9991504182977755,0.6944658074840554
Attention,46,0.53,114421,20,16,3,0.9999737817241138,0.5555555555555556,0.9998601850800003,0.9999169801757398,0.7777646686398347,0.9997990564389306,0.9991504182977755,0.6944658074840554
Attention,46,0.54,114421,20,16,3,0.9999737817241138,0.5555555555555556,0.9998601850800003,0.9999169801757398,0.7777646686398347,0.9997990564389306,0.9991504182977755,0.6944658074840554
Attention,46,0.55,114421,20,16,3,0.9999737817241138,0.5555555555555556,0.9998601850800003,0.9999169801757398,0.7777646686398347,0.9997990564389306,0.9991504182977755,0.6944658074840554
Attention,46,0.56,114421,20,16,3,0.9999737817241138,0.5555555555555556,0.9998601850800003,0.9999169801757398,0.7777646686398347,0.9997990564389306,0.9991504182977755,0.6944658074840554
Attention,46,0.5700000000000001,114421,20,16,3,0.9999737817241138,0.5555555555555556,0.9998601850800003,0.9999169801757398,0.7777646686398347,0.9997990564389306,0.9991504182977755,0.6944658074840554
Attention,46,0.58,114421,20,16,3,0.9999737817241138,0.5555555555555556,0.9998601850800003,0.9999169801757398,0.7777646686398347,0.9997990564389306,0.9991504182977755,0.6944658074840554
Attention,46,0.59,114421,20,16,3,0.9999737817241138,0.5555555555555556,0.9998601850800003,0.9999169801757398,0.7777646686398347,0.9997990564389306,0.9991504182977755,0.6944658074840554
Attention,46,0.6,114421,20,16,3,0.9999737817241138,0.5555555555555556,0.9998601850800003,0.9999169801757398,0.7777646686398347,0.9997990564389306,0.9991504182977755,0.6944658074840554
Attention,46,0.61,114421,20,16,3,0.9999737817241138,0.5555555555555556,0.9998601850800003,0.9999169801757398,0.7777646686398347,0.9997990564389306,0.9991504182977755,0.6944658074840554
Attention,46,0.62,114421,20,16,3,0.9999737817241138,0.5555555555555556,0.9998601850800003,0.9999169801757398,0.7777646686398347,0.9997990564389306,0.9991504182977755,0.6944658074840554
Attention,46,0.63,114421,20,16,3,0.9999737817241138,0.5555555555555556,0.9998601850800003,0.9999169801757398,0.7777646686398347,0.9997990564389306,0.9991504182977755,0.6944658074840554
Attention,46,0.64,114421,20,16,3,0.9999737817241138,0.5555555555555556,0.9998601850800003,0.9999169801757398,0.7777646686398347,0.9997990564389306,0.9991504182977755,0.6944658074840554
Attention,46,0.65,114421,20,16,3,0.9999737817241138,0.5555555555555556,0.9998601850800003,0.9999169801757398,0.7777646686398347,0.9997990564389306,0.9991504182977755,0.6944658074840554
Attention,46,0.66,114421,20,16,3,0.9999737817241138,0.5555555555555556,0.9998601850800003,0.9999169801757398,0.7777646686398347,0.9997990564389306,0.9991504182977755,0.6944658074840554
Attention,46,0.67,114421,20,16,3,0.9999737817241138,0.5555555555555556,0.9998601850800003,0.9999169801757398,0.7777646686398347,0.9997990564389306,0.9991504182977755,0.6944658074840554
Attention,46,0.68,114421,20,16,3,0.9999737817241138,0.5555555555555556,0.9998601850800003,0.9999169801757398,0.7777646686398347,0.9997990564389306,0.9991504182977755,0.6944658074840554
Attention,46,0.6900000000000001,114421,20,16,3,0.9999737817241138,0.5555555555555556,0.9998601850800003,0.9999169801757398,0.7777646686398347,0.9997990564389306,0.9991504182977755,0.6944658074840554
Attention,46,0.7000000000000001,114421,20,16,3,0.9999737817241138,0.5555555555555556,0.9998601850800003,0.9999169801757398,0.7777646686398347,0.9997990564389306,0.9991504182977755,0.6944658074840554
Attention,46,0.71,114421,20,16,3,0.9999737817241138,0.5555555555555556,0.9998601850800003,0.9999169801757398,0.7777646686398347,0.9997990564389306,0.9991504182977755,0.6944658074840554
Attention,46,0.72,114421,20,16,3,0.9999737817241138,0.5555555555555556,0.9998601850800003,0.9999169801757398,0.7777646686398347,0.9997990564389306,0.9991504182977755,0.6944658074840554
Attention,46,0.73,114420,20,16,4,0.9999650422988184,0.5555555555555556,0.9998601838582264,0.9999126103294591,0.777760298927187,0.9997903197623624,0.9991504182977755,0.6944658074840554
Attention,46,0.74,114420,20,16,4,0.9999650422988184,0.5555555555555556,0.9998601838582264,0.9999126103294591,0.777760298927187,0.9997903197623624,0.9991504182977755,0.6944658074840554
Attention,46,0.75,114420,20,16,4,0.9999650422988184,0.5555555555555556,0.9998601838582264,0.9999126103294591,0.777760298927187,0.9997903197623624,0.9991504182977755,0.6944658074840554
Attention,46,0.76,114420,21,15,4,0.9999650422988184,0.5833333333333334,0.9998689212216542,0.9999169794502292,0.7916491878160758,0.9997815830857941,0.9991504182977755,0.6944658074840554
Attention,46,0.77,114420,21,15,4,0.9999650422988184,0.5833333333333334,0.9998689212216542,0.9999169794502292,0.7916491878160758,0.9997815830857941,0.9991504182977755,0.6944658074840554
Attention,46,0.78,114420,24,12,4,0.9999650422988184,0.6666666666666666,0.9998951342281879,0.9999300870416332,0.8333158544827426,0.9997553730560894,0.9991504182977755,0.6944658074840554
Attention,46,0.79,114420,24,12,4,0.9999650422988184,0.6666666666666666,0.9998951342281879,0.9999300870416332,0.8333158544827426,0.9997553730560894,0.9991504182977755,0.6944658074840554
Attention,46,0.8,32033,25,11,82391,0.27995001048731033,0.6944444444444444,0.9996567220072401,0.43740612283911845,0.48719722746587735,0.27995806395247247,0.9991504182977755,0.6944658074840554
Attention,46,0.81,35,25,11,114389,0.00030587988533874015,0.6944444444444444,0.7608695652173914,0.0006115139337817769,0.34737516216489156,0.00040188712213873844,0.9991504182977755,0.6944658074840554
Attention,46,0.8200000000000001,28,25,11,114396,0.0002447039082709921,0.6944444444444444,0.717948717948718,0.0004892410647982317,0.3473445741763577,0.0003407303861611043,0.9991504182977755,0.6944658074840554
Attention,46,0.8300000000000001,27,25,11,114397,0.00023596448297559953,0.6944444444444444,0.7105263157894737,0.00047177229124076113,0.34734020446371,0.0003319937095928709,0.9991504182977755,0.6944658074840554
Attention,46,0.84,27,25,11,114397,0.00023596448297559953,0.6944444444444444,0.7105263157894737,0.00047177229124076113,0.34734020446371,0.0003319937095928709,0.9991504182977755,0.6944658074840554
Attention,46,0.85,27,26,10,114397,0.00023596448297559953,0.7222222222222222,0.7297297297297297,0.00047177641292667373,0.3612290933525989,0.0003232570330246374,0.9991504182977755,0.6944658074840554
Attention,46,0.86,27,27,9,114397,0.00023596448297559953,0.75,0.75,0.000471780534684606,0.3751179822414878,0.000314520356456404,0.9991504182977755,0.6944658074840554
Attention,46,0.87,26,29,7,114398,0.00022722505768020695,0.8055555555555556,0.7878787878787878,0.00045431908926496414,0.4028913903066179,0.00028831032675170367,0.9991504182977755,0.6944658074840554
Attention,46,0.88,16,29,7,114408,0.0001398308047262812,0.8055555555555556,0.6956521739130435,0.00027960540686955534,0.4028476931801409,0.00020094356106936922,0.9991504182977755,0.6944658074840554
Attention,46,0.89,0,31,5,114424,0.0,0.8611111111111112,0.0,0.0,0.4305555555555556,4.368338284116722e-05,0.9991504182977755,0.6944658074840554
Attention,46,0.9,0,31,5,114424,0.0,0.8611111111111112,0.0,0.0,0.4305555555555556,4.368338284116722e-05,0.9991504182977755,0.6944658074840554
Attention,46,0.91,0,32,4,114424,0.0,0.8888888888888888,0.0,0.0,0.4444444444444444,3.4946706272933774e-05,0.9991504182977755,0.6944658074840554
Attention,46,0.92,0,32,4,114424,0.0,0.8888888888888888,0.0,0.0,0.4444444444444444,3.4946706272933774e-05,0.9991504182977755,0.6944658074840554
Attention,46,0.93,0,32,4,114424,0.0,0.8888888888888888,0.0,0.0,0.4444444444444444,3.4946706272933774e-05,0.9991504182977755,0.6944658074840554
Attention,46,0.9400000000000001,0,32,4,114424,0.0,0.8888888888888888,0.0,0.0,0.4444444444444444,3.4946706272933774e-05,0.9991504182977755,0.6944658074840554
Attention,46,0.9500000000000001,0,33,3,114424,0.0,0.9166666666666666,0.0,0.0,0.4583333333333333,2.6210029704700334e-05,0.9991504182977755,0.6944658074840554
Attention,46,0.96,0,36,0,114424,0.0,1.0,0.0,0.0,0.5,0.0,0.9991504182977755,0.6944658074840554
Attention,46,0.97,0,36,0,114424,0.0,1.0,0.0,0.0,0.5,0.0,0.9991504182977755,0.6944658074840554
Attention,46,0.98,0,36,0,114424,0.0,1.0,0.0,0.0,0.5,0.0,0.9991504182977755,0.6944658074840554
Attention,46,0.99,0,36,0,114424,0.0,1.0,0.0,0.0,0.5,0.0,0.9991504182977755,0.6944658074840554
Attention,46,1.0,0,36,0,114424,0.0,1.0,0.0,0.0,0.5,0.0,0.9991504182977755,0.6944658074840554
Attention-DANN,46,0.0,114424,0,36,0,1.0,0.0,0.9996854796435436,0.9998427150871184,0.5,1.0,0.9989967043621615,0.6208652807880243
Attention-DANN,46,0.01,114424,0,36,0,1.0,0.0,0.9996854796435436,0.9998427150871184,0.5,1.0,0.9989967043621615,0.6208652807880243
Attention-DANN,46,0.02,114424,0,36,0,1.0,0.0,0.9996854796435436,0.9998427150871184,0.5,1.0,0.9989967043621615,0.6208652807880243
Attention-DANN,46,0.03,114424,0,36,0,1.0,0.0,0.9996854796435436,0.9998427150871184,0.5,1.0,0.9989967043621615,0.6208652807880243
Attention-DANN,46,0.04,114424,0,36,0,1.0,0.0,0.9996854796435436,0.9998427150871184,0.5,1.0,0.9989967043621615,0.6208652807880243
Attention-DANN,46,0.05,114424,0,36,0,1.0,0.0,0.9996854796435436,0.9998427150871184,0.5,1.0,0.9989967043621615,0.6208652807880243
Attention-DANN,46,0.06,114424,0,36,0,1.0,0.0,0.9996854796435436,0.9998427150871184,0.5,1.0,0.9989967043621615,0.6208652807880243
Attention-DANN,46,0.07,114424,0,36,0,1.0,0.0,0.9996854796435436,0.9998427150871184,0.5,1.0,0.9989967043621615,0.6208652807880243
Attention-DANN,46,0.08,114424,0,36,0,1.0,0.0,0.9996854796435436,0.9998427150871184,0.5,1.0,0.9989967043621615,0.6208652807880243
Attention-DANN,46,0.09,114424,0,36,0,1.0,0.0,0.9996854796435436,0.9998427150871184,0.5,1.0,0.9989967043621615,0.6208652807880243
Attention-DANN,46,0.1,114424,0,36,0,1.0,0.0,0.9996854796435436,0.9998427150871184,0.5,1.0,0.9989967043621615,0.6208652807880243
Attention-DANN,46,0.11,114424,0,36,0,1.0,0.0,0.9996854796435436,0.9998427150871184,0.5,1.0,0.9989967043621615,0.6208652807880243
Attention-DANN,46,0.12,114424,0,36,0,1.0,0.0,0.9996854796435436,0.9998427150871184,0.5,1.0,0.9989967043621615,0.6208652807880243
Attention-DANN,46,0.13,114424,0,36,0,1.0,0.0,0.9996854796435436,0.9998427150871184,0.5,1.0,0.9989967043621615,0.6208652807880243
Attention-DANN,46,0.14,114424,0,36,0,1.0,0.0,0.9996854796435436,0.9998427150871184,0.5,1.0,0.9989967043621615,0.6208652807880243
Attention-DANN,46,0.15,114424,0,36,0,1.0,0.0,0.9996854796435436,0.9998427150871184,0.5,1.0,0.9989967043621615,0.6208652807880243
Attention-DANN,46,0.16,114424,0,36,0,1.0,0.0,0.9996854796435436,0.9998427150871184,0.5,1.0,0.9989967043621615,0.6208652807880243
Attention-DANN,46,0.17,114424,0,36,0,1.0,0.0,0.9996854796435436,0.9998427150871184,0.5,1.0,0.9989967043621615,0.6208652807880243
Attention-DANN,46,0.18,114424,0,36,0,1.0,0.0,0.9996854796435436,0.9998427150871184,0.5,1.0,0.9989967043621615,0.6208652807880243
Attention-DANN,46,0.19,114424,0,36,0,1.0,0.0,0.9996854796435436,0.9998427150871184,0.5,1.0,0.9989967043621615,0.6208652807880243
Attention-DANN,46,0.2,114424,0,36,0,1.0,0.0,0.9996854796435436,0.9998427150871184,0.5,1.0,0.9989967043621615,0.6208652807880243
Attention-DANN,46,0.21,114424,0,36,0,1.0,0.0,0.9996854796435436,0.9998427150871184,0.5,1.0,0.9989967043621615,0.6208652807880243
Attention-DANN,46,0.22,114424,0,36,0,1.0,0.0,0.9996854796435436,0.9998427150871184,0.5,1.0,0.9989967043621615,0.6208652807880243
Attention-DANN,46,0.23,114424,0,36,0,1.0,0.0,0.9996854796435436,0.9998427150871184,0.5,1.0,0.9989967043621615,0.6208652807880243
Attention-DANN,46,0.24,114424,0,36,0,1.0,0.0,0.9996854796435436,0.9998427150871184,0.5,1.0,0.9989967043621615,0.6208652807880243
Attention-DANN,46,0.25,114424,0,36,0,1.0,0.0,0.9996854796435436,0.9998427150871184,0.5,1.0,0.9989967043621615,0.6208652807880243
Attention-DANN,46,0.26,114424,0,36,0,1.0,0.0,0.9996854796435436,0.9998427150871184,0.5,1.0,0.9989967043621615,0.6208652807880243
Attention-DANN,46,0.27,114424,0,36,0,1.0,0.0,0.9996854796435436,0.9998427150871184,0.5,1.0,0.9989967043621615,0.6208652807880243
Attention-DANN,46,0.28,114424,0,36,0,1.0,0.0,0.9996854796435436,0.9998427150871184,0.5,1.0,0.9989967043621615,0.6208652807880243
Attention-DANN,46,0.29,114424,0,36,0,1.0,0.0,0.9996854796435436,0.9998427150871184,0.5,1.0,0.9989967043621615,0.6208652807880243
Attention-DANN,46,0.3,114424,0,36,0,1.0,0.0,0.9996854796435436,0.9998427150871184,0.5,1.0,0.9989967043621615,0.6208652807880243
Attention-DANN,46,0.31,114424,0,36,0,1.0,0.0,0.9996854796435436,0.9998427150871184,0.5,1.0,0.9989967043621615,0.6208652807880243
Attention-DANN,46,0.32,114424,0,36,0,1.0,0.0,0.9996854796435436,0.9998427150871184,0.5,1.0,0.9989967043621615,0.6208652807880243
Attention-DANN,46,0.33,114424,0,36,0,1.0,0.0,0.9996854796435436,0.9998427150871184,0.5,1.0,0.9989967043621615,0.6208652807880243
Attention-DANN,46,0.34,114424,0,36,0,1.0,0.0,0.9996854796435436,0.9998427150871184,0.5,1.0,0.9989967043621615,0.6208652807880243
Attention-DANN,46,0.35000000000000003,114424,0,36,0,1.0,0.0,0.9996854796435436,0.9998427150871184,0.5,1.0,0.9989967043621615,0.6208652807880243
Attention-DANN,46,0.36,114424,0,36,0,1.0,0.0,0.9996854796435436,0.9998427150871184,0.5,1.0,0.9989967043621615,0.6208652807880243
Attention-DANN,46,0.37,114424,0,36,0,1.0,0.0,0.9996854796435436,0.9998427150871184,0.5,1.0,0.9989967043621615,0.6208652807880243
Attention-DANN,46,0.38,114424,0,36,0,1.0,0.0,0.9996854796435436,0.9998427150871184,0.5,1.0,0.9989967043621615,0.6208652807880243
Attention-DANN,46,0.39,114424,0,36,0,1.0,0.0,0.9996854796435436,0.9998427150871184,0.5,1.0,0.9989967043621615,0.6208652807880243
Attention-DANN,46,0.4,114424,0,36,0,1.0,0.0,0.9996854796435436,0.9998427150871184,0.5,1.0,0.9989967043621615,0.6208652807880243
Attention-DANN,46,0.41000000000000003,114424,0,36,0,1.0,0.0,0.9996854796435436,0.9998427150871184,0.5,1.0,0.9989967043621615,0.6208652807880243
Attention-DANN,46,0.42,114424,0,36,0,1.0,0.0,0.9996854796435436,0.9998427150871184,0.5,1.0,0.9989967043621615,0.6208652807880243
Attention-DANN,46,0.43,114424,0,36,0,1.0,0.0,0.9996854796435436,0.9998427150871184,0.5,1.0,0.9989967043621615,0.6208652807880243
Attention-DANN,46,0.44,114424,0,36,0,1.0,0.0,0.9996854796435436,0.9998427150871184,0.5,1.0,0.9989967043621615,0.6208652807880243
Attention-DANN,46,0.45,114424,1,35,0,1.0,0.027777777777777776,0.9996942136485554,0.9998470834443799,0.5138888888888888,0.9999912633234318,0.9989967043621615,0.6208652807880243
Attention-DANN,46,0.46,114424,1,35,0,1.0,0.027777777777777776,0.9996942136485554,0.9998470834443799,0.5138888888888888,0.9999912633234318,0.9989967043621615,0.6208652807880243
Attention-DANN,46,0.47000000000000003,114424,2,34,0,1.0,0.05555555555555555,0.9997029478061822,0.9998514518398126,0.5277777777777778,0.9999825266468635,0.9989967043621615,0.6208652807880243
Attention-DANN,46,0.48,114424,3,33,0,1.0,0.08333333333333333,0.999711682116428,0.9998558202734172,0.5416666666666666,0.9999737899702953,0.9989967043621615,0.6208652807880243
Attention-DANN,46,0.49,114424,4,32,0,1.0,0.1111111111111111,0.9997204165792969,0.999860188745194,0.5555555555555556,0.9999650532937271,0.9989967043621615,0.6208652807880243
Attention-DANN,46,0.5,114424,5,31,0,1.0,0.1388888888888889,0.9997291511947927,0.9998645572551436,0.5694444444444444,0.9999563166171588,0.9989967043621615,0.6208652807880243
Attention-DANN,46,0.51,114424,6,30,0,1.0,0.16666666666666666,0.9997378859629196,0.9998689258032664,0.5833333333333334,0.9999475799405906,0.9989967043621615,0.6208652807880243
Attention-DANN,46,0.52,114424,6,30,0,1.0,0.16666666666666666,0.9997378859629196,0.9998689258032664,0.5833333333333334,0.9999475799405906,0.9989967043621615,0.6208652807880243
Attention-DANN,46,0.53,114424,6,30,0,1.0,0.16666666666666666,0.9997378859629196,0.9998689258032664,0.5833333333333334,0.9999475799405906,0.9989967043621615,0.6208652807880243
Attention-DANN,46,0.54,114424,6,30,0,1.0,0.16666666666666666,0.9997378859629196,0.9998689258032664,0.5833333333333334,0.9999475799405906,0.9989967043621615,0.6208652807880243
Attention-DANN,46,0.55,114424,6,30,0,1.0,0.16666666666666666,0.9997378859629196,0.9998689258032664,0.5833333333333334,0.9999475799405906,0.9989967043621615,0.6208652807880243
Attention-DANN,46,0.56,114424,6,30,0,1.0,0.16666666666666666,0.9997378859629196,0.9998689258032664,0.5833333333333334,0.9999475799405906,0.9989967043621615,0.6208652807880243
Attention-DANN,46,0.5700000000000001,114424,6,30,0,1.0,0.16666666666666666,0.9997378859629196,0.9998689258032664,0.5833333333333334,0.9999475799405906,0.9989967043621615,0.6208652807880243
Attention-DANN,46,0.58,114424,6,30,0,1.0,0.16666666666666666,0.9997378859629196,0.9998689258032664,0.5833333333333334,0.9999475799405906,0.9989967043621615,0.6208652807880243
Attention-DANN,46,0.59,114424,6,30,0,1.0,0.16666666666666666,0.9997378859629196,0.9998689258032664,0.5833333333333334,0.9999475799405906,0.9989967043621615,0.6208652807880243
Attention-DANN,46,0.6,114424,6,30,0,1.0,0.16666666666666666,0.9997378859629196,0.9998689258032664,0.5833333333333334,0.9999475799405906,0.9989967043621615,0.6208652807880243
Attention-DANN,46,0.61,114424,6,30,0,1.0,0.16666666666666666,0.9997378859629196,0.9998689258032664,0.5833333333333334,0.9999475799405906,0.9989967043621615,0.6208652807880243
Attention-DANN,46,0.62,114424,6,30,0,1.0,0.16666666666666666,0.9997378859629196,0.9998689258032664,0.5833333333333334,0.9999475799405906,0.9989967043621615,0.6208652807880243
Attention-DANN,46,0.63,114424,6,30,0,1.0,0.16666666666666666,0.9997378859629196,0.9998689258032664,0.5833333333333334,0.9999475799405906,0.9989967043621615,0.6208652807880243
Attention-DANN,46,0.64,114424,7,29,0,1.0,0.19444444444444445,0.9997466208836815,0.999873294389563,0.5972222222222222,0.9999388432640224,0.9989967043621615,0.6208652807880243
Attention-DANN,46,0.65,114424,10,26,0,1.0,0.2777777777777778,0.9997728265618174,0.9998864003775003,0.6388888888888888,0.9999126332343177,0.9989967043621615,0.6208652807880243
Attention-DANN,46,0.66,114424,13,23,0,1.0,0.3611111111111111,0.9997990336138125,0.9998995067090195,0.6805555555555556,0.999886423204613,0.9989967043621615,0.6208652807880243
Attention-DANN,46,0.67,114424,14,22,0,1.0,0.3888888888888889,0.9998077696031316,0.9999038755625465,0.6944444444444444,0.9998776865280448,0.9989967043621615,0.6208652807880243
Attention-DANN,46,0.68,114424,14,22,0,1.0,0.3888888888888889,0.9998077696031316,0.9999038755625465,0.6944444444444444,0.9998776865280448,0.9989967043621615,0.6208652807880243
Attention-DANN,46,0.6900000000000001,114424,14,22,0,1.0,0.3888888888888889,0.9998077696031316,0.9999038755625465,0.6944444444444444,0.9998776865280448,0.9989967043621615,0.6208652807880243
Attention-DANN,46,0.7000000000000001,114424,14,22,0,1.0,0.3888888888888889,0.9998077696031316,0.9999038755625465,0.6944444444444444,0.9998776865280448,0.9989967043621615,0.6208652807880243
Attention-DANN,46,0.71,114424,14,22,0,1.0,0.3888888888888889,0.9998077696031316,0.9999038755625465,0.6944444444444444,0.9998776865280448,0.9989967043621615,0.6208652807880243
Attention-DANN,46,0.72,114424,15,21,0,1.0,0.4166666666666667,0.9998165057451177,0.9999082444542511,0.7083333333333334,0.9998689498514765,0.9989967043621615,0.6208652807880243
Attention-DANN,46,0.73,114424,15,21,0,1.0,0.4166666666666667,0.9998165057451177,0.9999082444542511,0.7083333333333334,0.9998689498514765,0.9989967043621615,0.6208652807880243
Attention-DANN,46,0.74,114423,16,20,1,0.9999912605747046,0.4444444444444444,0.9998252405127444,0.9999082436524269,0.7222178525095745,0.99985147649834,0.9989967043621615,0.6208652807880243
Attention-DANN,46,0.75,114421,16,20,3,0.9999737817241138,0.4444444444444444,0.9998252374586031,0.9998995040744544,0.7222091130842792,0.9998340031452035,0.9989967043621615,0.6208652807880243
Attention-DANN,46,0.76,114421,16,20,3,0.9999737817241138,0.4444444444444444,0.9998252374586031,0.9998995040744544,0.7222091130842792,0.9998340031452035,0.9989967043621615,0.6208652807880243
Attention-DANN,46,0.77,114421,16,20,3,0.9999737817241138,0.4444444444444444,0.9998252374586031,0.9998995040744544,0.7222091130842792,0.9998340031452035,0.9989967043621615,0.6208652807880243
Attention-DANN,46,0.78,114420,16,20,4,0.9999650422988184,0.4444444444444444,0.9998252359314925,0.9998951342281879,0.7222047433716314,0.9998252664686353,0.9989967043621615,0.6208652807880243
Attention-DANN,46,0.79,114420,16,20,4,0.9999650422988184,0.4444444444444444,0.9998252359314925,0.9998951342281879,0.7222047433716314,0.9998252664686353,0.9989967043621615,0.6208652807880243
Attention-DANN,46,0.8,114415,16,20,9,0.9999213451723414,0.4444444444444444,0.999825228295539,0.999873284424034,0.7221828948083929,0.9997815830857941,0.9989967043621615,0.6208652807880243
Attention-DANN,46,0.81,114409,16,20,15,0.9998689086205691,0.4444444444444444,0.9998252191315139,0.9998470633987756,0.7221566765325067,0.9997291630263848,0.9989967043621615,0.6208652807880243
Attention-DANN,46,0.8200000000000001,114409,20,16,15,0.9998689086205691,0.5555555555555556,0.9998601704173039,0.9998645394998449,0.7777122320880623,0.9996942163201118,0.9989967043621615,0.6208652807880243
Attention-DANN,46,0.8300000000000001,21139,23,13,93285,0.18474271131930364,0.6388888888888888,0.9993854009077155,0.311839853661415,0.41181580010409624,0.1847981827712738,0.9989967043621615,0.6208652807880243
Attention-DANN,46,0.84,27,25,11,114397,0.00023596448297559953,0.6944444444444444,0.7105263157894737,0.00047177229124076113,0.34734020446371,0.0003319937095928709,0.9989967043621615,0.6208652807880243
Attention-DANN,46,0.85,22,25,11,114402,0.00019226735649863666,0.6944444444444444,0.6666666666666666,0.00038442384476266195,0.34731835590047155,0.00028831032675170367,0.9989967043621615,0.6208652807880243
Attention-DANN,46,0.86,6,27,9,114418,5.243655177235545e-05,0.75,0.4,0.00010485935738690481,0.37502621827588617,0.00013105014852350167,0.9989967043621615,0.6208652807880243
Attention-DANN,46,0.87,0,31,5,114424,0.0,0.8611111111111112,0.0,0.0,0.4305555555555556,4.368338284116722e-05,0.9989967043621615,0.6208652807880243
Attention-DANN,46,0.88,0,31,5,114424,0.0,0.8611111111111112,0.0,0.0,0.4305555555555556,4.368338284116722e-05,0.9989967043621615,0.6208652807880243
Attention-DANN,46,0.89,0,36,0,114424,0.0,1.0,0.0,0.0,0.5,0.0,0.9989967043621615,0.6208652807880243
Attention-DANN,46,0.9,0,36,0,114424,0.0,1.0,0.0,0.0,0.5,0.0,0.9989967043621615,0.6208652807880243
Attention-DANN,46,0.91,0,36,0,114424,0.0,1.0,0.0,0.0,0.5,0.0,0.9989967043621615,0.6208652807880243
Attention-DANN,46,0.92,0,36,0,114424,0.0,1.0,0.0,0.0,0.5,0.0,0.9989967043621615,0.6208652807880243
Attention-DANN,46,0.93,0,36,0,114424,0.0,1.0,0.0,0.0,0.5,0.0,0.9989967043621615,0.6208652807880243
Attention-DANN,46,0.9400000000000001,0,36,0,114424,0.0,1.0,0.0,0.0,0.5,0.0,0.9989967043621615,0.6208652807880243
Attention-DANN,46,0.9500000000000001,0,36,0,114424,0.0,1.0,0.0,0.0,0.5,0.0,0.9989967043621615,0.6208652807880243
Attention-DANN,46,0.96,0,36,0,114424,0.0,1.0,0.0,0.0,0.5,0.0,0.9989967043621615,0.6208652807880243
Attention-DANN,46,0.97,0,36,0,114424,0.0,1.0,0.0,0.0,0.5,0.0,0.9989967043621615,0.6208652807880243
Attention-DANN,46,0.98,0,36,0,114424,0.0,1.0,0.0,0.0,0.5,0.0,0.9989967043621615,0.6208652807880243
Attention-DANN,46,0.99,0,36,0,114424,0.0,1.0,0.0,0.0,0.5,0.0,0.9989967043621615,0.6208652807880243
Attention-DANN,46,1.0,0,36,0,114424,0.0,1.0,0.0,0.0,0.5,0.0,0.9989967043621615,0.6208652807880243
Transformer,46,0.0,114424,0,36,0,1.0,0.0,0.9996854796435436,0.9998427150871184,0.5,1.0,0.9996148631293285,0.7796438878401578
Transformer,46,0.01,114424,0,36,0,1.0,0.0,0.9996854796435436,0.9998427150871184,0.5,1.0,0.9996148631293285,0.7796438878401578
Transformer,46,0.02,114424,0,36,0,1.0,0.0,0.9996854796435436,0.9998427150871184,0.5,1.0,0.9996148631293285,0.7796438878401578
Transformer,46,0.03,114424,0,36,0,1.0,0.0,0.9996854796435436,0.9998427150871184,0.5,1.0,0.9996148631293285,0.7796438878401578
Transformer,46,0.04,114424,0,36,0,1.0,0.0,0.9996854796435436,0.9998427150871184,0.5,1.0,0.9996148631293285,0.7796438878401578
Transformer,46,0.05,114424,0,36,0,1.0,0.0,0.9996854796435436,0.9998427150871184,0.5,1.0,0.9996148631293285,0.7796438878401578
Transformer,46,0.06,114424,5,31,0,1.0,0.1388888888888889,0.9997291511947927,0.9998645572551436,0.5694444444444444,0.9999563166171588,0.9996148631293285,0.7796438878401578
Transformer,46,0.07,114424,7,29,0,1.0,0.19444444444444445,0.9997466208836815,0.999873294389563,0.5972222222222222,0.9999388432640224,0.9996148631293285,0.7796438878401578
Transformer,46,0.08,114424,8,28,0,1.0,0.2222222222222222,0.9997553559570824,0.9998776630140338,0.6111111111111112,0.9999301065874542,0.9996148631293285,0.7796438878401578
Transformer,46,0.09,114424,8,28,0,1.0,0.2222222222222222,0.9997553559570824,0.9998776630140338,0.6111111111111112,0.9999301065874542,0.9996148631293285,0.7796438878401578
Transformer,46,0.1,114424,8,28,0,1.0,0.2222222222222222,0.9997553559570824,0.9998776630140338,0.6111111111111112,0.9999301065874542,0.9996148631293285,0.7796438878401578
Transformer,46,0.11,114424,8,28,0,1.0,0.2222222222222222,0.9997553559570824,0.9998776630140338,0.6111111111111112,0.9999301065874542,0.9996148631293285,0.7796438878401578
Transformer,46,0.12,114424,12,24,0,1.0,0.3333333333333333,0.9997902977771564,0.9998951378936698,0.6666666666666666,0.9998951598811812,0.9996148631293285,0.7796438878401578
Transformer,46,0.13,114424,14,22,0,1.0,0.3888888888888889,0.9998077696031316,0.9999038755625465,0.6944444444444444,0.9998776865280448,0.9996148631293285,0.7796438878401578
Transformer,46,0.14,114424,15,21,0,1.0,0.4166666666666667,0.9998165057451177,0.9999082444542511,0.7083333333333334,0.9998689498514765,0.9996148631293285,0.7796438878401578
Transformer,46,0.15,114424,15,21,0,1.0,0.4166666666666667,0.9998165057451177,0.9999082444542511,0.7083333333333334,0.9998689498514765,0.9996148631293285,0.7796438878401578
Transformer,46,0.16,114424,15,21,0,1.0,0.4166666666666667,0.9998165057451177,0.9999082444542511,0.7083333333333334,0.9998689498514765,0.9996148631293285,0.7796438878401578
Transformer,46,0.17,114424,15,21,0,1.0,0.4166666666666667,0.9998165057451177,0.9999082444542511,0.7083333333333334,0.9998689498514765,0.9996148631293285,0.7796438878401578
Transformer,46,0.18,114424,15,21,0,1.0,0.4166666666666667,0.9998165057451177,0.9999082444542511,0.7083333333333334,0.9998689498514765,0.9996148631293285,0.7796438878401578
Transformer,46,0.19,114424,15,21,0,1.0,0.4166666666666667,0.9998165057451177,0.9999082444542511,0.7083333333333334,0.9998689498514765,0.9996148631293285,0.7796438878401578
Transformer,46,0.2,114424,15,21,0,1.0,0.4166666666666667,0.9998165057451177,0.9999082444542511,0.7083333333333334,0.9998689498514765,0.9996148631293285,0.7796438878401578
Transformer,46,0.21,114424,15,21,0,1.0,0.4166666666666667,0.9998165057451177,0.9999082444542511,0.7083333333333334,0.9998689498514765,0.9996148631293285,0.7796438878401578
Transformer,46,0.22,114424,15,21,0,1.0,0.4166666666666667,0.9998165057451177,0.9999082444542511,0.7083333333333334,0.9998689498514765,0.9996148631293285,0.7796438878401578
Transformer,46,0.23,114424,15,21,0,1.0,0.4166666666666667,0.9998165057451177,0.9999082444542511,0.7083333333333334,0.9998689498514765,0.9996148631293285,0.7796438878401578
Transformer,46,0.24,114424,16,20,0,1.0,0.4444444444444444,0.999825242039775,0.9999126133841341,0.7222222222222222,0.9998602131749083,0.9996148631293285,0.7796438878401578
Transformer,46,0.25,114424,17,19,0,1.0,0.4722222222222222,0.9998339784871071,0.9999169823521958,0.7361111111111112,0.99985147649834,0.9996148631293285,0.7796438878401578
Transformer,46,0.26,114424,17,19,0,1.0,0.4722222222222222,0.9998339784871071,0.9999169823521958,0.7361111111111112,0.99985147649834,0.9996148631293285,0.7796438878401578
Transformer,46,0.27,114424,18,18,0,1.0,0.5,0.9998427150871184,0.9999213513584368,0.75,0.9998427398217719,0.9996148631293285,0.7796438878401578
Transformer,46,0.28,114424,18,18,0,1.0,0.5,0.9998427150871184,0.9999213513584368,0.75,0.9998427398217719,0.9996148631293285,0.7796438878401578
Transformer,46,0.29,114424,19,17,0,1.0,0.5277777777777778,0.9998514518398126,0.9999257204028575,0.7638888888888888,0.9998340031452035,0.9996148631293285,0.7796438878401578
Transformer,46,0.3,114424,19,17,0,1.0,0.5277777777777778,0.9998514518398126,0.9999257204028575,0.7638888888888888,0.9998340031452035,0.9996148631293285,0.7796438878401578
Transformer,46,0.31,114424,20,16,0,1.0,0.5555555555555556,0.999860188745194,0.9999300894854586,0.7777777777777778,0.9998252664686353,0.9996148631293285,0.7796438878401578
Transformer,46,0.32,114424,20,16,0,1.0,0.5555555555555556,0.999860188745194,0.9999300894854586,0.7777777777777778,0.9998252664686353,0.9996148631293285,0.7796438878401578
Transformer,46,0.33,114424,20,16,0,1.0,0.5555555555555556,0.999860188745194,0.9999300894854586,0.7777777777777778,0.9998252664686353,0.9996148631293285,0.7796438878401578
Transformer,46,0.34,114424,20,16,0,1.0,0.5555555555555556,0.999860188745194,0.9999300894854586,0.7777777777777778,0.9998252664686353,0.9996148631293285,0.7796438878401578
Transformer,46,0.35000000000000003,114424,20,16,0,1.0,0.5555555555555556,0.999860188745194,0.9999300894854586,0.7777777777777778,0.9998252664686353,0.9996148631293285,0.7796438878401578
Transformer,46,0.36,114424,20,16,0,1.0,0.5555555555555556,0.999860188745194,0.9999300894854586,0.7777777777777778,0.9998252664686353,0.9996148631293285,0.7796438878401578
Transformer,46,0.37,114424,20,16,0,1.0,0.5555555555555556,0.999860188745194,0.9999300894854586,0.7777777777777778,0.9998252664686353,0.9996148631293285,0.7796438878401578
Transformer,46,0.38,114424,21,15,0,1.0,0.5833333333333334,0.9998689258032664,0.9999344586062404,0.7916666666666667,0.9998165297920671,0.9996148631293285,0.7796438878401578
Transformer,46,0.39,114424,21,15,0,1.0,0.5833333333333334,0.9998689258032664,0.9999344586062404,0.7916666666666667,0.9998165297920671,0.9996148631293285,0.7796438878401578
Transformer,46,0.4,114424,21,15,0,1.0,0.5833333333333334,0.9998689258032664,0.9999344586062404,0.7916666666666667,0.9998165297920671,0.9996148631293285,0.7796438878401578
Transformer,46,0.41000000000000003,114424,22,14,0,1.0,0.6111111111111112,0.9998776630140338,0.9999388277652035,0.8055555555555556,0.9998077931154988,0.9996148631293285,0.7796438878401578
Transformer,46,0.42,114424,22,14,0,1.0,0.6111111111111112,0.9998776630140338,0.9999388277652035,0.8055555555555556,0.9998077931154988,0.9996148631293285,0.7796438878401578
Transformer,46,0.43,114424,22,14,0,1.0,0.6111111111111112,0.9998776630140338,0.9999388277652035,0.8055555555555556,0.9998077931154988,0.9996148631293285,0.7796438878401578
Transformer,46,0.44,114424,22,14,0,1.0,0.6111111111111112,0.9998776630140338,0.9999388277652035,0.8055555555555556,0.9998077931154988,0.9996148631293285,0.7796438878401578
Transformer,46,0.45,114424,22,14,0,1.0,0.6111111111111112,0.9998776630140338,0.9999388277652035,0.8055555555555556,0.9998077931154988,0.9996148631293285,0.7796438878401578
Transformer,46,0.46,114424,23,13,0,1.0,0.6388888888888888,0.9998864003775003,0.9999431969623483,0.8194444444444444,0.9997990564389306,0.9996148631293285,0.7796438878401578
Transformer,46,0.47000000000000003,114424,23,13,0,1.0,0.6388888888888888,0.9998864003775003,0.9999431969623483,0.8194444444444444,0.9997990564389306,0.9996148631293285,0.7796438878401578
Transformer,46,0.48,114424,23,13,0,1.0,0.6388888888888888,0.9998864003775003,0.9999431969623483,0.8194444444444444,0.9997990564389306,0.9996148631293285,0.7796438878401578
Transformer,46,0.49,114424,23,13,0,1.0,0.6388888888888888,0.9998864003775003,0.9999431969623483,0.8194444444444444,0.9997990564389306,0.9996148631293285,0.7796438878401578
Transformer,46,0.5,114424,23,13,0,1.0,0.6388888888888888,0.9998864003775003,0.9999431969623483,0.8194444444444444,0.9997990564389306,0.9996148631293285,0.7796438878401578
Transformer,46,0.51,114424,23,13,0,1.0,0.6388888888888888,0.9998864003775003,0.9999431969623483,0.8194444444444444,0.9997990564389306,0.9996148631293285,0.7796438878401578
Transformer,46,0.52,114424,23,13,0,1.0,0.6388888888888888,0.9998864003775003,0.9999431969623483,0.8194444444444444,0.9997990564389306,0.9996148631293285,0.7796438878401578
Transformer,46,0.53,114424,23,13,0,1.0,0.6388888888888888,0.9998864003775003,0.9999431969623483,0.8194444444444444,0.9997990564389306,0.9996148631293285,0.7796438878401578
Transformer,46,0.54,114423,23,13,1,0.9999912605747046,0.6388888888888888,0.9998863993848089,0.9999388272306213,0.8194400747317967,0.9997903197623624,0.9996148631293285,0.7796438878401578
Transformer,46,0.55,114423,23,13,1,0.9999912605747046,0.6388888888888888,0.9998863993848089,0.9999388272306213,0.8194400747317967,0.9997903197623624,0.9996148631293285,0.7796438878401578
Transformer,46,0.56,114423,23,13,1,0.9999912605747046,0.6388888888888888,0.9998863993848089,0.9999388272306213,0.8194400747317967,0.9997903197623624,0.9996148631293285,0.7796438878401578
Transformer,46,0.5700000000000001,114423,23,13,1,0.9999912605747046,0.6388888888888888,0.9998863993848089,0.9999388272306213,0.8194400747317967,0.9997903197623624,0.9996148631293285,0.7796438878401578
Transformer,46,0.58,114422,23,13,2,0.9999825211494092,0.6388888888888888,0.9998863983921004,0.9999344574607072,0.819435705019149,0.9997815830857941,0.9996148631293285,0.7796438878401578
Transformer,46,0.59,114422,24,12,2,0.9999825211494092,0.6666666666666666,0.9998951360609609,0.9999388266960298,0.8333245939080379,0.9997728464092259,0.9996148631293285,0.7796438878401578
Transformer,46,0.6,114422,24,12,2,0.9999825211494092,0.6666666666666666,0.9998951360609609,0.9999388266960298,0.8333245939080379,0.9997728464092259,0.9996148631293285,0.7796438878401578
Transformer,46,0.61,114422,24,12,2,0.9999825211494092,0.6666666666666666,0.9998951360609609,0.9999388266960298,0.8333245939080379,0.9997728464092259,0.9996148631293285,0.7796438878401578
Transformer,46,0.62,114422,24,12,2,0.9999825211494092,0.6666666666666666,0.9998951360609609,0.9999388266960298,0.8333245939080379,0.9997728464092259,0.9996148631293285,0.7796438878401578
Transformer,46,0.63,114420,25,11,4,0.9999650422988184,0.6944444444444444,0.9999038722024626,0.999934456315134,0.8472047433716314,0.9997466363795212,0.9996148631293285,0.7796438878401578
Transformer,46,0.64,114221,25,11,203,0.9982258966650354,0.6944444444444444,0.9999037047412284,0.9990640962843748,0.84633517055474,0.9980080377424427,0.9996148631293285,0.7796438878401578
Transformer,46,0.65,113783,25,11,641,0.9943980283856534,0.6944444444444444,0.9999033340949435,0.9971430824913021,0.844421236415049,0.9941813734055566,0.9996148631293285,0.7796438878401578
Transformer,46,0.66,113056,26,10,1368,0.9880444661959029,0.7222222222222222,0.9999115560822882,0.9939425908831158,0.8551333442090625,0.9878210728638825,0.9996148631293285,0.7796438878401578
Transformer,46,0.67,110531,26,10,3893,0.9659774173250367,0.7222222222222222,0.9999095358283352,0.9826506345431512,0.8440998197736295,0.9657609645290931,0.9996148631293285,0.7796438878401578
Transformer,46,0.68,104736,26,10,9688,0.9153324477382367,0.7222222222222222,0.9999045309606095,0.9557512433270977,0.8187773349802294,0.9151319238161804,0.9996148631293285,0.7796438878401578
Transformer,46,0.6900000000000001,97119,26,10,17305,0.8487642452632315,0.7222222222222222,0.9998970441371784,0.9181528978553838,0.7854932337427268,0.8485846583959462,0.9996148631293285,0.7796438878401578
Transformer,46,0.7000000000000001,92700,27,9,21724,0.8101447248828917,0.75,0.9999029220464033,0.8950770760815515,0.7800723624414458,0.8099685479643544,0.9996148631293285,0.7796438878401578
Transformer,46,0.71,89579,27,9,24845,0.7828689785359715,0.75,0.9998995401169799,0.8781738329117895,0.7664344892679857,0.7827013803948978,0.9996148631293285,0.7796438878401578
Transformer,46,0.72,86001,27,9,28423,0.7515993148290568,0.75,0.9998953610045344,0.858147819232266,0.7507996574145284,0.7514415516337585,0.9996148631293285,0.7796438878401578
Transformer,46,0.73,81629,27,9,32795,0.7133905474376006,0.75,0.999889757220902,0.8326855790515245,0.7316952737188003,0.7132448016774419,0.9996148631293285,0.7796438878401578
Transformer,46,0.74,75536,27,9,38888,0.6601412291127735,0.75,0.99988086570918,0.7952455400617996,0.7050706145563868,0.6600122313471956,0.9996148631293285,0.7796438878401578
Transformer,46,0.75,68312,27,9,46112,0.5970076207788576,0.75,0.999868268907071,0.7476210019425976,0.6735038103894289,0.5968984798182772,0.9996148631293285,0.7796438878401578
Transformer,46,0.76,60944,27,9,53480,0.5326155352024051,0.75,0.9998523452496185,0.6950056164719433,0.6413077676012026,0.5325266468635331,0.9996148631293285,0.7796438878401578
Transformer,46,0.77,57023,27,9,57401,0.4983482486191708,0.75,0.9998421938560808,0.6651619074281448,0.6241741243095854,0.4982701380394898,0.9996148631293285,0.7796438878401578
Transformer,46,0.78,52184,27,9,62240,0.45605816961476614,0.75,0.9998275630831721,0.6263946656103518,0.603029084807383,0.45599336012580816,0.9996148631293285,0.7796438878401578
Transformer,46,0.79,45609,27,9,68815,0.39859644829755997,0.75,0.9998027094567934,0.569962884742755,0.57429822414878,0.39854971168967324,0.9996148631293285,0.7796438878401578
Transformer,46,0.8,43825,28,8,70599,0.3830053135705796,0.7777777777777778,0.999817489106381,0.5538459594204364,0.5803915456741787,0.38295474401537655,0.9996148631293285,0.7796438878401578
Transformer,46,0.81,36101,28,8,78323,0.31550199258896733,0.7777777777777778,0.999778448586225,0.4796423375605349,0.5466398851833726,0.31547265420234144,0.9996148631293285,0.7796438878401578
Transformer,46,0.8200000000000001,30062,30,6,84362,0.2627246032300916,0.8333333333333334,0.9998004523081017,0.4161060819976192,0.5480289682817125,0.2626943910536432,0.9996148631293285,0.7796438878401578
Transformer,46,0.8300000000000001,20126,30,6,94298,0.17588967349507095,0.8333333333333334,0.9997019670176833,0.2991468236273373,0.5046115034142021,0.17588677267167568,0.9996148631293285,0.7796438878401578
Transformer,46,0.84,16257,30,6,98167,0.1420768370271971,0.8333333333333334,0.9996310643792659,0.24879291742866544,0.48770508518026523,0.1420845710291805,0.9996148631293285,0.7796438878401578
Transformer,46,0.85,14125,31,5,100299,0.12344438229742012,0.8611111111111112,0.9996461429582448,0.21975201082813448,0.49227774670426566,0.12344923990913856,0.9996148631293285,0.7796438878401578
Transformer,46,0.86,5884,32,4,108540,0.051422778438089914,0.8888888888888888,0.9993206521739131,0.09781235454485006,0.4701558336634894,0.05144155163375852,0.9996148631293285,0.7796438878401578
Transformer,46,0.87,5764,32,4,108660,0.0503740474026428,0.8888888888888888,0.9993065187239945,0.09591320553780618,0.46963146814576584,0.0503931504455705,0.9996148631293285,0.7796438878401578
Transformer,46,0.88,30,32,4,114394,0.00026218275886177725,0.8888888888888888,0.8823529411764706,0.0005242097537961523,0.4445755358238753,0.0002970470033199371,0.9996148631293285,0.7796438878401578
Transformer,46,0.89,29,32,4,114395,0.0002534433335663847,0.8888888888888888,0.8787878787878788,0.0005067405226416908,0.4445711661112276,0.00028831032675170367,0.9996148631293285,0.7796438878401578
Transformer,46,0.9,28,34,2,114396,0.0002447039082709921,0.9444444444444444,0.9333333333333333,0.0004892795358834117,0.4723445741763577,0.00026210029704700334,0.9996148631293285,0.7796438878401578
Transformer,46,0.91,27,34,2,114397,0.00023596448297559953,0.9444444444444444,0.9310344827586207,0.00047180938900684123,0.47234020446371,0.00025336362047876987,0.9996148631293285,0.7796438878401578
Transformer,46,0.92,26,34,2,114398,0.00022722505768020695,0.9444444444444444,0.9285714285714286,0.00045433893684688776,0.47233583475106233,0.00024462694391053644,0.9996148631293285,0.7796438878401578
Transformer,46,0.93,24,34,2,114400,0.0002097462070894218,0.9444444444444444,0.9230769230769231,0.00041939711664482304,0.47232709532576694,0.00022715359077406954,0.9996148631293285,0.7796438878401578
Transformer,46,0.9400000000000001,19,34,2,114405,0.00016604908061245894,0.9444444444444444,0.9047619047619048,0.00033203722312027614,0.47230524676252844,0.00018347020793290232,0.9996148631293285,0.7796438878401578
Transformer,46,0.9500000000000001,5,34,2,114419,4.3697126476962874e-05,0.9444444444444444,0.7142857142857143,8.738890685216419e-05,0.4722440707854607,6.115673597763411e-05,0.9996148631293285,0.7796438878401578
Transformer,46,0.96,0,36,0,114424,0.0,1.0,0.0,0.0,0.5,0.0,0.9996148631293285,0.7796438878401578
Transformer,46,0.97,0,36,0,114424,0.0,1.0,0.0,0.0,0.5,0.0,0.9996148631293285,0.7796438878401578
Transformer,46,0.98,0,36,0,114424,0.0,1.0,0.0,0.0,0.5,0.0,0.9996148631293285,0.7796438878401578
Transformer,46,0.99,0,36,0,114424,0.0,1.0,0.0,0.0,0.5,0.0,0.9996148631293285,0.7796438878401578
Transformer,46,1.0,0,36,0,114424,0.0,1.0,0.0,0.0,0.5,0.0,0.9996148631293285,0.7796438878401578
Transformer-DANN,46,0.0,114424,0,36,0,1.0,0.0,0.9996854796435436,0.9998427150871184,0.5,1.0,0.9978840545257053,0.16666375352490148
Transformer-DANN,46,0.01,114424,0,36,0,1.0,0.0,0.9996854796435436,0.9998427150871184,0.5,1.0,0.9978840545257053,0.16666375352490148
Transformer-DANN,46,0.02,114424,0,36,0,1.0,0.0,0.9996854796435436,0.9998427150871184,0.5,1.0,0.9978840545257053,0.16666375352490148
Transformer-DANN,46,0.03,114424,0,36,0,1.0,0.0,0.9996854796435436,0.9998427150871184,0.5,1.0,0.9978840545257053,0.16666375352490148
Transformer-DANN,46,0.04,114424,0,36,0,1.0,0.0,0.9996854796435436,0.9998427150871184,0.5,1.0,0.9978840545257053,0.16666375352490148
Transformer-DANN,46,0.05,114424,0,36,0,1.0,0.0,0.9996854796435436,0.9998427150871184,0.5,1.0,0.9978840545257053,0.16666375352490148
Transformer-DANN,46,0.06,114424,0,36,0,1.0,0.0,0.9996854796435436,0.9998427150871184,0.5,1.0,0.9978840545257053,0.16666375352490148
Transformer-DANN,46,0.07,114424,0,36,0,1.0,0.0,0.9996854796435436,0.9998427150871184,0.5,1.0,0.9978840545257053,0.16666375352490148
Transformer-DANN,46,0.08,114424,0,36,0,1.0,0.0,0.9996854796435436,0.9998427150871184,0.5,1.0,0.9978840545257053,0.16666375352490148
Transformer-DANN,46,0.09,114424,0,36,0,1.0,0.0,0.9996854796435436,0.9998427150871184,0.5,1.0,0.9978840545257053,0.16666375352490148
Transformer-DANN,46,0.1,114424,0,36,0,1.0,0.0,0.9996854796435436,0.9998427150871184,0.5,1.0,0.9978840545257053,0.16666375352490148
Transformer-DANN,46,0.11,114424,0,36,0,1.0,0.0,0.9996854796435436,0.9998427150871184,0.5,1.0,0.9978840545257053,0.16666375352490148
Transformer-DANN,46,0.12,114424,0,36,0,1.0,0.0,0.9996854796435436,0.9998427150871184,0.5,1.0,0.9978840545257053,0.16666375352490148
Transformer-DANN,46,0.13,114424,0,36,0,1.0,0.0,0.9996854796435436,0.9998427150871184,0.5,1.0,0.9978840545257053,0.16666375352490148
Transformer-DANN,46,0.14,114424,0,36,0,1.0,0.0,0.9996854796435436,0.9998427150871184,0.5,1.0,0.9978840545257053,0.16666375352490148
Transformer-DANN,46,0.15,114424,0,36,0,1.0,0.0,0.9996854796435436,0.9998427150871184,0.5,1.0,0.9978840545257053,0.16666375352490148
Transformer-DANN,46,0.16,114424,0,36,0,1.0,0.0,0.9996854796435436,0.9998427150871184,0.5,1.0,0.9978840545257053,0.16666375352490148
Transformer-DANN,46,0.17,114424,0,36,0,1.0,0.0,0.9996854796435436,0.9998427150871184,0.5,1.0,0.9978840545257053,0.16666375352490148
Transformer-DANN,46,0.18,114424,0,36,0,1.0,0.0,0.9996854796435436,0.9998427150871184,0.5,1.0,0.9978840545257053,0.16666375352490148
Transformer-DANN,46,0.19,114424,0,36,0,1.0,0.0,0.9996854796435436,0.9998427150871184,0.5,1.0,0.9978840545257053,0.16666375352490148
Transformer-DANN,46,0.2,114424,0,36,0,1.0,0.0,0.9996854796435436,0.9998427150871184,0.5,1.0,0.9978840545257053,0.16666375352490148
Transformer-DANN,46,0.21,114424,0,36,0,1.0,0.0,0.9996854796435436,0.9998427150871184,0.5,1.0,0.9978840545257053,0.16666375352490148
Transformer-DANN,46,0.22,114424,0,36,0,1.0,0.0,0.9996854796435436,0.9998427150871184,0.5,1.0,0.9978840545257053,0.16666375352490148
Transformer-DANN,46,0.23,114424,0,36,0,1.0,0.0,0.9996854796435436,0.9998427150871184,0.5,1.0,0.9978840545257053,0.16666375352490148
Transformer-DANN,46,0.24,114424,0,36,0,1.0,0.0,0.9996854796435436,0.9998427150871184,0.5,1.0,0.9978840545257053,0.16666375352490148
Transformer-DANN,46,0.25,114424,0,36,0,1.0,0.0,0.9996854796435436,0.9998427150871184,0.5,1.0,0.9978840545257053,0.16666375352490148
Transformer-DANN,46,0.26,114424,0,36,0,1.0,0.0,0.9996854796435436,0.9998427150871184,0.5,1.0,0.9978840545257053,0.16666375352490148
Transformer-DANN,46,0.27,114424,0,36,0,1.0,0.0,0.9996854796435436,0.9998427150871184,0.5,1.0,0.9978840545257053,0.16666375352490148
Transformer-DANN,46,0.28,114424,0,36,0,1.0,0.0,0.9996854796435436,0.9998427150871184,0.5,1.0,0.9978840545257053,0.16666375352490148
Transformer-DANN,46,0.29,114424,0,36,0,1.0,0.0,0.9996854796435436,0.9998427150871184,0.5,1.0,0.9978840545257053,0.16666375352490148
Transformer-DANN,46,0.3,114424,0,36,0,1.0,0.0,0.9996854796435436,0.9998427150871184,0.5,1.0,0.9978840545257053,0.16666375352490148
Transformer-DANN,46,0.31,114424,0,36,0,1.0,0.0,0.9996854796435436,0.9998427150871184,0.5,1.0,0.9978840545257053,0.16666375352490148
Transformer-DANN,46,0.32,114424,0,36,0,1.0,0.0,0.9996854796435436,0.9998427150871184,0.5,1.0,0.9978840545257053,0.16666375352490148
Transformer-DANN,46,0.33,114424,0,36,0,1.0,0.0,0.9996854796435436,0.9998427150871184,0.5,1.0,0.9978840545257053,0.16666375352490148
Transformer-DANN,46,0.34,114424,0,36,0,1.0,0.0,0.9996854796435436,0.9998427150871184,0.5,1.0,0.9978840545257053,0.16666375352490148
Transformer-DANN,46,0.35000000000000003,114424,0,36,0,1.0,0.0,0.9996854796435436,0.9998427150871184,0.5,1.0,0.9978840545257053,0.16666375352490148
Transformer-DANN,46,0.36,114424,0,36,0,1.0,0.0,0.9996854796435436,0.9998427150871184,0.5,1.0,0.9978840545257053,0.16666375352490148
Transformer-DANN,46,0.37,114424,0,36,0,1.0,0.0,0.9996854796435436,0.9998427150871184,0.5,1.0,0.9978840545257053,0.16666375352490148
Transformer-DANN,46,0.38,114424,0,36,0,1.0,0.0,0.9996854796435436,0.9998427150871184,0.5,1.0,0.9978840545257053,0.16666375352490148
Transformer-DANN,46,0.39,114424,0,36,0,1.0,0.0,0.9996854796435436,0.9998427150871184,0.5,1.0,0.9978840545257053,0.16666375352490148
Transformer-DANN,46,0.4,114424,0,36,0,1.0,0.0,0.9996854796435436,0.9998427150871184,0.5,1.0,0.9978840545257053,0.16666375352490148
Transformer-DANN,46,0.41000000000000003,114424,0,36,0,1.0,0.0,0.9996854796435436,0.9998427150871184,0.5,1.0,0.9978840545257053,0.16666375352490148
Transformer-DANN,46,0.42,114424,0,36,0,1.0,0.0,0.9996854796435436,0.9998427150871184,0.5,1.0,0.9978840545257053,0.16666375352490148
Transformer-DANN,46,0.43,114424,0,36,0,1.0,0.0,0.9996854796435436,0.9998427150871184,0.5,1.0,0.9978840545257053,0.16666375352490148
Transformer-DANN,46,0.44,114424,0,36,0,1.0,0.0,0.9996854796435436,0.9998427150871184,0.5,1.0,0.9978840545257053,0.16666375352490148
Transformer-DANN,46,0.45,114424,0,36,0,1.0,0.0,0.9996854796435436,0.9998427150871184,0.5,1.0,0.9978840545257053,0.16666375352490148
Transformer-DANN,46,0.46,114424,0,36,0,1.0,0.0,0.9996854796435436,0.9998427150871184,0.5,1.0,0.9978840545257053,0.16666375352490148
Transformer-DANN,46,0.47000000000000003,114424,0,36,0,1.0,0.0,0.9996854796435436,0.9998427150871184,0.5,1.0,0.9978840545257053,0.16666375352490148
Transformer-DANN,46,0.48,114424,0,36,0,1.0,0.0,0.9996854796435436,0.9998427150871184,0.5,1.0,0.9978840545257053,0.16666375352490148
Transformer-DANN,46,0.49,114424,0,36,0,1.0,0.0,0.9996854796435436,0.9998427150871184,0.5,1.0,0.9978840545257053,0.16666375352490148
Transformer-DANN,46,0.5,114424,0,36,0,1.0,0.0,0.9996854796435436,0.9998427150871184,0.5,1.0,0.9978840545257053,0.16666375352490148
Transformer-DANN,46,0.51,114424,0,36,0,1.0,0.0,0.9996854796435436,0.9998427150871184,0.5,1.0,0.9978840545257053,0.16666375352490148
Transformer-DANN,46,0.52,114424,0,36,0,1.0,0.0,0.9996854796435436,0.9998427150871184,0.5,1.0,0.9978840545257053,0.16666375352490148
Transformer-DANN,46,0.53,114424,0,36,0,1.0,0.0,0.9996854796435436,0.9998427150871184,0.5,1.0,0.9978840545257053,0.16666375352490148
Transformer-DANN,46,0.54,114424,0,36,0,1.0,0.0,0.9996854796435436,0.9998427150871184,0.5,1.0,0.9978840545257053,0.16666375352490148
Transformer-DANN,46,0.55,114424,0,36,0,1.0,0.0,0.9996854796435436,0.9998427150871184,0.5,1.0,0.9978840545257053,0.16666375352490148
Transformer-DANN,46,0.56,114424,0,36,0,1.0,0.0,0.9996854796435436,0.9998427150871184,0.5,1.0,0.9978840545257053,0.16666375352490148
Transformer-DANN,46,0.5700000000000001,114424,0,36,0,1.0,0.0,0.9996854796435436,0.9998427150871184,0.5,1.0,0.9978840545257053,0.16666375352490148
Transformer-DANN,46,0.58,114424,0,36,0,1.0,0.0,0.9996854796435436,0.9998427150871184,0.5,1.0,0.9978840545257053,0.16666375352490148
Transformer-DANN,46,0.59,114424,0,36,0,1.0,0.0,0.9996854796435436,0.9998427150871184,0.5,1.0,0.9978840545257053,0.16666375352490148
Transformer-DANN,46,0.6,114424,0,36,0,1.0,0.0,0.9996854796435436,0.9998427150871184,0.5,1.0,0.9978840545257053,0.16666375352490148
Transformer-DANN,46,0.61,114424,0,36,0,1.0,0.0,0.9996854796435436,0.9998427150871184,0.5,1.0,0.9978840545257053,0.16666375352490148
Transformer-DANN,46,0.62,114424,0,36,0,1.0,0.0,0.9996854796435436,0.9998427150871184,0.5,1.0,0.9978840545257053,0.16666375352490148
Transformer-DANN,46,0.63,114413,2,34,11,0.9999038663217507,0.05555555555555555,0.999702919255201,0.9998033826915599,0.5277297109386531,0.999886423204613,0.9978840545257053,0.16666375352490148
Transformer-DANN,46,0.64,114413,6,30,11,0.9999038663217507,0.16666666666666666,0.9997378607691165,0.9998208566547383,0.5832852664942086,0.99985147649834,0.9978840545257053,0.16666375352490148
Transformer-DANN,46,0.65,31,6,30,114393,0.0002709221841571698,0.16666666666666666,0.5081967213114754,0.0005415556623138403,0.08346879442541191,0.00053293727066224,0.9978840545257053,0.16666375352490148
Transformer-DANN,46,0.66,31,6,30,114393,0.0002709221841571698,0.16666666666666666,0.5081967213114754,0.0005415556623138403,0.08346879442541191,0.00053293727066224,0.9978840545257053,0.16666375352490148
Transformer-DANN,46,0.67,31,6,30,114393,0.0002709221841571698,0.16666666666666666,0.5081967213114754,0.0005415556623138403,0.08346879442541191,0.00053293727066224,0.9978840545257053,0.16666375352490148
Transformer-DANN,46,0.68,31,6,30,114393,0.0002709221841571698,0.16666666666666666,0.5081967213114754,0.0005415556623138403,0.08346879442541191,0.00053293727066224,0.9978840545257053,0.16666375352490148
Transformer-DANN,46,0.6900000000000001,31,6,30,114393,0.0002709221841571698,0.16666666666666666,0.5081967213114754,0.0005415556623138403,0.08346879442541191,0.00053293727066224,0.9978840545257053,0.16666375352490148
Transformer-DANN,46,0.7000000000000001,31,6,30,114393,0.0002709221841571698,0.16666666666666666,0.5081967213114754,0.0005415556623138403,0.08346879442541191,0.00053293727066224,0.9978840545257053,0.16666375352490148
Transformer-DANN,46,0.71,31,6,30,114393,0.0002709221841571698,0.16666666666666666,0.5081967213114754,0.0005415556623138403,0.08346879442541191,0.00053293727066224,0.9978840545257053,0.16666375352490148
Transformer-DANN,46,0.72,31,6,30,114393,0.0002709221841571698,0.16666666666666666,0.5081967213114754,0.0005415556623138403,0.08346879442541191,0.00053293727066224,0.9978840545257053,0.16666375352490148
Transformer-DANN,46,0.73,31,6,30,114393,0.0002709221841571698,0.16666666666666666,0.5081967213114754,0.0005415556623138403,0.08346879442541191,0.00053293727066224,0.9978840545257053,0.16666375352490148
Transformer-DANN,46,0.74,31,6,30,114393,0.0002709221841571698,0.16666666666666666,0.5081967213114754,0.0005415556623138403,0.08346879442541191,0.00053293727066224,0.9978840545257053,0.16666375352490148
Transformer-DANN,46,0.75,31,6,30,114393,0.0002709221841571698,0.16666666666666666,0.5081967213114754,0.0005415556623138403,0.08346879442541191,0.00053293727066224,0.9978840545257053,0.16666375352490148
Transformer-DANN,46,0.76,31,6,30,114393,0.0002709221841571698,0.16666666666666666,0.5081967213114754,0.0005415556623138403,0.08346879442541191,0.00053293727066224,0.9978840545257053,0.16666375352490148
Transformer-DANN,46,0.77,31,6,30,114393,0.0002709221841571698,0.16666666666666666,0.5081967213114754,0.0005415556623138403,0.08346879442541191,0.00053293727066224,0.9978840545257053,0.16666375352490148
Transformer-DANN,46,0.78,31,6,30,114393,0.0002709221841571698,0.16666666666666666,0.5081967213114754,0.0005415556623138403,0.08346879442541191,0.00053293727066224,0.9978840545257053,0.16666375352490148
Transformer-DANN,46,0.79,31,6,30,114393,0.0002709221841571698,0.16666666666666666,0.5081967213114754,0.0005415556623138403,0.08346879442541191,0.00053293727066224,0.9978840545257053,0.16666375352490148
Transformer-DANN,46,0.8,31,6,30,114393,0.0002709221841571698,0.16666666666666666,0.5081967213114754,0.0005415556623138403,0.08346879442541191,0.00053293727066224,0.9978840545257053,0.16666375352490148
Transformer-DANN,46,0.81,31,6,30,114393,0.0002709221841571698,0.16666666666666666,0.5081967213114754,0.0005415556623138403,0.08346879442541191,0.00053293727066224,0.9978840545257053,0.16666375352490148
Transformer-DANN,46,0.8200000000000001,31,6,30,114393,0.0002709221841571698,0.16666666666666666,0.5081967213114754,0.0005415556623138403,0.08346879442541191,0.00053293727066224,0.9978840545257053,0.16666375352490148
Transformer-DANN,46,0.8300000000000001,31,6,30,114393,0.0002709221841571698,0.16666666666666666,0.5081967213114754,0.0005415556623138403,0.08346879442541191,0.00053293727066224,0.9978840545257053,0.16666375352490148
Transformer-DANN,46,0.84,31,6,30,114393,0.0002709221841571698,0.16666666666666666,0.5081967213114754,0.0005415556623138403,0.08346879442541191,0.00053293727066224,0.9978840545257053,0.16666375352490148
Transformer-DANN,46,0.85,31,6,30,114393,0.0002709221841571698,0.16666666666666666,0.5081967213114754,0.0005415556623138403,0.08346879442541191,0.00053293727066224,0.9978840545257053,0.16666375352490148
Transformer-DANN,46,0.86,31,6,30,114393,0.0002709221841571698,0.16666666666666666,0.5081967213114754,0.0005415556623138403,0.08346879442541191,0.00053293727066224,0.9978840545257053,0.16666375352490148
Transformer-DANN,46,0.87,27,6,30,114397,0.00023596448297559953,0.16666666666666666,0.47368421052631576,0.0004716939928896498,0.08345131557482113,0.0004979905643893064,0.9978840545257053,0.16666375352490148
Transformer-DANN,46,0.88,0,8,28,114424,0.0,0.2222222222222222,0.0,0.0,0.1111111111111111,0.00024462694391053644,0.9978840545257053,0.16666375352490148
Transformer-DANN,46,0.89,0,24,12,114424,0.0,0.6666666666666666,0.0,0.0,0.3333333333333333,0.00010484011881880133,0.9978840545257053,0.16666375352490148
Transformer-DANN,46,0.9,0,24,12,114424,0.0,0.6666666666666666,0.0,0.0,0.3333333333333333,0.00010484011881880133,0.9978840545257053,0.16666375352490148
Transformer-DANN,46,0.91,0,29,7,114424,0.0,0.8055555555555556,0.0,0.0,0.4027777777777778,6.115673597763411e-05,0.9978840545257053,0.16666375352490148
Transformer-DANN,46,0.92,0,33,3,114424,0.0,0.9166666666666666,0.0,0.0,0.4583333333333333,2.6210029704700334e-05,0.9978840545257053,0.16666375352490148
Transformer-DANN,46,0.93,0,34,2,114424,0.0,0.9444444444444444,0.0,0.0,0.4722222222222222,1.7473353136466887e-05,0.9978840545257053,0.16666375352490148
Transformer-DANN,46,0.9400000000000001,0,36,0,114424,0.0,1.0,0.0,0.0,0.5,0.0,0.9978840545257053,0.16666375352490148
Transformer-DANN,46,0.9500000000000001,0,36,0,114424,0.0,1.0,0.0,0.0,0.5,0.0,0.9978840545257053,0.16666375352490148
Transformer-DANN,46,0.96,0,36,0,114424,0.0,1.0,0.0,0.0,0.5,0.0,0.9978840545257053,0.16666375352490148
Transformer-DANN,46,0.97,0,36,0,114424,0.0,1.0,0.0,0.0,0.5,0.0,0.9978840545257053,0.16666375352490148
Transformer-DANN,46,0.98,0,36,0,114424,0.0,1.0,0.0,0.0,0.5,0.0,0.9978840545257053,0.16666375352490148
Transformer-DANN,46,0.99,0,36,0,114424,0.0,1.0,0.0,0.0,0.5,0.0,0.9978840545257053,0.16666375352490148
Transformer-DANN,46,1.0,0,36,0,114424,0.0,1.0,0.0,0.0,0.5,0.0,0.9978840545257053,0.16666375352490148
