model,threshold,tp,tn,fp,fn,recall,specificity,precision,f1,balanced_accuracy,ppr,pr_auc,roc_auc
Attention,0.0,114424.0,0.0,36.0,0.0,1.0,0.0,0.9996854796435436,0.9998427150871183,0.5,1.0,0.9991802171139998,0.6837435279700451
Attention,0.01,114424.0,2.4,33.6,0.0,1.0,0.06666666666666667,0.9997064432702661,0.9998531996484287,0.5333333333333333,0.9999790319762362,0.9991802171139998,0.6837435279700451
Attention,0.02,114424.0,2.8,33.2,0.0,1.0,0.07777777777777778,0.9997099376354612,0.999854947182204,0.538888888888889,0.999975537305609,0.9991802171139998,0.6837435279700451
Attention,0.03,114424.0,3.4,32.6,0.0,1.0,0.09444444444444444,0.9997151780689914,0.9998575682041952,0.5472222222222223,0.999970295299668,0.9991802171139998,0.6837435279700451
Attention,0.04,114424.0,5.4,30.6,0.0,1.0,0.15,0.9997326473916088,0.9998663052470042,0.575,0.9999528219465315,0.9991802171139998,0.6837435279700451
Attention,0.05,114424.0,5.6,30.4,0.0,1.0,0.15555555555555556,0.9997343943757612,0.9998671789642634,0.5777777777777777,0.9999510746112179,0.9991802171139998,0.6837435279700451
Attention,0.06,114424.0,6.2,29.8,0.0,1.0,0.17222222222222222,0.9997396355113883,0.9998698001618509,0.586111111111111,0.9999458326052769,0.9991802171139998,0.6837435279700451
Attention,0.07,114424.0,6.2,29.8,0.0,1.0,0.17222222222222222,0.9997396355113883,0.9998698001618509,0.586111111111111,0.9999458326052769,0.9991802171139998,0.6837435279700451
Attention,0.08,114424.0,7.0,29.0,0.0,1.0,0.19444444444444448,0.9997466236311678,0.9998732950766976,0.5972222222222222,0.9999388432640224,0.9991802171139998,0.6837435279700451
Attention,0.09,114424.0,7.0,29.0,0.0,1.0,0.19444444444444448,0.9997466236311678,0.9998732950766976,0.5972222222222222,0.9999388432640224,0.9991802171139998,0.6837435279700451
Attention,0.1,114424.0,7.0,29.0,0.0,1.0,0.19444444444444448,0.9997466236311678,0.9998732950766976,0.5972222222222222,0.9999388432640224,0.9991802171139998,0.6837435279700451
Attention,0.11,114424.0,7.0,29.0,0.0,1.0,0.19444444444444448,0.9997466236311678,0.9998732950766976,0.5972222222222222,0.9999388432640224,0.9991802171139998,0.6837435279700451
Attention,0.12,114424.0,7.4,28.6,0.0,1.0,0.20555555555555555,0.9997501178742357,0.9998750425799315,0.6027777777777777,0.9999353485933951,0.9991802171139998,0.6837435279700451
Attention,0.13,114424.0,8.0,28.0,0.0,1.0,0.22222222222222224,0.9997553593456991,0.9998776638615062,0.611111111111111,0.9999301065874541,0.9991802171139998,0.6837435279700451
Attention,0.14,114424.0,8.4,27.6,0.0,1.0,0.23333333333333334,0.9997588537108959,0.9998794113952817,0.6166666666666667,0.9999266119168269,0.9991802171139998,0.6837435279700451
Attention,0.15,114424.0,8.8,27.2,0.0,1.0,0.24444444444444446,0.9997623480760908,0.9998811589290572,0.6222222222222222,0.9999231172461995,0.9991802171139998,0.6837435279700451
Attention,0.16,114424.0,9.6,26.4,0.0,1.0,0.2666666666666667,0.9997693354632414,0.9998846536606723,0.6333333333333334,0.9999161279049449,0.9991802171139998,0.6837435279700451
Attention,0.17,114423.8,9.8,26.2,0.2,0.9999982521149409,0.27222222222222225,0.9997710824167669,0.9998846535003073,0.6361102371685815,0.9999126332343178,0.9991802171139998,0.6837435279700451
Attention,0.18,114423.4,9.8,26.2,0.6,0.9999947563448227,0.27222222222222225,0.9997710818059385,0.9998829055847128,0.6361084892835225,0.9999091385636903,0.9991802171139998,0.6837435279700451
Attention,0.19,114423.4,10.4,25.6,0.6,0.9999947563448227,0.28888888888888886,0.999776323017926,0.9998855267899376,0.6444418226168558,0.9999038965577494,0.9991802171139998,0.6837435279700451
Attention,0.2,114423.4,11.0,25.0,0.6,0.9999947563448227,0.3055555555555555,0.9997815642451557,0.999888148010432,0.6527751559501892,0.9998986545518085,0.9991802171139998,0.6837435279700451
Attention,0.21,114423.4,11.2,24.8,0.6,0.9999947563448227,0.3111111111111111,0.9997833112903646,0.9998890217429611,0.6555529337279669,0.9998969072164948,0.9991802171139998,0.6837435279700451
Attention,0.22,114423.4,11.2,24.8,0.6,0.9999947563448227,0.3111111111111111,0.9997833112903646,0.9998890217429611,0.6555529337279669,0.9998969072164948,0.9991802171139998,0.6837435279700451
Attention,0.23,114423.4,11.4,24.6,0.6,0.9999947563448227,0.31666666666666665,0.999785058549296,0.9998898955289377,0.6583307115057447,0.9998951598811813,0.9991802171139998,0.6837435279700451
Attention,0.24,114423.4,11.4,24.6,0.6,0.9999947563448227,0.31666666666666665,0.999785058549296,0.9998898955289377,0.6583307115057447,0.9998951598811813,0.9991802171139998,0.6837435279700451
Attention,0.25,114423.4,11.4,24.6,0.6,0.9999947563448227,0.31666666666666665,0.999785058549296,0.9998898955289377,0.6583307115057447,0.9998951598811813,0.9991802171139998,0.6837435279700451
Attention,0.26,114423.4,11.6,24.4,0.6,0.9999947563448227,0.32222222222222224,0.9997868058387626,0.99989076932255,0.6611084892835225,0.9998934125458675,0.9991802171139998,0.6837435279700451
Attention,0.27,114423.4,11.6,24.4,0.6,0.9999947563448227,0.32222222222222224,0.9997868058387626,0.99989076932255,0.6611084892835225,0.9998934125458675,0.9991802171139998,0.6837435279700451
Attention,0.28,114423.4,11.8,24.2,0.6,0.9999947563448227,0.3277777777777778,0.9997885531587649,0.9998916431237983,0.6638862670613003,0.9998916652105538,0.9991802171139998,0.6837435279700451
Attention,0.29,114423.4,11.8,24.2,0.6,0.9999947563448227,0.3277777777777778,0.9997885531587649,0.9998916431237983,0.6638862670613003,0.9998916652105538,0.9991802171139998,0.6837435279700451
Attention,0.3,114423.4,11.8,24.2,0.6,0.9999947563448227,0.3277777777777778,0.9997885531587649,0.9998916431237983,0.6638862670613003,0.9998916652105538,0.9991802171139998,0.6837435279700451
Attention,0.31,114423.4,11.8,24.2,0.6,0.9999947563448227,0.3277777777777778,0.9997885531587649,0.9998916431237983,0.6638862670613003,0.9998916652105538,0.9991802171139998,0.6837435279700451
Attention,0.32,114423.4,12.0,24.0,0.6,0.9999947563448227,0.33333333333333337,0.9997903005245652,0.9998925169250444,0.666664044839078,0.9998899178752403,0.9991802171139998,0.6837435279700451
Attention,0.33,114423.4,12.0,24.0,0.6,0.9999947563448227,0.33333333333333337,0.9997903005245652,0.9998925169250444,0.666664044839078,0.9998899178752403,0.9991802171139998,0.6837435279700451
Attention,0.34,114423.2,12.0,24.0,0.8,0.9999930084597637,0.33333333333333337,0.9997903002496755,0.9998916429557896,0.6666631708965485,0.9998881705399267,0.9991802171139998,0.6837435279700451
Attention,0.35000000000000003,114423.2,12.4,23.6,0.8,0.9999930084597637,0.34444444444444444,0.9997937946759526,0.999893390504838,0.672218726452104,0.9998846758692993,0.9991802171139998,0.6837435279700451
Attention,0.36,114423.2,12.8,23.2,0.8,0.9999930084597637,0.3555555555555555,0.9997972893464897,0.9998951380996962,0.6777742820076595,0.999881181198672,0.9991802171139998,0.6837435279700451
Attention,0.37,114423.2,13.0,23.0,0.8,0.9999930084597637,0.3611111111111111,0.9997990364527581,0.9998960118474954,0.6805520597854373,0.9998794338633583,0.9991802171139998,0.6837435279700451
Attention,0.38,114423.2,13.2,22.8,0.8,0.9999930084597637,0.3666666666666667,0.9998007832537606,0.9998968855189478,0.6833298375632152,0.9998776865280448,0.9991802171139998,0.6837435279700451
Attention,0.39,114423.2,13.6,22.4,0.8,0.9999930084597637,0.37777777777777777,0.9998042779853721,0.9998986331290778,0.6888853931187707,0.9998741918574174,0.9991802171139998,0.6837435279700451
Attention,0.4,114423.2,13.8,22.2,0.8,0.9999930084597637,0.38333333333333336,0.9998060251221716,0.9998995068845125,0.6916631708965485,0.9998724445221038,0.9991802171139998,0.6837435279700451
Attention,0.41000000000000003,114423.2,14.0,22.0,0.8,0.9999930084597637,0.3888888888888889,0.9998077722895028,0.9999003806475824,0.6944409486743263,0.9998706971867902,0.9991802171139998,0.6837435279700451
Attention,0.42,114423.2,14.2,21.8,0.8,0.9999930084597637,0.3944444444444445,0.9998095196705791,0.9999012544641026,0.697218726452104,0.9998689498514765,0.9991802171139998,0.6837435279700451
Attention,0.43,114423.2,14.4,21.6,0.8,0.9999930084597637,0.4,0.9998112668684429,0.999902128234808,0.6999965042298818,0.9998672025161628,0.9991802171139998,0.6837435279700451
Attention,0.44,114423.2,14.4,21.6,0.8,0.9999930084597637,0.4,0.9998112668684429,0.999902128234808,0.6999965042298818,0.9998672025161628,0.9991802171139998,0.6837435279700451
Attention,0.45,114423.0,14.4,21.6,1.0,0.9999912605747046,0.4,0.999811266624101,0.9999012542884641,0.6999956302873522,0.9998654551808492,0.9991802171139998,0.6837435279700451
Attention,0.46,114423.0,14.8,21.2,1.0,0.9999912605747046,0.4111111111111111,0.9998147603176755,0.9999030016542715,0.7055511858429078,0.9998619605102219,0.9991802171139998,0.6837435279700451
Attention,0.47000000000000003,114423.0,15.2,20.8,1.0,0.9999912605747046,0.4222222222222222,0.9998182544386465,0.9999047491269678,0.7111067413984634,0.9998584658395947,0.9991802171139998,0.6837435279700451
Attention,0.48,114422.8,15.4,20.6,1.2,0.9999895126896454,0.42777777777777776,0.9998200011173994,0.9999047488749765,0.7138836452337116,0.9998549711689673,0.9991802171139998,0.6837435279700451
Attention,0.49,114422.8,15.4,20.6,1.2,0.9999895126896454,0.42777777777777776,0.9998200011173994,0.9999047488749765,0.7138836452337116,0.9998549711689673,0.9991802171139998,0.6837435279700451
Attention,0.5,114422.6,16.2,19.8,1.4,0.9999877648045864,0.45,0.9998269888707156,0.999907369797665,0.7249938824022932,0.9998462344923992,0.9991802171139998,0.6837435279700451
Attention,0.51,114422.6,16.6,19.4,1.4,0.9999877648045864,0.46111111111111114,0.9998304830527222,0.9999091172856286,0.7305494379578488,0.9998427398217717,0.9991802171139998,0.6837435279700451
Attention,0.52,114422.6,16.8,19.2,1.4,0.9999877648045864,0.4666666666666667,0.9998322301895216,0.9999099910410632,0.7333272157356265,0.9998409924864582,0.9991802171139998,0.6837435279700451
Attention,0.53,114422.6,17.0,19.0,1.4,0.9999877648045864,0.4722222222222222,0.9998339773568528,0.999910864804133,0.7361049935134043,0.9998392451511446,0.9991802171139998,0.6837435279700451
Attention,0.54,114422.6,17.4,18.6,1.4,0.9999877648045864,0.4833333333333334,0.9998374717831139,0.9999126123531793,0.74166054906896,0.9998357504805172,0.9991802171139998,0.6837435279700451
Attention,0.55,114422.6,17.6,18.4,1.4,0.9999877648045864,0.48888888888888893,0.9998392190420453,0.9999134861391561,0.7444383268467376,0.9998340031452037,0.9991802171139998,0.6837435279700451
Attention,0.56,114422.4,17.6,18.4,1.6,0.9999860169195273,0.48888888888888893,0.9998392187976861,0.9999126121622621,0.7444374529042082,0.9998322558098899,0.9991802171139998,0.6837435279700451
Attention,0.5700000000000001,114421.6,17.6,18.4,2.4,0.9999790253792911,0.48888888888888893,0.9998392178202072,0.9999091161783088,0.74443395713409,0.9998252664686353,0.9991802171139998,0.6837435279700451
Attention,0.58,114421.4,17.8,18.2,2.6,0.999977277494232,0.49444444444444446,0.9998409648195329,0.9999091160255791,0.7472108609693382,0.9998217717980081,0.9991802171139998,0.6837435279700451
Attention,0.59,114420.8,17.8,18.2,3.2,0.9999720338390548,0.49444444444444446,0.9998409639948556,0.9999064940948997,0.7472082391417496,0.9998165297920671,0.9991802171139998,0.6837435279700451
Attention,0.6,114420.0,17.8,18.2,4.0,0.9999650422988184,0.49444444444444446,0.9998409630172912,0.9999029979581829,0.7472047433716315,0.9998095404508126,0.9991802171139998,0.6837435279700451
Attention,0.61,114419.8,18.0,18.0,4.2,0.9999632944137593,0.5,0.9998427100318208,0.999902997690884,0.7499816472068797,0.9998060457801852,0.9991802171139998,0.6837435279700451
Attention,0.62,114419.8,18.0,18.0,4.2,0.9999632944137593,0.5,0.9998427100318208,0.999902997690884,0.7499816472068797,0.9998060457801852,0.9991802171139998,0.6837435279700451
Attention,0.63,114419.8,18.0,18.0,4.2,0.9999632944137593,0.5,0.9998427100318208,0.999902997690884,0.7499816472068797,0.9998060457801852,0.9991802171139998,0.6837435279700451
Attention,0.64,114419.6,18.0,18.0,4.4,0.9999615465287002,0.5,0.99984270974168,0.9999021237445419,0.7499807732643501,0.9998042984448716,0.9991802171139998,0.6837435279700451
Attention,0.65,114419.0,18.2,17.8,5.0,0.999956302873523,0.5055555555555555,0.9998444562065167,0.9999003756914888,0.7527559292145393,0.9997973091036171,0.9991802171139998,0.6837435279700451
Attention,0.66,114418.6,18.2,17.8,5.4,0.9999528071034047,0.5055555555555555,0.999844455610949,0.9998986277682562,0.7527541813294801,0.9997938144329896,0.9991802171139998,0.6837435279700451
Attention,0.67,114418.4,18.2,17.8,5.6,0.9999510592183458,0.5055555555555555,0.9998444553360594,0.9998977537990015,0.7527533073869507,0.9997920670976761,0.9991802171139998,0.6837435279700451
Attention,0.68,114418.4,19.0,17.0,5.6,0.9999510592183458,0.5277777777777778,0.9998514449977588,0.999901249042165,0.7638644184980617,0.9997850777564213,0.9991802171139998,0.6837435279700451
Attention,0.6900000000000001,114417.2,19.6,16.4,6.8,0.9999405719079913,0.5444444444444445,0.9998566859343564,0.9998986265539742,0.7721925081762179,0.9997693517385986,0.9991802171139998,0.6837435279700451
Attention,0.7000000000000001,97519.6,19.8,16.2,16904.4,0.8522652590365658,0.55,0.9998222690264116,0.9065645847175852,0.7011326295182829,0.8521387384239036,0.9991802171139998,0.6837435279700451
Attention,0.71,81264.0,20.4,15.6,33160.0,0.7102006572047822,0.5666666666666667,0.9997165224419376,0.7695669269534671,0.6384336619357244,0.710113576795387,0.9991802171139998,0.6837435279700451
Attention,0.72,73073.8,20.8,15.2,41350.2,0.6386230161504579,0.5777777777777777,0.9992994717084308,0.6691847643047987,0.6082003969641179,0.6385549536956142,0.9991802171139998,0.6837435279700451
Attention,0.73,69819.2,21.0,15.0,44604.8,0.6101796825840733,0.5833333333333334,0.9328685234273918,0.619387455792566,0.5967565079587033,0.610118818801328,0.9991802171139998,0.6837435279700451
Attention,0.74,68660.0,21.2,14.8,45764.0,0.6000489407816542,0.5888888888888889,0.866343948170762,0.6001126833802035,0.5944689148352715,0.5999895159881181,0.9991802171139998,0.6837435279700451
Attention,0.75,68659.4,21.4,14.6,45764.6,0.600043697126477,0.5944444444444444,0.8620213709831539,0.6001056952219745,0.5972440707854607,0.5999825266468635,0.9991802171139998,0.6837435279700451
Attention,0.76,68659.2,21.8,14.2,45764.8,0.6000419492414178,0.6055555555555555,0.8596719249505689,0.6001039487874029,0.6027987523984868,0.5999772846409226,0.9991802171139998,0.6837435279700451
Attention,0.77,68658.0,22.2,13.8,45766.0,0.6000314619310634,0.6166666666666667,0.8420283612709326,0.6000847306180832,0.608349064298865,0.5999633059584134,0.9991802171139998,0.6837435279700451
Attention,0.78,68655.2,24.0,12.0,45768.8,0.6000069915402364,0.6666666666666666,0.7420405941142167,0.6000419186702073,0.6333368291034515,0.5999231172461995,0.9991802171139998,0.6837435279700451
Attention,0.79,67799.0,24.2,11.8,46625.0,0.5925242956023211,0.6722222222222222,0.7420415265604282,0.5962299911837521,0.6323732589122717,0.5924410274331644,0.9991802171139998,0.6837435279700451
Attention,0.8,35144.8,24.6,11.4,79279.2,0.30714535412151295,0.6833333333333333,0.7419404598335175,0.3689911916775858,0.4952393437274232,0.30714834876812863,0.9991802171139998,0.6837435279700451
Attention,0.81,24046.2,24.8,11.2,90377.8,0.21014996853806892,0.6888888888888889,0.6906607424035062,0.21936126019549188,0.44951942871347883,0.21018172287261921,0.9991802171139998,0.6837435279700451
Attention,0.8200000000000001,22897.2,25.0,11.0,91526.8,0.20010836887366285,0.6944444444444444,0.6190073649103299,0.20024549068252964,0.44727640665905366,0.20014153416040537,0.9991802171139998,0.6837435279700451
Attention,0.8300000000000001,22896.6,25.2,10.8,91527.4,0.20010312521848564,0.7,0.6132218092096638,0.20023500862472554,0.4500515626092428,0.2001345448191508,0.9991802171139998,0.6837435279700451
Attention,0.84,22895.0,25.4,10.6,91529.0,0.20008914213801302,0.7055555555555555,0.5885391249949501,0.2002079268245885,0.4528223488467843,0.200118818801328,0.9991802171139998,0.6837435279700451
Attention,0.85,22892.0,26.6,9.4,91532.0,0.20006292386212685,0.7388888888888889,0.4880354769008953,0.20016511236451215,0.4694759063755078,0.20008212475974138,0.9991802171139998,0.6837435279700451
Attention,0.86,22891.4,27.4,8.6,91532.6,0.20005768020694958,0.7611111111111111,0.49209127848858847,0.20016336479202973,0.48058439565903033,0.20006989341254586,0.9991802171139998,0.6837435279700451
Attention,0.87,22889.8,28.6,7.4,91534.2,0.20004369712647696,0.7944444444444445,0.49966878329232645,0.20015462748043458,0.49724407078546073,0.2000454307181548,0.9991802171139998,0.6837435279700451
Attention,0.88,22883.8,28.6,7.4,91540.2,0.1999912605747046,0.7944444444444445,0.47036819584354983,0.20008648199498397,0.4972178525095745,0.19999301065874542,0.9991802171139998,0.6837435279700451
Attention,0.89,19573.2,30.0,6.0,94850.8,0.17105851919177795,0.8333333333333334,0.19998773908778814,0.1843953724987753,0.5021959262625557,0.17105713786475624,0.9991802171139998,0.6837435279700451
Attention,0.9,3048.4,31.2,4.8,111375.6,0.026641264070474725,0.8666666666666666,0.1999475272202545,0.047017814452070636,0.4466539653685707,0.026674820898130346,0.9991802171139998,0.6837435279700451
Attention,0.91,0.0,32.4,3.6,114424.0,0.0,0.9,0.0,0.0,0.45,3.14520356456404e-05,0.9991802171139998,0.6837435279700451
Attention,0.92,0.0,33.4,2.6,114424.0,0.0,0.9277777777777777,0.0,0.0,0.46388888888888885,2.2715359077406954e-05,0.9991802171139998,0.6837435279700451
Attention,0.93,0.0,33.6,2.4,114424.0,0.0,0.9333333333333332,0.0,0.0,0.4666666666666666,2.0968023763760263e-05,0.9991802171139998,0.6837435279700451
Attention,0.9400000000000001,0.0,33.6,2.4,114424.0,0.0,0.9333333333333332,0.0,0.0,0.4666666666666666,2.0968023763760263e-05,0.9991802171139998,0.6837435279700451
Attention,0.9500000000000001,0.0,35.0,1.0,114424.0,0.0,0.9722222222222221,0.0,0.0,0.48611111111111105,8.736676568233445e-06,0.9991802171139998,0.6837435279700451
Attention,0.96,0.0,36.0,0.0,114424.0,0.0,1.0,0.0,0.0,0.5,0.0,0.9991802171139998,0.6837435279700451
Attention,0.97,0.0,36.0,0.0,114424.0,0.0,1.0,0.0,0.0,0.5,0.0,0.9991802171139998,0.6837435279700451
Attention,0.98,0.0,36.0,0.0,114424.0,0.0,1.0,0.0,0.0,0.5,0.0,0.9991802171139998,0.6837435279700451
Attention,0.99,0.0,36.0,0.0,114424.0,0.0,1.0,0.0,0.0,0.5,0.0,0.9991802171139998,0.6837435279700451
Attention,1.0,0.0,36.0,0.0,114424.0,0.0,1.0,0.0,0.0,0.5,0.0,0.9991802171139998,0.6837435279700451
Attention-DANN,0.0,114424.0,0.0,36.0,0.0,1.0,0.0,0.9996854796435436,0.9998427150871183,0.5,1.0,0.9990838150602149,0.6465189898001196
Attention-DANN,0.01,114424.0,0.0,36.0,0.0,1.0,0.0,0.9996854796435436,0.9998427150871183,0.5,1.0,0.9990838150602149,0.6465189898001196
Attention-DANN,0.02,114424.0,0.0,36.0,0.0,1.0,0.0,0.9996854796435436,0.9998427150871183,0.5,1.0,0.9990838150602149,0.6465189898001196
Attention-DANN,0.03,114424.0,0.0,36.0,0.0,1.0,0.0,0.9996854796435436,0.9998427150871183,0.5,1.0,0.9990838150602149,0.6465189898001196
Attention-DANN,0.04,114424.0,0.0,36.0,0.0,1.0,0.0,0.9996854796435436,0.9998427150871183,0.5,1.0,0.9990838150602149,0.6465189898001196
Attention-DANN,0.05,114424.0,0.0,36.0,0.0,1.0,0.0,0.9996854796435436,0.9998427150871183,0.5,1.0,0.9990838150602149,0.6465189898001196
Attention-DANN,0.06,114424.0,0.0,36.0,0.0,1.0,0.0,0.9996854796435436,0.9998427150871183,0.5,1.0,0.9990838150602149,0.6465189898001196
Attention-DANN,0.07,114424.0,0.0,36.0,0.0,1.0,0.0,0.9996854796435436,0.9998427150871183,0.5,1.0,0.9990838150602149,0.6465189898001196
Attention-DANN,0.08,114424.0,0.0,36.0,0.0,1.0,0.0,0.9996854796435436,0.9998427150871183,0.5,1.0,0.9990838150602149,0.6465189898001196
Attention-DANN,0.09,114424.0,0.0,36.0,0.0,1.0,0.0,0.9996854796435436,0.9998427150871183,0.5,1.0,0.9990838150602149,0.6465189898001196
Attention-DANN,0.1,114424.0,0.0,36.0,0.0,1.0,0.0,0.9996854796435436,0.9998427150871183,0.5,1.0,0.9990838150602149,0.6465189898001196
Attention-DANN,0.11,114424.0,0.0,36.0,0.0,1.0,0.0,0.9996854796435436,0.9998427150871183,0.5,1.0,0.9990838150602149,0.6465189898001196
Attention-DANN,0.12,114424.0,0.0,36.0,0.0,1.0,0.0,0.9996854796435436,0.9998427150871183,0.5,1.0,0.9990838150602149,0.6465189898001196
Attention-DANN,0.13,114424.0,0.0,36.0,0.0,1.0,0.0,0.9996854796435436,0.9998427150871183,0.5,1.0,0.9990838150602149,0.6465189898001196
Attention-DANN,0.14,114424.0,0.0,36.0,0.0,1.0,0.0,0.9996854796435436,0.9998427150871183,0.5,1.0,0.9990838150602149,0.6465189898001196
Attention-DANN,0.15,114424.0,0.0,36.0,0.0,1.0,0.0,0.9996854796435436,0.9998427150871183,0.5,1.0,0.9990838150602149,0.6465189898001196
Attention-DANN,0.16,114424.0,0.0,36.0,0.0,1.0,0.0,0.9996854796435436,0.9998427150871183,0.5,1.0,0.9990838150602149,0.6465189898001196
Attention-DANN,0.17,114424.0,0.2,35.8,0.0,1.0,0.005555555555555555,0.9996872264445459,0.9998435887585707,0.5027777777777778,0.9999982526646864,0.9990838150602149,0.6465189898001196
Attention-DANN,0.18,114424.0,0.2,35.8,0.0,1.0,0.005555555555555555,0.9996872264445459,0.9998435887585707,0.5027777777777778,0.9999982526646864,0.9990838150602149,0.6465189898001196
Attention-DANN,0.19,114424.0,0.2,35.8,0.0,1.0,0.005555555555555555,0.9996872264445459,0.9998435887585707,0.5027777777777778,0.9999982526646864,0.9990838150602149,0.6465189898001196
Attention-DANN,0.2,114424.0,0.4,35.6,0.0,1.0,0.01111111111111111,0.9996889732760714,0.9998444624376572,0.5055555555555555,0.9999965053293727,0.9990838150602149,0.6465189898001196
Attention-DANN,0.21,114424.0,0.6,35.4,0.0,1.0,0.016666666666666666,0.9996907201381205,0.9998453361243781,0.5083333333333333,0.999994757994059,0.9990838150602149,0.6465189898001196
Attention-DANN,0.22,114424.0,0.6,35.4,0.0,1.0,0.016666666666666666,0.9996907201381205,0.9998453361243781,0.5083333333333333,0.999994757994059,0.9990838150602149,0.6465189898001196
Attention-DANN,0.23,114424.0,0.6,35.4,0.0,1.0,0.016666666666666666,0.9996907201381205,0.9998453361243781,0.5083333333333333,0.999994757994059,0.9990838150602149,0.6465189898001196
Attention-DANN,0.24,114424.0,0.8,35.2,0.0,1.0,0.02222222222222222,0.9996924670306943,0.9998462098187335,0.5111111111111111,0.9999930106587455,0.9990838150602149,0.6465189898001196
Attention-DANN,0.25,114424.0,0.8,35.2,0.0,1.0,0.02222222222222222,0.9996924670306943,0.9998462098187335,0.5111111111111111,0.9999930106587455,0.9990838150602149,0.6465189898001196
Attention-DANN,0.26,114424.0,1.0,35.0,0.0,1.0,0.02777777777777778,0.9996942139537934,0.9998470835207234,0.513888888888889,0.9999912633234317,0.9990838150602149,0.6465189898001196
Attention-DANN,0.27,114424.0,1.0,35.0,0.0,1.0,0.02777777777777778,0.9996942139537934,0.9998470835207234,0.513888888888889,0.9999912633234317,0.9990838150602149,0.6465189898001196
Attention-DANN,0.28,114424.0,1.0,35.0,0.0,1.0,0.02777777777777778,0.9996942139537934,0.9998470835207234,0.513888888888889,0.9999912633234317,0.9990838150602149,0.6465189898001196
Attention-DANN,0.29,114424.0,1.2,34.8,0.0,1.0,0.03333333333333333,0.9996959609074189,0.999847957230348,0.5166666666666667,0.999989515988118,0.9990838150602149,0.6465189898001196
Attention-DANN,0.3,114424.0,1.4,34.6,0.0,1.0,0.03888888888888889,0.9996977077084213,0.9998488309018002,0.5194444444444445,0.9999877686528045,0.9990838150602149,0.6465189898001196
Attention-DANN,0.31,114424.0,1.4,34.6,0.0,1.0,0.03888888888888889,0.9996977077084213,0.9998488309018002,0.5194444444444445,0.9999877686528045,0.9990838150602149,0.6465189898001196
Attention-DANN,0.32,114424.0,1.4,34.6,0.0,1.0,0.03888888888888889,0.9996977077084213,0.9998488309018002,0.5194444444444445,0.9999877686528045,0.9990838150602149,0.6465189898001196
Attention-DANN,0.33,114424.0,1.6,34.4,0.0,1.0,0.04444444444444444,0.9996994545094235,0.9998497045732526,0.5222222222222223,0.9999860213174909,0.9990838150602149,0.6465189898001196
Attention-DANN,0.34,114424.0,1.6,34.4,0.0,1.0,0.04444444444444444,0.9996994545094235,0.9998497045732526,0.5222222222222223,0.9999860213174909,0.9990838150602149,0.6465189898001196
Attention-DANN,0.35000000000000003,114424.0,1.6,34.4,0.0,1.0,0.04444444444444444,0.9996994545094235,0.9998497045732526,0.5222222222222223,0.9999860213174909,0.9990838150602149,0.6465189898001196
Attention-DANN,0.36,114424.0,1.8,34.2,0.0,1.0,0.05,0.9997012013409489,0.9998505782523391,0.525,0.9999842739821772,0.9990838150602149,0.6465189898001196
Attention-DANN,0.37,114424.0,1.8,34.2,0.0,1.0,0.05,0.9997012013409489,0.9998505782523391,0.525,0.9999842739821772,0.9990838150602149,0.6465189898001196
Attention-DANN,0.38,114424.0,1.8,34.2,0.0,1.0,0.05,0.9997012013409489,0.9998505782523391,0.525,0.9999842739821772,0.9990838150602149,0.6465189898001196
Attention-DANN,0.39,114424.0,2.0,34.0,0.0,1.0,0.05555555555555556,0.999702948202998,0.99985145193906,0.5277777777777778,0.9999825266468635,0.9990838150602149,0.6465189898001196
Attention-DANN,0.4,114424.0,2.6,33.4,0.0,1.0,0.07222222222222222,0.9997081887891464,0.9998540729992229,0.5361111111111111,0.9999772846409225,0.9990838150602149,0.6465189898001196
Attention-DANN,0.41000000000000003,114424.0,2.6,33.4,0.0,1.0,0.07222222222222222,0.9997081887891464,0.9998540729992229,0.5361111111111111,0.9999772846409225,0.9990838150602149,0.6465189898001196
Attention-DANN,0.42,114424.0,2.8,33.2,0.0,1.0,0.07777777777777778,0.9997099357122454,0.9998549467012128,0.538888888888889,0.999975537305609,0.9990838150602149,0.6465189898001196
Attention-DANN,0.43,114424.0,3.2,32.8,0.0,1.0,0.08888888888888888,0.9997134296500233,0.9998566941280966,0.5444444444444445,0.9999720426349816,0.9990838150602149,0.6465189898001196
Attention-DANN,0.44,114424.0,4.0,32.0,0.0,1.0,0.11111111111111112,0.9997204178919189,0.9998601890734834,0.5555555555555556,0.999965053293727,0.9990838150602149,0.6465189898001196
Attention-DANN,0.45,114424.0,4.2,31.8,0.0,1.0,0.11666666666666667,0.9997221646929212,0.9998610627449358,0.5583333333333333,0.9999633059584134,0.9990838150602149,0.6465189898001196
Attention-DANN,0.46,114424.0,4.6,31.4,0.0,1.0,0.12777777777777777,0.9997256589970519,0.9998628102634403,0.5638888888888889,0.9999598112877861,0.9990838150602149,0.6465189898001196
Attention-DANN,0.47000000000000003,114424.0,5.2,30.8,0.0,1.0,0.14444444444444443,0.9997309002548382,0.9998654314915731,0.5722222222222222,0.9999545692818451,0.9990838150602149,0.6465189898001196
Attention-DANN,0.48,114424.0,5.4,30.6,0.0,1.0,0.15,0.9997326471168874,0.9998663051782941,0.575,0.9999528219465315,0.9990838150602149,0.6465189898001196
Attention-DANN,0.49,114424.0,5.6,30.4,0.0,1.0,0.15555555555555556,0.9997343940094611,0.9998671788726494,0.5777777777777777,0.9999510746112179,0.9990838150602149,0.6465189898001196
Attention-DANN,0.5,114424.0,6.0,30.0,0.0,1.0,0.16666666666666666,0.9997378881914918,0.999868926360616,0.5833333333333333,0.9999475799405906,0.9990838150602149,0.6465189898001196
Attention-DANN,0.51,114424.0,6.2,29.8,0.0,1.0,0.17222222222222222,0.9997396351451172,0.9998698000702404,0.586111111111111,0.9999458326052769,0.9990838150602149,0.6465189898001196
Attention-DANN,0.52,114424.0,6.2,29.8,0.0,1.0,0.17222222222222222,0.9997396351451172,0.9998698000702404,0.586111111111111,0.9999458326052769,0.9990838150602149,0.6465189898001196
Attention-DANN,0.53,114424.0,6.2,29.8,0.0,1.0,0.17222222222222222,0.9997396351451172,0.9998698000702404,0.586111111111111,0.9999458326052769,0.9990838150602149,0.6465189898001196
Attention-DANN,0.54,114424.0,6.2,29.8,0.0,1.0,0.17222222222222222,0.9997396351451172,0.9998698000702404,0.586111111111111,0.9999458326052769,0.9990838150602149,0.6465189898001196
Attention-DANN,0.55,114424.0,6.2,29.8,0.0,1.0,0.17222222222222222,0.9997396351451172,0.9998698000702404,0.586111111111111,0.9999458326052769,0.9990838150602149,0.6465189898001196
Attention-DANN,0.56,114424.0,6.4,29.6,0.0,1.0,0.17777777777777776,0.9997413819461196,0.9998706737416928,0.5888888888888889,0.9999440852699634,0.9990838150602149,0.6465189898001196
Attention-DANN,0.5700000000000001,114424.0,6.4,29.6,0.0,1.0,0.17777777777777776,0.9997413819461196,0.9998706737416928,0.5888888888888889,0.9999440852699634,0.9990838150602149,0.6465189898001196
Attention-DANN,0.58,114424.0,6.8,29.2,0.0,1.0,0.18888888888888888,0.9997448757617973,0.9998724211380386,0.5944444444444444,0.9999405905993359,0.9990838150602149,0.6465189898001196
Attention-DANN,0.59,114424.0,6.8,29.2,0.0,1.0,0.18888888888888888,0.9997448757617973,0.9998724211380386,0.5944444444444444,0.9999405905993359,0.9990838150602149,0.6465189898001196
Attention-DANN,0.6,114424.0,7.0,29.0,0.0,1.0,0.19444444444444445,0.9997466226238464,0.9998732948247596,0.5972222222222222,0.9999388432640224,0.9990838150602149,0.6465189898001196
Attention-DANN,0.61,114424.0,7.4,28.6,0.0,1.0,0.20555555555555555,0.9997501165311004,0.9998750422440091,0.6027777777777777,0.9999353485933951,0.9990838150602149,0.6465189898001196
Attention-DANN,0.62,114423.8,7.4,28.6,0.2,0.9999982521149409,0.20555555555555555,0.9997501162256942,0.9998741682976677,0.6027769038352482,0.9999336012580814,0.9990838150602149,0.6465189898001196
Attention-DANN,0.63,114423.4,7.6,28.4,0.6,0.9999947563448227,0.2111111111111111,0.9997518626600748,0.9998732941146024,0.6055529337279669,0.9999283592521404,0.9990838150602149,0.6465189898001196
Attention-DANN,0.64,114423.4,7.8,28.2,0.6,0.9999947563448227,0.21666666666666665,0.9997536096442271,0.9998741678318617,0.6083307115057448,0.9999266119168269,0.9990838150602149,0.6465189898001196
Attention-DANN,0.65,114423.4,8.6,27.4,0.6,0.9999947563448227,0.23888888888888887,0.9997605977029534,0.999877662731439,0.6194418226168559,0.9999196225755723,0.9990838150602149,0.6465189898001196
Attention-DANN,0.66,114423.4,9.8,26.2,0.6,0.9999947563448227,0.27222222222222225,0.9997710804321585,0.9998829052411409,0.6361084892835225,0.9999091385636903,0.9990838150602149,0.6465189898001196
Attention-DANN,0.67,114423.4,10.2,25.8,0.6,0.9999947563448227,0.2833333333333333,0.9997745745225961,0.9998846527062015,0.641664044839078,0.999905643893063,0.9990838150602149,0.6465189898001196
Attention-DANN,0.68,114423.4,10.4,25.6,0.6,0.9999947563448227,0.28888888888888886,0.9997763214762216,0.9998855264158262,0.6444418226168558,0.9999038965577494,0.9990838150602149,0.6465189898001196
Attention-DANN,0.6900000000000001,114423.2,10.6,25.4,0.8,0.9999930084597637,0.29444444444444445,0.9997780683381305,0.9998855262096429,0.6472187264521041,0.9999004018871223,0.9990838150602149,0.6465189898001196
Attention-DANN,0.7000000000000001,114423.2,11.2,24.8,0.8,0.9999930084597637,0.3111111111111111,0.999783309443246,0.9998881473995974,0.6555520597854374,0.9998951598811813,0.9990838150602149,0.6465189898001196
Attention-DANN,0.71,114423.0,11.2,24.8,1.0,0.9999912605747046,0.3111111111111111,0.9997833091378185,0.9998872734227067,0.6555511858429078,0.9998934125458675,0.9990838150602149,0.6465189898001196
Attention-DANN,0.72,114422.2,11.8,24.2,1.8,0.9999842690344682,0.3277777777777778,0.9997885491127579,0.9998863986516262,0.663881023406123,0.999881181198672,0.9990838150602149,0.6465189898001196
Attention-DANN,0.73,114421.2,12.6,23.4,2.8,0.9999755296091729,0.35,0.9997955367433322,0.9998855235673754,0.6749877648045864,0.9998654551808492,0.9990838150602149,0.6465189898001196
Attention-DANN,0.74,114420.8,13.2,22.8,3.2,0.9999720338390548,0.3666666666666667,0.9998007786115833,0.999886396979117,0.6833193502528607,0.9998567185042809,0.9990838150602149,0.6465189898001196
Attention-DANN,0.75,98577.6,13.8,22.2,15846.4,0.8615115709990911,0.38333333333333336,0.999750965780029,0.8939961392370712,0.6224224521662122,0.8614345622925039,0.9990838150602149,0.6465189898001196
Attention-DANN,0.76,77425.2,15.6,20.4,36998.8,0.6766517513808292,0.4333333333333333,0.9993640657658218,0.7190065629890718,0.5549925423570812,0.6766171588327801,0.9990838150602149,0.6465189898001196
Attention-DANN,0.77,68667.6,16.0,20.0,45756.4,0.6001153604138991,0.4444444444444445,0.8843523226302745,0.6001755621026853,0.5222799024291718,0.6001013454481916,0.9990838150602149,0.6465189898001196
Attention-DANN,0.78,68666.8,16.2,19.8,45757.2,0.6001083688736629,0.45,0.8818446211607792,0.6001642077848406,0.5250541844368314,0.6000926087716233,0.9990838150602149,0.6465189898001196
Attention-DANN,0.79,68666.0,16.2,19.8,45758.0,0.6001013773334265,0.45,0.8737340220824382,0.6001502314228757,0.5250506886667132,0.6000856194303686,0.9990838150602149,0.6465189898001196
Attention-DANN,0.8,68661.0,16.6,19.4,45763.0,0.6000576802069496,0.4611111111111111,0.7447017624907313,0.600075964996185,0.5305843956590304,0.6000384413769002,0.9990838150602149,0.6465189898001196
Attention-DANN,0.81,68659.8,16.6,19.4,45764.2,0.6000471928965951,0.4611111111111111,0.7447017606579263,0.6000707207911333,0.5305791520038531,0.6000279573650185,0.9990838150602149,0.6465189898001196
Attention-DANN,0.8200000000000001,68659.2,17.6,18.4,45764.8,0.6000419492414178,0.48888888888888893,0.7417010936326379,0.6000646113329188,0.5444654190651533,0.6000139786825092,0.9990838150602149,0.6465189898001196
Attention-DANN,0.8300000000000001,50005.0,18.4,17.6,64419.0,0.4370149618961057,0.5111111111111111,0.7405304457595476,0.4624570549822466,0.4740630365036084,0.4370312773021142,0.9990838150602149,0.6465189898001196
Attention-DANN,0.84,45780.8,19.6,16.4,68643.2,0.4000978815633084,0.5444444444444445,0.6738413113153348,0.4001546217593641,0.47227116300387645,0.40011532413070067,0.9990838150602149,0.6465189898001196
Attention-DANN,0.85,45777.4,20.2,15.8,68646.6,0.400068167517304,0.5611111111111111,0.6509017518992883,0.40010483401044245,0.4805896393142076,0.4000803774244278,0.9990838150602149,0.6465189898001196
Attention-DANN,0.86,22891.8,23.2,12.8,91532.2,0.20006117597706777,0.6444444444444445,0.4088521900379124,0.200103958242344,0.4222528102107561,0.20011008212475975,0.9990838150602149,0.6465189898001196
Attention-DANN,0.87,22890.2,24.8,11.2,91533.8,0.20004719289659514,0.6888888888888889,0.3285399715888523,0.2000786214327308,0.444468040892742,0.20008212475974144,0.9990838150602149,0.6465189898001196
Attention-DANN,0.88,22883.6,27.0,9.0,91540.4,0.19998951268964554,0.75,0.1999825217604083,0.19998601716393127,0.47499475634482274,0.20000524200594091,0.9990838150602149,0.6465189898001196
Attention-DANN,0.89,0.0,30.6,5.4,114424.0,0.0,0.85,0.0,0.0,0.425,4.71780534684606e-05,0.9990838150602149,0.6465189898001196
Attention-DANN,0.9,0.0,31.8,4.2,114424.0,0.0,0.8833333333333334,0.0,0.0,0.4416666666666667,3.6694041586580464e-05,0.9990838150602149,0.6465189898001196
Attention-DANN,0.91,0.0,33.8,2.2,114424.0,0.0,0.9388888888888889,0.0,0.0,0.46944444444444444,1.9220688450113577e-05,0.9990838150602149,0.6465189898001196
Attention-DANN,0.92,0.0,34.2,1.8,114424.0,0.0,0.95,0.0,0.0,0.475,1.57260178228202e-05,0.9990838150602149,0.6465189898001196
Attention-DANN,0.93,0.0,35.2,0.8,114424.0,0.0,0.9777777777777779,0.0,0.0,0.48888888888888893,6.989341254586755e-06,0.9990838150602149,0.6465189898001196
Attention-DANN,0.9400000000000001,0.0,35.8,0.2,114424.0,0.0,0.9944444444444445,0.0,0.0,0.49722222222222223,1.7473353136466888e-06,0.9990838150602149,0.6465189898001196
Attention-DANN,0.9500000000000001,0.0,36.0,0.0,114424.0,0.0,1.0,0.0,0.0,0.5,0.0,0.9990838150602149,0.6465189898001196
Attention-DANN,0.96,0.0,36.0,0.0,114424.0,0.0,1.0,0.0,0.0,0.5,0.0,0.9990838150602149,0.6465189898001196
Attention-DANN,0.97,0.0,36.0,0.0,114424.0,0.0,1.0,0.0,0.0,0.5,0.0,0.9990838150602149,0.6465189898001196
Attention-DANN,0.98,0.0,36.0,0.0,114424.0,0.0,1.0,0.0,0.0,0.5,0.0,0.9990838150602149,0.6465189898001196
Attention-DANN,0.99,0.0,36.0,0.0,114424.0,0.0,1.0,0.0,0.0,0.5,0.0,0.9990838150602149,0.6465189898001196
Attention-DANN,1.0,0.0,36.0,0.0,114424.0,0.0,1.0,0.0,0.0,0.5,0.0,0.9990838150602149,0.6465189898001196
MLP,0.0,114424.0,0.0,36.0,0.0,1.0,0.0,0.9996854796435436,0.9998427150871183,0.5,1.0,0.9992301404224081,0.7043968534184748
MLP,0.01,114424.0,2.2,33.8,0.0,1.0,0.0611111111111111,0.9997046950345234,0.9998523256181466,0.5305555555555556,0.9999807793115499,0.9992301404224081,0.7043968534184748
MLP,0.02,114424.0,3.8,32.2,0.0,1.0,0.10555555555555556,0.9997186700530214,0.9998593151424524,0.5527777777777778,0.9999668006290406,0.9992301404224081,0.7043968534184748
MLP,0.03,114424.0,4.2,31.8,0.0,1.0,0.11666666666666665,0.9997221639297461,0.9998610625540669,0.5583333333333333,0.9999633059584134,0.9992301404224081,0.7043968534184748
MLP,0.04,114424.0,4.4,31.6,0.0,1.0,0.1222222222222222,0.9997239108223198,0.9998619362484223,0.5611111111111111,0.9999615586230999,0.9992301404224081,0.7043968534184748
MLP,0.05,114424.0,5.0,31.0,0.0,1.0,0.1388888888888889,0.9997291516831968,0.9998645573772962,0.5694444444444444,0.9999563166171589,0.9992301404224081,0.7043968534184748
MLP,0.06,114424.0,6.2,29.8,0.0,1.0,0.17222222222222222,0.9997396336796944,0.9998697997037566,0.5861111111111111,0.9999458326052769,0.9992301404224081,0.7043968534184748
MLP,0.07,114424.0,8.0,28.0,0.0,1.0,0.22222222222222224,0.9997553572086929,0.9998776633270591,0.611111111111111,0.9999301065874541,0.9992301404224081,0.7043968534184748
MLP,0.08,114424.0,8.4,27.6,0.0,1.0,0.23333333333333334,0.9997588514212306,0.9998794108226579,0.6166666666666666,0.9999266119168269,0.9992301404224081,0.7043968534184748
MLP,0.09,114424.0,8.8,27.2,0.0,1.0,0.24444444444444446,0.9997623457864254,0.9998811583564331,0.6222222222222221,0.9999231172461995,0.9992301404224081,0.7043968534184748
MLP,0.1,114424.0,9.4,26.6,0.0,1.0,0.2611111111111111,0.9997675871357616,0.9998837796074664,0.6305555555555555,0.9999178752402585,0.9992301404224081,0.7043968534184748
MLP,0.11,114424.0,10.0,26.0,0.0,1.0,0.2777777777777778,0.999772828607225,0.9998864008890409,0.638888888888889,0.9999126332343178,0.9992301404224081,0.7043968534184748
MLP,0.12,114424.0,10.2,25.8,0.0,1.0,0.2833333333333333,0.9997745757440246,0.9998872746444756,0.6416666666666666,0.999910885899004,0.9992301404224081,0.7043968534184748
MLP,0.13,114424.0,11.0,25.0,0.0,1.0,0.3055555555555556,0.999781564566014,0.9998907697349327,0.6527777777777778,0.9999038965577494,0.9992301404224081,0.7043968534184748
MLP,0.14,114424.0,11.2,24.8,0.0,1.0,0.3111111111111111,0.9997833113670163,0.9998916434063851,0.6555555555555556,0.9999021492224358,0.9992301404224081,0.7043968534184748
MLP,0.15,114424.0,11.4,24.6,0.0,1.0,0.3166666666666667,0.9997850581985418,0.9998925170854717,0.6583333333333334,0.9999004018871223,0.9992301404224081,0.7043968534184748
MLP,0.16,114424.0,11.8,24.2,0.0,1.0,0.3277777777777778,0.9997885519531646,0.9998942644665479,0.663888888888889,0.9998969072164948,0.9992301404224081,0.7043968534184748
MLP,0.17,114424.0,12.0,24.0,0.0,1.0,0.33333333333333337,0.9997902991815618,0.9998951382448888,0.6666666666666667,0.9998951598811813,0.9992301404224081,0.7043968534184748
MLP,0.18,114424.0,12.2,23.8,0.0,1.0,0.3388888888888889,0.9997920461046611,0.9998960119468787,0.6694444444444445,0.9998934125458675,0.9992301404224081,0.7043968534184748
MLP,0.19,114424.0,12.4,23.6,0.0,1.0,0.34444444444444444,0.9997937930582864,0.9998968856565034,0.6722222222222223,0.9998916652105538,0.9992301404224081,0.7043968534184748
MLP,0.2,114424.0,12.4,23.6,0.0,1.0,0.34444444444444444,0.9997937930582864,0.9998968856565034,0.6722222222222223,0.9998916652105538,0.9992301404224081,0.7043968534184748
MLP,0.21,114424.0,12.6,23.4,0.0,1.0,0.35,0.999795540317218,0.9998977594424799,0.675,0.9998899178752403,0.9992301404224081,0.7043968534184748
MLP,0.22,114424.0,12.6,23.4,0.0,1.0,0.35,0.999795540317218,0.9998977594424799,0.675,0.9998899178752403,0.9992301404224081,0.7043968534184748
MLP,0.23,114424.0,12.6,23.4,0.0,1.0,0.35,0.999795540317218,0.9998977594424799,0.675,0.9998899178752403,0.9992301404224081,0.7043968534184748
MLP,0.24,114424.0,12.6,23.4,0.0,1.0,0.35,0.999795540317218,0.9998977594424799,0.675,0.9998899178752403,0.9992301404224081,0.7043968534184748
MLP,0.25,114424.0,12.8,23.2,0.0,1.0,0.3555555555555555,0.9997972876066843,0.9998986332360923,0.6777777777777778,0.9998881705399267,0.9992301404224081,0.7043968534184748
MLP,0.26,114424.0,13.0,23.0,0.0,1.0,0.3611111111111111,0.9997990349266865,0.9998995070373404,0.6805555555555556,0.999886423204613,0.9992301404224081,0.7043968534184748
MLP,0.27,114424.0,13.2,22.8,0.0,1.0,0.3666666666666667,0.9998007822772254,0.9999003808462247,0.6833333333333333,0.9998846758692993,0.9992301404224081,0.7043968534184748
MLP,0.28,114424.0,13.2,22.8,0.0,1.0,0.3666666666666667,0.9998007822772254,0.9999003808462247,0.6833333333333333,0.9998846758692993,0.9992301404224081,0.7043968534184748
MLP,0.29,114424.0,13.2,22.8,0.0,1.0,0.3666666666666667,0.9998007822772254,0.9999003808462247,0.6833333333333333,0.9998846758692993,0.9992301404224081,0.7043968534184748
MLP,0.3,114424.0,13.4,22.6,0.0,1.0,0.37222222222222223,0.9998025292613779,0.9999012545634839,0.6861111111111111,0.9998829285339857,0.9992301404224081,0.7043968534184748
MLP,0.31,114424.0,13.6,22.4,0.0,1.0,0.37777777777777777,0.999804276276058,0.9999021282883781,0.6888888888888889,0.999881181198672,0.9992301404224081,0.7043968534184748
MLP,0.32,114424.0,14.2,21.8,0.0,1.0,0.3944444444444445,0.9998095175338044,0.999904749516506,0.6972222222222222,0.999875939192731,0.9992301404224081,0.7043968534184748
MLP,0.33,114424.0,14.2,21.8,0.0,1.0,0.3944444444444445,0.9998095175338044,0.999904749516506,0.6972222222222222,0.999875939192731,0.9992301404224081,0.7043968534184748
MLP,0.34,114424.0,14.6,21.4,0.0,1.0,0.40555555555555556,0.999813011960067,0.9999064970655525,0.7027777777777777,0.9998724445221038,0.9992301404224081,0.7043968534184748
MLP,0.35000000000000003,114423.8,15.0,21.0,0.2,0.9999982521149409,0.4166666666666667,0.9998165059587931,0.9999073706377157,0.7083324593908038,0.9998672025161628,0.9992301404224081,0.7043968534184748
MLP,0.36,114423.6,15.4,20.6,0.4,0.9999965042298818,0.42777777777777776,0.9998200000185783,0.9999082442175127,0.7138871410038299,0.9998619605102219,0.9992301404224081,0.7043968534184748
MLP,0.37,114422.8,15.8,20.2,1.2,0.9999895126896454,0.43888888888888894,0.9998234931163272,0.9999064959277384,0.7194392007892672,0.9998514764983402,0.9992301404224081,0.7043968534184748
MLP,0.38,114422.8,15.8,20.2,1.2,0.9999895126896454,0.43888888888888894,0.9998234931163272,0.9999064959277384,0.7194392007892672,0.9998514764983402,0.9992301404224081,0.7043968534184748
MLP,0.39,114422.6,16.0,20.0,1.4,0.9999877648045864,0.4444444444444445,0.9998252401309026,0.9999064957520961,0.7222161046245155,0.9998479818277127,0.9992301404224081,0.7043968534184748
MLP,0.4,114422.4,16.0,20.0,1.6,0.9999860169195273,0.4444444444444445,0.9998252398712937,0.9999056218057529,0.7222152306819859,0.9998462344923992,0.9992301404224081,0.7043968534184748
MLP,0.41000000000000003,114422.0,16.4,19.6,2.0,0.9999825211494091,0.45555555555555555,0.9998287339462602,0.9999056214697413,0.7277690383524824,0.9998392451511444,0.9992301404224081,0.7043968534184748
MLP,0.42,114422.0,16.4,19.6,2.0,0.9999825211494091,0.45555555555555555,0.9998287339462602,0.9999056214697413,0.7277690383524824,0.9998392451511444,0.9992301404224081,0.7043968534184748
MLP,0.43,114422.0,16.6,19.4,2.0,0.9999825211494091,0.46111111111111114,0.9998304813425987,0.9999064952786236,0.7305468161302602,0.9998374978158309,0.9992301404224081,0.7043968534184748
MLP,0.44,114422.0,16.6,19.4,2.0,0.9999825211494091,0.46111111111111114,0.9998304813425987,0.9999064952786236,0.7305468161302602,0.9998374978158309,0.9992301404224081,0.7043968534184748
MLP,0.45,114421.8,16.6,19.4,2.2,0.99998077326435,0.46111111111111114,0.9998304810219055,0.9999056213017337,0.7305459421877306,0.9998357504805172,0.9992301404224081,0.7043968534184748
MLP,0.46,114420.8,16.6,19.4,3.2,0.9999720338390548,0.46111111111111114,0.999830479479454,0.9999012513485418,0.730541572475083,0.9998270138039489,0.9992301404224081,0.7043968534184748
MLP,0.47000000000000003,114420.4,16.8,19.2,3.6,0.9999685380689366,0.4666666666666667,0.9998322261580419,0.9999003771501842,0.7333176023678016,0.9998217717980079,0.9992301404224081,0.7043968534184748
MLP,0.48,114419.6,17.2,18.8,4.4,0.9999615465287004,0.47777777777777775,0.9998357196066937,0.9998986285854281,0.738869662153239,0.9998112877861262,0.9992301404224081,0.7043968534184748
MLP,0.49,114418.8,17.6,18.4,5.2,0.9999545549884641,0.48888888888888893,0.9998392130860418,0.9998968802650774,0.7444217219386764,0.9998008037742443,0.9992301404224081,0.7043968534184748
MLP,0.5,114418.8,17.8,18.2,5.2,0.9999545549884641,0.49444444444444446,0.9998409604823804,0.9998977540739598,0.7471994997164542,0.9997990564389306,0.9992301404224081,0.7043968534184748
MLP,0.51,114418.6,17.8,18.2,5.4,0.999952807103405,0.49444444444444446,0.9998409601769742,0.9998968801276182,0.7471986257739246,0.9997973091036171,0.9992301404224081,0.7043968534184748
MLP,0.52,114418.4,18.2,17.8,5.6,0.9999510592183458,0.5055555555555555,0.999844454832181,0.9998977537837561,0.7527533073869507,0.9997920670976761,0.9992301404224081,0.7043968534184748
MLP,0.53,114417.2,18.2,17.8,6.8,0.9999405719079913,0.5055555555555555,0.99984445328968,0.999892509899483,0.7527480637317735,0.9997815830857941,0.9992301404224081,0.7043968534184748
MLP,0.54,114416.0,18.2,17.8,8.0,0.9999300845976368,0.5055555555555555,0.9998444517471237,0.9998872659311944,0.7527428200765962,0.9997710990739123,0.9992301404224081,0.7043968534184748
MLP,0.55,114415.0,18.2,17.8,9.0,0.9999213451723415,0.5055555555555555,0.999844450525179,0.9998828957793942,0.7527384503639485,0.9997623623973441,0.9992301404224081,0.7043968534184748
MLP,0.56,114414.4,18.6,17.4,9.6,0.9999161015171643,0.5166666666666667,0.999847944645753,0.9998820212831608,0.7582913840919154,0.9997536257207758,0.9992301404224081,0.7043968534184748
MLP,0.5700000000000001,114413.8,18.6,17.4,10.2,0.999910857861987,0.5166666666666667,0.9998479438667633,0.9998793991691686,0.7582887622643268,0.9997483837148348,0.9992301404224081,0.7043968534184748
MLP,0.58,114413.6,18.8,17.2,10.4,0.999909109976928,0.5222222222222223,0.9998496911866523,0.9998793989247657,0.7610656660995752,0.9997448890442076,0.9992301404224081,0.7043968534184748
MLP,0.59,114413.6,18.8,17.2,10.4,0.999909109976928,0.5222222222222223,0.9998496911866523,0.9998793989247657,0.7610656660995752,0.9997448890442076,0.9992301404224081,0.7043968534184748
MLP,0.6,114412.6,18.8,17.2,11.4,0.9999003705516325,0.5222222222222223,0.9998496898884721,0.9998750289639224,0.7610612963869274,0.9997361523676392,0.9992301404224081,0.7043968534184748
MLP,0.61,114412.6,18.8,17.2,11.4,0.9999003705516325,0.5222222222222223,0.9998496898884721,0.9998750289639224,0.7610612963869274,0.9997361523676392,0.9992301404224081,0.7043968534184748
MLP,0.62,114412.4,19.0,17.0,11.6,0.9998986226665734,0.5277777777777778,0.9998514372389293,0.9998750287653481,0.7638382002221756,0.999732657697012,0.9992301404224081,0.7043968534184748
MLP,0.63,114411.6,19.4,16.6,12.4,0.9998916311263372,0.538888888888889,0.9998549314815914,0.9998732802769247,0.769390260007613,0.9997221736851302,0.9992301404224081,0.7043968534184748
MLP,0.64,114411.4,19.8,16.2,12.6,0.9998898832412781,0.55,0.999858426594867,0.9998741538948505,0.7749449416206391,0.9997169316791892,0.9992301404224081,0.7043968534184748
MLP,0.65,114411.2,20.2,15.8,12.8,0.999888135356219,0.5611111111111111,0.9998619215860179,0.999875027573886,0.7804996232336651,0.9997116896732482,0.9992301404224081,0.7043968534184748
MLP,0.66,114411.2,20.8,15.2,12.8,0.999888135356219,0.5777777777777777,0.9998671646301691,0.9998776490768682,0.7888329565669984,0.9997064476673074,0.9992301404224081,0.7043968534184748
MLP,0.67,114411.2,21.0,15.0,12.8,0.999888135356219,0.5833333333333333,0.9998689122708221,0.999878522901013,0.7916107343447761,0.9997047003319937,0.9992301404224081,0.7043968534184748
MLP,0.68,114411.2,21.8,14.2,12.8,0.999888135356219,0.6055555555555555,0.9998759031083629,0.999882018266324,0.8027218454558872,0.9996977109907391,0.9992301404224081,0.7043968534184748
MLP,0.6900000000000001,114411.2,21.8,14.2,12.8,0.999888135356219,0.6055555555555555,0.9998759031083629,0.999882018266324,0.8027218454558872,0.9996977109907391,0.9992301404224081,0.7043968534184748
MLP,0.7000000000000001,114411.2,22.0,14.0,12.8,0.999888135356219,0.611111111111111,0.9998776507490161,0.9998828920904688,0.8054996232336651,0.9996959636554255,0.9992301404224081,0.7043968534184748
MLP,0.71,114411.2,23.0,13.0,12.8,0.999888135356219,0.6388888888888888,0.9998863890287227,0.9998872612722991,0.8193885121225539,0.9996872269788571,0.9992301404224081,0.7043968534184748
MLP,0.72,109114.8,23.4,12.6,5309.2,0.9536006432217018,0.65,0.9998835677590211,0.9737131522437403,0.8018003216108509,0.9534107985322382,0.9992301404224081,0.7043968534184748
MLP,0.73,89649.8,24.2,11.8,24774.2,0.7834877298468853,0.6722222222222223,0.9998549234255567,0.858166544194695,0.7278549760345537,0.7833443997903198,0.9992301404224081,0.7043968534184748
MLP,0.74,60475.4,25.2,10.8,53948.6,0.5285202405089842,0.7,0.9997027328581094,0.610414080151592,0.6142601202544921,0.5284483662414817,0.9992301404224081,0.7043968534184748
MLP,0.75,35368.6,26.0,10.0,79055.4,0.3091012375026218,0.7222222222222222,0.9990671117826979,0.37090015176999974,0.515661729862422,0.30909138563690375,0.9992301404224081,0.7043968534184748
MLP,0.76,25722.8,26.4,9.6,88701.2,0.22480248898832414,0.7333333333333333,0.8645910886046788,0.24420301027961008,0.4790679111608288,0.2248156561244103,0.9992301404224081,0.7043968534184748
MLP,0.77,18276.4,26.8,9.2,96147.6,0.15972523246871287,0.7444444444444445,0.8071586477501308,0.17786161980610268,0.45208483845657865,0.15975537305608947,0.9992301404224081,0.7043968534184748
MLP,0.78,6676.6,26.8,9.2,107747.4,0.05834964692721807,0.7444444444444445,0.7985327925200532,0.09047944180217984,0.40139704568583123,0.05841167219989516,0.9992301404224081,0.7043968534184748
MLP,0.79,1195.4,26.8,9.2,113228.6,0.010447108998112284,0.7444444444444445,0.7855389448563044,0.019887342786681212,0.3774457767212783,0.010524200594094006,0.9992301404224081,0.7043968534184748
MLP,0.8,19.8,27.4,8.6,114404.2,0.000173040620848773,0.7611111111111111,0.5775891341256367,0.00034597706369178625,0.38064207586598,0.0002481216145378298,0.9992301404224081,0.7043968534184748
MLP,0.81,18.6,27.6,8.4,114405.4,0.0001625533104943019,0.7666666666666667,0.569500221141088,0.0003250126124927712,0.3834146099885805,0.000235890267342303,0.9992301404224081,0.7043968534184748
MLP,0.8200000000000001,11.2,28.2,7.8,114412.8,9.788156330839683e-05,0.7833333333333334,0.3811528822055138,0.00019570815102320417,0.3917156074483209,0.00016599685479643544,0.9992301404224081,0.7043968534184748
MLP,0.8300000000000001,9.6,28.8,7.2,114414.4,8.389848283576872e-05,0.8,0.29210526315789476,0.0001677476711234187,0.4000419492414179,0.00014677616634632185,0.9992301404224081,0.7043968534184748
MLP,0.84,8.2,29.0,7.0,114415.8,7.166328742221912e-05,0.8055555555555556,0.28284313725490196,0.0001432891904130603,0.4028136094214889,0.00013279748383714833,0.9992301404224081,0.7043968534184748
MLP,0.85,3.0,29.6,6.4,114421.0,2.6218275886177725e-05,0.8222222222222223,0.12,5.242509764174436e-05,0.41112422024905426,8.212475974139438e-05,0.9992301404224081,0.7043968534184748
MLP,0.86,0.0,30.8,5.2,114424.0,0.0,0.8555555555555555,0.0,0.0,0.42777777777777776,4.543071815481391e-05,0.9992301404224081,0.7043968534184748
MLP,0.87,0.0,31.4,4.6,114424.0,0.0,0.8722222222222221,0.0,0.0,0.43611111111111106,4.018871221387384e-05,0.9992301404224081,0.7043968534184748
MLP,0.88,0.0,31.4,4.6,114424.0,0.0,0.8722222222222221,0.0,0.0,0.43611111111111106,4.018871221387384e-05,0.9992301404224081,0.7043968534184748
MLP,0.89,0.0,31.6,4.4,114424.0,0.0,0.8777777777777779,0.0,0.0,0.43888888888888894,3.844137690022715e-05,0.9992301404224081,0.7043968534184748
MLP,0.9,0.0,32.0,4.0,114424.0,0.0,0.888888888888889,0.0,0.0,0.4444444444444445,3.4946706272933774e-05,0.9992301404224081,0.7043968534184748
MLP,0.91,0.0,32.6,3.4,114424.0,0.0,0.9055555555555556,0.0,0.0,0.4527777777777778,2.970470033199371e-05,0.9992301404224081,0.7043968534184748
MLP,0.92,0.0,35.4,0.6,114424.0,0.0,0.9833333333333332,0.0,0.0,0.4916666666666666,5.242005940940066e-06,0.9992301404224081,0.7043968534184748
MLP,0.93,0.0,36.0,0.0,114424.0,0.0,1.0,0.0,0.0,0.5,0.0,0.9992301404224081,0.7043968534184748
MLP,0.9400000000000001,0.0,36.0,0.0,114424.0,0.0,1.0,0.0,0.0,0.5,0.0,0.9992301404224081,0.7043968534184748
MLP,0.9500000000000001,0.0,36.0,0.0,114424.0,0.0,1.0,0.0,0.0,0.5,0.0,0.9992301404224081,0.7043968534184748
MLP,0.96,0.0,36.0,0.0,114424.0,0.0,1.0,0.0,0.0,0.5,0.0,0.9992301404224081,0.7043968534184748
MLP,0.97,0.0,36.0,0.0,114424.0,0.0,1.0,0.0,0.0,0.5,0.0,0.9992301404224081,0.7043968534184748
MLP,0.98,0.0,36.0,0.0,114424.0,0.0,1.0,0.0,0.0,0.5,0.0,0.9992301404224081,0.7043968534184748
MLP,0.99,0.0,36.0,0.0,114424.0,0.0,1.0,0.0,0.0,0.5,0.0,0.9992301404224081,0.7043968534184748
MLP,1.0,0.0,36.0,0.0,114424.0,0.0,1.0,0.0,0.0,0.5,0.0,0.9992301404224081,0.7043968534184748
MLP-DANN,0.0,114424.0,0.0,36.0,0.0,1.0,0.0,0.9996854796435436,0.9998427150871183,0.5,1.0,0.9997968053400917,0.9213741581020299
MLP-DANN,0.01,114424.0,3.8,32.2,0.0,1.0,0.10555555555555556,0.999718671945711,0.9998593156158091,0.5527777777777778,0.9999668006290406,0.9997968053400917,0.9213741581020299
MLP-DANN,0.02,114424.0,4.6,31.4,0.0,1.0,0.12777777777777777,0.9997256593939132,0.9998628103626934,0.5638888888888889,0.9999598112877861,0.9997968053400917,0.9213741581020299
MLP-DANN,0.03,114424.0,5.8,30.2,0.0,1.0,0.1611111111111111,0.9997361406577884,0.999868052505923,0.5805555555555555,0.9999493272759044,0.9997968053400917,0.9213741581020299
MLP-DANN,0.04,114424.0,6.6,29.4,0.0,1.0,0.18333333333333332,0.9997431286554839,0.9998715473902337,0.5916666666666667,0.9999423379346496,0.9997968053400917,0.9213741581020299
MLP-DANN,0.05,114424.0,6.6,29.4,0.0,1.0,0.18333333333333332,0.9997431286554839,0.9998715473902337,0.5916666666666667,0.9999423379346496,0.9997968053400917,0.9213741581020299
MLP-DANN,0.06,114424.0,6.6,29.4,0.0,1.0,0.18333333333333332,0.9997431286554839,0.9998715473902337,0.5916666666666667,0.9999423379346496,0.9997968053400917,0.9213741581020299
MLP-DANN,0.07,114424.0,6.8,29.2,0.0,1.0,0.18888888888888888,0.9997448756396364,0.9998724211074931,0.5944444444444444,0.9999405905993359,0.9997968053400917,0.9213741581020299
MLP-DANN,0.08,114424.0,7.6,28.4,0.0,1.0,0.2111111111111111,0.9997518640341949,0.9998759160910572,0.6055555555555555,0.9999336012580814,0.9997968053400917,0.9213741581020299
MLP-DANN,0.09,114424.0,7.8,28.2,0.0,1.0,0.21666666666666665,0.9997536113236615,0.9998767898846694,0.6083333333333334,0.9999318539227678,0.9997968053400917,0.9213741581020299
MLP-DANN,0.1,114424.0,8.4,27.6,0.0,1.0,0.23333333333333334,0.9997588524288185,0.9998794110746292,0.6166666666666666,0.9999266119168269,0.9997968053400917,0.9213741581020299
MLP-DANN,0.11,114424.0,9.2,26.8,0.0,1.0,0.2555555555555556,0.9997658406097152,0.9998829060047534,0.6277777777777778,0.9999196225755723,0.9997968053400917,0.9213741581020299
MLP-DANN,0.12,114424.0,10.2,25.8,0.0,1.0,0.2833333333333333,0.9997745756526004,0.9998872746215909,0.6416666666666666,0.999910885899004,0.9997968053400917,0.9213741581020299
MLP-DANN,0.13,114424.0,11.2,24.8,0.0,1.0,0.3111111111111111,0.9997833112144742,0.9998916433682229,0.6555555555555556,0.9999021492224358,0.9997968053400917,0.9213741581020299
MLP-DANN,0.14,114424.0,12.2,23.8,0.0,1.0,0.3388888888888889,0.9997920470511327,0.9998960121835729,0.6694444444444445,0.9998934125458675,0.9997968053400917,0.9213741581020299
MLP-DANN,0.15,114424.0,13.0,23.0,0.0,1.0,0.3611111111111111,0.9997990354762342,0.9998995071747737,0.6805555555555556,0.999886423204613,0.9997968053400917,0.9213741581020299
MLP-DANN,0.16,114424.0,13.2,22.8,0.0,1.0,0.3666666666666667,0.9998007826740981,0.9999003809454792,0.6833333333333333,0.9998846758692993,0.9997968053400917,0.9213741581020299
MLP-DANN,0.17,114424.0,13.4,22.6,0.0,1.0,0.37222222222222223,0.9998025295971973,0.999901254647469,0.6861111111111111,0.9998829285339857,0.9997968053400917,0.9213741581020299
MLP-DANN,0.18,114424.0,13.6,22.4,0.0,1.0,0.37777777777777777,0.9998042765508226,0.9999021283570937,0.6888888888888889,0.999881181198672,0.9997968053400917,0.9213741581020299
MLP-DANN,0.19,114424.0,13.6,22.4,0.0,1.0,0.37777777777777777,0.9998042765508226,0.9999021283570937,0.6888888888888889,0.999881181198672,0.9997968053400917,0.9213741581020299
MLP-DANN,0.2,114424.0,13.6,22.4,0.0,1.0,0.37777777777777777,0.9998042765508226,0.9999021283570937,0.6888888888888889,0.999881181198672,0.9997968053400917,0.9213741581020299
MLP-DANN,0.21,114424.0,13.6,22.4,0.0,1.0,0.37777777777777777,0.9998042765508226,0.9999021283570937,0.6888888888888889,0.999881181198672,0.9997968053400917,0.9213741581020299
MLP-DANN,0.22,114424.0,13.8,22.2,0.0,1.0,0.3833333333333333,0.9998060237792199,0.9999030021354345,0.6916666666666667,0.9998794338633583,0.9997968053400917,0.9213741581020299
MLP-DANN,0.23,114424.0,14.0,22.0,0.0,1.0,0.3888888888888889,0.9998077707633722,0.9999038758526938,0.6944444444444444,0.9998776865280448,0.9997968053400917,0.9213741581020299
MLP-DANN,0.24,114423.8,14.2,21.8,0.2,0.9999982521149409,0.3944444444444445,0.9998095175184435,0.9999038756312446,0.6972213482796927,0.9998741918574174,0.9997968053400917,0.9213741581020299
MLP-DANN,0.25,114423.8,14.8,21.2,0.2,0.9999982521149409,0.4111111111111111,0.999814758898322,0.9999064968899146,0.705554681613026,0.9998689498514765,0.9997968053400917,0.9213741581020299
MLP-DANN,0.26,114423.6,14.8,21.2,0.4,0.9999965042298818,0.4111111111111111,0.9998147586387087,0.999905622935934,0.7055538076704965,0.9998672025161628,0.9997968053400917,0.9213741581020299
MLP-DANN,0.27,114423.4,14.8,21.2,0.6,0.9999947563448227,0.4111111111111111,0.9998147583790908,0.9999047489743159,0.7055529337279669,0.9998654551808492,0.9997968053400917,0.9213741581020299
MLP-DANN,0.28,114423.4,15.0,21.0,0.6,0.9999947563448227,0.4166666666666667,0.9998165056380224,0.9999056227602926,0.7083307115057447,0.9998637078455357,0.9997968053400917,0.9213741581020299
MLP-DANN,0.29,114423.2,15.2,20.8,0.8,0.9999930084597637,0.4222222222222222,0.9998182525457487,0.9999056225922928,0.7111076153409929,0.9998602131749083,0.9997968053400917,0.9213741581020299
MLP-DANN,0.3,114423.0,15.4,20.6,1.0,0.9999912605747046,0.42777777777777776,0.9998199995145386,0.9999056224319272,0.7138845191762412,0.9998567185042809,0.9997968053400917,0.9213741581020299
MLP-DANN,0.31,114422.8,16.0,20.0,1.2,0.9999895126896454,0.4444444444444445,0.9998252411080516,0.999907369851147,0.7222169785670449,0.9998497291630264,0.9997968053400917,0.9213741581020299
MLP-DANN,0.32,114422.8,16.6,19.4,1.2,0.9999895126896454,0.4611111111111111,0.9998304831138558,0.9999099912548897,0.7305503119003782,0.9998444871570854,0.9997968053400917,0.9213741581020299
MLP-DANN,0.33,114422.8,16.8,19.2,1.2,0.9999895126896454,0.4666666666666667,0.9998322304643945,0.9999108650637737,0.733328089678156,0.9998427398217717,0.9997968053400917,0.9213741581020299
MLP-DANN,0.34,114422.8,16.8,19.2,1.2,0.9999895126896454,0.4666666666666667,0.9998322304643945,0.9999108650637737,0.733328089678156,0.9998427398217717,0.9997968053400917,0.9213741581020299
MLP-DANN,0.35000000000000003,114422.8,17.2,18.8,1.2,0.9999895126896454,0.47777777777777775,0.9998357249364634,0.9999126126128193,0.7388836452337116,0.9998392451511446,0.9997968053400917,0.9213741581020299
MLP-DANN,0.36,114422.8,17.6,18.4,1.2,0.9999895126896454,0.48888888888888893,0.9998392194696013,0.9999143601771362,0.7444392007892672,0.9998357504805172,0.9997968053400917,0.9213741581020299
MLP-DANN,0.37,114422.8,18.2,17.8,1.2,0.9999895126896454,0.5055555555555555,0.9998444612616739,0.9999169815274298,0.7527725341226005,0.9998305084745762,0.9997968053400917,0.9213741581020299
MLP-DANN,0.38,114422.8,18.4,17.6,1.2,0.9999895126896454,0.5111111111111112,0.9998462084900712,0.9999178553057707,0.7555503119003782,0.9998287611392627,0.9997968053400917,0.9213741581020299
MLP-DANN,0.39,114422.8,18.4,17.6,1.2,0.9999895126896454,0.5111111111111112,0.9998462084900712,0.9999178553057707,0.7555503119003782,0.9998287611392627,0.9997968053400917,0.9213741581020299
MLP-DANN,0.4,114422.2,18.4,17.6,1.8,0.9999842690344682,0.5111111111111112,0.9998462077112265,0.9999152334361913,0.7555476900727898,0.9998235191333217,0.9997968053400917,0.9213741581020299
MLP-DANN,0.41000000000000003,114422.0,18.4,17.6,2.0,0.9999825211494091,0.5111111111111112,0.9998462074516088,0.9999143594745734,0.7555468161302602,0.9998217717980079,0.9997968053400917,0.9213741581020299
MLP-DANN,0.42,114422.0,18.4,17.6,2.0,0.9999825211494091,0.5111111111111112,0.9998462074516088,0.9999143594745734,0.7555468161302602,0.9998217717980079,0.9997968053400917,0.9213741581020299
MLP-DANN,0.43,114422.0,18.4,17.6,2.0,0.9999825211494091,0.5111111111111112,0.9998462074516088,0.9999143594745734,0.7555468161302602,0.9998217717980079,0.9997968053400917,0.9213741581020299
MLP-DANN,0.44,114422.0,18.4,17.6,2.0,0.9999825211494091,0.5111111111111112,0.9998462074516088,0.9999143594745734,0.7555468161302602,0.9998217717980079,0.9997968053400917,0.9213741581020299
MLP-DANN,0.45,114422.0,18.4,17.6,2.0,0.9999825211494091,0.5111111111111112,0.9998462074516088,0.9999143594745734,0.7555468161302602,0.9998217717980079,0.9997968053400917,0.9213741581020299
MLP-DANN,0.46,114421.8,18.4,17.6,2.2,0.9999807732643502,0.5111111111111112,0.9998462072072538,0.9999134855053171,0.7555459421877306,0.9998200244626944,0.9997968053400917,0.9213741581020299
MLP-DANN,0.47000000000000003,114421.8,18.4,17.6,2.2,0.9999807732643502,0.5111111111111112,0.9998462072072538,0.9999134855053171,0.7555459421877306,0.9998200244626944,0.9997968053400917,0.9213741581020299
MLP-DANN,0.48,114421.8,18.4,17.6,2.2,0.9999807732643502,0.5111111111111112,0.9998462072072538,0.9999134855053171,0.7555459421877306,0.9998200244626944,0.9997968053400917,0.9213741581020299
MLP-DANN,0.49,114421.8,18.4,17.6,2.2,0.9999807732643502,0.5111111111111112,0.9998462072072538,0.9999134855053171,0.7555459421877306,0.9998200244626944,0.9997968053400917,0.9213741581020299
MLP-DANN,0.5,114421.6,18.4,17.6,2.4,0.9999790253792911,0.5111111111111112,0.9998462069476315,0.9999126115360617,0.7555450682452011,0.9998182771273807,0.9997968053400917,0.9213741581020299
MLP-DANN,0.51,114421.6,18.4,17.6,2.4,0.9999790253792911,0.5111111111111112,0.9998462069476315,0.9999126115360617,0.7555450682452011,0.9998182771273807,0.9997968053400917,0.9213741581020299
MLP-DANN,0.52,114421.6,18.6,17.4,2.4,0.9999790253792911,0.5166666666666667,0.9998479543897767,0.9999134853525794,0.7583228460229788,0.9998165297920671,0.9997968053400917,0.9213741581020299
MLP-DANN,0.53,114421.0,18.6,17.4,3.0,0.9999737817241139,0.5166666666666667,0.9998479534277476,0.9999108634906457,0.7583202241953902,0.9998112877861262,0.9997968053400917,0.9213741581020299
MLP-DANN,0.54,114421.0,18.6,17.4,3.0,0.9999737817241139,0.5166666666666667,0.9998479534277476,0.9999108634906457,0.7583202241953902,0.9998112877861262,0.9997968053400917,0.9213741581020299
MLP-DANN,0.55,114421.0,18.8,17.2,3.0,0.9999737817241139,0.5222222222222223,0.9998497007324737,0.99991173727662,0.7610980019731681,0.9998095404508126,0.9997968053400917,0.9213741581020299
MLP-DANN,0.56,114420.2,19.2,16.8,3.8,0.9999667901838775,0.5333333333333334,0.9998531943798076,0.9999099890402798,0.7666500617586054,0.9997990564389306,0.9997968053400917,0.9213741581020299
MLP-DANN,0.5700000000000001,114419.2,19.4,16.6,4.8,0.999958050758582,0.538888888888889,0.999854940493233,0.9999064928883181,0.7694234698237354,0.9997885724270488,0.9997968053400917,0.9213741581020299
MLP-DANN,0.58,114419.2,19.4,16.6,4.8,0.999958050758582,0.538888888888889,0.999854940493233,0.9999064928883181,0.7694234698237354,0.9997885724270488,0.9997968053400917,0.9213741581020299
MLP-DANN,0.59,114418.8,19.6,16.4,5.2,0.9999545549884641,0.5444444444444445,0.9998566874008068,0.9999056186670332,0.7721994997164543,0.9997833304211078,0.9997968053400917,0.9213741581020299
MLP-DANN,0.6,114417.8,19.6,16.4,6.2,0.9999458155631686,0.5444444444444445,0.9998566861177899,0.9999012485305103,0.7721951300038066,0.9997745937445396,0.9997968053400917,0.9213741581020299
MLP-DANN,0.61,114417.8,19.8,16.2,6.2,0.9999458155631686,0.55,0.9998584335904754,0.9999021223546644,0.7749729077815843,0.999772846409226,0.9997968053400917,0.9213741581020299
MLP-DANN,0.62,114417.6,20.0,16.0,6.4,0.9999440676781095,0.5555555555555556,0.9998601807882614,0.9999021221942883,0.7777498116168325,0.9997693517385986,0.9997968053400917,0.9213741581020299
MLP-DANN,0.63,114416.8,20.2,15.8,7.2,0.9999370761378732,0.5611111111111111,0.9998619273140094,0.9998995000421254,0.7805240936244922,0.9997606150620305,0.9997968053400917,0.9213741581020299
MLP-DANN,0.64,114416.8,20.4,15.6,7.2,0.9999370761378732,0.5666666666666667,0.999863674847778,0.9999003738815523,0.7833018714022699,0.9997588677267167,0.9997968053400917,0.9213741581020299
MLP-DANN,0.65,114415.6,20.6,15.4,8.4,0.9999265888275186,0.5722222222222222,0.9998654209458598,0.9998960037297712,0.7860744055248705,0.9997466363795212,0.9997968053400917,0.9213741581020299
MLP-DANN,0.66,114413.6,20.8,15.2,10.4,0.999909109976928,0.5777777777777777,0.9998671664481298,0.9998881374488923,0.7888434438773528,0.9997274156910712,0.9997968053400917,0.9213741581020299
MLP-DANN,0.67,114411.8,21.0,15.0,12.2,0.9998933790113963,0.5833333333333334,0.9998689119504289,0.9998811451143634,0.7916133561723647,0.9997099423379346,0.9997968053400917,0.9213741581020299
MLP-DANN,0.68,114410.4,21.2,14.8,13.6,0.9998811438159827,0.5888888888888889,0.9998706581399854,0.9998759007565254,0.7943850163524357,0.9996959636554255,0.9997968053400917,0.9213741581020299
MLP-DANN,0.6900000000000001,114409.2,21.2,14.8,14.8,0.9998706565056281,0.5888888888888889,0.9998706567194539,0.9998706565514469,0.7943797726972586,0.9996854796435436,0.9997968053400917,0.9213741581020299
MLP-DANN,0.7000000000000001,114409.0,21.2,14.8,15.0,0.999868908620569,0.5888888888888889,0.999870656475052,0.9998697824981713,0.794378898754729,0.9996837323082299,0.9997968053400917,0.9213741581020299
MLP-DANN,0.71,114409.0,21.2,14.8,15.0,0.999868908620569,0.5888888888888889,0.999870656475052,0.9998697824981713,0.794378898754729,0.9996837323082299,0.9997968053400917,0.9213741581020299
MLP-DANN,0.72,114409.0,21.2,14.8,15.0,0.999868908620569,0.5888888888888889,0.999870656475052,0.9998697824981713,0.794378898754729,0.9996837323082299,0.9997968053400917,0.9213741581020299
MLP-DANN,0.73,114409.0,21.2,14.8,15.0,0.999868908620569,0.5888888888888889,0.999870656475052,0.9998697824981713,0.794378898754729,0.9996837323082299,0.9997968053400917,0.9213741581020299
MLP-DANN,0.74,114409.0,21.4,14.6,15.0,0.999868908620569,0.5944444444444444,0.9998724040851588,0.9998706563146795,0.7971566765325068,0.9996819849729162,0.9997968053400917,0.9213741581020299
MLP-DANN,0.75,114409.0,21.8,14.2,15.0,0.999868908620569,0.6055555555555555,0.9998758993664649,0.9998724039629693,0.8027122320880624,0.9996784903022891,0.9997968053400917,0.9213741581020299
MLP-DANN,0.76,114409.0,22.4,13.6,15.0,0.999868908620569,0.6222222222222222,0.999881142410613,0.9998750254659509,0.8110455654213957,0.9996732482963481,0.9997968053400917,0.9213741581020299
MLP-DANN,0.77,114409.0,22.8,13.2,15.0,0.999868908620569,0.6333333333333333,0.9998846378446572,0.9998767731524248,0.8166011209769513,0.9996697536257206,0.9997968053400917,0.9213741581020299
MLP-DANN,0.78,114409.0,22.8,13.2,15.0,0.999868908620569,0.6333333333333333,0.9998846378446572,0.9998767731524248,0.8166011209769513,0.9996697536257206,0.9997968053400917,0.9213741581020299
MLP-DANN,0.79,114408.8,23.0,13.0,15.2,0.99986716073551,0.6388888888888888,0.9998863854394594,0.9998767729461981,0.8193780248121995,0.9996662589550935,0.9997968053400917,0.9213741581020299
MLP-DANN,0.8,114408.0,24.4,11.6,16.0,0.9998601691952738,0.6777777777777778,0.9998986189697071,0.9998793935555147,0.8388189734865257,0.9996470382666434,0.9997968053400917,0.9213741581020299
MLP-DANN,0.81,114407.2,25.0,11.0,16.8,0.9998531776550375,0.6944444444444444,0.999903861845679,0.9998785186925561,0.8471488110497409,0.9996348069194478,0.9997968053400917,0.9213741581020299
MLP-DANN,0.8200000000000001,104237.4,26.0,10.0,10186.6,0.910974970285954,0.7222222222222222,0.9999014211054922,0.9427511379370888,0.8165985962540881,0.9107758168792591,0.9997968053400917,0.9213741581020299
MLP-DANN,0.8300000000000001,91199.2,26.4,9.6,23224.8,0.7970285953995665,0.7333333333333333,0.9996878751247034,0.8125601080240921,0.76518096436645,0.7968617857766905,0.9997968053400917,0.9213741581020299
MLP-DANN,0.84,74101.2,26.6,9.4,40322.8,0.6476019016989443,0.7388888888888889,0.9415688216092766,0.6769597729146702,0.6932453952939166,0.6474803424777215,0.9997968053400917,0.9213741581020299
MLP-DANN,0.85,69639.8,28.2,7.8,44784.2,0.6086118296860799,0.7833333333333334,0.7997490271977629,0.6166291801483643,0.6959725815097066,0.6084885549536956,0.9997968053400917,0.9213741581020299
MLP-DANN,0.86,68638.8,29.2,6.8,45785.2,0.5998636649653919,0.8111111111111111,0.5999580451053907,0.5999108493447591,0.7054873880382515,0.5997344050323257,0.9997968053400917,0.9213741581020299
MLP-DANN,0.87,68637.4,31.4,4.6,45786.6,0.5998514297699783,0.8722222222222221,0.5999772739495187,0.5999143433043537,0.7360368259961002,0.5997029529966801,0.9997968053400917,0.9213741581020299
MLP-DANN,0.88,68634.6,32.2,3.8,45789.4,0.5998269593791512,0.8944444444444445,0.5999807699639252,0.5999038522048051,0.7471357019117978,0.5996715009610345,0.9997968053400917,0.9213741581020299
MLP-DANN,0.89,68634.0,32.4,3.6,45790.0,0.599821715723974,0.9,0.5999825181240931,0.5999021039301621,0.749910857861987,0.5996645116197798,0.9997968053400917,0.9213741581020299
MLP-DANN,0.9,48804.6,34.0,2.0,65619.4,0.4265241557715164,0.9444444444444444,0.599989510535307,0.4469554580504681,0.6854843001079804,0.4264074785951424,0.9997968053400917,0.9213741581020299
MLP-DANN,0.91,36950.4,35.4,0.6,77473.6,0.3229252604348738,0.9833333333333332,0.3999936609275796,0.35228167833818713,0.6531292968841036,0.322828935872794,0.9997968053400917,0.9213741581020299
MLP-DANN,0.92,22876.4,35.6,0.4,91547.6,0.1999265888275187,0.9888888888888889,0.19999650300741362,0.19996153980630046,0.5944077388582037,0.19986720251616286,0.9997968053400917,0.9213741581020299
MLP-DANN,0.93,22876.4,35.8,0.2,91547.6,0.1999265888275187,0.9944444444444445,0.1999982514884205,0.19996241373734197,0.5971855166359816,0.1998654551808492,0.9997968053400917,0.9213741581020299
MLP-DANN,0.9400000000000001,15343.4,36.0,0.0,99080.6,0.13409249807732643,1.0,0.2,0.16054535656923424,0.5670462490386632,0.13405032325703303,0.9997968053400917,0.9213741581020299
MLP-DANN,0.9500000000000001,0.0,36.0,0.0,114424.0,0.0,1.0,0.0,0.0,0.5,0.0,0.9997968053400917,0.9213741581020299
MLP-DANN,0.96,0.0,36.0,0.0,114424.0,0.0,1.0,0.0,0.0,0.5,0.0,0.9997968053400917,0.9213741581020299
MLP-DANN,0.97,0.0,36.0,0.0,114424.0,0.0,1.0,0.0,0.0,0.5,0.0,0.9997968053400917,0.9213741581020299
MLP-DANN,0.98,0.0,36.0,0.0,114424.0,0.0,1.0,0.0,0.0,0.5,0.0,0.9997968053400917,0.9213741581020299
MLP-DANN,0.99,0.0,36.0,0.0,114424.0,0.0,1.0,0.0,0.0,0.5,0.0,0.9997968053400917,0.9213741581020299
MLP-DANN,1.0,0.0,36.0,0.0,114424.0,0.0,1.0,0.0,0.0,0.5,0.0,0.9997968053400917,0.9213741581020299
Transformer,0.0,114424.0,0.0,36.0,0.0,1.0,0.0,0.9996854796435436,0.9998427150871183,0.5,1.0,0.999643441710979,0.719035245131169
Transformer,0.01,114424.0,0.0,36.0,0.0,1.0,0.0,0.9996854796435436,0.9998427150871183,0.5,1.0,0.999643441710979,0.719035245131169
Transformer,0.02,114424.0,0.0,36.0,0.0,1.0,0.0,0.9996854796435436,0.9998427150871183,0.5,1.0,0.999643441710979,0.719035245131169
Transformer,0.03,114424.0,0.8,35.2,0.0,1.0,0.02222222222222222,0.9996924670306943,0.9998462098187335,0.5111111111111111,0.9999930106587455,0.999643441710979,0.719035245131169
Transformer,0.04,114424.0,1.6,34.4,0.0,1.0,0.04444444444444444,0.9996994549062513,0.9998497046725016,0.5222222222222223,0.9999860213174909,0.999643441710979,0.719035245131169
Transformer,0.05,114424.0,3.0,33.0,0.0,1.0,0.08333333333333334,0.9997116848638583,0.9998558209605448,0.5416666666666667,0.9999737899702954,0.999643441710979,0.719035245131169
Transformer,0.06,114424.0,4.6,31.4,0.0,1.0,0.12777777777777777,0.9997256596686851,0.9998628104314097,0.5638888888888889,0.9999598112877861,0.999643441710979,0.719035245131169
Transformer,0.07,114424.0,5.6,30.4,0.0,1.0,0.15555555555555556,0.9997343943757612,0.9998671789642634,0.5777777777777777,0.9999510746112179,0.999643441710979,0.719035245131169
Transformer,0.08,114424.0,6.6,29.4,0.0,1.0,0.18333333333333335,0.999743129510221,0.9998715476040043,0.5916666666666667,0.9999423379346496,0.999643441710979,0.719035245131169
Transformer,0.09,114423.4,6.6,29.4,0.6,0.9999947563448227,0.18333333333333335,0.9997431283192413,0.9998689257420832,0.5916640448390781,0.9999370959287088,0.999643441710979,0.719035245131169
Transformer,0.1,114423.4,6.8,29.2,0.6,0.9999947563448227,0.18888888888888888,0.9997448755781726,0.9998697995280598,0.5944418226168559,0.9999353485933952,0.999643441710979,0.719035245131169
Transformer,0.11,114422.2,6.8,29.2,1.8,0.9999842690344682,0.18888888888888888,0.999744872280651,0.9998645558042825,0.5944365789616786,0.9999248645815133,0.999643441710979,0.719035245131169
Transformer,0.12,114421.4,8.2,27.8,2.6,0.9999772774942318,0.22777777777777777,0.9997570993681002,0.999867175955767,0.6138775276360049,0.999905643893063,0.999643441710979,0.719035245131169
Transformer,0.13,114421.0,9.8,26.2,3.0,0.9999737817241139,0.27222222222222225,0.9997710756073879,0.9998724179385661,0.636098001973168,0.9998881705399267,0.999643441710979,0.719035245131169
Transformer,0.14,114420.0,10.4,25.6,4.0,0.9999650422988184,0.28888888888888886,0.9997763151700951,0.999870669312801,0.6444269655938537,0.9998741918574174,0.999643441710979,0.719035245131169
Transformer,0.15,114420.0,11.0,25.0,4.0,0.9999650422988184,0.3055555555555555,0.9997815569315888,0.999873290609635,0.652760298927187,0.9998689498514765,0.999643441710979,0.719035245131169
Transformer,0.16,114420.0,12.2,23.8,4.0,0.9999650422988184,0.3388888888888889,0.9997920399660096,0.9998785330276745,0.6694269655938536,0.9998584658395947,0.999643441710979,0.719035245131169
Transformer,0.17,114419.8,12.4,23.6,4.2,0.9999632944137593,0.34444444444444444,0.9997937868736807,0.9998785327909376,0.6722038694291019,0.9998549711689673,0.999643441710979,0.719035245131169
Transformer,0.18,114120.4,13.0,23.0,303.6,0.9973467104803188,0.3611111111111111,0.9997984717317714,0.9985641328531021,0.6792289107957149,0.9972339681984973,0.999643441710979,0.719035245131169
Transformer,0.19,110836.2,13.4,22.6,3587.8,0.9686446899251905,0.37222222222222223,0.9997947352017216,0.9828919824230542,0.6704334560737063,0.9685374803424777,0.999643441710979,0.719035245131169
Transformer,0.2,109275.2,13.4,22.6,5148.8,0.9550024470390828,0.37222222222222223,0.9997903599829401,0.9745536228491396,0.6636123346306524,0.9548995282194653,0.999643441710979,0.719035245131169
Transformer,0.21,107925.6,14.2,21.8,6498.4,0.9432077186604209,0.3944444444444445,0.9997928952050732,0.9668147156369639,0.6688260815524327,0.9431015201817228,0.999643441710979,0.719035245131169
Transformer,0.22,106514.4,14.8,21.2,7909.6,0.9308746416835628,0.4111111111111111,0.9997926224974633,0.9581313239561732,0.670992876397337,0.9307670802026908,0.999643441710979,0.719035245131169
Transformer,0.23,105043.0,14.8,21.2,9381.0,0.9180154513039224,0.4111111111111111,0.9997856459797536,0.9483573050018246,0.6645632812075167,0.9179119343001922,0.999643441710979,0.719035245131169
Transformer,0.24,103764.6,15.0,21.0,10659.4,0.9068429700062923,0.4166666666666667,0.9997799697543479,0.9392014981635974,0.6617548183364794,0.906741219640049,0.999643441710979,0.719035245131169
Transformer,0.25,103114.4,15.2,20.8,11309.6,0.901160595679228,0.4222222222222222,0.9997773123748972,0.9342843910183088,0.6616914089507252,0.9010588852000699,0.999643441710979,0.719035245131169
Transformer,0.26,102843.8,15.2,20.8,11580.2,0.8987957071942949,0.4222222222222222,0.9997753311859154,0.9321832087205895,0.6605089647082586,0.898694740520706,0.999643441710979,0.719035245131169
Transformer,0.27,102411.4,16.0,20.0,12012.6,0.8950167796965671,0.4444444444444445,0.9997789510261746,0.9287596322041445,0.6697306120705058,0.8949100122313473,0.999643441710979,0.719035245131169
Transformer,0.28,101641.6,16.2,19.8,12782.4,0.888289170104174,0.45,0.9997739831701775,0.9224352647637938,0.669144585052087,0.8881827712738074,0.999643441710979,0.719035245131169
Transformer,0.29,101074.8,16.4,19.6,13349.2,0.8833356638467453,0.45555555555555555,0.9997700944464916,0.9175872497736728,0.6694456097011505,0.8832290756596191,0.999643441710979,0.719035245131169
Transformer,0.3,100649.8,16.6,19.4,13774.2,0.8796214080962036,0.4611111111111111,0.9997671549333698,0.9138390174108011,0.6703662596036574,0.8795142407828063,0.999643441710979,0.719035245131169
Transformer,0.31,100502.2,17.0,19.0,13921.8,0.8783314689226037,0.4722222222222222,0.9997716304789686,0.9125170133082745,0.675276845572413,0.8782212126507076,0.999643441710979,0.719035245131169
Transformer,0.32,100386.6,17.4,18.6,14037.4,0.8773211913584562,0.4833333333333334,0.9997765536492362,0.9114719186037437,0.6803272623458948,0.8772077581687926,0.999643441710979,0.719035245131169
Transformer,0.33,100310.0,17.6,18.4,14114.0,0.8766517513808292,0.48888888888888893,0.9997802403523119,0.9107748507698432,0.682770320134859,0.8765367814083522,0.999643441710979,0.719035245131169
Transformer,0.34,100018.8,17.6,18.4,14405.2,0.8741068307348108,0.48888888888888893,0.9997769645261767,0.9080940903014321,0.6814978598118498,0.8739926611916827,0.999643441710979,0.719035245131169
Transformer,0.35000000000000003,99661.0,17.6,18.4,14763.0,0.8709798643641194,0.48888888888888893,0.9997726175111079,0.9047307987219233,0.6799343766265041,0.8708666783155689,0.999643441710979,0.719035245131169
Transformer,0.36,99235.0,17.8,18.2,15189.0,0.8672568691882822,0.49444444444444446,0.9997686575097731,0.9006221766963535,0.6808506568163633,0.8671431067621876,0.999643441710979,0.719035245131169
Transformer,0.37,98961.4,18.0,18.0,15462.6,0.8648657624274628,0.5,0.9997663927010564,0.8979221314493404,0.6824328812137315,0.8647510047178054,0.999643441710979,0.719035245131169
Transformer,0.38,98634.2,18.2,17.8,15789.8,0.8620062224708104,0.5055555555555555,0.9997629391094704,0.8946294128247494,0.6837808890131829,0.8618906168093657,0.999643441710979,0.719035245131169
Transformer,0.39,98327.6,18.2,17.8,16096.4,0.859326714675243,0.5055555555555555,0.9997576084536751,0.891476213799615,0.6824411351153993,0.8592119517735453,0.999643441710979,0.719035245131169
Transformer,0.4,98188.8,18.6,17.4,16235.2,0.8581136824442425,0.5166666666666667,0.9997670382859077,0.8900284387428183,0.6873901745554546,0.8579958063952473,0.999643441710979,0.719035245131169
Transformer,0.41000000000000003,98099.2,19.4,16.6,16324.8,0.8573306299377753,0.538888888888889,0.9997768091587214,0.8890890293064448,0.6981097594133321,0.8572060108334789,0.999643441710979,0.719035245131169
Transformer,0.42,97980.0,19.4,16.6,16444.0,0.8562888904425645,0.538888888888889,0.9997747842608676,0.8878260544105517,0.6975888896657267,0.8561645989865456,0.999643441710979,0.719035245131169
Transformer,0.43,97761.2,19.6,16.4,16662.8,0.8543767041879325,0.5444444444444445,0.9997726133709757,0.8854817374540718,0.6994105743161885,0.8542512668181024,0.999643441710979,0.719035245131169
Transformer,0.44,97536.8,19.8,16.2,16887.2,0.8524155771516465,0.55,0.9997700457594183,0.8830405023975285,0.7012077885758232,0.852289009260877,0.999643441710979,0.719035245131169
Transformer,0.45,97313.4,20.0,16.0,17110.6,0.8504631895406558,0.5555555555555556,0.9997671688198901,0.8805735291978639,0.7030093725481057,0.8503354883802201,0.999643441710979,0.719035245131169
Transformer,0.46,97176.4,20.2,15.8,17247.6,0.849265888275187,0.5611111111111111,0.9997658969263019,0.8790410608480329,0.7051884996931491,0.8491368163550586,0.999643441710979,0.719035245131169
Transformer,0.47000000000000003,97046.8,20.8,15.2,17377.2,0.8481332587569043,0.5777777777777777,0.9997736423609382,0.8775792208836428,0.7129555182673409,0.8479993010658745,0.999643441710979,0.719035245131169
Transformer,0.48,96980.0,20.8,15.2,17444.0,0.8475494651471719,0.5777777777777777,0.9997721365393131,0.8768207307656162,0.7126636214624749,0.8474156910711166,0.999643441710979,0.719035245131169
Transformer,0.49,96674.0,21.0,15.0,17750.0,0.8448752010067817,0.5833333333333333,0.9997664702486864,0.873295850304444,0.7141042671700576,0.8447405207059235,0.999643441710979,0.719035245131169
Transformer,0.5,96300.8,21.6,14.4,18123.2,0.8416136474865412,0.6,0.999761378146769,0.8688910765968088,0.7208068237432707,0.8414747510047178,0.999643441710979,0.719035245131169
Transformer,0.51,95780.2,21.8,14.2,18643.8,0.83706390267776,0.6055555555555555,0.9997456852878621,0.8625429083536224,0.7213097291166577,0.8369246898479819,0.999643441710979,0.719035245131169
Transformer,0.52,95735.2,21.8,14.2,18688.8,0.8366706285394672,0.6055555555555555,0.9997439820447462,0.8619841343670304,0.7211130920475114,0.8365315394024113,0.999643441710979,0.719035245131169
Transformer,0.53,95087.8,22.0,14.0,19336.2,0.8310127246032302,0.611111111111111,0.9997258217942514,0.8537131003518779,0.7210619178571707,0.8308736676568234,0.999643441710979,0.719035245131169
Transformer,0.54,95085.2,22.2,13.8,19338.8,0.830990002097462,0.6166666666666667,0.9997274479305194,0.8536816769826725,0.7238283343820644,0.8308492049624323,0.999643441710979,0.719035245131169
Transformer,0.55,95084.6,22.4,13.6,19339.4,0.8309847584422847,0.6222222222222222,0.9997386547876135,0.8536742268806462,0.7266034903322536,0.8308422156211777,0.999643441710979,0.719035245131169
Transformer,0.56,95061.0,22.6,13.4,19363.0,0.8307785080053135,0.6277777777777778,0.9997392754336831,0.8533657853266817,0.7292781428915457,0.8306342827188538,0.999643441710979,0.719035245131169
Transformer,0.5700000000000001,95020.4,22.8,13.2,19403.6,0.8304236873383207,0.6333333333333333,0.9997390486264008,0.8528332366846975,0.731878510335827,0.8302778263148698,0.999643441710979,0.719035245131169
Transformer,0.58,94996.2,22.8,13.2,19427.8,0.8302121932461721,0.6333333333333333,0.9997378693280672,0.8525180286350602,0.7317727632897527,0.8300663987419185,0.999643441710979,0.719035245131169
Transformer,0.59,94930.4,23.4,12.6,19493.6,0.8296371390617352,0.65,0.9997497653206114,0.8516505911028596,0.7398185695308677,0.8294862834177879,0.999643441710979,0.719035245131169
Transformer,0.6,94854.4,23.6,12.4,19569.6,0.8289729427392855,0.6555555555555556,0.9997477526164944,0.8506416481269508,0.7422642491474205,0.8288205486632885,0.999643441710979,0.719035245131169
Transformer,0.61,94780.4,23.6,12.4,19643.6,0.8283262252674264,0.6555555555555556,0.9997439326910188,0.8496545688330233,0.741940890411491,0.8281740345972392,0.999643441710979,0.719035245131169
Transformer,0.62,94780.2,23.8,12.2,19643.8,0.8283244773823674,0.6611111111111111,0.9997562205765342,0.8496540753644434,0.7447177942467392,0.8281705399266119,0.999643441710979,0.719035245131169
Transformer,0.63,94779.8,24.2,11.8,19644.2,0.8283209816122492,0.6722222222222223,0.9997597155982307,0.8496540751505938,0.7502716019172357,0.8281635505853574,0.999643441710979,0.719035245131169
Transformer,0.64,94688.6,24.4,11.6,19735.4,0.8275239460253093,0.6777777777777778,0.999761394332985,0.8492559976366462,0.7526508619015436,0.8273650183470208,0.999643441710979,0.719035245131169
Transformer,0.65,94446.0,24.8,11.2,19978.0,0.8254037614486471,0.6888888888888889,0.9997857930199563,0.8481913459692386,0.757146325168768,0.8252420059409401,0.999643441710979,0.719035245131169
Transformer,0.66,93999.6,25.2,10.8,20424.4,0.8215024819967839,0.7,0.9997889388356149,0.8462087815497821,0.760751240998392,0.8213384588502534,0.999643441710979,0.719035245131169
Transformer,0.67,92649.6,25.2,10.8,21774.4,0.8097042578480039,0.7,0.9997879034652859,0.8401026365504596,0.754852128924002,0.8095439454831382,0.999643441710979,0.719035245131169
Transformer,0.68,89523.0,25.4,10.6,24901.0,0.7823795707194294,0.7055555555555555,0.9997830620171063,0.8243893306174602,0.7439675631374925,0.7822261051895859,0.999643441710979,0.719035245131169
Transformer,0.6900000000000001,86839.0,26.0,10.0,27585.0,0.7589229532265958,0.7222222222222222,0.9998044312981283,0.8101418919323594,0.740572587724409,0.7587716232745063,0.999643441710979,0.719035245131169
Transformer,0.7000000000000001,85289.0,26.2,9.8,29135.0,0.7453768440187373,0.7277777777777777,0.9998041939372182,0.8017713327711791,0.7365773108982576,0.7452280272584308,0.999643441710979,0.719035245131169
Transformer,0.71,84066.4,26.4,9.6,30357.6,0.7346920226525904,0.7333333333333333,0.9998051317843235,0.7950548704564656,0.7340126779929619,0.7345448191507951,0.999643441710979,0.719035245131169
Transformer,0.72,82411.2,26.6,9.4,32012.8,0.7202265259036565,0.7388888888888889,0.9998049922516501,0.7857076243983918,0.7295577073962727,0.7200821247597414,0.999643441710979,0.719035245131169
Transformer,0.73,80150.8,26.8,9.2,34273.2,0.7004719289659512,0.7444444444444445,0.9998071011399411,0.7707310651691865,0.7224581867051978,0.7003319937095929,0.999643441710979,0.719035245131169
Transformer,0.74,77210.4,26.8,9.2,37213.6,0.6747745228273788,0.7444444444444445,0.9998031585155616,0.7531793063595098,0.7096094836359116,0.6746426699283592,0.999643441710979,0.719035245131169
Transformer,0.75,73088.2,26.8,9.2,41335.8,0.6387488638747116,0.7444444444444445,0.9997970081837636,0.728154720465384,0.691596654159578,0.6386283417787874,0.999643441710979,0.719035245131169
Transformer,0.76,68678.0,26.8,9.2,45746.0,0.6002062504369713,0.7444444444444445,0.9997894576294938,0.6999389011863753,0.6723253474407078,0.6000978507775642,0.999643441710979,0.719035245131169
Transformer,0.77,66684.4,26.8,9.2,47739.6,0.5827833321680767,0.7444444444444445,0.9997854745975756,0.6864877923932428,0.6636138883062606,0.582680412371134,0.999643441710979,0.719035245131169
Transformer,0.78,63938.6,26.8,9.2,50485.4,0.5587866181919877,0.7444444444444445,0.9997785965878654,0.6660571943228085,0.651615531318216,0.5586912458500787,0.999643441710979,0.719035245131169
Transformer,0.79,60751.2,26.8,9.2,53672.8,0.5309305740054534,0.7444444444444445,0.9997688817043517,0.6410204186732532,0.6376875092249489,0.5308439629564914,0.999643441710979,0.719035245131169
Transformer,0.8,57862.0,27.0,9.0,56562.0,0.5056806264420052,0.75,0.9996412232275663,0.6086524644358149,0.6278403132210026,0.5056002096802377,0.999643441710979,0.719035245131169
Transformer,0.81,53748.8,27.4,8.6,60675.2,0.46973362231699645,0.7611111111111111,0.9995996622431138,0.5723102294334278,0.6154223667140537,0.4696610169491525,0.999643441710979,0.719035245131169
Transformer,0.8200000000000001,50164.2,28.2,7.8,64259.8,0.4384062784031322,0.7833333333333334,0.9996031423572613,0.5405108641365042,0.6108698058682328,0.4383365367814084,0.999643441710979,0.719035245131169
Transformer,0.8300000000000001,45827.8,28.2,7.8,68596.2,0.4005086345521918,0.7833333333333334,0.9995731228864256,0.49668914358920196,0.5919209839427626,0.4004508125109208,0.999643441710979,0.719035245131169
Transformer,0.84,42349.0,28.2,7.8,72075.0,0.3701059218345802,0.7833333333333334,0.9995290872565679,0.45710796905563084,0.5767196275839568,0.3700576620653503,0.999643441710979,0.719035245131169
Transformer,0.85,40663.0,28.6,7.4,73761.0,0.3553712507865483,0.7944444444444445,0.9995220072630344,0.44026356667232075,0.5749078476154964,0.3553241307006815,0.999643441710979,0.719035245131169
Transformer,0.86,36327.4,28.8,7.2,78096.6,0.31748059847584426,0.8,0.9994453792576767,0.39672095984882594,0.5587402992379221,0.3174436484361349,0.999643441710979,0.719035245131169
Transformer,0.87,32572.4,29.2,6.8,81851.6,0.2846640564916451,0.8111111111111111,0.9994577498973951,0.3734006365272303,0.5478875838013781,0.284633933251791,0.999643441710979,0.719035245131169
Transformer,0.88,27463.8,29.4,6.6,86960.2,0.24001782842760258,0.8166666666666667,0.975996087509707,0.31391919153775905,0.5283422475471345,0.24,0.999643441710979,0.719035245131169
Transformer,0.89,23839.8,29.6,6.4,90584.2,0.20834615115709992,0.8222222222222222,0.975273971205667,0.2859010223017695,0.515284186689661,0.20833653678140837,0.999643441710979,0.719035245131169
Transformer,0.9,19182.2,30.8,5.2,95241.8,0.16764140390127943,0.8555555555555555,0.9862279225022931,0.24531922596444825,0.5115984797284174,0.16763410798532236,0.999643441710979,0.719035245131169
Transformer,0.91,14702.6,31.6,4.4,99721.4,0.12849227434803887,0.8777777777777779,0.9677369008735095,0.1933347039326848,0.5031350260629084,0.12849030228900923,0.999643441710979,0.719035245131169
Transformer,0.92,12623.0,32.2,3.8,101801.0,0.11031776550374048,0.8944444444444445,0.9664280878821003,0.1718420443411987,0.5023811049740925,0.11031626769177005,0.999643441710979,0.719035245131169
Transformer,0.93,7824.0,32.8,3.2,106600.0,0.0683772635111515,0.9111111111111111,0.9372317471251153,0.10959979978722276,0.4897441873111313,0.0683837148348768,0.999643441710979,0.719035245131169
Transformer,0.9400000000000001,3525.8,33.0,3.0,110898.2,0.030813465706495142,0.9166666666666666,0.9187674138377542,0.053458651575600716,0.47374006618658093,0.030829984273982175,0.999643441710979,0.719035245131169
Transformer,0.9500000000000001,2822.6,34.6,1.4,111601.4,0.02466790183877508,0.961111111111111,0.514243158076054,0.04393016876105456,0.4928895064749431,0.024672374628691245,0.999643441710979,0.719035245131169
Transformer,0.96,997.6,36.0,0.0,113426.4,0.008718450674683633,1.0,0.2,0.016708538505342846,0.5043592253373419,0.008715708544469684,0.999643441710979,0.719035245131169
Transformer,0.97,0.0,36.0,0.0,114424.0,0.0,1.0,0.0,0.0,0.5,0.0,0.999643441710979,0.719035245131169
Transformer,0.98,0.0,36.0,0.0,114424.0,0.0,1.0,0.0,0.0,0.5,0.0,0.999643441710979,0.719035245131169
Transformer,0.99,0.0,36.0,0.0,114424.0,0.0,1.0,0.0,0.0,0.5,0.0,0.999643441710979,0.719035245131169
Transformer,1.0,0.0,36.0,0.0,114424.0,0.0,1.0,0.0,0.0,0.5,0.0,0.999643441710979,0.719035245131169
Transformer-DANN,0.0,114424.0,0.0,36.0,0.0,1.0,0.0,0.9996854796435436,0.9998427150871183,0.5,1.0,0.9989940302191707,0.5920758174275793
Transformer-DANN,0.01,114424.0,0.0,36.0,0.0,1.0,0.0,0.9996854796435436,0.9998427150871183,0.5,1.0,0.9989940302191707,0.5920758174275793
Transformer-DANN,0.02,114424.0,0.0,36.0,0.0,1.0,0.0,0.9996854796435436,0.9998427150871183,0.5,1.0,0.9989940302191707,0.5920758174275793
Transformer-DANN,0.03,114424.0,0.0,36.0,0.0,1.0,0.0,0.9996854796435436,0.9998427150871183,0.5,1.0,0.9989940302191707,0.5920758174275793
Transformer-DANN,0.04,114424.0,0.0,36.0,0.0,1.0,0.0,0.9996854796435436,0.9998427150871183,0.5,1.0,0.9989940302191707,0.5920758174275793
Transformer-DANN,0.05,114424.0,0.0,36.0,0.0,1.0,0.0,0.9996854796435436,0.9998427150871183,0.5,1.0,0.9989940302191707,0.5920758174275793
Transformer-DANN,0.06,114424.0,0.0,36.0,0.0,1.0,0.0,0.9996854796435436,0.9998427150871183,0.5,1.0,0.9989940302191707,0.5920758174275793
Transformer-DANN,0.07,114424.0,0.0,36.0,0.0,1.0,0.0,0.9996854796435436,0.9998427150871183,0.5,1.0,0.9989940302191707,0.5920758174275793
Transformer-DANN,0.08,114424.0,0.0,36.0,0.0,1.0,0.0,0.9996854796435436,0.9998427150871183,0.5,1.0,0.9989940302191707,0.5920758174275793
Transformer-DANN,0.09,114424.0,0.0,36.0,0.0,1.0,0.0,0.9996854796435436,0.9998427150871183,0.5,1.0,0.9989940302191707,0.5920758174275793
Transformer-DANN,0.1,114424.0,0.0,36.0,0.0,1.0,0.0,0.9996854796435436,0.9998427150871183,0.5,1.0,0.9989940302191707,0.5920758174275793
Transformer-DANN,0.11,114424.0,0.0,36.0,0.0,1.0,0.0,0.9996854796435436,0.9998427150871183,0.5,1.0,0.9989940302191707,0.5920758174275793
Transformer-DANN,0.12,114424.0,0.0,36.0,0.0,1.0,0.0,0.9996854796435436,0.9998427150871183,0.5,1.0,0.9989940302191707,0.5920758174275793
Transformer-DANN,0.13,114424.0,0.0,36.0,0.0,1.0,0.0,0.9996854796435436,0.9998427150871183,0.5,1.0,0.9989940302191707,0.5920758174275793
Transformer-DANN,0.14,114424.0,0.0,36.0,0.0,1.0,0.0,0.9996854796435436,0.9998427150871183,0.5,1.0,0.9989940302191707,0.5920758174275793
Transformer-DANN,0.15,114424.0,0.0,36.0,0.0,1.0,0.0,0.9996854796435436,0.9998427150871183,0.5,1.0,0.9989940302191707,0.5920758174275793
Transformer-DANN,0.16,114424.0,0.0,36.0,0.0,1.0,0.0,0.9996854796435436,0.9998427150871183,0.5,1.0,0.9989940302191707,0.5920758174275793
Transformer-DANN,0.17,114424.0,0.0,36.0,0.0,1.0,0.0,0.9996854796435436,0.9998427150871183,0.5,1.0,0.9989940302191707,0.5920758174275793
Transformer-DANN,0.18,114424.0,0.0,36.0,0.0,1.0,0.0,0.9996854796435436,0.9998427150871183,0.5,1.0,0.9989940302191707,0.5920758174275793
Transformer-DANN,0.19,114424.0,0.0,36.0,0.0,1.0,0.0,0.9996854796435436,0.9998427150871183,0.5,1.0,0.9989940302191707,0.5920758174275793
Transformer-DANN,0.2,114424.0,0.0,36.0,0.0,1.0,0.0,0.9996854796435436,0.9998427150871183,0.5,1.0,0.9989940302191707,0.5920758174275793
Transformer-DANN,0.21,114424.0,0.0,36.0,0.0,1.0,0.0,0.9996854796435436,0.9998427150871183,0.5,1.0,0.9989940302191707,0.5920758174275793
Transformer-DANN,0.22,114424.0,0.0,36.0,0.0,1.0,0.0,0.9996854796435436,0.9998427150871183,0.5,1.0,0.9989940302191707,0.5920758174275793
Transformer-DANN,0.23,114424.0,0.0,36.0,0.0,1.0,0.0,0.9996854796435436,0.9998427150871183,0.5,1.0,0.9989940302191707,0.5920758174275793
Transformer-DANN,0.24,114424.0,0.0,36.0,0.0,1.0,0.0,0.9996854796435436,0.9998427150871183,0.5,1.0,0.9989940302191707,0.5920758174275793
Transformer-DANN,0.25,114424.0,0.0,36.0,0.0,1.0,0.0,0.9996854796435436,0.9998427150871183,0.5,1.0,0.9989940302191707,0.5920758174275793
Transformer-DANN,0.26,114424.0,0.0,36.0,0.0,1.0,0.0,0.9996854796435436,0.9998427150871183,0.5,1.0,0.9989940302191707,0.5920758174275793
Transformer-DANN,0.27,114424.0,0.0,36.0,0.0,1.0,0.0,0.9996854796435436,0.9998427150871183,0.5,1.0,0.9989940302191707,0.5920758174275793
Transformer-DANN,0.28,114424.0,0.0,36.0,0.0,1.0,0.0,0.9996854796435436,0.9998427150871183,0.5,1.0,0.9989940302191707,0.5920758174275793
Transformer-DANN,0.29,114424.0,0.0,36.0,0.0,1.0,0.0,0.9996854796435436,0.9998427150871183,0.5,1.0,0.9989940302191707,0.5920758174275793
Transformer-DANN,0.3,114424.0,0.0,36.0,0.0,1.0,0.0,0.9996854796435436,0.9998427150871183,0.5,1.0,0.9989940302191707,0.5920758174275793
Transformer-DANN,0.31,114424.0,0.0,36.0,0.0,1.0,0.0,0.9996854796435436,0.9998427150871183,0.5,1.0,0.9989940302191707,0.5920758174275793
Transformer-DANN,0.32,114424.0,0.0,36.0,0.0,1.0,0.0,0.9996854796435436,0.9998427150871183,0.5,1.0,0.9989940302191707,0.5920758174275793
Transformer-DANN,0.33,114423.8,0.0,36.0,0.2,0.9999982521149409,0.0,0.9996854790939663,0.9998418411407922,0.49999912605747043,0.9999982526646864,0.9989940302191707,0.5920758174275793
Transformer-DANN,0.34,114423.8,0.2,35.8,0.2,0.9999982521149409,0.005555555555555555,0.9996872259102254,0.9998427148122433,0.5027769038352482,0.9999965053293727,0.9989940302191707,0.5920758174275793
Transformer-DANN,0.35000000000000003,114423.8,0.2,35.8,0.2,0.9999982521149409,0.005555555555555555,0.9996872259102254,0.9998427148122433,0.5027769038352482,0.9999965053293727,0.9989940302191707,0.5920758174275793
Transformer-DANN,0.36,114423.8,0.2,35.8,0.2,0.9999982521149409,0.005555555555555555,0.9996872259102254,0.9998427148122433,0.5027769038352482,0.9999965053293727,0.9989940302191707,0.5920758174275793
Transformer-DANN,0.37,114423.8,0.2,35.8,0.2,0.9999982521149409,0.005555555555555555,0.9996872259102254,0.9998427148122433,0.5027769038352482,0.9999965053293727,0.9989940302191707,0.5920758174275793
Transformer-DANN,0.38,114423.8,0.8,35.2,0.2,0.9999982521149409,0.02222222222222222,0.9996924665421469,0.9998453358724028,0.5111102371685815,0.9999912633234317,0.9989940302191707,0.5920758174275793
Transformer-DANN,0.39,114423.8,1.0,35.0,0.2,0.9999982521149409,0.02777777777777778,0.9996942134805049,0.9998462095743916,0.5138880149463594,0.999989515988118,0.9989940302191707,0.5920758174275793
Transformer-DANN,0.4,114423.8,1.0,35.0,0.2,0.9999982521149409,0.02777777777777778,0.9996942134805049,0.9998462095743916,0.5138880149463594,0.999989515988118,0.9989940302191707,0.5920758174275793
Transformer-DANN,0.41000000000000003,114423.8,1.0,35.0,0.2,0.9999982521149409,0.02777777777777778,0.9996942134805049,0.9998462095743916,0.5138880149463594,0.999989515988118,0.9989940302191707,0.5920758174275793
Transformer-DANN,0.42,114423.8,1.0,35.0,0.2,0.9999982521149409,0.02777777777777778,0.9996942134805049,0.9998462095743916,0.5138880149463594,0.999989515988118,0.9989940302191707,0.5920758174275793
Transformer-DANN,0.43,114423.8,1.0,35.0,0.2,0.9999982521149409,0.02777777777777778,0.9996942134805049,0.9998462095743916,0.5138880149463594,0.999989515988118,0.9989940302191707,0.5920758174275793
Transformer-DANN,0.44,114423.8,1.0,35.0,0.2,0.9999982521149409,0.02777777777777778,0.9996942134805049,0.9998462095743916,0.5138880149463594,0.999989515988118,0.9989940302191707,0.5920758174275793
Transformer-DANN,0.45,114423.8,1.0,35.0,0.2,0.9999982521149409,0.02777777777777778,0.9996942134805049,0.9998462095743916,0.5138880149463594,0.999989515988118,0.9989940302191707,0.5920758174275793
Transformer-DANN,0.46,114423.8,1.6,34.4,0.2,0.9999982521149409,0.044444444444444446,0.9996994542498043,0.9998488306727257,0.5222213482796927,0.9999842739821773,0.9989940302191707,0.5920758174275793
Transformer-DANN,0.47000000000000003,114423.8,2.4,33.6,0.2,0.9999982521149409,0.06666666666666667,0.9997064418658933,0.9998523254577817,0.5333324593908039,0.9999772846409225,0.9989940302191707,0.5920758174275793
Transformer-DANN,0.48,114423.8,2.8,33.2,0.2,0.9999982521149409,0.07777777777777777,0.9997099357426178,0.9998540728693962,0.5388880149463594,0.9999737899702954,0.9989940302191707,0.5920758174275793
Transformer-DANN,0.49,114421.6,3.2,32.8,2.4,0.9999790253792911,0.08888888888888888,0.9997134255267797,0.9998462064283204,0.54443395713409,0.9999510746112179,0.9989940302191707,0.5920758174275793
Transformer-DANN,0.5,114416.2,3.6,32.4,7.8,0.9999318324826959,0.09999999999999999,0.9997169102373873,0.9998243522244874,0.5499659162413479,0.9999004018871223,0.9989940302191707,0.5920758174275793
Transformer-DANN,0.51,114416.2,3.8,32.2,7.8,0.9999318324826959,0.10555555555555554,0.999718658000177,0.9998252259875013,0.5527436940191258,0.9998986545518085,0.9989940302191707,0.5920758174275793
Transformer-DANN,0.52,114416.2,4.0,32.0,7.8,0.9999318324826959,0.11111111111111112,0.9997204057935203,0.999826099758152,0.5555214717969036,0.9998969072164948,0.9989940302191707,0.5920758174275793
Transformer-DANN,0.53,114416.2,4.0,32.0,7.8,0.9999318324826959,0.11111111111111112,0.9997204057935203,0.999826099758152,0.5555214717969036,0.9998969072164948,0.9989940302191707,0.5920758174275793
Transformer-DANN,0.54,114416.2,4.0,32.0,7.8,0.9999318324826959,0.11111111111111112,0.9997204057935203,0.999826099758152,0.5555214717969036,0.9998969072164948,0.9989940302191707,0.5920758174275793
Transformer-DANN,0.55,114416.2,4.2,31.8,7.8,0.9999318324826959,0.11666666666666665,0.9997221527776727,0.9998269734754114,0.5582992495746814,0.9998951598811813,0.9989940302191707,0.5920758174275793
Transformer-DANN,0.56,114416.2,4.8,31.2,7.8,0.9999318324826959,0.13333333333333336,0.9997273946614591,0.9998295947111222,0.5666325829080147,0.9998899178752403,0.9989940302191707,0.5920758174275793
Transformer-DANN,0.5700000000000001,114416.2,6.2,29.8,7.8,0.9999318324826959,0.17222222222222222,0.9997396268026222,0.9998357110982751,0.5860770273524591,0.9998776865280448,0.9989940302191707,0.5920758174275793
Transformer-DANN,0.58,114416.2,6.4,29.6,7.8,0.9999318324826959,0.17777777777777776,0.9997413740004861,0.9998365848689804,0.5888548051302369,0.9998759391927312,0.9989940302191707,0.5920758174275793
Transformer-DANN,0.59,114416.2,6.4,29.6,7.8,0.9999318324826959,0.17777777777777776,0.9997413740004861,0.9998365848689804,0.5888548051302369,0.9998759391927312,0.9989940302191707,0.5920758174275793
Transformer-DANN,0.6,114416.2,6.6,29.4,7.8,0.9999318324826959,0.18333333333333332,0.9997431219466083,0.9998374586778164,0.5916325829080147,0.9998741918574174,0.9989940302191707,0.5920758174275793
Transformer-DANN,0.61,114416.2,7.2,28.8,7.8,0.9999318324826959,0.2,0.9997483659683282,0.9998400801501489,0.599965916241348,0.9998689498514765,0.9989940302191707,0.5920758174275793
Transformer-DANN,0.62,114416.2,7.2,28.8,7.8,0.9999318324826959,0.2,0.9997483659683282,0.9998400801501489,0.599965916241348,0.9998689498514765,0.9989940302191707,0.5920758174275793
Transformer-DANN,0.63,114414.0,7.6,28.4,10.0,0.9999126057470461,0.2111111111111111,0.9997518538906597,0.9998322136710373,0.6055118584290786,0.9998462344923992,0.9989940302191707,0.5920758174275793
Transformer-DANN,0.64,114414.0,8.4,27.6,10.0,0.9999126057470461,0.23333333333333334,0.9997588421934427,0.999835708463673,0.6166229695401897,0.9998392451511446,0.9989940302191707,0.5920758174275793
Transformer-DANN,0.65,91537.6,8.8,27.2,22886.4,0.7999860169195274,0.24444444444444446,0.901454109171277,0.7999815957760263,0.5222152306819858,0.7999720426349817,0.9989940302191707,0.5920758174275793
Transformer-DANN,0.66,91537.6,9.0,27.0,22886.4,0.7999860169195274,0.25,0.9014558563996742,0.7999824695543672,0.5249930084597637,0.799970295299668,0.9989940302191707,0.5920758174275793
Transformer-DANN,0.67,91537.6,9.0,27.0,22886.4,0.7999860169195274,0.25,0.9014558563996742,0.7999824695543672,0.5249930084597637,0.799970295299668,0.9989940302191707,0.5920758174275793
Transformer-DANN,0.68,91537.6,9.2,26.8,22886.4,0.7999860169195274,0.25555555555555554,0.9014576032311996,0.7999833432334538,0.5277707862375415,0.7999685479643543,0.9989940302191707,0.5920758174275793
Transformer-DANN,0.6900000000000001,91537.6,9.4,26.6,22886.4,0.7999860169195274,0.2611111111111111,0.9014593500932488,0.7999842169201747,0.5305485640153192,0.7999668006290407,0.9989940302191707,0.5920758174275793
Transformer-DANN,0.7000000000000001,91537.6,9.6,26.4,22886.4,0.7999860169195274,0.26666666666666666,0.9014610969858226,0.79998509061453,0.533326341793097,0.799965053293727,0.9989940302191707,0.5920758174275793
Transformer-DANN,0.71,91536.8,9.8,26.2,22887.2,0.799979025379291,0.27222222222222225,0.9014628427482189,0.7999824682103072,0.5361006238007566,0.7999563166171588,0.9989940302191707,0.5920758174275793
Transformer-DANN,0.72,91536.8,9.8,26.2,22887.2,0.799979025379291,0.27222222222222225,0.9014628427482189,0.7999824682103072,0.5361006238007566,0.7999563166171588,0.9989940302191707,0.5920758174275793
Transformer-DANN,0.73,91536.8,10.4,25.6,22887.2,0.799979025379291,0.28888888888888886,0.9014680843418335,0.7999850894995164,0.54443395713409,0.799951074611218,0.9989940302191707,0.5920758174275793
Transformer-DANN,0.74,91536.6,10.6,25.4,22887.4,0.799977277494232,0.2944444444444444,0.9014698315089568,0.7999850890488422,0.5472108609693382,0.7999475799405906,0.9989940302191707,0.5920758174275793
Transformer-DANN,0.75,91536.4,10.8,25.2,22887.6,0.799975529609173,0.3,0.9014715786456728,0.799985088888469,0.5499877648045864,0.7999440852699633,0.9989940302191707,0.5920758174275793
Transformer-DANN,0.76,91536.4,10.8,25.2,22887.6,0.799975529609173,0.3,0.9014715786456728,0.799985088888469,0.5499877648045864,0.7999440852699633,0.9989940302191707,0.5920758174275793
Transformer-DANN,0.77,91536.4,11.4,24.6,22887.6,0.799975529609173,0.31666666666666665,0.9014768210637303,0.7999877103609312,0.5583210981379197,0.7999388432640224,0.9989940302191707,0.5920758174275793
Transformer-DANN,0.78,91535.4,11.8,24.2,22888.6,0.7999667901838775,0.3277777777777778,0.9014803152453679,0.7999850880865608,0.5638722839808277,0.7999266119168269,0.9989940302191707,0.5920758174275793
Transformer-DANN,0.79,69815.8,11.8,24.2,44608.2,0.6101499685380689,0.3277777777777778,0.9010896253096019,0.6193549371946412,0.4689638731579234,0.6101694915254237,0.9989940302191707,0.5920758174275793
Transformer-DANN,0.8,68657.6,12.8,23.2,45766.4,0.6000279661609452,0.3555555555555555,0.8436135396625376,0.6001004155693963,0.47779176085825037,0.6000419360475275,0.9989940302191707,0.5920758174275793
Transformer-DANN,0.81,68657.6,13.6,22.4,45766.4,0.6000279661609452,0.37777777777777777,0.8436205286681749,0.6001039105452886,0.48890287196936144,0.600034946706273,0.9989940302191707,0.5920758174275793
Transformer-DANN,0.8200000000000001,68657.6,13.8,22.2,45766.4,0.6000279661609452,0.3833333333333333,0.8436222756828553,0.6001047842701828,0.4916806497471393,0.6000331993709593,0.9989940302191707,0.5920758174275793
Transformer-DANN,0.8300000000000001,68657.6,14.2,21.8,45766.4,0.6000279661609452,0.39444444444444443,0.8436257698038021,0.6001065317428761,0.49723620530269486,0.600029704700332,0.9989940302191707,0.5920758174275793
Transformer-DANN,0.84,45780.0,16.0,20.0,68644.0,0.4000908900230721,0.4444444444444445,0.7627563886498216,0.40026201835332886,0.4222676672337583,0.4001397868250917,0.9989940302191707,0.5920758174275793
Transformer-DANN,0.85,45779.2,16.8,19.2,68644.8,0.40008389848283576,0.4666666666666667,0.7622183331838357,0.40024979282127476,0.43337528257475116,0.40012580814258253,0.9989940302191707,0.5920758174275793
Transformer-DANN,0.86,45767.4,18.8,17.2,68656.6,0.39998077326435016,0.5222222222222223,0.5015869071583837,0.400045382320162,0.4611014977432862,0.40000524200594095,0.9989940302191707,0.5920758174275793
Transformer-DANN,0.87,45766.6,19.6,16.4,68657.4,0.39997378172411385,0.5444444444444445,0.4946861523518907,0.40003228379516126,0.47220911308427915,0.39999126332343177,0.9989940302191707,0.5920758174275793
Transformer-DANN,0.88,45761.2,20.8,15.2,68662.8,0.3999265888275187,0.5777777777777777,0.3999510576277038,0.39993881881310356,0.48885218330264824,0.3999336012580815,0.9989940302191707,0.5920758174275793
Transformer-DANN,0.89,45761.2,24.2,11.8,68662.8,0.3999265888275187,0.6722222222222223,0.3999510576277038,0.39993881881310356,0.5360744055248705,0.39990389655774944,0.9989940302191707,0.5920758174275793
Transformer-DANN,0.9,45761.2,25.8,10.2,68662.8,0.3999265888275187,0.7166666666666666,0.39995630224537154,0.3999414403999871,0.5582966277470927,0.39988991787524025,0.9989940302191707,0.5920758174275793
Transformer-DANN,0.91,45761.2,31.4,4.6,68662.8,0.3999265888275187,0.8722222222222221,0.39997203371584866,0.3999493052066694,0.6360744055248705,0.39984099248645816,0.9989940302191707,0.5920758174275793
Transformer-DANN,0.92,45761.0,33.0,3.0,68663.0,0.3999248409424596,0.9166666666666666,0.39997902391201834,0.3999519267249504,0.6582957538045632,0.3998252664686353,0.9989940302191707,0.5920758174275793
Transformer-DANN,0.93,45759.2,33.2,2.8,68664.8,0.3999091099769279,0.9222222222222222,0.39997902281222963,0.3999440608641218,0.6610656660995751,0.39980779311549886,0.9989940302191707,0.5920758174275793
Transformer-DANN,0.9400000000000001,45752.8,34.0,2.0,68671.2,0.3998531776550374,0.9444444444444444,0.39998251552621145,0.39991783612565746,0.6721488110497409,0.3997448890442076,0.9989940302191707,0.5920758174275793
Transformer-DANN,0.9500000000000001,45752.8,34.0,2.0,68671.2,0.3998531776550374,0.9444444444444444,0.39998251552621145,0.39991783612565746,0.6721488110497409,0.3997448890442076,0.9989940302191707,0.5920758174275793
Transformer-DANN,0.96,45752.8,34.0,2.0,68671.2,0.3998531776550374,0.9444444444444444,0.39998251552621145,0.39991783612565746,0.6721488110497409,0.3997448890442076,0.9989940302191707,0.5920758174275793
Transformer-DANN,0.97,45752.8,34.2,1.8,68671.2,0.3998531776550374,0.95,0.3999842638849357,0.3999187100261437,0.6749265888275187,0.3997431417088939,0.9989940302191707,0.5920758174275793
Transformer-DANN,0.98,45752.8,34.2,1.8,68671.2,0.3998531776550374,0.95,0.3999842638849357,0.3999187100261437,0.6749265888275187,0.3997431417088939,0.9989940302191707,0.5920758174275793
Transformer-DANN,0.99,22876.4,35.0,1.0,91547.6,0.1999265888275187,0.9722222222222221,0.19999125774782098,0.1999589180590094,0.5860744055248704,0.1998724445221038,0.9989940302191707,0.5920758174275793
Transformer-DANN,1.0,0.0,36.0,0.0,114424.0,0.0,1.0,0.0,0.0,0.5,0.0,0.9989940302191707,0.5920758174275793
