tree
version=v4
num_class=1
num_tree_per_iteration=1
label_index=0
max_feature_idx=3
objective=binary sigmoid:1
feature_names=Column_0 Column_1 Column_2 Column_3
feature_infos=[-1.4407119974329696:4.0239070768908478] [-1.1758202422977473:0.90576991017437736] [-1.6461145866602198:12.939375389517668] [-0.69456008730491714:13.165539869721163]
tree_sizes=3446 3553 3560 3564 3550 3568 3572 3567 3570 3562 3563 3567 3555 3571 3564 3564 3542 3542 3546 3536 3542 3541 3537 3543 3560 3553 3541 3549 3554 3561 3568 3569 3569 3570 3576 3552 3556 3570 3563 3574 3570 3567 3562 3559 3569 3570 3549 3568 3572 3571 3561 3555 3578 3587 3567 3557 3565 3556 3570 3560 3584 3574 3560 3572 3544 3595 3527 3581 3584 3585 3591 3604 3580 3605 3585 3583 3602 3588 3585 3589 3535 3592 3596 3612 3588 3595 3562 3560 3565 3567 3549 3551 3587 3529 3559 3589 3503 3555 3517 3553 3552 3528 3547 3510 3579 3518 3535 3502 3556 3535 3525 3558 3501 3522 3518 3575 3558 3515 3517 3512 3562 3563 3542 3524 3530 3496 3540 3467 3504 3559 3538 3523 3534 3547 3533 3509 3581 3528 3542 3551 3573 3521 3483 3534 3548 3576 3537 3559 3549 3555 3496 3519 3532 3511 3522 3476 3540 3538 3566 3494 3528 3543 3525 3517 3537 3573 3509 3570 3543 3539 3541 3545 3533 3545 3540 3524 3521 3571 3531 3474 3539 3518 3565 3527 3577 3527 3535 3545 3589 3515 3566 3513 3517 3533 3523 3501 3535 3540 3482 3546

Tree=0
num_leaves=31
num_cat=0
split_feature=3 1 1 1 1 0 1 2 1 3 0 3 3 3 3 1 2 1 3 3 2 1 1 3 3 2 1 0 0 2
split_gain=2.93718e+06 1.67074e+06 392239 368193 197756 99263.5 445954 101173 93506.6 52820.1 37882.6 33816.9 33582.3 33197.8 250209 28898.5 22963.4 21901.6 18320.7 15866.3 11822.7 10295 9171.06 6872.4 6796.56 6443.21 5566.54 18283.3 3434.96 5858.37
threshold=2.2178256005370165 0.26971789134358293 -0.3655985187638065 -0.060538756366212566 0.21358138209946523 0.77615730216745715 0.25671215759325344 3.3971894388878914 0.6437191950917095 4.3491450911238507 0.81992422886425576 1.7867589845313252 3.8960051191118263 2.3869707522783354 2.424076018411276 0.043078627971054807 8.4921764472094434 0.72828833234014589 2.3342600632105683 1.0858476682246934 1.8215371970912557 0.40960982673467899 -0.22965147303415712 2.0130234995999845 1.6737215082293864 1.5447018760744757 0.40960982673467899 1.0000000180025095e-35 1.3409395388167957 3.9404568368205912
decision_type=2 2 2 2 2 2 2 2 2 2 2 2 2 2 2 2 2 2 2 2 2 2 2 2 2 2 2 2 2 2
left_child=1 3 12 -1 11 6 7 22 20 -9 24 -5 28 18 15 -15 -16 21 -7 -10 26 -8 -4 25 -6 -21 -3 -28 29 -2
right_child=2 8 5 4 10 13 17 9 19 -11 -12 -13 -14 14 16 -17 -18 -19 -20 23 -22 -23 -24 -25 -26 -27 27 -29 -30 -31
leaf_value=0.79849321099826731 0.94136937187871639 1.0358354079889118 1.0411836347732437 1.0284732651385085 0.85001017365815179 1.0186854470108728 0.9527955558358544 0.79780511398485598 1.0306738830254361 0.98175778027302818 0.92008187215816262 0.92810656901349298 0.79592934633443257 0.84626430995089486 1.0236655381480708 0.93647977685378903 0.88807501598662775 0.87705172104888596 1.0411997004051501 0.89437646699144113 0.9011189015797535 1.0247884187329481 0.90510627774702501 1.0095420084993112 0.88005674912955201 0.81284188391024259 1.0258852794587234 0.84355242402901387 1.0306802126705665 0.79350777472121192
leaf_weight=268984.39282974601 4109.6366182565689 141352.83397391438 6314.2978662550449 23514.794688463211 123044.73317062855 131414.44632983208 5098.8388083279133 35348.008977860212 2097.4031549692154 4386.6371108293533 26053.169891953468 13050.265304177999 21367.841876417398 19394.412361443043 712760.67334887385 16368.500371456146 3136.3539967238903 2608.02331584692 289222.14433452487 9091.0686086118221 1713.542558580637 190312.67103615403 1540.2182561159134 989.99816849827766 22219.538793236017 3303.5094663798809 9187.5809928774834 1616.8311797082424 772.69605794548988 800.35630828142166
leaf_count=1351717 20652 710335 31731 118168 618332 660392 25623 177633 10540 22044 130924 65581 107379 97462 3581809 82256 15761 13106 1453417 45685 8611 956371 7740 4975 111659 16601 46170 8125 3883 4022
internal_value=0.973637 0.885028 1.01326 0.837117 0.887093 1.01686 0.98796 0.850526 1.01994 0.818113 0.864563 0.992652 0.824659 1.02292 1.01662 0.887555 1.02307 1.02099 1.03417 0.902808 1.03172 1.02291 1.0145 0.882771 0.854606 0.872645 1.03319 0.9986 0.932688 0.917267
internal_weight=2.09118e+06 646220 1.44496e+06 476867 207883 1.41791e+06 245609 47589.2 169353 39734.6 171317 36565.1 27050.5 1.1723e+06 751660 35762.9 715897 198020 420637 15482 153871 195412 7854.52 13384.6 145264 12394.6 152157 10804.4 5682.69 4909.99
internal_count=10508704 3247423 7261281 2396381 1044664 7125345 1234248 239148 851042 199677 860915 183749 135936 5891097 3777288 179718 3597570 995100 2113809 77801 773241 981994 39471 67261 729991 62286 764630 54295 28557 24674
is_linear=0
shrinkage=1


Tree=1
num_leaves=31
num_cat=0
split_feature=3 1 1 1 1 0 1 1 2 3 3 2 3 0 3 0 3 1 3 3 2 1 1 3 1 0 3 2 0 2
split_gain=2.59299e+06 1.39572e+06 344145 280206 165133 93810.3 391725 85729.7 82457.4 41503.3 32199 228689 30946 30204.7 25887.2 23714.8 22660.5 19783.2 17956.1 13682.1 10905.5 9647.08 8440.75 5791.5 5369.94 16138.2 5298 5015.86 3046.99 4702.78
threshold=2.2178256005370165 0.26971789134358293 -0.3655985187638065 -0.060538756366212566 0.21358138209946523 0.77615730216745715 0.25671215759325344 0.6437191950917095 3.3971894388878914 4.3491450911238507 2.4106851088030226 2.5611863177758649 1.7867589845313252 0.81992422886425576 3.8960051191118263 0.94719974010471397 3.4107891595359914 0.72828833234014589 2.3342600632105683 1.0858476682246934 1.8215371970912557 0.40960982673467899 -0.22965147303415712 2.0130234995999845 0.40960982673467899 0.010501662944753633 1.6737215082293864 1.5447018760744757 1.3409395388167957 3.9404568368205912
decision_type=2 2 2 2 2 2 2 2 2 2 2 2 2 2 2 2 2 2 2 2 2 2 2 2 2 2 2 2 2 2
left_child=1 3 14 -1 12 6 8 20 22 -10 18 15 -5 26 28 -12 -13 21 -7 -9 24 -8 -4 27 -3 -26 -6 -21 29 -2
right_child=2 7 5 4 13 10 17 19 9 -11 11 16 -14 -15 -16 -17 -18 -19 -20 23 -22 -23 -24 -25 25 -27 -28 -29 -30 -31
leaf_value=-0.15438334251777719 -0.030205017628646282 0.060864269894765378 0.066270897550176247 0.053468153012517353 -0.11125058039096616 0.043717286944883554 -0.019610267082416005 0.055673330922302679 -0.15494826675231524 0.0077444003992992718 -0.035030533067893131 0.056611541326145237 -0.042367834338529184 -0.049658170418268255 -0.15648679288635794 -0.11447581774850607 0.038565751190722412 -0.087904713484682151 0.066272999897937168 -0.072673287164874201 -0.066685386683085268 0.049786297173387117 -0.063128049730714009 0.034691648293993869 0.050676214136892356 -0.11787621624992389 -0.085278476752641927 -0.14253815029103692 0.055679674689619152 -0.15846990239754122
leaf_weight=289310.82629214227 4169.103752553463 137332.09622509778 6119.0555292069912 22925.900980591774 129708.71617281437 128715.80729281902 5146.6176732927561 2042.7462595701218 38029.081856220961 4370.5178815126419 17349.687871858478 371882.51188054681 13315.894837975502 26675.72785449028 23004.880122765899 20483.536537274718 326869.15839582682 2719.1943868994713 280554.04761534929 9410.5211538821459 1768.7275436520576 185869.90980494022 1587.1409118175507 973.82332533597946 8990.7498771548271 1686.5098033994436 23137.945038989186 3533.7057331353426 752.55786921083927 862.46187004446983
leaf_count=1351717 20652 710335 31731 118168 618332 660392 25623 10540 177633 22044 85956 1912463 65581 130924 107379 97504 1679996 13106 1454786 45685 8611 956371 7740 4975 46276 8019 111659 16601 3883 4022
internal_value=9.21298e-05 -0.0809073 0.0383974 -0.122222 -0.0790973 0.0419422 0.0137813 0.044995 -0.110833 -0.138178 0.0479349 0.0416872 0.0182563 -0.098751 -0.132712 -0.0780435 0.0481699 0.0460102 0.0591792 -0.0651641 0.0567338 0.0479165 0.0396203 -0.0828994 0.0582087 0.0240528 -0.107319 -0.091746 -0.0381562 -0.0521909
internal_weight=2.0893e+06 670814 1.41849e+06 505075 215764 1.3897e+06 243842 165739 50105.8 42399.6 1.14585e+06 736585 36241.8 179522 28789 37833.2 698752 193736 409270 15960.8 149778 191017 7706.2 13918.1 148009 10677.3 152847 12944.2 5784.12 5031.57
internal_count=10508704 3247423 7261281 2396381 1044664 7125345 1234248 851042 239148 199677 5891097 3775919 183749 860915 135936 183460 3592459 995100 2115178 77801 773241 981994 39471 67261 764630 54295 729991 62286 28557 24674
is_linear=0
shrinkage=0.05


Tree=2
num_leaves=31
num_cat=0
split_feature=3 1 1 1 1 0 1 1 2 3 3 2 3 0 3 3 0 1 2 3 3 2 1 1 1 0 3 3 2 3
split_gain=2.30846e+06 1.18799e+06 305620 224144 139856 88492.6 347847 78870.4 68963.7 33824.2 31273 207972 28362.7 24767.8 21971.3 20825.6 19634.8 19550.9 32109.6 17689.1 11914.4 10132.2 9858.26 7792.69 5726.33 16039.9 4943.7 4292.16 4073.95 2990.81
threshold=2.2178256005370165 0.26971789134358293 -0.3655985187638065 -0.060538756366212566 0.21358138209946523 0.77615730216745715 0.25671215759325344 0.6437191950917095 3.3971894388878914 4.3491450911238507 2.4106851088030226 2.5611863177758649 1.7867589845313252 0.81992422886425576 3.4107891595359914 3.8960051191118263 0.94719974010471397 0.64849074711543175 2.2964851596084146 2.3342600632105683 1.0858476682246934 1.8422784551468376 0.41597567765674004 -0.22965147303415712 0.40960982673467899 1.0000000180025095e-35 2.0130234995999845 1.6737215082293864 1.5447018760744757 1.898141889079181
decision_type=2 2 2 2 2 2 2 2 2 2 2 2 2 2 2 2 2 2 2 2 2 2 2 2 2 2 2 2 2 2
left_child=1 3 15 -1 12 6 8 21 23 -10 19 16 -5 27 -13 -2 -12 22 -19 -7 -9 24 -8 -4 -3 -26 28 -6 -22 -14
right_child=2 7 5 4 13 10 17 20 9 -11 11 14 29 -15 -16 -17 -18 18 -20 -21 26 -23 -24 -25 25 -27 -28 -29 -30 -31
leaf_value=-0.13883790615397704 -0.035691020634391384 0.059603095519192462 0.065093358364349596 0.052159993106925574 -0.1012258312793593 0.042431262670500763 -0.016337573787388406 0.054374552118779368 -0.1393274310123139 0.0073839219220982943 -0.032766416426345084 0.055308614252875303 -0.16655111787621968 -0.046175970506783549 0.037337444796480865 -0.14066037292443623 -0.10405789711986935 0.039275619242369886 -0.12015709910211853 0.065095339762831356 -0.066986798965435676 -0.08026814020308308 0.051521682889713809 -0.058395223337221393 0.049865046271256298 -0.10918801117084298 0.033516183695262068 -0.078254315190108184 -0.12855877192752638 -0.035171484562014944
leaf_weight=305167.87716203928 5867.0279751271009 133324.64626215398 5923.2301943153143 22340.787797093391 135271.5225507617 126054.53304302692 5526.8183900713921 1988.3503949642181 40118.619684800506 4355.0956892967224 17614.015707552433 361866.46263469756 447.98789937794209 27237.834621429443 320895.13509047031 24277.356412902474 21382.476959779859 10072.113954082131 4600.5370726436377 271575.93890866637 9691.2371192872524 1362.0736609250307 169274.73598435521 1628.8526174426079 9061.0629448592663 1921.1935372501612 957.98690058290958 23932.238150507212 3716.876910969615 13109.692963153124
leaf_count=1351717 28557 710380 31731 118168 618332 660392 27392 10540 177633 22044 85956 1912463 2167 130924 1679996 107379 97504 52158 23440 1454786 45685 6453 892110 7740 47634 8774 4975 111659 16601 63414
internal_value=0.00015996 -0.0746453 0.0372407 -0.111018 -0.072834 0.0407288 0.0132787 0.0437745 -0.101239 -0.124961 0.046651 0.0404479 0.0175382 -0.0902347 0.0468622 -0.12023 -0.0718568 0.0447228 -0.0107137 0.0579105 -0.0603382 0.0554634 0.0493761 0.038459 0.0567445 0.0220409 -0.0762151 -0.0977726 -0.0840552 -0.0395127
internal_weight=2.08056e+06 689531 1.39103e+06 527508 222340 1.36089e+06 241500 162023 52025.8 44473.7 1.11939e+06 721758 35898.5 186442 682762 30144.4 38996.5 189474 14672.7 397630 16354.5 145669 174802 7552.08 144307 10982.3 14366.1 159204 13408.1 13557.7
internal_count=10508704 3247423 7261281 2396381 1044664 7125345 1234248 851042 239148 199677 5891097 3775919 183749 860915 3592459 135936 183460 995100 75598 2115178 77801 773241 919502 39471 766788 56408 67261 729991 62286 65581
is_linear=0
shrinkage=0.05


Tree=3
num_leaves=31
num_cat=0
split_feature=3 1 1 1 1 0 1 1 2 3 2 3 3 2 0 0 1 2 3 3 3 2 1 1 1 0 3 0 1 0
split_gain=2.06859e+06 1.02563e+06 273726 186270 119791 83326.6 311402 72761.1 58797.1 30410.3 185944 28328 26027.3 21497.3 20773.5 18581.1 18364.6 27818.2 17542.9 17382.9 10456.1 9371.5 9294 7234.38 4983.68 12848.3 4263.11 3794.69 3680.3 2676.26
threshold=2.2178256005370165 0.26971789134358293 -0.3655985187638065 -0.060538756366212566 0.21358138209946523 0.77615730216745715 0.25671215759325344 0.6437191950917095 3.3971894388878914 2.3568168407793313 2.5611863177758649 4.3491450911238507 1.7867589845313252 8.4921764472094434 0.81992422886425576 1.0411545970550968 0.64849074711543175 2.2964851596084146 2.3342600632105683 3.8960051191118263 1.0858476682246934 1.8215371970912557 0.40960982673467899 -0.24833549022438586 0.40960982673467899 1.0000000180025095e-35 2.0130234995999845 0.75609560439830281 0.77090001566801269 1.3409395388167957
decision_type=2 2 2 2 2 2 2 2 2 2 2 2 2 2 2 2 2 2 2 2 2 2 2 2 2 2 2 2 2 2
left_child=1 3 19 -1 12 6 8 21 23 18 15 -10 -5 -12 27 -11 22 -18 -7 29 -9 24 -8 -4 -3 -26 28 -6 -22 -2
right_child=2 7 5 4 14 9 16 20 11 10 13 -13 -14 -15 -16 -17 17 -19 -20 -21 26 -23 -24 -25 25 -27 -28 -29 -30 -31
leaf_value=-0.12673793916135664 -0.046084648817975971 0.058423803583096096 0.064885521464952578 0.050905218007881642 -0.0052951987079372584 0.041186590236548415 -0.017521785884196669 0.053133297229389934 -0.12717946368331384 -0.027627895604661397 0.046219608470567532 0.0070391857014597591 -0.036918732844563124 -0.084708767932469675 -0.043043129087984161 -0.095442139542084192 0.038042391403635321 -0.10819415954235448 0.064050775064693352 -0.12838199870021008 -0.095327746635004859 -0.05726719205341009 0.050190514916424678 -0.051526397206566411 0.048303144144182956 -0.097091009235490744 0.032376729936947256 -0.09049610767931153 -0.040059126031611249 0.055209938351392485
leaf_weight=317246.54213701189 5207.9496664106846 129320.91447182 5646.0630710721016 21761.700209498405 1317.4083786010742 123438.00403618813 5227.9353259652853 1934.4368562102318 41708.222398862243 18592.496804103255 663834.83569808304 4340.3465550541878 13776.828287422657 3150.0076549947262 27745.602423965931 22117.260815814137 9883.5494429916143 4846.8481066823006 261876.84453293681 25241.982091203332 9355.3619654923677 1858.7359719127417 165302.79377815127 1747.6965743601322 8536.0838145017624 1848.5190096795559 942.51662008464336 163181.46137955785 4442.3489527851343 745.40240494906902
leaf_count=1351717 24674 710335 31278 118168 5968 660392 25623 10540 177633 89953 3576756 22044 65581 15761 130924 97477 52158 23440 1450758 107379 41893 8611 893879 8193 46170 8125 4975 724023 20393 3883
internal_value=0.000211281 -0.0694346 0.036149 -0.10197 -0.0674737 0.0395785 0.0128152 0.0426275 -0.0935135 0.0454234 0.0392694 -0.114529 0.0168595 0.0456013 -0.0830636 -0.0644708 0.0434879 -0.0100749 0.0567261 -0.110256 -0.0561621 0.0542638 0.0481147 0.0373687 0.0557477 0.0224221 -0.0705055 -0.0898138 -0.0775333 -0.0334018
internal_weight=2.06618e+06 703268 1.36291e+06 545030 227783 1.33171e+06 238703 158239 53442.3 1.09301e+06 707695 46048.6 35538.5 666985 192244 40709.8 185261 14730.4 385315 31195.3 16674.7 141564 170531 7393.76 139706 10384.6 14740.2 164499 13797.7 5953.35
internal_count=10508704 3247423 7261281 2396381 1044664 7125345 1234248 851042 239148 5891097 3779947 199677 183749 3592517 860915 187430 995100 75598 2111150 135936 77801 773241 919502 39471 764630 54295 67261 729991 62286 28557
is_linear=0
shrinkage=0.05


Tree=4
num_leaves=31
num_cat=0
split_feature=3 1 1 1 1 0 1 1 2 3 2 2 3 3 0 3 1 2 3 0 3 1 2 1 1 0 1 3 3 2
split_gain=1.86321e+06 895328 246777 159535 103735 78333 280519 67267.3 50878.7 29625.8 173702 25046.8 24231.6 21829.2 18616 17351.6 17245.4 24331 14886.3 14121.9 9228 8777.2 8723 6724.1 5287.47 13001.2 4287.39 3702.88 3629.95 3225.41
threshold=2.2178256005370165 0.26971789134358293 -0.3655985187638065 -0.060538756366212566 0.090576965594080613 0.77615730216745715 0.25671215759325344 0.6437191950917095 3.3971894388878914 2.4106851088030226 2.5611863177758649 1.8611078034149988 4.3491450911238507 3.4107891595359914 0.81992422886425576 2.3342600632105683 0.64849074711543175 2.2964851596084146 3.8960051191118263 0.94719974010471397 1.0858476682246934 0.41597567765674004 1.8422784551468376 -0.24833549022438586 0.40960982673467899 0.010501662944753633 0.078424753846921769 2.0130234995999845 1.6737215082293864 1.5585302692875791
decision_type=2 2 2 2 2 2 2 2 2 2 2 2 2 2 2 2 2 2 2 2 2 2 2 2 2 2 2 2 2 2
left_child=1 3 18 -1 11 6 8 22 23 15 19 -5 -10 -12 28 -7 21 -18 -2 -11 -9 -8 24 -4 -3 -26 -13 29 -6 -22
right_child=2 7 5 4 14 9 16 20 12 10 13 26 -14 -15 -16 -17 17 -19 -20 -21 27 -23 -24 -25 25 -27 -28 -29 -30 -31
leaf_value=-0.1170399106742033 -0.031329320599373822 0.057294238896853401 0.063891949352658253 0.052146950858767631 -0.086055994702561173 0.039979606945390322 -0.014651427105551052 0.051942834097654135 -0.11745040547839443 -0.028978317016850254 0.053047302532734299 -0.029192313550435053 0.0067095977597706139 0.034714488703083246 -0.039442351836714427 0.062997794549834271 0.036846492419615379 -0.098455558446185545 -0.11856904979543992 -0.088211071270312677 -0.057141705712724603 0.04904284033136401 -0.069626116507352634 -0.04800356176504892 0.047296825052293809 -0.093551118126525251 -0.1548770274307813 0.031271223693907772 -0.065751151083886905 -0.1106227745574921
leaf_weight=326107.27662165463 6025.5358840227127 125373.85270945728 5452.0891144573689 20783.464050918818 143577.0872887522 120872.34113025665 5597.0891246795654 1881.1926996707916 42872.152489989996 18057.806466251612 343536.97198241949 12415.342210292816 4326.2455142140388 307910.58797757328 28766.268274366856 253746.67273497581 9698.8750010430813 5054.1862051188946 25944.652016758919 22727.047492310405 10242.237695783377 160719.2682261765 1432.2036981582642 1781.2506122142076 8658.1753370761871 2020.8144295066595 717.7558837980032 927.43457555770874 25996.470073997974 3889.8946061879396
leaf_count=1351717 28557 710380 31278 115898 618372 660392 27392 10540 177633 85956 1912463 58344 22044 1679996 133564 1454786 52158 23440 107379 97504 45933 892110 6453 8193 47740 8668 3287 4975 115199 16353
internal_value=0.000250127 -0.0650148 0.0351144 -0.0944849 -0.0628158 0.0384834 0.0123838 0.0415415 -0.0871456 0.0442447 0.0381152 0.0179911 -0.10607 0.0443822 -0.076634 0.0555709 0.0423036 -0.00950604 -0.102127 -0.0619853 -0.0524683 0.0468993 0.0531253 0.0363371 0.0544175 0.0206438 -0.0360613 -0.065511 -0.0829432 -0.0718625
internal_weight=2.04711e+06 712789 1.33432e+06 558364 232256 1.30235e+06 235501 154426 54431.7 1.06685e+06 692232 33916.6 47198.4 651448 198340 374619 181069 14753.1 31970.2 40784.9 16940.8 166316 137485 7233.34 136053 10679 13133.1 15059.6 169574 14132.1
internal_count=10508704 3247423 7261281 2396381 1044664 7125345 1234248 851042 239148 5891097 3775919 177529 199677 3592459 867135 2115178 995100 75598 135936 183460 77801 919502 773241 39471 766788 56408 61631 67261 733571 62286
is_linear=0
shrinkage=0.05


Tree=5
num_leaves=31
num_cat=0
split_feature=3 1 1 1 1 0 1 1 2 3 2 2 3 3 3 1 2 0 3 0 1 3 2 1 1 0 1 3 0 1
split_gain=1.68531e+06 788544 223586 139931 90408 73534.7 253944 62312.6 44545 28864.1 159117 23048.4 21252.4 21079.8 17253.4 16189 21439.1 16139.7 13047.6 12275.4 8277.67 8191.22 8122.04 6262.75 4616.63 10451.4 3598.33 3240.48 3175.41 2941.4
threshold=2.2178256005370165 0.26971789134358293 -0.3655985187638065 -0.051886445752020081 0.090576965594080613 0.77615730216745715 0.25671215759325344 0.6437191950917095 3.3971894388878914 2.4106851088030226 2.5611863177758649 1.8611078034149988 3.4107891595359914 4.3491450911238507 2.3342600632105683 0.64849074711543175 2.2964851596084146 0.81992422886425576 3.8960051191118263 0.94719974010471397 0.41597567765674004 1.0858476682246934 1.8215371970912557 -0.24833549022438586 0.40960982673467899 1.0000000180025095e-35 0.078424753846921769 2.0130234995999845 0.75609560439830281 0.77090001566801269
decision_type=2 2 2 2 2 2 2 2 2 2 2 2 2 2 2 2 2 2 2 2 2 2 2 2 2 2 2 2 2 2
left_child=1 3 18 -1 11 6 8 22 23 14 19 -5 -12 -10 -7 20 -17 28 -2 -11 -8 -9 24 -4 -3 -26 -13 29 -6 -23
right_child=2 7 5 4 17 9 15 21 13 10 12 26 -14 -15 -16 16 -18 -19 -20 -21 -22 27 -24 -25 25 -27 -28 -29 -30 -31
leaf_value=-0.10908551987320213 -0.029401184355451738 0.056231638879207069 0.062971669406915426 0.050996602768148006 -0.014224962878835547 0.038807151060971393 -0.013830497892842337 0.050797237856704494 -0.10947663244211377 -0.027209173716442166 0.05189785607740565 -0.027385846882689899 0.033598508271683092 0.006394560153758235 0.062056181975757935 0.03568523284092933 -0.090344731290805613 -0.036922562823371474 -0.11054201030453448 -0.082002385167299588 0.047867465485694413 -0.082408502851997911 -0.049854821593313184 -0.044829031479775239 0.045898692438829589 -0.083288576659432789 -0.13983618583410767 0.030197904135393153 -0.077847269543299305 -0.033920312580906463
leaf_weight=332225.11023762822 6097.7279161810875 121459.65605713427 5260.0475193858147 20205.193966984749 1983.9268084019423 118362.54335391521 5631.9233227968216 1828.7757688760757 43672.324484154582 18264.801603987813 333836.05244225264 12546.346871495247 302373.85317821801 4312.7695730924606 244940.45509821177 9518.4209127724171 5227.7362112700939 29181.801895439625 26423.591904580593 23212.028174132109 156539.3743224442 9811.3792698979378 1927.3402404338121 1811.21092428267 8116.1023870110512 1939.7584281265736 754.17361485958099 912.75789178907871 171179.58999797702 4591.304830789566
leaf_count=1351752 28557 710335 31278 115897 9207 660392 27392 10540 177633 85956 1912463 58310 1679996 22044 1454786 52158 23440 133564 107379 97504 892110 41893 8611 8193 46170 8125 3287 4975 724364 20393
internal_value=0.000279805 -0.0612112 0.0341303 -0.0881768 -0.0587244 0.0374377 0.0119804 0.0405143 -0.0817977 0.0431106 0.0370146 0.0173506 0.0432007 -0.0990624 0.0544817 0.0411639 -0.0089943 -0.0713214 -0.0953282 -0.0578736 0.0457248 -0.0492189 0.0520429 0.0353599 0.0535361 0.0209787 -0.0337621 -0.0611616 -0.0771184 -0.0669514
internal_weight=2.02415e+06 718663 1.30548e+06 568076 235851 1.27296e+06 231974 150587 55056.4 1.04099e+06 677687 33505.7 636210 47985.1 363303 176917 14746.2 202345 32521.3 41476.8 162171 17144.2 133443 7071.26 131516 10055.9 13300.5 15315.4 173164 14402.7
internal_count=10508704 3247423 7261281 2396381 1044629 7125345 1234248 851042 239148 5891097 3775919 177494 3592459 199677 2115178 995100 75598 867135 135936 183460 919502 77801 773241 39471 764630 54295 61597 67261 733571 62286
is_linear=0
shrinkage=0.05


Tree=6
num_leaves=31
num_cat=0
split_feature=3 1 1 1 1 0 1 1 2 3 2 2 3 3 3 1 2 1 3 0 2 1 2 3 1 1 0 1 3 2
split_gain=1.52962e+06 699521 203377 125147 79237.5 68941.1 230795 57806.5 39370.4 28140.5 145980 21253.5 20715.8 18591.6 17193.6 15192.1 19002.5 14566.9 11640.6 10787.6 9039.26 7809.83 7576.22 7298.19 5848.72 4443.08 9485.65 3084.47 2849.25 2713.34
threshold=2.2178256005370165 0.26971789134358293 -0.3655985187638065 -0.051886445752020081 0.090576965594080613 0.77615730216745715 0.25671215759325344 0.6437191950917095 3.3971894388878914 2.4106851088030226 2.5611863177758649 1.8611078034149988 3.4107891595359914 4.3491450911238507 2.3342600632105683 0.64849074711543175 2.2964851596084146 0.25671215759325344 3.8960051191118263 0.94719974010471397 2.1934731140388428 0.41597567765674004 1.8215371970912557 1.0858476682246934 -0.22965147303415712 0.40960982673467899 1.0000000180025095e-35 0.078424753846921769 2.0130234995999845 1.5585302692875791
decision_type=2 2 2 2 2 2 2 2 2 2 2 2 2 2 2 2 2 2 2 2 2 2 2 2 2 2 2 2 2 2
left_child=1 3 18 -1 11 6 8 22 24 14 19 -5 -12 -10 -7 21 -17 20 -2 -11 -6 -8 25 -9 -4 -3 -27 -13 29 -25
right_child=2 7 5 4 17 9 15 23 13 10 12 27 -14 -15 -16 16 -18 -19 -20 -21 -22 -23 -24 28 -26 26 -28 -29 -30 -31
leaf_value=-0.10243929174822558 -0.027623219678272422 0.055211176337377516 0.061226916816630922 0.049884427407066639 -0.01910711574434688 0.037666483994101906 -0.013061310256690981 0.049691320113469432 -0.10281832084190129 -0.025574822050743296 0.050790533501901658 -0.025749251642224854 0.032512735439201232 0.0060934981397821955 0.061177511521529594 0.034556311184991931 -0.083462427304165351 -0.074835844793636683 -0.1038516234426117 -0.076607951468089727 -0.060464071182238482 0.046729023044584289 -0.046620712330880901 -0.049320336922371144 -0.044553789872711295 0.044753819479261048 -0.077838294515299805 -0.12811549923510587 0.029155236976061601 -0.097548518190430061
leaf_weight=335982.21857127547 6163.927674472332 117617.17720024288 5158.4733274430037 19637.390946805477 21088.64988835156 115912.65519690514 5664.5458292067051 1777.3173645138741 44161.290687739849 18455.323959708214 324301.98813788593 12673.206762373447 296987.2197508812 4299.8950810432434 236255.78824083507 9342.4481184929609 5371.9023384898901 149153.21558010578 26711.222409233451 23593.679096490145 35374.890753149986 152440.34462660551 1957.1834317296743 10610.731853604317 1750.0575792789459 7912.7493681013584 1970.9413758665323 781.24471740424633 898.49931970238686 4021.7486889213324
leaf_count=1351752 28557 710335 31731 115897 94019 660392 27392 10540 177633 85956 1912463 58310 1679996 22044 1454786 52158 23440 618816 107379 97504 154300 892110 8611 45933 7740 46170 8125 3287 4975 16353
internal_value=0.000302402 -0.0578916 0.0331909 -0.0827723 -0.0550909 0.0364356 0.0116016 0.039533 -0.0772358 0.0420159 0.0359513 0.0167167 0.0420534 -0.0931547 0.0534391 0.0400643 -0.00852987 -0.0666476 -0.0895592 -0.0542095 -0.0450176 0.0445869 0.0510069 -0.0462857 0.0344307 0.0525055 0.0203073 -0.0316932 -0.0572691 -0.0625759
internal_weight=1.99803e+06 721457 1.27657e+06 574691 238709 1.2437e+06 228189 146766 55369.7 1.01551e+06 663338 33091.8 621289 48461.2 352168 172819 14714.4 205617 32875.2 42049 56463.5 158105 129458 17308.3 6908.53 127501 9883.69 13454.5 15531 14632.5
internal_count=10508704 3247423 7261281 2396381 1044629 7125345 1234248 851042 239148 5891097 3775919 177494 3592459 199677 2115178 995100 75598 867135 135936 183460 248319 919502 773241 77801 39471 764630 54295 61597 67261 62286
is_linear=0
shrinkage=0.05


Tree=7
num_leaves=31
num_cat=0
split_feature=3 1 1 1 1 0 1 1 2 3 2 2 2 3 3 3 1 2 1 0 2 1 2 3 1 1 0 1 3 1
split_gain=1.39229e+06 624234 185808 113719 69773 65909.1 210432 53701.7 35067.8 25993.6 135567 20483.4 19633.5 18816.9 17165.1 16584.8 14269.9 28684.5 12950.3 9566.99 7890.34 7735.9 7128.23 6529.78 5477.88 4672.83 9823.56 2688.54 2518.84 2447.53
threshold=2.2178256005370165 0.26971789134358293 -0.35909786807304467 -0.060538756366212566 0.090576965594080613 0.77615730216745715 0.25671215759325344 0.6437191950917095 3.3971894388878914 2.4106851088030226 2.5611863177758649 8.4921764472094434 1.8611078034149988 3.8960051191118263 2.3342600632105683 4.3491450911238507 0.63978365821300709 2.2260795454908346 0.25671215759325344 0.94719974010471397 2.1934731140388428 0.42632142793878453 1.8422784551468376 1.0858476682246934 -0.24833549022438586 0.40960982673467899 0.010501662944753633 0.078424753846921769 2.0130234995999845 0.77090001566801269
decision_type=2 2 2 2 2 2 2 2 2 2 2 2 2 2 2 2 2 2 2 2 2 2 2 2 2 2 2 2 2 2
left_child=1 3 13 -1 12 6 8 22 24 14 19 -12 -5 -2 -7 -10 21 -18 20 -11 -6 -8 25 -9 -4 -3 -27 -14 29 -25
right_child=2 7 5 4 18 9 16 23 15 10 11 -13 27 -15 -16 -17 17 -19 -20 -21 -22 -23 -24 28 -26 26 -28 -29 -30 -31
leaf_value=-0.096799896573277422 -0.021436830041721942 0.054227117255419059 0.061333613966127791 0.048805666516805984 -0.01804167111544866 0.036555264774045422 -0.0085168423421720478 0.048620501018178122 -0.097171805920278409 -0.024061183912615625 0.042132293216120636 -0.086402809570209849 -0.024259922445905628 -0.098951794207448956 0.060355452632237218 0.0058058626746709738 0.043404640878434153 -0.078171369533624802 -0.070164084982605304 -0.071863833247124073 -0.05649309186580681 0.04699785567397486 -0.058157644960344868 -0.07258064614703906 -0.039510873365168682 0.044087881339010794 -0.076805672872856001 -0.11872198227836993 0.028141902549581512 -0.028927262243645946
leaf_weight=337718.3818012327 11021.571210086346 113856.28867439926 4886.8673040568829 19081.327192917466 21214.003012418747 113525.85517549515 6567.7827331125736 1726.925542652607 44384.14433594048 18630.815002590418 598604.40267337859 3115.6837771832943 12797.690966397524 27029.822805389762 227716.51793663204 4287.5987159013748 13827.193174630404 7474.2077632546425 151077.10867132246 23885.598098501563 35952.685192033648 140917.74548643827 1504.749107927084 10105.100242465734 1858.8575883507729 8054.2178165912628 2123.360513523221 800.36364349722862 884.66790355741978 4706.4324859082699
leaf_count=1351717 56216 710380 31278 115898 94019 660392 32637 10540 177633 85956 3547984 15703 58344 108492 1454786 22044 80427 35078 618816 97504 154300 846958 6453 41893 8193 47740 8668 3287 4975 20393
internal_value=0.000319498 -0.054963 0.032291 -0.0780783 -0.0518348 0.0357131 0.0112446 0.0385969 -0.073293 0.0412799 0.0353699 0.0414667 0.0160892 -0.0764996 0.0524375 -0.0881003 0.0390006 0.000746209 -0.0624941 -0.0509166 -0.0422241 0.0445257 0.0500132 -0.0436614 0.0335448 0.0513255 0.0188657 -0.0298198 -0.0538145 -0.0587096
internal_weight=1.96934e+06 721603 1.24773e+06 578642 240923 1.20968e+06 224204 142962 55417.5 985479 644236 601720 32679.4 38051.4 341242 48671.7 168787 21301.4 208244 42516.4 57166.7 147486 125539 17423.1 6745.72 124034 10177.6 13598.1 15696.2 14811.5
internal_count=10508704 3247423 7261281 2396381 1044664 7096573 1234248 851042 239148 5862325 3747147 3563687 177529 164708 2115178 199677 995100 115505 867135 183460 248319 879595 773241 77801 39471 766788 56408 61631 67261 62286
is_linear=0
shrinkage=0.05


Tree=8
num_leaves=31
num_cat=0
split_feature=3 1 1 1 0 1 1 1 2 3 2 3 2 3 3 3 1 0 0 1 0 1 3 1 3 0 1 3 2 3
split_gain=1.27033e+06 559950 170092 104975 61666 192380 61632.5 50161.1 31439.3 25384.7 122611 18610.9 18135.7 17217.9 17191.8 14937.2 13598.7 11804.8 9559.56 6660.55 11487.5 6467.95 5857.13 5127.75 3729.22 2529.64 2377.76 2233.73 2379.27 2114.6
threshold=2.2178256005370165 0.27487220877274449 -0.35909786807304467 -0.060538756366212566 0.77615730216745715 0.25671215759325344 0.090576965594080613 0.6437191950917095 3.3971894388878914 2.3568168407793313 2.5611863177758649 8.0333519505345929 1.8611078034149988 2.3342600632105683 3.8960051191118263 4.3491450911238507 0.72828833234014589 0.81992422886425576 1.0411545970550968 0.40960982673467899 1.0000000180025095e-35 0.63978365821300709 1.0858476682246934 -0.24833549022438586 1.898141889079181 0.75609560439830281 0.078424753846921769 2.0130234995999845 1.5447018760744757 2.2553466345801803
decision_type=2 2 2 2 2 2 2 2 2 2 2 2 2 2 2 2 2 2 2 2 2 2 2 2 2 2 2 2 2 2
left_child=1 3 14 -1 5 8 12 19 23 13 18 -12 -5 29 -2 -10 21 25 -11 24 -21 -7 -9 -4 -3 -8 -14 28 -24 -6
right_child=2 7 4 6 9 16 17 22 15 10 11 -13 26 -15 -16 -17 -18 -19 -20 20 -22 -23 27 -25 -26 -27 -28 -29 -30 -31
leaf_value=-0.091950837577690847 -0.020171484251979802 0.053554353379008691 0.060591932506977475 0.047761034498482229 0.030587887784692111 0.043450787354689081 -0.012484868587555115 0.047580754195806263 -0.092320424660746164 -0.020506971109162948 0.041062913260554057 -0.074680218664568337 -0.022849868920066647 0.059635702396955925 -0.094021846443388263 0.0055311150275364623 -0.069635420416709531 -0.029837014259935297 -0.067633926557623944 0.042663120205180559 -0.074178837604412379 0.011863324372956844 -0.042864251203214881 -0.037097206612627533 -0.085069761473891156 -0.064247163252503153 -0.11102606917254086 0.027156757091944286 -0.08742902692320309 0.045205813830224907
leaf_weight=337744.04290403426 11124.558819532394 109995.85091616213 4703.9850840568542 18537.635486498475 74053.147504135966 143681.05268068612 2392.0469426065683 1677.6880988478661 44379.874825000763 19445.659284055233 583987.15916718543 3493.8813126683235 12905.192977130413 218686.56569963694 27024.318408787251 4275.8578124642372 2884.6271544247866 30310.556749135256 24093.075162738562 7981.7611710131168 2856.4545560181141 18266.329462885857 10819.769953638315 1880.2367213666439 487.30468888580799 177963.27324153483 812.69611074030399 871.26927748322487 4141.4135691970587 37151.436256244779
leaf_count=1351717 56216 708849 31278 115898 439767 879595 11542 10540 177633 89953 3546514 17231 58344 1450758 108492 22044 13106 133564 97477 48281 11688 102399 45685 8193 2088 724364 3287 4975 16601 220625
internal_value=0.000332499 -0.0523531 0.031426 -0.0739212 0.0347827 0.0109084 -0.0488537 0.0378557 -0.0698452 0.0402505 0.0343745 0.0403746 0.0155094 0.0514901 -0.0724864 -0.0837212 0.0379713 -0.0587085 -0.0465857 0.0492736 0.011869 0.039888 -0.0412546 0.0326951 0.0529429 -0.0635606 -0.0280737 -0.0506681 -0.0552003 0.0354715
internal_weight=1.93863e+06 719497 1.21913e+06 580665 1.18098e+06 220072 242921 138832 55240 960911 631020 587481 32255.5 329891 38148.9 48655.7 164832 210666 43538.7 121321 10838.2 161947 17510.1 6584.22 110483 180355 13717.9 15832.5 14961.2 111205
internal_count=10508704 3247423 7261281 2398716 7096573 1234248 1046999 848707 239148 5862325 3751175 3563745 177529 2111150 164708 199677 995100 869470 187430 770906 59969 981994 77801 39471 710937 735906 61631 67261 62286 660392
is_linear=0
shrinkage=0.05


Tree=9
num_leaves=31
num_cat=0
split_feature=3 1 1 1 3 1 1 1 1 0 1 1 2 3 0 3 0 0 3 1 1 0 3 0 1 3 3 1 3 3
split_gain=1.1613e+06 504273 155975 97690.1 59195.7 395125 54740.2 53148.6 46833.9 85480.1 46709.2 39732.6 16748.9 15855.4 15151.9 10751.2 10048.5 71898.2 8574.1 7016.64 6381.35 10445 5270.39 4667.39 4649.17 4067.4 3440.45 2128.59 2031.87 1988.99
threshold=2.2178256005370165 0.27487220877274449 -0.35909786807304467 -0.051886445752020081 3.4107891595359914 -0.16519490745588292 0.090576965594080613 -0.31248217156279456 -0.10278471256184683 1.0411545970550968 0.6437191950917095 0.60445080788633843 1.8611078034149988 3.8960051191118263 0.90418916821950179 1.6733026095081236 0.89692245893593214 1.0956075047414111 4.3491450911238507 0.24005338388781233 0.40960982673467899 0.010501662944753633 1.0858476682246934 0.60255211543935061 0.4320501273914738 7.7358276094456162 1.898141889079181 0.078424753846921769 2.424076018411276 2.0130234995999845
decision_type=2 2 2 2 2 2 2 2 2 2 2 2 2 2 2 2 2 2 2 2 2 2 2 2 2 2 2 2 2 2
left_child=1 3 13 -1 8 7 12 25 16 14 20 24 -5 -2 -10 -8 -4 -18 -9 -17 26 -22 -12 -13 -7 -6 -3 -14 -11 -24
right_child=2 10 4 6 5 11 15 18 9 28 22 23 27 -15 -16 19 17 -19 -20 -21 21 -23 29 -25 -26 -27 -28 -29 -30 -31
leaf_value=-0.087734222495864905 -0.018994709317941103 0.052650245171748489 0.057499837582725748 0.046747054831265067 -0.23621311941375331 0.036267745166605761 -0.062286428883662051 -0.091787004011066584 0.026015908643069591 -0.063882675011790332 0.046568516127759467 -0.14450839787222874 -0.021511047592241647 -0.089750409928693958 0.051451218771460729 -0.043004006071564467 -0.075083606310673665 0.051684181013165048 -0.030215250310373344 0.013693938405485773 0.041390529146767219 -0.070363716468035895 -0.052052795871332158 -0.010612820796620997 0.048452849837664375 0.0031974122831338243 -0.07926005194203492 -0.10460823684131643 -0.0080486563998827844 0.026198806480308687
leaf_weight=336315.42693334818 11220.517290517688 106382.46059790254 302163.43928046525 18007.106515139341 6908.6735280454159 230944.00366023183 153781.10114918649 44885.556113809347 164811.41638414562 24239.605063855648 1629.6747669577599 3217.9748658537865 12996.236712932587 26897.749129906297 90813.263006567955 52368.22163566947 12119.021278917789 145146.19899451733 6469.0149396806955 6091.4851732552052 7812.0904716253281 2854.9203903228045 15069.990100875497 815.86431534588337 118421.42719450593 182.08263251185417 496.6160890609026 819.23288489878178 1746.8690097928047 858.30633267760277
leaf_count=1351752 56216 708849 2033802 115897 41758 1387759 620644 183218 972832 97500 10540 16115 58310 108492 570801 223326 77340 926280 32982 25500 48394 11575 62286 4647 739513 878 2088 3287 11148 4975
internal_value=0.000341471 -0.0500066 0.0305876 -0.0702592 0.0338777 0.0186801 -0.0461789 -0.101748 0.042324 0.0262689 0.0369945 0.0385965 0.0149742 -0.0689227 0.0350521 -0.055348 0.0521652 0.0419153 -0.084031 -0.0370961 0.0483569 0.0114806 -0.0390738 -0.117427 0.040398 -0.230065 0.0520373 -0.0264386 -0.0601294 -0.0478362
internal_weight=1.90649e+06 715483 1.191e+06 580379 1.15288e+06 411845 244063 58445.3 741040 281611 135104 353399 31822.6 38118.3 255625 212241 459429 157265 51354.6 58459.7 117546 10667 17558 4033.84 349365 7090.76 106879 13815.5 25986.5 15928.3
internal_count=10508704 3247423 7261281 2398716 7096573 2406870 1046964 258836 4689703 1652281 848707 2148034 177494 164708 1543633 869470 3037422 1003620 216200 248826 770906 59969 77801 20762 2127272 42636 710937 61597 108648 67261
is_linear=0
shrinkage=0.05


Tree=10
num_leaves=31
num_cat=0
split_feature=3 1 1 1 3 1 1 1 0 1 1 1 3 0 3 3 3 0 0 0 3 1 0 3 1 0 1 0 0 0
split_gain=1.06356e+06 455708 143258 91775.4 56088.1 357094 48761.1 45556.9 78097.6 43551.7 35503 34887.6 14738.8 14725.6 14336.3 14026.3 10877 10067.1 65697.4 9662.66 8092.97 4562.01 3816.82 3182.1 3087.76 2844.39 2469.15 2119.91 2078.96 2006.92
threshold=2.2178256005370165 0.27487220877274449 -0.35909786807304467 -0.060538756366212566 3.4107891595359914 -0.16519490745588292 0.21358138209946523 -0.10278471256184683 1.0411545970550968 0.40960982673467899 0.60445080788633843 -0.31248217156279456 3.8960051191118263 0.90418916821950179 1.7867589845313252 2.0130234995999845 1.0858476682246934 0.89692245893593214 1.0956075047414111 0.81992422886425576 4.3491450911238507 0.4320501273914738 0.60255211543935061 1.898141889079181 0.56418887977580012 2.010777875261029 0.77090001566801269 0.75609560439830281 0.69179330186295329 0.8068352369092342
decision_type=2 2 2 2 2 2 2 2 2 2 2 2 2 2 2 2 2 2 2 2 2 2 2 2 2 2 2 2 2 2
left_child=1 3 12 -1 7 11 14 17 13 23 21 25 -2 -9 29 16 -11 28 -19 27 -13 -7 -12 -3 -17 -6 -18 -8 -4 -5
right_child=2 9 4 6 5 10 19 8 -10 15 22 20 -14 -15 -16 24 26 18 -20 -21 -22 -23 -24 -25 -26 -27 -28 -29 -30 -31
leaf_value=-0.084032706884462585 -0.017898467432085161 0.05177601695487645 -0.029097812754437902 -0.061544204520146306 -0.19695580705945229 0.0352079904457194 -0.0022296963590660323 0.025083732487695833 -0.056903776627182302 0.051709797152282459 -0.13023643260580939 -0.087797046066079854 -0.086012946318539132 0.050479270293661616 -0.023327182858015744 -0.098601217033268018 -0.063375977809141101 -0.068110172322056156 0.05073803831143963 -0.0263722939219911 -0.028306517238139203 0.047439899131203098 -0.010027015503129342 -0.074179597083228924 0.053013894971862333 -0.0036512404880725945 -0.021902994735243424 -0.057389083630834982 0.056947448383167967 0.045790820094607193
leaf_weight=333631.31741303205 11309.986303269863 102859.47203139961 703.69149997830391 446.62129338085651 7836.6575999706984 226124.7242667377 1758.9065916091204 162450.61425516009 26083.798893049359 2888.1738750040531 3387.3040871024132 44586.171986103058 26668.7155495435 88005.340080201626 14830.866443127394 354.95836575329304 13776.814679726958 12676.481439471245 140576.68068051338 30336.648786500096 6557.5967973917723 114990.17124989629 820.23717594146729 503.89647345244884 6226.472302287817 195.0391560792923 4853.1028820872307 179974.99368108809 290477.00639773905 17488.74573880434
leaf_count=1351717 56216 708849 3105 2284 41699 1387759 8303 972832 108648 18957 16115 183218 108492 570801 65581 1633 57769 77340 926280 130924 32982 739513 4647 2088 39018 937 20393 724023 2030697 115884
internal_value=0.000353561 -0.0478749 0.0297823 -0.066972 0.0330053 0.0181034 -0.0437238 0.0413658 0.0254323 0.0361569 0.0375508 -0.0953832 -0.0657286 0.0340072 0.0130431 -0.0190387 -0.0385754 0.0512802 0.0409074 -0.0524946 -0.0801692 0.0393314 -0.106802 0.051162 0.0448368 -0.192262 -0.0525722 -0.0568552 0.0567395 0.043118
internal_weight=1.87338e+06 709931 1.16345e+06 578468 1.12547e+06 404498 244837 720974 276540 131463 345322 59175.5 37978.7 250456 32766.2 28099.5 21518.1 444434 153253 212071 51143.8 341115 4207.54 103363 6581.43 8031.7 18629.9 181734 291181 17935.4
internal_count=10508704 3247423 7261281 2398716 7096573 2406870 1046999 4689703 1652281 848707 2148034 258836 164708 1543633 183749 137770 97119 3037422 1003620 863250 216200 2127272 20762 710937 40651 42636 78162 732326 2033802 118168
is_linear=0
shrinkage=0.05


Tree=11
num_leaves=31
num_cat=0
split_feature=3 1 1 1 3 1 1 0 1 1 1 1 0 3 3 3 0 0 3 1 3 2 1 0 3 1 2 3 0 3
split_gain=975504 413072 131753 86847.9 53091.9 324136 44360.4 71359.8 43569.6 40978.8 31930.5 24253.7 14313.1 13792.2 13233.8 13002.5 10084.9 60277 9963.14 8787.32 7693.16 6729.14 4477.73 3196.66 3148.01 2793.27 2438.99 2190.54 1980.5 1897.07
threshold=2.2178256005370165 0.27487220877274449 -0.35909786807304467 -0.051886445752020081 3.4107891595359914 -0.16519490745588292 -0.10278471256184683 1.0411545970550968 0.21358138209946523 0.42632142793878453 0.60445080788633843 -0.31248217156279456 0.90418916821950179 3.8960051191118263 1.7867589845313252 2.0130234995999845 0.89692245893593214 1.0956075047414111 1.0858476682246934 0.25671215759325344 4.3491450911238507 2.1934731140388428 0.4320501273914738 0.60255211543935061 1.898141889079181 0.56418887977580012 1.4823554615959755 7.7358276094456162 0.69179330186295329 2.424076018411276
decision_type=2 2 2 2 2 2 2 2 2 2 2 2 2 2 2 2 2 2 2 2 2 2 2 2 2 2 2 2 2 2
left_child=1 3 13 -1 6 11 16 12 14 24 22 27 -8 -2 -5 18 28 -18 -11 21 -13 -10 -7 -12 -3 -17 -20 -6 -4 -9
right_child=2 9 4 8 5 10 7 29 19 15 23 20 -14 -15 -16 25 17 -19 26 -21 -22 -23 -24 -25 -26 -27 -28 -29 -30 -31
leaf_value=-0.080753339628688289 -0.016875678626699166 0.050913107884109035 -0.02740612801567437 0.042148413990551796 -0.17040599946400165 0.03417192330047289 0.024177361845662812 -0.057524384517290451 -0.01061982628102461 0.050810004499956221 -0.11885303612453285 -0.084278501524184632 0.049535869482989187 -0.082714325585928561 -0.021986009414752587 -0.096176769222029099 -0.062151909678847067 0.049819612727651841 -0.036390035801123544 -0.055893472577123883 -0.026550698557388189 -0.04601345104877224 0.04645255848737026 -0.0094767517156273268 -0.0661864449519593 0.052041113197753855 -0.073838926189467469 0.0040350431479371056 0.056230538537872458 -0.0045552724649988502
leaf_weight=329919.2846532315 11393.461379915476 99592.963463902473 709.61326566338539 17445.538649216294 8591.3215515911579 221452.00763204694 160172.68115322292 24365.842419847846 21180.521754309535 2794.5120475143194 3522.3596614301205 44136.258015915751 85267.156141325831 26353.441394597292 14924.526976048946 335.55857430398464 13183.255441188812 136123.33925127983 11566.16873383522 154964.89930188656 6639.5050463676453 36695.145939603448 111647.96629348397 824.36143189668655 577.26624037325382 6030.7071974128485 6966.6499213576317 183.81813362240791 279743.75961451232 1816.3612133860588
leaf_count=1351752 56216 709522 3105 118167 41758 1387759 972832 97500 90590 18952 16115 183218 570801 108492 65547 1512 77340 926280 48801 621151 32982 151509 739513 4647 2371 39018 28531 878 2030697 11148
internal_value=0.000362193 -0.045931 0.0290067 -0.0640027 0.0321632 0.0175518 0.0404336 0.0246167 -0.0414654 0.0353551 0.0365312 -0.0899951 0.032987 -0.0628417 0.0125786 -0.0184787 0.0504303 0.0399329 -0.0371971 -0.0496847 -0.0767299 -0.0330606 0.0382881 -0.0981097 0.0502383 0.0442287 -0.0504674 -0.166752 0.0560189 -0.0538497
internal_weight=1.83912e+06 702994 1.13613e+06 575130 1.09838e+06 396998 701382 271622 245211 127864 337447 59550.9 245440 37746.9 32370.1 27693.6 429760 149307 21327.3 212841 50775.8 57875.7 333100 4346.72 100170 6366.27 18532.8 8775.14 280453 26182.2
internal_count=10508704 3247423 7261281 2398716 7096573 2406870 4689703 1652281 1046964 848707 2148034 258836 1543633 164708 183714 136814 3037422 1003620 96284 863250 216200 242099 2127272 20762 711893 40530 77332 42636 2033802 108648
is_linear=0
shrinkage=0.05


Tree=12
num_leaves=31
num_cat=0
split_feature=3 1 1 1 3 1 1 0 1 1 1 1 0 3 3 3 0 0 3 0 3 3 3 0 1 2 2 0 0 3
split_gain=895901 375380 121310 82693.2 50226 295214 43187.3 65295.1 38997.9 38535.3 28857.3 17585.1 13911.1 12979 12233.4 11866.2 10097.3 55488.1 9014.08 8177.09 7355.56 4543.67 2925.53 2727.91 2568.45 2268.51 1969.5 1896.27 1871.01 4657.86
threshold=2.2178256005370165 0.27487220877274449 -0.35909786807304467 -0.060538756366212566 3.4107891595359914 -0.16519490745588292 -0.10278471256184683 1.0411545970550968 0.21358138209946523 0.42632142793878453 0.60445080788633843 -0.31248217156279456 0.90418916821950179 3.8960051191118263 1.7867589845313252 2.0130234995999845 0.89692245893593214 1.0956075047414111 1.0858476682246934 0.81992422886425576 4.3491450911238507 6.1233665642041295 1.898141889079181 0.60255211543935061 0.46920906322072686 1.5585302692875791 2.4076191953003652 0.8068352369092342 1.3409395388167957 3.7772219975316736
decision_type=2 2 2 2 2 2 2 2 2 2 2 2 2 2 2 2 2 2 2 2 2 2 2 2 2 2 2 2 2 2
left_child=1 3 13 -1 6 11 16 12 14 22 21 -6 -8 28 27 18 26 -18 -11 -10 -13 -7 -3 -12 -17 -20 -4 -5 29 -2
right_child=2 9 4 8 5 10 7 -9 19 15 23 20 -14 -15 -16 24 17 -19 25 -21 -22 -23 -24 -25 -26 -27 -28 -29 -30 -31
leaf_value=-0.077827094219989484 -0.010751991069926416 0.050085426810695215 -0.1208969815473811 -0.060025019117042749 -0.14829122532643196 0.033837673615630171 0.02329616275736766 -0.051151556404725476 -0.05112039034123618 0.049924714558548536 -0.10952564386710362 -0.081149320640600708 0.048617572217482898 -0.07978054775717526 -0.020771584851839376 -0.11481424195311059 -0.056995648066407313 0.048925538453564135 -0.036117129733806645 -0.023252824010970966 -0.024930955943395613 0.047449728617678141 -0.062372111664732582 -0.0089595068098277022 0.049882145794293981 -0.073933482045011809 0.055433605307302215 0.043928446063683707 0.058307612685370436 -0.1236722553585422
leaf_weight=325316.65683580935 9672.4894313514233 96261.674542143941 158.45137056708336 450.65597479045391 9357.101604372263 243377.71985311806 157976.77736826241 26184.965388327837 182517.94671691954 2704.165003195405 3628.2600951641798 43560.62778955698 82601.805703729391 25966.106508478522 15025.982240825891 246.55785642564297 13644.5316401124 131790.82619905472 12863.950174078345 30759.550160437822 6715.3013683408499 81947.709699496627 581.814243927598 828.25248301029205 5935.3318656235933 5733.1352723538876 269855.10096006095 16527.895531475544 790.45672960579395 1008.4476359784603
leaf_count=1351717 48111 709522 710 2284 42636 1601007 972832 108648 732326 18952 16115 183218 570801 108492 65581 1073 77340 926280 53910 130924 32982 526265 2371 4647 39457 23422 2033092 115884 3883 4222
internal_value=0.000367956 -0.0441456 0.0282596 -0.0612991 0.0313504 0.017023 0.0395286 0.0238292 -0.0393782 0.0345807 0.0355354 -0.0853539 0.0319902 -0.0602128 0.0120883 -0.0176732 0.0496093 0.0389882 -0.0353723 -0.0471012 -0.0736403 0.0372665 0.0494098 -0.0908352 0.0433134 -0.0477752 0.0553301 0.0411692 -0.0159201 -0.0214134
internal_weight=1.80399e+06 694925 1.10906e+06 570599 1.07163e+06 389415 682212 266764 245282 124327 329782 59633 240579 37437.5 32004.5 27483.1 415449 145435 21301.3 213277 50275.9 325325 96843.5 4456.51 6181.89 18597.1 270014 16978.6 11471.4 10680.9
internal_count=10508704 3247423 7261281 2398716 7096573 2406870 4689703 1652281 1046999 848707 2148034 258836 1543633 164708 183749 136814 3037422 1003620 96284 863250 216200 2127272 711893 20762 40530 77332 2033802 118168 56216 52333
is_linear=0
shrinkage=0.05


Tree=13
num_leaves=31
num_cat=0
split_feature=3 1 1 1 3 1 1 0 1 1 1 0 3 1 3 3 0 0 2 1 3 1 3 3 1 0 1 0 0 2
split_gain=823627 341898 111821 78915.5 49811.1 263408 42067 59732.1 35996 35049.9 26297.2 13587.5 11803.3 15628.3 11308.6 10840.5 10101.5 51219.7 8208.41 7751.44 6692.29 6419.86 5338.91 2697.69 2390.25 2363.16 2271.05 2046.55 1972.91 1755.62
threshold=2.2178256005370165 0.26971789134358293 -0.3655985187638065 -0.060538756366212566 3.4107891595359914 -0.13792649198400669 -0.10278471256184683 1.0223128503501231 0.42632142793878453 0.21358138209946523 0.60445080788633843 0.90418916821950179 3.4451054898711253 -0.31248217156279456 1.7867589845313252 2.0130234995999845 0.89692245893593214 1.0956075047414111 0.88146779030775313 0.25671215759325344 3.8960051191118263 0.24005338388781233 6.1233665642041295 1.898141889079181 0.57145327630474652 0.60255211543935061 0.77090001566801269 1.2335507907384309 0.69179330186295329 2.5611863177758649
decision_type=2 2 2 2 2 2 2 2 2 2 2 2 2 2 2 2 2 2 2 2 2 2 2 2 2 2 2 2 2 2
left_child=1 3 20 -1 6 12 16 11 23 14 22 -8 -6 -14 -5 18 28 -18 -10 21 27 -11 -7 -3 -17 -12 -20 -2 -4 -9
right_child=2 8 4 9 5 10 7 29 15 19 25 -13 13 -15 -16 24 17 -19 26 -21 -22 -23 -24 -25 -26 -27 -28 -29 -30 -31
leaf_value=-0.075196208308307227 -0.13663331140625626 0.049021205038871425 -0.028904184390647843 0.040235417988014777 -0.0035588591380944813 0.03281672601814678 0.02243957049743657 -0.052041444712428109 0.050605660224837361 -0.034891697496337352 -0.10171583432800926 0.047798357960919004 -0.13661352630037124 -0.06936929334963253 -0.019618316857552182 -0.084702402538417459 -0.052485042897749523 0.048052791804876413 -0.055688281170661935 -0.050632927291795797 -0.076566377297762223 0.019486576299537848 0.047859740472228622 -0.057539330523783197 0.050244389549263802 -0.0084729714208950178 -0.016378003813251607 -0.012674291409761977 0.054894000582463902 -0.0026843335207275515
leaf_weight=319997.55738084018 352.24795491993427 93423.85574105382 704.29896350204945 16517.380533069372 5373.4989683628082 237827.19969542325 155861.79522691667 24367.690299525857 2543.1042634993792 52427.120017960668 3709.2431866079569 79902.532701507211 10421.080126404762 50570.950200676918 15111.548536196351 348.3534100651741 14064.869151413441 127582.55077779293 13685.373898610473 154591.10381194949 25272.617065653205 6054.4933280944824 78434.600716173649 597.73443308472633 5654.7210324853659 831.92470599710941 5022.5486863702536 6084.2736505120993 259178.67171989381 1945.4998675584793
leaf_count=1351717 1541 711804 3105 118168 28477 1599133 972832 97761 17601 217178 16115 570038 45764 221371 65581 1526 77340 926280 56924 618816 107379 24921 520135 2424 39004 4647 21759 27016 2030697 11650
internal_value=0.000371537 -0.0424926 0.0275347 -0.0588511 0.0303263 0.0160741 0.0386415 0.0230593 0.0336777 -0.0374765 0.0348321 0.0310339 -0.0745998 -0.0808586 0.0116387 -0.0169173 0.048812 0.0380699 -0.0336774 -0.0447673 -0.0649742 -0.029262 0.0365475 0.0483438 0.0424135 -0.0846341 -0.0451346 -0.0194581 0.0546669 -0.0483922
internal_weight=1.76846e+06 685975 1.08249e+06 564699 1.05078e+06 387168 663608 262078 121276 244702 320803 235764 66365.5 60992 31628.9 27254.1 401530 141647 21251 213073 31709.1 58481.6 316262 94021.6 6003.07 4541.17 18707.9 6436.52 259883 26313.2
internal_count=10508704 3247423 7261281 2396381 7125345 2435642 4689703 1652281 851042 1044664 2140030 1542870 295612 267135 183749 136814 3037422 1003620 96284 860915 135936 242099 2119268 714228 40530 20762 78683 28557 2033802 109411
is_linear=0
shrinkage=0.05


Tree=14
num_leaves=31
num_cat=0
split_feature=3 1 1 1 3 1 1 0 1 1 1 0 3 1 3 0 0 3 3 0 3 1 3 1 0 2 0 2 0 0
split_gain=757813 312002 103156 76099.5 47120.8 240604 40963.7 54707.6 34114.3 31440.9 23814.2 13130 11138.1 11483.5 10448.8 10104.2 47387.5 9746.79 7374.58 7345.67 6404.75 4846.83 2394.87 2214.87 2072.43 2017.61 2010.04 3259.99 1880.98 1880.62
threshold=2.2178256005370165 0.27487220877274449 -0.3655985187638065 -0.060538756366212566 3.4107891595359914 -0.16519490745588292 -0.10278471256184683 1.0411545970550968 0.40960982673467899 0.21358138209946523 0.60445080788633843 0.90418916821950179 3.4451054898711253 -0.31248217156279456 1.7867589845313252 0.89692245893593214 1.0956075047414111 2.0130234995999845 1.0858476682246934 0.81992422886425576 3.8960051191118263 0.4320501273914738 1.898141889079181 0.56418887977580012 0.60255211543935061 1.4823554615959755 1.3409395388167957 3.9404568368205912 0.69179330186295329 1.2335507907384309
decision_type=2 2 2 2 2 2 2 2 2 2 2 2 2 2 2 2 2 2 2 2 2 2 2 2 2 2 2 2 2 2
left_child=1 3 20 -1 6 12 15 11 22 14 21 -8 -6 -14 -5 28 -17 18 -10 -11 26 -7 -3 -19 -12 -20 27 29 -4 -2
right_child=2 8 4 9 5 10 7 -9 17 19 24 -13 13 -15 -16 16 -18 23 25 -21 -22 -23 -24 -25 -26 -27 -28 -29 -30 -31
leaf_value=-0.072816031061238268 -0.12779850724325381 0.048516222197967307 -0.02722657672249201 0.039290347631956511 -0.0033576446965314943 0.030861185122118179 0.021607085502843217 -0.046251350515015444 0.04833859516634214 -0.046321141869378045 -0.095059221396405894 0.046844817100570008 -0.12511576424953322 -0.068106926845178634 -0.018538506586610333 -0.048502725872955829 0.047198679039665799 -0.075745711484814127 -0.029733653787653927 -0.020055913656753355 -0.074237769228477621 0.044103031920396704 -0.059365180700230037 0.049318921714287769 -0.0080150428938137522 -0.063552546195881576 0.057185796274361517 -0.11100453936926054 0.0542631731856906 -0.0027041972412523052
leaf_weight=314084.14356224239 322.56131082773209 89754.401061996818 710.15432551503181 16080.161212339997 5381.1330459266901 206794.63853816688 153826.40271094441 26138.228817105293 2544.1335707306862 182249.86548542976 3768.8726406097412 77498.925491474569 10799.133187115192 48528.595414534211 15190.071677029133 14448.291198313236 123500.84563493729 378.47743211686611 11822.04960475862 31173.374006509781 24774.661924704909 103784.86363202333 517.39806436002254 5476.5870161801577 835.39140997827053 7034.373657181859 774.73705422878265 992.39777173101902 249331.97196568549 4381.991263628006
leaf_count=1351717 1372 708849 3105 118168 28474 1387759 972832 108648 18957 732326 16115 570801 45764 213370 65581 77340 926280 1633 49079 130924 107379 739513 2088 39018 4647 29083 3883 4022 2030697 19280
internal_value=0.000373778 -0.0409545 0.0268272 -0.0565295 0.0295545 0.015583 0.0377776 0.0223147 0.0330959 -0.0356243 0.0336127 0.0300623 -0.0722365 -0.078484 0.011199 0.0480385 0.0371753 -0.015929 -0.0315686 -0.0424847 -0.062668 0.0352861 0.0478979 0.0412346 -0.079266 -0.0423498 -0.0183769 -0.0286527 0.0540317 -0.0112811
internal_weight=1.7329e+06 676305 1.05659e+06 558778 1.02535e+06 379893 645455 257464 117527 244693 315184 231325 64708.9 59327.7 31270.2 387991 137949 27255.6 21400.6 213423 31246.3 310580 90271.8 5855.06 4604.26 18856.4 6471.69 5696.95 250042 4704.55
internal_count=10508704 3247423 7261281 2398716 7125345 2435642 4689703 1652281 848707 1046999 2148034 1543633 287608 259134 183749 3037422 1003620 137770 97119 863250 135936 2127272 710937 40651 20762 78162 28557 24674 2033802 20652
is_linear=0
shrinkage=0.05


Tree=15
num_leaves=31
num_cat=0
split_feature=3 1 1 1 3 1 1 0 1 1 1 0 2 1 0 3 1 3 0 2 3 2 2 2 1 1 1 3 2 0
split_gain=697796 285127 95263.6 73215.8 44527.3 220390 39906.2 50097.1 31886.9 28386.3 21869.2 12815.7 10744.2 10338.8 121332 9622.58 9974.83 9075.62 7285.42 6860.21 6111.76 5655.75 2449.39 9402.84 2042.48 1980.44 1962.63 1893.03 1891.45 1835.97
threshold=2.2178256005370165 0.26971789134358293 -0.3655985187638065 -0.051886445752020081 3.4107891595359914 -0.11968728775692156 -0.10278471256184683 1.0223128503501231 0.42632142793878453 0.090576965594080613 0.60445080788633843 0.90418916821950179 1.8611078034149988 -0.28219821852206628 1.0956075047414111 3.4451054898711253 -0.31248217156279456 2.0130234995999845 0.81992422886425576 0.88146779030775313 3.8960051191118263 5.8028513984867311 1.7376526579221052 1.782367713283475 0.46920906322072686 0.72828833234014589 0.078424753846921769 1.898141889079181 2.4076191953003652 0.60255211543935061
decision_type=2 2 2 2 2 2 2 2 2 2 2 2 2 2 2 2 2 2 2 2 2 2 2 2 2 2 2 2 2 2
left_child=1 3 20 -1 6 15 13 11 22 12 21 -8 -5 14 -4 -6 -17 19 -11 -10 -2 -7 -3 -24 -19 -21 -14 -25 -15 -12
right_child=2 8 4 9 5 10 7 -9 17 18 29 -13 26 28 -16 16 -18 24 -20 25 -22 -23 23 27 -26 -27 -28 -29 -30 -31
leaf_value=-0.070649363000988008 -0.0174393935794902 0.048729889234958856 -0.18408310120156307 0.041252622955988943 -0.0032092233018355984 0.030809579005661687 0.020798247671308778 -0.043867256932341191 0.049098185291782843 -0.044158889208156832 -0.089299978496392624 0.046064990771493314 -0.014538326969642763 -0.11912658671733341 0.046651793486669577 -0.11585081121251353 -0.06342098340130356 -0.097831102284681032 -0.018268841331773644 -0.05391114398740126 -0.072126254414125721 0.046717762652772415 -0.23374844525946536 0.045837112418051704 0.047237406507086285 -0.02062544747186645 -0.094300668584338165 -0.050580596407245472 0.053175616417332164 -0.0075837843836080833
leaf_weight=307699.06637358665 6473.5605511814356 83333.585982307792 5990.7616999000311 15213.081269234419 5389.8520451784134 227212.74742877483 151869.08598694205 26206.639193892479 2393.0889670997858 182227.46336142719 3810.179860368371 74956.111235365272 13497.508005231619 159.37745566666126 116423.09545016289 11071.933099657297 50214.702609017491 254.05164949595928 31934.251626625657 11350.361524403095 24238.530670970678 74089.881469026208 361.1387767791748 3590.3671892657876 5398.5410378873348 7370.680372402072 817.9665601849556 593.18515327572823 252279.34020853043 838.66506265103817
leaf_count=1351752 28557 680371 31335 115897 28478 1598033 972832 109411 17601 733571 16115 570038 58310 710 902074 45764 225856 1073 133564 47493 107379 516749 2934 28538 39457 31190 3287 2385 2103303 4647
internal_value=0.000374478 -0.0395178 0.0261396 -0.054435 0.0288021 0.0151099 0.036928 0.0215856 0.0322274 -0.0339618 0.0330609 0.0291478 0.0119956 0.0472844 0.03536 -0.0672599 -0.0728929 -0.0155521 -0.0402984 -0.0306164 -0.0605992 0.0347214 0.0467805 0.0110355 0.0407174 -0.0408062 -0.0190958 0.0321661 0.0530668 -0.0745581
internal_weight=1.69726e+06 666034 1.03122e+06 551389 1.00051e+06 372628 627884 253032 114645 243690 305951 226825 29528.6 374853 122414 66676.5 61286.6 26766.7 214162 21114.1 30712.1 301303 87878.3 4544.69 5652.59 18721 14315.5 4183.55 252439 4648.84
internal_count=10508704 3247423 7261281 2396381 7125345 2435642 4689703 1652281 851042 1044629 2135544 1542870 177494 3037422 933409 300098 271620 136814 867135 96284 135936 2114782 714228 33857 40530 78683 61597 30923 2104013 20762
is_linear=0
shrinkage=0.05


Tree=16
num_leaves=31
num_cat=0
split_feature=3 1 1 1 3 3 3 1 1 1 3 1 3 3 2 3 1 3 2 2 1 2 1 0 2 1 3 0 0 1
split_gain=642938 261064 87997.3 71017.9 42608.4 64957.3 37385.1 201784 30244.9 25544.6 17564.6 15108.1 8889.76 8304.94 6513.22 6244.81 5939.24 5888.81 2395.9 7429.31 2056.01 1948.53 1913.87 1822.21 2906.65 1820.73 1776.6 1717.53 1639.25 1251.28
threshold=2.2178256005370165 0.27487220877274449 -0.3655985187638065 -0.060538756366212566 2.4187326247601866 2.424076018411276 3.4107891595359914 -0.16519490745588292 0.42632142793878453 0.21358138209946523 2.3061047080024362 0.72828833234014589 1.7867589845313252 2.0130234995999845 1.7479461772073175 1.0858476682246934 0.24005338388781233 3.8960051191118263 1.7376526579221052 1.782367713283475 0.17514869934927838 1.5585302692875791 0.57145327630474652 1.3409395388167957 3.9404568368205912 0.61605978232732939 1.898141889079181 0.8068352369092342 1.2335507907384309 0.4320501273914738
decision_type=2 2 2 2 2 2 2 2 2 2 2 2 2 2 2 2 2 2 2 2 2 2 2 2 2 2 2 2 2 2
left_child=1 3 17 -1 10 29 11 -8 18 12 20 -7 27 15 -11 -10 -16 23 -3 -20 -4 -17 -15 24 28 -22 -21 -5 -2 -6
right_child=2 8 4 9 5 6 7 -9 13 14 -12 -13 -14 22 16 21 -18 -19 19 26 25 -23 -24 -25 -26 -27 -28 -29 -30 -31
leaf_value=-0.068667532529873634 -0.1168085226538652 0.048286024403109438 -0.053314639940178189 -0.05816215668770474 -0.040157313723235999 0.039559232869291666 -0.065949477800270898 0.031773410800367843 0.046862143984456352 -0.043911953927759512 0.054723888472954889 -0.080290430733974572 -0.016489391381657264 -0.072400045631016471 -0.029830123356481254 -0.028366433346655801 0.021716009046376515 -0.070201558421006879 -0.1887121715431414 0.045018091942588781 0.027443527764032194 -0.06364574300400043 0.047660060914144944 0.056228973003187181 -0.10345359902249057 0.058036786137710794 -0.04948753844007462 0.040400421578045215 -0.0016838841311749885 0.052284821391559759
leaf_weight=300916.47294828296 332.53083515167236 80081.37377923727 764.19247823953629 455.62265838682652 40827.434467121959 296074.38612615317 64046.746790468693 301468.39434567094 2392.7606897205114 153531.37582290173 170105.53943552077 2653.073637843132 15314.17229925096 354.89549632370472 52971.386177748442 13059.881814420223 6247.3652308136225 23672.281265974045 422.92771330475807 3476.8693937212229 94939.694775491953 5588.7324778884649 5131.0382542312145 760.78451803326607 1002.8590661436319 5125.925281971693 580.2926832139492 14781.484937310219 4408.2735288143158 369.37297780811787
leaf_count=1351717 1372 678093 3784 2284 178330 2280059 287608 2148034 18952 620651 1516969 12337 65581 1526 217146 53910 25453 107379 2932 28535 659807 23422 39004 3883 4022 35844 2333 115884 19280 2573
internal_value=0.000375683 -0.038168 0.0254692 -0.0524264 0.0280683 0.0215952 0.0253737 0.0146501 0.031683 -0.0323392 0.0449224 0.0384948 0.0104139 -0.0148971 -0.0384787 -0.0291821 -0.0243922 -0.0586236 0.0462954 0.0107125 0.0283867 -0.0389392 0.0398931 -0.0164867 -0.0261183 0.0290107 0.031501 0.0374532 -0.00975899 -0.0393285
internal_weight=1.66186e+06 655307 1.00655e+06 544218 976375 705439 664243 365515 111089 243301 270935 298727 30551.3 26527.3 212750 21041.4 59218.8 30176.7 84561.5 4480.09 100830 18648.6 5485.93 6504.45 5743.66 100066 4057.16 15237.1 4740.8 41196.8
internal_count=10508704 3247423 7261281 2398716 7125345 4908941 4728038 2435642 848707 1046999 2216404 2292396 183749 136814 863250 96284 242599 135936 711893 33800 699435 77332 40530 28557 24674 695651 30868 118168 20652 180903
is_linear=0
shrinkage=0.05


Tree=17
num_leaves=31
num_cat=0
split_feature=3 1 1 1 3 3 3 1 1 1 3 2 3 3 0 2 3 2 2 1 2 1 1 0 2 3 0 0 0 3
split_gain=592544 239215 81332.1 68883.3 40816.7 59554.8 35185.1 185093 28464 23043.5 17602.7 14625.4 8222.09 7613.27 6093.18 5758.24 5643.88 2312.15 6111.63 1869.3 1836.85 1777.22 1768.9 1665.99 2615.67 1647.37 1577.69 1460.52 1450.54 1160.8
threshold=2.2178256005370165 0.27487220877274449 -0.3655985187638065 -0.060538756366212566 2.4187326247601866 2.424076018411276 3.4107891595359914 -0.11968728775692156 0.42632142793878453 0.21358138209946523 2.3061047080024362 3.2490814745305499 1.7867589845313252 2.0130234995999845 0.81992422886425576 0.88146779030775313 3.8960051191118263 1.7376526579221052 1.782367713283475 0.17514869934927838 1.5585302692875791 0.61605978232732939 0.57145327630474652 1.3409395388167957 3.9404568368205912 1.898141889079181 0.8068352369092342 0.75609560439830281 1.2335507907384309 1.898141889079181
decision_type=2 2 2 2 2 2 2 2 2 2 2 2 2 2 2 2 2 2 2 2 2 2 2 2 2 2 2 2 2 2
left_child=1 3 16 -1 10 -6 11 -8 17 12 19 -7 26 15 27 -10 23 -3 -19 -4 -17 -21 -15 24 28 -20 -5 -11 -2 -14
right_child=2 8 4 9 5 6 7 -9 13 14 -12 -13 29 22 -16 20 -18 18 25 21 -22 -23 -24 -25 -26 -27 -28 -29 -30 -31
leaf_value=-0.06684400957323397 -0.10903637348598601 0.047564195858224328 -0.049647716278540671 -0.053830189701607814 -0.037227184438439802 0.023564810802200891 -0.061546042284461526 0.031216169988145082 0.047657131829023383 0.0042925829185588155 0.054214408702091502 0.046553310091375838 -0.088250454968276812 -0.068533115485255466 -0.016399380526703446 -0.026813905577658059 -0.068438554681632721 -0.15897764776867573 0.044187998339003505 0.026555463460356494 -0.061167951875291462 0.057351093409885749 0.046826425615773153 0.054904531978507656 -0.098029595324653052 -0.047080942628785677 0.039518452334127034 -0.040652874861955374 -0.0015988832474333862 -0.013003657823094629
leaf_weight=293848.87348389626 338.25906789302826 77302.610080301762 779.19757471978664 467.35587790608406 41341.263165801764 113410.1909545809 65866.414755448699 292961.98157948256 2251.9907417818904 1825.9540304392576 163291.55885349214 177431.0416868329 530.86456564068794 356.13800829648972 31600.764737084508 13150.893126994371 23082.944425150752 475.37851323187351 3367.8589842990041 93252.560627058148 5525.9560693800449 4932.7490326315165 4965.4878151193261 740.69256040453911 1005.3410486876965 579.47567015886307 14366.44189542532 178763.31028267741 4410.4408776760101 14843.612290769815
leaf_count=1351717 1372 678093 3784 2284 180903 812534 300098 2135544 17601 8303 1516969 1479862 2167 1526 130924 55261 107379 2932 28535 659807 23422 35844 39004 3883 4022 2333 115884 724023 19280 63414
internal_value=0.000373179 -0.0368962 0.024802 -0.050568 0.0273356 0.0209618 0.0246646 0.0141888 0.0310032 -0.0308374 0.0441299 0.0375892 0.0100208 -0.0142933 -0.0366541 -0.0278713 -0.0568531 0.0455526 0.0103923 0.0274904 -0.0369783 0.0281026 0.0391062 -0.0156773 -0.024763 0.0307896 0.0365774 -0.0401984 -0.00925186 -0.0156019
internal_weight=1.62707e+06 644223 982845 536247 953267 691011 649670 358828 107976 242398 262256 290841 30208.3 26250.5 212190 20928.8 29577.7 81725.3 4422.71 98964.5 18676.8 98185.3 5321.63 6494.73 5754.04 3947.33 14833.8 180589 4748.7 15374.5
internal_count=10508704 3247423 7261281 2398716 7125345 4908941 4728038 2435642 848707 1046999 2216404 2292396 183749 136814 863250 96284 135936 711893 33800 699435 78683 695651 40530 28557 24674 30868 118168 732326 20652 65581
is_linear=0
shrinkage=0.05


Tree=18
num_leaves=31
num_cat=0
split_feature=3 1 1 1 3 3 3 1 1 1 3 2 3 3 1 1 3 2 2 2 1 2 2 1 0 2 3 0 0 1
split_gain=546333 219435 75202.2 66909.8 39088.8 54615 33100.2 169525 26794.6 20806.7 17633.4 14374.7 7605.78 6870.95 5767.58 5540.24 5415.45 5184.85 2157.98 5188.28 1806.21 4507.81 1671.87 1635.87 1525.18 2370.51 1480.59 1451.84 1294.25 1124.83
threshold=2.2178256005370165 0.27487220877274449 -0.3655985187638065 -0.060538756366212566 2.4187326247601866 2.424076018411276 3.4107891595359914 -0.16519490745588292 0.40960982673467899 0.21358138209946523 2.3061047080024362 3.2490814745305499 1.7867589845313252 2.0130234995999845 0.25671215759325344 0.24005338388781233 3.8960051191118263 0.88146779030775313 1.7376526579221052 1.782367713283475 0.61605978232732939 2.3545810747388356 1.5585302692875791 0.57145327630474652 1.3409395388167957 3.9404568368205912 1.898141889079181 0.8068352369092342 1.2335507907384309 0.4320501273914738
decision_type=2 2 2 2 2 2 2 2 2 2 2 2 2 2 2 2 2 2 2 2 2 2 2 2 2 2 2 2 2 2
left_child=1 3 16 -1 10 29 11 -8 18 12 20 -7 27 17 15 -11 24 -10 -3 -20 21 -4 -19 -15 25 28 -21 -5 -2 -6
right_child=2 8 4 9 5 6 7 -9 13 14 -12 -13 -14 23 -16 -17 -18 22 19 26 -22 -23 -24 -25 -26 -27 -28 -29 -30 -31
leaf_value=-0.065158346226278682 -0.10253709520521388 0.046881829976498333 -0.099801001378203913 -0.049981085713207439 -0.036027299777965163 0.022737620445416371 -0.060518507044833726 0.029937567413162156 0.046772953679732575 -0.026900034401236429 0.053723797827114617 0.045785711385826183 -0.014781532516243163 -0.06092279151746334 -0.040098346462274934 0.023340074902207613 -0.066816237753724583 -0.024989951802273216 -0.13776849689582507 0.043419467606004701 0.056700089309691129 0.026044946417118159 -0.057638777989500248 0.046006897917418133 0.053640675136955286 -0.0933741444748655 -0.048444526798327232 0.038646611150526339 -0.0015182109590056933 0.052045691566387678
leaf_weight=286563.51720444858 341.61652791500092 74512.942649617791 717.14955350756645 477.89487142860889 41107.099095851183 111703.49188152701 63095.017348527908 289243.62355689704 2182.2156734094024 53211.109925627708 156710.37507250905 171535.71658165008 15416.048426792026 386.44231516122818 152149.18034437299 6118.3747607469559 22476.63722294569 13264.999285668135 519.7112101316452 3213.6368823125958 4744.6833819448948 91705.427545085549 5566.5632571429014 4805.3283152803779 720.74641302227974 1002.7393660545349 507.94112440943718 13966.266654610634 4412.4944579601288 365.75300599634647
leaf_count=1351717 1372 677629 4186 2284 178330 812534 287608 2148034 17605 217178 1516969 1479862 65581 1647 621151 24921 107379 55635 2931 28327 35844 659405 23879 39004 3883 4022 2050 115884 19280 2573
internal_value=0.000370122 -0.0356944 0.0241479 -0.0488225 0.0266161 0.0203421 0.0239697 0.0137392 0.0303344 -0.0294255 0.0433476 0.036696 0.00964462 -0.0134604 -0.0349421 -0.021719 -0.0552078 -0.0261863 0.0449072 0.0102157 0.026613 0.0250684 -0.0346409 0.0380477 -0.0149278 -0.0235124 0.0308814 0.0357143 -0.00877713 -0.0352506
internal_weight=1.59274e+06 632862 959883 527902 930928 677051 635578 352339 104960 241339 253878 283239 29860.2 26205.5 211479 59329.5 28954.2 21013.8 78754.2 4241.29 97167.3 92422.6 18831.6 5191.77 6477.6 5756.85 3721.58 14444.2 4754.11 41472.9
internal_count=10508704 3247423 7261281 2398716 7125345 4908941 4728038 2435642 848707 1046999 2216404 2292396 183749 137770 863250 242099 135936 97119 710937 33308 699435 663591 79514 40651 28557 24674 30377 118168 20652 180903
is_linear=0
shrinkage=0.05


Tree=19
num_leaves=31
num_cat=0
split_feature=3 1 1 1 3 3 3 1 1 1 3 2 3 3 0 3 3 2 2 1 2 1 1 3 0 2 0 0 0 2
split_gain=503869 201446 69559.7 65110.2 37413.2 50105.6 31117.7 155642 25252.8 18813.5 17655 14117.5 7028.78 6407.62 5532.42 5201.86 4851.1 2135.79 4440.34 1762.4 3980.59 1628.72 1554.27 1412.36 1397.85 2161.31 1335.91 1228.85 1162.82 1134.57
threshold=2.2178256005370165 0.27487220877274449 -0.3655985187638065 -0.051886445752020081 2.4187326247601866 2.424076018411276 3.4107891595359914 -0.11968728775692156 0.42632142793878453 0.21358138209946523 2.3061047080024362 3.2490814745305499 1.7867589845313252 2.0130234995999845 0.81992422886425576 3.8960051191118263 1.0858476682246934 1.7376526579221052 1.782367713283475 0.61605978232732939 2.3545810747388356 0.72828833234014589 0.46920906322072686 1.898141889079181 1.3409395388167957 3.9404568368205912 0.8068352369092342 0.75609560439830281 1.2335507907384309 2.2977714132532721
decision_type=2 2 2 2 2 2 2 2 2 2 2 2 2 2 2 2 2 2 2 2 2 2 2 2 2 2 2 2 2 2
left_child=1 3 15 -1 10 -6 11 -8 17 12 19 -7 26 16 27 24 -10 -3 -19 20 -4 -18 -15 -20 25 28 -5 -11 -2 -16
right_child=2 8 4 9 5 6 7 -9 13 14 -12 -13 -14 22 29 -17 21 18 23 -21 -22 -23 -24 -25 -26 -27 -28 -29 -30 -31
leaf_value=-0.063592314407664441 -0.097019899652130259 0.046154441667707428 -0.090370474097553694 -0.046488306756454295 -0.033416793544888662 0.021930713044152964 -0.056538620611423999 0.02940448464329078 0.044846987158713186 0.0040549156651449375 0.053250079612999913 0.045027666442596821 -0.01397865967829981 -0.083225137307327487 -0.011874305152405088 -0.065316846983614049 -0.045786993526376163 -0.12171562951253019 0.042617267377363571 0.056080356591096531 0.025187618034462907 -0.01544242577128109 0.043992625649456246 -0.042515152302356751 0.05243025925256193 -0.089336053987954508 0.03778396564948177 -0.037162903876133774 -0.0014416489141979433 -0.053790737389380963
leaf_weight=279134.95807899535 342.94788724184036 72035.068608418107 751.43730597198009 487.14067415893078 41558.074956789613 110065.27310740203 64826.003540933132 281163.05676693469 2193.1167972460389 1826.9619029760361 150360.14959052205 165847.42272957414 15458.727168217301 252.85732245445251 30132.575331270695 21858.675097838044 11194.193417206407 557.91094426810741 3162.3345729857683 4561.8941785395145 90126.389593943954 7309.534011900425 4754.1426881700754 575.90927876532078 701.02008037269115 995.8231161236763 13580.756315141916 177022.37839797139 4414.4403028488159 1705.7566290199757
leaf_count=1351752 1372 678093 4186 2283 180903 812534 300098 2135544 18952 8303 1516969 1479862 65547 1073 123973 107379 47505 2932 28535 35844 659405 29827 39457 2333 3883 4022 115884 724023 19280 6951
internal_value=0.000366315 -0.0345504 0.0235077 -0.0471691 0.0259109 0.0197376 0.0232896 0.0133018 0.0296775 -0.028085 0.042574 0.035814 0.00929318 -0.0131874 -0.0333233 -0.0536711 -0.0254662 0.0441119 0.00986433 0.0257544 0.0242321 -0.0338 0.037568 0.0295019 -0.0142302 -0.0223527 0.0348658 -0.0367419 -0.00833164 -0.01412
internal_weight=1.55896e+06 621384 937573 519349 909260 663460 621902 345989 102035 240214 245800 275913 29526.6 25703.8 210688 28312.9 20696.8 76331.2 4296.15 95439.7 90877.8 18503.7 5007 3738.24 6454.23 5753.21 14067.9 178849 4757.39 31838.3
internal_count=10508704 3247423 7261281 2398716 7125345 4908941 4728038 2435642 848707 1046964 2216404 2292396 183714 136814 863250 135936 96284 711893 33800 699435 663591 77332 40530 30868 28557 24674 118167 732326 20652 130924
is_linear=0
shrinkage=0.05


Tree=20
num_leaves=31
num_cat=0
split_feature=3 1 1 1 3 3 3 1 1 3 1 1 3 3 1 1 3 2 2 2 1 2 2 1 3 0 2 0 2 3
split_gain=464810 185078 64355.2 63414.2 35797.9 45972.4 29239 142645 23773.3 17665.3 17009.5 14063.6 6505.48 5877.3 5110.21 5051.87 5001.6 4430.05 2053.7 3866.16 1719.85 3534.73 1618.87 1436.58 1311.24 1282.42 1980.8 1234.58 1196.95 1156.8
threshold=2.2178256005370165 0.27487220877274449 -0.3655985187638065 -0.060538756366212566 2.4187326247601866 2.424076018411276 3.4107891595359914 -0.16519490745588292 0.42632142793878453 2.3061047080024362 0.21358138209946523 0.72828833234014589 1.7867589845313252 2.0130234995999845 0.25671215759325344 0.24005338388781233 3.8960051191118263 0.88146779030775313 1.7376526579221052 1.782367713283475 0.61605978232732939 2.3545810747388356 1.5585302692875791 0.46920906322072686 1.898141889079181 1.3409395388167957 3.9404568368205912 0.8068352369092342 2.5193910835521067 8.0333519505345929
decision_type=2 2 2 2 2 2 2 2 2 2 2 2 2 2 2 2 2 2 2 2 2 2 2 2 2 2 2 2 2 2
left_child=1 3 16 -1 9 28 11 -8 18 20 12 -7 27 17 15 -12 25 -10 -3 -20 21 -4 -19 -15 -21 26 -2 -5 -6 -18
right_child=2 8 4 10 5 6 7 -9 13 -11 14 -13 -14 23 -16 -17 29 22 19 24 -22 -23 -24 -25 -26 -27 -28 -29 -30 -31
leaf_value=-0.062132486855123008 -0.0079127018525525523 0.045458730778000798 -0.082446177353235728 -0.043432159699650037 -0.022018535846795407 0.036086102436453958 -0.055747692851496278 0.028166227754304603 0.045348609235635856 0.052791441943250118 -0.024324223240558371 -0.079393312726820847 -0.013253113738681689 -0.079721646435901586 -0.036705015276002 0.023649858133327581 -0.066364379643777519 -0.022658947444719788 -0.10913304251675991 0.041811372068144816 0.055488794159734581 0.024348636292461031 -0.05530853285377671 0.043152828354622183 -0.040563370374186301 0.051267050403379311 -0.085801419237496956 0.036929732997767077 -0.039119291265250572 -0.0080852097254186153
leaf_weight=271594.33243462443 4758.8360397219658 69544.097520291805 781.64639163017273 495.86638908088207 18105.291424617171 266194.62240394205 61929.220293164253 277919.75441294163 2053.5731946602464 144238.22793176025 53341.766374528408 2662.8695090711117 15514.254713535309 250.82109516859055 150327.89490370452 6116.8192937225103 20344.99844647944 13196.417888537049 590.21630597114563 3064.620418868959 4384.4989020749927 88609.559663206339 5330.1004308611155 4608.0632709190249 573.5002044737339 681.57599470019341 985.26278011500835 13209.668260753155 23532.622250407934 888.66621002554893
leaf_count=1351717 20652 678093 4186 2284 83469 2280059 287608 2148034 17601 1516969 217178 12337 65581 1073 621151 24921 102885 55261 2932 28535 35844 659405 23422 39457 2333 3883 4022 115884 97434 4494
internal_value=0.000362003 -0.0334607 0.0228785 -0.0456027 0.025217 0.019145 0.0226218 0.012875 0.029029 0.0418081 -0.0268191 0.0349423 0.00892138 -0.0126513 -0.0317972 -0.0193889 -0.0522289 -0.0243289 0.0434017 0.00956896 0.0249144 0.0234148 -0.0320523 0.0368099 0.0288261 -0.0135783 -0.0212726 0.0340222 -0.0316834 -0.0639253
internal_weight=1.52583e+06 609812 916018 510601 888358 650344 608706 339849 99211.4 238014 239006 268857 29219.8 25439 209786 59458.6 27659.3 20580.1 73772.4 4228.34 93775.7 89391.2 18526.5 4858.88 3638.12 6425.67 5744.1 13705.5 41637.9 21233.7
internal_count=10508704 3247423 7261281 2398716 7125345 4908941 4728038 2435642 848707 2216404 1046999 2292396 183749 136814 863250 242099 135936 96284 711893 33800 699435 663591 78683 40530 30868 28557 24674 118168 180903 107379
is_linear=0
shrinkage=0.05


Tree=21
num_leaves=31
num_cat=0
split_feature=3 1 1 1 3 3 3 1 1 3 1 2 3 3 0 3 3 2 2 1 2 2 1 3 0 2 2 0 3 3
split_gain=428852 170142 61652.8 59548.6 34226.1 42213.5 27451 131018 22173.3 17662.9 15426 14199.5 6015.77 5394.84 5053.89 4823.69 4097.36 1943.04 3398.42 1678.28 3152.52 1501.46 1354.49 1200.54 1176.5 1824.97 1142.85 1140.2 1116.18 1077.17
threshold=2.2178256005370165 0.26971789134358293 -0.060538756366212566 -0.3655985187638065 2.4187326247601866 2.424076018411276 3.4107891595359914 -0.11968728775692156 0.42632142793878453 2.3061047080024362 0.21358138209946523 3.2490814745305499 1.7867589845313252 2.0130234995999845 0.81992422886425576 3.8960051191118263 1.0858476682246934 1.7376526579221052 1.782367713283475 0.61605978232732939 2.3545810747388356 1.5585302692875791 0.57145327630474652 1.898141889079181 1.3409395388167957 3.9404568368205912 2.5193910835521067 0.8068352369092342 8.0333519505345929 1.898141889079181
decision_type=2 2 2 2 2 2 2 2 2 2 2 2 2 2 2 2 2 2 2 2 2 2 2 2 2 2 2 2 2 2
left_child=1 2 -1 15 9 26 11 -8 17 19 12 -7 27 16 -12 24 -10 -3 -19 20 -5 -18 -15 -20 25 -2 -6 -4 -17 -14
right_child=3 8 10 4 5 6 7 -9 13 -11 14 -13 29 22 -16 28 21 18 23 -21 -22 -23 -24 -25 -26 -27 -28 -29 -30 -31
leaf_value=-0.060764342565834455 -0.0075009543892948921 0.04445042137747484 -0.040617114403815456 -0.075674498978230739 -0.02075203856498713 0.019959028587581903 -0.052101882274225519 0.027655361045570089 0.043493250707282535 0.05234618246564459 -0.033712328624338136 0.043672260950414626 -0.083155315863998547 -0.058501079386722443 -0.012121344023834345 -0.06509678216955686 -0.021732230129043371 -0.098921419870984184 0.040986278822057992 0.054922593141724464 0.023527866981798609 -0.053368690876753368 0.043658331765736025 -0.03745126374116995 0.050145574460610437 -0.082682691244642587 -0.037453054288320319 0.036083273648929499 -0.0077102474074396375 -0.010102675432892706
leaf_weight=264016.83436943591 4768.7940096259117 67553.011803001165 503.51585599780083 808.28189603984356 18246.002115607262 106018.06636824459 63610.569382548332 270250.37115487456 2066.289518237114 138341.26972012967 176394.03914549947 156050.7099378109 522.12710732221603 350.51248578727245 32023.680747374892 19719.975672438741 13131.940166726708 618.04910753667355 2971.2496316432953 4212.5721433907747 87153.382979221642 5249.704765573144 4364.9198162928224 583.65607367455959 662.46623109281063 971.64378194510937 23355.143466070294 12852.727065861225 885.37591150403023 15035.564936995506
leaf_count=1351717 20652 680371 2284 4186 83469 812534 300098 2135544 18952 1516969 729991 1479862 2167 1526 130924 102885 53910 2934 28538 35844 659405 23422 39004 2385 3883 4022 97434 115884 4494 63414
internal_value=0.000356671 -0.0324181 -0.0441402 0.0222627 0.0245376 0.0185675 0.0219669 0.0124592 0.0282375 0.0410487 -0.0256469 0.0340792 0.00857718 -0.0121457 -0.0303948 -0.0508519 -0.0232633 0.0424051 0.00929402 0.0240928 0.0226163 -0.0307674 0.0360645 0.0281081 -0.0129455 -0.0202264 -0.0301281 0.0331918 -0.062631 -0.0125544
internal_weight=1.49329e+06 598238 501348 895055 868046 637531 595930 333861 96889.3 230516 237332 262069 28913.9 25163.4 208418 27008.3 20447.9 71726 4172.95 92174.2 87961.7 18381.6 4715.43 3554.91 6402.9 5740.44 41601.1 13356.2 20605.4 15557.7
internal_count=10508704 3247423 2396381 7261281 7125345 4908941 4728038 2435642 851042 2216404 1044664 2292396 183749 136814 860915 135936 96284 714228 33857 699435 663591 77332 40530 30923 28557 24674 180903 118168 107379 65581
is_linear=0
shrinkage=0.05


Tree=22
num_leaves=31
num_cat=0
split_feature=3 1 1 1 3 3 3 1 1 3 1 2 3 3 3 0 2 2 2 1 2 1 1 3 2 2 0 2 3 0
split_gain=395722 156531 60280.9 55107.7 32706.5 38763.5 25761.7 120125 21066.2 17647 13938.2 13894.3 5562.85 4955.88 4656.86 4638.78 3753.47 1894.35 3009.99 1637.49 2821.34 1477.44 1256.11 1132.65 1089.15 1083.9 1080.07 1688 1079.45 1053.82
threshold=2.2178256005370165 0.27487220877274449 -0.060538756366212566 -0.3655985187638065 2.4187326247601866 2.424076018411276 3.4107891595359914 -0.16519490745588292 0.42632142793878453 2.3061047080024362 0.21358138209946523 3.2490814745305499 1.7867589845313252 2.0130234995999845 3.8960051191118263 0.81992422886425576 0.88146779030775313 1.7376526579221052 1.782367713283475 0.61605978232732939 2.3545810747388356 0.77090001566801269 0.57145327630474652 1.898141889079181 2.5193910835521067 1.3710665965557243 1.3409395388167957 3.9404568368205912 8.0333519505345929 0.8068352369092342
decision_type=2 2 2 2 2 2 2 2 2 2 2 2 2 2 2 2 2 2 2 2 2 2 2 2 2 2 2 2 2 2
left_child=1 2 -1 14 9 24 11 -8 17 19 12 -7 29 16 26 -12 -10 -3 -19 20 -5 -18 -15 -20 -6 -24 27 -2 -16 -4
right_child=3 8 10 4 5 6 7 -9 13 -11 15 -13 -14 22 28 -17 21 18 23 -21 -22 -23 25 -25 -26 -27 -28 -29 -30 -31
leaf_value=-0.059477320244288916 -0.0071116241432121145 0.044088098479045962 -0.038052619385455122 -0.069806529008527948 -0.019571225310642794 0.019222755235348197 -0.051492364110764681 0.026457570132616338 0.043986841892447254 0.051912732807854328 -0.032171284701720017 0.042933321261026149 -0.011907572010216574 -0.055805232630715129 -0.063921871832742505 -0.011495121043482215 -0.038052839732466613 -0.090509394388899531 0.040217475018545806 0.054379179857670636 0.022725216500784174 -0.0064306764830833214 -0.31940341649334392 -0.037048934393028823 -0.035871233187610908 0.044647459970863348 0.049061004281078249 -0.079911454436127613 -0.0073515548267213101 0.035244088986665326
leaf_weight=256436.35526561737 4778.1275209188461 64855.91451382637 510.39229394495487 831.77396792173386 18376.05777476728 104611.40694229305 60627.911570504308 267459.79955299199 1934.5112426877022 132665.34126476198 175752.47139210999 150930.4018111378 15583.212565422058 349.10765145719051 19094.200143367052 32078.374795049429 13247.157050013542 640.84869275987148 2880.1688409298658 4046.1534093618393 85756.2464376688 5121.9058232903481 20.545778527855873 567.80599407851696 23170.544085249305 4205.2031314224005 643.7341275960207 955.47801642119884 882.2283841073513 12509.627949178219
leaf_count=1351717 20652 678093 2284 4186 83469 812534 287608 2148034 17601 1516969 732326 1479862 65581 1526 102885 130924 56924 2932 28535 35844 659405 21759 176 2333 97434 38828 3883 4022 4494 115884
internal_value=0.000351236 -0.0314188 -0.042687 0.0216574 0.0238691 0.0180022 0.021324 0.0120531 0.027775 0.0402948 -0.0244762 0.0332269 0.00824768 -0.0116659 -0.0495479 -0.02898 -0.0222589 0.0420071 0.0089986 0.0232891 0.0218363 -0.0292355 0.0353469 0.0274934 -0.0286617 0.0428774 -0.0123487 -0.0192434 -0.0614235 0.0323708
internal_weight=1.46152e+06 586694 492870 874829 848476 625176 583630 328088 93823.2 223300 236434 255542 28603.2 24878.4 26353.8 207831 20303.6 68944.7 4088.82 90634.2 86588 18369.1 4574.86 3447.97 41546.6 4225.75 6377.34 5733.61 19976.4 13020
internal_count=10508704 3247423 2398716 7261281 7125345 4908941 4728038 2435642 848707 2216404 1046999 2292396 183749 136814 135936 863250 96284 711893 33800 699435 663591 78683 40530 30868 180903 39004 28557 24674 107379 118168
is_linear=0
shrinkage=0.05


Tree=23
num_leaves=31
num_cat=0
split_feature=3 1 1 1 3 3 3 1 1 3 2 1 3 3 3 1 1 3 2 2 1 2 2 1 3 3 2 3 0 3
split_gain=365148 144018 58827 51002.2 31235 35596 24158.8 110338 19831.4 17616.4 13581.3 12631.7 5138.26 4499.78 4488.1 4365.29 4810.51 3417.73 1772.82 2695.18 1597.29 2531.9 1367.85 1150.78 1046.05 1040.09 1036.05 996.896 992.135 1611.63
threshold=2.2178256005370165 0.27487220877274449 -0.051886445752020081 -0.3655985187638065 2.4187326247601866 2.424076018411276 3.4107891595359914 -0.11968728775692156 0.40960982673467899 2.3061047080024362 3.2490814745305499 0.21358138209946523 1.7867589845313252 3.8960051191118263 2.0130234995999845 0.25671215759325344 0.24005338388781233 1.0858476682246934 1.7376526579221052 1.782367713283475 0.61605978232732939 2.3545810747388356 1.4823554615959755 0.57145327630474652 8.0333519505345929 1.898141889079181 2.5193910835521067 1.898141889079181 1.3409395388167957 3.7114218561852899
decision_type=2 2 2 2 2 2 2 2 2 2 2 2 2 2 2 2 2 2 2 2 2 2 2 2 2 2 2 2 2 2
left_child=1 2 -1 13 9 26 10 -8 18 20 -7 12 -4 28 17 16 -13 -10 -3 -20 21 -5 -19 -16 -15 -21 -6 -14 29 -2
right_child=3 8 11 4 5 6 7 -9 14 -11 -12 15 27 24 23 -17 -18 22 19 25 -22 -23 -24 -25 -26 -27 -28 -29 -30 -31
leaf_value=-0.058261175885586082 0.0060914352598942347 0.043445104856017255 0.031562013216980815 -0.064661713150285849 -0.018468550327182334 0.018506111418936686 -0.048118233906768837 0.025967565386942421 0.042103250572802842 0.051489633214756247 0.042198873632977314 -0.021067560377493591 -0.079799003021930479 -0.062829309775836159 -0.049166892849704241 -0.03229006225529215 0.025650962139399571 -0.017589739267680562 -0.083378406371905633 0.039493043633233971 0.053856204779638941 0.021940616423198254 -0.046164095497772305 0.042112797455140905 -0.0070085134334092209 -0.039215693759191678 -0.034366468901653367 -0.0089404082701052354 0.048009096684444481 -0.047154560076029479
leaf_weight=248898.01939837635 3100.060752555728 62533.246092259884 12696.383453756571 852.49286045134068 18496.351072832942 103264.33937712014 62288.508124500513 260183.46423592418 1945.6271598190069 127206.0197866261 146005.13211324811 53373.896067515016 513.24212911725044 18470.750336050987 377.11066102981567 147282.91090703011 6144.3184806704521 11982.348293453455 660.17480790615082 2745.5530804917216 3885.2498333975673 84416.493492744863 6438.7180144786835 4091.9875908792019 879.21867236495018 495.46949322521687 22980.730388745666 15098.523823350668 625.41492168605328 2624.0324679166079
leaf_count=1351752 13335 677629 118167 4186 83469 812534 300098 2135544 18957 1516969 1479862 217178 2167 102885 1647 621151 24921 49079 2931 28327 35844 659405 29083 39004 4494 2050 97434 63380 3883 11339
internal_value=0.000345373 -0.0304558 -0.0413195 0.0210628 0.0232119 0.017449 0.0206936 0.0116572 0.0271547 0.0395454 0.0323837 -0.0233842 0.00794048 -0.0483081 -0.0109641 -0.0276721 -0.0162446 -0.0209208 0.041405 0.00870393 0.0225034 0.0210748 -0.0275773 0.0344105 -0.0602929 0.0274605 -0.0272769 -0.0112699 -0.0117845 -0.0183175
internal_weight=1.43056e+06 575278 484007 855278 829579 613219 571741 322472 91270.2 216360 249269 235109 28308.1 25699.5 24835.8 206801 59518.2 20366.7 66434.4 3901.2 89154.2 85269 18421.1 4469.1 19350 3241.02 41477.1 15611.8 6349.51 5724.09
internal_count=10508704 3247423 2398716 7261281 7125345 4908941 4728038 2435642 848707 2216404 2292396 1046964 183714 135936 137770 863250 242099 97119 710937 33308 699435 663591 78162 40651 107379 30377 180903 65547 28557 24674
is_linear=0
shrinkage=0.05


Tree=24
num_leaves=31
num_cat=0
split_feature=3 1 1 1 3 3 3 1 1 3 2 1 2 3 3 2 0 2 2 2 1 2 2 1 3 0 3 0 1 2
split_gain=336939 132561 57255.9 47188.2 29813.7 32684.7 22642.7 101186 18489.2 17570.4 13260.3 11507.2 8325.92 4366.69 4185.08 3187.97 2235.2 1925.22 1700.91 2405.42 1557.53 2277.18 1347.03 1114.45 1015.53 999.866 1187.78 3613.15 1064.87 983.749
threshold=2.2178256005370165 0.26971789134358293 -0.060538756366212566 -0.3655985187638065 2.4187326247601866 2.424076018411276 3.4107891595359914 -0.16519490745588292 0.42632142793878453 2.3061047080024362 3.2490814745305499 0.25671215759325344 1.9591535062539875 3.8960051191118263 2.0130234995999845 0.88146779030775313 0.84775196362271432 1.8608364020288832 1.7376526579221052 1.782367713283475 0.61605978232732939 2.3545810747388356 1.5585302692875791 0.46920906322072686 8.0333519505345929 1.2335507907384309 3.7114218561852899 1.2999951718842284 -0.38870387222135355 2.5193910835521067
decision_type=2 2 2 2 2 2 2 2 2 2 2 2 2 2 2 2 2 2 2 2 2 2 2 2 2 2 2 2 2 2
left_child=1 2 -1 13 9 29 10 -8 18 20 -7 12 17 25 15 -10 -14 -4 -3 -20 21 -5 -17 -16 -15 -2 28 -28 -27 -6
right_child=3 8 11 4 5 6 7 -9 14 -11 -12 -13 16 24 23 22 -18 -19 19 -21 -22 -23 -24 -25 -26 26 27 -29 -30 -31
leaf_value=-0.057109356507197645 -0.089869858120020796 0.04239455057538017 -0.0071251583974913562 -0.06010577796957163 -0.017437364373753775 0.017808966324786835 -0.047650469873944203 0.024810887940589429 0.042633435606954984 0.051075511216492744 0.041467931015489408 -0.030982657026485283 -0.034305282880737593 -0.061810113124572401 -0.070542679819218398 -0.018304318098961315 -0.011022186887157125 0.014332449398921008 -0.077224434528670574 0.026273139256257086 0.053351510673339299 0.021174022250969246 -0.048724569685788581 0.040119532885482249 -0.006680520655005337 0.056609592203207527 -0.13457996236226497 -0.00071102696580327982 -0.0070829015591778767 -0.032932415322576229
leaf_weight=241406.78432138264 379.8064920604229 60918.404099613428 16202.428304314613 870.75959408283234 18607.694422930479 101974.88957007974 59249.792696505785 257821.36080303043 1823.7774982526898 121958.49727896601 141270.68069766462 145766.03802955151 23618.692884638906 17852.250927910209 240.99048398435116 13177.971578121185 18290.689120918512 29460.826788976789 677.11233441531658 3285.0294122248888 3729.8420835882425 83132.412773951888 5027.3623237907887 4067.5068760961294 876.34161990880966 1079.348076581955 626.61409917473793 2576.7742362469435 1674.0251405239105 22787.360395893455
leaf_count=1351717 1541 680371 66520 4186 83469 812534 287608 2148034 17601 1516969 1479862 618816 96448 102885 1073 55261 74025 188855 2934 30923 35844 659405 23422 39457 4494 4690 2684 12368 7274 97434
internal_value=0.000339209 -0.0295293 -0.040038 0.0204772 0.0225644 0.0169065 0.0200739 0.0112703 0.0263892 0.0387998 0.0315495 -0.0223763 -0.00805101 -0.0470914 -0.0107747 -0.0203911 -0.0241437 0.00671877 0.0403299 0.00858587 0.0217353 0.0203315 -0.0267048 0.0339298 -0.0592305 -0.0112128 -0.00619756 -0.0268971 0.0178852 -0.0259672
internal_weight=1.40043e+06 563964 474745 836468 811403 601712 560317 317071 89218.2 209692 243246 233339 87572.6 25065.2 24337.6 20029.1 41909.4 45663.3 64880.5 3962.14 87733 84003.2 18205.3 4308.5 18728.6 6336.57 5956.76 3203.39 2753.37 41395.1
internal_count=10508704 3247423 2396381 7261281 7125345 4908941 4728038 2435642 851042 2216404 2292396 1044664 425848 135936 136814 96284 170473 255375 714228 33857 699435 663591 78683 40530 107379 28557 27016 15052 11964 180903
is_linear=0
shrinkage=0.05


Tree=25
num_leaves=31
num_cat=0
split_feature=3 1 1 1 3 3 3 1 1 3 1 1 3 2 3 3 3 0 2 1 1 2 1 3 1 3 1 0 3 0
split_gain=310875 122071 56002.3 43644.2 28437.4 30009.4 21205.8 92919.8 17576.7 17508.3 13009.5 10493.1 7779.24 4308.16 4254.24 3961.76 2992.82 1931.44 1753.61 2122.19 1521.46 2346.11 1364.37 1099.15 1005 987.478 946.994 912.641 1068.07 3138.4
threshold=2.2178256005370165 0.27487220877274449 -0.060538756366212566 -0.3655985187638065 2.4187326247601866 2.424076018411276 3.4107891595359914 -0.11968728775692156 0.44709083024419011 2.3061047080024362 0.72828833234014589 0.25671215759325344 1.822001825231345 1.8608364020288832 3.8960051191118263 2.0130234995999845 1.0858476682246934 0.77665533733201342 1.7376526579221052 0.28936352030516932 0.60445080788633843 2.3545810747388356 0.72828833234014589 1.898141889079181 0.46920906322072686 8.0333519505345929 0.4320501273914738 1.2335507907384309 3.7114218561852899 1.2999951718842284
decision_type=2 2 2 2 2 2 2 2 2 2 2 2 2 2 2 2 2 2 2 2 2 2 2 2 2 2 2 2 2 2
left_child=1 2 -1 14 9 26 10 -8 18 20 -7 12 13 -4 27 16 -10 -14 -3 -20 21 -5 -18 -21 -17 -16 -6 -2 -29 -30
right_child=3 8 11 4 5 6 7 -9 15 -11 -12 -13 17 -15 25 24 22 -19 19 23 -22 -23 -24 -25 -26 -27 -28 28 29 -31
leaf_value=-0.056012647727225008 -0.086125846243724158 0.042057985736679578 -0.006576241546436822 -0.065196616301005081 -0.025461144221801402 0.031971091344866136 -0.044503620202590945 0.024340838772851987 0.040932456599162087 0.050669075340073644 -0.079105107652446757 -0.029605140376882257 -0.0037566067681019349 0.029825251491717605 -0.060856427392285008 -0.078924181386587786 -0.037532752232664585 -0.024878242408468133 -0.071632819797008931 0.038755103286358145 0.052537138926432504 0.020425402521672367 -0.0094136358258429999 -0.032915166876142932 0.039310884440261207 -0.0063669941896274439 0.053322695808040013 0.017090426141746821 -0.12393243428194803 -0.00067539942479829618
leaf_weight=234014.99690598249 376.57922227680683 58546.226938530803 16181.966774627566 807.9438985735178 40917.68386760354 234797.57279919088 60910.905375942588 250917.68648283929 1833.9536880925298 116917.6501545608 2666.0090565830469 145068.72789591551 14840.763453274965 16331.463032484055 17240.931055024266 188.30230629444122 10641.098996058106 39983.805908441544 692.92530779540539 2686.4224461615086 3658.7981968149543 81902.282179504633 7255.1120702773333 667.97055028378963 3946.7114602848887 873.59240520000458 385.01723691821098 2738.8346832692623 645.88139072060585 2577.0594977289438
leaf_count=1351717 1541 678412 66359 3768 178330 2280059 300098 2135544 18943 1516969 12337 621151 62317 134342 102885 850 46804 162830 2953 28665 36262 659405 29827 2796 39457 4494 2573 11964 2684 12368
internal_value=0.000332413 -0.0286317 -0.0387469 0.019901 0.0219276 0.0163756 0.0194662 0.0108931 0.0259372 0.0380573 0.030724 -0.0213616 -0.0076691 0.0117082 -0.0458922 -0.0105732 -0.0198994 -0.0191607 0.0398576 0.00802754 0.0209848 0.019589 -0.0261333 0.0244832 0.0339266 -0.0582286 -0.0247267 -0.0106355 -0.0058671 -0.0253763
internal_weight=1.37121e+06 552880 466422 818334 793882 590595 549292 311829 86458.7 203287 237464 232407 87338 32513.4 24452.9 23865.2 19730.2 54824.6 62593.5 4047.32 86369 82710.2 17896.2 3354.39 4135.01 18114.5 41302.7 6338.35 5961.78 3222.94
internal_count=10508704 3247423 2398716 7261281 7125345 4908941 4728038 2435642 848707 2216404 2292396 1046999 425848 200701 135936 135881 95574 225147 712826 34414 699435 663173 76631 31461 40307 107379 180903 28557 27016 15052
is_linear=0
shrinkage=0.05


Tree=26
num_leaves=31
num_cat=0
split_feature=3 1 1 1 3 0 1 3 2 3 1 1 1 3 3 3 2 3 0 1 2 1 1 2 3 1 1 0 2 0
split_gain=286797 115361 51663 40364.9 27115.5 28637.4 110228 25405.8 18570.5 17428.8 16530.7 9606.53 8664.01 7033.87 6609.52 4140.57 3969.21 3639.1 2767.98 1854.25 1676.5 1911.47 1480.7 2111.8 961.575 931.583 901.682 877.845 1567.55 913.18
threshold=2.2178256005370165 -0.051886445752020081 0.27487220877274449 -0.3655985187638065 2.4187326247601866 1.0956075047414111 -0.31248217156279456 2.424076018411276 3.2722432540302706 2.3061047080024362 0.44709083024419011 0.25671215759325344 0.51420197116761013 1.822001825231345 8.0333519505345929 3.8960051191118263 1.8608364020288832 2.0130234995999845 -0.29435794004766241 0.21853800585789659 1.7376526579221052 0.28936352030516932 0.60445080788633843 2.3545810747388356 8.0333519505345929 0.46920906322072686 -0.44817777336931641 1.3409395388167957 3.9404568368205912 1.2335507907384309
decision_type=2 2 2 2 2 2 2 2 2 2 2 2 2 2 2 2 2 2 2 2 2 2 2 2 2 2 2 2 2 2
left_child=1 -1 11 15 9 6 8 -8 -6 22 20 13 14 16 -7 27 -3 18 -12 -15 -4 -22 23 -5 -17 -19 -26 28 29 -2
right_child=3 2 10 4 5 12 7 -9 -10 -11 17 -13 -14 19 -16 24 -18 25 -20 -21 21 -23 -24 -25 26 -27 -28 -29 -30 -31
leaf_value=-0.054964479009692396 -0.084064688517276179 -0.0062393171385589806 0.041378576355750325 -0.060862680560242077 -0.20109883762269881 0.033573126598820384 -0.023507219944101432 0.018076748704511088 -0.084403522052837465 0.050269126235589615 0.030760356649121426 -0.028347320141272361 -0.25922860523488062 -0.010509016366529718 -0.030861729245047115 -0.059961343226636876 0.028844770035042894 -0.076419446649081513 -0.02612292067330528 -0.02919696601563081 -0.066949226881971385 0.023871326840245229 0.052035698110180807 0.01969473658096085 -0.031931731607664229 0.038506404044454885 0.093999464839272281 0.047015575885983533 -0.075866240031222248 0.0012840341481996165
leaf_weight=226744.88315829635 337.05511365830898 16197.736071884632 56582.255564928055 821.82586327195168 5085.1583236455917 185258.73661260307 41272.823159232736 333704.70150650293 10344.424559921026 112078.09931027889 2443.1953541338444 143959.15505428612 255.39537589251995 32209.187341064215 4067.2394025325775 16638.667239099741 16049.562950000167 184.8382368683815 17155.408229254186 22577.853565678 704.02681341767311 3271.4153911322355 3513.0490494519472 80724.35755507648 692.08284915983677 3830.679314494133 178.88335753977299 608.05227728188038 922.53179420530796 4466.01354855299
leaf_count=1351752 1372 66358 678412 3768 27480 1759980 180903 2878402 42742 1516969 20089 621151 2145 132351 17289 102885 134342 850 75485 92762 2953 31461 36262 659405 3571 39457 923 3883 4022 19280
internal_value=0.000325526 -0.0277665 -0.00819896 0.0193317 0.0212978 0.0158526 0.00811041 0.0134997 -0.122863 0.0373176 0.0253367 -0.020419 0.0317963 -0.00730526 0.0321889 -0.044749 0.0112221 -0.0101471 -0.0190318 -0.0182104 0.0391734 0.00778756 0.0202521 0.0188829 -0.0572805 0.0332163 -0.00606736 -0.0101049 -0.016171 -0.00470531
internal_weight=1.34288e+06 541910 315165 800969 777126 579988 390407 374978 15429.6 197137 84171.8 230993 189581 87034.3 189326 23843.3 32247.3 23614.1 19598.6 54787 60557.7 3975.44 85059.2 81546.2 17509.6 4015.52 870.966 6333.65 5725.6 4803.07
internal_count=10508704 3247423 1895671 7261281 7125345 4908941 3129527 3059305 70222 2216404 848707 1046964 1779414 425813 1777269 135936 200700 135881 95574 225113 712826 34414 699435 663173 107379 40307 4494 28557 24674 20652
is_linear=0
shrinkage=0.05


Tree=27
num_leaves=31
num_cat=0
split_feature=3 1 0 1 3 0 1 3 3 1 2 3 1 0 3 3 3 0 3 2 2 2 1 0 1 3 0 2 0 1
split_gain=264218 109451 47337.3 37286.4 26014.4 26926.7 97580.3 23127.1 17332.2 15498.9 12180.4 8794.94 6824.5 6471.77 6124.74 4001.46 3667.71 3615.11 3207.79 2538.28 1592.64 1898.4 1441.24 1779.5 957.82 936.214 808.603 1458.52 842.32 792.563
threshold=2.2178256005370165 -0.051886445752020081 0.67216175385953125 -0.3655985187638065 2.4187326247601866 1.0956075047414111 -0.31248217156279456 2.424076018411276 2.3061047080024362 0.40960982673467899 3.2722432540302706 1.6733026095081236 0.51420197116761013 0.80727102252732108 8.0333519505345929 3.8960051191118263 1.822001825231345 0.81992422886425576 2.0130234995999845 0.88146779030775313 1.7376526579221052 1.782367713283475 0.61605978232732939 0.88060410386687449 0.57145327630474652 8.0333519505345929 1.3409395388167957 3.9404568368205912 1.2999951718842284 -0.44817777336931641
decision_type=2 2 2 2 2 2 2 2 2 2 2 2 2 2 2 2 2 2 2 2 2 2 2 2 2 2 2 2 2 2
left_child=1 -1 9 15 8 6 10 -8 22 20 -6 -4 14 16 -7 26 -13 -15 19 -11 -3 -22 23 -5 -20 -17 27 28 -2 -27
right_child=3 2 11 4 5 12 7 -9 -10 18 -12 13 -14 17 -16 25 -18 -19 24 -21 21 -23 -24 -25 -26 29 -28 -29 -30 -31
leaf_value=-0.05396049386632934 -0.01578313853232045 0.040708935391724953 -0.027166354393528658 -0.045758125528372176 -0.17331086198703594 0.032724379975771455 -0.022342291155725232 0.017364788584837906 0.049874514558827222 0.040941170122406376 -0.081461540425232196 0.026699954112067815 -0.20557618777623909 -0.03672180601014554 -0.029233207510647369 -0.059118773838664686 -0.0058080922955913656 -0.0087853153523051123 -0.050114049061553145 -0.023171451949628736 -0.064405321288194359 0.024509211022792493 0.051933865262977046 0.019073654600000073 0.039131006399919538 -0.030816252207866875 0.046017488703760517 -0.073790990997409073 0.034348309984797834 0.085456571801374573
leaf_weight=219597.52890174091 3715.3655351102352 54596.489639341831 142715.90382377803 1072.7246249467134 5590.6305849552155 180678.2574704811 41254.010763347149 330110.98935678601 107434.290710859 1688.3302719667554 10186.074541032314 16607.614188790321 304.421746134758 17421.083850651979 4078.8134770542383 16047.027847543359 18169.156628534198 34539.525147378445 327.90725126862526 18034.885680928826 740.34793783724308 3173.9665385559201 3297.8537915572524 79432.725934110582 3616.2769329696894 681.55032271146774 590.62407612800598 901.58290465176105 1081.9054711461067 186.71095915138721
leaf_count=1351752 16018 677911 620636 4919 27480 1759980 180903 2878402 1516969 17605 42742 137827 2145 71907 17289 102885 76091 140105 1507 78915 3060 31103 35844 658672 39004 3571 3883 4022 4634 923
internal_value=0.000319183 -0.0269243 -0.00787267 0.018717 0.0206148 0.015279 0.00777986 0.0129538 0.0365801 0.02469 -0.114009 -0.0195349 0.0309668 -0.0069783 0.0313566 -0.0437219 0.00971609 -0.0181517 -0.00945167 -0.0176833 0.0385001 0.00769204 0.0195369 0.0182098 0.0317114 -0.0563826 -0.00967142 -0.015443 -0.00447723 -0.00581294
internal_weight=1.31787e+06 531229 311631 786646 763441 572203 387142 371365 191238 82178.2 15776.7 229453 185061 86737.4 184757 23204.8 34776.8 51960.6 23667.4 19723.2 58510.8 3914.31 83803.3 80505.5 3944.18 16915.3 6289.48 5698.85 4797.27 868.261
internal_count=10508704 3247423 1895671 7261281 7125345 4908941 3129527 3059305 2216404 849105 70222 1046566 1779414 425930 1777269 135936 213918 212012 137031 96520 712074 34163 699435 663591 40511 107379 28557 24674 20652 4494
is_linear=0
shrinkage=0.05


Tree=28
num_leaves=31
num_cat=0
split_feature=3 1 1 3 1 1 1 0 1 1 0 1 3 2 1 1 0 3 3 2 3 0 3 0 0 3 2 2 2 0
split_gain=243383 103882 43367.2 36050.6 103206 23676.1 22622.6 19525.8 14632.4 13157.1 88536 12953.5 11321 10965.2 8040.61 6868.88 22621 10150.2 5800.53 3386.09 3148.84 12780.4 3065.91 2464.25 2451.77 2407.97 2110.96 1846.77 1668.82 1579.98
threshold=2.2178256005370165 -0.051886445752020081 0.27487220877274449 3.4107891595359914 -0.19391221576389076 -0.10278471256184683 0.60445080788633843 1.0223128503501231 0.44709083024419011 -0.28219821852206628 1.0956075047414111 0.043078627971054807 3.4451054898711253 2.9519396644261002 0.25671215759325344 0.4320501273914738 1.001086503821605 5.3251709217961833 1.822001825231345 1.8608364020288832 3.5387918830276415 0.77615730216745715 2.0130234995999845 0.69179330186295329 1.1049979010730218 1.0858476682246934 2.9519396644261002 3.3405755845443488 3.7266610434664478 0.77665533733201342
decision_type=2 2 2 2 2 2 2 2 2 2 2 2 2 2 2 2 2 2 2 2 2 2 2 2 2 2 2 2 2 2
left_child=1 -1 14 5 12 9 15 11 -4 10 -2 -7 -5 -13 18 16 -6 -17 19 -3 -14 -22 25 -11 -12 -10 -9 -8 -29 -20
right_child=3 2 8 4 6 7 27 26 22 23 24 13 20 -15 -16 17 -18 -19 29 -21 21 -23 -24 -25 -26 -27 -28 28 -30 -31
leaf_value=-0.052994975364965405 -0.1527421536787843 -0.0056252746568118388 0.037786200018668524 0.019803263929521961 -0.024220175123742624 0.048967318461077429 -0.044911617581671573 -0.026795592094202483 0.039356563197338518 -0.053968589495941868 0.051158334546760775 0.015304800149251469 -0.062444161906942963 -0.15909840677586523 -0.025994693598026038 0.038092700559902021 0.026147697647394736 -0.099474072896719168 -0.0026310280320276328 0.027035396711874937 0.018189106290611316 -0.053548985995478998 0.031804572983889438 0.046793893072260034 0.031407963714118997 -0.022836666189356526 -0.28351972639470008 -0.12807594103551537 -0.015934487676509995 -0.021724494999911068
leaf_weight=212596.79703451693 6679.4150123745203 16224.251122787595 56793.635591849685 6360.2782138288021 26821.831888668239 32650.757976174355 1470.736404299736 23793.766113936901 1706.3357412591577 609.12956012040377 21795.713226407766 151735.4426260516 29264.295217007399 906.63941703736782 141746.97539821267 77316.475470848382 131986.98852912337 1364.5370646566153 14894.93022313714 15533.779345184565 7492.7864702343941 36220.555214762688 3788.3400219976902 156989.73811528087 56307.944654524326 17705.30131444335 80.343461357057095 2558.9616323113441 381.1712077409029 39749.166258007288
leaf_count=1351752 31335 66358 712826 28471 222320 321442 6589 108828 18943 3105 251734 1215617 162034 5811 621151 727807 1170185 11706 62283 134342 34942 193351 40307 2100908 650340 76631 583 11523 2650 162830
internal_value=0.000312007 -0.0261089 -0.00755937 0.0181156 0.00531193 0.0272243 0.0215424 0.0148996 0.0241185 0.0378601 0.0219775 0.0203832 -0.0441746 0.0142689 -0.0186663 0.0236262 0.0176409 0.0357069 -0.00664363 0.01035 -0.0497505 -0.0412526 -0.00934001 0.0464044 0.0369195 -0.0173697 -0.0276595 -0.0906552 -0.113537 -0.01652
internal_weight=1.29353e+06 520740 308143 772788 321239 451549 241901 209167 79993.6 242382 84783.1 185293 79337.9 152642 228149 237490 158809 78681 86402.1 31758 72977.6 43713.3 23200 157599 78103.7 19411.6 23874.1 4410.87 2940.13 54644.1
internal_count=10508704 3247423 1895671 7261281 2571578 4689703 2152780 1652281 848707 3037422 933409 1542870 418798 1221428 1046964 2132018 1392505 739513 425813 200700 390327 228293 135881 2104013 902074 95574 109411 20762 14173 225113
is_linear=0
shrinkage=0.05


Tree=29
num_leaves=31
num_cat=0
split_feature=3 1 0 1 3 1 1 1 0 1 0 1 0 3 3 1 2 2 3 0 0 0 0 2 2 2 2 1 0 3
split_gain=225010 95015.1 39479.7 30636.4 19909.2 74937.7 27302.1 20762.2 16375.6 15137.4 14733.2 12811.8 77702.5 10298.6 8436.51 7333.25 6588.3 4340.13 4198.3 2663.67 2305.52 1950.22 1828.4 1727.56 1555.25 1583.75 1510.59 1492.1 1236.32 952.023
threshold=2.1537467331430555 -0.060538756366212566 0.67216175385953125 -0.3655985187638065 3.4107891595359914 -0.10991279340077306 -0.10278471256184683 0.59167337229920991 1.0223128503501231 0.44709083024419011 0.90418916821950179 -0.28219821852206628 1.0956075047414111 3.4451054898711253 4.3842336583856074 0.090576965594080613 5.8028513984867311 1.9150311115979957 3.8960051191118263 0.60255211543935061 0.69179330186295329 0.16873160141954716 0.81992422886425576 1.7479461772073175 1.7376526579221052 1.7479461772073175 2.9519396644261002 0.078424753846921769 1.181305133447065 8.0333519505345929
decision_type=2 2 2 2 2 2 2 2 2 2 2 2 2 2 2 2 2 2 2 2 2 2 2 2 2 2 2 2 2 2
left_child=1 -1 9 18 6 13 11 16 10 24 -8 12 -5 28 -15 17 -7 -4 -2 -9 -13 23 -17 -11 -3 -26 -10 -19 -6 -20
right_child=3 2 15 4 5 7 8 19 26 21 -12 20 -14 14 -16 22 -18 27 29 -21 -22 -23 -24 -25 25 -27 -28 -29 -30 -31
leaf_value=-0.052064567533355137 -0.0064732091902538567 0.039345281171869806 0.030491441365007733 -0.13750133332405282 -0.048871205271606745 0.018838293154648678 0.0090023589491853868 -0.096379522008131435 -0.02562319653639088 -0.011032490964770336 0.03903022274329121 -0.050035232848496647 0.036169554619242004 -0.06026203947617903 -0.014702459408636605 -0.02377960110083591 0.038731241964125036 -0.0075704748433803558 -0.057630676620794602 -0.0056806484989512561 0.046261050248436048 -0.04517822064468615 -0.0059571382157600668 0.038019994929491707 -0.061447904977656148 0.02154163741988966 -0.22443645139080226 -0.079506019593873448 0.026084938774009338 -0.0030045921069190903
leaf_weight=205744.71737745404 6312.8675964027643 51326.756705909967 10769.899231463671 7038.570431932807 608.64408679306507 174078.08578255773 144706.21916163713 4089.0050811171532 23641.36271777004 15816.118638157845 56917.164594300091 624.1397532299161 75799.377904772758 39635.54925660789 13664.170294731855 167894.42137462646 54699.697294875979 13934.838898271322 14946.719226390123 1009.313675917685 151009.36930938065 3739.4598989635706 15739.598967604339 2024.7279706895351 702.59248252213001 3162.7711113020778 95.930331662297249 760.18444028496742 5720.857403755188 842.5663987994194
leaf_count=1351706 28557 678689 115884 31335 2910 1592236 1057973 19351 108832 79394 570167 3107 902074 213986 61294 734430 513117 58322 102885 7180 2100917 18498 64220 23244 2888 31576 583 3287 25568 4494
internal_value=0.000308507 -0.0261542 -0.00750616 0.0170854 0.0187877 0.00861367 0.0252817 0.0213707 0.0128545 0.023159 0.0174791 0.037226 0.0214131 -0.0414215 -0.0485822 -0.0187651 0.0235946 0.00637964 -0.0409365 -0.0784239 0.0458647 -0.0123471 -0.022252 -0.00546561 0.037042 0.00645694 -0.0264267 -0.0112918 0.0188772 -0.0547157
internal_weight=1.26706e+06 491616 285871 775440 753337 293505 459832 233876 225361 76772.4 201623 234471 82837.9 59629.2 53299.7 209099 228778 25464.9 22102.2 5098.32 151634 21580.3 183634 17840.8 55192.1 3865.36 23737.3 14695 6329.5 15789.3
internal_count=10508704 3162138 1810432 7346566 7210630 2435642 4774988 2131884 1737555 834289 1628140 3037433 933409 303758 275280 976143 2105353 177493 135936 26531 2104024 121136 798650 102638 713153 34464 109415 61609 28478 107379
is_linear=0
shrinkage=0.05


Tree=30
num_leaves=31
num_cat=0
split_feature=3 1 0 1 3 1 1 1 0 1 0 1 0 3 3 1 1 3 2 0 0 2 0 3 2 2 1 2 0 3
split_gain=207569 90281.5 36142.3 28328.4 18576.9 69065.6 26414.7 18513 14938.5 14192.1 14035.7 12455.6 68980.2 10363.8 7843.38 7220.99 6651.4 4079.62 4005.81 2329.81 2160.12 1873.56 1681.37 1517.3 1499.5 1426.8 1386.84 1154.93 1121.18 928.956
threshold=2.1537467331430555 -0.060538756366212566 0.67216175385953125 -0.3655985187638065 3.4107891595359914 -0.19391221576389076 -0.10278471256184683 0.59167337229920991 1.0223128503501231 0.44709083024419011 0.90418916821950179 -0.28219821852206628 1.0956075047414111 3.4451054898711253 4.3842336583856074 0.4320501273914738 0.090576965594080613 3.8960051191118263 1.9150311115979957 0.60255211543935061 0.69179330186295329 0.88146779030775313 0.81992422886425576 2.0130234995999845 1.7376526579221052 1.7479461772073175 0.078424753846921769 2.9519396644261002 1.181305133447065 8.0333519505345929
decision_type=2 2 2 2 2 2 2 2 2 2 2 2 2 2 2 2 2 2 2 2 2 2 2 2 2 2 2 2 2 2
left_child=1 -1 9 17 6 13 11 15 10 24 -8 12 -5 28 -15 -7 18 -2 -4 -9 -13 -11 -18 -23 -3 -26 -20 -10 -6 -19
right_child=3 2 16 4 5 7 8 19 27 21 -12 20 -14 14 -16 -17 22 29 26 -21 -22 23 -24 -25 25 -27 -28 -29 -30 -31
leaf_value=-0.05116297494878283 -0.0061427882367689046 0.038660674202347388 0.029696785206697052 -0.12559239397530039 -0.047021472208051147 0.016063667238440119 0.0085976140725954539 -0.089939298921927757 -0.024503351017229464 0.040121526166102324 0.038248815052660215 -0.046516946559256228 0.035419878897725632 -0.060569843020859118 -0.011028705405478782 0.034996259911646406 -0.022744317943009136 -0.056912517697705424 -0.0071803195911501723 -0.0053774609936002565 0.045728955172325267 -0.02099432766129013 -0.0056547344046145483 0.022310836721189435 -0.057836926523510392 0.020735764931719903 -0.077259034878606248 -0.18811710532985304 0.025000439325376225 -0.0028587436057565612
leaf_weight=199071.81741809845 6319.6385598182678 49666.299326211214 10511.82891368866 7312.9397110790014 597.26426510512829 153825.94816619158 143962.04608293623 4160.7320059537888 23489.665209285915 1607.2345715016127 55219.420290566981 637.42024457454681 73590.130037158728 38156.301310583949 10105.229809775949 74879.707101419568 166788.62431833148 14392.617934495211 13956.821612074971 1012.8164071068168 145273.96027047932 17559.174756482244 15751.928415670991 2286.0408746898174 708.96037484705448 3122.4526365995407 743.59786306321621 108.35674241185188 5671.845335483551 841.30824792385101
leaf_count=1351706 28557 678689 115884 31335 2903 1392505 1057973 19351 108832 17587 570167 3107 902074 212400 41991 733744 734430 102885 58322 7180 2100917 77691 64220 25858 2888 31576 3287 583 25568 4494
internal_value=0.000302689 -0.0253696 -0.00720666 0.0165862 0.0182364 0.00833191 0.02459 0.0201465 0.0123613 0.0225579 0.0168179 0.0366012 0.0208658 -0.0423405 -0.0501967 0.0222623 -0.0179447 -0.0399166 0.00612811 -0.0733848 0.045326 -0.0118007 -0.0212696 -0.0160059 0.0363357 0.00619676 -0.0107251 -0.0252546 0.0181388 -0.0539273
internal_weight=1.24133e+06 481775 282703 759557 738004 288410 449594 233879 222779 74950.2 199181 226814 80903.1 54530.6 48261.5 228706 207753 21553.6 25212.2 5173.55 145911 21452.5 182541 19845.2 53497.7 3831.41 14700.4 23598 6269.11 15233.9
internal_count=10508704 3162138 1810432 7346566 7210630 2435642 4774988 2152780 1737555 834289 1628140 3037433 933409 282862 254391 2126249 976143 135936 177493 26531 2104024 121136 798650 103549 713153 34464 61609 109415 28471 107379
is_linear=0
shrinkage=0.05


Tree=31
num_leaves=31
num_cat=0
split_feature=3 1 1 3 1 1 1 0 1 0 1 1 0 3 2 1 1 0 0 3 0 3 0 0 3 0 0 0 3 1
split_gain=191715 88736 33628.9 29321.9 81015.1 21395.2 16932.9 14976.7 12091 61762.4 12058.9 11975.3 10706.1 8579.68 6605.18 28428.5 6113.96 5407.5 5010.09 3997.27 13473.1 2747.01 2736.49 2594.82 2331.95 2055.14 2026.21 2008.36 1765.08 1643.44
threshold=2.2178256005370165 -0.060538756366212566 0.27487220877274449 3.4107891595359914 -0.10991279340077306 -0.10278471256184683 0.59167337229920991 1.0223128503501231 -0.28219821852206628 1.0956075047414111 0.40960982673467899 0.043078627971054807 -0.036988519151232406 3.4451054898711253 5.8028513984867311 0.17514869934927838 0.25671215759325344 1.1978845133089424 0.80727102252732108 3.5387918830276415 0.77615730216745715 1.822001825231345 0.81992422886425576 1.1049979010730218 2.0130234995999845 0.60255211543935061 0.69179330186295329 -0.29435794004766241 3.8319866170719474 -0.13190065722957342
decision_type=2 2 2 2 2 2 2 2 2 2 2 2 2 2 2 2 2 2 2 2 2 2 2 2 2 2 2 2 2 2
left_child=1 -1 16 5 13 8 14 11 9 -2 -4 -7 -13 -5 15 -6 18 -16 21 -15 -21 -3 -20 -11 27 28 -10 -12 -8 -28
right_child=3 2 10 4 6 7 25 -9 26 23 24 12 -14 19 17 -17 -18 -19 22 20 -22 -23 -24 -25 -26 -27 29 -29 -30 -31
leaf_value=-0.050287543071872068 -0.11601508866458712 0.02435955523698629 0.03585125214222587 0.017360775633609393 -0.1901635026740533 0.047411049281919568 -0.045398419031527991 -0.024138617952587371 -0.04334491023171768 0.05010945304113687 0.029490293634428618 0.047654110719400795 0.0074271243533300174 -0.059304262216660422 -0.1441869898099214 0.019303496949905144 -0.022916627125894398 0.039004658123086115 -0.032142054080926664 0.025302736839807102 -0.047171777966793942 -0.0041392066368981482 -0.0076406927466213196 0.028792313944580806 0.02896057648052193 -0.005091463978252813 0.038315619261051564 -0.020369055136431797 -0.11121224989258627 0.049468521696065304
leaf_weight=192577.17715767026 7515.1121182143688 15653.714720144868 51352.695371411741 6212.8847508728504 1635.6830551624298 29585.62051602453 1723.2117085531354 23457.516861721873 649.14120810478926 19711.646020978689 2288.7044267952442 18965.361648999155 129335.46356136352 26531.530667170882 405.97469153255224 166863.10816836357 138616.2915007174 52053.716878220439 17047.476614683867 7720.8317870646715 37847.380158521235 18388.764887541533 34376.032793879509 51762.653955370188 3666.0615873038769 1016.1351328268647 53534.940555609763 17184.48879571259 2492.0311869308352 86240.664218693972
leaf_count=1351717 31335 137928 710937 28478 13992 321442 8744 109411 3105 251734 20113 185038 1036390 162055 3958 1578244 621151 509159 71888 36513 212648 76917 139115 650340 40651 7180 664855 77006 10607 1436053
internal_value=0.000296361 -0.0238247 -0.00675651 0.0166313 0.00481344 0.0251839 0.0199887 0.013414 0.0359846 0.0203349 0.0223473 0.0183659 0.0125715 -0.0390172 0.0220937 0.0172701 -0.0164315 0.037587 -0.0059134 -0.0438754 -0.0348921 0.00896535 -0.0157632 0.0346713 -0.00762194 -0.0689205 0.0447876 -0.014509 -0.0843072 0.0451969
internal_weight=1.21641e+06 491151 298574 725261 304502 420758 226190 201344 219414 78989.4 74492 177886 148301 78312.6 220958 168499 224082 52459.7 85466 72099.7 45568.2 34042.5 51423.5 71474.3 23139.3 5231.38 140425 19473.2 4215.24 139776
internal_count=10508704 3247423 1895706 7261281 2571578 4689703 2131884 1652281 3037422 933409 848707 1542870 1221428 439694 2105353 1592236 1046999 513117 425848 411216 249161 214845 211003 902074 137770 26531 2104013 97119 19351 2100908
is_linear=0
shrinkage=0.05


Tree=32
num_leaves=31
num_cat=0
split_feature=3 1 1 3 1 1 1 0 0 0 2 1 1 0 3 1 0 3 3 0 3 0 0 3 0 3 0 3 0 3
split_gain=176768 84324.6 30774.3 27329.2 74706.1 20713 15158.1 13688.2 11752.1 26726.9 29172.1 11537.6 11311.7 10199 8461.53 7077.6 21006.6 9577.15 5591.51 4513.61 3170.59 11163.7 2688.73 2538.55 2509.34 2132.33 1941.87 1869.35 1829.4 1568.09
threshold=2.2178256005370165 -0.060538756366212566 0.27487220877274449 3.4107891595359914 -0.19391221576389076 -0.10278471256184683 0.59167337229920991 1.0223128503501231 0.89692245893593214 1.0956075047414111 2.8732262468657681 0.043078627971054807 0.40960982673467899 -0.036988519151232406 3.4451054898711253 0.4320501273914738 1.001086503821605 5.3251709217961833 1.6733026095081236 0.80727102252732108 3.5387918830276415 0.77615730216745715 1.0957691888579164 1.822001825231345 0.81992422886425576 2.0130234995999845 0.69179330186295329 1.0858476682246934 0.60255211543935061 3.8319866170719474
decision_type=2 2 2 2 2 2 2 2 2 2 2 2 2 2 2 2 2 2 2 2 2 2 2 2 2 2 2 2 2 2
left_child=1 -1 18 5 14 8 15 11 26 10 -10 -7 -4 -13 -5 16 -6 -17 -3 23 -16 -22 -11 -20 -21 27 -2 -14 29 -8
right_child=3 2 12 4 6 7 28 -9 9 22 -12 13 25 -15 20 17 -18 -19 19 24 21 -23 -24 -25 -26 -27 -28 -29 -30 -31
leaf_value=-0.049435324399921043 -0.040481710166117096 -0.021947501651822878 0.035111818142713705 0.016611110548774087 -0.02591962483087323 0.046822226805929505 -0.042834335367784589 -0.023083324237491615 0.03509430546453559 0.049685734383340403 -0.10866806935706166 0.046996505356195366 0.03783798441455466 0.007091093912613782 -0.058339535211108323 0.036291230029264286 0.023291554619944949 -0.096250357128847108 0.023428014551641528 -0.030771800664254768 0.019833039859175155 -0.048107996391612368 0.027701331445588215 -0.0040204918608007061 -0.0072529795743192394 0.028103450174156344 0.045506889877424107 -0.018505622735439285 -0.0048215742301631762 -0.10462493702810383
leaf_weight=186263.07411918044 660.00872283428907 137449.34864704311 49850.934442326427 6180.7364172786474 26320.750311590731 28487.714635916054 1734.735787242651 23307.331297069788 6611.8792718201876 18906.177363097668 7567.3868670761585 18286.478007890284 1604.9467373639345 128707.59326130152 25637.191278785467 70407.701076127589 123135.2300599888 1389.8285895287991 15479.35019518435 16919.570638239384 7366.0758678019047 33744.195320084691 52605.709539808333 18479.406511873007 34400.893641233444 3590.9203522205353 125906.02050018311 17786.152215406299 1019.2799133956432 2515.7962959706783
leaf_count=1351717 3105 620658 710937 28471 222320 321442 8744 109411 46419 251734 30921 185038 18957 1036390 162034 722042 1170185 11702 138093 71888 34942 193351 674546 77247 139113 40651 2030697 78162 7180 10607
internal_value=0.000291891 -0.0230864 -0.00648126 0.0161459 0.00465683 0.0245158 0.018827 0.0129178 0.0353778 0.0210794 -0.0416308 0.0176995 0.0217327 0.0120554 -0.0393574 0.0208232 0.014625 0.0337255 -0.0157073 -0.00564968 -0.0445401 -0.0359344 0.0335135 0.0084913 -0.0150068 -0.00728825 0.0450585 -0.0138422 -0.0649807 -0.0794068
internal_weight=1.19232e+06 481825 295562 710498 299452 411046 226523 198789 212257 85691.2 14179.3 175482 72833 146994 72928.2 221254 149456 71797.5 222729 85279.2 66747.5 41110.3 71511.9 33958.8 51320.5 22982 126566 19391.1 5269.81 4250.53
internal_count=10508704 3247423 1895706 7261281 2571578 4689703 2152780 1652281 3037422 1003620 77340 1542870 848707 1221428 418798 2126249 1392505 733744 1046999 426341 390327 228293 926280 215340 211001 137770 2033802 97119 26531 19351
is_linear=0
shrinkage=0.05


Tree=33
num_leaves=31
num_cat=0
split_feature=3 1 1 3 1 1 1 0 0 0 1 1 1 0 3 2 1 1 0 0 3 0 0 3 0 3 0 2 2 0
split_gain=162950 80129.8 28161.7 25453.3 68796.1 20036 13937 12506.9 11441.8 24648.8 26028.7 11106.7 10601 9710.75 7385.63 6479.31 23393.8 5114.55 4716.77 4107.35 3994.28 11625 2671.45 2314.05 2301.3 1950.44 1830.95 1821.01 1515.59 1408.6
threshold=2.2178256005370165 -0.060538756366212566 0.27487220877274449 3.4107891595359914 -0.10991279340077306 -0.10278471256184683 0.60445080788633843 1.0223128503501231 0.89692245893593214 1.0956075047414111 -0.28205325883351068 0.043078627971054807 0.40960982673467899 -0.036988519151232406 3.4451054898711253 5.8028513984867311 0.26484938859632151 0.25671215759325344 1.1978845133089424 0.80727102252732108 3.5387918830276415 0.73397330146915241 1.0957691888579164 1.822001825231345 0.81992422886425576 2.0130234995999845 0.69179330186295329 1.4823554615959755 1.7376526579221052 0.50580790070522086
decision_type=2 2 2 2 2 2 2 2 2 2 2 2 2 2 2 2 2 2 2 2 2 2 2 2 2 2 2 2 2 2
left_child=1 -1 17 5 14 8 15 11 26 10 -10 -7 28 -13 -5 16 -6 19 -17 23 -16 -22 -11 -3 -21 27 -2 -14 -4 -30
right_child=3 2 12 4 6 7 -8 -9 9 22 -12 13 25 -15 20 18 -18 -19 -20 24 21 -23 -24 -25 -26 -27 -28 -29 29 -31
leaf_value=-0.048603256673117268 -0.037878030405313741 0.022620002944305578 0.036794243219264409 0.015824288933267965 -0.080633387624583996 0.046237011105044613 -0.06729859264448311 -0.022072288061603995 -0.10142594636782938 0.049266595110540094 0.034998714003635786 0.046345281021921231 -0.003091734710612414 0.0067688236341839087 -0.057431607816254129 -0.12579661415243826 0.01943311885791521 -0.021004057246689998 0.037742925598895721 -0.029464037565636765 0.038374392094983334 -0.041609030354227812 0.026945696447383469 -0.0037277805312531023 -0.0068857482449042537 0.027256894887592011 0.045015355470006208 -0.036525121434365468 0.023611063726818794 -0.046330983797662012
leaf_weight=180135.38641503453 669.84373653680086 15228.792703777552 45037.675374738872 6152.6724069416523 6064.4063802212477 27432.699249900877 4613.3154350966215 23160.030058041215 7728.336276859045 18133.266628608108 6384.7293637692928 17632.897225923836 13443.935877628624 128109.39951644838 24769.723885253072 444.85294903069735 158317.25785312802 136554.1801391989 49600.636854894459 16790.365484073758 5135.2583389133215 39382.304889641702 51407.760130882263 18404.851356372237 34424.532953456044 3519.1802767291665 121040.41921097785 5842.8344436734915 2336.9032202288508 1040.3257733806968
leaf_count=1351717 3105 137928 677629 28478 49758 321442 20762 109411 31260 251734 46080 185038 68036 1036390 162055 3958 1548247 621151 509159 71888 24266 224895 674546 76917 139115 40651 2030697 29083 28722 4586
internal_value=0.000286849 -0.022367 -0.00621626 0.0156705 0.00450436 0.0238563 0.0186872 0.0124357 0.0347747 0.0205392 -0.0397076 0.0170507 0.0211322 0.0115571 -0.0366755 0.0205371 0.0157414 -0.0150137 0.0362892 -0.00537292 -0.0413375 -0.0323827 0.032766 0.00820209 -0.0142878 -0.00697421 0.0445591 -0.0132202 0.0343717 0.00206603
internal_weight=1.16894e+06 472759 292624 696180 294480 401699 219040 196335 205364 83654.1 14113.1 173175 71220.9 145742 75440 214427 164382 221403 50045.5 84848.5 69287.3 44517.6 69541 33633.6 51214.9 22806 121710 19286.8 48414.9 3377.23
internal_count=10508704 3247423 1895706 7261281 2571578 4689703 2131884 1652281 3037422 1003620 77340 1542870 848707 1221428 439694 2111122 1598005 1046999 513117 425848 411216 249161 926280 214845 211003 137770 2033802 97119 710937 33308
is_linear=0
shrinkage=0.05


Tree=34
num_leaves=31
num_cat=0
split_feature=3 1 1 3 1 1 1 0 0 0 1 1 1 2 3 1 0 3 1 0 3 0 0 3 0 3 0 0 2 2
split_gain=150165 76132.9 25772.5 23702.7 63481.3 19366.7 12585.2 11424.3 11124.7 22751.6 23343.5 10682.9 9953.68 9278.11 7315.24 6858.1 18693.1 8620.18 4676.35 3720.81 3202.52 9700.23 2652.49 2120.6 2110.64 1792.16 1728.4 1647.2 1574.01 1446.33
threshold=2.2178256005370165 -0.051886445752020081 0.27487220877274449 3.4107891595359914 -0.19391221576389076 -0.10278471256184683 0.59167337229920991 1.0223128503501231 0.89692245893593214 1.0956075047414111 -0.28205325883351068 0.043078627971054807 0.40960982673467899 2.9519396644261002 3.4451054898711253 0.4320501273914738 1.001086503821605 5.3251709217961833 0.25671215759325344 0.80727102252732108 3.5387918830276415 0.77615730216745715 1.0957691888579164 1.822001825231345 0.81992422886425576 2.1084006431796927 0.69179330186295329 0.60255211543935061 0.88146779030775313 1.7376526579221052
decision_type=2 2 2 2 2 2 2 2 2 2 2 2 2 2 2 2 2 2 2 2 2 2 2 2 2 2 2 2 2 2
left_child=1 -1 18 5 14 8 15 11 26 10 -10 -7 29 -13 -5 16 -6 -17 19 23 -16 -22 -11 -3 -21 28 -2 -8 -14 -4
right_child=3 2 12 4 6 7 27 -9 9 22 -12 13 25 -15 20 17 -18 -19 -20 24 21 -23 -24 -25 -26 -27 -28 -29 -30 -31
leaf_value=-0.04778772603518449 -0.035499558486157198 0.021783885502912322 0.036106948515718738 0.015140251540979097 -0.024495720050608173 0.045654240030297603 -0.072302964805557396 -0.021103380070404409 -0.095817193703098991 0.048850957924251155 0.034061453147775339 0.012116205839349088 0.038298488026399541 -0.14318995093916023 -0.056550052935913725 0.035068003450733236 0.021801103892333234 -0.087438993072979129 -0.020104302315820787 -0.028214424904616398 0.018249663741280599 -0.045140145619805616 0.026196800132840259 -0.003530432399061428 -0.0065373366669591844 0.038387572258686616 0.044520889688760418 -0.0022737609572692397 -0.014921187631589485 0.0019910486079674152
leaf_weight=174205.34903886914 678.74824541807175 15029.178344130516 43636.080263406038 6122.2457182407379 26703.63122908026 26419.503413997591 4259.6546666249633 23015.944257371128 7770.4008719623089 17391.966657459736 6236.2164086848497 143575.53377752751 1498.0205241814256 968.14646290242672 23912.654348880053 67390.08950329572 118809.85969360173 1467.1975354552269 135558.21321113408 16660.668024525046 7402.9073925614357 32662.889464735985 50263.024102158844 18403.627591475844 34445.705008640885 2010.9562422484159 116383.86012531072 1045.8839705139399 19147.048145726323 3344.7965308874846
leaf_count=1351752 3105 137927 677629 28471 222320 321442 19351 109411 31260 251734 46080 1215617 17606 5811 162034 722042 1170185 11702 621151 71888 34942 193351 674546 76883 139115 24195 2030697 7180 95969 33308
internal_value=0.000281658 -0.0216664 -0.00596077 0.0152016 0.00435427 0.0232059 0.0175742 0.0119673 0.0341762 0.0200121 -0.0379909 0.0164195 0.0205508 0.011076 -0.0370735 0.019457 0.013305 0.0324576 -0.0143488 -0.00511991 -0.0420699 -0.0334277 0.0320205 0.00784921 -0.0136041 -0.00667059 0.0440569 -0.0584981 -0.0110595 0.0336781
internal_weight=1.14642e+06 463940 289734 682480 289777 392703 219676 193979 198724 81661.6 14006.6 170963 69636.9 144544 70100.7 214371 145513 68857.3 220097 84539.2 63978.5 40065.8 67655 33432.8 51106.4 22656 117063 5305.54 20645.1 46980.9
internal_count=10508704 3247423 1895671 7261281 2571578 4689703 2152780 1652281 3037422 1003620 77340 1542870 848707 1221428 418798 2126249 1392505 733744 1046964 425813 390327 228293 926280 214810 211003 137770 2033802 26531 113575 710937
is_linear=0
shrinkage=0.05


Tree=35
num_leaves=31
num_cat=0
split_feature=3 1 1 3 1 0 1 3 3 1 1 1 0 0 3 0 3 2 2 1 2 2 2 3 0 0 2 2 1 3
split_gain=138332 72334.1 23587.3 22635 16334.1 16294.1 49303.3 15525 14595.3 9223.18 4471.56 4314.6 4229.96 3366.09 1945.33 1935.72 1678.88 1661.15 1363.73 1336.63 1709.95 1255.58 1178.29 1143.73 1574.91 1083.64 983.428 814.484 1356.14 536.407
threshold=2.2178256005370165 -0.060538756366212566 0.26971789134358293 2.4187326247601866 -0.40041746822470409 1.0956075047414111 -0.31248217156279456 2.3061047080024362 2.424076018411276 0.40960982673467899 0.51420197116761013 0.25671215759325344 1.0957691888579164 0.80727102252732108 1.822001825231345 0.81992422886425576 2.0130234995999845 1.4823554615959755 1.7376526579221052 0.62232822779575792 2.3545810747388356 1.782367713283475 3.2722432540302706 3.9087007104622415 1.3409395388167957 0.90607385932899398 1.3710665965557243 2.4255295344845211 0.19366670375466236 8.3102505804131521
decision_type=2 2 2 2 2 2 2 2 2 2 2 2 2 2 2 2 2 2 2 2 2 2 2 2 2 2 2 2 2 2
left_child=1 -1 11 7 23 6 22 19 -8 18 12 13 -7 14 -3 -15 17 -11 -4 20 -2 -20 -6 24 -5 -22 -18 -9 -29 -25
right_child=3 2 9 4 5 10 8 27 -10 16 -12 -13 -14 15 -16 -17 26 -19 21 -21 25 -23 -24 29 -26 -27 -28 28 -30 -31
leaf_value=-0.046989453065685145 -0.052942007420536889 0.020965563475752826 0.035075399938135771 -0.065794849520307161 -0.093688920258130456 0.048401168907565968 -0.019162721837328343 0.047951727263438743 0.013238428573651477 -0.0024945137614936891 -0.14674717227692574 -0.019320508599351176 0.021816615346388533 -0.027019156259449412 -0.0033612043376271398 -0.0062068887987166838 -0.31652301548751172 -0.034671875513444438 -0.056414880952703472 0.050392203001258441 0.011247887369990739 0.017994448017066098 -0.066961381585527655 -0.054634077029063172 0.050348663407258 0.024579916086978505 0.028082942491616181 0.022146795378617204 -0.32013988636979318 -0.0023123513619623197
leaf_weight=168448.55277118087 934.10939732193947 14838.587105542421 42749.391663178802 519.63215947151184 6856.8666225671768 16699.487859465182 39620.389098927379 76323.202494211495 283106.89120543748 13391.525257483125 381.74408021569252 134119.92029869556 143892.82415986061 16531.174815252423 18418.665017083287 34465.072194814682 20.830615036189556 5725.9734630808234 722.5056300163269 2653.8260695263743 52289.718351848423 2632.898947969079 10344.684383288026 10606.019689768553 665.94924442470074 21512.196833573282 3384.3410039767623 2277.9169894382358 29.310000918805599 513.57906261086464
leaf_count=1351717 5035 137928 679907 2612 27480 251877 180903 1482559 2878402 68036 2145 618816 1551714 71888 76917 139115 177 29083 2933 34995 439964 30432 53666 89133 3883 219441 40474 34169 241 3062
internal_value=0.000276057 -0.0209801 -0.00571452 0.0147421 0.00967202 0.0110701 0.0048644 0.0314196 0.00926062 0.0198548 0.0241748 -0.0137501 0.0245811 -0.00488275 0.00749282 -0.0129535 -0.00637077 -0.0121321 0.0326662 0.0155214 0.0142831 0.00197219 -0.0776155 -0.04724 -0.000556238 0.015134 0.0259749 0.047067 0.0177985 -0.0522175
internal_weight=1.12468e+06 455449 287001 669228 513208 500903 339929 156020 322727 68627.5 160974 218373 160592 84253.5 33257.3 50996.2 22522.7 19117.5 46104.8 77389.9 74736 3355.4 17201.6 12305.2 1185.58 73801.9 3405.17 78630.4 2307.23 11119.6
internal_count=10508704 3247423 1895706 7261281 5044877 4946187 3140451 2216404 3059305 851042 1805736 1044664 1803591 425848 214845 211003 137770 97119 713272 699435 664440 33365 81146 98690 6495 659405 40651 1516969 34410 92195
is_linear=0
shrinkage=0.05


Tree=36
num_leaves=31
num_cat=0
split_feature=3 1 1 3 1 1 1 0 0 2 1 0 2 1 2 1 3 0 3 3 0 1 2 0 1 0 0 1 3 2
split_gain=127171 66470.2 21194.8 19344.7 56517.3 21305.7 11603.4 10543.5 19330 19578 9750.99 9323.58 10693.8 13138 10129.9 6262.99 19289 7534.6 6072.68 4182.29 9745.89 3604.29 2775.17 2587.25 1839.28 1729.61 4606.81 1537.97 1504.7 1506.56
threshold=2.1537467331430555 -0.060538756366212566 0.27487220877274449 3.4107891595359914 -0.10991279340077306 -0.10278471256184683 0.59167337229920991 0.89692245893593214 1.0956075047414111 2.8732262468657681 0.44709083024419011 -0.036988519151232406 2.5611863177758649 0.60907679441247298 2.4404158053219569 0.4320501273914738 5.5478791408934205 1.0535071086109544 3.4451054898711253 3.5387918830276415 0.73397330146915241 0.090576965594080613 1.8611078034149988 1.0957691888579164 0.57145327630474652 0.89635260974397246 0.86016141696577131 0.65557905798065585 4.8199479288142033 3.3405755845443488
decision_type=2 2 2 2 2 2 2 2 2 2 2 2 2 2 2 2 2 2 2 2 2 2 2 2 2 2 2 2 2 2
left_child=1 -1 21 5 18 7 15 25 9 -9 -4 24 14 -14 -13 16 -6 -17 -5 -20 -21 22 -3 -10 -7 26 -2 -26 29 -8
right_child=3 2 10 4 6 11 28 8 23 -11 -12 12 13 -15 -16 17 -18 -19 19 20 -22 -23 -24 -25 27 -27 -28 -29 -30 -31
leaf_value=-0.046203412459144139 0.035773570011148816 0.025703118873998523 0.032239215394689845 0.013469846156246565 -0.019210454932810761 -0.062259488231965747 -0.030330804973162963 0.031993641010559862 0.048026440956343397 -0.087998810726415674 -0.0092114452644536295 0.0090099824224891198 0.035794726609038895 -0.10441568020461303 -0.019319706268769849 0.034037836634132221 0.023629696897303733 -0.074792747058794615 -0.055910657385072206 0.03467817041430743 -0.038440512819257394 -0.016197143765243328 -0.0090994506380464111 0.024826746696471891 0.050574004841729837 0.048002558525759367 -0.32399442169085246 -0.018689398460641587 0.022225701374764605 -0.087893711982308109
leaf_weight=162889.473503232 40577.271478578448 9364.6140289753675 44650.492918655276 6053.2209806442261 35295.359026737511 392.70697227865458 1877.5866945981979 6117.8687765747309 16000.866127148271 7650.2369340211153 20796.435057245195 106290.00847101212 38255.93881586194 1747.0377153530717 44877.625933155417 64785.652033835649 102815.71634300053 1630.3928821235895 23275.445857718587 5186.353447496891 37571.656398162246 175907.71923732758 14750.430164664984 48273.206816971302 16344.523470461369 68485.934724122286 89.17613247781992 842.78132002800703 549.23718819022179 2880.5837182849646
leaf_count=1351706 610914 115898 712343 28478 309995 3463 9695 46419 251734 30921 121565 859327 432706 9661 237413 721325 1061614 12419 162055 24266 224895 798996 61630 674546 186299 1421768 1131 8686 4244 12592
internal_value=0.00026698 -0.0210591 -0.00563074 0.0137434 0.00373342 0.0208707 0.016855 0.0331188 0.0190852 -0.0346801 0.0190678 0.00988739 0.00668299 0.0296714 0.000599656 0.018749 0.0126816 0.0313662 -0.0344617 -0.0388555 -0.0295715 -0.0137121 0.00441546 0.0306023 0.044733 0.0431525 0.0349846 0.0471777 -0.0561341 -0.0651792
internal_weight=1.10623e+06 428359 265470 677866 281921 395945 209835 187195 78042.2 13768.1 65446.9 208751 191171 40003 151168 204527 138111 66416 72086.7 66033.5 42758 200023 24115 64274.1 17580 109152 40666.4 17187.3 5307.41 4758.17
internal_count=10508704 3162138 1810432 7346566 2571578 4774988 2131884 3037433 1003620 77340 833908 1737555 1539107 442367 1096740 2105353 1371609 733744 439694 411216 249161 976524 177528 926280 198448 2033813 612045 194985 26531 22287
is_linear=0
shrinkage=0.05


Tree=37
num_leaves=31
num_cat=0
split_feature=3 1 3 1 1 1 1 0 0 1 1 2 1 1 1 0 3 3 1 2 3 0 3 0 0 0 0 1 2 0
split_gain=117392 65132.4 20272.8 52070.5 19791.2 17349.1 10407.3 10215.7 17868 17824.5 9314.71 10290.8 9222.1 8208.75 6403.29 17841.6 6881.21 6038.58 4421.87 3638.87 3422.15 8040.77 3012.3 2562.88 1770.32 3387.97 1767.59 1848.38 1707.95 1581.39
threshold=2.2178256005370165 -0.060538756366212566 3.4107891595359914 -0.19391221576389076 0.27487220877274449 -0.10278471256184683 0.59167337229920991 0.89692245893593214 1.0956075047414111 -0.28205325883351068 0.72828833234014589 2.2260795454908346 0.63978365821300709 0.40960982673467899 0.42632142793878453 1.001086503821605 5.3251709217961833 3.4451054898711253 0.59167337229920991 1.7479461772073175 3.5387918830276415 0.77615730216745715 1.822001825231345 1.0957691888579164 0.89635260974397246 0.86016141696577131 0.11347584474032892 0.81545567171745659 1.8608364020288832 0.16873160141954716
decision_type=2 2 2 2 2 2 2 2 2 2 2 2 2 2 2 2 2 2 2 2 2 2 2 2 2 2 2 2 2 2
left_child=1 -1 5 17 19 7 14 24 9 -9 11 18 -13 -6 15 -5 -16 -4 -7 -3 -19 -22 28 -10 25 -2 27 -12 -21 -15
right_child=2 4 3 6 13 10 -8 8 23 -11 26 12 -14 29 16 -17 -18 20 -20 22 21 -23 -24 -25 -26 -27 -28 -29 -30 -31
leaf_value=-0.045428199219363891 0.035062295359056105 -0.017724094994226992 0.012886947541607581 -0.026958156440344872 0.031532513832770677 -0.09930430419254839 -0.053340525894236851 -0.08366136379200334 0.047615361862557132 0.03189528942414107 -0.13996379912869558 0.0094594000563342044 -0.083030386724533001 0.00015437490476051595 0.033270560034795831 0.019832641470049515 -0.054662883439139789 -0.055087968927822618 0.048258040586713923 -0.0026296211147164707 0.016138917558993864 -0.041749560684896103 -0.011492229906190699 0.024099560830787594 0.047670912044460279 -0.23648359179431666 -0.035033104586564272 0.013319024303989929 0.02133060440728872 -0.035487657309724883
leaf_weight=157523.45604625344 39362.650041081011 132742.02465388179 6025.8930031359196 24829.114676356316 43148.098160155118 520.26458512246609 5305.8867567852139 7673.3217190802097 15348.599200725555 5905.222819224 1298.8045404031873 160828.14145905524 2741.0794254392385 18595.778343968093 64839.525387391448 113514.95437700301 2303.8824257105589 22455.618521496654 20998.604182429612 16332.088314190507 7444.2457135617733 30890.575462639332 53831.469778582454 47269.245280481875 65587.696021139622 115.20245475322008 1165.6574349701405 231.76841854304075 13656.910441577435 3737.6200691983104
leaf_count=1351717 610903 620867 28471 201461 710937 3788 26531 31260 251734 46080 6627 1387987 16343 117906 737418 1169915 17455 162034 231222 66322 34942 193351 225460 674546 1421768 1131 4894 1420 134350 19864
internal_value=0.000262312 -0.0196744 0.0138144 0.00360701 -0.00529071 0.0214927 0.0157986 0.032527 0.0185886 -0.0334065 0.0108417 0.0121857 0.00790946 0.0187961 0.0175839 0.0114349 0.0302533 -0.0348553 0.0446904 -0.0125738 -0.0395878 -0.0305082 -0.00441754 0.0298636 0.0426355 0.0342699 -0.081423 -0.116753 0.0082818 -0.00581052
internal_weight=1.08622e+06 439567 646656 277610 282044 369046 210793 181262 76196.4 13578.5 187784 185088 163569 65481.5 205487 138344 67143.4 66816.3 21518.9 216562 60790.4 38334.8 83820.5 62617.8 105066 39477.9 2696.23 1530.57 29989 22333.4
internal_count=10508704 3247423 7261281 2571578 1895706 4689703 2152780 3037422 1003620 77340 1652281 1639340 1404330 848707 2126249 1371376 754873 418798 235010 1046999 390327 228293 426132 926280 2033802 612034 12941 8047 200672 137770
is_linear=0
shrinkage=0.05


Tree=38
num_leaves=31
num_cat=0
split_feature=3 1 3 1 3 1 0 1 3 1 0 0 1 0 0 0 2 0 2 1 2 1 0 2 2 1 2 3 1 0
split_gain=107973 61859.5 19199.7 18081.7 14603.6 13528.2 13384.9 40024.4 12177.9 7595.4 4134.86 5945.72 3358.26 2808.61 1652.87 1599.65 1976.53 1466.1 1452.53 1197.13 1527.73 1111.16 1037.39 780.576 766.966 1002.63 593.881 532.5 371.318 359.063
threshold=2.2178256005370165 -0.060538756366212566 2.4187326247601866 0.26971789134358293 2.3061047080024362 -0.42321740060184992 1.0956075047414111 -0.31248217156279456 2.424076018411276 0.44709083024419011 1.0957691888579164 1.1230114192572203 0.25671215759325344 0.80727102252732108 0.81992422886425576 0.16873160141954716 1.7479461772073175 0.8068352369092342 1.7376526579221052 0.62232822779575792 2.3545810747388356 0.28936352030516932 0.90607385932899398 1.3710665965557243 2.4255295344845211 0.19366670375466236 3.2722432540302706 8.3102505804131521 0.60445080788633843 -0.29435794004766241
decision_type=2 2 2 2 2 2 2 2 2 2 2 2 2 2 2 2 2 2 2 2 2 2 2 2 2 2 2 2 2 2
left_child=1 -1 4 12 19 27 7 26 -9 18 -8 -12 13 17 -15 16 -11 -3 -5 20 28 -20 -22 -17 29 -26 -7 -4 -2 -6
right_child=2 3 5 9 24 6 10 8 -10 15 11 -13 -14 14 -16 23 -18 -19 21 -21 22 -23 -24 -25 25 -27 -28 -29 -30 -31
leaf_value=-0.044662646762423673 -0.062630235124771214 0.00069938908981199326 -0.053749750170963652 0.033051851726248103 -0.22727265232339022 -0.0829496026718958 0.047142969773139226 -0.017785831417318994 0.011917854461994162 -0.0070005902205082689 -0.0033999305909652882 0.024001881618488305 -0.017022597969568416 -0.024705474379071102 -0.0053731468056598466 0.07359978522783138 0.038509580282663894 0.024391442095856312 -0.055096291736217697 0.04926021192415838 0.0099912993715871035 0.014019151925000757 0.023234272095204435 -0.042154284618065224 0.02163710344865237 -0.24275541094962205 -0.063683531216962949 0.0011515266265538584 0.0287354074999587 0.046934216514670841
leaf_weight=152344.46172460914 816.01703429222107 23753.016197547317 8855.8358441442251 39423.714485533535 11.940735295414923 6660.5252301692963 14744.153185278177 39536.612767413259 271176.22571312636 15564.786386847496 23899.197491504252 115315.8180783838 131461.52072654665 16266.493944779038 34518.347054317594 152.33946366608143 2817.64182305336 9005.3476751446724 738.50007563084364 2348.1474006846547 51172.998150959611 2735.7911019995809 20798.479444794357 3312.0137152820826 2246.723054766655 36.43919712305069 10013.434337556362 464.85051944851875 128.74962999671698 67128.523425832391
leaf_count=1351717 3768 98961 82209 680690 79 27480 251892 180903 2878402 80187 308083 1256145 618816 71888 139115 691 36756 115884 3010 34995 439964 31461 219441 18247 34169 241 56837 2926 1267 1482480
internal_value=0.000256614 -0.0190263 0.0133706 -0.00506547 0.0293767 0.00865074 0.00980603 0.00408834 0.00813821 0.0180992 0.0219644 0.0192978 -0.0120411 -0.00420235 -0.0115653 -0.00589835 -2.48328e-05 0.00721239 0.0303206 0.0141207 0.0129891 -0.000672121 0.0138183 -0.0370642 0.0459163 0.0174174 -0.0713795 -0.0510117 -0.0501792 0.0468854
internal_weight=1.06745e+06 432094 635355 279750 144688 490667 481346 327387 310713 64744.8 153959 139215 215005 83543.2 50784.8 21846.8 18382.4 32758.4 42898 75264.4 72916.2 3474.29 71971.5 3464.35 69423.6 2283.16 16674 9320.69 944.767 67140.5
internal_count=10508704 3247423 7261281 1895706 2216404 5044877 4959742 3143622 3059305 851042 1816120 1564228 1044664 425848 211003 135881 116943 214845 715161 699435 664440 34471 659405 18938 1516969 34410 84317 85135 5035 1482559
is_linear=0
shrinkage=0.05


Tree=39
num_leaves=31
num_cat=0
split_feature=3 1 3 1 0 1 1 0 0 1 2 2 2 1 1 2 1 2 0 3 0 1 3 2 0 0 0 0 0 2
split_gain=99147.9 58697.6 18624.2 46511.3 16541.9 16293.1 9682.66 9554.15 15264.1 15275.8 8973.67 9363.79 14171.5 8203.87 7198.8 6146.84 21239.9 5380.63 6508.59 6497.28 4426.87 3136.31 3044.4 2838.87 2631.46 2456.71 1757.34 1493.71 1491.06 1805.51
threshold=2.2178256005370165 -0.060538756366212566 3.4107891595359914 -0.10991279340077306 0.67216175385953125 -0.10278471256184683 0.63029474664333851 0.89692245893593214 1.0956075047414111 -0.28205325883351068 2.9519396644261002 2.5611863177758649 2.4404158053219569 0.60907679441247298 0.40960982673467899 5.8028513984867311 0.17514869934927838 3.5687149674376935 0.73397330146915241 3.7639816727791913 1.1978845133089424 -0.26599955046158807 1.6733026095081236 4.3133012312386469 0.80727102252732108 1.0957691888579164 0.69179330186295329 0.81992422886425576 0.16873160141954716 1.7479461772073175
decision_type=2 2 2 2 2 2 2 2 2 2 2 2 2 2 2 2 2 2 2 2 2 2 2 2 2 2 2 2 2 2
left_child=1 -1 5 17 14 7 15 26 9 -9 11 12 -7 -13 -3 16 -5 21 23 -20 -17 -4 -6 -19 -24 -10 -2 -26 29 -16
right_child=2 4 3 6 22 10 -8 8 25 -11 -12 13 -14 -15 28 20 -18 18 19 -21 -22 -23 24 -25 27 -27 -28 -29 -30 -31
leaf_value=-0.04390505837206321 -0.039346423762153609 0.029974041311614047 0.052661413783913417 -0.15518767083463234 -0.016236106465450522 0.01562835559458425 -0.064642375468535879 -0.077819255528297729 0.046792087909233004 0.030669097951635183 -0.1282069660855388 0.037974068081692909 -0.01813306751695647 -0.085772298369226438 -0.0064395714611039032 -0.12266326908385482 0.013955759375869448 -0.0096479688587493406 0.00056660836061413829 -0.042301068950983088 0.034584477290774157 -0.05652876489906325 0.0071447513144006422 0.064901931805796828 -0.023659762719043551 0.022937411020425635 0.042262326734307881 -0.0052561609525229791 -0.035705205199296548 0.037224678366594308
leaf_weight=147351.9231415987 664.15901930630207 41165.940672665834 678.94534569978714 1879.0534891486168 130914.34493140876 101444.36284396052 3733.7627237290144 7487.8685263842344 14127.09471078217 5725.9381866827607 1165.2693134769797 35886.944574393332 44812.911890774965 1391.2734338864684 15718.627400740981 452.1697698533535 151428.87371210009 2391.2842192947865 12613.071452006698 29542.140769600868 44067.707561574876 20962.206857323647 32347.185770317912 2740.4886750727892 16145.571394190192 45733.901732869446 97479.944478221238 34768.208648502827 3441.2310672029853 2787.3034203201532
leaf_count=1351717 3105 712075 2960 13992 620636 972218 16138 31260 251734 46080 6448 428454 237546 7615 80919 3958 1588637 12408 56994 197341 509159 158627 213952 11364 71907 674546 2030697 140105 19125 36987
internal_value=0.000247674 -0.018404 0.0128916 0.00300194 -0.00485271 0.0204075 0.0151266 0.0315185 0.0178305 -0.030808 0.0101075 0.0109856 0.00528393 0.0333557 0.0176441 0.0166321 0.0118826 -0.0324532 -0.0230026 -0.0294748 0.0329874 -0.0531032 -0.0114821 0.0301634 -0.0040071 0.0285671 0.0417101 -0.0110922 -0.00548292 0.000136997
internal_weight=1.05105e+06 424640 626409 270490 277288 355920 201562 171219 73074.8 13213.8 184701 183535 146257 37278.2 63113.1 197828 153308 68928.1 47287 42155.2 44519.9 21641.2 214175 5131.77 83261 59861 98144.1 50913.8 21947.2 18505.9
internal_count=10508704 3247423 7261281 2571578 1895706 4689703 2131884 3037422 1003620 77340 1652281 1645833 1209764 436069 849106 2115746 1602629 439694 278107 254335 513117 161587 1046600 23772 425964 926280 2033802 212012 137031 117906
is_linear=0
shrinkage=0.05


Tree=40
num_leaves=31
num_cat=0
split_feature=3 1 3 1 1 1 0 0 2 1 1 2 2 1 3 0 1 3 0 0 1 3 0 2 3 0 0 2 3 2
split_gain=91194 55692.7 17298.7 42887.5 15636.1 15127 9232.19 14114.3 14025 8867.25 8365.61 9575.39 8428.69 7212.22 14502.5 6735.41 6724.09 5161.61 4842.28 9925.05 3974.99 3563.03 6706.71 2773.73 2445.13 2427.12 1822.17 3110.65 1615.89 1442.45
threshold=2.2178256005370165 -0.051886445752020081 3.4107891595359914 -0.19391221576389076 -0.10278471256184683 0.27487220877274449 0.89692245893593214 1.0956075047414111 2.8732262468657681 0.57938706724800537 0.72828833234014589 2.2260795454908346 2.5611863177758649 0.4320501273914738 5.5478791408934205 1.0451685315553954 0.44709083024419011 3.4451054898711253 0.26273546651231966 0.33692532184070467 0.59167337229920991 3.5387918830276415 0.77615730216745715 1.7479461772073175 1.822001825231345 1.0957691888579164 0.89635260974397246 3.2490814745305499 2.9878634614873074 1.7376526579221052
decision_type=2 2 2 2 2 2 2 2 2 2 2 2 2 2 2 2 2 2 2 2 2 2 2 2 2 2 2 2 2 2
left_child=1 -1 4 17 6 23 26 8 -8 13 11 20 -13 14 -5 -15 29 -4 -11 -20 -6 -19 -23 -3 -25 -9 27 -2 -12 -7
right_child=2 5 3 9 10 16 7 25 -10 18 28 12 -14 15 -16 -17 -18 21 19 -21 -22 22 -24 24 -26 -27 -28 -29 -30 -31
leaf_value=-0.043152943751994535 -0.018412256033797345 -0.015514786888375097 0.011453707376375228 -0.017515360048337925 -0.089767730050994254 0.032068919919163101 0.029069091781221565 0.046377761132383927 -0.07569701906973661 0.035617464243977999 -0.090443148378247087 0.00060073609534099567 0.027728637526539854 0.033515105480337364 0.019552296541016922 -0.065868074476377478 -0.0054092560591340599 -0.053894463919319485 -0.27515950393497179 -0.04143572291758283 0.047248280891299593 0.014366737735856658 -0.038867806981989023 0.0077111832138242456 -0.010197779652444314 0.0222335651104811 0.046698885077052964 0.036624423859475626 0.030841977120693184 -0.0020093790601673086
leaf_weight=142551.68935716152 2778.1236505024135 130131.76341846585 5938.7563431710005 35852.061118334532 544.04157269001007 36872.242695257068 5684.1291120201349 13555.148832187057 7293.3696770966053 1634.9407225847244 2441.9036428630352 122313.00267466903 37384.659965269268 58101.031869664788 99951.151947535574 1756.3554968386889 21545.386965699494 21047.820232510567 498.35958707332611 5128.4884119033813 19585.614472381771 7420.5798733085394 29188.9997811988 29592.488067090511 53544.083355769515 44845.582790724933 57914.181905627251 33840.711692593992 309.42122094333172 3390.7035733759403
leaf_count=1351752 35485 620866 28471 311701 3788 678412 46419 251734 30921 17401 11608 962193 442137 697300 1080804 12545 135881 162034 4547 28482 231222 34942 193351 200672 225426 674546 1421768 576549 1333 34414
internal_value=0.000242106 -0.0177891 0.0124864 0.00289753 0.0198198 -0.00464492 0.0309301 0.0173566 -0.0298096 0.014126 0.00972371 0.0110476 0.00695128 0.0161396 0.00976643 0.030599 0.0171352 -0.0329303 -0.0401277 -0.0621362 0.0435452 -0.0375019 -0.0280774 -0.0109571 -0.00382308 0.0278376 0.041179 0.032449 -0.0768031 0.0291991
internal_weight=1.03264e+06 417628 615008 266519 348490 275077 165911 71378.2 12977.5 202922 182579 179827 159698 195661 135803 59857.4 61808.3 63596.2 7261.79 5626.85 20129.7 57657.4 36609.6 213268 83136.6 58400.7 94533 36618.8 2751.32 40262.9
internal_count=10508704 3247423 7261281 2571578 4689703 1895671 3037422 1003620 77340 2152780 1652281 1639340 1404330 2102350 1392505 709845 848707 418798 50430 33029 235010 390327 228293 1046964 426098 926280 2033802 612034 12941 712826
is_linear=0
shrinkage=0.05


Tree=41
num_leaves=31
num_cat=0
split_feature=3 1 3 1 1 2 0 0 1 1 1 2 2 2 1 2 1 2 0 3 1 1 2 2 2 0 0 2 1 3
split_gain=83907.4 51188.4 14194.8 39470 17469.9 13670 8914.59 13050 12896.2 8288.52 8236.6 7780.86 9107.72 11135.3 7555.81 5804.1 18353.9 5175.82 5636.39 6037.59 4070.9 3040.09 3019.84 3372.12 2598.64 2395.1 1852.86 2937.58 1449.97 1403.41
threshold=2.1537467331430555 -0.060538756366212566 3.4107891595359914 -0.10991279340077306 -0.10278471256184683 1.7376526579221052 0.89692245893593214 1.0956075047414111 -0.28205325883351068 0.52254278872949078 0.63029474664333851 2.9519396644261002 2.5611863177758649 2.4404158053219569 0.60907679441247298 5.8028513984867311 0.27487220877274449 3.5687149674376935 0.73397330146915241 3.7639816727791913 0.14247634623783639 -0.26599955046158807 1.7479461772073175 1.9591535062539875 4.3133012312386469 1.0957691888579164 0.89635260974397246 3.2490814745305499 0.77090001566801269 3.8319866170719474
decision_type=2 2 2 2 2 2 2 2 2 2 2 2 2 2 2 2 2 2 2 2 2 2 2 2 2 2 2 2 2 2
left_child=1 -1 4 17 6 9 26 8 -8 -3 15 12 13 -6 -14 16 -5 21 24 -20 -17 -4 -7 -24 -19 -9 27 -2 -11 -12
right_child=2 5 3 10 11 22 7 25 -10 28 29 -13 14 -15 -16 20 -18 18 19 -21 -22 -23 23 -25 -26 -27 -28 -29 -30 -31
leaf_value=-0.042408720937358438 -0.017249640270500501 0.030736762036213779 0.052318504445737837 -0.053945305787623146 0.012025658285698841 -0.015151190821264536 -0.072657572760373754 0.045960827025030349 0.028958343272812007 -0.022510251806248733 -0.011216008547607148 -0.11783195806711913 0.036672503606208003 -0.017234091190809403 -0.080766023051075775 0.0086873367212273352 0.015567717263197403 -0.0096219981812757024 0.00137046002291671 -0.040192730087658529 0.042094614116582087 -0.055357027252876237 0.0054050654766973107 -0.017800276413884375 0.061938197511985905 0.021539491232577458 0.046355939608027634 0.035951797139019352 0.0082016649896526333 -0.07951508412208963
leaf_weight=137913.63878516853 2817.7332809492946 37512.129284888506 678.42218901216984 10187.342890240252 118353.7658020705 129513.3307300657 7246.7310048639774 13008.091693922877 5486.0228601843119 10781.372048139572 1053.1630408018827 1217.0759713947773 34029.600615940988 44833.601898312569 1427.0550289526582 13209.353494934738 139903.89865620434 2394.9821287989616 12588.683598473668 28560.766946025193 29449.125060908496 19427.53608866781 47167.05027642101 23433.435889057815 2697.6173380166292 43998.055588629097 55487.029672026634 32777.354482293129 5971.8399232700467 2631.3858951628208
leaf_count=1351706 35496 691709 2960 89988 1057492 621306 31260 251734 46080 51646 4594 6448 428454 237546 7615 157455 1512641 12408 56994 197341 355662 158627 311315 103449 11364 674546 1421768 576549 31007 11544
internal_value=0.000237277 -0.0178793 0.0116365 0.00279769 0.0180762 -0.00458046 0.0303433 0.0168901 -0.0288754 0.0176777 0.0140596 0.00820519 0.00897741 0.00398692 0.0319459 0.0154751 0.0108496 -0.030545 -0.0213365 -0.0274775 0.0317499 -0.0517238 -0.0106163 -0.00229716 0.0282844 0.0271121 0.0406441 0.0317403 -0.0115627 -0.059993
internal_weight=1.01576e+06 392293 623464 262782 360682 254379 160821 69738.9 12732.8 54265.3 196434 199861 198644 163187 35456.7 192750 150091 66348 46242.1 41149.5 42658.5 20106 200114 70600.5 5092.6 57006.1 91082.1 35595.1 16753.2 3684.55
internal_count=10508704 3162138 7346566 2571578 4774988 1810432 3037433 1003620 77340 774362 2131884 1737555 1731107 1295038 436069 2115746 1602629 439694 278107 254335 513117 161587 1036070 414764 23772 926280 2033813 612045 82653 16138
is_linear=0
shrinkage=0.05


Tree=42
num_leaves=31
num_cat=0
split_feature=3 1 3 3 1 1 0 1 1 0 3 1 2 0 0 2 0 2 0 1 0 0 3 0 2 1 3 2 1 0
split_gain=77312.4 49945.9 15450.9 13411.7 12719.5 10577.5 10397.9 10873.4 8144.3 6129.95 6241.81 5857.39 2225.04 2239.19 1284.78 1267.12 1221.71 1619.83 1160.92 1121.35 1366.03 1089.53 989.339 754.796 679.544 787.007 581.197 472.357 381.817 323.771
threshold=2.2178256005370165 -0.060538756366212566 2.4187326247601866 2.3061047080024362 0.27487220877274449 -0.42321740060184992 1.1230114192572203 -0.34304814104621323 0.41597567765674004 1.1363723124172573 3.3970876235880936 0.40960982673467899 1.7479461772073175 0.80727102252732108 0.8068352369092342 1.7376526579221052 0.16873160141954716 1.7479461772073175 0.81992422886425576 0.62232822779575792 0.88060410386687449 0.50580790070522086 2.2553466345801803 0.26273546651231966 2.4255295344845211 0.20857525580890771 8.3102505804131521 5.5626703716772949 -0.76496095472163017 0.94719974010471397
decision_type=2 2 2 2 2 2 2 2 2 2 2 2 2 2 2 2 2 2 2 2 2 2 2 2 2 2 2 2 2 2
left_child=1 -1 3 19 12 26 7 -7 -9 27 -11 15 -3 14 -14 29 17 -13 -15 20 -2 -17 -22 -18 -5 -26 -4 -8 -28 -6
right_child=2 4 5 24 11 6 9 8 -10 10 -12 16 13 18 -16 21 23 -19 -20 -21 22 -23 -24 -25 25 -27 28 -29 -30 -31
leaf_value=-0.041667271676798928 -0.043428106813078897 -0.014177154679474183 -0.052147216122169632 0.045490046732460598 0.030756857851561403 -0.05992632954700642 0.04669241087022509 0.0002131169775840092 0.016968278979048491 -0.11003037763748608 0.017532714528752262 -0.00552872955969245 0.0005644583230313779 -0.021460756195239461 0.023041684388812864 0.018345578207090756 -0.050839391893883396 0.036401772674892141 -0.005121591702873806 0.048296519955839425 0.0084220316016114342 -0.044237716202351847 0.021604448860995613 -0.0036761201207974174 0.021746899729497941 -0.19701124094454039 -0.042488477063217171 -0.089304198198024376 0.051760886471661563 -0.76227278636799356
leaf_weight=133463.68871556967 1121.1498539447784 128516.83029966056 7736.4521562904119 57084.084834076464 34711.838541120291 6491.2182639017701 20809.274744495749 234158.51983824745 105070.13215892017 969.71401554346085 86466.865333542228 15653.36822912097 23787.158404573798 15867.650387257338 8676.3159848749638 2090.1093972399831 2074.7526011914015 2700.6798186153173 34525.997787892818 2112.0141588151455 49584.882677912712 1042.2177692577243 19963.251425474882 1435.1108648627996 2256.5939624980092 41.877024352550507 202.66973233222961 64.045548029243946 228.73715034127235 1.28710751608014
leaf_count=1351717 5768 620867 82209 1482559 677608 43462 304546 2526036 1134099 7446 943598 80919 99247 71888 115884 28722 12516 36987 139113 34995 439250 4586 219422 7348 34175 235 1392 555 1534 21
internal_value=0.000231636 -0.0166289 0.0117076 0.0267834 -0.00430171 0.00739679 0.00841131 0.00417612 0.00540273 0.0219298 0.016118 0.0160761 -0.0100581 -0.00366916 0.00657181 0.0279792 -0.00452748 0.000641073 -0.0102664 0.0123962 0.0113233 -0.00247773 0.0122059 -0.0315553 0.0444168 0.0177612 -0.0489977 0.0462751 0.00748368 0.0307275
internal_weight=998908 404547 594361 132164 271083 462198 454030 345720 339229 108310 87436.6 59709.4 211374 82857.1 32463.5 37845.5 21863.9 18354 50393.6 72781.3 70669.3 3132.33 69548.1 3509.86 59382.6 2298.47 8167.86 20873.3 431.407 34713.1
internal_count=10508704 3247423 7261281 2216404 1895706 5044877 4959742 3703597 3660135 1256145 951044 848707 1046999 426132 215131 710937 137770 117906 211001 699435 664440 33308 658672 19864 1516969 34410 85135 305101 2926 677629
is_linear=0
shrinkage=0.05


Tree=43
num_leaves=31
num_cat=0
split_feature=3 1 3 3 1 1 0 1 3 1 0 0 2 0 3 0 2 0 1 2 0 0 2 2 1 3 2 1 0 0
split_gain=70851.4 47304.8 14534 13120 11620.6 9860.53 9789.04 29744.5 8693.88 5468.69 3863.22 5637.65 2027.74 2027.22 1294.82 1253.52 1531.06 1190.57 1080.6 1244.91 1063.87 933.679 711.372 677.962 657.271 564.955 453.566 341.21 303.555 300.868
threshold=2.2178256005370165 -0.060538756366212566 2.4187326247601866 2.3061047080024362 0.27487220877274449 -0.42321740060184992 1.0956075047414111 -0.31248217156279456 2.424076018411276 0.44709083024419011 1.0957691888579164 1.1230114192572203 1.7479461772073175 0.80727102252732108 1.822001825231345 0.16873160141954716 1.7479461772073175 0.8068352369092342 0.62232822779575792 2.3545810747388356 0.81992422886425576 0.91541070563239579 1.3710665965557243 2.4255295344845211 0.19366670375466236 8.3102505804131521 1.7376526579221052 -0.76496095472163017 -0.05746037115512536 1.0774002105738207
decision_type=2 2 2 2 2 2 2 2 2 2 2 2 2 2 2 2 2 2 2 2 2 2 2 2 2 2 2 2 2 2
left_child=1 -1 3 18 12 25 7 29 -9 14 -8 -12 -3 17 26 16 -11 -14 19 28 -15 -21 -17 -5 -25 -4 -6 -27 -2 -7
right_child=2 4 5 23 9 6 10 8 -10 15 11 -13 13 20 -16 22 -18 -19 -20 21 -22 -23 -24 24 -26 27 -28 -29 -30 -31
leaf_value=-0.040929438338500587 0.016507483494757402 -0.013549670957863514 -0.051688988700186039 0.04511024582971352 0.030064783744554069 -0.06635525302204158 0.045466953503977475 -0.01529323073810516 0.0099570685022346353 -0.0054276971403469853 -0.0061924415517585606 0.021190422752589189 0.00053626995868542577 -0.02054402833885698 -0.033821688620376787 0.071703494017462288 0.036260999859035734 0.022327990776838773 0.047909508954453048 0.0083628987254884945 -0.0048636556254256485 0.021946725935579114 -0.038518372945609225 0.02109158404598592 -0.16822177682397979 -0.041528409257737979 0.0081431603166581129 0.047565513572258106 -0.058630268934636423 -0.010307983173017694
leaf_weight=129185.44047440588 161.90239763259888 127764.67526417971 7422.7360042855144 54745.784573182464 33914.208291903138 14826.951035752892 12501.436936102808 39364.275164231658 254400.53679346293 15497.769311621785 22822.417487896979 106560.00068412349 23785.662222355604 15749.982839882374 851.82729040831327 153.68076671659946 2567.2351429015398 8510.2585335373878 2024.8314190171659 52403.742432631552 34538.823628008366 16675.489533253014 3084.191842623055 2214.2464187964797 46.817535914480686 197.12930846214294 2536.0232604816556 236.26214231550694 791.84850986301899 243.37608391046524
leaf_count=1351717 1442 620867 82209 1482559 678286 82464 251892 180903 2878402 80187 308083 1256145 99247 71888 3871 691 36756 115884 34995 472947 139113 186458 18247 34169 241 1392 30669 1534 3593 1853
internal_value=0.000223524 -0.0160616 0.0112571 0.0260791 -0.00411702 0.00708548 0.00805346 0.00305898 0.00657355 0.0155731 0.0189248 0.0163602 -0.00960283 -0.00349678 0.0271155 -0.00463812 0.000496724 0.00627858 0.0118998 0.0108587 -0.0097746 0.011642 -0.0332869 0.0440021 0.0171717 -0.0484491 0.0285396 0.00704089 -0.0458754 -0.0654501
internal_weight=985780 398140 587640 129065 268954 458575 450719 308835 293765 58604.9 141884 129382 210349 82584.7 37302.1 21302.9 18065 32295.9 72057.8 70033 50288.8 69079.2 3237.87 57006.8 2261.06 7856.13 36450.2 433.391 953.751 15070.3
internal_count=10508704 3247423 7261281 2216404 1895706 5044877 4959742 3143622 3059305 848707 1816120 1564228 1046999 426132 712826 135881 116943 215131 699435 664440 211001 659405 18938 1516969 34410 85135 708955 2926 5035 84317
is_linear=0
shrinkage=0.05


Tree=44
num_leaves=31
num_cat=0
split_feature=3 1 3 1 1 1 0 0 2 1 1 2 2 1 0 3 1 0 3 1 0 0 1 0 1 0 3 0 2 3
split_gain=64941.6 44778 14311.4 34007.1 13542.1 10618.7 8262.5 11009 11319.7 7676.37 7643.01 8715.29 7330.51 6995.38 14430.5 6602.68 5234.13 5786.21 6581.51 5025.15 4097.09 7450.01 3596.11 2393.75 1866.66 1839.58 1769.94 1690.84 2761.81 1470.11
threshold=2.2178256005370165 -0.060538756366212566 3.4107891595359914 -0.19391221576389076 -0.10278471256184683 0.26971789134358293 0.89692245893593214 1.0956075047414111 2.8732262468657681 0.57938706724800537 0.72828833234014589 2.2260795454908346 2.5611863177758649 0.42632142793878453 1.001086503821605 3.4940540992957554 -0.27617349705825117 0.73397330146915241 3.7114218561852899 0.44709083024419011 0.26273546651231966 0.33692532184070467 0.59167337229920991 1.0957691888579164 0.25671215759325344 0.80727102252732108 4.3491450911238507 0.89635260974397246 3.2490814745305499 2.9495574610627568
decision_type=2 2 2 2 2 2 2 2 2 2 2 2 2 2 2 2 2 2 2 2 2 2 2 2 2 2 2 2 2 2
left_child=1 -1 4 16 6 24 27 8 -8 13 11 22 -13 14 -5 -15 17 26 -19 -7 -11 -22 -6 -9 25 -3 -4 28 -2 -12
right_child=2 5 3 9 10 19 7 23 -10 20 29 12 -14 15 -16 -17 -18 18 -20 -21 21 -23 -24 -25 -26 -27 -28 -29 -30 -31
leaf_value=-0.04019421366393125 -0.016479439299212712 0.0060270289179238448 -0.049267998178594209 -0.026699093071276034 -0.082863206515183349 0.026133999100032737 0.027100046716978007 0.045115088558200962 -0.069506440176684295 0.033718317577148237 -0.088286332477396826 -4.4229923906174764e-05 0.025871166891946958 -0.11623710920441928 0.015732510354577092 0.030308417476883367 -0.050015779674199026 0.0069060598198907169 -0.040154392076320648 -0.0044355127038209338 -0.22965115796382995 -0.039016573392945876 0.046020420497840143 0.019777037342619683 -0.013003839211329244 -0.0093061171512057173 0.062086832178793377 0.045307128088662989 0.03508143656951853 0.017280042612168863
leaf_weight=125076.06400923431 2830.6725788749754 32055.489214658737 413.44139163196087 24846.53864492476 558.04110370576382 36857.379055477679 5414.3907907083631 11983.453951537609 6891.9516719579697 1543.031919464469 2401.8673050329089 120029.71709427238 35315.737694472075 778.97215277701616 103526.91767176241 57874.140268310905 22521.803129293025 10844.60050585866 23591.195407599211 21162.324688911438 569.7708560526371 5098.6764445379376 17959.281400918961 41957.042273387313 126653.68947710097 50186.286250382662 2606.8067871630192 48892.994923353195 31478.83736538142 382.2803690135479
leaf_count=1351717 35485 214845 2221 201461 3788 715161 46419 251734 30921 17401 11295 962193 442137 10162 1169915 720812 176379 49991 179049 135881 4547 28482 231222 674546 618816 211003 11158 1421768 576549 1646
internal_value=0.000215083 -0.0155075 0.0108354 0.00194233 0.0177682 -0.0039393 0.0288458 0.0156704 -0.0270027 0.0121044 0.00839617 0.00971227 0.00584729 0.0140562 0.00751992 0.0283621 -0.0309675 -0.019514 -0.025334 0.014984 -0.0385154 -0.0581784 0.0421364 0.0254062 -0.00919515 -0.0033297 0.0468435 0.0393363 0.0308275 -0.0737914
internal_weight=972303 391991 580312 254216 326096 266915 149449 66246.8 12306.3 194238 176647 173863 155345 187027 128373 58653.1 59977.8 37456 34435.8 58019.7 7211.48 5668.45 18517.3 53940.5 208895 82241.8 3020.25 83202.5 34309.5 2784.15
internal_count=10508704 3247423 7261281 2571578 4689703 1895706 3037422 1003620 77340 2152780 1652281 1639340 1404330 2102350 1371376 730974 418798 242419 229040 851042 50430 33029 235010 926280 1044664 425848 13379 2033802 612034 12941
is_linear=0
shrinkage=0.05


Tree=45
num_leaves=31
num_cat=0
split_feature=3 1 3 1 1 2 2 1 0 0 0 2 1 2 2 2 1 1 1 0 3 2 2 0 3 2 2 0 0 1
split_gain=59607.3 41173.5 11690.4 31772.5 14961.5 9619.42 9323.49 8728.74 8324.46 7951.02 10170.9 10460.4 7188.6 6982.21 8151.67 8985.99 7124.98 6412.89 5126.99 3324.32 3133.71 3112.1 2368.49 2351.7 2078.32 2077.37 2505.7 1713.87 2680.88 1274.66
threshold=2.1537467331430555 -0.051886445752020081 3.4107891595359914 0.14247634623783639 -0.10278471256184683 1.7376526579221052 5.8028513984867311 0.28082011494542464 1.181305133447065 0.89692245893593214 1.0956075047414111 2.8732262468657681 0.57938706724800537 2.9519396644261002 2.5611863177758649 2.4404158053219569 0.60907679441247298 0.52254278872949078 -0.42321740060184992 0.52399747653507067 4.3842336583856074 6.9771150019948998 5.7631378302477874 1.0957691888579164 6.8745952661962386 1.7479461772073175 1.9591535062539875 0.89635260974397246 0.86016141696577131 0.77090001566801269
decision_type=2 2 2 2 2 2 2 2 2 2 2 2 2 2 2 2 2 2 2 2 2 2 2 2 2 2 2 2 2 2
left_child=1 -1 4 8 9 17 7 22 19 27 11 -11 -9 14 15 -6 -16 -3 -10 -4 -21 -20 -5 -12 -8 -7 -27 28 -2 -19
right_child=2 5 3 6 13 25 24 12 18 10 23 -13 -14 -15 16 -17 -18 29 21 20 -22 -23 -24 -25 -26 26 -28 -29 -30 -31
leaf_value=-0.03945989994812879 0.031022157062803524 0.028047798430602108 0.071782295881762076 -0.047170892844386456 0.010498394544796837 -0.012690026490765378 0.041151631648871125 0.014865292504098987 -0.047263253097072973 0.026271036605740067 0.044686313301785269 -0.067574233104546397 -0.036258875805522096 -0.11053102595509519 0.035144894097723874 -0.015934785844723628 -0.078397395883704479 -0.020328537303990674 -0.013793825043741575 -0.051667931248062973 -0.018050303021209978 0.017961706875239927 0.0078880070074861287 0.019121921307098569 -0.28227192031760934 0.0047414955871770657 -0.015421699362004071 0.044943624995255199 -0.1924011766456559 0.008555739115031288
leaf_weight=121138.47406475246 33252.589833788574 33930.875453270972 636.55095319449902 8370.7486676946282 114683.24231294543 126528.27636630088 27143.375671260059 128965.40719352663 6988.1413006931543 5308.7154511287808 11505.648279681802 6738.4691145271063 7263.1779094934464 1254.796926625073 31994.580249406397 44677.447178207338 1444.0441118702292 10585.852759122849 17637.836072705686 28342.736623585224 9176.4949377477169 13714.479337289929 2547.7407063543797 41243.262741155922 49.762721113860607 46539.77531291917 23034.196340754628 46875.19846868515 134.80850236862898 5975.6691765040159
leaf_count=1351741 610914 691708 2758 74118 1057492 621306 355051 1458475 81196 46419 251734 30921 50429 6448 428454 237546 7615 51646 118656 214429 58434 129933 27487 674546 612 311315 103415 1421768 1131 31007
internal_value=0.000210444 -0.0155893 0.0100589 0.00187511 0.0161123 -0.00386297 0.0136626 0.00869195 -0.0249894 0.0282595 0.0152311 -0.0262204 0.0121396 0.0070321 0.00779723 0.00308774 0.0302416 0.0155987 -0.00853511 -0.0415234 -0.0434457 9.70338e-05 -0.0343233 0.0246981 0.0405598 -0.00887397 -0.00193403 0.0387774 0.03012 -0.00990662
internal_weight=957682 367733 589949 250836 339113 246595 174340 147147 76496.2 145059 64796.1 12047.2 136229 194054 192799 159361 33438.6 50492.4 38340.5 38155.8 37519.2 31352.3 10918.5 52748.9 27193.1 196102 69574 80262.6 33387.4 16561.5
internal_count=10508704 3162138 7346566 2571578 4774988 1810397 1966172 1610509 605406 3037433 1003620 77340 1508904 1737555 1731107 1295038 436069 774361 329785 275621 272863 248589 101605 926280 355663 1036036 414730 2033813 612045 82653
is_linear=0
shrinkage=0.05


Tree=46
num_leaves=31
num_cat=0
split_feature=3 1 3 3 1 1 0 1 3 0 3 1 2 3 2 3 3 3 1 0 1 3 2 3 0 2 2 1 0 1
split_gain=54917.8 39977.9 12292 11950.6 8912.61 8094.78 8280.25 8523.56 6720.42 6152.02 5696.01 4413.67 1474.6 1746.32 1134.81 1127.09 1092.72 1205.45 991.716 1122.36 919.233 878.032 622.655 595.706 559.835 485.653 434.302 323.429 284.59 229.135
threshold=2.2178256005370165 -0.060538756366212566 2.4187326247601866 2.3061047080024362 0.27487220877274449 -0.42321740060184992 1.1230114192572203 -0.34304814104621323 5.9219950736263796 1.1363723124172573 3.3970876235880936 0.40960982673467899 1.7479461772073175 1.822001825231345 1.8608364020288832 1.898141889079181 1.0858476682246934 2.1084006431796927 0.62232822779575792 0.88060410386687449 0.23580437874203811 2.2553466345801803 2.4255295344845211 8.3102505804131521 0.80727102252732108 1.7376526579221052 5.5626703716772949 -0.76496095472163017 -0.29435794004766241 0.67614333405659321
decision_type=2 2 2 2 2 2 2 2 2 2 2 2 2 2 2 2 2 2 2 2 2 2 2 2 2 2 2 2 2 2
left_child=1 -1 3 18 12 23 7 -7 -9 26 -11 15 -3 14 -14 25 -13 -18 19 -2 -15 -21 28 -4 -24 -6 -8 -25 -5 -30
right_child=2 4 5 22 11 6 9 8 -10 10 -12 16 13 20 -16 -17 17 -19 -20 21 -22 -23 24 27 -26 -27 -28 -29 29 -31
leaf_value=-0.038728975358974904 -0.039409161798129838 -0.011817065726836138 -0.050506952929347239 -0.18168002817790452 0.028023120960722309 -0.057048859073053709 0.045600821994849439 0.004746724419756509 -0.1255247928811091 -0.10534903881707754 0.015121269382039573 0.036911357692783829 -0.0020692722325417589 -0.0098724576132816991 0.017842035559803997 -0.048361872138436381 -0.010536943235472489 0.033834813423075996 0.047084071390162081 0.0072299560728046443 0.025525122378233279 0.019871330874215207 -0.15410660593595057 -0.038572601909078463 0.020678936918093232 0.0052849864475754378 -0.081679856124523997 0.050779962724986888 0.04414477322725191 -0.052963199566771715
leaf_weight=117346.43636588007 1131.4830303266644 125634.77502714097 6638.7807121053338 13.970502048730848 31309.617082342505 5752.4010961949825 19029.118729632348 324733.53240829706 993.03316120058298 993.04536679387093 82153.548554345965 1538.6029299497604 16345.646377816796 51092.288010761142 12728.092123970389 512.89266078174114 18274.851849421859 1670.5797730460763 1849.0415352471173 48597.370303973556 1902.3719183951616 19148.32984931767 46.786552459001541 180.66937136650085 2201.7435705885291 2538.7278845347464 67.257265076041222 230.46345666050911 48336.031420450658 60.823036059737206
leaf_count=1351717 5768 620867 82209 79 677620 43462 304546 3652788 7347 7446 943598 18957 66322 217684 134350 2088 94618 24195 34995 439250 7776 219422 225 1392 34185 31229 555 1534 1481817 663
internal_value=0.000205127 -0.0144532 0.010137 0.0242259 -0.0036443 0.00625705 0.00712093 0.00328408 0.00434957 0.0195603 0.0136825 0.0140882 -0.00841206 -0.00319949 0.00664763 0.025203 -0.00368857 -0.00682048 0.0109483 0.00997818 -0.00860178 0.010803 0.0427629 -0.04689 0.0170421 0.0263177 0.0451525 0.0115146 0.0439576 0.0440227
internal_weight=943052 380895 562157 121386 263548 440772 433722 331479 325727 102243 83146.6 55845.3 207703 82068.4 29073.7 34361.2 21484 19945.4 70726.2 68877.2 52994.7 67745.7 50659.4 7049.91 2248.53 33848.3 19096.4 411.133 48410.8 48396.9
internal_count=10508704 3247423 7261281 2216404 1895706 5044877 4959742 3703597 3660135 1256145 951044 848707 1046999 426132 200672 710937 137770 118813 699435 664440 225460 658672 1516969 85135 34410 708849 305101 2926 1482559 1482480
is_linear=0
shrinkage=0.05


Tree=47
num_leaves=31
num_cat=0
split_feature=3 1 3 1 1 2 1 1 3 1 0 0 1 1 2 1 1 0 1 1 1 0 1 0 3 0 2 3 3 0
split_gain=50234.3 37778.5 11730.1 28712.8 11875.1 8440.2 8678.1 8131.79 7776.73 7665.15 7626.08 9257.75 9826.85 6785.7 8194.38 6872.54 6623.13 5276.7 5014.38 4438.16 4107.52 3996.47 3271.81 2354.78 1820.04 1701.56 1343.91 1579.04 1338.84 1328.84
threshold=2.2178256005370165 -0.060538756366212566 3.4107891595359914 0.12044314983567575 -0.10278471256184683 5.8028513984867311 0.27487220877274449 0.27487220877274449 7.1092768689660595 -0.27617349705825117 0.89692245893593214 1.0774002105738207 -0.28205325883351068 0.72828833234014589 2.2260795454908346 0.63978365821300709 0.63029474664333851 0.73397330146915241 0.26971789134358293 -0.10991279340077306 0.40960982673467899 0.52399747653507067 0.59167337229920991 1.0957691888579164 6.8203822273901951 0.62800299823592676 1.7479461772073175 1.822001825231345 2.9878634614873074 0.89635260974397246
decision_type=2 2 2 2 2 2 2 2 2 2 2 2 2 2 2 2 2 2 2 2 2 2 2 2 2 2 2 2 2 2
left_child=1 -1 4 8 10 6 18 26 9 17 25 12 -12 14 22 -16 -8 -4 -5 -10 -9 -11 -6 -13 -7 -2 -3 -28 -15 -27
right_child=2 7 3 5 13 24 16 20 19 21 11 23 -14 28 15 -17 -18 -19 -20 -21 -22 -23 -24 -25 -26 29 27 -29 -30 -31
leaf_value=-0.037997890909025785 -0.045832837975012704 -0.011285616598588434 0.046390503015670236 -0.022042363267135011 -0.076090076595402067 0.038619355954095609 0.012903786899525977 0.024525538966797628 -0.01709138570721393 0.074610332632081985 -0.066410288284432559 0.043771788842330531 0.026062808185012332 -0.08119499285885616 0.00648469899537381 -0.071472705518879451 -0.055569962808861832 -0.023485677325643512 -0.11942376429328515 0.03820698037265078 -0.0035204695018054843 -0.0569893609655217 0.045147336045367525 0.017734966621038826 -0.20927961085024097 0.030726090257223133 0.0063470335351323978 -0.0081773071526706435 0.029779463120587941 0.04420055791474848
leaf_weight=113716.83480662853 603.16790120303631 124990.33236454427 2969.2826391607523 8062.6640746444464 575.43222453445196 27585.19264844805 132283.32526774704 33567.259856108576 8088.8280260264874 590.84567269682884 6566.4163687825203 11107.854092754424 5107.5736266747117 2530.1719988062978 149654.72044985741 2881.5425803437829 3628.3277227431536 29985.375601090491 1581.1611490100622 6580.0517759993672 21363.863664094359 24456.740111269057 16902.900755487382 39793.838708981872 74.24010543525219 31779.462271627039 28937.983672603965 52959.127625852823 304.48983973264694 43130.388625532389
leaf_count=1351717 2865 620867 13379 67374 3788 376178 1512641 710937 57058 2543 30819 252175 46080 11608 1387987 16343 16137 197396 16328 85915 137770 225863 231222 674546 766 609169 200672 225460 1333 1421768
internal_value=0.000197653 -0.0139346 0.00972879 0.001568 0.0161822 0.012635 0.00782369 -0.0034831 -0.0248106 -0.0330362 0.0271144 0.0142067 -0.0259517 0.00744858 0.00872778 0.00501202 0.0110758 -0.0171897 -0.0380086 0.00771392 0.0136179 -0.0538851 0.0411559 0.0234168 0.037954 0.0378107 -0.00802362 -0.0030452 -0.0692745 0.0384842
internal_weight=932359 375535 556824 245886 310938 173215 145555 261819 72671.1 58002.2 138089 62575.7 11674 172849 170015 152536 135912 32954.7 9643.83 14668.9 54931.1 25047.6 17478.3 50901.7 27659.4 75513 206887 81897.1 2834.66 74909.9
internal_count=10508704 3247423 7261281 2571578 4689703 1989424 1612480 1895706 582154 439181 3037422 1003620 76899 1652281 1639340 1404330 1528778 210775 83702 142973 848707 228406 235010 926721 376944 2033802 1046999 426132 12941 2030937
is_linear=0
shrinkage=0.05


Tree=48
num_leaves=31
num_cat=0
split_feature=3 1 3 1 1 2 0 2 0 0 2 1 0 2 2 1 3 1 1 0 3 2 0 3 0 2 1 2 2 1
split_gain=46048.2 34710 9531.12 26337.9 13005 8379.9 7399.04 7360.76 7318.4 8553.82 8971.64 6978.61 6373.31 7132.68 8411.21 6112.8 5733.21 5291.92 4433.51 2799.42 3121.72 2568.52 2365.42 1866.03 1658.27 2677.54 1638.64 1559.71 2064.34 1522.67
threshold=2.1537467331430555 -0.060538756366212566 3.4107891595359914 0.14247634623783639 -0.10278471256184683 5.8028513984867311 1.181305133447065 1.7376526579221052 0.89692245893593214 1.0956075047414111 2.8732262468657681 0.28082011494542464 -0.036988519151232406 2.5611863177758649 2.9519396644261002 0.57938706724800537 2.4187326247601866 0.52254278872949078 -0.42321740060184992 0.52399747653507067 4.3842336583856074 6.9771150019948998 1.0957691888579164 6.0960189868513011 0.89635260974397246 3.2490814745305499 0.65557905798065585 1.7479461772073175 1.9591535062539875 0.57145327630474652
decision_type=2 2 2 2 2 2 2 2 2 2 2 2 2 2 2 2 2 2 2 2 2 2 2 2 2 2 2 2 2 2
left_child=1 -1 4 6 8 11 19 17 24 10 -10 23 26 16 -15 -13 -14 -3 -8 -4 -21 -20 -11 -5 25 -2 29 -9 -29 -6
right_child=2 7 3 5 12 -7 18 27 9 22 -12 15 13 14 -16 -17 -18 -19 21 20 -22 -23 -24 -25 -26 -27 -28 28 -30 -31
leaf_value=-0.037267560519193499 -0.018502327839444697 0.026053658850075545 0.063513158001746464 -0.041344888149817467 -0.047873855192262491 0.039014299024899328 -0.045908579782756934 -0.011101386787008029 0.024552188977075839 0.043769840656755793 -0.064294577303829203 0.013533285096799231 0.0067921413084701919 0.029454276432000371 -0.10017487746746796 -0.033684099767145967 -0.013716886781879599 -0.0089241513887092401 -0.012536785702951386 -0.050062933913539165 -0.015988519605834566 0.016490231548083246 0.017118526841597283 0.0056421126814835271 0.043816504544553568 0.033103056094751497 -0.034790481722775164 0.0043357362263956893 -0.014041484432340257 0.047184065030550511
leaf_weight=110236.65256224573 2753.9980270303786 31641.661519590765 646.94580276310444 8603.5410192608833 436.50238735973835 25136.167832195759 6359.5013543814421 124567.834686324 5091.4585042223334 10571.871319584548 6429.4186996817589 125462.40871563554 88109.410827718675 32336.896805614233 1301.7674713209271 7250.6422042325139 55565.756329126656 16427.731218993664 17777.4499059394 26554.238586015999 8999.7731020078063 13339.840175300837 39181.374066084623 2800.923641346395 41377.499193444848 28788.291191138327 699.08386271819472 46265.937246818095 22818.031978540123 12078.786230463535
leaf_count=1351706 35496 691709 2758 72173 3463 355663 81196 621306 46419 251734 30921 1458475 775835 435951 6416 50429 320905 82653 118656 214429 58434 129933 674546 29432 1421768 576549 8686 311315 103449 186299
internal_value=0.000192922 -0.0140163 0.00900296 0.0015124 0.0146068 0.0123746 -0.0234404 -0.00341261 0.0265297 0.0137919 -0.0250302 0.00772826 0.00620919 0.00371273 0.0244378 0.0109536 -0.00113964 0.0141 -0.00786755 -0.0395621 -0.0414377 -9.30359e-05 0.0227816 -0.0298049 0.0372333 0.0285973 0.0397074 -0.00775969 -0.00173415 0.0438687
internal_weight=919611 351958 567654 242931 324722 169254 73677.7 241721 134194 61274.1 11520.9 144118 190528 177314 33638.7 132713 143675 48069.4 37476.8 36201 35554 31117.3 49753.2 11404.5 72919.8 31542.3 13214.4 193652 69084 12515.3
internal_count=10508704 3162138 7346566 2571578 4774988 1966172 605406 1810432 3037433 1003620 77340 1610509 1737555 1539107 442367 1508904 1096740 774362 329785 275621 272863 248589 926280 101605 2033813 612045 198448 1036070 414764 189762
is_linear=0
shrinkage=0.05


Tree=49
num_leaves=31
num_cat=0
split_feature=3 1 3 3 1 0 1 3 1 1 0 3 1 0 0 2 0 0 1 2 0 1 0 3 2 1 2 1 1 1
split_gain=42362.5 33601.7 10138.5 10862.4 6812.63 7174.21 7569.23 14666.8 7345.72 6788.98 5975.86 5007.06 3607.73 2060.54 1278.53 1073.47 1494.03 1007.79 876.59 995.367 837.321 802.185 702.679 618.086 595.143 493.31 461.206 1366.55 410.031 355.279
threshold=2.2178256005370165 -0.060538756366212566 2.4187326247601866 2.3061047080024362 -0.42321740060184992 1.1230114192572203 0.41597567765674004 3.3970876235880936 0.65557905798065585 0.27487220877274449 1.1363723124172573 3.3970876235880936 0.3060508533143424 0.16873160141954716 0.086608706665670512 1.7479461772073175 0.80727102252732108 0.79547812209782809 0.62232822779575792 2.3545810747388356 0.91541070563239579 0.38268288537769329 0.81992422886425576 8.0333519505345929 2.4255295344845211 0.19366670375466236 1.7376526579221052 0.28936352030516932 0.46920906322072686 -0.52332586062050968
decision_type=2 2 2 2 2 2 2 2 2 2 2 2 2 2 2 2 2 2 2 2 2 2 2 2 2 2 2 2 2 2
left_child=1 -1 3 18 23 6 7 -6 -8 15 28 -12 26 14 -14 -3 17 -17 19 -2 -21 -15 -18 -4 -5 -26 -11 -28 -7 -25
right_child=2 9 4 24 5 10 8 -9 -10 12 11 -13 13 21 -16 16 22 -19 -20 20 -22 -23 -24 29 25 -27 27 -29 -30 -31
leaf_value=-0.036536971007545535 -0.041702580872284158 -0.010282051581272475 -0.050063645268876925 0.042723818327687679 0.0087891399909451589 0.044743661328908391 0.018413506903135268 -0.017050988668126949 -0.031199295794498108 0.026105063406791085 -0.096691952782303761 0.013754153913212819 0.0011809475542878863 -0.099119757697358229 0.051983415089804877 -0.0008222652778056283 -0.01721488234644698 0.01796291249655774 0.045985818639633247 0.0066011791215413703 0.019773421623542627 -0.027233923844848074 -0.0043463532654220939 -0.017740897954838221 0.019714854588458255 -0.1352041594790398 -0.053977296324644632 0.027755710313062683 -0.085284763824090684 0.077435510463933932
leaf_weight=106904.64290869981 954.3147000297904 123751.64419277012 5926.1029533669353 42825.966296501458 127139.62960776687 17795.437867388129 89829.513488791883 96666.62564843148 8136.6119016483426 27325.296023372561 1039.6041627153754 79447.120299585164 18502.794205125421 438.0587550252676 1327.298900321126 20971.89068903029 15307.582857608795 10824.882419809699 1640.8797781281173 50862.181485593319 15816.234036631882 3401.9506293833256 34554.062384992838 362.9559298530221 2134.7909158840775 52.654072791337967 727.87090244889259 1719.6677571795881 60.836225673556328 134.34274304658175
leaf_count=1351717 5035 620867 81295 1482559 1681997 304596 1083957 887501 50142 635085 7446 943598 138108 2672 21587 87575 71888 127556 34995 472947 186458 20307 139113 2937 34169 241 2953 27995 505 903
internal_value=0.000187963 -0.0129549 0.00907639 0.0223018 0.00553277 0.00631412 0.00270193 -0.00237175 0.0142929 -0.00321561 0.018133 0.0123276 0.0126593 -0.00191044 0.00458134 -0.0073459 -0.00289622 0.00557295 0.00987607 0.00899999 0.00972566 -0.0354345 -0.00829701 -0.0455706 0.0414245 0.0159858 0.0242426 0.00344922 0.0443007 0.00797053
internal_weight=906583 365758 540826 114287 426539 420115 321772 223806 97966.1 258853 98343 80486.7 53442.9 23670.1 19830.1 205410 81658.4 31796.8 69273.6 67632.7 66678.4 3840.01 49861.6 6423.4 45013.4 2187.44 29772.8 2447.54 17856.3 497.299
internal_count=10508704 3247423 7261281 2216404 5044877 4959742 3703597 2569498 1134099 1895706 1256145 951044 848707 182674 159695 1046999 426132 215131 699435 664440 659405 22979 211001 85135 1516969 34410 666033 30948 305101 3840
is_linear=0
shrinkage=0.05


Tree=50
num_leaves=31
num_cat=0
split_feature=3 1 3 3 3 3 3 3 1 1 1 1 0 0 1 2 0 0 1 0 3 1 1 0 2 1 1 2 1 2
split_gain=38729.6 31684 9461.99 10538.2 6536.52 9768.55 6463.33 12828.6 9095.35 6187.21 3755.82 3362.9 1882.85 1186.88 997.793 976.505 1351.79 922.113 840.888 919.231 775.501 740.324 714.702 643.099 590.397 461.205 432.636 430.755 1241.54 344.354
threshold=2.2178256005370165 -0.060538756366212566 2.4187326247601866 2.3061047080024362 2.424076018411276 2.5374382502865456 3.1567621018229679 3.4107891595359914 0.60732956117938708 0.27487220877274449 0.67614333405659321 0.3060508533143424 0.16873160141954716 0.086608706665670512 -0.13190065722957342 1.7479461772073175 0.80727102252732108 0.79547812209782809 0.62232822779575792 0.88060410386687449 2.2553466345801803 0.81545567171745659 0.38268288537769329 0.81992422886425576 2.4255295344845211 0.4320501273914738 0.19366670375466236 1.7376526579221052 0.28936352030516932 1.5585302692875791
decision_type=2 2 2 2 2 2 2 2 2 2 2 2 2 2 2 2 2 2 2 2 2 2 2 2 2 2 2 2 2 2
left_child=1 -1 3 18 25 10 8 -8 -7 15 14 27 13 -13 -6 -3 17 -17 19 -2 -21 -12 -14 -18 -5 -4 -26 29 -29 -11
right_child=2 9 4 24 5 6 7 -9 -10 11 21 12 22 -15 -16 16 23 -19 -20 20 -22 -23 -24 -25 26 -27 -28 28 -30 -31
leaf_value=-0.035806669166164901 -0.035927681277631567 -0.0098142822703126131 -0.0146140933303309 0.042293647574517944 -0.15598727704283344 -0.038467917511580685 0.024107457663330709 0.0013999535747826282 0.012639712122718003 0.0488258973739156 -0.15978429724327672 0.0011220731915350275 -0.094159717469059004 0.0506265155671696 0.039263657934161783 -0.0007810499866211161 -0.016466791102782468 0.017250159396627364 0.045584550590967748 0.0060177461554915303 0.018110209701377226 -0.0079682099424875624 -0.026252277997473646 -0.0041278362270812698 0.019059605570317904 0.047756093489599298 -0.12321884115846243 -0.051037898570925277 0.027022004713863915 0.024034446729264601
leaf_weight=103712.52878205478 1138.5934199616313 123182.31019404531 38954.389389440417 41141.283529791981 65.596399649977684 19175.226366974413 84141.503586370498 238505.21318045259 15943.65935254097 1483.1216514110565 282.45848295837641 18500.000933755189 438.07100103795528 1295.5496849231422 26203.365388996899 20974.499017566442 15205.520117983222 10711.499916359782 1574.2485375627875 47624.907103575766 18373.511086076498 112.20012782514095 3353.9458586350083 34563.83815382421 2098.7088784426451 298.67348854988813 54.825721904635429 731.20848740637302 1679.0880549624562 25199.996836733073
leaf_count=1351717 5768 620867 178330 1482559 594 173626 1578569 2571578 147022 35300 1498 138108 2672 21587 390526 87575 71888 127556 34995 439250 219422 561 20307 139113 34169 2573 241 2953 27995 599785
internal_value=0.000182016 -0.0124755 0.00871261 0.0216368 0.00529592 0.00728042 0.00510453 0.00732174 -0.0152655 -0.00307178 0.036476 0.0122091 -0.00182087 0.00436197 0.0387761 -0.00700562 -0.00275816 0.00531443 0.00946274 0.00861575 0.00938421 -0.116623 -0.0340973 -0.00789763 0.0409578 -0.0141395 0.0154374 0.0235839 0.00334107 0.0254124
internal_weight=896720 361031 535688 112006 423682 384429 357766 322647 35118.9 257319 26663.6 52681 23587.6 19795.6 26269 204638 81455.4 31686 68711.3 67137 65998.4 394.659 3792.02 49769.4 43294.8 39253.1 2153.53 29093.4 2410.3 26683.1
internal_count=10508704 3247423 7261281 2216404 5044877 4863974 4470795 4150147 320648 1895706 393179 848707 182674 159695 391120 1046999 426132 215131 699435 664440 658672 2059 22979 211001 1516969 180903 34410 666033 30948 635085
is_linear=0
shrinkage=0.05


Tree=51
num_leaves=31
num_cat=0
split_feature=3 1 3 3 1 0 1 2 0 3 1 3 1 1 0 2 3 2 0 3 0 3 3 0 3 2 0 2 2 1
split_gain=35396.1 29852.6 8822.12 10210.7 6313.59 6567.6 7536.2 8784.5 5684.52 5640.21 5637.44 4238.54 3136.23 1140.68 1368.03 1016.93 1125.87 888.03 1223 867.612 850.991 715.916 599.535 588.318 571.284 539.777 391.533 389.583 387.104 306.746
threshold=2.2178256005370165 -0.060538756366212566 2.4187326247601866 2.3342600632105683 -0.42321740060184992 1.1230114192572203 -0.3327390262831656 3.3840690488195206 1.1363723124172573 2.424076018411276 0.27487220877274449 6.1233665642041295 0.44709083024419011 0.60445080788633843 0.88060410386687449 0.88146779030775313 2.1084006431796927 1.7479461772073175 0.80727102252732108 1.822001825231345 0.73397330146915241 2.2671047663830941 8.0333519505345929 0.81992422886425576 2.3061047080024362 2.4255295344845211 0.80727102252732108 5.5626703716772949 1.5585302692875791 -0.52332586062050968
decision_type=2 2 2 2 2 2 2 2 2 2 2 2 2 2 2 2 2 2 2 2 2 2 2 2 2 2 2 2 2 2
left_child=1 -1 3 13 22 6 7 -6 27 -8 17 -10 19 14 24 -14 -17 -3 20 28 -19 -16 -4 -20 -2 -5 -27 -7 -12 -24
right_child=2 10 4 25 5 8 9 -9 11 -11 12 -13 15 -15 21 16 -18 18 23 -21 -22 -23 29 -25 -26 26 -28 -29 -30 -31
leaf_value=-0.035076321040674076 -0.040704954818917838 -0.0093661507244281097 -0.049681616456629808 0.042081899955968692 -0.75925608561067315 0.044075504525819154 -0.013454786233019956 -0.027446142155157362 -0.00043319376650036791 0.0068868013966889748 0.039453067128126101 0.022675667083981055 0.037558878061836935 0.044257727149604194 0.0060722008604627425 -0.0098200131263846066 0.034594408257366586 -0.0042151190258955867 -0.015748411093305503 -0.028551779465258623 0.012324668517041884 0.018392652380939789 -0.01712550509596494 -0.003920395483667208 -0.23037364760554563 -0.1198393516740997 0.019232559964522656 -0.07312971903867091 0.021225486185999305 0.069904108957510619
leaf_weight=100656.69654972851 1028.8908692896366 122636.55990824103 5687.3172220662236 38874.986591167748 41.101373452693224 16829.681054808199 39188.729125201702 17903.724228236824 37943.548928774893 261269.00282271951 3264.1041137166321 41594.48228494823 1420.936040610075 2248.8653492331505 50182.004357837141 17820.64305922389 1551.0440672971308 13857.567925140262 15106.756780445576 832.50922752916813 17723.091765493155 15412.268615171313 358.78176176548004 34572.824702888727 41.29436083137989 51.931743711233139 1987.1638125479221 71.199886851012707 27063.39542196691 141.05247454345226
leaf_count=1351717 4501 620867 81295 1468477 695 304546 180903 249059 412069 3272940 77728 538975 17587 49940 472234 94285 24009 57621 71888 3871 157510 187582 2937 139113 408 223 33039 555 631227 903
internal_value=0.000176827 -0.0120089 0.00836039 0.0209807 0.00506833 0.00581608 0.00235374 -0.0291223 0.0172473 0.00423365 -0.00293371 0.0116516 0.0117698 0.00923368 0.00805217 -0.00326908 -0.00626386 -0.00668014 -0.00262646 0.021805 0.00506702 0.00896706 -0.0450675 -0.0075171 -0.0480235 0.0407666 0.0156907 0.0435817 0.0231873 0.00743412
internal_weight=887362 356506 530856 109827 421029 414841 318403 17944.8 96438.9 300458 255849 79538 51952.6 68913.3 66664.5 20792.6 19371.7 203897 81260.2 31160 31580.7 65594.3 6187.15 49679.6 1070.19 40914.1 2039.1 16900.9 30327.5 499.834
internal_count=10508704 3247423 7261281 2216404 5044877 4959742 3703597 249754 1256145 3453843 1895706 951044 848707 714665 664725 135881 118294 1046999 426132 712826 215131 659816 85135 211001 4909 1501739 33262 305101 708955 3840
is_linear=0
shrinkage=0.05


Tree=52
num_leaves=31
num_cat=0
split_feature=3 1 3 1 1 2 0 0 2 0 0 0 1 2 1 1 1 1 1 1 3 0 0 0 1 0 0 3 0 3
split_gain=32334 28104.8 8526.18 23263.7 9531.62 7658.16 6606.63 7177.42 8331.49 6405.56 6317.07 5945.68 5510.85 7136.23 5879.01 5415.37 5136.55 3513.98 2924.78 2816.26 2649.59 10838.7 3293.87 2395.55 2295.94 1672.23 1597.86 1431.4 1190.15 1122.2
threshold=2.2178256005370165 -0.051886445752020081 3.4107891595359914 0.14247634623783639 -0.10278471256184683 5.8028513984867311 0.89692245893593214 1.0774002105738207 2.8732262468657681 1.181305133447065 1.1735698911172281 1.181305133447065 0.72828833234014589 2.2260795454908346 0.63978365821300709 0.63029474664333851 0.27487220877274449 -0.42321740060184992 0.3060508533143424 0.59167337229920991 4.3842336583856074 0.77615730216745715 0.52399747653507067 1.0957691888579164 -0.0099893894583108749 0.16873160141954716 0.62800299823592676 6.8203822273901951 0.89635260974397246 2.9878634614873074
decision_type=2 2 2 2 2 2 2 2 2 2 2 2 2 2 2 2 2 2 2 2 2 2 2 2 2 2 2 2 2 2
left_child=1 -1 4 9 6 10 26 8 -8 20 15 -12 13 19 -15 -5 -3 -11 -18 -6 22 -22 -4 -9 -19 -20 -2 -7 -28 -14
right_child=2 16 3 5 12 27 7 23 -10 17 11 -13 29 14 -16 -17 18 24 25 -21 21 -23 -24 -25 -26 -27 28 -29 -30 -31
leaf_value=-0.034344572580149849 -0.045814676185039344 -0.0063675718700669853 0.067205587077677084 0.010628286038413225 -0.067437846564509005 0.038380432627452235 0.023766370175900726 0.042461834095447328 -0.063318878662791941 -0.044312049323486889 -0.13653860601357889 -0.015788591972425905 -0.072808135965179016 0.005220843578135217 -0.066043741930118666 -0.052009924509823106 0.022276507371763728 0.0056331816275813611 0.0041189709898202548 0.043524865741850875 0.048126513921834063 -0.063177337730665334 -0.048952374350920799 0.014766342558235718 -0.02779992605434807 -0.032432866899771533 0.028567439516176699 -0.18061531592984348 0.042218970942104396 0.028705066234474514
leaf_weight=97740.821987353265 601.94077835977077 203206.11216676235 625.27444934844971 132728.05240154266 594.40473692119122 23469.442105859518 4996.133398771286 9898.6199633851647 6099.4180400073528 5676.4370032250881 1358.6659753471613 4083.257372520864 2607.3142394647002 145191.84597749263 2952.8445445373654 3542.660394564271 27892.232169434428 24123.044663988054 19607.113270882517 15049.514677416533 3882.8458091914654 5008.6853097081184 25496.797133095562 36963.904146641493 6523.7852351665497 3723.2799998819828 29211.823097858578 74.853336364030838 35207.920541033149 303.99078746140003
leaf_count=1351752 2865 1046964 2638 1538406 3788 354977 46419 252175 30480 81196 14009 42083 11608 1387987 16343 16011 666033 166334 159695 231222 16445 42109 214429 674546 82255 22979 609169 686 1421768 1333
internal_value=0.000171254 -0.0115554 0.00801843 0.000976384 0.01377 0.0112775 0.0243295 0.0120547 -0.0241059 -0.0228869 0.00689027 -0.0459358 0.00597986 0.00719189 0.00380039 0.00899987 -0.00280072 -0.00817674 0.0113494 0.0393087 -0.0381473 -0.014572 -0.0461719 0.0206164 -0.00148372 -0.00171431 0.0352709 0.0376842 0.0360285 -0.0622084
internal_weight=878443 352170 526273 236594 289680 165257 122980 57958.1 11095.6 71336.9 141713 5441.92 166700 163789 148145 136271 254429 36323.3 51222.6 15643.9 35013.6 8891.53 26122.1 46862.5 30646.8 23330.4 65021.7 23544.3 64419.7 2911.31
internal_count=10508704 3247423 7261281 2571578 4689703 1966172 3037422 1003620 76899 605406 1610509 56092 1652281 1639340 1404330 1554417 1895671 329785 848707 235010 275621 58554 217067 926721 248589 182674 2033802 355663 2030937 12941
is_linear=0
shrinkage=0.05


Tree=53
num_leaves=31
num_cat=0
split_feature=3 1 3 1 1 0 2 0 0 1 1 0 1 0 2 2 2 3 1 1 0 3 0 2 1 0 2 1 0 1
split_gain=29596.6 25780.6 6892.56 21412.6 10263 7795.88 7067.54 6308.13 6616.52 7746.63 5426.74 9236.29 8399.19 5177.46 6089.64 7372.68 4553.24 4509.89 3975.68 3631.69 2733.31 5181.76 2326.38 1621.48 1600.45 1488.05 2332.27 1335.11 1325.77 1369.18
threshold=2.1537467331430555 -0.060538756366212566 3.4107891595359914 0.17514869934927838 -0.10278471256184683 1.181305133447065 5.8028513984867311 0.89692245893593214 1.0774002105738207 -0.28205325883351068 0.42632142793878453 1.001086503821605 0.57938706724800537 -0.036988519151232406 2.5611863177758649 2.9519396644261002 1.7376526579221052 2.4187326247601866 0.52254278872949078 -0.42321740060184992 0.90418916821950179 4.3491450911238507 1.0957691888579164 6.9771150019948998 0.65557905798065585 0.89635260974397246 3.2490814745305499 0.57145327630474652 0.26273546651231966 0.72828833234014589
decision_type=2 2 2 2 2 2 2 2 2 2 2 2 2 2 2 2 2 2 2 2 2 2 2 2 2 2 2 2 2 2
left_child=1 -1 4 5 7 20 10 25 9 -9 11 -5 -12 24 17 -16 18 -15 -3 -7 21 -4 -10 -21 27 26 -2 -6 29 -20
right_child=2 16 3 6 13 19 -8 8 22 -11 12 -13 -14 14 15 -17 -18 -19 28 23 -22 -23 -24 -25 -26 -27 -28 -29 -30 -31
leaf_value=-0.033615771091045653 -0.017143951297900192 0.0228789322589079 -0.043762202242275693 -0.027468284359633183 -0.041765520041918747 -0.043741140991861549 0.038893924996370496 -0.061328940056598329 0.041966932759579731 0.023723362564071752 0.025299806394204712 0.0097920034115216228 -0.03228467544501807 0.0055112239858245383 0.02763455629922278 -0.092658817507538904 -0.0061170044084313804 -0.012796340206655122 -0.024075932927828135 -0.0085600135170542362 -0.066021090076746142 0.0063999012435972079 0.014216956379834368 0.014014986133205884 -0.037216110842420123 0.04179323042227101 0.030976405379118506 0.045578649489867194 0.12327288518050353 0.0051048539999016644
leaf_weight=94934.058412894607 2784.5830073989928 28470.071229562163 20865.798788696527 23767.675827279687 456.60278514772654 5468.2970091104507 20161.252642318606 6013.2838569134474 9524.1124252155423 4825.6454847753048 53475.809567473829 55398.482899807394 7182.9487267658114 85890.442408107221 30374.822912309319 1329.4949881657958 190136.99833298475 55295.917549625039 8133.9424678981304 20481.085330583155 7170.7202693447471 6834.6708711534739 36485.135963529348 13004.919929124415 678.48475354164839 33823.437009438872 26305.580229885876 10463.183131273836 189.79054133594036 7947.4755346700549
leaf_count=1351706 35496 691709 187486 196118 3463 81196 314684 30819 252175 46080 730936 627291 50429 775835 435951 6416 1036070 320905 41050 160167 59591 33589 674546 130091 8686 1421768 576549 186299 1126 40477
internal_value=0.000166196 -0.0116274 0.00739522 0.000939767 0.0123561 -0.0213348 0.0112184 0.0237538 0.011682 -0.0234624 0.00722785 -0.00139447 0.0184809 0.00495725 0.00278778 0.0225902 -0.00274001 -0.00165897 0.0116112 -0.00596196 -0.0385077 -0.0313855 0.0199613 0.000207412 0.0372967 0.0346619 0.0263702 0.0419264 -0.00810422 -0.00965472
internal_weight=867875 329812 538062 233812 304251 73825.5 159986 119762 56848.2 10838.9 139825 79166.2 60658.8 184489 172891 31704.3 234878 141186 44741.3 38954.3 34871.2 27700.5 46009.2 33486 11598.3 62913.6 29090.2 10919.8 16271.2 16081.4
internal_count=10508704 3162138 7346566 2571578 4774988 652120 1919458 3037433 1003620 76899 1604774 823409 781365 1737555 1539107 442367 1810432 1096740 774362 371454 280666 221075 926721 290258 198448 2033813 612045 189762 82653 81527
is_linear=0
shrinkage=0.05


Tree=54
num_leaves=31
num_cat=0
split_feature=3 1 3 1 1 2 1 1 2 3 3 1 1 1 2 2 2 1 1 1 0 1 0 1 0 3 3 0 3 1
split_gain=27157.7 24828 7236.06 19623.3 8515.98 6643.31 6252.82 6031.92 9754.95 5746.4 5515.44 7488.9 4912.47 4791.73 6524.34 5296.62 4706.71 4298.18 3804.04 3448.61 3366.07 2533.83 2522.4 2519.19 1526.99 1404.11 1366.04 1087.93 997.06 1111.24
threshold=2.2178256005370165 -0.060538756366212566 3.4107891595359914 0.12044314983567575 -0.10278471256184683 5.8028513984867311 0.27487220877274449 -0.13190065722957342 3.2490814745305499 2.9495574610627568 7.1092768689660595 -0.27617349705825117 0.63029474664333851 0.72828833234014589 2.2260795454908346 2.5611863177758649 4.6255220187935064 0.27487220877274449 -0.10991279340077306 0.26971789134358293 0.52399747653507067 0.59167337229920991 1.1049979010730218 0.3060508533143424 0.16873160141954716 8.3102505804131521 6.8203822273901951 0.086608706665670512 2.8820108527573445 0.81545567171745659
decision_type=2 2 2 2 2 2 2 2 2 2 2 2 2 2 2 2 2 2 2 2 2 2 2 2 2 2 2 2 2 2
left_child=1 -1 4 10 7 6 19 8 9 -2 11 16 -8 14 21 -16 -4 -3 -12 -5 -13 -6 -10 -19 27 -20 -7 -25 29 -15
right_child=2 17 3 5 13 26 12 -9 22 -11 18 20 -14 28 15 -17 -18 23 25 -21 -22 -23 -24 24 -26 -27 -28 -29 -30 -31
leaf_value=-0.032885163857081783 0.0048349138794056227 -0.0058176837771839072 -0.0029861517101498502 -0.017970320716798948 -0.060921823456901031 0.035385991450104723 0.010669233187799864 0.040937415148522685 0.032975730161010415 -0.061187823293326518 -0.016927162726679192 0.066038446952598404 -0.04934285223992476 -0.084011987266184293 -0.0014182239105228677 0.021852030573578263 -0.050589731438533819 0.020980649466591252 0.037528808232831189 -0.093608894872990803 -0.054187739330412543 0.042634078822403026 0.01388904129991869 0.00097656053880008822 -0.03121847930130249 -0.41286172725862652 -0.15908558753665197 0.049798032869674491 0.0014329697892638479 0.024194703532081908
leaf_weight=92259.892829418182 7834.2257729247212 202567.89410184324 24375.819110069424 8399.8432148918509 616.3724887445569 23729.134950920939 126347.42593597621 33922.26370678097 34825.06006848067 5688.9383817128837 7631.0891992226243 598.04549022018909 3504.6558230668306 2112.0993650704622 115930.45399159193 30989.944342624396 6598.0321251153946 26831.954541392624 6003.5336436629295 1836.3984212055802 21959.821565248072 14182.516876533628 34416.678081341088 18282.693367294967 3648.7478849925101 17.354622378945351 90.645956568419933 1217.0485311038792 576.5059494972229 267.29606698453426
leaf_count=1351717 91031 1046999 127956 67374 3788 376178 1512641 1436133 829034 30857 57058 2543 16137 9063 962193 442137 82819 666033 85745 16328 225863 231222 650367 138108 22979 170 766 21587 2443 1435
internal_value=0.000162247 -0.010687 0.00746221 0.00090628 0.0128468 0.0102344 0.00608366 0.0231805 0.0159026 -0.0229396 -0.0218516 -0.0290863 0.00904953 0.00552444 0.00667753 0.00349017 -0.0131266 -0.00257761 0.00651684 -0.03154 -0.0510003 0.038321 0.0234887 0.0105542 -0.00153131 0.0362306 0.0346459 0.00402368 -0.0575623 -0.0718563
internal_weight=857262 344808 512454 231092 281362 163908 140088 116687 82764.9 13523.2 67183.7 53531.7 129852 164675 161719 146920 30973.9 252548 13652 10236.2 22557.9 14798.9 69241.7 49980.4 23148.5 6020.89 23819.8 19499.7 2955.9 2379.4
internal_count=10508704 3247423 7261281 2571578 4689703 1989424 1612480 3037422 1601289 121888 582154 439181 1528778 1652281 1639340 1404330 210775 1895706 142973 83702 228406 235010 1479401 848707 182674 85915 376944 159695 12941 10498
is_linear=0
shrinkage=0.05


Tree=55
num_leaves=31
num_cat=0
split_feature=3 1 3 3 1 0 1 0 3 3 2 1 1 3 1 1 0 2 3 2 1 1 3 3 2 2 3 1 1 3
split_gain=24817.9 23331.4 6924.44 8621.42 4824.01 5402.61 6505.01 5589.11 5314.12 4264.92 3985.45 3906.98 2332.89 1420.61 1014.36 927.844 1142.84 794.352 1149.5 841.659 803.701 697.781 670.908 639.413 487.607 413.789 675.787 401.383 351.6 337.028
threshold=2.2178256005370165 -0.060538756366212566 2.4187326247601866 2.3342600632105683 -0.42321740060184992 1.1230114192572203 -0.3327390262831656 1.1363723124172573 5.879639423924421 3.3970876235880936 3.3840690488195206 0.27487220877274449 0.3060508533143424 1.2829990237933924 0.57938706724800537 0.60445080788633843 0.88060410386687449 1.7479461772073175 1.822001825231345 1.8608364020288832 0.23580437874203811 0.57145327630474652 2.2553466345801803 8.0333519505345929 2.4255295344845211 1.5585302692875791 1.6649536825965745 0.46920906322072686 0.19366670375466236 2.3061047080024362
decision_type=2 2 2 2 2 2 2 2 2 2 2 2 2 2 2 2 2 2 2 2 2 2 2 2 2 2 2 2 2 2
left_child=1 -1 3 15 23 6 10 27 -8 -9 -6 17 25 21 -15 16 29 -3 19 -19 -20 -14 -18 -4 -5 -13 -27 -7 -26 -2
right_child=2 11 4 24 5 7 8 9 -10 -11 -12 12 13 14 -16 -17 22 18 20 -21 -22 -23 -24 -25 28 26 -28 -29 -30 -31
leaf_value=-0.032155142365348145 -0.037303629778317235 -0.0081009668835816517 -0.0482869867419779 0.040274639489666281 -0.39429169374859774 0.043130458227604418 0.0042757639091076582 -0.088447534368698288 -0.051978022355207258 0.011309818998686135 -0.026627756000625082 0.047968045373612725 0.049440972609754101 -0.031410317771364986 -0.0014376925676771843 0.042488985525476211 0.0050368072738260043 -0.0010876629820345881 -0.0073066946628633335 0.01621370884667709 0.025795441209676379 0.0043628134196733023 0.016438720696828293 0.012986090200267975 0.018388482907422451 -0.54867840286089253 0.019016992206186436 -0.085806705012526283 -0.1082547374292414 -0.16763436124868991
leaf_weight=89702.387745894492 1033.2186494171619 121080.28277133405 4881.1714694686234 33208.859094724059 74.026841223239899 15650.186442647129 284147.38951653987 1086.8509211316705 4261.2071916386485 75478.071656435728 17123.099282313138 1287.0459262281656 1818.02271912992 3418.4379521310329 16201.354920312762 1930.6826904453337 46862.177019841969 16376.034025296569 50595.022260412574 12315.897924646735 1902.6315625458956 1626.5162727236748 17803.145425990224 466.46623785048723 1934.8497861176729 5.2433640696108332 25041.094612762332 60.592827923595905 56.403226092457771 52.10501329228282
leaf_count=1351717 4501 620867 81295 1468477 695 304596 3411833 7446 42010 943598 249059 35300 39702 26733 102571 49940 439250 66322 217684 134350 7776 13668 220566 3840 33026 137 630596 505 236 408
internal_value=0.000157864 -0.0102604 0.00718498 0.0187633 0.00423083 0.00486485 0.00166332 0.0154679 0.00344462 0.00989375 -0.0282104 -0.00245647 0.0101499 -0.00146051 -0.00665995 0.00832507 0.00732189 -0.00553516 -0.0017087 0.00633888 -0.006107 0.028155 0.00817589 -0.0429422 0.0388336 0.0203189 0.0188981 0.0426332 0.0148013 -0.0435606
internal_weight=847480 341370 506111 102881 403229 397881 305606 92275.7 288409 76564.9 17197.1 251668 49397.7 23064.3 19619.8 67681.3 65750.6 202270 81189.6 28691.9 52497.7 3444.54 64665.3 5347.64 35200.1 26333.4 25046.3 15710.8 1991.25 1085.32
internal_count=10508704 3247423 7261281 2216404 5044877 4959742 3703597 1256145 3453843 951044 249754 1895706 848707 182674 129304 714665 664725 1046999 426132 200672 225460 53370 659816 85135 1501739 666033 630733 305101 33262 4909
is_linear=0
shrinkage=0.05


Tree=56
num_leaves=31
num_cat=0
split_feature=3 1 3 1 1 2 3 2 1 1 1 1 2 3 2 1 2 1 0 1 2 1 0 3 1 3 3 0 2 2
split_gain=22673.7 21350.6 5652.43 20364 8696.71 6557.45 6346.09 6114.65 6100.9 10882.6 7462.66 5803.48 8746.39 5366.2 5100.68 7680.4 5820.27 4746.65 5490.92 3480.11 3411.51 3308.21 2683.16 2594.52 2100 1718.69 1191.91 1171.91 1240.62 1011.92
threshold=2.1537467331430555 -0.060538756366212566 3.4451054898711253 0.12044314983567575 -0.10278471256184683 3.0588570083994764 7.1092768689660595 5.8028513984867311 0.41597567765674004 0.40960982673467899 0.57938706724800537 -0.13190065722957342 3.2490814745305499 2.9495574610627568 2.5611863177758649 0.60732956117938708 2.4404158053219569 -0.27617349705825117 0.77615730216745715 -0.10991279340077306 1.7376526579221052 0.52254278872949078 0.27512027950812123 3.2248604407696115 0.46920906322072686 3.4107891595359914 7.2547221801212514 0.26273546651231966 1.5585302692875791 1.7479461772073175
decision_type=2 2 2 2 2 2 2 2 2 2 2 2 2 2 2 2 2 2 2 2 2 2 2 2 2 2 2 2 2 2
left_child=1 -1 4 6 11 14 17 8 9 -5 -10 12 13 -2 16 -16 -6 18 -4 -8 21 -3 -19 -14 -7 -26 -9 28 -23 -22
right_child=2 20 3 7 5 24 19 26 10 -11 -12 -13 23 -15 15 -17 -18 22 -20 -21 29 27 -24 -25 25 -27 -28 -29 -30 -31
leaf_value=-0.031425989100255139 0.0044554946826376495 0.021038033737764229 0.02689686821998168 -7.2675450099652568e-05 0.0072702876271556948 -0.071403421898975875 -0.016236374823541049 0.034168488768708642 0.024027258158810894 -0.10693168845232844 -0.03116632481133429 0.040018167588849247 0.035845195244705655 -0.059923074409938104 0.030198814695243537 -0.068201143636426154 -0.01427344246661669 0.076609499182133445 -0.030305243559261692 0.035313600775971871 -0.0080531690949656974 -0.0026743916964841736 -0.052566270308970403 0.015446386439890254 -0.20118824761674339 -0.50360017926362799 -0.25620670931650452 0.1131030505759032 -0.039392590571632836 -0.0004283737577419347
leaf_weight=87257.140728220344 7781.5482124201953 26887.275296311826 5322.009047806263 75144.661352418363 106781.165394146 264.55288907140493 7547.738924600184 22855.759127609432 53590.705754354596 2460.6031824797392 6914.4856007248163 31447.975744277239 22511.088151473552 5542.2483462430537 28441.84899553284 2131.6785454452038 44379.993361800909 409.7432564869523 19816.085955768824 5782.0665607899427 120819.8851370737 13198.342564806342 21266.815001182258 50684.553047802299 205.79474945366383 60.882255747914314 35.394454576075077 198.71003419160843 2786.0828232243657 68007.118703581393
leaf_count=1351706 91040 691709 24991 789141 1057498 1242 57058 376675 747035 21420 48852 1436136 575879 30857 434781 10543 237548 1662 159875 85915 621306 62801 224168 931999 1211 771 269 1126 18726 414764
internal_value=0.000152637 -0.0103435 0.00657769 0.000511717 0.0110458 0.00419962 -0.0243127 0.00978524 0.00581825 -0.00346082 0.0177198 0.0216234 0.0149373 -0.0223238 0.00471237 0.0233381 0.00094518 -0.0329793 -0.0181949 0.00612445 -0.00241069 0.0102874 -0.0501245 0.02172 -0.171214 -0.270229 0.0337195 -0.00757417 -0.00907437 -0.00530706
internal_weight=840534 319155 521379 221146 300233 182266 60144.5 161002 138110 77605.3 60505.2 117967 86519.4 13323.8 181735 30573.5 151161 46814.7 25138.1 13329.8 231897 43070.4 21676.6 73195.6 531.23 266.677 22891.2 16183.1 15984.4 188827
internal_count=10508704 3162138 7346566 2537061 4809505 1743594 553669 1983392 1606448 810561 795887 3065911 1629775 121897 1740370 445324 1295046 410696 184866 142973 1810432 774362 225830 1507878 3224 1982 376944 82653 81527 1036070
is_linear=0
shrinkage=0.05


Tree=57
num_leaves=31
num_cat=0
split_feature=3 1 3 3 3 3 3 2 1 1 1 1 0 2 0 1 2 1 3 2 0 2 0 0 3 1 2 1 1 0
split_gain=20787.2 20483 5980.19 8024.67 4330.97 8130.35 4899.16 10385 7613.04 3277.28 3037.13 1995.39 1071.99 1239.36 896.144 891.169 1045.7 864.626 815.836 1262.97 635.764 622.724 1089.81 751.203 573.373 531.64 451.142 361.774 346.591 315.116
threshold=2.2178256005370165 -0.051886445752020081 2.4187326247601866 2.3342600632105683 2.424076018411276 2.5374382502865456 3.1567621018229679 3.3405755845443488 0.60732956117938708 0.27487220877274449 0.65557905798065585 0.63406905663052393 0.27512027950812123 1.5585302692875791 0.28508777794332463 0.60445080788633843 2.3545810747388356 -0.13190065722957342 1.6737215082293864 1.7479461772073175 0.91541070563239579 1.7479461772073175 0.80727102252732108 0.79547812209782809 1.2829990237933924 0.217976709124278 2.4255295344845211 0.4320501273914738 0.81545567171745659 0.80727102252732108
decision_type=2 2 2 2 2 2 2 2 2 2 2 2 2 2 2 2 2 2 2 2 2 2 2 2 2 2 2 2 2 2
left_child=1 -1 3 15 27 10 8 -8 -7 21 17 18 13 -13 -14 16 -2 -6 24 -20 -18 -3 23 -23 -11 -24 -5 -4 -12 -28
right_child=2 9 4 26 5 6 7 -9 -10 11 28 12 14 -15 -16 -17 20 -19 19 -21 -22 22 25 -25 -26 -27 29 -29 -30 -31
leaf_value=-0.030695714761314753 -0.047079249294521959 -0.0073586899584490622 -0.012324593679869373 0.039335035951767496 -0.13655856580938155 -0.036182672839919251 0.026117110716102017 0.0014170424629806441 0.011552572415582826 0.048199487267009913 -0.10213972735624069 -0.00049190287447861876 0.22179567330474384 -0.038192900099946359 0.0011932407117912205 0.041917393756529912 0.0046997148360051972 0.037209964489260762 -0.031150138010316492 0.014625322666311972 0.016522740904992766 0.00011391486576463259 -0.023940856536996628 0.0164732562178516 0.018361769800710245 -0.0047940462300110525 -0.10478615735997306 0.045791852260592708 -0.0047022870960946022 0.01804466162242133
leaf_weight=84931.013164453208 892.23055379092693 120161.43545183539 38770.918084666133 30815.591856636107 71.808261178433895 18366.419110078365 51316.962147012353 249240.46471904963 15319.438720069826 1723.8188469000161 438.19926156848669 11943.69191775471 94.205822259187698 2666.5585607141256 90.032509595155716 1844.9769991822541 49311.471108943224 23088.950359400362 2113.3796916827559 5250.3655818849802 14778.083944775164 21030.425296798348 3939.1782196462154 10531.167032122612 24400.908332269639 45525.210852444172 53.66945867985487 269.64336078613997 115.27369625866413 1926.7657720670104
leaf_count=1351752 4085 620866 178330 1468477 594 173626 949500 3200647 147022 39764 2994 57022 575 20865 459 49940 473039 389030 21119 69649 187601 87541 16046 127556 639254 194955 223 2573 561 33039
internal_value=0.00014968 -0.00948727 0.00663876 0.0175917 0.00389023 0.00561492 0.00360776 0.00563431 -0.0144739 -0.00226696 0.0339051 0.00943129 -0.00586143 -0.00737282 0.113993 0.00765046 0.00667754 0.0366712 0.0161873 0.00148786 0.00742593 -0.00507442 -0.00168685 0.00557254 0.0203306 -0.00631883 0.0378484 -0.0119232 -0.0818461 0.014716
internal_weight=831022 334401 496621 99622.8 396998 357958 334243 300557 33685.9 249470 23714.2 48283 14794.5 14610.3 184.238 66826.8 64981.8 23160.8 33488.5 7363.75 64089.6 201187 81026 31561.6 26124.7 49464.4 32796 39040.6 553.473 1980.44
internal_count=10508704 3247423 7261281 2216404 5044877 4863974 4470795 4150147 320648 1895671 393179 848707 78921 77887 1034 714665 664725 389624 769786 90768 660640 1046964 426098 215097 679018 211001 1501739 180903 3555 33262
is_linear=0
shrinkage=0.05


Tree=58
num_leaves=31
num_cat=0
split_feature=3 1 3 1 1 0 2 2 1 2 3 0 2 1 2 0 1 0 3 1 2 1 3 2 0 3 1 2 0 1
split_gain=18957.7 18740.5 5039.67 18659.8 8029.82 7167.71 6023.91 5420.13 5245.63 7263.16 5204.45 4986.55 4875.9 7084.23 5463.19 4637.92 4218.71 3667.54 4660.08 2983.29 2840.45 2855.14 2377.01 1221.93 1115.18 1097.64 967.832 1303.87 1143.92 951.161
threshold=2.1537467331430555 -0.060538756366212566 3.4451054898711253 0.17514869934927838 -0.10278471256184683 1.2335507907384309 5.8028513984867311 2.9710530232464172 -0.13190065722957342 3.2490814745305499 2.9495574610627568 1.1735698911172281 2.5611863177758649 0.60732956117938708 2.1918732566761614 1.181305133447065 0.63029474664333851 0.90418916821950179 4.3491450911238507 -0.42321740060184992 1.7376526579221052 0.52254278872949078 3.2248604407696115 6.9771150019948998 0.26273546651231966 3.4107891595359914 0.59995719444268236 1.7912985824169123 -0.1108502728836893 0.72828833234014589
decision_type=2 2 2 2 2 2 2 2 2 2 2 2 2 2 2 2 2 2 2 2 2 2 2 2 2 2 2 2 2 2
left_child=1 -1 4 5 8 17 11 12 9 10 -2 16 14 -14 -6 -13 -5 18 -4 -7 21 -3 -11 -21 -9 -26 -22 -28 -29 -23
right_child=2 20 3 6 7 19 -8 24 -10 22 -12 15 13 -15 -16 -17 -18 -19 -20 23 26 29 -24 -25 25 -27 27 28 -30 -31
leaf_value=-0.029970100099845159 0.0059756354214998593 0.019796560298533921 -0.041801692236671156 0.0096493742431274163 0.029299638179780742 -0.041707173667609378 0.036850662269704855 -0.033477575633420013 0.039036253417951972 0.034765703567516307 -0.058001354798917264 -0.11441179269361811 0.030206768522889844 -0.065606465404995096 -0.0023784720692409007 -0.012161333348217458 -0.04679999546027222 -0.06747749499456708 0.0068454118744885276 -0.0086945859376815673 -0.0051645197390735795 -0.0189626349447263 0.014808351367891616 0.012774045635819315 -0.11992341836062455 -0.30177389429306795 0.046683430878120602 0.053282105780766101 -0.32059476219490174 0.005349194708349438
leaf_weight=82691.022320538759 7971.3041858784854 25946.645082596689 18563.994697891176 126441.92207383364 15139.551433555782 4704.6024951413274 18156.85462045297 333.85340733081102 29164.504649586976 21269.252153459936 5287.3327730558813 1525.1093155220151 26712.421042777598 2079.3970498889685 134741.96847179532 4064.7136358991265 3398.7661038786173 8148.6422959379852 6699.4881960228086 13973.245420798659 186315.75043386593 8182.2280887886882 49978.922844681889 12608.616198480129 628.30322492867708 95.606639765202999 1405.9541062116623 36.358884479850531 46.782561834901571 7914.5412595719099
leaf_count=1351706 91040 691709 184838 1527436 246995 79034 314684 2049 1436136 575879 30857 14009 432381 10222 1048051 41393 15905 69233 33589 126849 1012927 42175 931999 130091 3068 828 22003 629 511 40478
internal_value=0.000145169 -0.00955746 0.00607153 0.000318631 0.0103516 -0.0222051 0.00980675 0.00377342 0.0207526 0.0144427 -0.0195374 0.00618103 0.0044415 0.023287 0.000821338 -0.040059 0.00817173 -0.0383093 -0.0289012 -0.00500677 -0.00221374 0.00953382 0.0207661 0.00148866 -0.109076 -0.14394 -0.00484363 0.0353059 -0.157093 -0.00700887
internal_weight=824228 312539 511688 218286 293402 64698.6 153587 179731 113671 84506.8 13258.6 135431 178673 28791.8 149882 5589.82 129841 33412.1 25263.5 31286.5 229848 42043.4 71248.2 26581.9 1057.76 723.91 187805 1489.1 83.1414 16096.8
internal_count=10508704 3162138 7346566 2537061 4809505 623634 1913427 1743594 3065911 1629775 121897 1598743 1737649 442603 1295046 55402 1543341 287660 218427 335974 1810432 774362 1507878 256940 5945 3896 1036070 23143 1140 82653
is_linear=0
shrinkage=0.05


Tree=59
num_leaves=31
num_cat=0
split_feature=3 1 3 3 1 2 2 3 1 1 1 0 0 1 0 1 0 0 2 1 3 2 3 1 2 1 1 2 2 3
split_gain=17307.3 17963.3 5372.79 7246.99 4080.2 4750.71 6054.18 7626.21 4005.87 2701.98 1774.25 1264.59 989.01 1084.3 971.36 805.426 971.799 799.194 841.919 651.621 582.383 563.447 1019.76 724.962 711.032 440.317 528.42 2262.69 432.796 399.257
threshold=2.2178256005370165 -0.060538756366212566 2.4187326247601866 2.3342600632105683 0.72828833234014589 2.2260795454908346 2.5611863177758649 2.5374382502865456 0.60907679441247298 0.27487220877274449 0.3060508533143424 0.16873160141954716 0.11347584474032892 0.81545567171745659 0.086608706665670512 0.60445080788633843 0.88060410386687449 -0.12584944700725806 1.8611078034149988 0.38268288537769329 2.2671047663830941 1.7479461772073175 1.822001825231345 0.23580437874203811 1.8608364020288832 -0.10278471256184683 0.57938706724800537 2.4255295344845211 1.5585302692875791 1.6649536825965745
decision_type=2 2 2 2 2 2 2 2 2 2 2 2 2 2 2 2 2 2 2 2 2 2 2 2 2 2 2 2 2 2
left_child=1 -1 3 15 5 17 8 -8 -7 21 28 14 13 -6 -12 16 -2 18 -4 -13 -18 -3 24 -24 -23 -5 27 -27 -11 -30
right_child=2 9 4 25 12 6 7 -9 -10 10 11 19 -14 -15 -16 -17 20 -19 -20 -21 -22 22 23 -25 -26 26 -28 -29 29 -31
leaf_value=-0.029244090270548952 -0.040228995172725615 -0.0067808474677959604 -0.20885819734187028 0.03902953441148977 -0.094911383092296631 -0.019252423504038566 0.037618459758069732 0.0036880349304310995 0.021775006487265769 0.047459423551931085 0.00084781326185793388 -0.086936261389651742 -0.021055074348339631 0.024980976261064148 0.049100887531991363 0.041067138895511147 0.0046747094161027486 0.04102188060028053 -0.00028523504192073441 -0.021008817139800448 0.016050134898022827 -0.00055906047885518793 -0.0066579691455025585 0.024791122851206868 0.015410766217789022 -0.25505800955386082 0.04148884565209128 0.014287954319803559 -0.33364915426024355 0.016615719166679362
leaf_weight=80561.603794462979 1094.6562663093209 119445.53228253126 59.878867525607347 26854.228649333119 1493.2545273900032 41728.590597249568 17489.96886447072 311579.2045891583 6938.9604493975639 1185.5208905488253 17996.33240012452 426.88864174485207 1235.7899471670389 215.84358739852905 1107.1297341510653 1728.3091196715832 49030.049537099898 9431.6351236999035 252.01856887340546 3071.8311005681753 14602.654487349093 16391.193293616176 50515.330315992236 1901.4553478211164 12126.346675306559 81.212814256548882 1670.1670250557363 1954.5851470828056 8.1386164054274541 23419.443418160081
leaf_count=1351717 4909 620867 563 1421792 6394 202458 327084 4300569 64353 35300 138108 2672 5130 1065 21587 49940 472234 134654 2607 20307 187582 66322 217684 7776 134350 761 45924 33262 137 630596
internal_value=0.000141198 -0.00873582 0.00611742 0.0166481 0.00350067 0.00394628 0.0030571 0.00549143 -0.0134028 -0.00206292 0.00869741 -0.00141708 -0.055131 -0.0797701 0.00364429 0.00738109 0.00648163 0.0384178 -0.0403276 -0.0290528 0.00728518 -0.00459836 -0.00137738 -0.00551713 0.0062317 0.0368 0.0206441 0.0035431 0.0179855 0.016494
internal_weight=815598 328157 487441 97015.9 390425 387480 377737 329069 48667.6 247595 47215.3 22602.2 2944.89 1709.1 19103.5 66455.7 64727.4 9743.53 311.897 3498.72 63632.7 200380 80934.3 52416.8 28517.5 30560.2 3705.96 2035.8 24613.1 23427.6
internal_count=10508704 3247423 7261281 2216404 5044877 5032288 4894464 4627653 266811 1895706 848707 182674 12589 7459 159695 714665 664725 137824 3170 22979 659816 1046999 426132 225460 200672 1501739 79947 34023 666033 630733
is_linear=0
shrinkage=0.05


Tree=60
num_leaves=31
num_cat=0
split_feature=3 1 3 1 1 0 2 1 2 1 1 2 3 2 2 1 2 0 3 1 2 1 3 2 3 0 1 0 1 2
split_gain=15825.4 16393.6 4519.93 17091.5 7238.21 6675.2 5720.74 4793.04 8340.41 6797.13 4775.73 5864.81 5629.01 4682.09 4166.92 6364.73 4722.73 3392.15 4379.06 2794.32 2337.56 2504.33 2307.22 1149.41 971.618 907.863 1101.12 893.422 890.772 1157.14
threshold=2.1537467331430555 -0.060538756366212566 3.4451054898711253 0.17514869934927838 -0.10278471256184683 1.2335507907384309 5.8028513984867311 0.42632142793878453 4.6991385892594417 0.57938706724800537 -0.10325777971475621 3.2490814745305499 2.9495574610627568 2.9710530232464172 2.5611863177758649 0.60732956117938708 2.1918732566761614 0.90418916821950179 4.3491450911238507 -0.42321740060184992 1.7376526579221052 0.52254278872949078 3.2248604407696115 3.899404758561603 6.587076978191023 0.26273546651231966 0.67614333405659321 0.26273546651231966 0.59995719444268236 1.7912985824169123
decision_type=2 2 2 2 2 2 2 2 2 2 2 2 2 2 2 2 2 2 2 2 2 2 2 2 2 2 2 2 2 2
left_child=1 -1 4 5 10 17 7 8 -5 -9 11 12 -2 14 16 -16 -6 18 -4 -7 21 -3 -13 -21 -8 26 -23 -15 -22 -30
right_child=2 20 3 6 13 19 24 9 -10 -11 -12 22 -14 27 15 -17 -18 -19 -20 23 28 25 -24 -25 -26 -27 -28 -29 29 -31
leaf_value=-0.028520800540608494 0.008400227779881704 0.018621185664737052 -0.041004420895217074 -0.041928893687753072 0.02799842031643153 -0.041168658090107217 0.037084724351798042 0.023338671164018651 0.0044651058678079197 -0.029796915388515949 0.038575492293333812 0.034058616446478472 -0.056981897796377703 -0.031506412007685801 0.028865557639528625 -0.061450974787510507 -0.0021290797939331339 -0.065689052663015696 0.0063164785346944826 0.030699063379252097 -0.0047110451782717347 -0.030447096604483137 0.01410529181604283 -0.0024444679114026414 -0.10810435890163353 0.094762434820591976 -0.00029338556148221794 -0.12899953996486505 0.04619372072805087 -0.14188070659480531
leaf_weight=78526.671131797135 9119.7503526620567 25095.449633704498 18073.591766305268 11336.241297133267 14402.719180922955 4552.4368324950337 17405.455548807979 49412.463637545705 66600.031032554805 6853.3514655008912 25859.838965550065 20531.071553587914 5151.4914060607553 338.83959183096886 25469.424524035305 2112.4681103527546 134316.4400174655 7978.9876221679151 6701.7897713705897 2942.5890837013721 185471.6219234392 4079.7786583006382 49218.157525088638 23561.298562318087 115.99847401678562 217.58536893129349 11738.727295562625 766.72009398788214 1350.3027624115348 87.056742116808891
leaf_count=1351706 105376 691709 184838 89625 246995 79034 313331 726833 733433 48852 1421768 575879 30889 2049 432381 10222 1048051 69233 33589 12018 1012927 22129 931999 244922 1353 1126 59398 3896 22003 1140
internal_value=0.000136534 -0.00881738 0.00559569 0.000122643 0.00970178 -0.0215885 0.00925373 0.00574561 -0.00228315 0.0168666 0.0197862 0.0140033 -0.0152008 0.00345577 0.004099 0.0219483 0.00078862 -0.0373354 -0.028204 -0.00498056 -0.00203243 0.00875884 0.0199787 0.00123529 0.0361235 -0.0066751 -0.00807038 -0.0991192 -0.00440718 0.0348026
internal_weight=809388 306567 502821 215534 287287 63810.7 151724 134202 77936.3 56265.8 109880 84020.5 14271.2 177407 176301 27581.9 148719 32754.4 24775.4 31056.3 228041 41131.5 69749.2 26503.9 17521.5 16036.1 15818.5 1105.56 186909 1437.36
internal_count=10508704 3162138 7346566 2537061 4809505 623634 1913427 1598743 823058 775685 3065911 1644143 136265 1743594 1737649 442603 1295046 287660 218427 335974 1810432 774362 1507878 256940 314684 82653 81527 5945 1036070 23143
is_linear=0
shrinkage=0.05


Tree=61
num_leaves=31
num_cat=0
split_feature=3 1 3 1 1 0 2 1 2 3 0 1 1 2 1 3 1 0 1 1 0 2 1 2 3 0 1 2 0 0
split_gain=14439 15327.8 4135.65 13837.1 6925.86 5677.72 5472.86 4400.61 5614.91 5252.05 4391.1 4051.65 3790.85 5559.83 4281.38 3763.7 2576.54 2345.22 2855.46 2296.57 2216.89 2124 2303.03 1270.44 923.95 874.993 826.535 1011.37 871.619 839.616
threshold=2.1537467331430555 -0.060538756366212566 3.4107891595359914 0.17514869934927838 -0.10278471256184683 1.181305133447065 5.8028513984867311 -0.10325777971475621 3.2490814745305499 2.9495574610627568 1.1735698911172281 0.26484938859632151 0.72828833234014589 2.2260795454908346 0.63978365821300709 5.892491343727194 -0.42321740060184992 0.52399747653507067 -0.27617349705825117 0.59167337229920991 1.1049979010730218 1.7376526579221052 0.52254278872949078 6.9771150019948998 2.9878634614873074 1.4362370908715618 0.59995719444268236 1.7912985824169123 0.39040017886052064 -0.1108502728836893
decision_type=2 2 2 2 2 2 2 2 2 2 2 2 2 2 2 2 2 2 2 2 2 2 2 2 2 2 2 2 2 2
left_child=1 -1 4 5 7 17 10 8 9 -2 15 -12 13 19 -15 -5 -7 -4 -19 -6 -10 22 -3 -18 -14 -8 28 -28 -23 -29
right_child=2 21 3 6 12 16 25 -9 20 -11 11 -13 24 14 -16 -17 23 18 -20 -21 -22 26 -24 -25 -26 -27 27 29 -30 -31
leaf_value=-0.027799780044513861 0.0080318414849789039 0.017994987790242223 0.05749032998646994 0.0044655611346588889 -0.049581268320924132 -0.040717370886860137 0.036654566686983768 0.03807134611837007 0.029932337918306302 -0.055799058072425092 -0.1590053480488747 -0.022954890731469637 -0.06157362576939323 0.0029164307000783978 -0.056984949326302804 0.033692862849665092 -0.0080676544174958578 -0.019634568227526017 -0.050302774972517943 0.040044201954804716 0.011147865283609639 -0.050868004197777462 -0.0063537281149812323 0.012165312027350161 0.030462674520613992 -0.072942035111955669 0.045690672064647241 0.053583129602598201 -0.0042279914093383431 -0.24849191995604292
leaf_weight=76585.154599808156 9062.6287374645472 24681.043451160192 683.57517605274916 116110.67665754259 756.82440001145005 4499.0107193514705 16785.573490038514 24916.212137937546 30574.845343604684 5000.8843916282058 612.84636715054512 5111.2635766640306 2699.0623849108815 156346.56464527175 3041.0008975490928 12169.263942867517 20411.120884291828 14091.941544476897 16449.971897721291 12857.941411506385 32299.402270488441 1007.2039272896945 16011.902378462255 12515.787185043097 303.33714716136456 184.11452242732048 1298.2344997897744 39.248844422399998 184217.73307799548 55.57570469379425
leaf_count=1351706 105376 691709 2913 1390646 4390 81196 312244 1421768 829034 30888 6023 49379 12068 1458523 16343 158726 160167 97725 180028 244898 650367 5334 82653 130091 1333 2440 22003 629 1007593 511
internal_value=0.000133076 -0.00845403 0.00537865 0.000250936 0.00943169 -0.0183604 0.00871397 0.0198086 0.0138942 -0.014666 0.00532627 -0.037521 0.00342658 0.00439326 0.00177356 0.00723821 -0.00522631 -0.0341026 -0.0361526 0.0350621 0.0202825 -0.00193609 0.00841423 -0.000376938 -0.0522751 0.0354655 -0.00419303 0.0341767 -0.00448161 -0.12346
internal_weight=801380 303896 497484 219625 277859 68651.4 150974 101854 76937.8 14063.5 134004 5724.11 176005 173002 159388 128280 37425.9 31225.5 30541.9 13614.8 62874.2 227311 40692.9 32926.9 3002.4 16969.7 186618 1393.06 185225 94.8245
internal_count=10508704 3162138 7346566 2571578 4774988 652120 1919458 3037433 1615665 136264 1604774 55402 1737555 1724154 1474866 1549372 371454 280666 277753 249288 1479401 1810432 774362 290258 13401 314684 1036070 23143 1012927 1140
is_linear=0
shrinkage=0.05


Tree=62
num_leaves=31
num_cat=0
split_feature=3 1 3 3 1 0 1 0 3 3 2 1 1 0 0 3 1 2 1 0 1 1 3 3 0 2 1 1 0 1
split_gain=13167 14637 4524.22 6179 3453.94 4327.58 5790.68 5461.02 4292.26 3773.98 2697.07 2041.19 1411.93 1107.2 896.374 700.321 688.339 883.898 591.744 546.566 523.415 760.629 664.205 808.527 697.053 433.184 416.507 468.484 1840.54 385.473
threshold=2.2178256005370165 -0.060538756366212566 2.4187326247601866 2.3342600632105683 -0.42321740060184992 1.1230114192572203 -0.3327390262831656 1.1363723124172573 5.879639423924421 3.3970876235880936 3.3840690488195206 0.27487220877274449 0.3060508533143424 0.16873160141954716 0.086608706665670512 8.0333519505345929 0.60445080788633843 2.3545810747388356 0.38268288537769329 0.90607385932899398 0.21358138209946523 0.217976709124278 1.7867589845313252 1.898141889079181 0.8068352369092342 1.5585302692875791 -0.10278471256184683 0.57938706724800537 0.80727102252732108 0.39235273429018658
decision_type=2 2 2 2 2 2 2 2 2 2 2 2 2 2 2 2 2 2 2 2 2 2 2 2 2 2 2 2 2 2
left_child=1 -1 3 16 15 6 10 29 -8 -9 -6 20 25 14 -14 -4 17 -2 -15 -19 22 -22 24 -24 -3 -13 -5 28 -28 -7
right_child=2 11 4 26 5 7 8 9 -10 -11 -12 12 13 18 -16 -17 -18 19 -20 -21 21 -23 23 -25 -26 -27 27 -29 -30 -31
leaf_value=-0.027081557924127538 -0.043139400133275746 -0.042848881693744789 -0.046712138043015654 0.037512909446769299 -0.29532624517696832 0.041987879072118386 0.0031074057216096285 -0.083986393235511964 -0.046501996901241585 0.0091355902636889412 -0.02686042615525976 0.046959463135297891 0.0007804987658645852 -0.083176244389702184 0.048018947981666886 0.020533277563728101 0.039723266283165401 0.0040425286879382264 -0.019708642717311462 0.014507665823466976 -0.037848138152880906 -0.0046098162155858808 -0.069259282652538862 -0.0011059521028535981 0.018253473024801025 0.014766454399672085 -0.16415840234743662 0.040199148669335029 0.016973105945095917 -0.082856730075039242
leaf_weight=74733.252554193139 896.44713783636689 497.05612909793854 4108.1406018361449 24022.093396991491 94.096773937344551 14307.994950354099 268300.25931242481 1104.751923955977 4432.1397851631045 71823.804745167494 16165.501963716 1096.0679764878005 17795.404912412167 418.44435660541058 1064.3029989525676 427.4664942920208 1564.9885630682111 46358.625967174768 3002.1985479295254 17070.749548584223 1738.4489708244801 173600.79712603986 447.80732184648514 15422.057769671082 7656.9305022060871 22398.637826107442 151.58407591283321 1512.5505192130804 1875.4693322554231 62.097722381353378
leaf_count=1351717 4085 2284 81295 1421792 695 304589 3411833 7446 42010 943598 249059 35300 138108 2672 21587 3840 49940 440056 20307 220584 6955 856295 2167 63414 115884 630733 984 45924 33039 512
internal_value=0.000129199 -0.00771035 0.00541648 0.0152746 0.00299737 0.00352015 0.000573071 0.0132761 0.00230121 0.00772494 -0.0284141 -0.00180481 0.0077169 -0.0013006 0.00344629 -0.0403745 0.00695935 0.00616223 -0.0274726 0.00685901 -0.00399105 -0.00493937 0.00293027 -0.00302907 0.0145288 0.0162683 0.0351535 0.0191411 0.003428 0.0414484
internal_weight=794150 319871 474279 93452.5 380826 376291 288992 87298.6 272732 72928.6 16259.6 245138 45775.1 22280.4 18859.7 4535.61 65890.8 64325.8 3420.64 63429.4 199363 175339 24023.9 15869.9 8153.99 23494.7 27561.7 3539.6 2027.05 14370.1
internal_count=10508704 3247423 7261281 2216404 5044877 4959742 3703597 1256145 3453843 951044 249754 1895706 848707 182674 159695 85135 714665 664725 22979 660640 1046999 863250 183749 65581 118168 666033 1501739 79947 34023 305101
is_linear=0
shrinkage=0.05


Tree=63
num_leaves=31
num_cat=0
split_feature=3 1 3 1 1 2 1 2 0 3 1 0 1 3 3 2 2 1 2 1 0 3 2 1 3 3 1 1 0 0
split_gain=12039.5 13332 3669.69 14382.2 6148.71 4994.24 5165.68 9047.46 6437.89 4891.35 5675.8 4577.68 4181.2 5735.72 4275.74 4063.33 4033.12 5523.9 4090.41 3504.15 2595.01 2200.39 1745.85 2014.47 1024.95 971.471 896.572 821.866 1124.11 980.357
threshold=2.1537467331430555 -0.051886445752020081 3.4451054898711253 0.12044314983567575 -0.10278471256184683 5.8028513984867311 0.41597567765674004 4.6991385892594417 1.0535071086109544 6.9458984530531502 -0.27617349705825117 0.73397330146915241 -0.13190065722957342 3.1945684130179286 2.9495574610627568 2.9710530232464172 2.5611863177758649 0.60732956117938708 2.4404158053219569 -0.10991279340077306 0.27512027950812123 3.2248604407696115 1.7376526579221052 0.52254278872949078 8.3102505804131521 6.8203822273901951 -0.52332586062050968 0.77090001566801269 -0.1108502728836893 0.26273546651231966
decision_type=2 2 2 2 2 2 2 2 2 2 2 2 2 2 2 2 2 2 2 2 2 2 2 2 2 2 2 2 2 2
left_child=1 -1 4 9 12 6 7 -5 -8 10 11 -4 13 14 -2 16 18 -18 -6 26 -12 -15 23 -3 -21 -7 -11 29 -29 -25
right_child=2 22 3 5 15 25 8 -9 -10 19 20 -13 -14 21 -16 -17 17 -19 -20 24 -22 -23 -24 27 -26 -27 -28 28 -30 -31
leaf_value=-0.026366239967862984 0.0047372320503780751 0.016879905152302907 0.045391596518249547 -0.049518354193000325 0.0058003168408236137 0.031717835705003805 0.018630840938316681 0.002363860087819681 -0.080821346830103835 -0.045096940549434777 0.073859717654317647 -0.022184106414889118 0.036458456413999175 0.032894224089857434 -0.055168069288808165 -0.091204906112215475 0.02808086881508275 -0.055433024887824679 -0.0123793127842226 0.031151493215345993 -0.053631884716705241 0.012870383272512227 -0.0038201571944477229 -0.017092758653011474 -0.31035972381255733 -0.11709892854786341 -0.0083826609160173818 0.020170389267922612 -0.032819539786729038 0.088733086178060916
leaf_weight=72972.637840010226 7800.1464732177556 23942.501204818487 2864.4233150780201 9606.279883287847 103323.38904572278 20275.209503371269 55539.229825593531 67078.590405791998 1676.3678546249866 2337.8914457149804 408.0284214541316 20035.839515000582 24355.814621642232 19220.807862203568 4818.8421632274985 1137.4808420464396 24763.069199744612 2152.090770944953 44167.623184293509 6618.6676144748926 18304.320209667087 47936.768076784909 185881.86481327191 9839.1384655237198 22.043358758091927 110.26090186834335 5759.1041281931102 4641.1312853395939 1275.9913872182369 223.82558654248714
leaf_count=1351741 91040 691708 13379 70568 1057498 376178 782530 739993 13357 44320 1662 154684 1436136 575635 30636 5945 432381 10222 237548 100560 209263 932464 1036036 50520 170 766 29631 25596 5411 1126
internal_value=0.000124889 -0.0077869 0.00494602 -3.83378e-05 0.00869996 0.00785754 0.00434751 -0.0041354 0.015717 -0.0216571 -0.0304238 -0.0137316 0.0183257 0.0127898 -0.0181389 0.00298998 0.00360432 0.0214032 0.000356249 0.00309625 -0.0508519 0.0186013 -0.00178266 0.00770406 0.0300179 0.0309129 -0.0189834 -0.00604385 0.00874343 -0.0147389
internal_weight=789089 298777 490312 210636 279676 154286 133900 76684.9 57215.6 56350.3 41612.6 22900.3 104132 79776.6 12619 175544 174406 26915.2 147491 14737.7 18712.3 67157.6 225804 39922.6 6640.71 20385.5 8097 15980.1 5917.12 10063
internal_count=10508704 3162138 7346566 2537061 4809505 1983392 1606448 810561 795887 553669 378988 168063 3065911 1629775 121676 1743594 1737649 442603 1295046 174681 210925 1508099 1810397 774361 100730 376944 73951 82653 31007 51646
is_linear=0
shrinkage=0.05


Tree=64
num_leaves=31
num_cat=0
split_feature=3 1 3 3 1 2 1 2 2 1 1 0 1 0 2 0 3 2 1 2 1 0 0 3 1 1 3 3 0 1
split_gain=10982.5 12700.4 3879.21 5670.02 3326.93 4018.76 5133.51 8121.67 4613.39 1714.34 1196.24 868.258 940.564 845.444 1123.53 768.645 750.448 852.1 728.058 665.979 657.537 806.551 544.895 504.539 478.34 705.553 607.521 752.662 630.609 379.54
threshold=2.2178256005370165 -0.060538756366212566 2.4187326247601866 2.3342600632105683 0.72828833234014589 2.2260795454908346 0.63978365821300709 2.2558613311817459 2.5611863177758649 0.27487220877274449 0.6437191950917095 0.11347584474032892 0.81545567171745659 0.27512027950812123 1.5585302692875791 -0.12584944700725806 1.2829990237933924 1.1907534103532191 0.3897058285503901 1.8611078034149988 0.60445080788633843 0.88060410386687449 0.28508777794332463 2.2671047663830941 0.21358138209946523 0.217976709124278 1.7867589845313252 1.898141889079181 0.8068352369092342 -0.10278471256184683
decision_type=2 2 2 2 2 2 2 2 2 2 2 2 2 2 2 2 2 2 2 2 2 2 2 2 2 2 2 2 2 2
left_child=1 -1 3 20 5 15 8 -8 -7 24 16 12 -6 14 -12 19 18 -18 -11 -4 21 -2 -15 -23 26 -26 28 -28 -3 -5
right_child=2 9 4 29 11 6 7 -9 -10 10 13 -13 -14 22 -16 -17 17 -19 -20 -21 -22 23 -24 -25 25 -27 27 -29 -30 -31
leaf_value=-0.02565729811094547 -0.036850769071717006 -0.039965302066257036 -0.18131369677427703 0.036459698955336073 -0.086566187503469949 -0.011491223258789207 -0.2677174966994183 -0.028828969847554922 0.0053056535136356171 -0.91514447011412714 0.00031054904207676175 -0.01785405528286561 0.02496870420957728 0.17058717692426301 -0.036876070759695331 0.039222059478441193 -0.13846839923606244 0.011465050121045268 0.048328483281618789 -0.0026319361608496271 0.039113132077603946 0.0039421984848915436 -0.0031065615142329161 0.014671713653227331 -0.036270544869700466 -0.0042469764395744276 -0.067551843529732106 -0.00087962893974711251 0.017754952313908289 0.018698509356305678
leaf_weight=71278.94892590493 1098.4002893343568 504.78315462172031 66.434998951852322 22364.214124798775 1522.4407721012831 47058.982667766511 381.69033148884773 5243.4394055530429 311300.41947614402 1.9633173961192358 11807.660408079624 1232.3690704554319 215.81415669620037 112.22704908251762 2453.2005416937172 8557.8297123014927 95.07347010076046 28906.810126964003 1512.333157312125 242.49603223055601 1500.2237742971629 48441.225480422378 75.548484921455383 14159.131575748324 1737.2731070667505 173073.57901854813 435.24093587696552 15431.897095605731 7562.6192567646503 3475.2218350358307
leaf_count=1351717 4909 2284 563 1421792 6394 257335 2832 25959 4608338 43 56768 5130 1065 575 20071 134654 709 730396 39758 2607 49940 472234 387 187582 6955 856295 2167 63414 115884 79947
internal_value=0.000121877 -0.00709261 0.00498947 0.0142498 0.00274626 0.00316617 0.00235598 -0.0450386 0.00309992 -0.00166291 0.00715354 -0.0499579 -0.0727185 -0.00469856 -0.00608642 0.036425 0.0127652 0.0109735 0.0470793 -0.0410571 0.00639435 0.00562376 0.100704 0.00636903 -0.00365758 -0.00456523 0.00297162 -0.00270847 0.0141434 0.0340709
internal_weight=781849 314989 466860 91038.4 375822 372851 363985 5625.13 358359 243710 44964.8 2970.62 1738.25 14448.6 14260.9 8866.76 30516.2 29001.9 1514.3 308.931 65199 63698.8 187.776 62600.4 198745 174811 23934.5 15867.1 8067.4 25839.4
internal_count=10508704 3247423 7261281 2216404 5044877 5032288 4894464 28791 4865673 1895706 848707 12589 7459 77801 76839 137824 770906 731105 39801 3170 714665 664725 962 659816 1046999 863250 183749 65581 118168 1501739
is_linear=0
shrinkage=0.05


Tree=65
num_leaves=31
num_cat=0
split_feature=3 1 3 1 1 0 2 1 2 1 1 2 1 0 2 1 3 1 0 0 1 1 2 1 2 1 0 1 0 0
split_gain=10032.5 11557.7 3410.78 11640 5472.75 4882.56 4875.94 3980.36 8445.57 5887.48 3630.56 4791.12 4592.86 3110 3232.82 5133.61 3331.97 2106.64 2102.72 2028.11 2629.03 1651.02 1460.23 1739.82 1242.26 1025.08 766.795 760.424 2048.84 818.323
threshold=2.1537467331430555 -0.060538756366212566 3.4107891595359914 0.17514869934927838 -0.10278471256184683 1.181305133447065 5.8028513984867311 0.41597567765674004 4.6991385892594417 0.57938706724800537 -0.10325777971475621 3.2490814745305499 -0.30293963576424887 -0.036988519151232406 2.5611863177758649 0.043078627971054807 3.2688683021555489 -0.47112118276037468 1.1049979010730218 0.52399747653507067 -0.27617349705825117 0.65557905798065585 1.7376526579221052 0.52254278872949078 6.9771150019948998 0.57145327630474652 1.4362370908715618 0.72828833234014589 1.0000000180025095e-35 0.26273546651231966
decision_type=2 2 2 2 2 2 2 2 2 2 2 2 2 2 2 2 2 2 2 2 2 2 2 2 2 2 2 2 2 2
left_child=1 -1 4 5 10 19 7 8 -5 -9 11 12 -2 21 16 -16 -15 -7 -13 -4 -21 25 23 -3 -19 -6 -8 29 -29 -25
right_child=2 22 3 6 13 17 26 9 -10 -11 -12 18 -14 14 15 -17 -18 24 -20 20 -22 -23 -24 27 -26 -27 -28 28 -30 -31
leaf_value=-0.024952374659003251 -0.056232678846869971 0.015826394600685353 0.052896726108979955 -0.04638526301688517 -0.032606574581516487 -0.042831439223350615 0.035161872265656244 0.02057113101858242 0.0034560047509628227 -0.028230210210658715 0.035964086086427476 0.028456611337530788 0.0058970260802904172 -0.0014212336637793813 0.034860270408279541 -0.01006121348262539 -0.27864077759691863 -0.0088264900427927531 0.0097383955548454582 -0.018568464243521425 -0.048587737421417698 -0.047619366772621449 -0.003495073070345159 -0.01927981446212557 0.011205522530797624 0.041988291865918681 -0.064636936499280803 -0.00095251859822496248 0.10773538544795963 0.074534389389349101
leaf_weight=69669.463105134666 4389.663763359189 23304.010361501947 679.78304658830166 9769.4166984558105 489.37638885527849 3386.9980808533728 15592.477695770562 49779.556719906628 65383.425666756928 7056.3005718439817 21583.88830435276 28827.557582940906 9227.2286686822772 137513.30768336356 16323.999258060008 10419.481872081757 108.47667285054922 20985.312775876373 31287.064309373498 13774.196796089411 15501.667291246355 610.15349162369967 185289.57341356575 7773.5253255143762 12261.231978386641 7820.1171893142164 194.87794407457113 7414.630980886519 460.52702558040619 239.61400294303894
leaf_count=1351706 28917 691709 2913 70097 3463 67494 312244 751175 733073 50429 1421768 829034 107347 1095774 328508 113859 966 173322 650367 97725 180028 8686 1036070 41050 130638 186299 2440 38534 1944 1125
internal_value=0.000117705 -0.00716183 0.00455132 -0.000152113 0.00830505 -0.0175089 0.00766899 0.00452788 -0.00302306 0.0145123 0.0179282 0.0126485 -0.0141317 0.00301182 0.00145141 0.0173585 -0.00163974 -0.00526575 0.0187146 -0.0324813 -0.0344638 0.031766 -0.00164041 0.00712789 -0.00143874 0.0375951 0.03393 -0.00563057 0.00540338 -0.0164745
internal_weight=777117 294151 482966 214365 268600 66589.2 147776 131989 75152.8 56835.9 95315.4 73731.5 13616.9 173285 164365 26743.5 137622 36633.5 60114.6 29955.6 29275.9 8919.65 224482 39192.3 33246.5 8309.49 15787.4 15888.3 7875.16 8013.14
internal_count=10508704 3162138 7346566 2571578 4774988 652120 1919458 1604774 803170 801604 3037433 1615665 136264 1737555 1539107 442367 1096740 371454 1479401 280666 277753 198448 1810432 774362 303960 189762 314684 82653 40478 42175
is_linear=0
shrinkage=0.05


Tree=66
num_leaves=31
num_cat=0
split_feature=3 1 1 2 1 2 1 2 0 1 2 1 3 3 1 2 0 3 1 0 1 0 2 0 3 2 0 0 2 0
split_gain=9139.91 10758.8 3197.71 4100.38 4754.7 5793.09 3133.7 2502.43 2308.47 1959.82 1325.25 1595.52 862.556 790.897 740.797 896.759 800.625 711.619 711.029 1012.79 686.448 684.93 666.446 641.295 561.658 3429.24 436.787 307.864 293.24 257.727
threshold=2.1537467331430555 -0.060538756366212566 0.72828833234014589 2.2260795454908346 0.63978365821300709 2.2558613311817459 -0.42321740060184992 2.5665967138229862 0.010501662944753633 0.59167337229920991 1.7376526579221052 0.52254278872949078 2.9202237833458864 2.9495574610627568 0.59995719444268236 1.7912985824169123 0.39040017886052064 8.0333519505345929 0.77090001566801269 -0.1108502728836893 0.81545567171745659 0.26273546651231966 1.7479461772073175 -0.1108502728836893 1.2829990237933924 1.1687687539455864 0.11347584474032892 0.18495579441680168 1.7479461772073175 -0.13461282072082545
decision_type=2 2 2 2 2 2 2 2 2 2 2 2 2 2 2 2 2 2 2 2 2 2 2 2 2 2 2 2 2 2
left_child=1 -1 3 9 6 12 17 -7 -8 -2 11 24 -6 20 16 28 -12 -5 21 -20 26 -13 -18 -17 27 -26 -4 -3 -16 -11
right_child=2 10 13 4 5 7 8 -9 -10 29 14 18 -14 -15 15 23 22 -19 19 -21 -22 -23 -24 -25 25 -27 -28 -29 -30 -31
leaf_value=-0.024252519661490446 -0.043879807180788016 0.047493691131069063 -0.080032429008683112 -0.045772156679687176 0.050476017452869996 0.040967553417238713 -0.05300290543470218 -0.044401379140621963 0.0051176707094006575 0.010580754228906144 -0.048584811370912299 -0.015599835994242093 -0.23106412280737781 0.01657047519524555 -0.18227625669750477 0.053379482840490711 -0.0055953525333480537 0.023361088732395376 0.0192428797861794 -0.031127208578885374 0.020895465491504152 0.068947473956922606 0.00071160118482331905 -0.20866041437373345 -0.5398317967352172 0.01399429911721374 -0.034750553117132307 -0.36154979391071179 0.047761142183964538 0.040242491238972694
leaf_weight=68135.499578423798 775.15539310500026 1379.7077731397003 1596.204972974956 3717.1894912905991 29.068808920681477 1083.4810245484114 1714.9460677877069 4132.6881028190255 451592.12221282907 785.4899277575314 983.554970998317 9710.9382316544652 424.2677246183157 429.33289022743702 14.011228218674658 37.301149178296328 117773.21191599965 413.65461894869804 4630.5628613457084 1272.1235237121582 258.1140519157052 245.60322789847851 65004.302579414099 62.421665497124195 27.986847404390574 21562.880131809041 799.18745452165604 4.6154091246426097 1232.4349004030228 10821.048858653754
leaf_count=1351706 4413 39521 7057 81295 182 6691 16276 19269 6953395 21566 5334 50520 2651 1882 166 629 620938 3840 25596 5411 1468 1126 386655 511 409 651738 3230 41 21837 223351
internal_value=0.000114921 -0.00685515 0.00436883 0.00469792 0.00393871 -0.0415689 0.00450274 -0.0266689 0.00489779 0.0330943 -0.00156191 0.0068357 -0.213011 -0.0463899 -0.00332368 0.0336323 -0.0035944 -0.0388493 -0.00536266 0.00838732 -0.0565768 -0.0135143 -0.0033523 -0.110645 0.0152559 0.0132764 -0.0649248 0.0461299 0.0451753 0.0382351
internal_weight=770649 292077 478572 475489 463107 5669.51 457438 5216.17 453307 12381.7 223942 38834.4 453.337 3082.84 185107 1346.17 183761 4130.84 15859.2 5902.69 2653.51 9956.54 182778 99.7228 22975.2 21590.9 2395.39 1384.32 1246.45 11606.5
internal_count=10508704 3162138 7346566 7332929 7083599 28793 7054806 25960 6969671 249330 1810432 774362 2833 13637 1036070 23143 1012927 85135 82653 31007 11755 51646 1007593 1140 691709 652147 10287 39562 22003 244917
is_linear=0
shrinkage=0.05


Tree=67
num_leaves=31
num_cat=0
split_feature=0 1 1 0 1 1 0 2 0 2 0 1 0 1 3 3 1 1 0 2 1 3 0 0 3 3 1 1 1 2
split_gain=8387.81 6529.83 14670.2 5699.85 7323.84 6582.7 5978.32 12508.7 6879.75 5421.86 4786.71 3868.35 3655.04 3929.65 3185.62 2990.85 2888.47 8038.53 41185 6592.89 7402.17 7096.24 4828.78 5892.29 4304.35 3972.74 3903.22 2310.21 2108.31 5981.57
threshold=0.88060410386687449 -0.051886445752020081 -0.272696703161662 0.98012537567930602 -0.30293963576424887 0.043078627971054807 1.001086503821605 4.6255220187935064 0.99613603573865839 3.3158119046316026 0.97430915825473807 -0.31248217156279456 1.0026723873875354 0.38752962573626226 5.4276012788821086 2.886984047952986 0.49594010002770628 0.49297196920644654 0.67216175385953125 3.899404758561603 0.57145327630474652 3.7249592873765365 0.46191105566476592 0.15276056255599116 4.3192750679272907 3.1567621018229679 0.42632142793878453 0.41597567765674004 -0.25962049904085055 3.4437761330069674
decision_type=2 2 2 2 2 2 2 2 2 2 2 2 2 2 2 2 2 2 2 2 2 2 2 2 2 2 2 2 2 2
left_child=1 2 11 4 -2 -6 7 -5 -9 15 27 -1 -11 -14 -10 -8 17 22 -19 20 25 -22 23 -3 -21 -18 -24 -7 -4 -30
right_child=3 16 28 6 5 10 9 8 14 12 -12 -13 13 -15 -16 -17 19 18 -20 24 21 -23 26 -25 -26 -27 -28 -29 29 -31
leaf_value=-0.057828332220353044 -0.056165835932919073 0.0056372727271559835 -0.052907233074147103 0.02263625893910514 0.033134555516175022 0.0062532682004270528 -0.010055289218362719 -0.038132164569078558 -0.19386931790029299 0.049953129417215893 0.042191880463538778 0.021001646752759732 0.0073946765885388697 -0.030079479619782079 -0.083716071498551814 -0.054931411894040841 -0.041522056261347084 0.027063235513291789 -0.7593216459756631 -0.61686586233209406 0.0033035004809000741 -0.067533565600222598 -0.0027296737398494531 -0.077632783307323414 -0.091811363109082875 0.038143330461117342 0.02992693474169468 -0.037251901258866814 -0.024396857255790511 0.11394353485256577
leaf_weight=1652.8884546011686 3574.4346245266497 3904.0072604250163 6371.8350272476673 5512.4028089493513 40103.864208012819 73103.717024751008 23007.278494037688 4036.7560949884355 1394.0070296451449 4771.0873370580375 9433.4547534883022 26621.87075933814 136092.8353404291 7374.7776479236782 1240.3734884336591 4427.269445836544 1689.917168032378 750.67041588574648 213.95220422744751 67.353964291512966 48115.883683497086 3815.8495489023626 243400.76625910215 4660.6290300171822 92.83336416631937 21155.929014731199 9507.3960889875889 3184.3900810182095 76557.188099179417 789.42786527425051
leaf_count=11465 32946 71818 84213 73980 1782549 747699 143349 35835 10635 53301 136116 577759 2142239 79753 11178 29670 14818 12681 3520 1109 528828 23972 1815823 43274 952 342548 148454 44751 1498521 4948
internal_value=0.000110103 -0.00428437 -0.0147455 0.00633452 0.0144095 0.0164144 0.000772281 -0.0330975 -0.0791506 0.00312127 0.00859209 0.0163934 0.00690011 0.00546836 -0.142005 -0.0172972 -0.000811737 -0.00328395 -0.147356 0.00784611 0.00853253 -0.00190148 -0.00275244 -0.0396759 -0.312581 0.0322504 -0.00150204 0.00443729 -0.0252623 -0.0229849
internal_weight=766625 449368 111993 317257 129400 125825 187857 12183.5 6671.14 175673 85721.6 28274.8 148239 143468 2634.38 27434.5 337375 262437 964.623 74937.8 74777.6 51931.7 261473 8564.64 160.187 22845.8 252908 76288.1 83718.5 77346.6
internal_count=10508704 5184703 2176906 5324001 2744061 2711115 2579940 131628 57648 2448312 928566 589224 2275293 2221992 21813 173019 3007797 2095570 16201 912227 910166 552800 2079369 115092 2061 357366 1964277 792450 1587682 1503469
is_linear=0
shrinkage=0.05


Tree=68
num_leaves=31
num_cat=0
split_feature=0 1 1 0 1 1 0 2 0 2 0 1 0 1 3 1 1 2 3 0 1 0 0 1 3 1 1 3 1 2
split_gain=7626.35 6071.21 13530.1 5253.56 6819.15 6276.95 5263.84 10587.6 5183.14 4929.87 4535.17 3591.41 3475.19 3496.65 2852.04 2623.9 6141.64 7063.53 6499.09 10070.5 5849.26 17104 4457.81 12062.1 3710.26 3142.74 2645.91 2171.53 2068.59 5319.65
threshold=0.88060410386687449 -0.051886445752020081 -0.272696703161662 0.98012537567930602 -0.30293963576424887 0.043078627971054807 1.001086503821605 4.6255220187935064 0.99613603573865839 3.3158119046316026 0.97430915825473807 -0.31248217156279456 1.0026723873875354 0.38752962573626226 2.886984047952986 0.49594010002770628 0.57145327630474652 3.8567764425643292 3.7249592873765365 0.40086358386613169 0.49297196920644654 0.67216175385953125 0.40086358386613169 0.46920906322072686 3.1567621018229679 0.26023580545188774 0.65557905798065585 5.4276012788821086 -0.25962049904085055 3.4437761330069674
decision_type=2 2 2 2 2 2 2 2 2 2 2 2 2 2 2 2 2 2 2 2 2 2 2 2 2 2 2 2 2 2
left_child=1 2 11 4 -2 -6 7 -5 -9 14 -7 -1 -11 -14 -8 20 17 24 26 -20 22 -22 23 -3 -17 -24 -18 -10 -4 -30
right_child=3 15 28 6 5 10 9 8 27 12 -12 -13 13 -15 -16 16 18 -19 19 -21 21 -23 25 -25 -26 -27 -28 -29 29 -31
leaf_value=-0.057117669571937237 -0.055603892312519158 -0.019213374504485185 -0.05252486346489893 0.021901565381112754 0.032462609103769295 0.0042310739484511415 -0.0095782694386004428 -0.035248349828697186 -0.1619463292382104 0.049443242412623691 0.041575567644559122 0.020239367525485438 0.0070621870515620222 -0.027908355525071912 -0.054042602468997371 -0.039192529791696878 0.013475445500524395 -0.31658294057785463 -0.31633080296934252 -0.038401771245850973 0.026296699817635751 -0.38125096922301038 -0.0038481363279996073 -0.23278068243051517 0.037669646195608336 0.011881351942245905 -0.010180220505561022 -0.074954005999219961 -0.023648902764590009 0.10481970729219375
leaf_weight=1591.3422699868679 3433.6011295951903 6006.8498666044325 6104.0915912762284 5414.9754704795778 38917.688655722886 76040.70885437727 22947.016944300383 4145.7296971231699 1579.8357386514544 4584.0230715610087 9103.0537559017539 26252.906557798386 135393.4242730923 7546.4578101225197 4278.8552991598845 1700.5649676322937 27062.249596554786 146.4805541485548 359.17680440843105 3521.2105788961053 734.34588092193007 396.4165176153183 217413.69010805339 742.90763656422496 20460.661728579551 37187.108727784827 20988.463171757758 1314.0582490712404 75068.106063036248 814.54700734466314
leaf_count=11465 32946 84819 84213 73980 1782549 792450 143349 35835 10635 53301 136116 577759 2142239 79753 29670 14818 403301 1632 3191 21344 12681 3520 1134699 6291 342414 853560 125527 11178 1498521 4948
internal_value=0.000114027 -0.00408721 -0.0142953 0.00607548 0.0139037 0.0158274 0.000744128 -0.0306615 -0.0710937 0.00298244 0.00822372 0.0158183 0.00659021 0.00521593 -0.0165663 -0.000757548 0.00754178 0.0294841 -0.00188386 -0.0641275 -0.00310488 -0.116579 -0.00261393 -0.0427195 0.0317715 -0.00155068 0.00314269 -0.122445 -0.0245224 -0.0222699
internal_weight=761251 446551 109831 314699 127495 124061 187204 12454.6 7039.62 174750 85143.8 27844.2 147524 142940 27225.9 336720 74238.8 22307.7 51931.1 3880.39 262481 1130.76 261351 6749.76 22161.2 254601 48050.7 2893.89 81986.7 75882.7
internal_count=10508704 5184703 2176906 5324001 2744061 2711115 2579940 131628 57648 2448312 928566 589224 2275293 2221992 173019 3007797 912227 358864 553363 24535 2095570 16201 2079369 91110 357232 1988259 528828 21813 1587682 1503469
is_linear=0
shrinkage=0.05


Tree=69
num_leaves=31
num_cat=0
split_feature=0 1 1 0 1 1 0 2 2 0 0 1 1 0 3 1 1 3 0 2 1 0 0 1 3 1 1 1 1 2
split_gain=6938.02 5633.03 12471 4839.54 6350.4 5976.51 4653.36 9052.49 4481.66 4293.94 4040.58 3335.01 3334.7 3112.36 2719.19 2393.21 5733.89 5729.7 6585.39 5224.07 4720.93 10916.4 3906.2 9384.48 3450.63 2856.82 2405.36 2043.82 2028.37 4748.32
threshold=0.88060410386687449 -0.051886445752020081 -0.272696703161662 0.98012537567930602 -0.30293963576424887 0.043078627971054807 1.001086503821605 4.6255220187935064 3.3158119046316026 0.97430915825473807 0.99613603573865839 -0.31248217156279456 -0.42321740060184992 1.0026723873875354 2.886984047952986 0.49594010002770628 0.57145327630474652 3.7249592873765365 0.38150422523863159 3.8567764425643292 0.49297196920644654 0.67216175385953125 0.40086358386613169 0.46920906322072686 3.1567621018229679 0.26023580545188774 0.65557905798065585 0.41597567765674004 -0.25962049904085055 3.4437761330069674
decision_type=2 2 2 2 2 2 2 2 2 2 2 2 2 2 2 2 2 2 2 2 2 2 2 2 2 2 2 2 2 2
left_child=1 2 11 4 -2 -6 7 -5 14 27 -9 -1 -10 -14 -8 20 19 26 -19 24 22 -22 23 -3 -17 -24 -18 -7 -4 -30
right_child=3 15 28 6 5 9 8 10 12 -11 -12 -13 13 -15 -16 16 17 18 -20 -21 21 -23 25 -25 -26 -27 -28 -29 29 -31
leaf_value=-0.056441605618754602 -0.055060795266127199 -0.018040871995092064 -0.052145956184607614 0.021179341123232172 0.031786281011456863 0.0057771028340972887 -0.0091228486549666948 -0.032658529976502711 -0.038512219497810307 0.040956405144141228 -0.10758323594090935 0.019494206289427246 0.048938420262101393 0.0062432196234473956 -0.053182764145168683 -0.036996192613075699 0.012932167226346214 -0.24096168979082214 -0.036664644581266802 -0.23475066745139883 0.025536647562232336 -0.27580109973582195 -0.0036590054897052667 -0.19725544209492266 0.03701062399216954 0.011402257934820026 -0.0096718776971250406 -0.034616836237141881 -0.022909249102243782 0.096884502939450806
leaf_weight=1531.4036427661777 3297.544688295573 6075.5542430896312 5847.5221462026238 5322.0549036823213 37787.457629457116 72522.076976075768 22889.438248556107 4248.0081605166197 4038.5871108435094 8786.7034356743097 3121.7956429719925 25902.707429017872 4404.306069649756 138398.3322304599 4134.3112167268991 1711.1672160252929 26796.115879368037 444.41466107964516 3508.8331266567111 186.35553057491779 718.79395101964474 516.51731371879578 217224.10066453367 830.30059207975864 19800.613142810762 36821.670518675819 20987.049315854907 3272.8090724423528 73653.809086926281 836.59732636809349
leaf_count=11465 32946 84819 84213 73980 1782549 747699 143349 35835 85135 136116 21813 577759 53301 2136857 29670 14818 403301 3177 21358 1632 12681 3520 1134699 6291 342414 853560 125527 44751 1498521 4948
internal_value=0.000115161 -0.00390529 -0.0138506 0.00582467 0.0134093 0.0152544 0.000715579 -0.0285119 0.00284914 0.00786867 -0.0643961 0.0152554 0.00629289 0.00756002 -0.0158635 -0.000711737 0.0072662 -0.0017819 -0.0596312 0.0288402 -0.00294623 -0.100461 -0.00248461 -0.0395881 0.0311237 -0.00147601 0.00300415 0.0040329 -0.0237898 -0.0215639
internal_weight=755617 443394 107772 312223 125667 122369 186557 12691.9 173865 84581.6 7369.8 27434.1 146841 142803 27023.7 335621 73434.5 51736.4 3953.25 21698.1 262187 1235.31 260952 6905.85 21511.8 254046 47783.2 75794.9 80337.9 74490.4
internal_count=10508704 5184703 2176906 5324001 2744061 2711115 2579940 131628 2448312 928566 57648 589224 2275293 2190158 173019 3007797 912227 553363 24535 358864 2095570 16201 2079369 91110 357232 1988259 528828 792450 1587682 1503469
is_linear=0
shrinkage=0.05


Tree=70
num_leaves=31
num_cat=0
split_feature=0 1 1 0 1 1 0 0 0 3 1 1 1 2 0 1 3 2 1 1 3 0 2 1 0 0 0 1 3 1
split_gain=6315.11 5219.41 11487.7 4453.07 5914.85 5682.16 4192.34 6223.04 4062.44 3138.43 9594.83 3097.59 2944.49 2612.34 9690.15 3923.18 3144.58 10489.5 2181.68 5351.11 5083.75 4716.36 4164.74 3948.1 7894.21 3460.79 4809.66 3357.3 3210.13 2186.14
threshold=0.88060410386687449 -0.051886445752020081 -0.272696703161662 0.98012537567930602 -0.30293963576424887 0.043078627971054807 1.1230114192572203 1.1363723124172573 0.97430915825473807 3.3970876235880936 -0.19391221576389076 -0.31248217156279456 -0.42321740060184992 5.4160552285243666 1.1111506969437031 0.27489626282556717 5.5478791408934205 4.8601466769752113 0.49594010002770628 0.57145327630474652 3.7249592873765365 0.40086358386613169 3.8567764425643292 0.49297196920644654 0.67216175385953125 0.46191105566476592 0.15276056255599116 0.42632142793878453 3.1567621018229679 0.65557905798065585
decision_type=2 2 2 2 2 2 2 2 2 2 2 2 2 2 2 2 2 2 2 2 2 2 2 2 2 2 2 2 2 2
left_child=1 2 11 4 -2 -6 13 -8 -7 10 -9 -1 -11 16 15 -15 17 -5 23 22 29 -22 28 25 -25 26 -3 -27 -20 -21
right_child=3 18 -4 6 5 8 7 9 -10 12 -12 -13 -14 14 -16 -17 -18 -19 19 20 21 -23 -24 24 -26 27 -28 -29 -30 -31
leaf_value=-0.055796644187726424 -0.054534501563329799 0.0079067185947247886 -0.023065081114217598 -0.0036862468716597745 0.031106129478090966 0.0038443225050014485 0.040199616368740761 -0.4982809869325715 0.040333935987828556 -0.038120058642063769 -0.028936027161571443 0.018766587645760145 0.0066910795474724467 -0.061498867797279304 0.031871160346925463 -0.1860168744395776 0.010758362429578047 -0.070915028232637428 -0.034926148909767619 0.012405910932555629 -0.19698237651522349 -0.03493405975271166 -0.18845876041356302 0.024783775070634673 -0.22101616812872435 -0.0023905885113825161 -0.065579664826050585 0.028541092745113725 0.036347755677953418 -0.0091890824629517736
leaf_weight=1473.1280426830053 3166.2287831008434 4018.9087437372655 78768.630753979087 62027.993663992733 36710.646080013365 75570.491160482168 13277.582713745534 122.11345837265253 8483.9155611805618 3872.5797665305436 1005.6580912023783 25570.309602182359 68681.908812560141 1855.4822417981923 2461.3214573934674 959.79545756429434 24958.515189290047 6400.8337308950722 1721.6810538135469 26542.774018902332 515.22629205882549 3493.8676102384925 219.50546890497208 703.9805972315371 609.43290829658508 242449.41677217185 4992.6933401860297 9101.8100797384977 19169.760388802737 20985.269335594028
leaf_count=11465 32946 71818 1587682 827634 1782549 792450 305605 1617 136116 84438 5838 577759 943598 16642 27864 11127 299275 56302 14818 403301 3191 21344 1632 12681 3520 1815823 43274 148454 342414 125527
internal_value=0.000114402 -0.00373274 -0.0134118 0.00558689 0.0129262 0.0146949 0.000686788 0.00869068 0.00752735 0.00301275 -0.079756 0.0147049 0.00429929 -0.00636764 -0.0405949 -0.10395 -0.00443372 -0.00997483 -0.000671181 0.00699516 -0.00168992 -0.0557596 0.0281976 -0.00279793 -0.0892691 -0.00236206 -0.0328069 -0.0012714 0.030474 0.00287098
internal_weight=749891 440336 105812 309555 123931 120765 185624 86959.8 84054.4 73682.3 1127.77 27043.4 72554.5 98663.9 5276.6 2815.28 93387.3 68428.8 334524 72648.1 51537.1 4009.09 21110.9 261876 1313.41 260563 9011.6 251551 20891.4 47528
internal_count=10508704 5184703 2176906 5324001 2744061 2711115 2579940 1341096 928566 1035491 7455 589224 1028036 1238844 55633 27769 1183211 883936 3007797 912227 553363 24535 358864 2095570 16201 2079369 115092 1964277 357232 528828
is_linear=0
shrinkage=0.05


Tree=71
num_leaves=31
num_cat=0
split_feature=0 1 1 0 1 1 0 0 0 1 2 0 1 3 0 1 3 2 1 2 1 1 3 1 2 0 1 2 0 3
split_gain=5749.01 4826.86 10566.3 4091.62 5510.17 5394.55 3840.72 3801.43 5887.59 3041.13 3778.49 3570.06 2877.71 2397.26 10671.3 8356.12 2762.13 8968.59 2027.85 4294.46 2455.57 2009.11 2780.33 2518.29 3048.99 4733.23 2176.57 3868.79 2500.38 1908.25
threshold=0.88060410386687449 -0.051886445752020081 -0.272696703161662 0.98012537567930602 -0.30293963576424887 0.043078627971054807 0.97430915825473807 1.1230114192572203 1.1363723124172573 0.12044314983567575 5.8028513984867311 1.1689679759173603 -0.31248217156279456 5.879639423924421 1.1111506969437031 0.3098459715532132 5.5478791408934205 4.8601466769752113 -0.25962049904085055 3.4437761330069674 -0.24833549022438586 0.26023580545188774 5.0371495479382515 0.63978365821300709 2.2260795454908346 0.028179389837528105 0.62232822779575792 3.4437761330069674 0.086608706665670512 2.6968457841188687
decision_type=2 2 2 2 2 2 2 2 2 2 2 2 2 2 2 2 2 2 2 2 2 2 2 2 2 2 2 2 2 2
left_child=1 2 12 4 -2 -6 -7 13 -9 11 -11 -10 -1 16 15 -15 17 -5 -4 20 -20 22 -3 26 29 -26 28 -28 -23 -25
right_child=3 21 18 7 5 6 -8 8 9 10 -12 -13 -14 14 -16 -17 -18 -19 19 -21 -22 23 -24 24 25 -27 27 -29 -30 -31
leaf_value=-0.055179624886485507 -0.054023128046277784 -0.0031873506817253513 -0.051601774288588559 -0.003497589169680584 0.030422760760071096 0.0036631733320041972 0.039707769448414316 0.039626732788587415 -0.12311660866127916 -0.0069655198493105063 0.028977352435557505 -0.0039694169904346266 0.018056862662729982 -0.057369612188997582 0.031379174876894456 -0.2714924456008696 0.0097825787546838849 -0.0636566156839279 0.020597828325448157 0.091530620092057952 -0.023486644577370104 -0.017167044487871704 -0.11637883259053801 -0.0055599502048897268 -0.18544524993367298 -0.025644289899010006 0.042188711881822646 -0.072444786385068877 0.0094714188558679777 0.035928949343848854
leaf_weight=1416.555204950273 3039.5998795516789 216889.88454993069 5495.9653326645494 62103.071933221072 35684.831304330379 75347.998694699258 8194.2084312438965 12808.032222531736 638.26017518341541 12025.204814039171 18655.413814328611 41999.841000523418 25254.800801806152 1512.6947607919574 2390.5833152160048 652.03541100025177 25417.283050287515 6881.8215839974582 3313.4601381160319 851.49432585388422 67671.730091243982 10080.187717055902 543.87160938978195 16904.640274398029 498.71549654006958 6540.4280956238508 8254.6067940499634 808.07633367180824 69853.564041592181 3314.9514164105058
leaf_count=11465 32946 1133736 84213 827634 1782549 792450 136116 305605 6817 140120 376362 512192 577759 8451 27704 6305 309001 59749 62567 4948 1435954 156694 3308 114223 2843 32312 156693 3503 1359957 44528
internal_value=0.000115552 -0.00356496 -0.0129701 0.0053569 0.0124548 0.0141496 0.0071986 0.000668015 0.00834895 0.00288504 0.0148896 -0.00575296 0.0141672 -0.00601702 -0.0414441 -0.121865 -0.00430751 -0.00949896 -0.0223295 -0.0200899 -0.0214289 -0.000633581 -0.00347048 0.00467231 -0.00862459 -0.036966 0.00874502 0.0319674 0.00611213 0.00124205
internal_weight=745044 437693 104004 307351 122267 119227 83542.2 185084 86126.8 73318.7 30680.6 42638.1 26671.4 98957.5 4555.31 2164.73 94402.2 68984.9 77332.6 71836.7 70985.2 333689 217434 116255 27258.7 7039.14 88996.4 9062.68 79933.8 20219.6
internal_count=10508704 5184703 2176906 5324001 2744061 2711115 928566 2579940 1341096 1035491 516482 519009 589224 1238844 42460 14756 1196384 887383 1587682 1503469 1498521 3007797 1137044 1870753 193906 35155 1676847 160196 1516651 158751
is_linear=0
shrinkage=0.05


Tree=72
num_leaves=31
num_cat=0
split_feature=0 1 1 0 1 1 0 0 0 1 2 0 1 0 3 0 1 3 2 2 3 1 1 3 0 2 0 0 1 3
split_gain=5237.41 4477.61 9752.53 3757.3 5134.05 5114.21 3628.39 3443.66 5567.41 2778.91 3527.69 3137.39 2757.25 3795.51 2063.57 8765.27 5186.29 2487.72 7677.48 2049.77 2929.49 1910.94 5139.63 4387.08 3733.49 3353.81 3069.35 8222.43 4351.75 2910.27
threshold=0.88060410386687449 -0.051886445752020081 -0.272696703161662 0.98012537567930602 -0.30293963576424887 0.043078627971054807 0.97430915825473807 1.1230114192572203 1.1363723124172573 0.12044314983567575 5.8028513984867311 1.1689679759173603 -0.29326728625574167 0.77615730216745715 5.879639423924421 1.1111506969437031 0.3098459715532132 5.5478791408934205 4.8601466769752113 3.3971894388878914 3.5387918830276415 0.50269308430617887 0.57145327630474652 3.7249592873765365 0.33692532184070467 3.7734769914494146 0.38791169941480741 0.19825229224665122 0.38752962573626226 3.5387918830276415
decision_type=2 2 2 2 2 2 2 2 2 2 2 2 2 2 2 2 2 2 2 2 2 2 2 2 2 2 2 2 2 2
left_child=1 2 12 4 -2 -6 -7 14 -9 11 -11 -10 13 -1 17 16 -16 18 -5 -4 -21 26 25 -24 -25 29 27 -3 -29 -23
right_child=3 21 19 7 5 6 -8 8 9 10 -12 -13 -14 -15 15 -17 -18 -19 -20 20 -22 22 23 24 -26 -27 -28 28 -30 -31
leaf_value=0.026078578903942717 -0.053524943643221579 0.0057126423285719687 -0.018235962421006127 -0.0033187893653033457 0.029736805412165831 0.0034900734417092349 0.039077592216480286 0.039046333731805272 -0.11417056511658559 -0.0065797564741077166 0.02826982583817636 -0.0037647839109648164 0.021249606617446438 -0.063301042697250287 -0.053061325803461193 0.030580805569723847 -0.21001892824449375 0.0093682549743036251 -0.057946238648088948 -0.050811870671479534 0.026361910979145021 -0.0026779076599029953 0.0026618878413205943 -0.1813860789180054 -0.033854950834708727 -0.15693197943347004 -0.001634692467442758 -0.05333039907604116 -0.18259402926445203 0.042214772539966527
leaf_weight=2265.1842238008976 2917.5895878449082 4766.4630900155753 64313.527887910604 62174.554119314998 34707.69301373139 75136.408128354698 7917.1063037365675 12359.925771705806 653.45990784466267 12091.947037056088 18178.466265778989 42066.823965162039 21554.630024828017 2497.2101420536637 1552.6579241864383 2331.8556584194303 796.17573156952858 25219.497006051242 7174.0064130313694 9953.4155097156763 1403.0145417824388 4822.6442826539278 46987.961906284094 488.24305429309607 3524.172598361969 240.55989992246032 254855.09065579996 1702.1878635920584 1054.4408908039331 14358.854372501373
leaf_count=9590 32946 80735 1419738 827634 1782549 792450 136116 305605 6817 140120 376362 512192 563353 16281 8451 27704 6305 309001 59749 158019 9925 64135 528828 2522 22013 1664 2013186 9668 8624 276422
internal_value=0.000114694 -0.00340985 -0.0125757 0.00513447 0.011995 0.0136183 0.00688247 0.000649488 0.00801367 0.00275873 0.0143487 -0.00545358 0.0136423 -0.0207885 -0.00568346 -0.0380901 -0.106265 -0.00407948 -0.00896992 -0.021694 -0.0412775 -0.000600956 0.00671228 -0.00162341 -0.051807 0.028601 -0.00256383 -0.0340397 -0.102775 0.0309278
internal_weight=740066 434788 101987 305278 120679 117761 83053.5 184599 85350.6 72990.7 30270.4 42720.3 26317 4762.39 99248.7 4680.69 2348.83 94568.1 69348.6 75670 11356.4 332801 70422.4 51000.4 4012.42 19422.1 262378 7523.09 2756.63 19181.5
internal_count=10508704 5184703 2176906 5324001 2744061 2711115 928566 2579940 1341096 1035491 516482 519009 589224 25871 1238844 42460 14756 1196384 887383 1587682 167944 3007797 895584 553363 24535 342221 2112213 99027 18292 340557
is_linear=0
shrinkage=0.05


Tree=73
num_leaves=31
num_cat=0
split_feature=0 1 1 0 1 1 0 0 1 0 0 1 1 1 0 2 3 0 0 0 1 1 1 3 1 2 0 1 2 0
split_gain=4765.06 4143.74 8967.97 3449.09 4784.43 4841.65 3425.2 3196.7 3704.16 3219.25 6554.43 5313.87 3048.62 2534.11 3534.6 2000.74 2796.44 1997.82 6485.37 4782.58 1924.11 1821.11 1759.29 2366.66 2278.31 2676.43 3736.12 2093.92 3493.22 2283.47
threshold=0.88060410386687449 -0.051886445752020081 -0.272696703161662 0.98012537567930602 -0.30293963576424887 0.043078627971054807 0.97430915825473807 1.0956075047414111 -0.0025224986816039237 1.1049979010730218 1.1111506969437031 0.31542619193893712 0.16144018763907536 -0.29326728625574167 0.77615730216745715 3.3971894388878914 3.5387918830276415 1.001086503821605 0.99613603573865839 1.0091905619282282 -0.24833549022438586 0.41597567765674004 0.256896653536696 5.0371495479382515 0.63978365821300709 2.2260795454908346 0.028179389837528105 0.62232822779575792 3.4437761330069674 0.086608706665670512
decision_type=2 2 2 2 2 2 2 2 2 2 2 2 2 2 2 2 2 2 2 2 2 2 2 2 2 2 2 2 2 2
left_child=1 2 13 4 -2 -6 21 8 -5 -9 11 -11 -12 14 -1 20 -17 18 -10 -19 -4 -7 23 -3 27 -26 -27 29 -29 -24
right_child=3 22 15 7 5 6 -8 9 17 10 12 -13 -14 -15 -16 16 -18 19 -20 -21 -22 -23 24 -25 25 26 -28 28 -30 -31
leaf_value=0.024879009900449767 -0.053038334866522645 -0.0029494150033349308 0.01911557262971077 -0.049621307453439178 0.029048933747476482 0.0050075296074412476 0.038443157834767219 0.031575905563886807 2.0197794282060435e-05 -0.14885685810374577 -0.00095982295740442379 -0.0095668211967565135 0.017728802404683764 0.020524157551835627 -0.062124181102779855 -0.050484273411481297 0.024761255539698036 0.036183888006382524 -0.077558437412000567 -0.0063504411384731662 -0.019652244530873986 -0.032778975190889105 -0.016335287033974039 -0.10482397568054147 0.0010568378670335278 -0.16018621680418932 -0.024182733164576076 0.041511542367011517 -0.068729692651484153 0.0090285594901290227
leaf_weight=2255.9223869293928 2800.1177379526198 216575.38513106108 3380.9100090973079 4887.8345727026463 33777.005077682436 71597.953350584954 7652.1417860090733 11013.218014519662 9537.9537090733647 1254.9332384951413 65760.6744171381 1506.9225695580244 32659.226446762681 21209.633211683482 2419.275021083653 9527.8760902583599 1418.6101035624743 7717.0072336867452 3754.3614027760923 46020.856873817742 60004.867257811129 3337.2391047030687 10180.987942181528 571.59521721303463 20118.840589795262 547.50161983072758 6499.3498951271176 7954.5698251668364 789.94528490304947 69108.652155466378
leaf_count=9590 32946 1133391 63182 42775 1782549 747699 136116 305223 103683 9528 1016987 14243 555325 563353 16281 158019 9925 93114 25004 414058 1356556 44751 156736 3261 158751 2843 32312 156693 3503 1360307
internal_value=0.000113834 -0.00325521 -0.012167 0.0049191 0.0115469 0.0131011 0.00657861 0.000629336 -0.00759965 0.00590419 0.00310993 -0.0728575 0.00524173 0.0131791 -0.0201425 -0.0209934 -0.0407328 -0.00453544 -0.0218916 -0.000242314 -0.0175844 0.00332471 -0.000567911 -0.00321758 0.0044266 -0.00823141 -0.0347495 0.00833263 0.0315528 0.00577178
internal_weight=735841 432564 100217 303277 119164 116364 82587.3 184113 71918 112195 101182 2761.86 98419.9 25884.8 4675.2 74332.3 10946.5 67030.2 13292.3 53737.9 63385.8 74935.2 332347 217147 115200 27165.7 7046.85 88034.2 8744.52 79289.6
internal_count=10508704 5184703 2176906 5324001 2744061 2711115 928566 2579940 678634 1901306 1596083 23771 1572312 589224 25871 1587682 167944 635859 128687 507172 1419738 792450 3007797 1136652 1871145 193906 35155 1677239 160196 1517043
is_linear=0
shrinkage=0.05


Tree=74
num_leaves=31
num_cat=0
split_feature=0 1 1 0 1 1 0 0 0 1 3 1 0 1 2 2 3 1 1 3 1 0 0 2 3 0 0 1 1 2
split_gain=4338.58 3841.2 8266.1 3163.75 4459.36 4577.18 3230.77 2909.63 5307.85 2442.92 2515.98 2327.98 3293.63 1951.92 3629.82 2179.62 1708.15 1672.47 4463.42 3806.18 3400.9 6271.55 3320.57 3013.24 2918.96 2850.89 6477.79 2120.22 1789.21 1671.69
threshold=0.88060410386687449 -0.051886445752020081 -0.272696703161662 0.98012537567930602 -0.30293963576424887 0.043078627971054807 0.97430915825473807 1.1230114192572203 1.1363723124172573 -0.42321740060184992 3.3970876235880936 -0.29326728625574167 0.77615730216745715 -0.25962049904085055 3.4437761330069674 3.3971894388878914 4.4410572178983836 0.49594010002770628 0.57145327630474652 3.7249592873765365 0.49297196920644654 0.67216175385953125 0.60255211543935061 3.8567764425643292 3.5387918830276415 0.40086358386613169 0.19825229224665122 0.26023580545188774 0.65557905798065585 5.5021496684836437
decision_type=2 2 2 2 2 2 2 2 2 2 2 2 2 2 2 2 2 2 2 2 2 2 2 2 2 2 2 2 2 2
left_child=1 2 11 4 -2 -6 -7 29 -9 -10 -11 12 16 -4 15 -15 -1 20 23 28 25 -22 -21 24 -19 26 -3 -27 -20 -5
right_child=3 17 13 7 5 6 -8 8 9 10 -12 -13 -14 14 -16 -17 -18 18 19 22 21 -23 -24 -25 -26 27 -28 -29 -30 -31
leaf_value=-0.099047162307861217 -0.052561813822765924 0.0046299628847959939 -0.050836231469179899 -0.0043506255058420448 0.028359833567653633 0.0031676701291891854 0.037804285663658267 0.038396319370857968 -0.037263446766250777 -0.066106833751804872 0.0057825751092948014 0.0198118007268391 -0.060998846713243432 -0.016963117150702849 0.083375688562372402 -0.051732880355559598 0.039218708606023604 -0.004533446755290404 0.011253718848524805 -0.075298462709462638 0.024697582694024844 -0.18914649586058263 0.028711167836616237 -0.14031616521042586 0.039992207022090151 -0.0029485024435890114 -0.092623505269372311 0.010171662024563302 -0.0084209699620752792 -0.055036286884611221
leaf_weight=251.54034857451916 2687.0935867018998 4431.7350915465504 4902.0185904204845 97511.018376838416 32890.641421180218 74751.939097285271 7398.8558602333069 11893.452571343631 3692.9271115399897 1239.4702682495117 67355.394923485816 20882.141344703734 2342.6620966643095 62212.789483323693 868.84094808995724 4859.3721753582358 1994.94144128263 4925.4284735135734 25823.478481840342 2964.05230294168 694.27717194333673 677.38328242301941 1035.4379694461823 267.18907116353512 14566.85700218007 216602.56634087861 2790.2153265103698 35895.222202247009 20913.982544463128 1654.3681512176991
leaf_count=1100 32946 74591 84213 1224144 1782549 792450 136116 305605 84438 7455 943598 563353 16281 1419100 4948 79421 8490 64922 403301 15910 12681 3520 8625 1632 292310 1134699 16519 853560 125527 14700
internal_value=0.000111296 -0.00311233 -0.0117921 0.00471428 0.0111106 0.0125978 0.00628719 0.000607154 0.00744351 0.00235087 0.00448357 0.0127256 -0.0195189 -0.0203653 -0.0181668 -0.0194822 0.023737 -0.00053881 0.006295 -0.00155638 -0.00238398 -0.0809076 -0.0483712 0.0264552 0.0287412 -0.00196928 -0.0329441 -0.00108333 0.00244973 -0.00519621
internal_weight=730977 429902 98314.3 301075 117729 115041 82150.8 183347 84181.2 72287.8 68594.9 25471.3 4589.14 72843 67941 67072.2 2246.48 331588 70496.4 50737 261091 1371.66 3999.49 19759.5 19492.3 259720 7221.95 252498 46737.5 99165.4
internal_count=10508704 5184703 2176906 5324001 2744061 2711115 928566 2579940 1341096 1035491 951053 589224 25871 1587682 1503469 1498521 9590 3007797 912227 553363 2095570 16201 24535 358864 357232 2079369 91110 1988259 528828 1238844
is_linear=0
shrinkage=0.05


Tree=75
num_leaves=31
num_cat=0
split_feature=0 1 1 0 1 1 0 0 1 0 0 3 3 1 0 2 3 1 0 1 1 1 3 1 1 1 3 0 3 2
split_gain=3943.79 3549.2 7596.15 2904.21 4157.08 4321.34 3045.15 2688.77 3495.45 3104.2 5568.43 4184.76 2774.33 2138.14 3071.58 1903.73 2543.2 1804.47 3232.17 3176.44 1796.39 1613.1 1552.16 1531.48 1528.01 4383.62 3499.69 3059.33 2518.63 7136.69
threshold=0.88060410386687449 -0.051886445752020081 -0.272696703161662 0.98012537567930602 -0.30293963576424887 0.043078627971054807 0.97430915825473807 1.0956075047414111 -0.0025224986816039237 1.1049979010730218 1.1111506969437031 5.879639423924421 3.2943514501757374 -0.29326728625574167 0.77615730216745715 3.3971894388878914 3.5387918830276415 0.33036829019226344 1.001086503821605 0.18953528519568252 -0.24833549022438586 0.41597567765674004 4.4410572178983836 -0.25962049904085055 0.50269308430617887 0.57145327630474652 3.7249592873765365 0.60255211543935061 3.1567621018229679 2.7590927723656242
decision_type=2 2 2 2 2 2 2 2 2 2 2 2 2 2 2 2 2 2 2 2 2 2 2 2 2 2 2 2 2 2
left_child=1 2 13 4 -2 -6 21 8 -5 -9 11 -11 -12 14 22 20 -17 19 -19 -10 -4 -7 -1 -18 -3 28 -27 -28 29 -26
right_child=3 24 15 7 5 6 -8 9 17 10 12 -13 -14 -15 -16 16 23 18 -20 -21 -22 -23 -24 -25 25 26 27 -29 -30 -31
leaf_value=-0.094591624354522827 -0.052093990870834023 -0.0022529880279208822 0.019072492148831395 -0.048622284159113779 0.027670219684965986 0.0046289764330246569 0.037160865312877038 0.030996369725495684 -0.0079854371028746686 -0.020178496887138485 -0.017382079040347824 -0.14516610468821731 0.0079769668660470295 0.019113136467795125 -0.059920199812507048 -0.049847003235291787 -0.036540032918994547 -0.020109272717367312 0.011151416407897546 -0.062346751616853026 -0.018442972921979418 -0.030528486493147031 0.037572362206382888 0.068179927230385504 -0.0078042386328282809 0.0023392940564384867 -0.07293654339653674 0.027691793068955018 0.032861206916697208 -0.48018829668074131
leaf_weight=250.24853023886681 2578.4187411181629 261717.8203253597 3376.450149089098 4703.0227686315775 32046.560473307967 71150.481504503638 7156.7999713718891 10749.732991084456 22933.965663406998 1841.931471478194 12354.390489201993 1052.2887436300516 84919.251548264176 20571.275604072958 2267.5050425827503 8729.8743757456541 620.98193888366222 11447.769511222839 29775.253544732928 3043.8571201339364 58078.881178885698 3419.4174733459949 1978.6574383974075 797.52777739241719 1551.8505866676569 46521.969117144123 2908.4594156816602 1020.2698056250811 16697.663807239383 84.298453241586685
leaf_count=1100 32946 2112213 63182 42775 1782549 747699 136116 305223 143950 17185 207242 6586 1365070 563353 16281 158019 5792 101337 356355 34217 1356556 44751 8490 4133 13289 528828 15910 8625 327975 957
internal_value=0.000108333 -0.00297496 -0.0114019 0.0045108 0.010686 0.0121088 0.00600681 0.000580772 -0.00695031 0.0054629 0.00272272 -0.0656218 0.0047562 0.0122861 -0.018948 -0.0196948 -0.0397574 -0.00403391 0.00247022 -0.014355 -0.0163818 0.00301682 0.0227338 0.0223366 -0.000510082 0.00612149 -0.00148762 -0.0468039 0.0270601 -0.0321426
internal_weight=726347 427174 96671.4 299173 116352 113773 81726.7 182821 71903.9 110918 100168 2894.22 97273.6 25067.7 4496.41 71603.7 10148.4 67200.8 41223 25977.8 61455.3 74569.9 2228.91 1418.51 330502 68784.5 50450.7 3928.73 18333.8 1636.15
internal_count=10508704 5184703 2176906 5324001 2744061 2711115 928566 2579940 678634 1901306 1596083 23771 1572312 589224 25871 1587682 167944 635859 457692 178167 1419738 792450 9590 9925 3007797 895584 553363 24535 342221 14246
is_linear=0
shrinkage=0.05


Tree=76
num_leaves=31
num_cat=0
split_feature=0 1 1 0 1 1 0 0 1 0 1 0 2 1 2 2 1 0 1 0 2 1 2 1 1 1 3 3 1 2
split_gain=3586.74 3287.53 6996.83 2662.26 3875.93 4074.21 2867.82 2435.6 3293.84 2916.02 2376.02 2641.2 1969.73 1863.78 3023.51 2077.85 1641.79 1693.83 1526.38 1459.93 2011.8 1427.29 1312.7 1836.04 1642.77 1251.56 1150.59 7235.57 1139.71 1038.99
threshold=0.88060410386687449 -0.051886445752020081 -0.272696703161662 0.98012537567930602 -0.30293963576424887 0.043078627971054807 0.97430915825473807 1.0956075047414111 -0.0025224986816039237 1.0957691888579164 -0.42321740060184992 1.1230114192572203 4.6255220187935064 -0.25962049904085055 3.4437761330069674 3.3971894388878914 0.55727822660461868 1.001086503821605 0.39795531170458065 -0.036988519151232406 1.7479461772073175 0.41597567765674004 1.7376526579221052 0.72828833234014589 0.49594010002770628 0.65557905798065585 2.5374382502865456 2.6968457841188687 0.52607250174072362 0.88146779030775313
decision_type=2 2 2 2 2 2 2 2 2 2 2 2 2 2 2 2 2 2 2 2 2 2 2 2 2 2 2 2 2 2
left_child=1 2 12 4 -2 26 21 8 -5 -9 -11 -12 -1 -4 15 -15 17 -10 -8 20 29 -7 -21 24 -24 28 -6 -28 -22 -3
right_child=3 19 13 7 5 6 18 9 16 10 11 -13 -14 14 -16 -17 -18 -19 -20 22 25 -23 23 -25 -26 -27 27 -29 -30 -31
leaf_value=0.01477523578465271 -0.051633568208715536 0.035837709174393939 -0.050199369730698377 -0.047785567626457644 0.030355778793787258 0.0044136057979654482 -0.019455939817470267 0.037508310856225718 -0.021052428017423585 -0.036561992872812914 -0.011213427720147148 0.0087723968670424517 -0.056510450557885984 -0.015783712545220714 0.074727364085608761 -0.051186911868188439 0.043285892828987288 -0.001058287183838143 0.046357604523297825 0.0093805707041587708 -0.030991856133705378 -0.028268868436459722 -0.0035142399195513293 -0.040944324204573529 0.0072383286267785826 -0.043989104557210904 -0.30277467133384611 0.01708714282546419 0.040155272882516496 -0.0072191210505020021
leaf_weight=23669.662579812109 2473.9879463743418 1627.2987728714943 4506.2990082651377 4550.0070062205195 27803.112385574728 70897.957162644714 1035.9594297520816 6575.0593707449734 13296.11751871556 3630.7318364307284 20877.076075267047 79408.112259212881 1010.4067321121693 60373.121026150882 887.02332982420921 4449.9484447389841 1799.6450109407306 52096.965264260769 5889.5766987428069 26131.116585845128 606.78825023770332 3505.7807092443109 238369.7352870889 3045.5577037930489 41741.774652179331 533.26552982628345 186.96486318483949 3252.7317406535149 7780.0073809381574 10079.603272087872
leaf_count=579578 32946 30580 84213 42775 1746879 747699 12625 251892 125628 85135 308125 1256154 9646 1419100 4948 79421 20054 490177 123491 679527 3685 44751 1401170 13975 597770 7202 2034 33636 207431 66457
internal_value=0.000105631 -0.00284224 -0.0110435 0.00431813 0.0102733 0.0116338 0.00573818 0.00055859 -0.00661495 0.00521643 0.00317323 0.00461181 0.0118568 -0.0190927 -0.0169594 -0.0182141 -0.00382705 -0.00512362 0.0365129 -0.000483226 0.0123963 0.00287366 -0.00134218 -0.00233173 -0.00191191 0.0302851 0.0269808 -0.00029896 0.0350077 -0.00123408
internal_weight=722091 424812 94896.5 297280 115046 112572 81329.3 182234 71742.7 110491 103916 100285 24680.1 70216.4 65710.1 64823.1 67192.7 65393.1 6925.54 329915 20627 74403.7 309288 283157 280112 8920.06 31242.8 3439.7 8386.8 11706.9
internal_count=10508704 5184703 2176906 5324001 2744061 2711115 928566 2579940 678634 1901306 1649414 1564279 589224 1587682 1503469 1498521 635859 615805 136116 3007797 315355 792450 2692442 2012915 1998940 218318 1782549 35670 211116 97037
is_linear=0
shrinkage=0.05


Tree=77
num_leaves=31
num_cat=0
split_feature=0 1 1 0 1 1 0 0 1 0 0 1 1 3 0 3 2 3 1 1 0 1 1 0 2 3 2 0 1 3
split_gain=3261.8 3028.53 6422.22 2443.42 3615.14 3844.37 2702.6 2205.32 3103.89 2810.35 4696.98 3433.15 2669.69 1907.99 3895.27 2987.48 1815.09 2306.5 1672.65 1638.88 3105.29 2649.85 1460.51 1338.1 1888.96 1297.21 5180.2 5385.3 3243.36 1640.25
threshold=0.88060410386687449 -0.051886445752020081 -0.272696703161662 0.98012537567930602 -0.30293963576424887 0.043078627971054807 0.97430915825473807 1.0956075047414111 -0.0025224986816039237 1.1049979010730218 1.1111506969437031 0.31542619193893712 0.16144018763907536 3.5778409799554582 0.77615730216745715 4.3491450911238507 3.3971894388878914 3.5387918830276415 -0.24833549022438586 0.33036829019226344 1.0877026344952994 0.18953528519568252 0.39795531170458065 -0.036988519151232406 1.7479461772073175 4.5977583100185493 3.8073264635815938 0.65765489244403874 0.37851520143374123 3.6197690765366626
decision_type=2 2 2 2 2 2 2 2 2 2 2 2 2 2 2 2 2 2 2 2 2 2 2 2 2 2 2 2 2 2
left_child=1 2 13 4 -2 -6 -7 8 -5 -9 11 -11 -12 -1 15 -15 18 -18 -4 21 -21 -10 -8 24 -3 26 29 -28 -27 -25
right_child=3 23 16 7 5 6 22 9 19 10 12 -13 -14 14 -16 -17 17 -19 -20 20 -22 -23 -24 25 -26 28 27 -29 -30 -31
leaf_value=0.020812924682064929 -0.051179339446889051 -0.0011734609590835169 0.018992523194893075 -0.046959026194538067 0.026319759111541559 0.0027369448410139458 -0.018186364358194412 0.029900613444273711 -0.0074715396566284982 -0.11352783696936218 -0.0014458659018575925 -0.007041656129404026 0.016283294631837263 -0.051428810360286764 -0.063889544691704478 0.03539409681154012 -0.049216565048334694 0.020512859988984455 -0.017277845717680092 0.0035380913406051241 -0.19405000258295518 -0.056028031784094101 0.045967980008114584 -0.0022133572165261095 0.029645984029762176 -0.045192657525404432 -0.010537945365750416 -0.13805698699577679 0.031697166611905539 0.01168479287331267
leaf_weight=16783.061117662117 2373.6910852305591 11660.832664538175 3368.7318667806685 4402.3566549606621 30463.26811041683 74244.992637515068 1052.4255033433437 10262.071363836527 22903.289399910718 1474.9406822137535 65027.623560741544 1554.8153464496136 31528.822273436934 1313.8125264644623 2290.4936036393046 4029.5910269767046 7998.9533693566918 1392.3709617368877 56329.837665632367 41041.398651320487 199.81603921949863 3202.6409584581852 5648.6337897777557 273331.16293010116 8667.1764441952109 1685.4472456946969 2010.9785193614662 1407.370499830693 7363.17113192752 23017.033001840115
leaf_count=545885 32946 97037 63182 42775 1782549 792450 12625 305223 143950 9528 1016987 14243 555325 8265 16771 18303 158019 9925 1356556 456131 1561 34217 123491 2156943 218318 10679 19390 7485 115009 382936
internal_value=0.000102469 -0.0027148 -0.0106556 0.0041336 0.00987865 0.0111796 0.00548169 0.000533937 -0.00628376 0.00498705 0.00241978 -0.0588811 0.00434328 0.0113864 -0.00933765 0.0140465 -0.0184455 -0.0388784 -0.0152311 -0.0036249 0.00258077 -0.0134284 0.0358923 -0.00045887 0.0119669 -0.00127681 -0.00183983 -0.0630389 0.0173752 -0.0011339
internal_weight=718031 422650 93506.9 295381 113783 111409 80946.1 181598 71749.5 109848 99586.2 3029.76 96556.4 24417 7633.9 5343.4 69089.9 9391.32 59698.6 67347.1 41241.2 26105.9 6701.06 329143 20328 308815 299767 3418.35 9048.62 296348
internal_count=10508704 5184703 2176906 5324001 2744061 2711115 928566 2579940 678634 1901306 1596083 23771 1572312 589224 43339 26568 1587682 167944 1419738 635859 457692 178167 136116 3007797 315355 2692442 2566754 26875 125688 2539879
is_linear=0
shrinkage=0.05


Tree=78
num_leaves=31
num_cat=0
split_feature=0 0 1 1 1 1 2 0 2 0 0 2 2 3 3 2 0 3 2 1 0 1 2 1 0 2 1 2 1 1
split_gain=2987.41 4272.6 4420.83 2982.12 6272.7 2218.4 2646.08 2063.78 5783.42 3575.77 2868.18 2323.36 2795.49 2254.02 2074.39 2040.73 3747.63 2748.14 1975.12 1704.08 1938.05 1506.41 1406.78 1179.36 1178.56 1767.68 1184.85 1124.95 1683.66 1271.09
threshold=0.89635260974397246 0.98012537567930602 -0.28205325883351068 -0.051886445752020081 -0.272696703161662 -0.25962049904085055 3.4437761330069674 1.001086503821605 4.6255220187935064 1.0026723873875354 0.99613603573865839 3.2722432540302706 3.3158659700442281 2.886984047952986 5.4276012788821086 3.6328947679217163 0.77615730216745715 4.3491450911238507 3.3971894388878914 0.043078627971054807 0.97430915825473807 0.41597567765674004 4.3795281909514827 0.39235273429018658 -0.036988519151232406 1.7479461772073175 0.65557905798065585 1.7376526579221052 0.72828833234014589 0.49594010002770628
decision_type=2 2 2 2 2 2 2 2 2 2 2 2 2 2 2 2 2 2 2 2 2 2 2 2 2 2 2 2 2 2
left_child=3 2 -2 4 15 -6 18 8 -3 -9 23 13 -13 -11 -12 -1 17 -17 -7 -4 21 -21 -22 -10 25 -5 -27 -26 29 -29
right_child=1 7 19 24 5 6 -8 9 10 11 14 12 -14 -15 -16 16 -18 -19 -20 20 22 -23 -24 -25 27 26 -28 28 -30 -31
leaf_value=0.021215412098431391 -0.050320658295187642 0.022413643092859783 0.026762078225431224 -0.0011146457784502093 -0.052982486832654524 -0.014657337268175197 0.069490606344276937 0.048149357416320246 -0.027198907469178243 -0.0071357865590052603 -0.11166371984151161 0.036148426149136575 0.0019339949410189861 -0.051019510883621694 -0.036768269550921565 -0.050453110955189 -0.062036073546635928 0.034004129830663976 -0.050657193498461012 0.0092451942051092056 0.046338213648699389 -0.025453295146562551 -0.013711793061755996 0.049201217831277538 0.0090623263979147991 0.033812132003998512 -0.042793356533728025 -0.0025926111610141476 -0.038700381576075887 0.0067825707527649831
leaf_weight=16744.858222195879 2477.6308636963367 5450.111748225987 28988.244275279343 11662.288696339354 4275.1754999086261 58699.131381686777 897.07200535386801 4105.4008473195136 4319.8561784662306 22497.425454888493 1972.0107316412032 6255.9841796569526 130629.21224747598 3363.5909681469202 1740.5218235105276 1270.1023426130414 2379.5185052901506 3985.7253525257111 4074.5333540737629 26235.978894654661 5290.6573740802705 3551.3882680535316 1195.7341183647513 572.00896289199591 26017.684217477217 7906.5611917451024 539.17995904386044 282312.86811245605 3052.5016855597496 41463.941151209176
leaf_count=547032 32648 73980 1779083 97037 85034 1419100 4948 53309 31699 143341 10635 252186 1970258 29218 11178 8237 18573 18303 79421 312620 121030 44448 15086 4136 679527 211116 7202 1836466 13975 597878
internal_value=9.98731e-05 0.00452431 0.0152353 -0.00226454 -0.0103098 -0.0181166 -0.0157755 0.000513604 -0.017887 0.00206355 -0.0434138 0.000901002 0.00349768 -0.0128435 -0.076551 0.0114471 -0.00997538 0.0135945 -0.016994 0.0177241 0.0105014 0.00510828 0.0352683 -0.0182654 -0.000272908 0.0115011 0.0289216 -0.000943887 -0.00174044 -0.00139199
internal_weight=713927 248646 67739.6 465281 92326.1 67945.9 63670.7 180906 14054.5 166852 8604.4 162746 136885 25861 3712.53 24380.2 7635.35 5255.83 62773.7 65262 36273.8 29787.4 6486.39 4891.87 372955 20108 8445.74 352847 326829 323777
internal_count=10508704 4884855 2304915 5623849 2180648 1588503 1503469 2579940 131628 2448312 57648 2395003 2222444 172559 21813 592145 45113 26540 1498521 2272267 493184 357068 136116 35835 3443201 315355 218318 3127846 2448319 2434344
is_linear=0
shrinkage=0.05


Tree=79
num_leaves=31
num_cat=0
split_feature=0 2 3 1 1 3 2 3 3 1 1 3 1 1 1 1 0 1 1 0 0 0 3 1 1 2 3 0 0 3
split_gain=2737 2648.11 3900.79 4772.88 17913.3 4301.24 3726.42 3223.62 5800.38 3309.1 2756.77 2383.13 2794.86 2248.34 1985.96 2166.73 1733.99 3150.58 3372.9 2666.55 4564.88 2380.12 2083.5 1444.53 1575.68 1408.52 1506.07 1880.37 1302.57 1124.01
threshold=0.88060410386687449 2.1918732566761614 2.9878634614873074 0.47360563087140678 0.60907679441247298 2.7736145078981358 3.3635500733367238 4.2344267448117714 3.3970876235880936 0.49297196920644654 0.63978365821300709 2.0130234995999845 0.72828833234014589 -0.42321740060184992 0.65557905798065585 0.51839478915752435 0.98012537567930602 -0.30293963576424887 0.043078627971054807 1.1230114192572203 1.1363723124172573 0.97430915825473807 3.3970876235880936 0.55727822660461868 0.40960982673467899 1.9591535062539875 1.6649536825965745 -0.29435794004766241 0.84775196362271432 2.5374382502865456
decision_type=2 2 2 2 2 2 2 2 2 2 2 2 2 2 2 2 2 2 2 2 2 2 2 2 2 2 2 2 2 2
left_child=1 11 3 28 5 -5 14 8 -8 -9 -6 25 -13 -2 15 -4 17 -15 29 23 -21 -20 -22 24 -18 26 27 -1 -3 -19
right_child=13 2 6 4 10 -7 7 9 -10 -11 -12 12 -14 16 -16 -17 19 18 21 20 22 -23 -24 -25 -26 -27 -28 -29 -30 -31
leaf_value=0.043615083741364892 -0.035936316061042174 -0.014104855095104257 -0.00063059698496987105 -0.06891418534830232 0.033134053400386485 -0.27856172334856638 0.01818727312257969 0.015323822510955152 -0.03303507645185734 -0.047529144897900499 -0.043999463145855226 0.027703336201252711 -0.04537754161415259 -0.050279421016026588 -0.028192730058560957 0.024718358014436698 -0.0031741295210727782 0.028527772739853574 0.0025828875350046572 0.037586001522102952 -0.059806241811090011 0.03463971110753996 0.0043910647228074381 0.040812954851510701 -0.026456606574447039 -0.050033393741362335 0.0062170122852743337 -0.0037201510480321266 -0.0027990399519231043 -0.0022986679908176314
leaf_weight=2133.7933875210583 3514.641468193382 72784.984175108373 12996.50205552578 332.07728557288647 2006.9882701262832 929.33113729953766 7620.6256703957915 17037.410751223564 20115.849080827087 2387.5675658173859 2739.6504435949028 13527.186369309202 1448.3271470293403 2184.3044722322375 2755.0000256448984 23991.747202083468 88669.416428005323 25676.256461888552 74057.120427254587 11239.776227224618 1288.5663240477443 6281.3740932568908 65927.880852203816 1745.461113512516 7915.6126457452774 1399.4802841544151 69655.157651064917 125235.18868673407 39195.7877182886 3341.9554026797414
leaf_count=39912 85135 1438811 362036 2955 23209 8220 250793 193640 292269 29874 16322 274104 7601 32946 12533 389313 1143282 1746879 792450 305101 7455 136116 943598 20128 75241 11462 939028 710369 182252 35670
internal_value=9.67778e-05 -0.00249603 -0.00655608 -0.0124769 -0.0558924 -0.22337 0.00148253 -0.00802204 -0.0189617 0.00759842 -0.0113856 0.00140218 0.0206355 0.00381301 0.0127612 0.0158115 0.00429755 0.00917909 0.0103667 0.00121761 0.00809225 0.00508929 0.00316038 -0.00426756 -0.00508224 -4.93995e-05 0.000305641 -0.00292715 -0.0101476 0.0249776
internal_weight=710135 418293 204894 117989 6008.05 1261.41 86904.7 47161.5 27736.5 19425 4746.64 213399 14975.5 291842 39743.2 36988.2 288328 111541 109357 176787 78456.2 80338.5 67216.4 98330.5 96585 198424 197024 127369 111981 29018.2
internal_count=10508704 5184703 3202227 1671769 50706 11175 1530458 766576 543062 223514 39531 1982476 281705 5324001 763882 751349 5238866 2744061 2711115 2494805 1256154 928566 951053 1238651 1218523 1700771 1689309 750281 1621063 1782549
is_linear=0
shrinkage=0.05


Tree=80
num_leaves=31
num_cat=0
split_feature=0 0 1 3 3 2 3 2 3 2 2 1 3 0 2 1 0 1 0 2 1 2 0 1 3 1 1 1 1 1
split_gain=2490.36 3959.67 2032.73 1322.8 2128.53 2306.37 2495.11 2475.08 1209.42 1531.13 1108.62 3391.24 1626.13 6380.57 4583.52 2216.43 3408.15 1044.75 1217.35 942.669 860.088 860.035 725.344 606.052 592.474 454.522 427.698 402.199 348.221 315.531
threshold=0.84775196362271432 0.8188851740653631 -0.43279454579636589 5.0371495479382515 4.5977583100185493 3.4437761330069674 3.6197690765366626 4.3133012312386469 4.8199479288142033 4.2537399016513282 8.4921764472094434 -0.25962049904085055 6.1233665642041295 1.3903996925279913 5.6979441667398492 0.18302979933995736 1.3663267128775205 0.22564911870343204 0.81992422886425576 5.7813310836057026 -0.16519490745588292 4.6255220187935064 0.69889019267901153 0.43641440092905209 8.3102505804131521 0.37851520143374123 -0.14282830981264405 0.24386643961519955 0.49297196920644654 0.44316504438856569
decision_type=2 2 2 2 2 2 2 2 2 2 2 2 2 2 2 2 2 2 2 2 2 2 2 2 2 2 2 2 2 2
left_child=1 3 24 4 5 6 -1 -7 21 -10 12 -12 13 14 -4 16 -14 18 -3 -17 -15 -6 -5 25 -2 27 -13 -19 29 -25
right_child=2 17 10 22 8 7 -8 -9 9 -11 11 26 15 20 -16 19 -18 23 -20 -21 -22 -23 -24 28 -26 -27 -28 -29 -30 -31
leaf_value=-0.0005149657499022495 -0.043330079339187505 -0.014011952991479183 0.0039049921611981893 -0.152486226915413 0.039055976645439673 -0.024236603597566218 0.020539752148839463 0.020725464096396626 -0.18620778804337684 -0.00026228189105737405 0.088347197791083576 -0.037563145440276446 -0.065961845212941655 -0.027596698835183238 -0.041740527659247427 -0.35518909438779045 0.010534311340395307 0.00085269614720702132 -0.059800260452380107 0.0311312503188622 -0.18198371673529612 -0.065099156095061297 -0.03035911568792914 -0.12050439615336868 0.032686527831656473 0.041517297532638969 -0.10108362920588528 -0.094591859778767148 -0.03851453236583377 -0.47914146232726457
leaf_weight=238494.62216551043 2904.5622026026249 66512.319254420698 303364.24068374 208.5418604016304 5919.3595445454121 17579.924397610128 14953.422426201403 3706.0622705966234 124.8367080129683 978.18751622363925 576.62538401782513 2935.622458294034 1622.990820787847 108.86355777084827 5601.2995429672301 15.810287036001681 14156.72431293875 9979.2984676212072 1483.9879914391786 12804.915403783321 526.51818139851093 205.06189250200987 291.55584999918938 11.798411533236505 281.13588706403971 697.98688445985317 291.29822041094303 111.61160655319691 23.775329023599625 12.772131532430647
leaf_count=2565002 77128 1408012 5152301 1001 95352 233127 274999 17645 2103 10157 2616 12398 12627 701 60774 133 210233 40145 9390 302176 3689 1470 1700 206 2806 8022 1476 926 167 222
internal_value=9.64886e-05 -0.00280518 0.00313353 -3.98675e-05 0.000104235 -0.00060038 0.000727262 -0.0164083 0.0268885 -0.021307 0.00350384 -0.0233397 0.00380574 0.00275197 0.00307748 0.0152128 0.00266645 -0.0127133 -0.0150113 0.0306548 -0.155532 0.0355686 -0.0812864 0.0017046 -0.0366217 0.00249611 -0.0432972 -0.000202979 -0.174929 -0.306929
internal_weight=706486 361295 345191 282462 281961 274734 253448 21286 7227.45 1103.02 342005 3803.55 338201 309601 308966 28600.4 15779.7 78833.6 67996.3 12820.7 635.382 6124.42 500.098 10837.2 3185.7 10788.9 3226.92 10090.9 48.3459 24.5705
internal_count=10508704 4669646 5839058 3202556 3199855 3090773 2840001 250772 109082 12260 5759124 16490 5742634 5217465 5213075 525169 222860 1467090 1417402 302309 4390 96822 2701 49688 79934 49093 13874 41071 595 428
is_linear=0
shrinkage=0.05


Tree=81
num_leaves=31
num_cat=0
split_feature=0 0 1 1 1 1 2 2 2 0 3 0 0 1 2 0 2 2 1 3 0 1 0 1 2 1 3 2 3 2
split_gain=2328.27 3629.75 3851.24 2282.14 5206.22 2144.93 2507.52 1952.56 1857.54 3342.49 2319.22 1827.47 4784.41 1922.29 3371.98 2513.76 1674.13 1614.51 1405.46 2417.6 5422.77 4147.17 2120.06 4194.21 3627.67 1146 1023.45 1013.28 967.311 4574.17
threshold=0.89635260974397246 0.98012537567930602 -0.28205325883351068 -0.051886445752020081 -0.272696703161662 -0.25962049904085055 3.4437761330069674 3.3971894388878914 3.6328947679217163 0.77615730216745715 4.3491450911238507 1.1230114192572203 1.1363723124172573 0.14247634623783639 5.8028513984867311 1.1689679759173603 2.3792084909459361 5.2026079171880726 0.31542619193893712 3.1947988245393573 1.1111506969437031 -0.33035528887943305 1.001086503821605 0.41597567765674004 4.7175654691367521 0.043078627971054807 3.4451054898711253 4.9372592344747188 4.5977583100185493 3.8073264635815938
decision_type=2 2 2 2 2 2 2 2 2 2 2 2 2 2 2 2 2 2 2 2 2 2 2 2 2 2 2 2 2 2
left_child=3 2 -2 4 8 -6 7 -7 26 10 -10 18 -13 15 -15 -14 -4 25 19 21 -21 -3 23 -20 -24 -18 -1 28 29 -5
right_child=1 11 16 27 5 6 -8 -9 9 -11 -12 12 13 14 -16 -17 17 -19 22 20 -22 -23 24 -25 -26 -27 -28 -29 -30 -31
leaf_value=0.017536148455434036 -0.049194980209031271 0.036064456043200029 -0.036611865909461243 -4.311645141043022e-05 -0.05242736327154162 -0.013107530446148839 0.068725049080341841 -0.050217487739070692 -0.048518375579291867 -0.060534397427999376 0.031213305958225152 0.036822604983640581 -0.099863118273895712 -0.0085245727576851085 0.027246698063147213 -0.0038386871820571505 0.026036226020538816 -0.074172795910533898 -0.038297013175797999 -0.068603237342877196 -0.0080201147483085957 -0.010262069696515564 0.04574543865661003 0.023646011560894083 0.0013041156947759401 0.012264906908531381 0.076609655038988464 -0.099342454453021534 0.016242021147434445 -0.056654913508578091
leaf_weight=15509.194627415389 2316.745191950351 5940.7974296398461 1452.5593105480075 358282.29503917322 3902.2817182354629 56654.150219529867 898.33837140351534 3781.1261432617903 1191.1161877438426 2261.3326061144471 3892.9172217994928 10847.299631759524 692.6339601315558 11672.840554691851 15123.696966774762 42606.087212380022 27274.276179876179 474.56112313270569 7698.8704625964165 5039.3699656929821 13832.000666912645 25859.151965785772 5410.2831915095448 4236.5985929109156 30357.285903297365 33862.885906267911 769.57911518216133 257.95495291054249 8723.8138292357326 3604.0059998072684
leaf_count=543715 32648 251734 13498 3287822 85034 1419100 4948 79421 8237 18573 18303 305605 6873 139834 355663 533121 1777842 3342 49002 38097 229437 188362 71700 52479 358033 477585 3317 1520 126700 27159
internal_value=9.35311e-05 0.0040336 0.0141186 -0.00200364 -0.00920056 -0.0164836 -0.0141967 -0.0154293 0.0109109 -0.00996119 0.0125333 0.000356478 0.00592112 0.00113909 0.0116644 -0.00537476 0.0164446 0.0176954 -0.00422212 -0.0100208 -0.0241981 -0.00160745 0.00193741 -0.0163098 0.00802641 0.0184085 0.0203288 -0.000279253 -0.000210302 -0.00060691
internal_weight=704426 244698 65381 459728 88860 65235.9 61333.6 60435.3 23624.1 7345.37 5084.03 179317 80942.6 70095.3 26796.5 43298.7 63064.3 61611.7 98374.4 50671.3 18871.4 31799.9 47703 11935.5 35767.6 61137.2 16278.8 370868 370610 361886
internal_count=10508704 4884855 2304915 5623849 2180648 1588503 1503469 1498521 592145 45113 26540 2579940 1341096 1035491 495497 539994 2272267 2258769 1238844 707630 267534 440096 531214 101481 429733 2255427 547032 3443201 3441681 3314981
is_linear=0
shrinkage=0.05


Tree=82
num_leaves=31
num_cat=0
split_feature=0 0 1 1 1 1 2 2 2 0 3 0 0 1 3 2 2 1 3 0 1 0 1 2 1 0 1 0 1 1
split_gain=2120.49 3340.03 3571.17 2102.42 4768.69 2074.16 2256.95 1897 1704.36 3129.63 2138.64 1657.88 4499.1 1758.42 1743.79 1512.19 1424.98 1270.9 2137 4761.16 3848.75 1907.82 3719.73 3430.76 1096.73 961.569 2410.77 1410.48 5001.53 7536.77
threshold=0.89635260974397246 0.98012537567930602 -0.28205325883351068 -0.051886445752020081 -0.272696703161662 -0.25962049904085055 3.4437761330069674 3.3971894388878914 3.6328947679217163 0.77615730216745715 4.3491450911238507 1.1230114192572203 1.1363723124172573 -0.42321740060184992 3.3970876235880936 2.3792084909459361 5.2026079171880726 0.31542619193893712 3.1947988245393573 1.1111506969437031 -0.33035528887943305 1.001086503821605 0.41597567765674004 4.7175654691367521 0.043078627971054807 1.0000000180025095e-35 0.6437191950917095 0.028179389837528105 0.60732956117938708 0.59995719444268236
decision_type=2 2 2 2 2 2 2 2 2 2 2 2 2 2 2 2 2 2 2 2 2 2 2 2 2 2 2 2 2 2
left_child=3 2 -2 4 8 -6 7 -7 -1 10 -10 17 -13 -14 -15 -4 24 18 20 -20 -3 22 -19 -23 -17 26 -5 28 29 -27
right_child=1 11 15 25 5 6 -8 -9 9 -11 -12 12 13 14 -16 16 -18 21 19 -21 -22 23 -24 -25 -26 27 -28 -29 -30 -31
leaf_value=0.019611535121952024 -0.048409467556221102 0.035490247918130997 -0.033916738626273209 0.025671256169963044 -0.052027961838031961 -0.01258606650187725 0.064579140688706779 -0.049954861812959724 -0.047604413525978863 -0.059671092638591508 0.029989373131253289 0.036207658702691138 -0.034841419765867347 -0.053601950042808447 0.0039993404916698087 0.025368164992756011 -0.067261214150034943 -0.035560794280647644 -0.063874464777094353 -0.0075652169631036884 -0.0097813752963160638 0.045153477694474385 0.022908095619556902 0.001240246805688767 0.011773031117417589 -0.00059382375746089614 -0.0062733804097968712 -0.0006071515758538453 0.0026159250675807373 -0.29108786871837861
leaf_weight=16035.143698785454 2238.6150980126113 5740.193619903177 1488.6145912855864 11663.491006581113 3739.750749733299 56066.691014967859 907.95169330760837 3615.1530571877956 1154.2268476635218 2181.3780993521214 3850.3098132908344 10489.106467846781 3246.8266125395894 1340.9028925895691 65302.787297576666 26610.016588842496 496.55415336042643 7872.0346899181604 5139.1416869722307 13927.99641783163 25775.656012933701 5212.1931601129472 4156.486809078604 30325.43219666183 33522.662814918905 485.52947448939085 11964.650759208947 343746.84139369056 2602.7557593584061 413.38259048759937
leaf_count=547032 32648 251734 13498 269943 85034 1419100 4948 79421 8237 18573 18303 305605 84438 7455 943598 1777842 3342 49002 38097 229437 188362 71700 52479 358033 477585 3608 88722 3055107 22695 3126
internal_value=9.14017e-05 0.00386858 0.0136343 -0.00190983 -0.00887898 -0.0158899 -0.0136594 -0.0148496 0.0105435 -0.00969162 0.0120934 0.00034822 0.00567252 0.00108983 0.00284038 0.0158702 0.0170926 -0.00401214 -0.00952946 -0.0227422 -0.00153575 0.00185512 -0.0153567 0.00768086 0.0177892 -0.000264668 0.00949536 -0.000928778 -0.0325018 -0.134183
internal_weight=701312 242885 64356.5 458427 87550.6 64329.5 60589.8 59681.8 23221.1 7185.91 5004.54 178529 80379.6 69890.5 66643.7 62117.8 60629.2 98149.1 50583 19067.1 31515.8 47566.1 12028.5 35537.6 60132.7 370877 23628.1 347249 3501.67 898.912
internal_count=10508704 4884855 2304915 5623849 2180648 1588503 1503469 1498521 592145 45113 26540 2579940 1341096 1035491 951053 2272267 2258769 1238844 707630 267534 440096 531214 101481 429733 2255427 3443201 358665 3084536 29429 6734
is_linear=0
shrinkage=0.05


Tree=83
num_leaves=31
num_cat=0
split_feature=0 0 1 1 1 1 1 2 0 3 1 0 0 3 1 0 2 1 1 1 3 3 0 2 1 1 1 1 0 3
split_gain=1929.29 3072.15 3310.47 1937.06 4366.97 2003.01 2126.22 1567.98 2931.46 1972.36 1567.3 1952.45 3867.51 1683.88 1386.45 1743.19 1416.19 1407.21 1225.53 1149.21 1891.46 1768.1 881.057 1546.42 1074.61 1144.23 1032.5 4833.17 4168.67 2398.59
threshold=0.89635260974397246 0.98012537567930602 -0.28205325883351068 -0.051886445752020081 -0.272696703161662 -0.25962049904085055 -0.23364022618281116 3.6328947679217163 0.77615730216745715 4.3491450911238507 -0.50183990405672374 1.1230114192572203 1.1363723124172573 6.0960189868513011 0.043078627971054807 0.97430915825473807 4.3795281909514827 0.41597567765674004 -0.21869180871022886 0.31542619193893712 3.1947988245393573 5.5344402635264043 -0.036988519151232406 1.7479461772073175 0.65557905798065585 0.54459740642940502 0.57145327630474652 0.50973362990578741 0.38791169941480741 3.7249592873765365
decision_type=2 2 2 2 2 2 2 2 2 2 2 2 2 2 2 2 2 2 2 2 2 2 2 2 2 2 2 2 2 2
left_child=3 2 -2 4 7 -6 -7 -1 9 -9 -3 19 -13 -14 -4 17 -17 -16 -8 20 -12 -21 23 -5 25 -25 27 28 -24 -28
right_child=1 10 14 22 5 6 18 8 -10 -11 11 12 13 -15 15 16 -18 -19 -20 21 -22 -23 26 24 -26 -27 29 -29 -30 -31
leaf_value=0.018967002414198103 -0.047619740792317782 -0.04039722587566754 0.024009242885120678 -0.0015595909499018792 -0.051610234579163874 0.02245199851870619 -0.043109473669018968 -0.046710130801379833 -0.058841199570484774 0.028811672511538374 -0.0014667663122239264 0.035585374626322962 -0.0055211768308823274 0.010295308751806514 0.0078491010865019573 0.045456333423375204 -0.016191764528125926 -0.025804697504993968 -0.013638073296948423 -0.0087279065515959656 -0.021391169359149899 0.010648345267088716 -0.042232650927274164 -0.03401262936375906 -0.040212414691512474 0.038040684968637703 -0.0043416781323531778 0.027104676098535951 -0.00052273468655687414 -0.046528411203677539
leaf_weight=15758.223788224161 2163.8619718682021 2330.3532951399684 26192.765547599643 11552.73513540253 3585.4366469867527 3922.084310490638 3783.2186874486506 1118.422672778368 2103.5152198150754 3808.3965246975422 31245.218789808452 10147.634553857148 33294.412190267816 34025.163801781833 25539.65832708776 4790.0906753204763 1156.5053631663322 3536.3163056075573 52176.93360157311 21718.545016344637 19250.114722361788 25711.94590523839 6113.5625338237733 599.85971914976835 551.14113818854094 6763.5718775503337 28210.041243597865 15680.095766160637 297452.48570734076 3826.3515595942736
leaf_count=547032 32648 62736 1779083 97037 85034 65701 81023 8237 18573 18303 440096 305605 397691 575064 312620 121030 15086 44448 1356745 220426 267534 310788 63052 3723 7202 207393 262577 314669 2462992 24556
internal_value=8.96086e-05 0.00370843 0.0131597 -0.00181957 -0.00856836 -0.0153097 -0.0131362 0.0102068 -0.00942896 0.0116677 0.000337959 0.000879185 0.0068104 0.00247291 0.0153081 0.00880072 0.0334669 0.00375601 -0.0156305 -0.00381288 -0.00906246 0.00177591 -0.000249446 0.0101045 0.0271304 0.0321709 -0.00082324 3.54687e-05 -0.00136274 -0.00938036
internal_weight=698109 241103 63379.2 457006 86256.2 63467.7 59882.2 22788.6 7030.33 4926.82 177723 175393 77467.2 67319.6 61215.3 35022.6 5946.6 29076 55960.2 97925.8 50495.3 47430.5 370750 19467.3 7914.57 7363.43 351283 319246 303566 32036.4
internal_count=10508704 4884855 2304915 5623849 2180648 1588503 1503469 592145 45113 26540 2579940 2517204 1278360 972755 2272267 493184 136116 357068 1437768 1238844 707630 531214 3443201 315355 218318 211116 3127846 2840713 2526044 287133
is_linear=0
shrinkage=0.05


Tree=84
num_leaves=31
num_cat=0
split_feature=0 0 1 1 1 1 1 1 2 0 3 0 1 1 3 2 2 0 2 0 3 0 1 1 1 3 0 1 2 0
split_gain=1752.7 2853.19 1803.84 3134.51 2315.45 1607.5 1555.54 1535.95 1441.68 2746.83 1819.18 1047.73 2729.23 1878.67 3176.25 2392.73 1194.9 918.957 1330.72 866.716 864.335 791.128 2250.33 1291.64 4305.42 2010.04 832.043 598.881 576.084 497.371
threshold=0.89635260974397246 0.89692245893593214 0.078424753846921769 -0.272696703161662 -0.25962049904085055 -0.50183990405672374 -0.23364022618281116 -0.21869180871022886 3.6328947679217163 0.77615730216745715 4.3491450911238507 0.98012537567930602 -0.28205325883351068 -0.34304814104621323 5.5478791408934205 3.4437761330069674 2.3792084909459361 0.88730488915386629 4.7731922181921744 0.69325036047134692 3.4451054898711253 1.0000000180025095e-35 0.6437191950917095 0.57145327630474652 0.50973362990578741 3.7249592873765365 -0.036988519151232406 0.63673176667469111 2.6045226020115693 0.88060410386687449
decision_type=2 2 2 2 2 2 2 2 2 2 2 2 2 2 2 2 2 2 2 2 2 2 2 2 2 2 2 2 2 2
left_child=2 -2 3 8 29 -3 19 -8 20 10 -10 12 -7 15 -15 -13 -14 21 28 -6 -1 22 27 24 -23 -25 -24 -4 -19 -5
right_child=1 5 17 4 6 11 7 -9 9 -11 -12 13 16 14 -16 -17 -18 18 -20 -21 -22 23 26 25 -26 -27 -28 -29 -30 -31
leaf_value=0.015606680244304883 0.026156694059593588 -0.03986110306978418 0.018515979475411389 -0.047529793491892902 0.051292936871951827 -0.046817711283150931 -0.042514119921287778 -0.0093926365078317083 -0.045833091426469109 -0.058041910569520773 0.027677663128442845 0.037269029141131005 -0.032147083138328418 -0.0092026346122354857 0.0056256384959291915 0.0043188133971385047 0.013018950433392263 -0.00024891615949271381 0.0036193757244974874 0.0027266067514273278 0.069484204680976006 -0.00089518141943414117 -0.0011447095248737463 -0.005371811108137471 0.026355279022144847 -0.044376184412987782 -0.042203142369843558 0.045110584122563344 -0.28480513404669389 -0.15042691837933597
leaf_weight=14710.76532866247 13185.707481063902 2245.7663302086294 8348.1759686097503 3317.264193739742 1506.465591404587 2090.0388278085738 3647.8384258709848 86501.608902800828 1083.7191824018955 2027.782403640449 3767.27880397439 7218.1078785359859 1512.8759813383222 69867.360355332494 74752.983101278543 23276.292362067848 45665.491254977882 22.359928861260414 147.39689867943525 2354.2779214084148 784.07704266905785 268124.31181266718 10555.659884270281 24737.122772227973 15323.004429314286 3812.0931625068188 1397.2319041788578 2835.9976094141603 86.959309816360474 121.74956865608692
leaf_count=543715 1421884 62736 186964 84213 33466 32615 81023 1505170 8237 18573 18303 250271 13497 893543 1077175 296215 836919 123 1112 32235 3317 2373072 79824 222199 314632 24547 8898 82617 788 821
internal_value=8.72202e-05 0.00354655 -0.00173522 -0.00700105 -0.010876 0.00223105 -0.00940188 -0.0107329 0.00987637 -0.00917271 0.0112553 0.00265233 0.00909369 0.000840062 -0.00153803 0.0121182 0.0115706 0.000146074 -0.0944177 0.0216772 0.018333 0.000218511 0.00913934 -0.000443041 0.000577963 -0.01058 -0.00594423 0.0252596 -0.226603 -0.0511726
internal_weight=695028 239815 455213 119823 97449.2 226629 94010.2 90149.4 22373.6 6878.78 4851 224383 49268.4 175115 144620 30494.4 47178.4 335390 256.716 3860.74 15494.8 335134 23137.1 311997 283447 28549.2 11952.9 11184.2 109.319 3439.01
internal_count=10508704 4884855 5623849 2329073 1736928 3462971 1651894 1586193 592145 45113 26540 3400235 883031 2517204 1970718 546486 850416 3294776 2023 65701 547032 3292753 358303 2934450 2687704 246746 88722 269581 911 85034
is_linear=0
shrinkage=0.05


Tree=85
num_leaves=31
num_cat=0
split_feature=0 2 3 2 3 3 1 2 3 1 2 1 0 1 0 1 0 2 0 1 1 0 1 3 2 2 2 1 0 3
split_gain=1611.28 1925.77 2850.89 3171.46 2413.01 3914.49 2663.5 2299.78 2046.77 2041.82 7613.47 1969.92 1691.92 1656.08 1833.09 1569.45 1220.47 2003.97 1136.1 2241.36 2462.49 2008.69 1846.09 2862.94 10059.6 2180.88 4380.72 1895.14 1049.68 1777.27
threshold=0.88060410386687449 2.1918732566761614 3.1567621018229679 3.3635500733367238 4.2344267448117714 3.3970876235880936 0.49297196920644654 2.7428949564256309 1.6649536825965745 0.51839478915752435 3.2490814745305499 0.55727822660461868 -0.29435794004766241 0.39795531170458065 0.2127901684728852 -0.43279454579636589 0.84775196362271432 2.4795005822973986 0.98012537567930602 -0.30293963576424887 0.043078627971054807 0.97430915825473807 -0.34304814104621323 5.5478791408934205 5.0136407960728784 3.4437761330069674 3.552619184183849 -0.10991279340077306 -0.13461282072082545 1.0858476682246934
decision_type=2 2 2 2 2 2 2 2 2 2 2 2 2 2 2 2 2 2 2 2 2 2 2 2 2 2 2 2 2 2
left_child=1 8 7 9 5 -5 -6 16 12 10 -4 -11 -1 -9 -15 -2 17 -3 19 -17 -21 -22 25 24 -24 -20 -27 -25 29 -14
right_child=15 2 3 4 6 -7 -8 13 -10 11 -12 -13 28 14 -16 18 -18 -19 22 20 21 -23 23 27 -26 26 -28 -29 -30 -31
leaf_value=0.042610373860474629 -0.034226991496106328 -0.011693152856265541 -0.092551097672938107 0.015150127716780846 0.014240193491961413 -0.028729639677626796 -0.041283827196763254 -0.013251010001287601 0.0073811338001203222 0.039607021146552408 0.015219094022812291 0.0084851204245645576 -0.3489406622208493 -0.32952208473521249 -0.097965505609916903 -0.048126276281729496 -0.002513359826421454 -0.052756204198595939 0.036703580955110116 0.021745678536091134 0.0017402172958910359 0.032561730515069602 -0.0062763060802319753 -0.02226212662179548 -0.15598058487823008 -0.20315401196882454 0.0070412562049460489 0.0076720853608104366 -0.0027198648958935158 -0.029710495034328932
leaf_weight=2032.5714445523918 2805.7902623396367 77117.11301722005 1959.7171864882112 7010.3004325628281 16385.879080254585 18483.624260682613 2487.8104026913643 330.14873278141022 85123.096660753712 9883.4821765050292 10007.457580532879 10471.923970296979 44.382417596876621 118.50344361364841 306.60089661180973 1785.262834360823 39229.913127705455 3090.2466624230146 6969.1961777564138 25903.404331881553 72993.553394202143 5698.9291599728167 68962.960200745612 5728.3083545491099 1140.7111668325961 250.65931403264403 22344.950175782666 68700.557739254087 122336.85745145567 2472.6266348585486
leaf_count=39912 79934 1513444 11687 250793 193640 292269 29874 2124 1232195 223789 347211 128409 602 1025 1312 32946 182222 24428 250271 1782549 792450 136116 886747 28888 6796 1598 277419 1048287 699120 10647
internal_value=8.43297e-05 -0.00192362 -0.00548438 0.00204788 -0.00663072 -0.0166636 0.00692137 -0.0102904 0.00138307 0.0139606 -0.00242911 0.0235962 -0.00264079 -0.0972662 -0.162515 0.00298261 -0.00974043 -0.0132752 0.00335484 0.00742576 0.00837393 0.00397232 0.000867327 -0.00146133 -0.00871226 0.0122513 0.0047095 0.00536824 -0.00337746 -0.0353395
internal_weight=692177 408892 196883 76690.2 44367.6 25493.9 18873.7 120193 212010 32322.6 11967.2 20355.4 126886 755.253 425.104 283284 119437 80207.4 280478 106381 104596 78692.5 174097 144533 70103.7 29564.8 22595.6 74428.9 124854 2517.01
internal_count=10508704 5184703 3202227 1477672 766576 543062 223514 1724555 1982476 711096 358898 352198 750281 4461 2337 5324001 1720094 1537872 5244067 2744061 2711115 928566 2500006 1970718 893543 529288 279017 1077175 710369 11249
is_linear=0
shrinkage=0.05


Tree=86
num_leaves=31
num_cat=0
split_feature=0 2 3 1 1 2 0 1 1 3 3 1 0 1 2 3 0 1 3 2 3 0 1 3 0 3 0 1 1 3
split_gain=1461.56 1746.67 2663.71 3939.77 11131 3010.17 4531.16 2974.1 2469.02 1852.24 1832.56 1632.5 1568.53 1469.35 1096.44 4565.92 3093.06 2636.88 4659.9 3098.11 1770.04 3410.24 1465 998.107 942.321 1107.4 828.379 779.957 763.706 2307.66
threshold=0.88060410386687449 2.1918732566761614 2.9878634614873074 0.47908853962369963 0.60907679441247298 2.5025187802397233 0.11347584474032892 0.60732956117938708 0.63978365821300709 1.6649536825965745 2.7736145078981358 0.57938706724800537 -0.29435794004766241 -0.50183990405672374 4.3795281909514827 5.0660450580957415 1.4917628740083473 0.40960982673467899 5.4131322212818391 4.7175654691367521 4.951267289888361 0.9718885128547744 0.05129715932657293 2.886984047952986 -0.13461282072082545 1.0858476682246934 -0.1108502728836893 -0.34304814104621323 0.65557905798065585 1.6733026095081236
decision_type=2 2 2 2 2 2 2 2 2 2 2 2 2 2 2 2 2 2 2 2 2 2 2 2 2 2 2 2 2 2
left_child=1 9 3 -3 10 -4 11 -8 -6 12 -5 -7 -1 -2 16 22 20 19 -19 -17 27 -22 -16 28 25 -14 -26 -15 -11 -30
right_child=13 2 5 4 8 6 7 -9 -10 23 -12 -13 24 14 15 17 -18 18 -20 -21 21 -23 -24 -25 26 -27 -28 -29 29 -31
leaf_value=0.041706305519270209 -0.038837943697585926 -0.0079312900785563478 0.046987676690357832 -0.062475567910602936 0.032555188203565164 -0.037727955938240118 0.0037287485066355569 -0.033599691284290877 -0.040832407393270043 0.0079056311266920334 -0.192522225875287 -0.16971455465066032 -0.2477299824982882 0.012377065738221685 -0.040387550989097222 0.037499331113964522 -0.21773986920184438 -0.0012182602852692901 -0.074114249470390844 0.001103524148401684 -0.047750706629400695 0.045793544876759053 -0.12078037714601869 0.05214445234012649 0.061491700771364594 -0.028342896337238382 -0.002851837843637376 0.0032346581245106219 0.1132687728495492 -0.014730064941991831
leaf_weight=1974.2952879965305 2097.8529387265444 107650.14500598609 3503.8797760978341 347.72633468359709 1966.8234530091286 432.18851093947887 71602.099492166191 5765.6805866360664 2746.5183805935085 75934.120534244925 1226.0010268911719 511.61279258131981 58.895936362445354 28274.85596742481 1769.1684563141316 6245.531955063343 154.74103237688541 7346.0043551176786 3124.9593550637364 91634.132686605677 1166.5319869965315 5912.2313521802425 833.74443241581321 1208.7394498437643 502.28303591534495 2462.597828656435 121675.90947295539 133356.96639333479 369.84149047732353 7351.6480880565941
leaf_count=39912 62736 1621128 35138 2940 23209 4018 1454154 32088 16322 1165484 8170 5060 602 509953 33784 74398 878 80370 18380 1247755 15749 139830 5628 16525 2996 10647 696124 3134540 1544 48642
internal_value=8.36861e-05 -0.00183194 -0.00523575 -0.0101782 -0.0486512 0.0016472 -0.000381458 0.00094692 -0.0102086 0.00131785 -0.163787 -0.109275 -0.00251165 0.00285124 0.00316379 -0.000697427 0.00570081 0.000874664 -0.0229734 0.00342588 0.00590575 0.0303781 -0.0661383 0.00703402 -0.00321173 -0.0334672 -0.00258732 0.00483397 0.00638222 -0.00859922
internal_weight=689208 407291 195753 113937 6287.07 81815.5 78311.6 77367.8 4713.34 211538 1573.73 943.801 126674 281917 279819 110954 168865 108351 10471 97879.7 168711 7078.76 2602.91 84864.3 124700 2521.49 122178 161632 83655.6 7721.49
internal_count=10508704 5184703 3202227 1671769 50641 1530458 1495320 1486242 39531 1982476 11110 9078 750281 5324001 5261265 1460315 3800950 1420903 98750 1322153 3800072 155579 39412 1232195 710369 11249 699120 3644493 1215670 50186
is_linear=0
shrinkage=0.05


Tree=87
num_leaves=31
num_cat=0
split_feature=0 0 1 1 1 2 2 2 1 2 0 0 1 2 2 3 2 0 3 2 3 0 3 2 2 3 3 2 0 0
split_gain=1335.78 2507.1 1540.65 3276.38 1853.02 1950.21 1751.95 1340.13 1319.44 885.379 839.06 4825.9 2281.09 1704.14 1493.01 813.242 3949.07 4036.75 2064.02 1778.16 1399.62 1169.91 810.963 804.912 684.678 2840.58 797.709 383.42 375.714 296.705
threshold=0.89635260974397246 0.89692245893593214 -0.051886445752020081 -0.272696703161662 -0.25962049904085055 3.4437761330069674 3.3971894388878914 4.6255220187935064 -0.50183990405672374 4.9372592344747188 0.99613603573865839 0.99851391962338742 -0.28205325883351068 3.2722432540302706 4.7848567824260186 4.5977583100185493 3.8073264635815938 0.66414646957119861 4.8199479288142033 4.2537399016513282 4.1196975209922178 0.71330943325164653 4.3491450911238507 5.2487551992938792 3.6328947679217163 4.3491450911238507 3.4451054898711253 8.750048439177446 0.88060410386687449 2.7421961862478588
decision_type=2 2 2 2 2 2 2 2 2 2 2 2 2 2 2 2 2 2 2 2 2 2 2 2 2 2 2 2 2 2
left_child=2 -2 3 7 28 6 -6 24 27 15 12 23 -10 -13 -14 16 20 -18 21 -20 -4 -17 -7 -12 26 -26 -1 -3 -5 -29
right_child=1 8 9 4 5 22 -8 -9 10 -11 11 13 14 -15 -16 18 17 -19 19 -21 -22 -23 -24 -25 25 -27 -28 29 -30 -31
leaf_value=0.014373836736130503 0.024882306798791099 -0.045255060958435081 -0.00022054164123264417 -0.046903225887660965 -0.010625739900468592 0.066052372664899703 -0.049129802357059903 -0.054014644722814691 -0.044292329861614792 -0.090633548103892958 -0.053163308087028009 -0.010282731421804227 0.012740158811501806 0.0037896003908223538 -0.010166572757360878 0.041709483571533632 -0.0067752383711935579 -0.11216549306441154 -0.14010683537494503 -0.0046575703805360816 0.029909133189405718 -0.050779161463063084 -0.32379131803469186 -0.12462066606758469 -0.052020857519304346 0.021643676740877478 0.066038340996923781 0.22489825601240568 -0.13316188906723367 0.0094719786783925373
leaf_weight=14239.86920369789 12540.457566283643 1835.3564435523003 352050.95503586158 3115.6749973334372 53431.979254351929 913.47037756443024 3127.1696530692279 812.71609814837575 2056.1107416506857 270.03756897896528 2222.0955395549536 25576.523385886103 47758.437059048563 135430.34851356223 8358.2996199093759 4785.0137572400272 2131.0053027682006 1583.9406932145357 262.77529009059072 3110.0726861432195 3897.1183154843748 368.22347970679402 13.53783258423209 479.04821374081075 1968.5387331135571 3904.0625824704766 788.50745740532875 17.632052782922983 131.56947414577007 170.935302041471
leaf_count=543715 1421884 60382 3224634 84213 1419100 4842 79421 10692 34677 1520 11671 174555 889593 2222766 64537 89947 19524 7635 3520 29583 63188 3650 106 2436 14656 19765 3317 192 821 2162
internal_value=8.31297e-05 0.00312699 -0.00151301 -0.00769154 -0.0136514 -0.0115756 -0.0127546 0.00897811 0.00190852 -0.000130484 0.0022751 0.000442233 0.0074331 0.00155416 0.00932832 -6.41074e-05 -0.00042591 -0.0517105 0.0151981 -0.0152103 0.000109335 0.0351007 0.0603592 -0.0658363 0.0114275 -0.00304921 0.0170846 -0.0382794 -0.0503982 0.0296155
internal_weight=687351 236445 450906 82447.1 60733.4 57486.2 56559.1 21713.7 223905 368459 221881 163708 58172.8 161007 56116.7 368189 359663 3714.95 8526.09 3372.85 355948 5153.24 927.008 2701.14 20901 5872.6 15028.4 2023.92 3247.24 188.567
internal_count=10508704 4884855 5623849 2180648 1588503 1503469 1498521 592145 3462971 3443201 3400235 2411428 988807 2397321 954130 3441681 3314981 27159 126700 33103 3287822 93597 4948 14107 581453 34421 547032 62736 85034 2354
is_linear=0
shrinkage=0.05


Tree=88
num_leaves=31
num_cat=0
split_feature=0 0 1 1 1 1 1 2 1 2 1 2 0 2 0 3 2 0 3 0 3 0 2 3 3 0 2 1 2 0
split_gain=1211.66 2331.79 1419.26 2310.5 2085.27 1370.54 1373.22 1251.46 1233.85 789.19 3301.17 1585.68 1413.05 785.958 749.439 720.299 3655.34 3682.17 1919.48 1736.29 1277.82 1075.68 625.823 2636.91 706.569 538.203 363.675 353.015 300.799 269.359
threshold=0.89635260974397246 0.89692245893593214 0.078424753846921769 -0.272696703161662 -0.25962049904085055 -0.23364022618281116 -0.21869180871022886 4.6255220187935064 -0.50183990405672374 8.4921764472094434 -0.25962049904085055 7.8263922073548722 1.5415145183742962 4.9372592344747188 0.69325036047134692 4.5977583100185493 3.8073264635815938 0.65765489244403874 4.8199479288142033 0.69889019267901153 4.1706843624641117 0.71330943325164653 3.6328947679217163 4.3491450911238507 3.4451054898711253 2.2067740511318386 8.750048439177446 -0.14282830981264405 5.0136407960728784 0.88060410386687449
decision_type=2 2 2 2 2 2 2 2 2 2 2 2 2 2 2 2 2 2 2 2 2 2 2 2 2 2 2 2 2 2
left_child=2 -2 3 7 29 14 -7 22 26 11 -11 12 -10 15 -6 16 20 -18 21 -20 -4 -17 24 -24 -1 -13 28 -12 -3 -5
right_child=1 8 13 4 5 6 -8 -9 9 10 27 25 -14 -15 -16 18 17 -19 19 -21 -22 -23 23 -25 -26 -27 -28 -29 -30 -31
leaf_value=0.013846939526293456 0.024238238858623421 0.29456407077213276 0.0001663587254868596 -0.046443132905314558 0.049079357832556791 -0.041032811293148799 -0.0082101968873096072 -0.053506311704300175 0.0025400776418171003 0.081553812160685191 -0.035615509435057376 0.040917815861964142 -0.025062222249728733 -0.08740920492451465 0.0037272334629203266 0.041128159031624978 -0.0058374755924277153 -0.10619768812011177 -0.12389386898331126 -0.0025852274260966413 0.031723472688889399 -0.04699973762254412 -0.051135277308791319 0.020722290141298057 0.062349718326244224 0.0037580160687439184 0.027358742673927773 -0.092291133471711556 -0.046163836220622742 -0.11690457749919965
leaf_weight=14047.63088962622 12237.800441540778 6.5014352649450293 317711.74623508938 2992.3482088297606 1470.0161748137325 3311.1176468245685 84773.245604395866 780.23967444896698 207438.74317185581 662.79105558246374 2936.0239411145449 3549.0172145441175 4742.6801035664976 255.68815505504608 2395.0713590793312 4608.8139573819935 2107.7020735405385 1613.6695504337549 326.45658351480961 3058.2970043979585 3240.5689090192318 374.3811496309936 1904.1399408355355 3874.5376706495881 793.26502943783998 1343.1847691051662 193.23278126865625 303.11701623350382 1752.6296381633729 142.07371114194393
leaf_count=543715 1421884 228 3084755 84213 33466 81023 1505170 10692 3251846 3170 12398 57908 59309 1404 32235 89926 19351 7540 1609 31366 55207 3618 14656 19765 3317 14128 2354 1476 60154 821
internal_value=7.99343e-05 0.00298828 -0.00144068 -0.00619167 -0.00953241 -0.0081653 -0.00944401 0.00865192 0.00182175 0.00217139 -0.0201156 0.002572 0.00192311 0.000219741 0.0209761 0.000287016 -8.62879e-05 -0.0493559 0.0147711 -0.0142853 0.000484982 0.0345072 0.011004 -0.00295559 0.0164395 0.0307154 -0.0377524 -0.0409192 -0.0449046 -0.0496369
internal_weight=684947 235166 449781 116484 95083.9 91949.5 88084.4 21399.8 222928 220976 3901.93 217074 212181 333297 3865.09 333042 324674 3721.37 8367.95 3384.75 320952 4983.2 20619.6 5778.68 14840.9 4892.2 1952.36 3239.14 1759.13 3134.42
internal_count=10508704 4884855 5623849 2329073 1736928 1651894 1586193 592145 3462971 3400235 17044 3383191 3311155 3294776 65701 3293372 3166853 26891 126519 32975 3139962 93544 581453 34421 547032 72036 62736 13874 60382 85034
is_linear=0
shrinkage=0.05


Tree=89
num_leaves=31
num_cat=0
split_feature=0 2 3 1 1 2 3 1 3 1 1 3 0 2 1 3 0 0 1 3 2 3 0 1 0 0 1 0 2 3
split_gain=1101.13 1464.12 2236.64 4294.42 7040.71 2957.03 4438.22 3009.91 1761.18 2294.69 1692.24 1516.48 1336.95 1275.5 1202.33 1111.57 1453.36 964.902 1491.31 1124.45 5279.24 4704.62 2210.31 2075.72 2886.08 890.114 825.993 1428.93 844.758 808.111
threshold=0.88060410386687449 2.1918732566761614 2.9495574610627568 0.4821648667909279 0.60907679441247298 2.4795005822973986 3.1567621018229679 0.49594010002770628 2.0130234995999845 0.72828833234014589 0.63978365821300709 2.7736145078981358 0.11347584474032892 1.9591535062539875 -0.42321740060184992 1.6649536825965745 -0.29435794004766241 2.3373608547585905 -0.26594729993962213 6.1233665642041295 5.6979441667398492 6.0960189868513011 1.3903996925279913 0.18302979933995736 1.5671198004630646 1.4362370908715618 0.59167337229920991 0.68077950316281199 1.7479461772073175 8.0333519505345929
decision_type=2 2 2 2 2 2 2 2 2 2 2 2 2 2 2 2 2 2 2 2 2 2 2 2 2 2 2 2 2 2
left_child=1 8 3 -3 11 -4 12 -8 13 26 -6 -5 -7 15 29 16 -1 19 -19 20 22 -22 -16 24 -21 -25 27 -10 -28 -2
right_child=14 2 5 4 10 6 7 -9 9 -11 -12 -13 -14 -15 17 -17 -18 18 -20 23 21 -23 -24 25 -26 -27 28 -29 -30 -31
leaf_value=0.040798359006204724 -0.040995023760927306 -0.0071094466334541504 0.045095757519884434 -0.057409656010834004 0.026732904527777795 -0.10291948080075025 -0.0055481582366050646 0.015432456522214998 -0.043444387672648528 -0.040588877180433525 -0.041866001679574966 -0.17556828136431338 -0.034893075705849749 -0.048136115221409079 0.0034302971299172719 0.0055010958668185624 -0.0030501047254125262 0.05333992861494638 -0.037858777881141038 -0.022476009921419231 -0.084363254631605947 0.0052942806828589614 -0.10968536893530022 0.03027835326333371 0.020503116841779141 -0.084655801678976961 -0.053647922943414375 0.029250453823230906 0.03478281594683616 0.041105348901002342
leaf_weight=1918.8726260922849 2371.8051199931651 106410.12650992721 3724.2470962330699 360.30896507203579 1374.0070092827082 1092.6693159267306 47664.225496415049 26653.702669106424 1087.529104590416 1476.7628905773163 2600.5918263569474 1102.2952711135149 2130.6715419366956 1362.8870341330767 239136.83468702063 69118.398876033723 124514.88678679615 531.09334732592106 2874.0267347544432 7195.8627298977226 3294.4875776376575 2632.1641455069184 432.64692956954241 11603.987543921918 8543.5809709578753 170.93793581798673 278.01509766280651 1786.4157657362521 9442.3795908112079 343.07785595208406
leaf_count=39912 81295 1620422 39241 2925 16683 9256 1020092 456951 5708 7601 15593 6500 14564 11462 4633806 939028 710369 2287 12246 105712 32481 28843 2249 299866 118952 2424 3306 7621 257469 3840
internal_value=7.67329e-05 -0.00159153 -0.00473737 -0.0093241 -0.0526665 0.00157544 -0.000514812 0.00197642 0.00128781 0.0183769 -0.0181516 -0.14646 -0.0579531 6.66595e-05 0.00249189 0.000402605 -0.00238462 0.00281711 -0.0236346 0.00314703 0.00207277 -0.0445443 0.00322602 0.0127321 0.000853636 0.0286098 0.025291 0.00174201 0.0322536 -0.0306201
internal_weight=683229 404099 193113 111847 5437.2 81265.5 77541.3 74317.9 210986 14071.1 3974.6 1462.6 3223.34 196915 279131 195552 126434 276416 3405.12 273011 245496 5926.65 239569 27514.4 15739.4 11774.9 12594.3 2873.94 9720.39 2714.88
internal_count=10508704 5184703 3202227 1662123 41701 1540104 1500863 1477043 1982476 281705 32276 9425 23820 1700771 5324001 1689309 750281 5238866 14533 5224333 4697379 61324 4636055 526954 224664 302290 274104 13329 260775 85135
is_linear=0
shrinkage=0.05


Tree=90
num_leaves=31
num_cat=0
split_feature=0 0 1 3 3 2 3 1 3 2 2 3 1 3 2 0 3 0 1 1 2 1 2 0 1 2 1 1 2 2
split_gain=1043.75 2166.94 1112.29 1053.91 1540.83 1445.29 2861.74 2772.5 999.018 976.329 762.411 4434.12 2380.62 3874.74 3144.19 2174.58 1660.68 3441.83 1246.27 835.537 651.016 625.256 531.308 519.655 490.134 699.962 414.443 429.507 323.82 233.327
threshold=0.84775196362271432 0.8188851740653631 -0.50183990405672374 5.0371495479382515 4.5977583100185493 3.3635500733367238 3.6197690765366626 -0.272696703161662 4.8199479288142033 4.2743529645650442 4.3795281909514827 5.0660450580957415 0.40960982673467899 5.4131322212818391 4.7175654691367521 1.4917628740083473 4.951267289888361 0.9718885128547744 0.05129715932657293 -0.34304814104621323 4.6255220187935064 -0.080763813781705968 4.4101397801486266 0.69889019267901153 0.22564911870343204 2.1918732566761614 0.43641440092905209 0.37851520143374123 8.750048439177446 5.0136407960728784
decision_type=2 2 2 2 2 2 2 2 2 2 2 2 2 2 2 2 2 2 2 2 2 2 2 2 2 2 2 2 2 2
left_child=1 3 28 4 5 6 -1 -7 20 -10 15 18 14 -14 -13 16 19 -18 -12 -4 -6 -3 -20 -5 25 -23 27 -26 29 -2
right_child=2 21 10 23 8 7 -8 -9 9 -11 11 12 13 -15 -16 -17 17 -19 22 -21 -22 24 -24 -25 26 -27 -28 -29 -30 -31
leaf_value=-0.00011495674433884261 0.22118863503448224 -0.057430131526277885 0.01143125837286117 -0.12731756705425534 0.03623663224571682 0.0095282471164642151 0.025859454813391344 -0.020994651543447866 -0.12566439958036427 0.0016079346083628715 -0.039448411628962621 0.036477224498550405 -0.0019084471827419411 -0.067524201656593508 0.00055654262027692741 -0.16848226094024038 -0.04601523052432023 0.045237014910228836 -0.23758980689889883 0.0021474810711510479 -0.061282349787018256 -0.085061152870726187 -0.099236038846884214 -0.027072388271643821 -0.0010427807383419604 -0.010357725830122963 -0.13121266924824712 0.040432997407942227 0.022557433736999335 -0.04559310918799428
leaf_weight=224836.17776375823 8.2375703305006009 673.24377484433353 27900.930240849033 227.95653931796551 5281.4052192531526 11544.828137692064 11129.11948556453 20923.193164274096 179.2319618538022 946.05074226856232 1814.655390650034 6527.3874971792102 7346.3180707842112 3243.1888688728213 91329.865971883759 182.573510825634 1267.7008179724216 5589.4856469631195 75.420566059648991 184492.16191098653 176.87211865186691 315.17327038943768 868.00868799164891 298.64962385594845 10094.910006806254 61618.860725402832 59.13134853541851 665.33606749773026 204.210653193295 1617.9048435762525
leaf_count=2234161 228 6041 509953 1001 95352 278547 234201 343864 2435 9825 35671 79030 81134 18380 1252527 878 16540 139830 574 3636392 1470 1374 5413 1700 41071 1409987 595 8022 2354 60154
internal_value=7.60845e-05 -0.00183392 0.00208089 0.000199985 0.000335298 -0.000250813 0.00111011 -0.0101415 0.024233 -0.0186637 0.00229607 -0.00107663 0.000515609 -0.0220042 0.00295257 0.0040053 0.00414893 0.028367 -0.0636827 0.00336704 0.0330766 -0.00946644 -0.110296 -0.0704664 -0.00902259 -0.0107379 0.000796346 0.00152178 -0.036789 -0.0442417
internal_weight=681438 348970 332468 275543 275017 268433 235965 32468 6583.56 1125.28 330638 111205 108447 10589.5 97857.3 219433 219250 6857.19 2758.08 212393 5458.28 73426.7 943.429 526.606 72753.4 61934 10819.4 10760.2 1830.35 1626.14
internal_count=10508704 4669646 5839058 3202556 3199855 3090773 2468362 622411 109082 12260 5776322 1472729 1431071 99514 1331557 4303593 4302715 156370 41658 4146345 96822 1467090 5987 2701 1461049 1411361 49688 49093 62736 60382
is_linear=0
shrinkage=0.05


Tree=91
num_leaves=31
num_cat=0
split_feature=0 0 1 3 3 2 3 1 3 2 2 3 1 3 2 0 3 0 1 2 2 1 1 2 0 2 1 1 2 0
split_gain=945.069 1974.11 1038.55 928.862 1424.3 1304.76 2638.9 2495.67 932.233 780.877 689.37 3991.57 2126.79 3345.33 2934.76 1842.91 1554.62 3190.36 912.07 807.901 603.822 582.537 448.876 646.107 443.453 345.233 344.075 401.095 309.206 228.15
threshold=0.84775196362271432 0.8188851740653631 -0.50183990405672374 5.0371495479382515 4.5977583100185493 3.3635500733367238 3.6197690765366626 -0.272696703161662 4.8199479288142033 4.2743529645650442 4.3795281909514827 5.0660450580957415 0.40960982673467899 5.4131322212818391 4.7175654691367521 1.4917628740083473 4.951267289888361 0.9718885128547744 0.05129715932657293 3.899404758561603 4.6255220187935064 -0.080763813781705968 0.22564911870343204 2.1918732566761614 0.69889019267901153 4.4101397801486266 0.43641440092905209 0.37851520143374123 8.750048439177446 1.5128158436432169
decision_type=2 2 2 2 2 2 2 2 2 2 2 2 2 2 2 2 2 2 2 2 2 2 2 2 2 2 2 2 2 2
left_child=1 3 28 4 5 6 -1 -7 20 -10 15 18 14 -14 -13 16 19 -18 29 -4 -6 -3 23 -23 -5 -20 27 -24 -2 -12
right_child=2 21 10 24 8 7 -8 -9 9 -11 11 12 13 -15 -16 -17 17 -19 25 -21 -22 22 26 -25 -26 -27 -28 -29 -30 -31
leaf_value=-0.00010920987790366798 -0.043873560021866445 -0.055924679986808883 0.0036588685986112669 -0.11682121259350431 0.035488330582613324 0.0091036694340609035 0.025069230249200176 -0.019894784035272745 -0.10760644415095724 0.0015291881177814661 -0.042257798657958277 0.035711819627526557 -0.0018103825672822205 -0.062106201761398 0.00052893621327964669 -0.15006677781203093 -0.042039612684581888 0.044811138361519121 -0.1932007515791386 -0.017776987824111315 -0.059275103027692483 -0.082368347115732155 -0.00099056193620840186 -0.0099257486405770791 -0.025365561248596836 -0.089368120542896279 -0.11473640176499289 0.039699410987837171 0.021036670282746004 0.052318257817372676
leaf_weight=224835.1870393008 1559.8063766602427 657.2120640873909 207516.47118772566 235.79615989327431 5127.0851151049137 11480.768914805725 10911.5604095608 20974.579373240471 198.29480707272887 945.05545621365309 1692.6591388490051 6338.7573110610247 7356.7656681276858 3346.9810290113091 91292.639166346751 194.3902316391468 1316.8671577125788 5366.1475378572941 87.73567046225071 4490.7020714432001 173.79798275977373 309.34979709982872 10095.692618466914 61099.10620123893 302.70005543529987 914.37141539901495 64.100791618227959 644.28703846782446 207.92524275928736 66.263522401452065
leaf_count=2234161 60382 6041 4117015 1001 95352 278547 234201 343864 2435 9825 34066 79030 81134 18380 1252527 878 16540 139830 574 29330 1470 1374 41071 1409987 1700 5413 595 8022 2354 1605
internal_value=7.40602e-05 -0.00174602 0.0019836 0.00019171 0.000320338 -0.000237796 0.00105618 -0.00963686 0.0235493 -0.0173985 0.00218836 -0.00101946 0.000493558 -0.0206644 0.0028132 0.00381651 0.0039533 0.0276975 -0.060386 0.00320482 0.0323814 -0.00906366 -0.00863717 -0.0102907 -0.0654121 -0.0984588 0.000761075 0.00145041 -0.0362386 -0.0386949
internal_weight=679803 348055 331748 275185 274646 268202 235747 32455.3 6444.23 1143.35 329981 111096 108335 10703.7 97631.4 218885 218690 6683.01 2761.03 212007 5300.88 72869.7 72212.5 61408.5 538.496 1002.11 10804.1 10740 1767.73 1758.92
internal_count=10508704 4669646 5839058 3202556 3199855 3090773 2468362 622411 109082 12260 5776322 1472729 1431071 99514 1331557 4303593 4302715 156370 41658 4146345 96822 1467090 1461049 1411361 2701 5987 49688 49093 62736 35671
is_linear=0
shrinkage=0.05


Tree=92
num_leaves=31
num_cat=0
split_feature=0 0 1 1 1 1 1 2 1 0 1 0 2 0 2 3 0 0 1 0 1 1 1 3 0 1 3 3 3 3
split_gain=900.32 2149.94 1022.85 1876.23 1943.56 1239.15 1707.21 1075.78 950.479 780.694 741.536 2342.99 3158.31 2365.02 1687.61 3071.1 1806.12 716.747 978.656 611.651 1897.17 987.036 3394.17 1925.8 739.277 618.387 581 2365.23 630.227 299.394
threshold=0.89635260974397246 0.89692245893593214 0.078424753846921769 -0.272696703161662 -0.25962049904085055 -0.21992053250312257 -0.21869180871022886 4.6255220187935064 -0.50183990405672374 0.69325036047134692 0.017284053360037101 1.0774002105738207 3.1334110941583222 1.0957691888579164 4.3795281909514827 5.1117017208700313 0.94638717376052639 0.88730488915386629 0.39235273429018658 1.0000000180025095e-35 0.6437191950917095 0.57145327630474652 0.50269308430617887 3.7249592873765365 -0.1108502728836893 0.63673176667469111 3.5778409799554582 4.3491450911238507 3.4451054898711253 8.0333519505345929
decision_type=2 2 2 2 2 2 2 2 2 2 2 2 2 2 2 2 2 2 2 2 2 2 2 2 2 2 2 2 2 2
left_child=2 -2 3 7 -5 9 -7 26 29 -6 11 12 -10 -13 16 -16 -12 19 -19 20 25 22 -21 -23 -22 -4 28 -28 -1 -3
right_child=1 8 17 4 5 6 -8 -9 10 -11 14 13 -14 -15 15 -17 -18 18 -20 21 24 23 -24 -25 -26 -27 27 -29 -30 -31
leaf_value=0.013098433707388647 0.023347886762887883 -0.044466224711331603 0.01659371443249515 -0.048572404644051728 0.044532096224693035 -0.048366590658706195 -0.0071442941154150705 -0.052046939977321842 -0.0058327969932836701 0.001304867756827738 0.0053025363019016218 0.034261021955211607 -0.049525116196508151 0.000525680402661733 -0.084030309666114258 0.0016452702458262412 0.029061412666632626 -0.026489058195664602 -0.24339595280957435 -0.00079391759308412066 0.00394282085699853 -0.0042129624993838743 0.023092806755942243 -0.042994293409753519 -0.021976823279484557 0.044480366686601748 -0.05007779983234463 0.019112865630040068 0.058825893518289388 0.01418896404130256
leaf_weight=13782.050602965057 11841.907287493348 1451.8896655794233 7938.6049758773297 2912.5961419083178 1773.4379702378064 2589.8074245639145 83247.987906083465 715.76220355927944 22557.193344667554 2541.1396659128368 23281.165849514306 5743.4622145202011 5064.6949345143512 54425.80649455823 1057.637855861336 94836.918287899345 12185.789012238383 212.16901276260614 68.886346057057381 264592.14356546849 7518.6885299310088 24743.672152251005 15757.356547191739 3676.8297687023878 4338.3293649666011 2652.0886940546334 1826.9625912234187 3812.932625643909 797.07703981548548 255.90091940760612
leaf_count=543715 1421884 59606 186964 85034 36471 77346 1505170 10692 155942 32907 435986 253899 70814 881644 6011 1273950 321989 1475 548 2345998 50487 222199 341706 24547 38235 82617 14635 19765 3338 3130
internal_value=7.18707e-05 0.00259252 -0.00124477 -0.00533023 -0.00837253 -0.00707377 -0.00838801 0.00819424 0.00147967 0.0190727 0.00176923 -0.00178849 -0.0138441 0.00374589 0.00414691 0.000700339 0.0134656 0.000160189 -0.0796527 0.000227915 0.00819678 -0.000351425 0.000548662 -0.0092302 -0.00554084 0.023577 0.0103268 -0.00330045 0.0155985 -0.0356771
internal_weight=678201 232702 445499 114000 93065 90152.4 85837.8 20934.8 220860 4314.58 219153 87791.2 27621.9 60169.3 131362 95894.6 35467 331499 281.055 331218 22447.7 308770 280350 28420.5 11857 10590.7 20219 5639.9 14579.1 1707.79
internal_count=10508704 4884855 5623849 2329073 1736928 1651894 1582516 592145 3462971 69378 3400235 1362299 226756 1135543 2037936 1279961 757975 3294776 2023 3292753 358303 2934450 2687704 246746 88722 269581 581453 34400 547053 62736
is_linear=0
shrinkage=0.05


Tree=93
num_leaves=31
num_cat=0
split_feature=1 0 0 1 1 1 3 2 1 0 3 2 3 0 0 1 0 1 1 2 3 0 2 2 0 1 2 0 2 0
split_gain=819.037 953.022 3222.73 1879.73 2379.82 3241.8 1386.81 7766.87 2277.28 3294.95 2080.51 1288.41 1164.09 897.373 682.883 602.729 552.663 342.724 342.633 307.263 288.019 275.95 204.558 154.479 134.513 132.113 134.734 81.5678 75.6564 36.942
threshold=-0.50183990405672374 1.1230114192572203 1.1363723124172573 -0.3327390262831656 -0.33035528887943305 -0.31248217156279456 6.0960189868513011 5.6979441667398492 0.16144018763907536 1.4279794260060048 5.9792854635995463 3.3840690488195206 5.879639423924421 1.4362370908715618 1.0535071086109544 0.27487220877274449 1.059537531172295 -0.34328900273313795 0.46920906322072686 5.5626703716772949 8.0333519505345929 1.0956075047414111 5.0136407960728784 5.0815280337949043 1.0774002105738207 -0.84084583113390909 8.4921764472094434 2.7421961862478588 5.1493983947908895 2.010777875261029
decision_type=2 2 2 2 2 2 2 2 2 2 2 2 2 2 2 2 2 2 2 2 2 2 2 2 2 2 2 2 2 2
left_child=20 3 17 11 21 24 7 10 9 -8 -4 -2 -7 -10 28 -9 -16 -3 19 -19 22 -5 -1 -20 -6 -22 -27 29 -13 -28
right_child=1 2 6 4 5 12 8 15 13 -11 -12 14 -14 -15 16 -17 -18 18 23 -21 25 -23 -24 -25 -26 26 27 -29 -30 -31
leaf_value=0.189490278812949 -0.16960434791216927 -0.06844209053004767 -0.0026902295787031914 -0.051040358706614122 -0.050330485363829086 0.00012055102495788452 -0.067104097146545444 -0.092368462818698913 0.024366227950228369 0.0039639872776083811 0.036225846469937803 -0.051267675759271714 -0.023503334603604108 -0.080746908609030596 0.25781337468315291 -0.046085018962011781 -0.013235666892696061 0.036026506881596976 -0.042972078952208732 -0.066355918813263401 -0.026626479761270552 0.034296218650356522 -0.045688745409549036 -0.23918980993998573 0.0084088716881359962 -0.041605241260635258 0.059539382043662242 0.045132287396736477 -0.025834158170921981 0.17736343632103291
leaf_weight=9.3083866685628873 139.78119902312756 81.804419130086899 25858.276184927672 96.436900272965431 3361.1991949155927 570713.87379516847 1819.7680064756423 2300.133200282231 15154.237309098244 15718.019009765238 3960.4104653298855 1409.0083356034011 5262.7216146662831 205.80558658018708 18.835518715903163 1013.2943513840437 12150.534982563928 8838.3767142854631 48.990040212869644 73.89501716196537 115.00590663403273 5360.8138195686042 1382.4667341075838 12.613362371921538 100.37461805343628 34.065654806792736 9.6462149694561976 78.690722852945328 368.96453429572284 21.436592556536198
leaf_count=228 695 763 309654 1144 36938 8585404 22589 20719 358284 191614 57225 29032 42010 2577 495 10093 207122 303784 400 553 1427 251734 59378 105 431 593 143 784 12603 183
internal_value=6.9094e-05 0.000155235 0.00546528 -0.000510407 -7.57138e-05 -0.000385232 0.00162915 -0.00559134 0.00890106 -0.00341023 0.00247846 -0.0185588 -9.53014e-05 0.0229578 -0.017045 -0.0782143 -0.0128161 0.0334366 0.0343653 0.0351776 -0.0351086 0.0327882 -0.0441158 -0.0831479 -0.0486272 0.0133222 0.0452629 0.0722204 -0.0459897 0.140798
internal_weight=675719 674068 75085.6 598983 584895 579438 66029.9 33132.1 32897.8 17537.8 29818.7 14087.1 575977 15360 13947.3 3313.43 12169.4 9055.68 8973.88 8912.27 1650.62 5457.25 1391.78 61.6034 3461.57 258.845 143.839 109.774 1777.97 31.0828
internal_count=10508704 10445968 1278360 9167608 8917661 8664783 972755 397691 575064 214203 366879 249947 8627414 360861 249252 30812 207617 305605 304842 304337 62736 252878 59606 505 37369 3130 1703 1110 41635 326
is_linear=0
shrinkage=0.05


Tree=94
num_leaves=31
num_cat=0
split_feature=0 0 2 3 2 3 0 1 1 0 0 2 3 0 2 0 2 0 0 3 0 1 1 3 1 0 0 1 1 1
split_gain=818.146 1993.15 968.17 1522.69 1356.17 3889.84 1696.28 2466.57 1833.86 1411.02 1320.64 971.664 935.324 875.361 1400.48 1260.63 2740.38 867.234 865.509 771.589 756.994 745.465 1627.02 700.874 688.21 642.63 855.528 633.812 568.738 504.366
threshold=0.89635260974397246 0.89692245893593214 2.1918732566761614 1.6649536825965745 2.2568774574635353 2.9202237833458864 0.010501662944753633 0.46920906322072686 0.60732956117938708 0.88730488915386629 -0.29435794004766241 4.7114078531384012 2.886984047952986 2.2577454278463547 7.8263922073548722 1.5415145183742962 6.9771150019948998 1.1230114192572203 -0.13461282072082545 1.0858476682246934 -0.1108502728836893 -0.25962049904085055 -0.67520679233438419 2.8211204817941828 0.39235273429018658 -0.29435794004766241 0.010501662944753633 0.6437191950917095 0.57938706724800537 0.77090001566801269
decision_type=2 2 2 2 2 2 2 2 2 2 2 2 2 2 2 2 2 2 2 2 2 2 2 2 2 2 2 2 2 2
left_child=2 -2 3 10 5 23 7 -6 -9 11 -1 -8 25 14 15 17 -17 -3 19 -12 -20 22 -15 28 -11 -5 -27 -7 -4 -25
right_child=1 13 4 12 6 27 9 8 -10 24 18 -13 -14 21 -16 16 -18 -19 20 -21 -22 -23 -24 29 -26 26 -28 -29 -30 -31
leaf_value=0.039709866349901909 0.022706284643386622 -0.0001794758685334213 -0.0086397338061895076 -0.046755016601794819 0.023766951086152368 -0.1516106620402059 7.9802529281311995e-05 -0.15736167217640251 0.0058175782442801633 -0.051280762930586338 -0.19440135930761829 -0.044624795249466179 0.051655023176828643 -0.040960680583687896 0.030221595322564812 -0.0644230488426 0.0092322837403120712 0.0069269142850483427 0.059721913810226172 -0.027132915241161671 -0.0024987029294887574 -0.030148885538819521 0.061413200392920579 0.046447362870395158 -0.207992312872713 0.017469061122003787 0.0039143509640275787 0.040214315645471621 -0.073961837723620638 -0.095203189948109682
leaf_weight=1849.993723526597 11571.805192284286 143025.45354285091 63162.042835824192 577.17594628408551 580.53516271710396 550.17323187738657 164500.04376109689 596.93248479813337 241.97022839635611 739.4326260201633 70.939008995890617 1224.5387030430138 1128.0950991138816 766.79461472854018 4282.9788083694875 2253.6768211741 2872.2624273374677 61345.820093590766 490.81523489579558 2451.7741374261677 121257.37158645317 3874.0078823268414 785.88139564730227 824.03886794298887 77.390584945678711 13984.979056643322 69457.301803389564 46.718171909451485 334.98803343996406 68.02993555366993
leaf_count=39912 1421884 2121875 1422622 2556 4375 2512 2167781 3201 2783 5063 602 13411 16525 29982 73210 29530 46518 1139256 2996 10647 696124 18197 4403 10882 530 282732 935008 269 3045 273
internal_value=6.71328e-05 0.00248223 -0.00118756 0.00126354 -0.00341055 -0.00954383 -0.00103751 -0.055465 -0.110295 -0.000573627 -0.00222426 -0.00025052 0.00642967 0.00141461 0.00191802 0.00133938 -0.0231511 0.00195364 -0.00284852 -0.0318365 -0.00224787 -0.0184168 0.0108555 -0.00836604 -0.0661285 0.00582245 0.00618613 -0.136597 -0.00898435 0.035645
internal_weight=674994 230779 444215 211268 232947 64986 167961 1419.44 838.903 166541 126121 165725 85147.6 219207 213780 209497 5125.94 204371 124271 2522.71 121748 5426.68 1552.68 64389.1 816.823 84019.5 83442.3 596.891 63497 892.069
internal_count=10508704 4884855 5623849 1987102 3636747 1439603 2197144 10359 5984 2186785 750281 2181192 1236821 3462971 3410389 3337179 76048 3261131 710369 11249 699120 52582 34385 1436822 5593 1220296 1217740 2781 1425667 11155
is_linear=0
shrinkage=0.05


Tree=95
num_leaves=31
num_cat=0
split_feature=0 0 1 1 1 2 2 2 2 1 0 2 2 3 2 0 1 0 2 0 0 1 2 3 2 0 3 3 0 0
split_gain=740.225 1848.51 880.207 2207.07 1611.07 1213.99 1616.36 925.073 891.92 819.192 1825.28 2774.3 1582.89 2821.28 5395.37 1701.04 2257.57 1420.64 2972.75 2299.69 1317.01 1284.02 587.499 605.442 2717.67 2954.17 1530.48 1292.78 1162.29 1016.67
threshold=0.89635260974397246 0.89692245893593214 -0.051886445752020081 -0.272696703161662 -0.26594729993962213 3.4437761330069674 3.3971894388878914 4.6255220187935064 3.8073264635815938 0.017284053360037101 0.9236429203514257 3.1701601523257765 4.3795281909514827 5.5478791408934205 5.0351269841896036 0.94638717376052639 0.2019410568225079 1.0828557323653996 3.1334110941583222 1.0957691888579164 1.0535071086109544 0.17514869934927838 4.9372592344747188 4.5977583100185493 3.8073264635815938 0.65765489244403874 4.8199479288142033 4.1196975209922178 0.69889019267901153 0.71330943325164653
decision_type=2 2 2 2 2 2 2 2 2 2 2 2 2 2 2 2 2 2 2 2 2 2 2 2 2 2 2 2 2 2
left_child=2 -2 3 7 -5 6 -6 -1 -7 10 11 -3 15 14 -14 16 -11 18 -12 -19 -17 -15 23 24 27 -26 29 -4 -28 -25
right_child=1 9 22 4 5 8 -8 -9 -10 12 17 -13 13 21 -16 20 -18 19 -20 -21 -22 -23 -24 26 25 -27 28 -29 -30 -31
leaf_value=0.0099673472110472418 0.022070802517430436 -0.31946936110049706 -0.00020652324338459385 -0.050146340933214628 -0.0083439805871791516 0.067468898824840681 -0.048344893581569487 -0.051061731954639769 -0.029420525794089675 0.011592889967667318 -0.0039881998704102816 -0.031442189341618236 -0.0077331329152922033 -0.010736353847737662 -0.11754926010089053 0.031092374483177806 -0.032233006969911285 0.033925838307822941 -0.048551428760133727 -0.00062347009115487303 -0.072040011349247215 0.0093975953870466845 -0.069839743803135276 0.039611375772230187 -0.0030400897016889961 -0.090400406179780332 -0.094009777684755824 0.029125251446465106 -0.0013646827696144666 -0.045561492436888465
leaf_weight=19952.386553181335 11316.336425118148 111.3061398267746 349596.83578907326 2515.8863507434726 50704.639944925904 861.12589207291603 2657.830619931221 640.87369220331311 328.00064572319388 19723.781336899847 22409.342132121325 335.91436760872602 29958.279060002416 9247.678386695683 1161.860239610076 11563.754886290058 3452.8755603954196 5272.1749825179577 4492.6233874820173 55726.184437768534 318.07061406224966 55101.294356290251 301.75776727497578 4197.9548480845988 2184.264672677964 1737.4921099096537 379.94039911031723 3797.3545822016895 3106.9408599846065 382.26811696961522
leaf_count=581453 1421884 1225 3224634 81134 1419384 5166 79442 10692 3377 396205 154717 5108 293445 120402 6095 320206 39781 253084 66521 944380 1783 860019 1520 89947 19390 7769 1709 63188 31394 3650
internal_value=6.52212e-05 0.00236559 -0.00112916 -0.00596358 -0.011027 -0.00922286 -0.0103363 0.00806809 0.0407436 0.00134679 -0.00237129 -0.103128 0.00386337 0.000526727 -0.0118331 0.0129495 0.00506368 -0.00185866 -0.0114303 0.00236268 0.0283316 0.00650412 -0.000102476 -4.48826e-05 -0.000350702 -0.0417441 0.0135008 0.000108658 -0.0114596 0.0325028
internal_weight=673537 230191 443346 77660.7 57067.5 54551.6 53362.5 20593.3 1189.13 218875 88347.5 447.221 130528 95469.1 31120.1 35058.5 23176.7 87900.3 26902 60998.4 11881.8 64349 365685 365383 357316 3921.76 8067.1 353394 3486.88 4580.22
internal_count=10508704 4884855 5623849 2180648 1588503 1507369 1498826 592145 8543 3462971 1425035 6333 2037936 1279961 299540 757975 435986 1418702 221238 1197464 321989 980421 3443201 3441681 3314981 27159 126700 3287822 33103 93597
is_linear=0
shrinkage=0.05


Tree=96
num_leaves=31
num_cat=0
split_feature=1 0 0 1 1 1 3 1 2 3 3 2 1 0 0 1 1 2 0 3 1 0 2 2 1 2 2 0 3 3
split_gain=736.074 774.871 3027 1624.97 2072.73 2868.39 1306.18 2420.7 1067.54 1054.22 925.703 7128 2019.03 625.676 426.333 320.021 311.749 279.299 241.571 236.53 234.081 137.84 98.5972 89.717 87.4667 105.398 78.8153 46.0907 36.9883 32.5136
threshold=-0.5151551456145852 1.1230114192572203 1.1363723124172573 -0.3327390262831656 -0.33035528887943305 -0.31248217156279456 3.3970876235880936 -0.19391221576389076 3.3840690488195206 5.879639423924421 6.0960189868513011 5.6979441667398492 0.16144018763907536 1.0535071086109544 1.059537531172295 -0.34328900273313795 0.39235273429018658 5.5626703716772949 1.0956075047414111 8.0333519505345929 -0.34753574593034542 1.0774002105738207 5.0815280337949043 3.2128179964482393 -0.84084583113390909 8.4921764472094434 5.1493983947908895 2.7421961862478588 6.0001768864635761 6.0081958967181253
decision_type=2 2 2 2 2 2 2 2 2 2 2 2 2 2 2 2 2 2 2 2 2 2 2 2 2 2 2 2 2 2
left_child=19 3 15 8 18 21 7 20 -2 -7 11 -8 -12 26 -15 28 17 -17 -5 -1 -4 -6 -18 -9 -21 -26 -10 -27 -3 -30
right_child=1 2 6 4 5 9 10 23 13 -11 12 -13 -14 14 -16 16 22 -19 -20 24 -22 -23 -24 -25 25 27 -28 -29 29 -31
leaf_value=-0.045256086272359129 -0.14999889419171358 -0.073269323215337676 -0.13375297704789882 -0.050119707372337334 -0.049318268396327129 0.00013575398882105229 0.0045291304636337218 -0.010203698468419682 -0.050776867899461245 -0.022236914764306722 -0.0031702907266518672 -0.071586142785029935 0.021845831943169747 0.20465103085754108 -0.012373990115268152 0.035288326630134391 -0.041406684291100108 -0.06031277207172412 0.033090483692032262 -0.024663715335326936 -0.22552938342578044 0.010528538619286388 -0.18681371780631167 -0.069017195923905636 -0.0413929234473858 0.11126284583715347 -0.023812385803360453 0.038454945332920064 -0.052540858748072822 0.29667887785602781
leaf_weight=1172.9180988296866 149.82103802263737 77.214306049048901 142.39910161495209 88.764551751315594 3110.8567735850811 568107.79224170186 28266.896182373166 1057.8144109398127 1274.2652979427949 5314.718202829361 17663.023022994399 3451.4072076007724 14844.200654953718 22.670939225703478 12291.862279744819 8474.7341526467353 50.108132779598236 77.093377180397511 5022.557176604867 108.69456154480577 135.67347725480795 99.283831134438515 15.193122588098047 69.076968535780907 33.577883370220661 31.283791556954384 344.19908774271607 71.22780479490757 1.3806288689374917 1.2885869443416593
leaf_count=53958 695 705 824 1144 36938 8585404 361744 5525 29032 42010 217660 30821 360861 495 207122 303777 402 553 251734 1427 793 431 110 313 591 302 12603 672 30 28
internal_value=6.36267e-05 0.000139763 0.0049535 -0.000460736 -5.44686e-05 -0.000335459 0.00128039 -0.046411 -0.0172431 -7.16052e-05 0.00232366 -0.00375331 0.00825315 -0.0158156 -0.0119744 0.032672 0.0335955 0.0344265 0.0316454 -0.0359262 -0.178531 -0.0474673 -0.0752374 -0.0138089 0.00877952 0.0354906 -0.0450423 0.060674 -0.0669435 0.116048
internal_weight=671572 670154 74327.5 595827 581744 576633 65630.5 1404.96 14082.8 573423 64225.5 31718.3 32507.2 13933 12314.5 8697.01 8617.13 8551.83 5111.32 1417.7 278.073 3210.14 65.3013 1126.89 244.784 136.089 1618.46 102.512 79.8835 2.66922
internal_count=10508704 10451754 1284146 9167608 8917661 8664783 978541 7455 249947 8627414 971086 392565 578521 249252 207617 305605 304842 304330 252878 56950 1617 37369 512 5838 2992 1565 41635 974 763 58
is_linear=0
shrinkage=0.05


Tree=97
num_leaves=31
num_cat=0
split_feature=1 0 0 2 3 0 2 3 0 1 0 3 0 1 0 0 0 1 2 3 3 1 1 3 2 2 0 1 2 0
split_gain=690.323 771.487 1668.14 841.862 1378.86 1222.49 1164.01 3342.84 1487.73 2082.31 1185.92 893.691 780.158 658.444 652.913 3853.61 2781.89 1591.84 1205.64 1089.45 641.992 526.688 329.973 262.563 178.524 123.276 117.712 91.3665 97.3607 48.1589
threshold=-0.50183990405672374 0.89635260974397246 0.89692245893593214 2.1918732566761614 1.6649536825965745 -0.29435794004766241 2.2568774574635353 2.9202237833458864 0.010501662944753633 0.47908853962369963 0.88730488915386629 2.886984047952986 -0.13461282072082545 0.65557905798065585 0.99613603573865839 1.001086503821605 1.0026723873875354 -0.28205325883351068 4.7848567824260186 5.3251709217961833 2.8211204817941828 0.6437191950917095 0.3897058285503901 8.0333519505345929 5.0136407960728784 2.0358163519434611 0.90418916821950179 -0.84084583113390909 8.4921764472094434 2.7421961862478588
decision_type=2 2 2 2 2 2 2 2 2 2 2 2 2 2 2 2 2 2 2 2 2 2 2 2 2 2 2 2 2 2
left_child=23 3 -3 4 5 22 7 20 9 -8 -10 13 -7 -6 17 19 -17 26 -19 -16 -5 -9 -2 24 -1 -13 -4 -25 -29 -30
right_child=1 2 14 6 11 12 8 21 10 -11 -12 25 -14 -15 15 16 -18 18 -20 -21 -22 -23 -24 27 -26 -27 -28 28 29 -31
leaf_value=0.16243723759804568 -0.011047322046790339 0.021436296735941072 0.0039472139725066696 -0.0083409009020216657 0.0069638815213457069 -0.030227547813580249 0.020986063138654455 -0.13708418634096928 -0.00021996262549857427 -0.1008585720230064 -0.059510277560472218 -0.19792397492019581 -0.0021337728070490235 -0.0083666360050834478 0.044752539682072739 0.045999866794457334 0.00024057059372254179 0.010882256072195732 -0.0097294185399226362 -0.052060668004816374 0.035130102497786593 0.038919429699794311 0.047986350469936795 -0.023930721071078534 -0.044930114585198078 0.052479618725079974 -0.045111385730039602 -0.040870607736585254 0.10343579611148382 0.035689570934116684
leaf_weight=10.466525495052336 280.37193489819765 11071.764970563352 132.54661456868052 62726.727952193469 76068.585892995819 2522.4349069818854 590.80176866054535 577.26558411121368 165176.04468243197 862.62925093621016 847.71955303475261 4.9377308115363112 121584.27812460624 7714.2718315087259 311.96373834647238 3395.5608526226133 152077.77140474692 45786.462923290208 8395.5254185572267 4241.2285424396396 860.97588318586349 45.884594261646271 1520.0793635360897 106.47987853363156 1241.2253021560609 1074.7464321628213 1577.435209158808 32.509857233613729 37.754020027816296 85.963692769408226
leaf_count=228 9020 1421884 2196 1425667 1170109 11249 4481 2512 2181192 5878 5593 41 699120 50187 4086 53309 2332267 889593 64537 21766 11155 269 30892 1427 59378 16484 32481 593 326 784
internal_value=6.1615e-05 0.000137895 0.00250767 -0.00107785 0.00120881 -0.00211135 -0.00315806 -0.00888167 -0.000963627 -0.0513302 -0.0005227 0.0061348 -0.00270477 0.00555233 0.00153706 -8.78557e-05 0.00123996 0.00618943 0.00768847 -0.0454275 -0.0077523 -0.124124 0.0387934 -0.0336582 -0.0431961 0.0513344 -0.0413087 0.0117861 0.0361295 0.0563632
internal_weight=670962 669448 226990 442458 210770 125907 231688 64210.9 167477 1453.43 166024 84862.5 124107 83782.9 215918 160027 155473 55892 54182 4553.19 63587.7 623.15 1800.45 1514.4 1251.69 1079.68 1709.98 262.707 156.228 123.718
internal_count=10508704 10445968 4822119 5623849 1987102 750281 3636747 1439603 2197144 10359 2186785 1236821 710369 1220296 3400235 2411428 2385576 988807 954130 25852 1436822 2781 39912 62736 59606 16525 34677 3130 1703 1110
is_linear=0
shrinkage=0.05


Tree=98
num_leaves=31
num_cat=0
split_feature=1 0 0 1 1 1 3 1 3 2 3 2 1 0 0 1 1 2 0 3 1 0 2 2 2 1 2 0 3 0
split_gain=646.174 704.828 2840.61 1438.82 1934.81 2685.53 1151.6 1909.88 932.143 903.859 841.164 6140.62 1875.47 594.225 325.905 297.993 281.765 255.819 224.166 220.294 157.64 133.035 83.9738 80.9493 80.1894 69.0691 79.5494 34.0125 43.4423 27.5452
threshold=-0.5151551456145852 1.1230114192572203 1.1363723124172573 -0.3327390262831656 -0.33035528887943305 -0.31248217156279456 3.3970876235880936 -0.19391221576389076 5.879639423924421 3.3840690488195206 6.0960189868513011 5.6979441667398492 0.14247634623783639 1.0535071086109544 1.059537531172295 -0.34328900273313795 0.46920906322072686 5.5626703716772949 1.0956075047414111 8.0333519505345929 -0.34753574593034542 1.0774002105738207 3.2128179964482393 5.1493983947908895 5.0815280337949043 -0.84084583113390909 8.4921764472094434 1.1303133709987834 6.0081958967181253 2.7421961862478588
decision_type=2 2 2 2 2 2 2 2 2 2 2 2 2 2 2 2 2 2 2 2 2 2 2 2 2 2 2 2 2 2
left_child=19 3 15 9 18 21 7 20 -7 -2 11 -8 -12 23 -15 27 17 -17 -5 -1 -4 -6 -9 -11 -18 -21 -27 -3 -29 -28
right_child=1 2 6 4 5 8 10 22 -10 13 12 -13 -14 14 -16 16 24 -19 -20 25 -22 -23 -24 -25 -26 26 29 28 -30 -31
leaf_value=-0.044627380305992309 -0.13528246411379846 -0.080206893674098598 -0.11813469057953699 -0.049601573788191508 -0.048789524537339847 0.00011954036053829916 0.0043022399780620916 -0.0096588594389343113 -0.020786276864986342 -0.05048046572002856 -0.0038576491745905502 -0.064962916652230404 0.020268333056576895 0.1620651381625057 -0.011645171057185389 0.03467529224807215 -0.037582097444111645 -0.05516567921939363 0.032472835324063247 -0.02320702198544726 -0.18998072136389219 0.0099594329114134957 -0.067184830396157441 -0.022462375057460432 -0.16407517484660977 -0.040237636295093804 0.08577983733570986 -0.023174642055312278 0.27315333803593739 0.032777717669514421
leaf_weight=1075.8952883724123 157.60571867227554 64.638996381312609 152.88145291805267 84.641846746206284 2980.5528388023376 566626.09958981723 28193.963560605422 1062.7983390986919 5382.6292507275939 1188.7414877200499 16526.434414807707 3609.4388406109065 15715.138746999204 27.059816010296345 12417.527503602207 8197.3122439272702 51.365538716316223 80.009588606655598 4864.4025483094156 104.36505861207843 152.51324525475502 99.581329569220543 67.466053068637848 329.18414348270744 16.571322306990623 31.230759900063276 36.349441967904568 12.076479688286778 1.3779478929936892 75.280803568661213
leaf_count=53958 695 510 824 1144 36938 8585404 361744 5525 42010 29032 195119 30821 383402 495 207122 303784 400 553 251734 1427 793 431 313 12603 105 591 302 230 23 672
internal_value=5.97238e-05 0.000128859 0.00473376 -0.000443919 -6.00229e-05 -0.000327911 0.00121793 -0.0430696 -7.71844e-05 -0.0162139 0.0022107 -0.00355882 0.0079018 -0.0148699 -0.0112675 0.0320648 0.0329745 0.0338069 0.0310691 -0.0348475 -0.154014 -0.0468902 -0.0130926 -0.0444043 -0.0684366 0.0077133 0.0303017 -0.0651524 0.00717407 0.0500365
internal_weight=669385 668062 73904 594158 580038 575089 65480.6 1435.66 572009 14120.1 64045 31803.4 32241.6 13962.5 12444.6 8423.35 8345.26 8277.32 4949.04 1323.12 305.395 3080.13 1130.26 1517.93 67.9369 247.226 142.861 78.0934 13.4544 111.63
internal_count=10508704 10451754 1284146 9167608 8917661 8664783 978541 7455 8627414 249947 971086 392565 578521 249252 207617 305605 304842 304337 252878 56950 1617 37369 5838 41635 505 2992 1565 763 253 974
is_linear=0
shrinkage=0.05


Tree=99
num_leaves=31
num_cat=0
split_feature=0 0 0 3 3 2 0 2 0 2 3 1 1 1 1 0 0 2 3 3 1 2 2 0 1 1 2 0 1 1
split_gain=619.312 1393.14 923.791 1000.51 2125.18 1035.49 735.97 1322.21 1011.96 2308.69 752.707 738.952 1349.09 623.005 562.061 1112.15 769.875 557.836 6486.2 2884.23 512.679 497.307 421.385 366.308 315.301 314.354 311.258 428.945 344.556 298.974
threshold=0.84775196362271432 0.8188851740653631 0.79547812209782809 4.8199479288142033 4.5977583100185493 3.4841929324469612 2.2577454278463547 7.8263922073548722 1.5415145183742962 6.9771150019948998 7.7358276094456162 -0.26594729993962213 -0.67520679233438419 0.026550044798565861 0.43959186076981943 0.76262915602434689 0.69889019267901153 4.7848567824260186 5.5344402635264043 5.4276012788821086 -0.080763813781705968 4.6255220187935064 8.4921764472094434 2.2067740511318386 -0.29140320488211624 -0.14282830981264405 4.3715146227452468 0.83047194234127242 0.35815495563763139 -0.10991279340077306
decision_type=2 2 2 2 2 2 2 2 2 2 2 2 2 2 2 2 2 2 2 2 2 2 2 2 2 2 2 2 2 2
left_child=1 2 3 4 5 -1 7 8 17 13 -11 12 -8 -10 16 -16 -5 19 -19 -2 -3 -6 -13 -9 -4 -24 27 -22 -29 -25
right_child=6 20 24 14 21 -7 11 23 9 10 -12 22 -14 -15 15 -17 -18 18 -20 -21 26 -23 25 29 -26 -27 -28 28 -30 -31
leaf_value=5.6665940957882907e-05 0.002316735455880996 -0.053841970732117231 -0.047968462912467057 -0.088176941612758949 0.034921133915190042 -0.012310794394725813 -0.039078501888668848 0.036671364970860591 -0.092827020859126863 0.011882916582971005 -0.29625039772084499 0.0085474088277790218 0.05771360187622461 -0.038478152478759763 -0.26962814527086543 -0.0026379034558280615 -0.0013547051122412301 -0.0355140841343876 0.004500505509808077 0.040772898223288473 -0.007296256437283842 -0.065268891801353965 -0.030360662370145494 -0.029836655630102717 0.015046039261250789 -0.082864266333971856 0.023511480086741185 -0.041832176733613675 -0.20421131905358228 0.033822906272574171
leaf_weight=236501.84453108907 229133.73182825744 596.19271471351385 202.00445758923888 396.26716828346252 4797.2201416529715 18229.495457915589 660.36084178090096 3452.0765477661043 806.49610936641693 2843.9463519770652 19.958412058651447 653.20398303121328 791.47130725346506 1523.1025284826756 76.526350453495979 79.549992591142654 717.88300769031048 12013.738512080163 64495.112803878263 4981.7203169390559 68880.751712463796 127.13819765299559 2932.7004660069942 420.3239466343075 11478.983516104519 315.78654158115387 811.26780191063881 490.23286501318216 35.00180821865797 328.64424166083336
leaf_count=2720697 4464809 6041 1834 1743 95078 234576 29982 63029 14062 46375 143 4348 4348 15468 914 954 5253 112260 990891 69258 1449243 862 12430 3995 140645 1474 8903 2615 288 6186
internal_value=5.77365e-05 -0.00142327 0.000199826 -0.000416016 -0.000199463 -0.000828394 0.00162089 0.00192846 0.00155778 -0.020331 0.00973555 -0.0167647 0.013688 -0.0572935 -0.0446831 -0.133547 -0.0322346 0.00192376 -0.00178275 0.00313504 -0.00767161 0.0323344 -0.0280963 0.0297943 0.0139563 -0.0354646 -0.00727959 -0.0076395 -0.0526532 -0.00190309
internal_weight=668793 343420 272607 260926 259656 254731 325372 320019 315818 5193.5 2863.9 5353.52 1451.83 2329.6 1270.23 156.076 1114.15 310624 76508.9 234115 70813.4 4924.36 3901.69 4201.04 11681 3248.49 70217.3 69406 525.235 748.968
internal_count=10508704 4669646 3202556 3060077 3051213 2955273 5839058 5786476 5713266 76048 46518 52582 34330 29530 8864 1868 6996 5637218 1103151 4534067 1467090 95940 18252 73210 142479 13904 1461049 1452146 2903 10181
is_linear=0
shrinkage=0.05


Tree=100
num_leaves=31
num_cat=0
split_feature=1 0 0 1 1 0 3 1 2 0 0 0 1 1 0 2 3 1 0 0 0 1 1 3 3 0 1 2 0 0
split_gain=580.436 650.571 1544.08 774.106 2561.18 2549.07 2402.2 5803.31 2108.62 2056.77 1943.59 4849.96 2970.34 2177.74 2076.49 1444.14 1157.07 1118.05 653.516 3425.34 2506.87 1404.3 1003.58 971.844 208.014 120.139 52.615 68.3533 22.1124 20.4266
threshold=-0.5151551456145852 0.89635260974397246 0.89692245893593214 0.49594010002770628 0.57145327630474652 0.28508777794332463 3.5387918830276415 0.54459740642940502 3.7734769914494146 0.60255211543935061 0.40086358386613169 0.29782897834397226 0.35815495563763139 0.49297196920644654 0.67216175385953125 2.8193011638996288 1.2829990237933924 0.42632142793878453 0.99613603573865839 1.001086503821605 1.0026723873875354 -0.28205325883351068 0.40960982673467899 5.4131322212818391 8.0333519505345929 0.90418916821950179 -0.84084583113390909 8.4921764472094434 2.7421961862478588 2.010777875261029
decision_type=2 2 2 2 2 2 2 2 2 2 2 2 2 2 2 2 2 2 2 2 2 2 2 2 2 2 2 2 2 2
left_child=24 3 -3 10 6 15 7 -5 -8 -7 11 16 -13 17 -15 -6 -2 -12 21 22 -21 25 -20 -23 -1 -4 -26 -28 29 -29
right_child=1 2 18 4 5 9 8 -9 -10 -11 13 12 -14 14 -16 -17 -18 -19 19 20 -22 23 -24 -25 26 -27 27 28 -30 -31
leaf_value=-0.044096382577569149 0.044839722028440526 0.020738840322862592 0.0068220608397692138 -0.098645832514834442 0.00040120267150539472 -0.049990488055927054 0.036530824128394715 0.025886083266090178 -0.083966650270715815 0.028888211744213667 -0.0015496240852349841 -0.033037624403938919 -0.14289187553933047 0.038145250975954635 -0.10923225553160353 0.047884360786438838 -0.011773585740996764 0.01612111691998281 -0.016896171818398302 0.045120782523257019 9.6652788093738403e-05 0.010425333045265947 -0.063741412353734817 -0.0076186859023478423 -0.02126269649847248 -0.043963283989770639 -0.040186324707857046 0.024187871659762033 0.027853482904552085 0.10001939630291412
leaf_weight=1003.5730950478464 1121.9184556808323 10814.624519862235 126.37690858542919 1311.5641286671162 40921.566690331325 4239.7725102417171 11620.668727442622 3262.9334522821009 374.77230232581496 1026.525382488966 357972.73532172851 1313.8654293045402 1157.3856773748994 329.85427453741431 867.7749384790659 1666.5054543428123 4615.4280670136213 9180.960061121732 2077.5626704050228 3156.0041089504957 151467.77968202345 44894.752344749868 2542.4270411208272 8949.8762643411756 99.016903296113014 1482.8357981042936 31.132279943674803 13.582573890686033 79.070587083697319 25.652417778968811
leaf_count=53958 39554 1421884 2196 10001 494189 23758 291611 54950 2388 8725 4427126 11500 7556 5636 3520 26713 47300 169322 13425 53309 2338053 885494 12427 68636 1427 32481 591 143 672 159
internal_value=5.61374e-05 0.00012003 0.00230449 -0.00099707 0.0040676 -0.00179872 0.0210096 -0.00981873 0.0327661 -0.0346152 -0.00186357 -0.0259267 -0.0844868 -0.00132733 -0.0686411 0.00225926 -0.000703047 -0.00110775 0.00137593 -0.000251938 0.00101563 0.00605059 -0.0426756 0.00742612 -0.0339559 -0.0399749 0.00700412 0.0257336 0.0430805 0.0737676
internal_weight=667748 666496 225512 440984 64424.3 47854.4 16569.9 4574.5 11995.4 5266.3 376560 8208.6 2471.25 368351 1197.63 42588.1 5737.35 367154 214698 159244 154624 55453.8 4619.99 53844.6 1252.03 1609.21 248.455 149.438 118.306 39.235
internal_count=10508704 10451754 4827905 5623849 912335 553385 358950 64951 293999 32483 4711514 105910 19056 4605604 9156 520902 86854 4596448 3406021 2417214 2391362 988807 25852 954130 56950 34677 2992 1565 974 302
is_linear=0
shrinkage=0.05


Tree=101
num_leaves=31
num_cat=0
split_feature=0 2 0 2 0 0 1 1 3 1 1 2 0 1 3 1 1 3 1 1 2 1 1 3 1 1 3 2 3 1
split_gain=554.917 1038.76 847.384 2027.45 858.452 2457.47 1284.3 1795.72 1067.21 810.046 1047.02 780.001 689.769 623.068 1569.48 744.361 607.817 622.243 301.559 290.601 282.259 334.907 277.405 232.68 260.807 189.134 551.724 154.948 143.245 135.902
threshold=2.3373608547585905 7.8263922073548722 1.5415145183742962 6.9771150019948998 1.1230114192572203 1.1363723124172573 -0.3327390262831656 -0.33035528887943305 3.3970876235880936 -0.25962049904085055 -0.76496095472163017 3.3840690488195206 2.2067740511318386 0.026550044798565861 6.8745952661962386 -0.16519490745588292 -0.043235826865328751 7.6373808508092571 -0.19391221576389076 -0.44817777336931641 8.4921764472094434 -0.14282830981264405 -0.34328900273313795 6.7203860607268515 -0.29140320488211624 -0.17693118285827797 8.3102505804131521 8.750048439177446 7.3612460181789956 -0.10991279340077306
decision_type=2 2 2 2 2 2 2 2 2 2 2 2 2 2 2 2 2 2 2 2 2 2 2 2 2 2 2 2 2 2
left_child=1 2 4 13 6 22 11 -8 -7 10 -2 -1 19 15 -15 -4 28 -18 -14 -3 29 -22 -6 24 -12 26 27 -11 -5 -20
right_child=9 12 3 16 5 8 7 -9 -10 25 23 -13 18 14 -16 -17 17 -19 20 -21 21 -23 -24 -25 -26 -27 -28 -29 -30 -31
leaf_value=-0.12391241609340016 -0.040370513290441834 -0.036036897608816794 -0.03657194523165945 -0.057446081079122052 -0.063293947380899218 -0.040303318238202816 0.030447737671383496 -0.00031202662224972459 0.0030662414490771825 0.0069402930150681344 0.34705659377898312 -0.014050558225435673 0.079220187082620366 0.013677982875606948 -0.086391306509409072 -0.13211337122553216 0.023289797543438431 -0.251507421036548 -0.0052344960526870994 0.038924345270907025 0.020390157978897233 -0.074452653969253074 0.032294179909058751 0.056961129219327444 -0.1109693632145782 -0.04948735286990312 -0.039041859026410219 0.072913194090753683 -0.011381097929098112 0.032339005170985417
leaf_weight=163.45579974353313 524.30691093578935 134.69460902921855 369.97577339410782 323.05282483994961 76.621948078274727 1459.6456532925367 4784.352981261909 572940.80340896919 50277.985361881554 310.08522970974445 3.41467311233282 13951.029759520665 106.55674265697598 797.05315632373095 770.69640619307756 454.05932039767504 2209.4360071122646 20.79426171630621 961.99435764551163 3221.9974027574062 139.15844957530499 281.1033855676651 8065.3347069639713 748.93993059359491 34.605029001832008 1090.1142246834934 1322.6016715764999 124.83012188971043 353.35543039813638 320.95178430527449
leaf_count=695 25302 5045 12157 9801 763 7455 252878 8664783 826196 1244 84 249252 475 7665 7804 2156 34770 131 7733 57984 636 1218 304842 4687 141 4770 5676 501 5641 6219
internal_value=5.52099e-05 0.00016956 -6.04883e-06 -0.019921 0.000155858 0.00586092 -0.000421354 -5.72938e-05 0.00184268 -0.0181517 0.014367 -0.0153228 0.0225017 -0.0540172 -0.0355155 -0.0892171 0.00813576 0.0207276 -0.00237947 0.0359164 -0.00748454 -0.043048 0.0313946 0.0508355 -0.0698326 -0.0331257 -0.0229773 0.0258759 -0.0333818 0.00416518
internal_weight=666343 662184 657018 5298.42 651719 59879.6 591840 577725 51737.6 4158.9 1311.27 14114.5 5166.46 2391.78 1567.75 824.035 2906.64 2230.23 1809.76 3356.69 1703.21 420.262 8141.96 786.96 38.0197 2847.63 1757.52 434.915 676.408 1282.95
internal_count=10508704 10466299 10386989 80125 10306864 1139256 9167608 8917661 833651 42405 30214 249947 79310 29782 15469 14313 50343 34901 16281 63029 15806 1854 305605 4912 225 12191 7421 1745 15442 13952
is_linear=0
shrinkage=0.05


Tree=102
num_leaves=31
num_cat=0
split_feature=2 0 0 0 3 3 0 2 0 2 1 1 0 1 1 1 1 2 1 2 1 1 3 1 1 3 1 3 0 1
split_gain=520.439 559.355 1203.21 862.622 877.374 1943.09 592.873 832.295 884.532 1774.18 731.264 944.118 653.32 512.652 475.265 429.298 290.668 607.284 290.336 284.713 270.987 270.264 206.608 192.792 163.915 503.074 157.284 122.387 1171.24 140.566
threshold=0.88146779030775313 0.84775196362271432 0.8188851740653631 0.79547812209782809 4.8199479288142033 4.5977583100185493 2.3373608547585905 7.8263922073548722 1.5415145183742962 6.9771150019948998 -0.25962049904085055 -0.76496095472163017 2.2067740511318386 0.55727822660461868 -0.080763813781705968 0.43959186076981943 0.22564911870343204 2.1918732566761614 -0.29140320488211624 4.3715146227452468 -0.44817777336931641 -0.19391221576389076 6.7203860607268515 0.46381213525713688 -0.17693118285827797 8.3102505804131521 -0.24833549022438586 1.0858476682246934 -0.29435794004766241 0.81545567171745659
decision_type=2 2 2 2 2 2 2 2 2 2 2 2 2 2 2 2 2 2 2 2 2 2 2 2 2 2 2 2 2 2
left_child=27 2 3 4 5 -2 7 8 13 -10 11 -8 20 -3 26 -6 17 -16 -5 -18 -9 -14 -13 -20 25 -12 -4 28 -1 -30
right_child=1 6 14 18 15 -7 10 12 9 -11 24 22 21 -15 16 -17 19 -19 23 -21 -22 -23 -24 -25 -26 -27 -28 -29 29 -31
leaf_value=0.040425491972045369 -0.00089250378425740143 0.0016008488216799025 -0.043443489858621391 -0.046880458107620065 -0.030276657963718187 0.031428812091478416 -0.03987421905349621 -0.035413459460068457 -0.050112180667638707 0.0078460390955332193 0.024556072589417013 -0.064337312397709831 0.074700606522957291 0.030047997145652029 -0.078995293321617532 -0.11504332200287382 -0.0014513859471860374 -0.0078878602697121415 0.014896297220000455 0.03170072111591047 0.038174659565464487 -0.0071043036988708537 0.053213599839602513 -0.086661062554344512 -0.046664549481289147 -0.037491185847121848 -0.12914011956281066 0.05008260019867386 -0.12310043404666789 -0.27899933417445205
leaf_weight=686.23277404159307 252849.41594918631 307712.50755887665 523.05809439904988 196.11292275413871 1123.2610782496631 4737.1309822313488 504.78802214935422 130.32429141178727 2445.9149645064026 2869.4540456887335 435.34817315638065 39.309751655906439 107.331691974774 1591.9390698559582 301.80748575925827 172.27262373268604 10091.46379397437 58682.602455280721 11344.721680242568 692.03962455689907 3123.5297428667545 1702.006331410259 761.2666257545352 46.924519628286362 1098.0390105396509 1308.7964010089636 59.647943541407585 531.8708383962512 65.05192968994379 18.591047823429108
leaf_count=15920 2924693 5616566 5718 1834 6996 95940 25302 5045 29782 50343 1745 225 475 20652 1374 1868 41254 1409987 140335 8434 57984 15806 4687 310 4770 5676 323 14047 478 135
internal_value=5.34765e-05 -8.38207e-06 -0.00142226 9.2875e-05 -0.000504531 -0.0002981 0.00147968 0.00172336 0.00139972 -0.018824 -0.0173029 0.0136764 0.0218342 0.00174726 -0.00724736 -0.0415484 -0.00687178 -0.0082517 0.0134395 0.000676176 0.0352273 -0.00225156 0.0474416 0.014478 -0.0315312 -0.0220038 -0.0522157 0.0316375 0.0188946 -0.157752
internal_weight=665953 664651 340820 270470 258882 257587 323831 319683 314620 5315.37 4147.55 1305.36 5063.19 309304 70350.6 1295.53 69767.9 58984.4 11587.8 10783.5 3253.85 1809.34 800.576 11391.6 2842.18 1744.14 582.706 1301.75 769.876 83.643
internal_count=10508704 10478124 4639066 3171976 3029497 3020633 5839058 5796653 5717343 80125 42405 30214 79310 5637218 1467090 8864 1461049 1411361 142479 49688 63029 16281 4912 140645 12191 7421 6041 30580 16533 613
is_linear=0
shrinkage=0.05


Tree=103
num_leaves=31
num_cat=0
split_feature=1 3 2 1 0 1 0 3 3 0 1 0 0 3 1 0 0 0 1 2 0 2 2 0 3 2 1 2 1 3
split_gain=495.109 599.226 3217.25 2925.07 4858.25 2226.96 2103.76 1778.9 2440.75 1983.02 1523.86 4989.04 1520.67 1044.48 983.651 725.431 682.908 1395.47 1322.18 601.821 530.73 298.008 285.226 220.331 219.363 177.841 174.503 167.94 326.891 116.999
threshold=-0.50183990405672374 6.1233665642041295 5.6979441667398492 0.26484938859632151 1.1878903660544202 0.18302979933995736 1.3777614290863232 5.892491343727194 5.879639423924421 1.066066415758957 0.26023580545188774 1.1978845133089424 1.1111506969437031 5.8399949086104135 0.078424753846921769 1.4362370908715618 2.2067740511318386 1.5671198004630646 -0.272696703161662 5.8028513984867311 1.181305133447065 5.5444535459815718 6.5325069593471712 1.7047550939835749 8.0333519505345929 5.0136407960728784 0.16144018763907536 6.7188461076676758 0.26023580545188774 7.3612460181789956
decision_type=2 2 2 2 2 2 2 2 2 2 2 2 2 2 2 2 2 2 2 2 2 2 2 2 2 2 2 2 2 2
left_child=24 2 7 10 20 6 14 8 13 26 23 -12 -10 -2 22 19 17 -8 -18 -7 -5 -11 -3 -4 25 -1 -9 28 -17 -29
right_child=1 5 3 4 -6 15 16 9 12 21 11 -13 -14 -15 -16 27 18 -19 -20 -21 -22 -23 -24 -25 -26 -27 -28 29 -30 -31
leaf_value=0.16494682222052415 -0.00016821726965900359 -0.096790821533080662 -0.045119785372539384 -0.071822526191764921 0.04439509946980022 -0.4775345394905941 -0.0089258591690367737 -0.084921004211231985 -0.081503575206280765 0.038192279815719501 -0.29871066318249223 0.046234415798367873 0.021973440467916699 0.028473693138401996 -0.011977714190145873 -0.2646581119759106 0.052273153281059609 0.025814857844801253 -0.021459869276669929 0.027640369432507333 -0.029929920177503316 0.020037635774974225 -0.045824821776545129 -0.098973278514215779 0.0097100426305298491 -0.043390593783405457 -0.036702709575571264 0.018619293560524965 -0.063481719509382542 -0.15260160168778891
leaf_weight=10.347266837954519 612062.69862749707 795.60607221908867 583.64576374180615 1994.3946901112795 1932.1128877699375 5.8989126980304709 5396.5970222689211 295.84219905734062 1460.276524297893 3744.1496578902006 293.57464408129454 163.03680564835668 469.1061679199338 3199.6325545087457 985.55543479695916 25.154891520738602 698.88475583866239 6224.6860197111964 4675.5536920726299 10329.430824350566 1217.5896230489016 5704.1916262097657 419.13550434634089 281.54831296950579 265.11344773322344 1018.5909816268831 513.01721295714378 62.603294968605042 102.35626378282905 11.868684425950049
leaf_count=228 9618988 8977 11078 15071 24364 63 87929 1285 7208 73706 3048 1694 5442 37764 8975 167 3169 102523 28549 299803 9282 84279 6333 1355 3130 59378 2624 685 1552 55
internal_value=5.14154e-05 0.000111662 -0.000213727 -0.0353028 -0.0182556 0.00704896 -0.00308932 0.000147868 -0.000195343 0.0207994 -0.101646 -0.175545 -0.0563444 -1.92668e-05 -0.0490929 0.025518 0.00286638 0.00968225 -0.0118717 0.027352 -0.055942 0.0272319 -0.0792055 -0.0626446 -0.030846 -0.0412955 -0.0543387 -0.0683262 -0.103169 -0.00866838
internal_weight=664942 663648 633915 6465.9 5144.1 29733.3 19196 627449 617192 10257.2 1321.81 456.611 1929.38 615262 2200.3 10537.3 16995.7 11621.3 5374.44 10335.3 3211.98 9448.34 1214.74 865.194 1294.05 1028.94 808.859 201.983 127.511 74.472
internal_count=10508704 10445968 9897188 65892 48717 548780 246455 9831296 9669402 161894 17175 4742 12650 9656752 24285 302325 222170 190452 31718 299866 24353 157985 15310 12433 62736 59606 3909 2459 1719 740
is_linear=0
shrinkage=0.05


Tree=104
num_leaves=31
num_cat=0
split_feature=2 0 2 3 1 1 3 1 3 0 3 1 2 3 1 1 2 3 3 3 0 0 2 1 0 0 1 0 1 2
split_gain=484.039 499.43 1096.08 1783.24 3231.48 4220.44 2038.43 4356.22 2077.38 1987.09 1427.88 1987.79 1222.58 887.404 750.123 600.32 571.824 5626.05 2622.57 4313.86 2252.95 3449.52 2014.14 1644.87 2762.8 1383.01 1267.69 1121 417.589 367.421
threshold=0.88146779030775313 0.84775196362271432 2.1918732566761614 3.5387918830276415 0.57938706724800537 0.50269308430617887 3.4107891595359914 0.53973201220400224 3.1567621018229679 0.33692532184070467 2.0130234995999845 0.72828833234014589 1.9591535062539875 1.6649536825965745 0.59167337229920991 0.81545567171745659 4.7848567824260186 5.5478791408934205 5.4276012788821086 5.4131322212818391 1.0173126806855874 1.0185760684794598 5.2487551992938792 0.17514869934927838 1.3903996925279913 1.1978845133089424 0.45204277284632283 1.0877026344952994 0.26971789134358293 4.7175654691367521
decision_type=2 2 2 2 2 2 2 2 2 2 2 2 2 2 2 2 2 2 2 2 2 2 2 2 2 2 2 2 2 2
left_child=-1 2 10 6 5 -5 8 -8 -4 -6 12 14 13 -2 -12 -13 18 20 19 26 22 -22 -18 24 -19 -25 -3 -21 -14 -20
right_child=1 16 3 4 9 -7 7 -9 -10 -11 11 15 28 -15 -16 -17 17 23 29 27 21 -23 -24 25 -26 -27 -28 -29 -30 -31
leaf_value=0.030895160264861533 -0.0022422811016995533 0.001899989296584807 -0.0096993450883742695 -0.0029828132843747559 -0.098938659496445064 0.033805285283061537 -0.054493603681567561 0.034550056570979606 0.010379082746331923 -0.018019721760088196 0.0012794242835870977 -0.053082802654697774 -0.061874589982729183 0.0050454912423017351 0.03061637039248415 0.027400351144080261 -0.010828221388941727 -0.047295752256922313 0.049720702122063837 -0.057940783819125791 -0.12707919542951371 -0.032242967430415256 -0.10404111118278946 0.0041146659439228322 4.0432298052015653e-05 0.023864014576452843 0.022098557834778154 -0.19304816308092002 0.021658331878558604 0.020229890707786372
leaf_weight=1269.5501072127372 124217.50377038494 217986.33145028912 75866.704862903804 23717.326443593949 1000.8559464365244 11613.838537562639 5767.676963897422 1802.8996492438018 15517.290436303243 3135.4175788015127 2868.3921546675265 1206.4796184301376 1048.2030391544104 62933.289894944057 9065.0136677604169 286.76339986920357 9307.9110185382888 3721.3485064059496 3099.7659439109266 1996.6177095100284 1322.7049381975085 3485.6473286990076 618.01260590273887 42532.793223626912 17955.734940949827 11198.561029106379 8055.0837119761854 166.31672364473343 174.52520830184221 1601.9990498647094
leaf_count=30580 719702 4278563 1542296 274115 6564 293233 164846 26106 383036 19975 13318 6090 10172 916445 260775 1511 78756 37510 51762 11102 12067 35678 10758 541589 268526 318838 175420 989 882 17500
internal_value=5.11944e-05 -7.84327e-06 -0.00134479 -0.00477143 0.00421467 0.00910994 -0.00835548 -0.0332882 -0.00628996 -0.0375997 0.00100567 0.0167593 -0.000117205 0.000208382 0.0235647 -0.0376268 0.00140018 -0.00198119 0.00270888 0.00194731 -0.0302399 -0.058331 -0.0166319 0.00354036 -0.00808587 0.00823078 0.00261977 -0.0683297 -0.0499516 0.0396725
internal_weight=664541 663271 340222 138422 39467.4 35331.2 98954.6 7570.58 91384 4136.27 201800 13426.6 188374 187151 11933.4 1493.24 323049 90142.7 232906 228204 14734.3 4808.35 9925.92 75408.4 21677.1 53731.4 226041 2162.93 1222.73 4701.76
internal_count=10508704 10478124 4639066 2710171 593887 567348 2116284 190952 1925332 26539 1928895 281694 1647201 1636147 274093 7601 5839058 1303722 4535336 4466074 137259 47745 89514 1166463 306036 860427 4453983 12091 11054 69262
is_linear=0
shrinkage=0.05


Tree=105
num_leaves=31
num_cat=0
split_feature=1 3 2 1 3 1 0 2 1 1 3 3 0 0 0 1 1 0 3 3 2 0 2 2 2 3 3 1 3 1
split_gain=460.259 497.327 2840.65 2381.12 4344.48 1937.22 2438.26 2561.06 2084.62 1804.41 1644.72 2172.87 1717.15 1501.14 1302.36 1209.66 988.173 3195.99 953.74 654.317 481.39 446.949 306.136 290.354 288.772 261.308 216.708 194.656 187.438 141.071
threshold=-0.5151551456145852 6.1233665642041295 5.6979441667398492 0.26484938859632151 6.0960189868513011 0.14247634623783639 1.5671198004630646 6.8927866192349851 0.078424753846921769 0.090576965594080613 5.892491343727194 5.879639423924421 1.066066415758957 2.2067740511318386 1.1111506969437031 -0.272696703161662 0.26023580545188774 1.1978845133089424 5.8399949086104135 6.7605337964417886 5.6979441667398492 1.181305133447065 7.8263922073548722 6.7983546872230205 5.5444535459815718 6.389943731056321 7.2547221801212514 0.026550044798565861 8.0333519505345929 0.16144018763907536
decision_type=2 2 2 2 2 2 2 2 2 2 2 2 2 2 2 2 2 2 2 2 2 2 2 2 2 2 2 2 2 2
left_child=28 2 10 16 21 6 7 8 -3 -9 11 18 29 22 -13 -15 27 -18 -2 20 -7 -5 -8 -21 -14 -22 -25 -4 -1 -12
right_child=1 5 3 4 -6 19 13 9 -10 -11 12 14 24 15 -16 -17 17 -19 -20 23 25 -23 -24 26 -26 -27 -28 -29 -30 -31
leaf_value=-0.042917792421815482 -0.00014731813536352696 -0.063131817203614937 -0.073614037821814637 -0.065343502123875116 0.044814201652080929 -0.21874282391813638 0.014438176311003621 -0.040980535115979537 0.0069162198204484569 -0.1966574069640232 -0.075663873694477857 -0.075088377804601161 0.037473771370990359 0.049100310596666252 0.02109750465052394 -0.020118765843999298 -0.22602737501674014 0.045265594468869824 0.027575785247820617 -0.20421803995312407 0.028601313568806092 -0.027753362916507603 0.036895495756578571 0.013034516763816084 0.019331702701353516 0.013667931881176532 -0.16265373215237078 -0.021150220136450598 0.0063737407009523189 -0.03291740519719627
leaf_weight=870.60081276576966 610193.48923177645 1670.9827170483768 607.14279471710324 2086.4401487857103 1820.4423095583916 20.648150213062763 3105.8457991071045 373.39231469295919 2914.9567728787661 371.15378323197365 305.74109862744808 1507.998290412128 3608.2853290662169 729.4235231615603 459.05545174330473 4686.0799245089293 366.5246257185936 154.24490227922797 3118.1702389866114 39.921595543622971 7647.0750521756709 1273.3893408700824 2967.4369883425534 57.965394765138626 5593.8175692297518 4748.3443710692227 25.175226241350174 249.4400843642652 247.74803871288896 523.45558978617191
leaf_count=53958 9621308 19715 11201 15071 23713 123 44359 6397 33199 3397 1285 7208 73706 3538 5442 28519 3048 1694 37764 220 231595 9933 57986 542 84279 122524 123 1241 2992 2624
internal_value=5.08368e-05 0.000105042 -0.000190534 -0.0329276 -0.0173918 0.00646659 -0.00462321 -0.0325718 -0.0186072 -0.118585 0.00015278 -0.000174644 0.0202356 0.00834419 -0.0526413 -0.0107955 -0.0913583 -0.145674 -6.36964e-06 0.0213418 0.0224789 -0.0510967 0.0254109 -0.0933837 0.0264455 0.0228807 -0.0401644 -0.0583364 -0.0319982 -0.0486789
internal_weight=662344 661226 631868 6557.62 5180.27 29358.4 16819.3 5330.49 4585.94 744.546 625310 615279 10031.3 11488.8 1967.05 5415.5 1377.35 520.77 613312 12539.1 12416.1 3359.83 6073.28 123.062 9202.1 12395.4 83.1406 856.583 1118.35 829.197
internal_count=10508704 10451754 9899517 65901 48717 552237 197110 62708 52914 9794 9833616 9671722 161894 134402 12650 32057 17184 4742 9659072 355127 354242 25004 102345 885 157985 354119 665 12442 56950 3909
is_linear=0
shrinkage=0.05


Tree=106
num_leaves=31
num_cat=0
split_feature=2 1 1 0 3 1 1 0 0 3 2 2 3 0 2 2 2 1 1 3 1 2 2 3 0 1 3 0 3 0
split_gain=448.194 483.676 2391.33 1835.05 7531.4 3124.89 2442.13 2110.78 1966.18 1801.14 1212.15 2046.16 1446.48 1290.8 1109.81 784.312 1569.69 1341.9 421.047 369.997 365.734 522.787 331.797 371.661 312.2 332.97 143.998 127.061 116.776 1014.35
threshold=0.88146779030775313 0.63978365821300709 0.62232822779575792 0.086608706665670512 2.7736145078981358 0.46920906322072686 0.53516931452139527 0.31148751576106082 -0.12584944700725806 3.8808103083624803 2.2260795454908346 2.2558613311817459 2.6968457841188687 0.086608706665670512 2.6132042281803938 1.5447018760744757 1.3710665965557243 0.65557905798065585 0.69028085948440954 3.9759333925799014 0.72828833234014589 2.0970479875020533 1.782367713283475 2.0130234995999845 0.010501662944753633 0.6437191950917095 2.8820108527573445 1.0000000180025095e-35 1.0858476682246934 -0.29435794004766241
decision_type=2 2 2 2 2 2 2 2 2 2 2 2 2 2 2 2 2 2 2 2 2 2 2 2 2 2 2 2 2 2
left_child=28 2 3 4 8 -6 7 -5 -2 22 12 24 15 -13 -8 16 -3 -17 -15 -11 27 -22 23 -4 -12 -26 -24 -14 29 -1
right_child=1 10 9 6 5 -7 14 -9 -10 19 11 13 20 18 -16 17 -18 -19 -20 -21 21 -23 26 -25 25 -27 -28 -29 -30 -31
leaf_value=0.039448666294361855 -0.056668314824578681 -0.010256473962777925 0.0058121124544033677 -0.035199947176415454 0.0071292433393671615 -0.117694342359734 -0.020256814312508989 -1.8652563000738955e-05 0.019509226274643722 -0.064997713673504112 0.059819371723215276 0.056205068203628639 0.027757719187127008 -0.03584102391342029 0.022453927212654143 0.030549727793692201 0.032246037057391118 -0.035444178488560386 -0.0083215487196674695 0.016256928583848095 0.060713290393911712 -0.062151316517731175 0.031874142935572919 -0.17106434801471715 -0.12439412097769864 -0.033958733122531747 0.047322570539260207 0.050621543383120221 0.048593048305918603 -0.13898334705321785
leaf_weight=643.41181272640824 1001.421387553215 7856.1113351508975 206.90249401330948 4294.1148833762854 647.62571599334478 2220.6166345253587 1677.9993662461638 596598.7513242336 5495.0056696459651 554.51470929384232 28.455456450581551 574.49415494501591 1140.889013171196 2870.4478007555008 16251.073530144989 956.69716721214354 3002.5741917714477 3953.2867406606674 2694.7779886424541 187.46527546644211 142.64402835071087 220.27764499187469 2807.2866763966158 34.676977200433612 599.1144367903471 122.61119581013918 3260.2756397351623 1300.0995436385274 505.14630134776235 90.902772128582001
leaf_count=15920 12446 34888 895 49289 5043 13869 15238 9628054 104805 3071 151 4419 22146 16449 303226 25818 12764 31554 11771 1038 601 898 115939 614 2513 530 39196 20899 14047 613
internal_value=5.05795e-05 -5.77238e-06 0.000265077 -5.99403e-05 -0.0220277 -0.0895102 0.0002725 -0.000270066 0.00776649 0.0292209 -0.00676291 -0.0246742 -0.000118329 -0.0151497 0.0184566 -0.00600235 0.00149605 -0.0225854 -0.0225156 -0.0444683 0.0329723 -0.0138602 0.0378871 -0.0195772 -0.102626 -0.10903 0.040175 0.0399353 0.0300892 0.0173601
internal_weight=661940 660700 635238 628187 9364.67 2868.24 618822 600893 6496.43 7051.12 25462.5 6889.9 18572.6 6139.72 17929.1 15768.7 10858.7 4909.98 5565.23 741.98 2803.91 362.922 6309.14 241.579 750.181 721.726 6067.56 2440.99 1239.46 734.315
internal_count=10508704 10478124 10292723 10131970 136163 18912 9995807 9677343 117251 160753 185401 35833 149568 32639 318464 105024 47652 57372 28220 4109 44544 1499 156644 1509 3194 3043 155135 43045 30580 16533
is_linear=0
shrinkage=0.05


Tree=107
num_leaves=31
num_cat=0
split_feature=1 1 2 0 3 1 1 1 0 2 2 0 2 0 2 3 3 0 0 0 1 2 0 0 3 1 1 1 3 2
split_gain=429.418 497.769 1946.27 2417.59 967.485 722.657 1643.36 2163.77 755.632 719.031 642.211 598.638 2028.41 209.14 188.789 180.984 153.564 130.204 117.035 112.702 34.9765 48.9333 23.3844 16.8429 1037.8 53.1256 16.4202 9.49397 6.72545 47.3269
threshold=-0.5151551456145852 -0.34304814104621323 3.4437761330069674 1.1735698911172281 3.4107891595359914 -0.3327390262831656 -0.33035528887943305 -0.31248217156279456 2.3373608547585905 3.3840690488195206 7.8935887178473578 1.3409395388167957 3.9404568368205912 1.0956075047414111 4.7394346907280349 8.0333519505345929 3.9087007104622415 1.1217607961392175 2.1085648409144384 1.1608262097304909 -0.84084583113390909 8.4921764472094434 2.7421961862478588 2.7421961862478588 7.3612460181789956 -0.61675189075187198 -0.80556013693077455 -0.76496095472163017 6.8203822273901951 7.2886576889082564
decision_type=2 2 2 2 2 2 2 2 2 2 2 2 2 2 2 2 2 2 2 2 2 2 2 2 2 2 2 2 2 2
left_child=15 2 -2 4 19 9 13 10 -9 -3 -8 12 -5 -7 -6 23 -13 -11 -19 -4 -17 -22 26 28 -25 -26 -23 -24 29 -1
right_child=1 5 3 11 14 6 7 8 -10 17 -12 16 -14 -15 -16 20 -18 18 -20 -21 21 22 27 24 25 -27 -28 -29 -30 -31
leaf_value=-0.037310022031782193 0.032894514933201884 -0.11477756682315506 -0.16098464148474784 0.0071127368048938631 -0.053596054994259672 -0.049351881470228356 -0.046454761653699821 0.0001618778829767506 -0.0248635468778113 -0.049219106560400482 0.069252090415344192 0.052677615599057717 -0.054551708509351218 0.031104607366224814 -0.019111761235149665 -0.018442791129604608 0.020171425491913988 -0.010198306564682749 0.072036786484661428 -0.10242344348431083 -0.038769637189171063 0.17264591765977355 -0.035077548030402382 1.7819578765345012 -0.050781017096900763 0.16421651637245521 0.055314050853136114 0.023891299457985057 -0.046600537861845703 0.24197077147596313
leaf_weight=119.52304080501199 5630.5933320783079 167.74958677589893 164.14505358785391 18693.54223690927 847.90714987181127 82.226779356598854 2981.1572938971221 607565.2979181502 3031.4382277056575 214.3007248044014 124.9485147446394 705.09646040201187 1436.0465253032744 4562.2255843058228 746.16404150333256 92.046053566038609 749.5702050011605 12403.648635774851 43.416840806603432 164.48795521259308 28.592659581452608 3.2343887612223616 7.4674699306488028 0.7910064160823812 59.889400254935026 3.0180706530809394 38.191809512674809 79.412773489952087 650.4173304727301 1.5364317800849665
leaf_count=8875 250271 695 773 244535 21281 1144 37477 9358284 13032 4254 500 3883 20323 251767 27030 1427 14104 201369 208 824 591 25 88 36 3955 137 277 584 40868 87
internal_value=4.97617e-05 0.000101385 0.00649075 0.000166287 -0.0535585 -0.000193573 5.01195e-05 -0.000174118 3.76338e-05 -0.0119393 -0.0418003 0.00495204 0.00271359 0.0296802 -0.0374544 -0.0313926 0.0359276 -0.0105768 -0.00991146 -0.131673 0.0060261 0.020381 0.0335625 -0.0425462 -0.0178354 -0.0404662 0.0644748 0.0188229 -0.0445865 -0.0337655
internal_weight=661398 660314 29137.6 23507 1922.7 631176 618347 613703 610597 12829.1 3106.11 21584.3 20129.6 4644.45 1594.07 1084.12 1454.67 12661.4 12447.1 328.633 248.945 156.899 128.306 835.175 63.6985 62.9075 41.4262 86.8802 771.477 121.059
internal_count=10508704 10451754 583024 332753 49908 9868730 9662204 9409293 9371316 206526 37977 282845 264858 252911 48311 56950 17987 205831 201577 1597 2992 1565 974 53958 4128 4092 302 672 49830 8962
is_linear=0
shrinkage=0.05


Tree=108
num_leaves=31
num_cat=0
split_feature=0 0 2 1 1 1 2 0 0 1 1 2 1 2 3 3 3 0 3 2 2 3 1 2 0 2 3 0 3 0
split_gain=429.249 1469.04 723.275 806.134 2137.96 958.898 1516.4 674.562 2807.69 1208.72 1056.9 3145.98 2490.79 981.198 967.799 587.971 1934.5 1126 587.092 551.044 1189.87 464.299 407.435 148.825 144.792 136.587 789.438 140.824 100.011 90.2569
threshold=0.89635260974397246 0.89692245893593214 4.9112368614918331 -0.272696703161662 -0.25962049904085055 -0.051886445752020081 3.4437761330069674 0.99613603573865839 0.99851391962338742 -0.28205325883351068 0.40960982673467899 4.6817063108378933 0.39795531170458065 2.3792084909459361 5.4131322212818391 3.5778409799554582 4.3491450911238507 0.73397330146915241 3.4451054898711253 5.3778270004476862 5.2487551992938792 4.5977583100185493 -0.28219821852206628 3.5687149674376935 0.72219012029731366 5.1276083952003857 5.1386529579542071 0.9718885128547744 5.4641271491583385 0.62800299823592676
decision_type=2 2 2 2 2 2 2 2 2 2 2 2 2 2 2 2 2 2 2 2 2 2 2 2 2 2 2 2 2 2
left_child=2 -2 3 15 24 6 -6 9 19 25 12 -12 -10 -11 -15 18 -17 -18 22 20 -9 -7 -1 -20 29 27 -27 -3 -4 -5
right_child=1 7 28 4 5 21 -8 8 10 13 11 -13 -14 14 -16 16 17 -19 23 -21 -22 -23 -24 -25 -26 26 -28 -29 -30 -31
leaf_value=-0.21184390784594034 0.020028617963190512 -0.049388948790654363 -0.041196348851406286 -0.046999619519547731 -0.0084728059346494307 -0.00032155357986353065 0.055018809414506466 -0.039643846872691874 -0.0001731660987510851 -0.032400001789552463 0.030473059251452928 -0.057481919017153466 0.039998459268416636 0.011267302196318879 -0.0067424252680786242 -0.048780054583313914 0.041148038053316884 -0.011991921538526471 0.071199764169211935 0.062180914242371703 -0.12961407817115314 0.012128892452843713 0.012348884314212639 0.025113418963471551 -0.051138349809521505 0.27074756617561269 -0.040478263507256321 0.0031758082002738596 -0.084804068534189175 0.0069127455374797227
leaf_weight=20.296094104647636 10564.686466887593 1196.2306335493922 478.00704234838486 131.75786259770393 51239.316210120916 354340.00185794476 958.00129880011082 2376.3256839290261 146930.31933263596 1538.161097496748 1635.6921768076718 2686.3599516153336 3962.7410649396479 42730.960070658475 9037.1235370263457 1723.0157944820821 1996.9688162654638 1990.4952628612518 537.29701226204634 106.74805854260921 434.71135926432908 7649.6970431990921 13391.512548195198 259.91335693001747 2254.9257574882358 23.809947262518108 141.25312675628811 142.6073496574536 181.36679596081376 188.98137338459492
leaf_count=121 1421884 25563 8150 2060 1498521 3314981 4944 11671 2358931 13642 22322 15442 63362 871852 68636 14635 11213 11916 2241 579 1857 126479 543594 1097 80034 572 7317 1225 925 2938
internal_value=4.72262e-05 0.00182976 -0.000863755 -0.000784742 -0.0012544 -0.000972 -0.00730752 0.000926863 -0.000729931 0.00570689 0.000183536 -0.0241951 0.000881818 0.00695405 0.00812335 0.0090417 -0.00450878 0.0146212 0.0144875 -0.0493229 -0.0535572 -5.84463e-05 0.0120096 0.0561743 -0.0466673 -0.0384991 0.00441531 -0.04379 -0.0531911 -0.0152341
internal_weight=660849 223508 437342 436682 416763 414187 52197.3 212943 158133 54810.1 155215 4322.05 150893 53306.2 51768.1 19919.5 5710.48 3987.46 14209 2917.79 2811.04 361990 13411.8 797.21 2575.66 1503.9 165.063 1338.84 659.374 320.739
internal_count=10508704 4884855 5623849 5614774 5029957 4944925 1503465 3462971 2474164 988807 2460057 37764 2422293 954130 940488 584817 37764 23129 547053 14107 13528 3441460 543715 3338 85032 34677 7889 26788 9075 4998
is_linear=0
shrinkage=0.05


Tree=109
num_leaves=31
num_cat=0
split_feature=2 1 1 3 0 3 1 1 0 0 2 2 3 0 2 2 2 0 1 1 2 3 2 3 0 1 3 0 3 0
split_gain=416.531 438.096 2231.55 1686.76 1629.03 6418.15 2532.46 2224.01 1901.29 1750.72 1102.63 1788.27 1342.35 1195.49 1015.83 716.664 1382.12 1308.82 390.634 346.223 472.551 343.645 314.61 284.521 272.988 283.574 140.391 127.116 110.392 872.558
threshold=0.88146779030775313 0.63978365821300709 0.62232822779575792 3.8808103083624803 0.086608706665670512 2.7736145078981358 0.46920906322072686 0.53516931452139527 0.31148751576106082 -0.12584944700725806 2.2260795454908346 2.2558613311817459 2.6968457841188687 0.086608706665670512 2.6132042281803938 1.5585302692875791 1.3710665965557243 0.27512027950812123 0.69028085948440954 0.72828833234014589 2.0970479875020533 3.9759333925799014 1.782367713283475 2.0130234995999845 0.010501662944753633 0.6437191950917095 2.8820108527573445 1.0000000180025095e-35 1.0858476682246934 -0.29435794004766241
decision_type=2 2 2 2 2 2 2 2 2 2 2 2 2 2 2 2 2 2 2 2 2 2 2 2 2 2 2 2 2 2
left_child=28 2 4 22 5 9 -7 8 -6 -2 12 24 15 -13 -9 16 -3 -17 -15 27 -21 -5 23 -4 -12 -26 -24 -14 29 -1
right_child=1 10 3 21 7 6 -8 14 -10 -11 11 13 19 18 -16 17 -18 -19 -20 20 -22 -23 26 -25 25 -27 -28 -29 -30 -31
leaf_value=0.038887948414502091 -0.052376906847889017 -0.0097544548652705731 0.0055360866866727004 -0.063977367078930064 -0.033216793787895958 0.006820480387996302 -0.10499551649520474 -0.018993242376778484 -1.9070195770111794e-05 0.018770350125733252 0.058627933295873957 0.055578596499590863 0.027047523773950866 -0.03450561270497253 0.02167927968783169 -0.02654306632341363 0.029831358175318151 0.12121806577943205 -0.0079131144412987343 0.058275461955839908 -0.058811191373347352 0.015091558457774082 0.031222042149997055 -0.14002619349241582 -0.11541805956570109 -0.032192179554654698 0.046731840068194259 0.050302603638669112 0.047680176151477502 -0.12095882104000232
leaf_weight=620.76184756867588 1028.4126878418028 7841.3712613359094 206.66212676465511 535.6021953523159 4344.4314401298761 644.66519602388144 2360.6255390942097 1698.9117937162519 594716.01639699191 5429.8345980029553 27.607441589236259 552.55850851535797 1113.3452487774193 2835.6571158841252 15928.93110524863 4656.6622608266771 3067.6112701445818 154.84865435212851 2692.0470070913434 141.20969952642918 221.10037572681904 184.83982051163912 2725.4296491323039 40.081316377967596 612.98745357990265 122.86494851857424 3140.0199471712112 1244.469875305891 489.55866726487875 98.988150097429752
leaf_count=15920 12446 34888 895 3071 49289 5043 13869 15238 9628054 104805 151 4419 22146 16449 303226 56266 13089 781 11771 601 898 1038 115939 614 2513 530 39196 20899 14047 613
internal_value=4.55038e-05 -8.35546e-06 0.000249444 0.0286693 -6.06768e-05 -0.020648 -0.0810099 0.000255251 -0.000259823 0.00744085 -0.00646228 -0.0236019 -0.000101393 -0.0145451 0.0177594 -0.00571286 0.0013771 -0.0217877 -0.0215548 0.0323291 -0.0131769 -0.0436911 0.0371984 -0.0181092 -0.0957307 -0.101522 0.0395251 0.0393217 0.029363 0.016904
internal_weight=659478 658269 632984 6832.64 626152 9463.54 3005.29 616688 599060 6458.25 25284.3 6843.72 18440.6 6080.26 17627.8 15720.5 10909 4811.51 5527.7 2720.13 362.31 720.442 6112.19 246.743 763.46 735.852 5865.45 2357.82 1209.31 719.75
internal_count=10508704 10478124 10292723 160753 10131970 136163 18912 9995807 9677343 117251 185401 35833 149568 32639 318464 105024 47977 57047 28220 44544 1499 4109 156644 1509 3194 3043 155135 43045 30580 16533
is_linear=0
shrinkage=0.05


Tree=110
num_leaves=31
num_cat=0
split_feature=1 3 2 2 2 1 1 3 0 3 3 3 2 3 1 0 0 1 2 0 1 1 1 0 2 0 3 3 3 0
split_gain=402.781 477.757 5070.02 3347.89 2635.99 1716.34 1437.17 4570.8 3808.31 1327.4 1120.79 3199.59 1640.88 1181.59 948.895 2382.85 1372.98 893.602 869.335 819.732 756.818 702.362 410.96 383.118 653.072 320.733 175.742 174.649 104.909 40.51
threshold=-0.5151551456145852 5.5624806248407035 4.8601466769752113 4.8674127876556019 5.0136407960728784 0.38752962573626226 0.35815495563763139 5.6392313342877074 1.0056282217704664 5.5002047559298859 5.4276012788821086 5.4131322212818391 4.7175654691367521 4.5977583100185493 0.17514869934927838 1.3903996925279913 1.1978845133089424 -0.14282830981264405 5.1276083952003857 1.0056282217704664 0.39795531170458065 0.1993960117340505 0.47360563087140678 1.0364308719908164 4.9372592344747188 1.0480801346188839 5.5002047559298859 8.0333519505345929 5.4789856677981463 1.2436690639495218
decision_type=2 2 2 2 2 2 2 2 2 2 2 2 2 2 2 2 2 2 2 2 2 2 2 2 2 2 2 2 2 2
left_child=27 2 10 5 9 26 7 8 21 -5 11 13 28 -2 15 -9 -16 -6 -10 -14 -13 -3 23 24 -8 -25 -4 -1 -12 -24
right_child=1 6 3 4 17 -7 22 14 18 -11 12 20 19 -15 16 -17 -18 -19 -20 -21 -22 -23 29 25 -26 -27 -28 -29 -30 -31
leaf_value=-0.042210639092590971 -0.00022851826064832089 -0.14206461752749294 -0.029621389133890369 -0.036286205648824586 -0.01243046256875322 -0.12667497389087723 0.045811281645825569 -0.041994106000542236 -0.21491465325273784 0.0060863041598111173 0.049559182739307615 0.0024590397182104166 -0.020663009663390242 0.010712633060277801 0.0020411186572123581 0.002152155638060533 0.023126864396199404 -0.085980355698105124 -0.039436532557448223 0.018952642410966291 -0.072164678130885895 0.028616438610938238 -0.042762232719995102 0.041270772871721186 0.003828848960082116 0.0086266125433485646 0.047604664643727423 0.0057052278273240151 -0.15351915756567339 -0.10421850088917313
leaf_weight=803.12162167578936 536683.89274758846 71.032945029437542 373.04182676412165 2802.88684853632 538.73084866348654 1268.9318032041192 1219.9244954288006 3734.4115899475291 488.20605182647705 5427.1010312736034 2866.2248564101756 414.19215308874846 2255.7394549250603 25865.688318628818 31069.072974991053 16842.729029553011 10272.777160231024 1769.0989228636026 82.50811948440969 3100.7947112098336 1890.7939814850688 397.94615285098553 139.16082639992237 3428.6427534520626 3849.0411065667868 963.99709385633469 91.797835953533649 249.17395949363708 6.3736928775906554 33.214492850005627
leaf_count=53958 8700478 523 2426 24516 19124 10312 15982 36404 6396 41381 51720 3903 22384 421548 399238 218011 312027 8848 1296 32627 8540 3195 1018 44918 51039 12876 836 2992 47 141
internal_value=4.46621e-05 9.40972e-05 -0.000380379 -0.0321801 -0.021587 -0.0965652 0.00392006 0.00116803 -0.102799 -0.0083445 0.000300558 3.3668e-05 0.0186201 0.000274549 0.00291377 -0.00585966 0.00728058 -0.0688112 -0.189546 0.00226973 -0.0587552 0.00276459 0.0219048 0.0232986 0.0139326 0.0341068 -0.0143706 -0.0308646 0.0491086 -0.0546041
internal_weight=659000 657948 585355 12271.6 10537.8 1733.77 72592.7 62958.7 1039.69 8229.99 573084 564855 8229.13 562550 61919 20577.1 41341.9 2307.83 570.714 5356.53 2304.99 468.979 9633.98 9461.61 5068.97 4392.64 464.84 1052.3 2872.6 172.375
internal_count=10508704 10451754 9348690 107443 93869 13574 1103064 977090 11410 65897 9241247 9134469 106778 9122026 965680 254415 711265 27972 7692 55011 12443 3718 125974 124815 67021 57794 3262 56950 51767 1159
is_linear=0
shrinkage=0.05


Tree=111
num_leaves=31
num_cat=0
split_feature=2 0 0 1 1 1 2 2 0 3 0 0 1 2 2 3 2 2 1 0 2 2 3 0 0 0 1 0 1 1
split_gain=386.962 406.98 1360.47 646.413 1993.72 830.863 1378.2 692.869 1814.79 1136.62 607.087 2328.78 1114.54 986.792 871.7 528.828 478.758 383.606 339.645 143.161 141.362 134.643 104.26 761.503 91.3584 84.6847 78.6985 69.4373 53.5969 40.2472
threshold=0.88146779030775313 0.89635260974397246 0.89692245893593214 -0.272696703161662 -0.25962049904085055 -0.051886445752020081 3.4437761330069674 3.6328947679217163 0.77615730216745715 4.3491450911238507 0.99613603573865839 0.99851391962338742 -0.28672652323915115 3.2722432540302706 2.3792084909459361 3.4451054898711253 5.3778270004476862 4.9372592344747188 -0.28219821852206628 0.72219012029731366 5.1276083952003857 3.5687149674376935 1.0858476682246934 -0.29435794004766241 -0.29435794004766241 0.62800299823592676 0.81545567171745659 0.88060410386687449 -0.31248217156279456 0.42632142793878453
decision_type=2 2 2 2 2 2 2 2 2 2 2 2 2 2 2 2 2 2 2 2 2 2 2 2 2 2 2 2 2 2
left_child=22 3 -3 7 19 6 -6 15 9 -9 12 16 20 -13 -14 18 -12 -7 -2 25 -4 -17 23 -1 29 -5 -25 -21 -10 -24
right_child=1 2 10 4 5 17 -8 8 28 -11 11 13 14 -15 -16 21 -18 -19 -20 27 -22 -23 24 26 -26 -27 -28 -29 -30 -31
leaf_value=0.038321098866635012 -0.18420841975260338 0.019424420158881312 -0.044850701090938541 -0.046209225470200448 -0.0080928275884116462 -0.00014975895288743446 0.052093084733305678 -0.040803283792543249 -0.042606365097034547 0.022193225744017515 -0.048403205925060595 -0.0089665100406064371 -0.03011032282698542 0.0018908921177329286 0.0077010039854207308 0.067854467315602754 0.060032192194992617 -0.054373921001168814 0.011883015636789779 -0.047946515091408209 0.0045771060403650612 0.023964852284171997 0.035658996681608109 -0.083029480818819779 0.072794976062721381 0.0065411352237044508 -0.18432770118621006 -0.081276117936771516 -0.062259328607382702 -0.020864078272688449
leaf_weight=599.17930122092366 22.119370989501476 10361.028828285635 1214.1562470942736 126.87280520051718 50884.19308614172 360282.32996030524 969.2959817647934 897.52485664188862 563.4036682061851 3540.4692611843348 2865.3285705838352 24950.5070778355 1570.8436256349087 129785.03608511388 51415.458003096282 535.73055629432201 105.54144375026226 326.46206904947758 13238.544293275103 1999.1728474907577 164.21922117378563 259.33152431249619 241.22842060402036 80.947593584656715 197.16073836386204 190.06196819618344 25.124693736433983 169.51974327862263 902.83599691092968 36.222795959562063
leaf_count=15920 121 1421884 26448 2062 1498521 3411101 4948 8237 13134 18303 13528 174555 13642 2285502 940828 2241 579 1520 543594 79213 7889 1076 12973 478 877 2938 135 821 5439 197
internal_value=4.49961e-05 -6.35394e-06 0.00173329 -0.000896091 -0.00131887 -0.00104982 -0.00696777 0.00789299 -0.00648045 0.00945303 0.000868969 -0.000701713 0.00542536 0.000140178 0.00658004 0.0139307 -0.044551 -0.000198849 0.0115559 -0.0459646 -0.0389619 0.0535387 0.0286537 0.0164608 0.0467719 -0.0145755 -0.107023 -0.0505518 -0.0547077 0.0282796
internal_weight=658520 657340 222432 434908 414948 412462 51853.5 19960 5904.23 4437.99 212071 157706 54364.7 154736 52986.3 14055.7 2970.87 360609 13260.7 2485.63 1378.38 795.062 1179.86 705.252 474.612 316.935 106.072 2168.69 1466.24 277.451
internal_count=10508704 10478124 4884855 5593269 5001124 4916090 1503469 592145 45113 26540 3462971 2474164 988807 2460057 954470 547032 14107 3412621 543715 85034 34337 3317 30580 16533 14047 5000 613 80034 18573 13170
is_linear=0
shrinkage=0.05


Tree=112
num_leaves=31
num_cat=0
split_feature=1 1 2 0 3 1 1 1 0 2 2 0 2 2 0 3 3 0 0 0 1 2 0 0 1 3 1 1 3 2
split_gain=377.084 472.711 1801.83 2128.34 770.839 649.466 1529.62 1971.24 693.732 635.669 592.618 546.92 1879.94 195.125 189.598 168.116 151.522 116.968 104.807 91.1499 31.2788 43.6637 19.5642 16.3812 215.508 27.2182 11.9016 8.50032 7.11937 37.6103
threshold=-0.5151551456145852 -0.34304814104621323 3.4437761330069674 1.1735698911172281 3.4107891595359914 -0.3327390262831656 -0.33035528887943305 -0.31248217156279456 2.3373608547585905 3.3840690488195206 7.8935887178473578 1.3409395388167957 3.9404568368205912 4.7394346907280349 1.0956075047414111 8.0333519505345929 3.9087007104622415 1.1217607961392175 2.1085648409144384 1.1608262097304909 -0.84084583113390909 8.4921764472094434 2.7421961862478588 2.7421961862478588 -0.61675189075187198 7.3612460181789956 -0.80556013693077455 -0.76496095472163017 6.8203822273901951 7.2886576889082564
decision_type=2 2 2 2 2 2 2 2 2 2 2 2 2 2 2 2 2 2 2 2 2 2 2 2 2 2 2 2 2 2
left_child=15 2 -2 4 19 9 14 10 -9 -3 -8 12 -5 -6 -7 23 -13 -11 -19 -4 -17 -22 26 28 -25 -26 -23 -24 29 -1
right_child=1 5 3 11 13 6 7 8 -10 17 -12 16 -14 -15 -16 20 -18 18 -20 -21 21 22 27 24 25 -27 -28 -29 -30 -31
leaf_value=-0.036204257083102542 0.032244883688135009 -0.10711931004660016 -0.1445269910704326 0.0067172628181873641 -0.053372037097731209 -0.048713513203340025 -0.04565775175725148 0.00013996923849482812 -0.023864779199840598 -0.04853982606638102 0.065684827623508787 0.0514726165339515 -0.053925304789621653 -0.016843038958871927 0.030439984260591448 -0.018064377551300949 0.019018214631374743 -0.0096867039984099724 0.0677517902114671 -0.093145948542063581 -0.03828549383441443 0.14469381378570753 -0.034478338014350476 -0.050712871529712905 0.33629055425078874 0.14013579385412103 0.050280293262930688 0.021849046757489277 -0.046159129603894393 0.19025153344273366
leaf_weight=110.8020647438243 5448.8612889684737 170.78573495149612 173.51354329288006 18602.746101051569 765.23871236480772 76.971242628991604 2825.5841709859669 604027.10701741092 3024.872832223773 193.99535546638072 124.78435984253883 685.0427490323782 1372.2687993012369 699.97025373019278 4421.4841219522059 91.175153985619545 757.12007143720984 12497.8858057037 43.846912428736687 171.75873947143555 27.799305867403746 3.6452876776456824 7.3009161949157706 54.811068905517459 3.6909646540880194 3.3953113667666912 39.589814893901348 81.088367231190205 597.78025047946721 1.8643457237631071
leaf_count=8875 250271 695 773 244535 21281 1144 37477 9358284 13032 4254 500 3883 20323 27030 251767 1427 14104 201369 208 824 591 25 88 3955 36 137 277 584 40868 87
internal_value=4.29221e-05 9.02174e-05 0.00636791 0.000297556 -0.0517586 -0.000196713 3.64268e-05 -0.000177796 2.03562e-05 -0.0112969 -0.0409486 0.00469808 0.00255116 -0.0359211 0.0290856 -0.0302908 0.0344344 -0.0100119 -0.00941597 -0.118967 0.00529406 0.0186529 0.0306783 -0.0418368 -0.0171669 0.242305 0.0582406 0.0171964 -0.0439862 -0.032457
internal_weight=657107 656084 28676.5 23227.7 1810.48 627407 614501 610002 607052 12906.5 2950.37 21417.2 19975 1465.21 4498.46 1022.94 1442.16 12735.7 12541.7 345.272 250.599 159.424 131.624 772.344 61.8973 7.08628 43.2351 88.3893 710.447 112.666
internal_count=10508704 10451754 583024 332753 49908 9868730 9662204 9409293 9371316 206526 37977 282845 264858 48311 252911 56950 17987 205831 201577 1597 2992 1565 974 53958 4128 173 302 672 49830 8962
is_linear=0
shrinkage=0.05


Tree=113
num_leaves=31
num_cat=0
split_feature=2 1 0 2 1 0 1 1 2 2 3 2 0 2 0 1 1 0 0 0 1 3 2 3 3 3 3 2 3 3
split_gain=358.588 399.677 1288.55 1762 2560.05 1553.14 1144.37 2767.19 1084.03 952.707 1008.1 1544.72 1276.13 916.29 1652.98 849.801 809.785 5201.62 5083.24 735.045 705.113 776.138 667.954 646.059 455.879 610.838 297.647 231.607 155.548 97.3047
threshold=0.88146779030775313 0.65557905798065585 1.0000000180025095e-35 1.1907534103532191 0.39235273429018658 0.028179389837528105 0.63978365821300709 0.63029474664333851 1.1687687539455864 1.5447018760744757 2.8820108527573445 2.6260882501801821 0.27512027950812123 1.3710665965557243 1.0000000180025095e-35 0.35151777469246026 0.59995719444268236 0.10896021693658316 0.15276056255599116 -0.036988519151232406 0.63673176667469111 2.5820613653663513 1.9397217297720586 3.3050759279381698 1.0858476682246934 1.2146186208000707 2.9202237833458864 2.2964851596084146 1.7704946832057136 1.0858476682246934
decision_type=2 2 2 2 2 2 2 2 2 2 2 2 2 2 2 2 2 2 2 2 2 2 2 2 2 2 2 2 2 2
left_child=29 2 3 4 15 6 7 -4 -6 13 12 27 22 24 19 -2 17 -7 -18 -15 21 -5 -11 -13 -3 -26 -8 -12 -14 -1
right_child=1 9 5 20 8 16 26 -9 -10 10 11 23 28 14 -16 -17 18 -19 -20 -21 -22 -23 -24 -25 25 -27 -28 -29 -30 -31
leaf_value=0.016020443142073452 -0.027600757752220085 0.054518119522436931 -0.061917984674435871 0.019915425684408978 0.069021683523029995 -0.06924370431863397 0.037664426254326179 0.051340633118354267 -0.072246699600382519 -0.021865012843035617 0.050233575780729872 -0.049081129605733777 0.13014111989674981 0.017853392443521042 0.091730263201471429 -0.68396028108264562 0.045547671078507906 0.00017799416648695853 -0.034148154860966992 -0.062086330735074573 0.040778973729687036 -0.028975810445827383 -0.057643842796657456 0.0034075800975785966 -0.063597308157114826 -0.0044310293574738998 -0.10051067298927255 0.015265178446059539 -0.042820529937203824 0.045663696525684326
leaf_weight=690.49999933876097 6.4435716271400478 299.77463160455227 1423.8034344911575 5897.8669192958623 178.73929606378078 2710.2727336585522 41.4468725733459 868.14354348182678 565.24616546928883 3361.2864759489894 1014.967578496784 1360.0802162289619 133.14564042538404 1873.0862344540656 744.02455293387175 21.014076247811317 5289.8122709020972 610079.0887440145 3218.0139002390206 339.71344099193811 3500.3479857007042 941.29323387891054 2131.7896138988435 1030.3788185492158 468.24242888391018 6381.0565505996346 653.38650678098202 887.64134682714939 14.405253820121287 462.10211054980755
leaf_count=16533 30 2397 8455 155964 825 16377 330 11352 2610 31501 17028 5574 600 7905 3089 333 65981 9951574 22645 1453 110938 9225 10426 5684 1912 27455 2685 3695 81 14047
internal_value=4.08487e-05 -8.15131e-06 0.00021112 0.0170889 -0.0558057 -8.92681e-05 -0.0360586 -0.0190179 -0.0383076 -0.00696059 -0.0179567 0.000301015 -0.0318525 0.0038481 0.0272586 -0.52993 8.36485e-05 -0.000129047 0.0154034 0.00558089 0.0225276 0.0131864 -0.0357503 -0.0264565 -0.00583439 -0.00847585 -0.0922685 0.0339195 0.113255 0.027905
internal_weight=656587 655435 635395 11111 771.443 624284 2986.78 2291.95 743.985 20039.6 9933.69 4293.07 5640.63 10105.9 2956.82 27.4576 621297 612789 8507.83 2212.8 10339.5 6839.16 5493.08 2390.46 7149.07 6849.3 694.833 1902.61 147.551 1152.6
internal_count=10508704 10478124 10359324 279925 3798 10079399 22822 19807 3435 118800 74589 31981 42608 44211 12447 363 10056577 9967951 88626 9358 276127 165189 41927 11258 31764 29367 3015 20723 681 30580
is_linear=0
shrinkage=0.05


Tree=114
num_leaves=31
num_cat=0
split_feature=1 3 2 1 3 1 3 3 0 0 0 3 1 0 1 0 0 0 1 0 2 2 0 1 3 2 2 3 1 3
split_gain=354.699 446.435 2520.96 1996.05 3886.55 1610.65 1523.22 1960.43 1498.59 1386.86 1138.25 878.22 679.484 2256.61 640.068 614.676 506.368 1176.89 969.598 434.898 340.435 279.246 220.089 197.568 179.749 151.412 122.616 178.531 116.136 85.2782
threshold=-0.50183990405672374 6.1233665642041295 5.6979441667398492 0.26484938859632151 6.0960189868513011 0.18302979933995736 5.892491343727194 5.879639423924421 1.066066415758957 1.3777614290863232 1.1111506969437031 5.8399949086104135 0.26023580545188774 1.1978845133089424 0.078424753846921769 1.4362370908715618 2.2067740511318386 1.5671198004630646 -0.26594729993962213 1.1735698911172281 5.8028513984867311 5.5444535459815718 1.3269847429671329 0.026550044798565861 8.0333519505345929 5.0136407960728784 6.7188461076676758 6.7203860607268515 0.16144018763907536 7.3612460181789956
decision_type=2 2 2 2 2 2 2 2 2 2 2 2 2 2 2 2 2 2 2 2 2 2 2 2 2 2 2 2 2 2
left_child=24 2 6 12 19 9 7 11 28 14 -9 -2 23 -14 22 20 17 -11 -18 -5 -7 -10 -3 -4 25 -1 27 -17 -8 -28
right_child=1 5 3 4 -6 15 8 10 21 16 -12 -13 13 -15 -16 26 18 -19 -20 -21 -22 -23 -24 -25 -26 -27 29 -29 -30 -31
leaf_value=0.13934678889426436 -0.00015029891095114534 -0.074003562920540042 -0.070945828570246436 0.038700309928512241 0.044185890780513687 -0.2786146040855525 -0.068184363589992636 -0.069994365271410203 0.036756344189428747 -0.0079992708631698491 0.020329359471920754 0.02677061175091841 -0.1835605526432498 0.044276373284025727 -0.00838424926623451 -0.053533536999319058 0.041835071562234177 0.02414782506051924 -0.0184971668700382 -0.050931291756600175 0.025051829983676274 0.018650818291821841 -0.028531832174603963 -0.018023648906456476 0.0074745546491855989 -0.041723599462521466 0.015637636377999205 -0.18004368514802377 -0.029783297623412214 -0.12728199737266183
leaf_weight=11.705523133277891 604789.95197326504 950.69490094855428 582.8058952530846 141.08041736483574 1747.3783996254206 9.2386370450258237 312.59972633421421 1547.1348363757133 3478.7386814653873 5455.9275397062302 450.32035879790783 3044.7026394084096 427.35727106034756 145.74295400083065 1009.2680114172399 94.738435287028551 777.99780816212296 5953.9168582595885 4623.3287388309836 3322.259409930557 9394.6034740209579 5491.3421457819641 369.54397115670145 252.86764824017882 271.17216239497066 843.3494075872004 58.826534114778042 39.520187884569168 531.91002330183983 12.688778460025786
leaf_count=228 9618988 11259 11192 1343 23713 63 1285 7208 73706 87929 5442 37764 3048 1694 8975 1516 3429 102523 28289 23661 299803 84279 4051 1241 3130 59378 685 203 2624 55
internal_value=4.01289e-05 8.83334e-05 -0.000191349 -0.0308839 -0.0166076 0.00618064 0.00013653 -0.000177962 0.0196776 -0.00220477 -0.0496311 -1.54495e-05 -0.0836885 -0.12562 -0.0383603 0.0228829 0.00280527 0.00877582 -0.00980701 -0.0472801 0.0247535 0.0256724 -0.0612757 -0.054932 -0.0279957 -0.0392448 -0.0626036 -0.0907729 -0.0439977 -0.00972023
internal_weight=656143 655016 626266 6619.49 5210.72 28750.3 619647 609832 9814.59 19140.7 1997.46 607835 1408.77 573.1 2329.51 9609.62 16811.2 11409.8 5401.33 3463.34 9403.84 8970.08 1320.24 835.674 1126.23 855.055 205.774 134.259 844.51 71.5153
internal_count=10508704 10445968 9897188 65892 48717 548780 9831296 9669402 161894 246455 12650 9656752 17175 4742 24285 302325 222170 190452 31718 25004 299866 157985 15310 12433 62736 59606 2459 1719 3909 740
is_linear=0
shrinkage=0.05


Tree=115
num_leaves=31
num_cat=0
split_feature=0 0 2 3 0 1 1 3 3 1 3 0 0 2 0 0 0 1 1 1 3 3 2 2 0 0 2 3 3 3
split_gain=340.877 1256.95 585.888 1047.66 949.682 893.434 1689.98 849.129 2183.46 1750.99 712.174 637.054 690.068 629.35 565.219 2084.36 2015.11 1211.1 1056.54 983.481 785.756 920.682 779.012 814.61 556.218 581.94 520.932 375.81 1854.23 476.028
threshold=0.89635260974397246 0.89692245893593214 2.1918732566761614 1.6649536825965745 -0.29435794004766241 -0.272696703161662 -0.26594729993962213 3.4940540992957554 3.4107891595359914 0.57938706724800537 2.886984047952986 -0.13461282072082545 -0.1108502728836893 4.6255220187935064 0.99613603573865839 1.001086503821605 1.0026723873875354 0.38752962573626226 0.39235273429018658 -0.28672652323915115 5.3251709217961833 5.4276012788821086 2.3792084909459361 4.7848567824260186 -0.29435794004766241 0.010501662944753633 1.1907534103532191 3.5778409799554582 4.3491450911238507 3.4451054898711253
decision_type=2 2 2 2 2 2 2 2 2 2 2 2 2 2 2 2 2 2 2 2 2 2 2 2 2 2 2 2 2 2
left_child=2 -2 3 4 -1 13 -7 8 -8 -9 24 26 -13 27 19 20 18 -18 -17 -3 -16 -22 -21 -24 -5 -26 -6 29 -29 -4
right_child=1 14 5 10 11 6 7 9 -10 -11 -12 12 -14 -15 15 16 17 -19 -20 22 21 -23 23 -25 25 -27 -28 28 -30 -31
leaf_value=0.03657021604762601 0.018814250270055965 -0.03765748282482248 0.011098601315038323 -0.044089851662288487 -0.036022534068662786 -0.047844457742249422 -0.0036103509102579099 0.0082954704119356706 -0.040176607993997589 -0.02485257088915345 0.050094634023010932 0.058464821438785869 -0.0019698069808327333 -0.048951924719083023 0.04471719964150888 -0.080232010720384064 0.00062925449502413474 -0.01913539909294229 0.051138279741931927 -0.028056160660419178 -0.058894338415125085 -0.013443189762336686 0.010221891554255954 -0.0065758603944128732 0.014967103972875673 0.003499918639671926 0.032395634289216838 -0.047090502032159559 0.017262552492570953 0.050971015935316361
leaf_weight=1595.932417774573 10162.966418877244 1304.8597043948248 13111.413896704093 572.99175530299544 2174.0305349975824 2126.7604140527546 165014.69871172495 30778.900441516191 4186.0421461928636 4576.2343415692449 884.98985159397125 474.20297331735492 120627.55656487867 479.2066898252815 303.59951876848936 162.90656144358218 140940.28180083446 8201.7593828700483 2529.2920529730618 1601.2224599197507 2469.8438196200877 2029.929155160673 42383.208798235282 8698.8529757447541 13184.996928539127 68770.75190426968 319.04189122840762 1607.4749882742763 3686.1699533127248 793.88652640581131
leaf_count=39912 1421884 34337 543715 2556 9796 81134 2284378 545501 98849 34740 16525 2996 696124 10692 4086 2597 2314929 80074 50712 13642 10588 11178 876291 64537 282732 935008 1453 14635 19765 3338
internal_value=3.96257e-05 0.00163969 -0.000772568 0.001139 -0.00175335 -0.00253418 -0.00350345 -0.00304243 -0.004515 0.00400491 0.00547995 -0.00224821 -0.00173316 0.00764611 0.000810995 -0.000709636 0.000316244 -0.000457662 0.043189 0.00522285 -0.0331376 -0.0383905 0.00628492 0.00736137 0.00500153 0.00534475 -0.027267 0.0090588 -0.00227898 0.013375
internal_weight=655754 220789 434965 208604 125191 226361 206683 204556 169201 35355.1 83413.7 123595 121102 19678.2 210626 156638 151834 149142 2692.2 53988.1 4803.37 4499.77 52683.3 51082.1 82528.7 81955.7 2493.07 19198.9 5293.64 13905.3
internal_count=10508704 4884855 5623849 1987102 750281 3636747 3044602 2963468 2383227 580241 1236821 710369 699120 592145 3462971 2474164 2448312 2395003 53309 988807 25852 21766 954470 940828 1220296 1217740 11249 581453 34400 547053
is_linear=0
shrinkage=0.05


Tree=116
num_leaves=31
num_cat=0
split_feature=3 2 2 2 1 3 1 1 3 1 0 1 0 3 3 2 3 2 0 2 0 3 1 0 0 2 0 3 0 1
split_gain=330.93 4329.85 2641.43 2270.21 1401.36 3680.46 2438.1 1245.2 1182.46 1000.71 1787.06 1156.14 1640.02 986.97 2542.53 1486.35 1003.6 1509.24 1093.42 981.428 769.019 743.223 735.564 671.276 621.066 1746.48 594.814 542.89 476.268 469.273
threshold=5.5624806248407035 4.8601466769752113 4.8674127876556019 5.0136407960728784 0.35815495563763139 5.6653603500644554 0.35151777469246026 0.38752962573626226 5.5002047559298859 0.17514869934927838 1.3903996925279913 0.26023580545188774 1.1735698911172281 5.4276012788821086 5.4131322212818391 4.7175654691367521 4.5977583100185493 3.7734769914494146 0.95392475405677601 5.0692279307404577 1.0056282217704664 5.5344402635264043 -0.10991279340077306 0.9236429203514257 0.99851391962338742 4.6817063108378933 1.1978845133089424 5.4885841869421421 0.99613603573865839 0.05129715932657293
decision_type=2 2 2 2 2 2 2 2 2 2 2 2 2 2 2 2 2 2 2 2 2 2 2 2 2 2 2 2 2 2
left_child=1 13 7 8 5 6 19 -3 -4 10 29 23 -13 14 16 -15 17 -1 -18 -2 28 26 -12 -11 -16 -26 -5 -22 -17 -7
right_child=4 2 3 21 -6 9 -8 -9 -10 11 22 12 -14 15 24 20 18 -19 -20 -21 27 -23 -24 -25 25 -27 -28 -29 -30 -31
leaf_value=0.00025588147349013985 0.024699414613434899 -0.013561400343197805 -0.033620658412653701 -0.016083616409098288 0.021187563019665581 -0.060841611255516674 -0.17214168877601171 -0.10781755934863707 0.006263938195768347 -0.28823434575433254 -0.012098870716077263 0.0083881637625923388 -0.019942534251991922 0.048450702134878058 -0.029671838100397176 -0.010080451790565445 -0.0012797803613831429 -0.015335978304180485 0.019533351500913333 -0.06913671767891541 0.041427522303895542 -0.1109016688766231 0.0087812753702286913 0.021500982175980871 0.075590855160844281 -0.10928002501252221 -0.073576436837531387 -0.00055995781970464653 -0.075545035578487463 -0.024145763235989545
leaf_weight=517328.4381618835 430.77141942083836 467.1606168858707 2823.7268630685285 847.95135535113513 9441.9389359951019 1367.911283781752 450.23491939157248 1401.8969024270773 5435.3119052872062 17.520780757069588 7005.3818506617099 22550.430474493653 6604.352381022647 2636.991753231734 1348.2330491840839 1967.3559010326862 11685.058413514867 16000.384559765458 13719.140233432874 789.06709416303784 1434.0306826159358 597.86930718738586 10600.060894474387 10962.361061071977 150.23214954137802 853.72172243893147 958.29804440028965 1662.2299056276679 323.51641717553139 2399.4434132948518
leaf_count=8571633 3461 3262 24516 18854 125974 23954 4957 10312 41381 127 83048 327804 80520 51767 8073 18997 175856 128845 245692 9513 15853 2793 185235 296765 623 3747 12917 16774 3387 12064
internal_value=3.83925e-05 -0.000358946 -0.0294301 -0.0198197 0.00322086 0.000535716 -0.0727021 -0.0842588 -0.00737242 0.0025243 -0.00621526 0.00717835 0.00197049 0.000281223 3.22172e-05 0.0176929 0.000250602 -0.00021189 0.00996003 -0.0359996 0.00263696 -0.0625805 0.000472856 0.0210067 -0.0518424 -0.0816159 -0.0465862 0.0188865 -0.0193253 -0.0374699
internal_weight=654261 581642 12532.2 10663.2 72619.5 63177.5 1670.07 1869.06 8259.04 61507.5 21372.8 40134.7 29154.8 569109 561085 8024.12 558733 533329 25404.2 1219.84 5387.13 2404.12 17605.4 10979.9 2352.19 1003.95 1806.25 3096.26 2290.87 3767.35
internal_count=10508704 9355282 114035 100461 1153422 1027448 17931 13574 65897 1009517 304301 705216 408324 9241247 9134469 106778 9122026 8700478 421548 12974 55011 34564 268283 296892 12443 4370 31771 32627 22384 36018
is_linear=0
shrinkage=0.05


Tree=117
num_leaves=31
num_cat=0
split_feature=1 2 1 3 2 1 3 3 1 1 1 0 0 2 0 3 2 3 0 0 0 0 2 2 0 2 0 3 0 2
split_gain=335.281 1786.04 1822.54 729.511 2209.2 1365.24 1838.02 1281.85 581.271 1424.19 1836.06 576.177 559.982 804.904 544.27 478.199 288.451 560.377 201.708 173.501 101.603 98.5534 197.842 93.6347 77.3785 50.8568 49.813 8.56584 3.66295 5.07972
threshold=-0.34304814104621323 3.4437761330069674 -0.35521173176235915 3.7114218561852899 3.9283951557037553 -0.38870387222135355 3.5778409799554582 3.7772219975316736 -0.3327390262831656 -0.33035528887943305 -0.31248217156279456 1.1217607961392175 2.3373608547585905 7.8263922073548722 1.0774002105738207 3.4107891595359914 5.1493983947908895 5.1431998863235968 2.7421961862478588 1.0956075047414111 1.0877026344952994 2.1085648409144384 5.9747339211199835 7.8935887178473578 1.1608262097304909 8.750048439177446 1.059537531172295 3.4648748605467588 0.90418916821950179 4.6255220187935064
decision_type=2 2 2 2 2 2 2 2 2 2 2 2 2 2 2 2 2 2 2 2 2 2 2 2 2 2 2 2 2 2
left_child=1 -1 3 5 -5 -3 -7 -6 11 19 14 20 13 -12 26 24 27 -18 -14 28 -2 -13 -23 -16 -4 -24 -11 -17 29 -10
right_child=8 2 15 4 7 6 -8 -9 9 10 12 21 18 -15 23 16 17 -19 -20 -21 -22 22 25 -25 -26 -27 -28 -29 -30 -31
leaf_value=0.031599121723090901 -0.046758961775545137 0.06141508509271934 -0.13178805344423625 -0.097823748144588191 0.045478668899314026 0.0066551830554668172 -0.11515250952190373 -0.014396973648964462 0.0057928277499502403 -0.038395065685450015 -5.2990655862112164e-05 -0.009176587585837467 -0.025047990189369537 0.020951790840451959 -0.00039733582854185152 -0.0071958676243244445 0.25659525698288049 -0.023713979943259342 0.026206146614756246 0.029779844412685094 -0.10057268218010434 0.28398928333506646 -0.092402895532578994 0.061282567389935809 -0.085338122048085607 0.048365647602851447 -0.052635559326506279 -0.051379103948336252 -0.054869650055656471 -0.048194362642412704
leaf_weight=5278.8164952527732 174.07314735837281 1116.7633928358555 180.63132908195257 671.03049898147583 1138.6463815867901 15290.587117612362 316.10173423588276 4158.1938245100901 6.6819663047790554 1003.2645894289017 596776.34191121534 12593.211995065212 2798.4176445603371 4595.9942553564906 122.05339100956917 11.135190829634665 22.901091460138559 80.515795104205608 206.09517328441143 4289.9597101993859 176.79843723028898 8.4202188253402692 8.5102144628763181 124.0848536491394 178.02058243751526 26.075823158025742 1583.0853831768036 738.09938295558095 53.4461106993258 12.522935163229702
leaf_count=250271 4234 4690 773 2686 4634 231232 1315 117169 96 17026 9284437 201369 12183 73847 539 47 388 1143 849 251767 715 59 44 500 824 105 19912 24802 730 318
internal_value=3.87343e-05 0.00527722 -0.00053589 0.00265405 -0.0123535 0.00800958 0.00418806 -0.00152568 -0.000206025 1.62575e-05 -0.000188262 -0.0106735 -3.81166e-08 0.000107539 -0.0403501 -0.0602929 -0.0399179 0.0383589 -0.0215322 0.0284822 -0.0738748 -0.00891854 0.0666428 0.0306971 -0.108732 0.0137282 -0.0471116 -0.0507224 -0.0481397 -0.0294106
internal_weight=653740 29181.4 23902.6 22691.3 5967.87 16723.5 15606.7 5296.84 624559 611572 607209 12987.1 604377 601372 2832.49 1211.3 852.651 103.417 3004.51 4362.61 350.872 12636.2 43.0063 246.138 358.652 34.586 2586.35 749.235 72.651 19.2049
internal_count=10508704 639974 389703 361726 124489 237237 232547 121803 9868730 9662204 9409293 206526 9371316 9358284 37977 27977 26380 1531 13032 252911 4949 201577 208 1039 1597 149 36938 24849 1144 414
is_linear=0
shrinkage=0.05


Tree=118
num_leaves=31
num_cat=0
split_feature=2 1 0 2 0 1 1 1 1 2 3 2 0 1 0 3 2 3 3 3 1 3 2 3 3 3 1 2 1 3
split_gain=316.938 382.117 1130.01 1528.97 1383.29 1327.63 1020.24 2488.34 1008.05 887.032 913.793 1378.08 1134.16 820.99 3090.81 3056.86 801.324 1589.64 813.88 702.829 691.215 684.374 593.407 402.781 546.426 330.544 284.535 279.495 268.149 131.765
threshold=0.88146779030775313 0.65557905798065585 1.0000000180025095e-35 1.1907534103532191 0.028179389837528105 0.36933893998740885 0.63953290050976885 0.63029474664333851 0.64849074711543175 1.5447018760744757 2.8820108527573445 2.7181074654868427 0.27512027950812123 0.50269308430617887 0.38791169941480741 2.9495574610627568 1.3710665965557243 1.7867589845313252 1.6649536825965745 3.3451253647445198 0.63673176667469111 2.5820613653663513 1.9397217297720586 1.0858476682246934 1.2146186208000707 1.898141889079181 0.29469259081224436 2.2964851596084146 0.6437191950917095 1.7704946832057136
decision_type=2 2 2 2 2 2 2 2 2 2 2 2 2 2 2 2 2 2 2 2 2 2 2 2 2 2 2 2 2 2
left_child=-1 2 3 5 6 26 7 -4 -7 16 12 27 22 14 -6 -15 23 18 -18 -13 21 -5 -11 -3 -25 -19 -2 -12 -8 -14
right_child=1 9 4 20 13 8 28 -9 -10 10 11 19 29 15 -16 -17 17 25 -20 -21 -22 -23 -24 24 -26 -27 -28 -29 -30 -31
leaf_value=0.026775216125628679 -0.020454308533327928 0.05340862120419948 -0.057165972947586012 0.018690065716791548 -0.037204987813101727 -0.055408189598098602 -0.094471324048183078 0.051112661732609414 0.14650794514430707 -0.021355369016006088 0.049554825374860147 -0.051671726306502831 0.11858105038007566 -0.051809188785242447 1.5843374824728798e-05 0.011600304284819856 0.020189319670976345 -0.025724036783592627 0.08928501437244854 0.0066007342051906922 0.03999110642586768 -0.026909219808746124 -0.055161704307633612 -0.060404478645902315 -0.0041073066121717593 0.061417453627905662 -0.38463846642315913 0.012527451311815277 0.037368079663664289 -0.041624757094531041
leaf_weight=1106.4033463597298 6.3418534584343424 278.63820640742779 1460.9358110800385 5740.6658835913986 5631.7021124698222 652.6861999258399 659.94492983072996 833.2079848870635 68.279680252075195 3349.1429360359907 935.25702309980989 1269.8916475921869 138.47490815073252 2023.9668213799596 579589.83836238272 31200.205218361691 804.88371832668781 1132.6050212681293 905.81188340485096 873.27834244072437 3342.2307567596436 960.52159885689616 2119.5735609903932 462.3455908447504 6361.7421678602695 120.39006877318025 34.759312804788351 1119.9141930192709 40.961747992783785 14.14570841193199
leaf_count=30580 28 2397 8455 155964 53331 3134 2714 11339 312 31501 17028 5280 600 11880 9443840 547526 3421 4689 3631 5034 110938 9225 10426 1912 27455 706 324 4639 314 81
internal_value=3.70086e-05 -8.35529e-06 0.000206295 0.0162367 -7.24389e-05 -0.0520428 -0.0339706 -0.0178404 -0.0362856 -0.00683282 -0.0175247 0.000124562 -0.0307062 9.17252e-05 -0.00034234 0.00773749 0.00359698 0.025436 0.0567754 -0.0279274 0.0214176 0.012154 -0.0344581 -0.00551558 -0.00792155 -0.0173513 -0.328445 0.0293777 -0.0867665 0.103732
internal_weight=653239 652132 632246 10805.5 621441 762.067 2995.05 2294.14 720.966 19886.1 9819.68 4198.34 5621.34 618446 585222 33224.2 10066.4 2963.69 1710.7 2143.17 10043.4 6701.19 5468.72 7102.73 6824.09 1253 41.1012 2055.17 700.907 152.621
internal_count=10508704 10478124 10359324 279925 10079399 3798 22822 19794 3446 118800 74589 31981 42608 10056577 9497171 559406 44211 12447 7052 10314 276127 165189 41927 31764 29367 5395 352 21667 3028 681
is_linear=0
shrinkage=0.05


Tree=119
num_leaves=31
num_cat=0
split_feature=1 2 1 3 2 1 3 3 1 1 1 0 0 0 2 2 3 2 0 0 0 2 2 0 3 0 2 0 2 0
split_gain=306.129 1670.01 1672.67 662.636 2002.41 1253.5 1633 1165.28 520.622 1324.81 1722.25 534.02 514.135 507.263 738.289 409.322 396.647 249.746 182.709 161.961 86.0989 140.046 85.2922 81.6755 50.8483 50.2322 46.4802 41.106 11.6202 3.66582
threshold=-0.34304814104621323 3.4437761330069674 -0.35521173176235915 3.7114218561852899 3.9283951557037553 -0.38870387222135355 3.5778409799554582 3.7772219975316736 -0.3327390262831656 -0.33035528887943305 -0.31248217156279456 1.1217607961392175 1.0774002105738207 2.3373608547585905 7.8263922073548722 5.1493983947908895 5.1431998863235968 3.4841929324469612 2.7421961862478588 1.0956075047414111 2.1085648409144384 5.9747339211199835 7.8935887178473578 1.0877026344952994 3.4107891595359914 1.059537531172295 8.750048439177446 0.89692245893593214 5.226506451069052 0.90418916821950179
decision_type=2 2 2 2 2 2 2 2 2 2 2 2 2 2 2 2 2 2 2 2 2 2 2 2 2 2 2 2 2 2
left_child=1 -1 3 5 -5 -3 -7 -6 11 19 12 23 25 14 -12 17 27 -4 -15 29 -13 -22 -14 -2 -19 -11 -23 -17 -18 -10
right_child=8 2 15 4 7 6 -8 -9 9 10 13 20 22 18 -16 16 28 24 -20 -21 21 26 -24 -25 -26 -27 -28 -29 -30 -31
leaf_value=0.030965418712782768 -0.046377372082577126 0.059204838728363844 -0.12036121924456496 -0.093368622057389744 0.043491273243048779 0.0063502602250770576 -0.10753277385689071 -0.0137914972260888 -0.028736710658990361 -0.03772704694206553 -5.1516411487753809e-05 -0.0086479314399982212 -0.0003783025975581481 -0.023886306922033834 0.020218955307810659 -0.052592051427965282 -0.048706625266877884 -0.080024927739462556 0.024943116152141072 0.029136290013843144 0.22561771438329237 -0.089393846617832881 0.058579994866116092 -0.095089797225217876 -0.050557858781220821 -0.052294828412271413 0.046160040680028616 0.20909770891193397 -0.0087152390711795411 -0.054613906299084261
leaf_weight=5121.4066665396094 166.91460532695055 1100.9203451871872 185.15575528144836 667.96857206523418 1131.3108515441418 15223.416550382972 321.42675806581974 4124.8204146400094 18.696053598076105 970.82728235982358 596298.01864637341 12693.393148198724 122.03985142707825 2788.1535092815757 4526.0832772962749 1.5891750827431703 27.998646076768637 184.09644547104836 205.70789244771004 4168.4827432259917 10.018661469221113 8.3606997728347761 123.33593262732029 177.61892049759626 714.97789689712226 1515.4646673873067 25.958185493946075 26.930409044027328 51.714323174208403 51.072298616170883
leaf_count=250271 4234 4690 766 2686 4634 231232 1315 117169 414 17026 9284437 201369 539 12183 73847 34 683 831 849 251767 59 44 500 715 24849 19912 105 354 460 730
internal_value=3.59303e-05 0.00506825 -0.000513274 0.00253595 -0.011825 0.0076469 0.00399546 -0.00146216 -0.000197054 1.43338e-05 -0.000180319 -0.0100664 -0.039792 -1.11648e-06 0.000101184 -0.0582262 0.0344913 -0.0674816 -0.0205312 0.0278718 -0.00840498 0.0611496 0.0292566 -0.0714903 -0.0565916 -0.0466065 0.0131367 0.194516 -0.0227619 -0.0476795
internal_weight=652754 28883.7 23762.3 22569.9 5924.1 16645.8 15544.8 5256.13 623870 610788 606550 13082.3 2731.67 603818 600824 1192.46 108.233 1084.23 2993.86 4238.25 12737.7 44.3375 245.376 344.534 899.074 2486.29 34.3189 28.5196 79.713 69.7684
internal_count=10508704 639974 389703 361726 124489 237237 232547 121803 9868730 9662204 9409293 206526 37977 9371316 9358284 27977 1531 26446 13032 252911 201577 208 1039 4949 25680 36938 149 388 1143 1144
is_linear=0
shrinkage=0.05


Tree=120
num_leaves=31
num_cat=0
split_feature=3 2 2 2 1 3 1 3 1 1 0 1 0 3 3 2 3 2 2 2 0 3 1 0 2 0 0 3 1 0
split_gain=299.85 3850.95 2151.63 2025.63 1292.6 3129.91 1736.84 1048.27 975.369 921.26 1575.45 1072.21 1469.63 907.845 2268.61 1427.01 905.336 1327.29 1069.03 837.664 694.869 645.377 608.048 547.429 1542.56 538.929 528.116 513.788 417.335 395.555
threshold=5.5624806248407035 4.8601466769752113 4.8674127876556019 5.0136407960728784 0.35815495563763139 5.6653603500644554 0.35151777469246026 5.5002047559298859 0.38752962573626226 0.17514869934927838 1.3903996925279913 0.26023580545188774 1.1735698911172281 5.4276012788821086 5.4131322212818391 4.7175654691367521 4.5977583100185493 3.7734769914494146 4.330765428213593 5.0692279307404577 1.0056282217704664 5.5344402635264043 -0.10991279340077306 0.99851391962338742 4.6817063108378933 0.92911064267174137 1.1978845133089424 5.4885841869421421 0.05129715932657293 0.99613603573865839
decision_type=2 2 2 2 2 2 2 2 2 2 2 2 2 2 2 2 2 2 2 2 2 2 2 2 2 2 2 2 2 2
left_child=1 13 8 7 5 6 19 -4 -3 10 28 25 -13 14 16 -15 17 -1 -18 -2 29 26 -12 -16 -25 -11 -5 -22 -7 -17
right_child=4 2 3 21 -6 9 -8 -9 -10 11 22 12 -14 15 23 20 18 -19 -20 -21 27 -23 -24 24 -26 -27 -28 -29 -30 -31
leaf_value=0.00023475197759902566 0.023889782919917779 -0.012739156880400053 -0.031566434618283942 -0.014876347268800529 0.020495845234068638 -0.057263061246812956 -0.14240710321090208 0.0059298199045362578 -0.095207607470821687 -0.13821015352076765 -0.011153431909928407 0.0080288769589400202 -0.018659889511699154 0.048075913925605451 -0.027907095731930166 -0.0094974854466816448 0.02164271245893171 -0.014437046025089507 0.0007543093879700518 -0.062605408786197012 0.040679155886840131 -0.1036967294524942 0.0079706754892748949 0.072966125617510799 -0.10164455039568727 0.021130718388665592 -0.069165083751832834 -0.00052730117577923761 -0.022743312891879704 -0.067691058352387978
leaf_weight=516234.51065179985 423.37267829477787 470.63705278374255 2843.5050163017586 832.7312355870381 9278.3546591270715 1372.2485507614911 515.08681307733059 5410.9460142552853 1505.2596685290337 53.329959407448769 6913.4224394476041 22397.966754969209 6701.4091532155871 2527.6745595373213 1361.2535240650177 1982.3887397646904 10538.55900163576 15889.269754717126 14626.104546800256 826.08571193739772 1387.6821983382106 606.83487806003541 10422.357927661389 147.91958571970463 872.90074905753136 10726.960461109877 969.53643660247326 1663.0672486498952 2419.0417434349656 342.45341248065233
leaf_count=8571633 3461 3262 24516 18854 125974 23954 4957 41381 10312 382 83048 327804 80520 51767 8073 18997 252148 128845 169400 9513 15853 2793 185235 623 3747 296510 12917 16774 12064 3387
internal_value=3.43108e-05 -0.000343464 -0.02764 -0.0187598 0.00307652 0.000501728 -0.0651472 -0.00698694 -0.0755645 0.00240054 -0.00604113 0.00687269 0.00188262 0.000264409 2.67791e-05 0.0170922 0.000234903 -0.000203349 0.00950204 -0.0332969 0.00252327 -0.0590979 0.000344077 -0.0486639 -0.076343 0.0203425 -0.0440812 0.0182161 -0.0352377 -0.0180695
internal_weight=652263 580213 12639.5 10663.6 72049.6 62771.3 1764.55 8254.45 1975.9 61006.7 21127.1 39879.7 29099.4 567574 559671 7903.27 557288 532124 25164.7 1249.46 5375.59 2409.1 17335.8 2382.07 1020.82 10780.3 1802.27 3050.75 3791.29 2324.84
internal_count=10508704 9355282 114035 100461 1153422 1027448 17931 65897 13574 1009517 304301 705216 408324 9241247 9134469 106778 9122026 8700478 421548 12974 55011 34564 268283 12443 4370 296892 31771 32627 36018 22384
is_linear=0
shrinkage=0.05


Tree=121
num_leaves=31
num_cat=0
split_feature=1 2 1 3 0 1 3 2 2 1 0 0 0 1 2 0 2 2 0 1 0 3 0 1 1 2 0 3 1 2
split_gain=306.791 1531.08 1538.98 551.391 1878.62 1178.48 1444.99 738.196 576.579 472.601 1156.36 1247.86 1572.76 1029.34 1144.03 1034.02 824.655 785.741 2091.85 1953.43 1654.4 1125.68 6199.42 748.153 741.165 688.346 630.767 581.299 559.46 386.366
threshold=-0.34304814104621323 3.4437761330069674 -0.35521173176235915 3.7114218561852899 1.2999951718842284 -0.38870387222135355 3.5778409799554582 3.9404568368205912 4.5618715742274718 0.017284053360037101 0.52405133898603407 0.72219012029731366 0.72228569132355769 0.043078627971054807 2.8010540202870469 1.3269847429671329 3.4841929324469612 5.8028513984867311 1.1735698911172281 0.26484938859632151 1.1111506969437031 6.8745952661962386 1.5671198004630646 -0.10278471256184683 0.090576965594080613 4.4357122514162617 0.91962730079580812 4.0710427759684444 0.033871093970498596 5.1493983947908895
decision_type=2 2 2 2 2 2 2 2 2 2 2 2 2 2 2 2 2 2 2 2 2 2 2 2 2 2 2 2 2 2
left_child=1 -1 3 5 8 -3 -7 -6 -5 10 16 25 -13 14 26 -16 -2 18 20 -20 -15 24 -23 -14 -19 -12 -11 -18 -28 -4
right_child=9 2 29 4 7 6 -8 -9 -10 13 11 12 23 17 15 -17 27 21 19 -21 -22 22 -24 -25 -26 -27 28 -29 -30 -31
leaf_value=0.030322185394578025 -0.039073348367957908 0.057639901632317726 -0.065706072902105103 -0.076447251016467127 0.042238126909681567 0.0060479856450583631 -0.10053207908934839 -0.0052453210747532772 -0.015853731587554386 0.041503653965934764 0.029649323868011904 -0.051234111258602472 0.0020076997912522689 -0.00017217629476421872 -0.089249717819734287 0.0095714908203040489 0.059107064525119837 -0.037707553498997202 -0.078777554419218715 -0.01373810670800687 0.020931190341035286 -0.2185587819081285 0.014727616760910328 -0.0053017213553199095 0.018060770115098074 -0.17842631994521305 0.02416243864813367 -0.19475828582861196 -0.011171437697024418 0.032388529281380134
leaf_weight=4970.4648919664323 3159.73834236525 1088.2996916770935 1050.5217338018119 1092.4847954455763 1126.054821908474 15157.317054241896 324.8343149125576 2996.9982732953504 612.82006700057536 3049.5205111484975 3517.1130162831396 1648.6779327504337 62037.627422356978 429482.64837724715 448.63019686937332 645.69384572282434 327.55761858820915 622.00678119063377 1455.9271229952574 5575.7386141493917 9492.3186304159462 340.85411083698273 1731.1328026019037 80348.24806695804 14124.810608118773 40.20129282772541 3481.6594374347478 24.216346971690655 1651.7578359674662 110.98521098680794
leaf_count=250271 88838 4690 26446 7779 4634 231232 1315 80854 31222 118124 55585 77411 2645218 4457875 2619 9266 1663 4444 8588 49394 166803 2648 23597 1572321 387758 228 137079 139 59132 1531
internal_value=3.45255e-05 0.0051046 -0.000215501 0.00269451 -0.0105331 0.00734708 0.00381181 0.00772297 -0.0546723 -0.000197586 -0.00263137 -0.0019567 -0.00267922 0.000581384 0.0170718 -0.0309414 -0.0309886 0.000250837 -0.000149226 -0.0272047 0.000284159 0.0108598 -0.0236494 -0.002117 0.0157085 0.0272979 0.0234927 0.0416308 0.0127932 -0.0563329
internal_weight=651737 28530.8 23560.3 22398.8 5828.36 16570.5 15482.2 4123.05 1705.3 623206 151103 147592 144035 472103 9277.26 1094.32 3511.51 462825 446007 7031.67 438975 16818.8 2071.99 142386 14746.8 3557.31 8182.94 351.774 5133.42 1161.51
internal_count=10508704 639974 389703 361726 124489 237237 232547 85488 39001 9868730 4441403 4350763 4294950 5427327 326220 11885 90640 5101107 4682660 57982 4624678 418447 26245 4217539 392202 55813 314335 1802 196211 27977
is_linear=0
shrinkage=0.05


Tree=122
num_leaves=31
num_cat=0
split_feature=2 0 1 1 1 1 1 2 0 0 0 2 3 2 0 1 0 1 3 1 1 1 0 0 0 1 2 3 3 0
split_gain=297.518 1109.54 737.939 795.363 733.738 693.447 688.485 772.507 1079.16 700.178 756.996 655.335 1391.58 612.212 522.53 825.317 2131.94 2009.52 519.584 615.047 515.305 499.437 467.757 418.603 2852.8 1321.38 387.02 379.7 327.415 305.722
threshold=1.7376526579221052 -0.036988519151232406 0.65557905798065585 0.59995719444268236 0.57145327630474652 0.72828833234014589 0.64849074711543175 1.5447018760744757 0.27512027950812123 -0.1108502728836893 0.040698957478679749 1.3710665965557243 1.7867589845313252 2.1623958954659686 0.84775196362271432 0.49594010002770628 0.40086358386613169 0.57145327630474652 2.9878634614873074 0.81545567171745659 0.77090001566801269 0.62232822779575792 -0.1108502728836893 1.0130834834924871 1.0185760684794598 -0.30293963576424887 1.1907534103532191 1.7704946832057136 2.5820613653663513 0.11347584474032892
decision_type=2 2 2 2 2 2 2 2 2 2 2 2 2 2 2 2 2 2 2 2 2 2 2 2 2 2 2 2 2 2
left_child=4 2 3 -2 27 14 9 11 20 21 -11 22 -13 28 15 16 -3 -17 19 29 -9 -6 -8 25 -25 -16 -23 -1 -5 -7
right_child=1 5 -4 13 6 18 7 8 -10 10 -12 12 -14 -15 23 17 -18 -19 -20 -21 -22 26 -24 24 -26 -27 -28 -29 -30 -31
leaf_value=0.011165218689228875 -0.023989165135019943 -0.033665509749048805 -0.032292576253814854 0.038576632365981106 -0.12056340976055163 -0.050159980525201597 0.0096093698199142055 -0.042337784803862105 0.1029705481580715 0.041236152730436716 -0.048071748011048347 0.054697669023252071 -0.01400594145267342 -0.28716395341811907 -0.04380344879479553 0.01934924348629409 -0.0021898334556081033 -0.0044808562444704561 0.033168969220005534 0.058723130153160878 0.060134919388086676 -0.062645387248676646 -0.014899639348761011 -0.047663572437795586 0.00014516991086585538 0.003139557210481449 0.012109679628448774 -0.052414423395158706 -2.5319451177473311e-05 -0.01283904123710638
leaf_weight=20895.419187046587 699.87879396602511 5499.3485998176038 599.52140990272164 4442.5726094422862 251.1401451677084 1696.5357056930661 4145.2444699294865 1951.1860350705683 149.98447027802467 514.11870995163918 440.63996209204197 1736.2957138717175 1280.6639616526663 14.900267109274862 1512.2527899993584 14842.180093144998 247421.228569014 21900.344773121178 348.1528158634901 175.53991118073463 130.91542907059193 570.72314085066319 3670.5594862774014 3192.2386072687805 138458.74336521607 172078.87151327543 248.53517077490687 237.49386811815202 626.81662759929895 811.06895016133785
leaf_count=700229 6297 30745 7349 186883 1115 8142 25062 17370 634 2306 2313 7142 5529 457 46473 356054 3024370 241537 1564 793 865 2798 16274 28733 2295999 3467734 1330 1208 17857 3542
internal_value=3.39319e-05 -0.000225715 0.0205109 0.0259839 0.00443739 -0.000443461 -0.003984 0.000220843 -0.0265636 -0.0311106 1.87947e-05 0.00573977 0.0255338 0.032863 -0.00032392 -0.00185697 -0.00287422 0.00514534 -0.0242983 -0.031755 -0.0358947 -0.058877 -0.00190087 0.00108474 -0.000932245 0.00273061 -0.0399672 0.0104507 0.0338036 -0.0380888
internal_weight=650543 614320 6383.69 5784.17 36222.9 607937 15090 13064.8 2232.09 2025.16 954.759 10832.8 3016.96 5084.29 604905 289663 252921 36742.5 3031.3 2683.14 2082.1 1070.4 7815.8 315242 141651 173591 819.258 21132.9 5069.39 2507.6
internal_count=10508704 9724529 218843 211494 784175 9505686 82738 72876 18869 9862 4619 54007 12671 205197 9491645 3652706 3055115 597591 14041 12477 18235 5243 41336 5838939 2324732 3514207 4128 701437 204740 11684
is_linear=0
shrinkage=0.05


Tree=123
num_leaves=31
num_cat=0
split_feature=1 2 1 3 0 1 3 2 2 1 1 1 0 0 2 2 1 2 3 2 0 0 2 2 0 0 2 3 2 0
split_gain=286.538 1422.91 1401.82 498.55 1736.4 1084.69 1300.08 671.68 549.657 476.856 1225.55 1603.96 491.877 488.446 449.81 945.523 532.551 375.384 310.513 175.934 148.005 80.3419 114.303 78.9226 66.2741 51.9758 42.126 22.2892 10.7415 3.86248
threshold=-0.34304814104621323 3.4437761330069674 -0.35521173176235915 3.7114218561852899 1.2999951718842284 -0.38870387222135355 3.5778409799554582 3.9404568368205912 4.5618715742274718 -0.3327390262831656 -0.33035528887943305 -0.31248217156279456 1.1217607961392175 1.0774002105738207 8.4921764472094434 7.8263922073548722 -0.25962049904085055 5.1493983947908895 5.1431998863235968 3.4841929324469612 1.0956075047414111 2.1085648409144384 5.9747339211199835 7.8935887178473578 1.0877026344952994 1.059537531172295 8.750048439177446 3.4107891595359914 5.226506451069052 0.90418916821950179
decision_type=2 2 2 2 2 2 2 2 2 2 2 2 2 2 2 2 2 2 2 2 2 2 2 2 2 2 2 2 2 2
left_child=1 -1 3 5 8 -3 -7 -6 -5 12 20 13 24 25 15 -13 -16 19 -19 -4 29 -14 -23 -15 -2 -12 -24 -21 -20 -11
right_child=9 2 17 4 7 6 -8 -9 -10 10 11 14 21 23 16 -17 -18 18 28 27 -22 22 26 -25 -26 -27 -28 -29 -30 -31
leaf_value=0.029676348642575158 -0.045765248020042622 0.055671309690768757 -0.10816435838517119 -0.074868690174338823 0.040429994503905747 0.0057625262534968767 -0.095159123561593326 -0.005001920396283506 -0.014896163222747295 -0.027006880938860219 -0.036830867580639713 -6.0544433728528775e-05 -0.0082888394348268578 -0.00034404309391389818 0.050998729994564632 0.024483210971919342 -0.023668052500196199 0.16142353730740366 -0.048288264099610567 -0.069493402718009842 0.02843713335774686 0.19953704861453359 -0.086756242244404203 0.056460403005095784 -0.090467643362487526 -0.051978395335116258 0.044495008147615041 -0.049972818921465829 -0.0089133860038524883 -0.054371401972296354
leaf_weight=4827.1826919931918 155.52273402363062 1070.7514147460461 189.91526287794113 1060.6311389654875 1117.6093503236771 15095.334858283401 326.00351084768772 2990.2167003853247 597.16318072099239 17.583403006196022 927.83600926399231 594074.69555980712 12762.231789655983 122.02276359498501 258.23475110530853 3950.1004486307502 3174.178991779685 32.757981713861227 26.139867208898067 192.30143877863884 4043.5743699036539 10.912171855568884 8.0072337836027128 122.56722538173199 177.59098904579878 1453.4336675181985 25.847868695855141 610.43125532567501 51.339289981871843 48.365219151601195
leaf_count=250271 4234 4690 766 7779 4634 231232 1315 80854 31222 414 17026 9284683 201369 539 1044 71715 13874 388 683 831 251767 59 44 500 715 19912 105 24849 460 730
internal_value=3.29514e-05 0.00496351 -0.000143098 0.00258337 -0.0100727 0.00700792 0.00362907 0.00735866 -0.0532657 -0.000190731 1.28699e-05 -0.000172254 -0.00961446 -0.0391651 -2.01804e-06 0.000101573 -0.0180506 -0.0551668 0.0323671 -0.0648878 0.0272253 -0.00805429 0.058811 0.0281214 -0.0695972 -0.0460763 0.0134521 -0.0546491 -0.0221977 -0.0470754
internal_weight=649520 28187.8 23360.6 22257.7 5765.62 16492.1 15421.3 4107.83 1657.79 621333 608193 604083 13140.1 2625.86 601457 598025 3432.41 1102.89 110.237 992.648 4109.52 12807 44.7673 244.59 333.114 2381.27 33.8551 802.733 77.4792 65.9486
internal_count=10508704 639974 389703 361726 124489 237237 232547 85488 39001 9868730 9662204 9409293 206526 37977 9371316 9356398 14918 27977 1531 26446 252911 201577 208 1039 4949 36938 149 25680 1143 1144
is_linear=0
shrinkage=0.05


Tree=124
num_leaves=31
num_cat=0
split_feature=2 1 0 2 0 1 1 1 1 0 0 2 3 3 0 1 1 0 3 2 3 0 3 1 1 3 0 0 3 0
split_gain=283.494 317.197 1007.42 1304.04 1217.1 1025.22 921.511 2232.68 766.11 4659.88 4240.11 722.199 759.01 1291.61 907.772 721.956 659.024 653.994 565.471 524.351 478.955 1093.57 1057.1 428.875 290.101 258.131 222.523 115.931 100.388 661.182
threshold=0.88146779030775313 0.65557905798065585 1.0000000180025095e-35 1.1907534103532191 0.028179389837528105 0.64849074711543175 0.63978365821300709 0.60732956117938708 0.59995719444268236 0.15276056255599116 0.10896021693658316 1.5447018760744757 2.8820108527573445 2.9878634614873074 0.27512027950812123 0.36933893998740885 0.63673176667469111 0.086608706665670512 2.5820613653663513 1.9397217297720586 1.6649536825965745 -0.29435794004766241 1.7867589845313252 0.69028085948440954 0.72828833234014589 2.9202237833458864 0.33692532184070467 0.28508777794332463 1.0858476682246934 -0.29435794004766241
decision_type=2 2 2 2 2 2 2 2 2 2 2 2 2 2 2 2 2 2 2 2 2 2 2 2 2 2 2 2 2 2
left_child=28 2 3 5 6 15 7 -4 10 -10 -6 17 14 24 19 -2 18 20 -5 -13 21 -3 -22 -15 -14 -8 -19 -16 29 -1
right_child=1 11 4 16 8 -7 25 -9 9 -11 -12 12 13 23 27 -17 -18 26 -20 -21 22 -23 -24 -25 -26 -27 -28 -29 -30 -31
leaf_value=0.036327377578780531 -0.24651980339901983 0.07010369445188612 -0.059602439497149752 0.017609515550200707 -0.061639051152077143 0.13178901808018822 0.038648950560219983 0.039744349434900517 0.044900958304556558 -0.032221856363504629 0.00015738177951840829 -0.019096444577527984 0.052485408353006295 -0.035710215598727439 0.10655446684305857 -0.052137288578763735 0.03914682665919373 0.075744238257636862 -0.023305451614521966 -0.051051024231860198 0.039556580867207342 -0.013086069419385216 -0.017856825283577623 0.0036509178904615188 -0.0064305662893710805 -0.089569852413346668 -0.07075982720760865 -0.018272696622330744 0.044351400524472936 -0.097765599172769488
leaf_weight=532.50117415562272 51.705979499965906 423.3855288028717 1304.3099853396416 5562.0029585510492 2788.6383946631104 71.756737589836121 41.732990771532059 998.44810127466917 5084.8484339974821 3185.701705865562 603654.26247214898 3306.3551394157112 1065.6284565143287 1618.7599587365985 137.58017000555992 627.18154621869326 3175.8025416815653 374.56707502901554 995.63934889435768 2098.6699833311141 1950.162533223629 5901.7135833799839 1361.4345025010407 1208.8491866104305 259.90047845244408 660.64921052753925 27.845711812376976 21.50822089612484 431.35312314331532 111.10961467772722
leaf_count=15920 352 1724 6748 155964 16377 312 330 13059 65981 22645 9951574 31501 17139 8354 565 3134 110938 1554 9225 10426 7965 26924 5929 5378 1110 2685 115 116 14047 613
internal_value=3.14072e-05 -1.11558e-05 0.000185029 0.0155544 -7.58245e-05 -0.0479446 -0.0318184 -0.0165269 7.93549e-05 0.0151943 -0.00012678 -0.00624932 -0.0159661 0.000208464 -0.028039 -0.066942 0.0204514 0.0031559 0.0113974 -0.0315038 0.000548063 -0.00751757 0.0159533 -0.0188827 0.0409336 -0.0819516 0.0656066 0.0896782 0.0256872 0.0131783
internal_weight=649034 647959 628203 10484.1 617719 750.644 3005.14 2302.76 614713 8270.55 606443 19756.4 9717.25 4153.14 5564.11 678.888 9733.44 10039.1 6557.64 5405.03 9636.7 6325.1 3311.6 2827.61 1325.53 702.382 402.413 159.088 1074.96 643.611
internal_count=10508704 10478124 10359324 279925 10079399 3798 22822 19807 10056577 88626 9967951 118800 74589 31981 42608 3486 276127 44211 165189 41927 42542 28648 13894 13732 18249 3015 1669 681 30580 16533
is_linear=0
shrinkage=0.05


Tree=125
num_leaves=31
num_cat=0
split_feature=1 1 2 1 0 3 1 1 1 0 0 2 2 3 3 2 0 1 0 2 0 1 2 3 0 0 1 3 3 2
split_gain=273.633 374.827 1221.19 1345.94 684.689 1430.38 428.272 1138.04 1504.45 461.555 457.617 407.555 350.125 243.143 164.323 144.246 138.032 121.02 71.1897 89.4977 54.2932 29.3013 40.8135 18.1051 18.662 17.6769 184.44 15.0042 9.2964 32.7596
threshold=-0.5151551456145852 -0.34304814104621323 3.4437761330069674 -0.35521173176235915 1.3409395388167957 3.7772219975316736 -0.3327390262831656 -0.33035528887943305 -0.31248217156279456 1.0774002105738207 1.1217607961392175 8.4921764472094434 5.1493983947908895 5.1431998863235968 8.0333519505345929 3.4841929324469612 1.0956075047414111 -0.50183990405672374 2.1085648409144384 5.9747339211199835 1.0877026344952994 -0.84084583113390909 8.4921764472094434 8.3102505804131521 2.010777875261029 2.7421961862478588 -0.61675189075187198 7.3612460181789956 6.8203822273901951 7.2886576889082564
decision_type=2 2 2 2 2 2 2 2 2 2 2 2 2 2 2 2 2 2 2 2 2 2 2 2 2 2 2 2 2 2
left_child=14 2 -2 4 5 -4 10 16 9 -9 20 -10 15 -14 25 -5 -8 -6 -12 -20 -3 -16 -23 -24 -25 28 -27 -28 29 -1
right_child=1 6 3 12 17 -7 7 8 11 -11 18 -13 13 -15 21 -17 -18 -19 19 -21 -22 22 23 24 -26 26 27 -29 -30 -31
leaf_value=-0.032540081770408485 0.029026409846624641 -0.045371658784754285 0.0054368209173238412 -0.10203360898932588 -0.010437269995382716 -0.042906602254339288 -0.046605471368774 -0.045572327945081856 9.656685167329898e-05 0.02682938774701309 -0.0078257212760453106 -0.017207098491818094 0.13441304903822637 -0.021445876883824475 -0.015543242567319482 -0.053568555730112856 0.02778390800057734 0.042319540223494656 0.17205065227867222 0.012888837183837246 -0.086325222062053508 -0.036815302404017154 0.093331143852932799 -0.05980709304876073 0.031113005432392007 -0.050611740280040465 0.27190090779347609 0.13333670930371963 -0.045340192387794701 0.17071476428359911
leaf_weight=88.990708775818348 4690.7205015383661 149.21474478952587 18168.152281627059 191.23498302698135 118.94763891678303 1670.8045467427 63.363448267802596 2290.0021911561489 597514.59491183423 243.53233402967453 12852.112838871777 3422.3955659419298 37.239151149988174 76.27852482534945 85.724439404904842 778.62929197214544 3933.4119467008859 1262.1102921422571 11.990544125437735 33.532694667577744 176.83999633044004 25.597903724759817 11.101334020495413 5.9418552666902533 112.55222206562757 47.223223134875298 4.3913945704698554 3.5193782355636358 517.44859481789172 2.0275955088436595
leaf_count=8875 250271 4234 244557 766 5786 42396 1144 36938 9356398 1039 201369 14918 388 1143 1427 25680 251767 12037 59 149 715 591 130 45 799 3955 36 137 40868 87
internal_value=3.07272e-05 6.91064e-05 0.00583686 0.000959765 0.0037351 0.00136542 -0.000181735 1.20437e-05 -0.000164078 -0.0386128 -0.00908353 -1.97923e-06 -0.0534003 0.0296832 -0.0274509 -0.0631248 0.0266046 0.0377757 -0.00760464 0.0548111 -0.0675834 0.00791865 0.0208783 0.0322741 0.0265538 -0.0402917 -0.0131818 0.210256 -0.0427482 -0.0280122
internal_weight=648590 647685 26994.1 22303.4 21220 19839 620691 607467 603471 2533.53 13223.7 600937 1083.38 113.518 904.519 969.864 3996.78 1381.06 12897.6 45.5232 326.055 240.918 155.193 129.595 118.494 663.601 55.134 7.91077 608.467 91.0183
internal_count=10508704 10451754 583024 332753 304776 286953 9868730 9662204 9409293 37977 206526 9371316 27977 1531 56950 26446 252911 17823 201577 208 4949 2992 1565 974 844 53958 4128 173 49830 8962
is_linear=0
shrinkage=0.05


Tree=126
num_leaves=31
num_cat=0
split_feature=2 0 1 1 1 1 2 0 0 0 2 3 1 1 0 1 1 1 3 1 3 1 1 1 1 0 3 3 2 3
split_gain=271.36 952.92 665.027 627.368 724.525 590.48 682.36 893.249 650.548 659.334 568.313 1155.41 538.766 479.315 466.139 753.045 1845.72 1834.37 458.964 3915.13 440.568 548.368 430.268 402.015 956.846 608.349 391.967 344.407 333.13 289.557
threshold=1.7376526579221052 -0.036988519151232406 0.57145327630474652 0.65557905798065585 0.59995719444268236 0.64849074711543175 1.5447018760744757 0.27512027950812123 -0.1108502728836893 0.040698957478679749 1.3710665965557243 1.7867589845313252 0.72828833234014589 0.77090001566801269 0.84775196362271432 0.49594010002770628 0.57145327630474652 0.49297196920644654 2.5820613653663513 0.6437191950917095 2.9878634614873074 0.81545567171745659 0.62232822779575792 0.55727822660461868 0.51420197116761013 1.066066415758957 2.0130234995999845 1.7704946832057136 1.1907534103532191 2.4902154955582589
decision_type=2 2 2 2 2 2 2 2 2 2 2 2 2 2 2 2 2 2 2 2 2 2 2 2 2 2 2 2 2 2
left_child=2 3 27 4 29 8 10 13 22 -10 26 -12 14 -8 15 17 -17 -3 -6 -20 21 -14 -4 24 -16 -25 -7 -1 -24 -2
right_child=1 12 5 -5 18 6 7 -9 9 -11 11 -13 20 -15 23 16 -18 -19 19 -21 -22 -23 28 25 -26 -27 -28 -29 -30 -31
leaf_value=0.010700459976529634 -0.057042547907069176 -0.0024235812762889311 -0.11232876715906684 -0.028058805307425563 0.037688031452891499 -0.0012069631968560388 -0.040875103945506121 0.090316129396330991 0.039620673207969595 -0.045223741902731707 0.050074613172420249 -0.0125267166351367 -0.034488285731825406 0.058034289798596254 0.0011089350647306066 0.018717015084979881 -0.0042745635219134217 -0.062435468052148793 -0.35507015329351271 0.03686592663784688 0.031404592479978552 0.057535322704227579 -0.059779783009327792 0.034535522340236803 -0.035916161406671358 -0.12469309537564616 -0.17593031158039515 -0.049968646471649586 0.010275718660362433 0.0070716680486714286
leaf_weight=20672.091756954789 326.22926962375641 251558.58783852868 257.80146405473351 626.0738025046885 4182.8704491080716 7749.4589909352362 1880.5467696450651 154.51827894151211 506.95608908310533 417.60254369676113 1744.2858401834965 1276.4443944022059 2480.2843629866838 131.01942794024944 310850.47612378281 14602.844852397218 21701.420503858477 1279.8442570306361 71.999373339116573 553.90136137977242 347.30742028355598 173.19174648821354 544.57846282422543 1361.8951100744307 1754.8268343396485 62.74997578561306 32.232226990163326 236.60247995890677 246.50946317240596 382.67473375797272
leaf_count=700229 3934 3044865 1115 7349 186890 41160 17370 634 2306 2313 7142 5529 11684 865 5798901 356054 241537 10250 2131 16176 1564 793 2798 20271 19414 353 176 1208 1330 2363
internal_value=2.90885e-05 -0.00021846 0.00425713 0.0193741 0.0247562 -0.00379853 7.8838e-05 -0.0255338 -0.0292786 0.00129834 0.00521465 0.0236217 -0.000417036 -0.0344328 -0.000311896 -0.00176046 0.00497345 -0.00272736 0.0317128 -0.00821974 -0.0215507 -0.0284819 -0.0562311 0.00102186 0.000901093 0.0275221 -0.00193068 0.0100139 -0.0379499 -0.0224329
internal_weight=648168 612317 35850.6 6143.75 5517.68 14942 12968.5 2166.08 1973.45 924.559 10802.4 3020.73 606173 2011.57 603173 289143 36304.3 252838 4808.77 625.901 3000.78 2653.48 1048.89 314030 312605 1424.65 7781.69 20908.7 791.088 708.904
internal_count=10508704 9724529 784175 218843 211494 82738 72876 18869 9862 4619 54007 12671 9505686 18235 9491645 3652706 597591 3055115 205197 18307 14041 12477 5243 5838939 5818315 20624 41336 701437 4128 6297
is_linear=0
shrinkage=0.05


Tree=127
num_leaves=31
num_cat=0
split_feature=2 3 3 3 2 1 0 1 0 3 0 0 1 1 1 1 1 1 1 3 0 0 0 0 1 2 1 1 1 1
split_gain=260.06 285.698 611.495 631.578 269.909 856.09 419.982 128.212 294.564 94.6622 584.17 86.1259 58.452 56.8799 55.2757 133.714 46.6173 43.7838 43.2006 41.9958 31.0295 8.39378 8.12081 7.85893 5.08165 69.5823 15.9329 0.688695 0.509404 0.49832
threshold=0.88146779030775313 1.0858476682246934 1.2146186208000707 1.2829990237933924 1.1907534103532191 0.39235273429018658 -0.036988519151232406 0.77090001566801269 0.33692532184070467 1.0858476682246934 -0.29435794004766241 -0.29435794004766241 0.81545567171745659 0.72828833234014589 0.40747606081353599 0.29469259081224436 0.81545567171745659 0.42632142793878453 0.69028085948440954 1.2146186208000707 0.22869163242642174 0.34889130254736317 0.31833668097040208 0.086608706665670512 0.50269308430617887 1.0000000180025095e-35 0.67614333405659321 0.3897058285503901 0.49297196920644654 0.81545567171745659
decision_type=2 2 2 2 2 2 2 2 2 2 2 2 2 2 2 2 2 2 2 2 2 2 2 2 2 2 2 2 2 2
left_child=9 13 7 14 5 -5 -6 8 22 10 24 17 -12 23 15 -4 -9 27 -19 -20 -16 -10 -3 -2 28 -26 -27 -11 -1 -13
right_child=1 2 3 4 6 -7 -8 16 21 11 12 29 -14 -15 20 -17 -18 18 19 -21 -22 -23 -24 -25 25 26 -28 -29 -30 -31
leaf_value=0.045132549704406673 -0.025315124442305017 0.056996778312217417 0.10805642831347967 -0.20551875901602587 0.0089944105680634275 -0.012340216745404342 -0.00015347954220669066 -0.080861664525367055 -0.048694736060873267 -0.020644316679143088 -0.068224858338475886 0.085394396964194902 -0.15073282552862036 0.054944430436524694 0.050913128935487932 -0.20944659319335238 -0.046785153130183443 -0.19928621163678212 -0.13169971857904272 0.017852346333762807 0.10306007099271766 -0.082144443445977683 0.1030673233878656 -0.11972952022129367 0.03470102759177679 -0.34336781999936683 -0.11027266204114594 0.032172034702277891 0.039913768468786831 0.068305309738427342
leaf_weight=71.052823230624199 4.2685967907309514 63.158780243247747 6.6769344359636289 58.929772958159447 12801.789619300514 2140.8649992458522 629617.67508277204 219.39475417137146 185.08082821965218 0.61915381625294585 88.338276371359825 4.3683585226535788 28.356253355741501 267.44736571609974 556.38211188092828 6.5878191366791725 184.98764000833035 3.3778036497533312 5.8056403994560268 24.520191580057144 30.068724691867828 20.869616195559502 11.272329390048979 4.5571515709161758 300.0657004378736 0.8835080973803987 4.3065145611763 196.1517840474844 136.75671451538801 181.88094972074032
leaf_count=2599 18 302 191 354 270709 9730 10168624 922 5580 5 478 18 135 2377 18201 40 775 24 32 141 137 88 46 30 7442 18 104 12968 5757 859
internal_value=2.8618e-05 -1.17157e-05 -3.34593e-05 1.66594e-05 -3.10552e-05 -0.0175152 2.88147e-05 -0.0472578 -0.021275 0.0249338 0.0127009 0.0434203 -0.0882739 0.0508231 0.0513039 -0.0496286 -0.0652731 0.0229865 -0.0296706 -0.0107782 0.0535868 -0.0520843 0.063974 -0.0740657 0.0356672 0.0315615 -0.149953 0.0320058 0.0416981 0.0687061
internal_weight=647226 646180 645904 645219 644619 2199.79 642419 684.764 280.382 1046.48 629.76 416.724 116.695 276.273 599.716 13.2648 404.382 230.475 33.7036 30.3258 586.451 205.95 74.4311 8.82575 513.065 305.256 5.19002 196.771 207.81 186.249
internal_count=10508704 10478124 10475699 10467986 10449417 10084 10439333 7713 6016 30580 16533 14047 613 2425 18569 231 1697 13170 197 173 18338 5668 348 48 15920 7564 122 12973 8356 877
is_linear=0
shrinkage=0.05


Tree=128
num_leaves=31
num_cat=0
split_feature=1 1 2 1 0 3 1 1 1 0 0 1 2 3 3 0 2 3 0 2 0 1 2 0 1 0 0 3 3 2
split_gain=255.536 336.072 1142.56 1240.09 618.929 1330.41 388.765 1053.56 1411.89 436.313 426.105 401.872 328.683 195.795 157.11 128.682 119.043 118.293 63.1167 72.8569 44.9021 26.1998 36.5043 17.2074 148.913 16.698 10.2525 9.51037 9.39147 28.8658
threshold=-0.5151551456145852 -0.34304814104621323 3.4437761330069674 -0.35521173176235915 1.3409395388167957 3.7772219975316736 -0.3327390262831656 -0.33035528887943305 -0.31248217156279456 1.0774002105738207 1.1217607961392175 -0.272696703161662 5.1493983947908895 5.1431998863235968 8.0333519505345929 1.0956075047414111 3.4841929324469612 3.9087007104622415 2.1085648409144384 5.9747339211199835 1.0877026344952994 -0.84084583113390909 8.4921764472094434 2.7421961862478588 -0.61675189075187198 2.7421961862478588 2.010777875261029 7.3612460181789956 6.8203822273901951 5.7330338322751588
decision_type=2 2 2 2 2 2 2 2 2 2 2 2 2 2 2 2 2 2 2 2 2 2 2 2 2 2 2 2 2 2
left_child=14 2 -2 4 5 -4 10 15 9 -9 20 -10 16 -14 23 -8 -5 -6 -12 -20 -3 -16 -23 28 -25 26 -24 -26 29 -1
right_child=1 6 3 12 17 -7 7 8 11 -11 18 -13 13 -15 21 -17 -18 -19 19 -21 -22 22 25 24 27 -27 -28 -29 -30 -31
leaf_value=-0.048710142799129663 0.028355166816620581 -0.044972977070121149 0.005136553608508173 -0.096857483670413289 0.050867485926600592 -0.042195943362330984 -0.046154479473188986 -0.045077608049845182 0.0066212821227580217 0.025398489848471803 -0.0074370083418724671 -0.00025300611522729972 0.1147650473098389 -0.020595737396456332 -0.015008092278129112 0.027109638389398078 -0.052704342395523351 0.021565503335757196 0.15227476756320094 0.012206069736467163 -0.082706124319464835 -0.036212044990361979 0.020094271291041216 -0.050582104073749537 0.21337959493961856 0.017333391591922594 0.071561277626806266 0.11115969026105438 -0.045076808613941061 0.010799575113972622
leaf_weight=56.926605574786663 4557.3140296339989 143.16433260776103 18101.782533168793 191.46601966023445 674.80357164144516 1617.2255928404629 60.887953445315361 2203.54265030846 22072.568936804309 243.92077857255936 12928.463148586452 577834.74470594805 41.299928996711969 75.648375680670142 84.641332786530256 3825.6195159442723 753.17235855199397 703.53123208135366 12.84195640683174 33.507440373301506 175.48381816595793 24.777305088937283 14.283238396048544 44.98823232203722 5.2867501378059369 88.220113821327686 30.00072442740202 3.9948511533439159 495.53994234092534 31.738388306461275
leaf_count=6212 250271 4234 244557 766 3883 42396 1144 36938 615655 1039 201369 8755661 388 1143 1427 251767 25680 13940 59 149 715 591 143 3955 36 672 159 137 40868 2750
internal_value=2.73659e-05 6.40382e-05 0.00555478 0.000865537 0.00351883 0.00125465 -0.000172739 1.2732e-05 -0.000154697 -0.0380538 -0.00863106 -7.83753e-08 -0.0518645 0.0272065 -0.0268918 0.0259618 -0.0616536 0.0359111 -0.0072282 0.0510147 -0.0657531 0.00742185 0.0194926 -0.0398934 -0.0129621 0.0299089 0.0549612 0.169384 -0.0423952 -0.0274081
internal_weight=647131 646251 26716.2 22158.9 21097.3 19719 619535 606241 602355 2447.46 13293.5 599907 1061.59 116.948 880.397 3886.51 944.638 1378.33 12974.8 46.3494 318.648 241.923 157.281 638.475 54.2698 132.504 44.284 9.2816 584.205 88.665
internal_count=10508704 10451754 583024 332753 304776 286953 9868730 9662204 9409293 37977 206526 9371316 27977 1531 56950 252911 26446 17823 201577 208 4949 2992 1565 53958 4128 974 302 173 49830 8962
is_linear=0
shrinkage=0.05


Tree=129
num_leaves=31
num_cat=0
split_feature=3 2 2 2 1 3 1 3 0 3 3 2 3 1 0 1 1 2 1 0 3 1 1 3 1 2 2 1 0 2
split_gain=249.915 3235.84 1613.74 1701.37 1204.31 2648.18 1253.28 892.009 868.471 844.389 2021.47 1348.89 820.474 777.716 1342.94 975.336 2655.12 740.756 684.599 657.604 614.395 576.086 553.124 524.077 510.019 440.796 400.345 368.572 384.389 647.451
threshold=5.5624806248407035 4.8601466769752113 4.8674127876556019 5.0136407960728784 0.35815495563763139 5.6653603500644554 0.34486979318925709 5.5002047559298859 1.5671198004630646 5.4276012788821086 5.4131322212818391 4.7175654691367521 4.5977583100185493 0.17514869934927838 1.3903996925279913 0.26971789134358293 0.27489626282556717 5.1276083952003857 0.38752962573626226 1.0056282217704664 5.5344402635264043 0.26484938859632151 0.1993960117340505 6.5145519769135438 0.39795531170458065 5.0463193875623382 4.9829167156969527 0.47360563087140678 1.0364308719908164 4.9372592344747188
decision_type=2 2 2 2 2 2 2 2 2 2 2 2 2 2 2 2 2 2 2 2 2 2 2 2 2 2 2 2 2 2
left_child=1 8 18 7 5 6 22 -4 9 10 12 -11 -1 14 -7 21 -17 -8 -3 -13 25 -15 -2 -16 -12 -5 -9 28 29 -6
right_child=4 2 3 20 27 13 17 26 -10 11 24 19 -14 15 23 16 -18 -19 -20 -21 -22 -23 -24 -25 -26 -27 -28 -29 -30 -31
leaf_value=-0.00016668674251206877 -0.082319611732828604 -0.012080436835961052 -0.029127980390139613 -0.08334671462308936 0.044723014836976667 -0.032466591691631123 -0.11764168842231815 0.008704537396771515 -0.099697845748440428 0.047671037012631826 0.0040644280095449049 -0.017163353095603323 0.0091162837494505704 0.013280444171764317 -0.0559451793039255 -0.049133605260739434 0.0057664941781997254 -0.031371087852630423 -0.080347478362569349 0.018063759060759601 -0.097646145725985511 0.044348333144167223 0.020192885302371927 0.0016979449127907016 -0.056299797730573212 -0.025379239908365117 -0.052089588513504051 -0.052869357774314986 0.032407869290278314 0.00147362108079606
leaf_weight=527347.34604928643 175.94854984153062 472.83613713271916 2850.1231124605983 434.16226367279887 1130.1589572131634 3817.3461506562307 791.71232640743256 5091.7398033514619 217.28593678213656 2414.6686137281358 424.85750844329596 2349.7224581986666 24928.154361192137 11645.070058612153 403.85717934835702 2429.2098450064659 23578.174874540418 362.86542381346226 1644.4915578514338 3037.2199765071273 612.3110261214897 1711.4102460071445 521.88442841917276 16683.439491159283 1983.8339212238789 1340.5701036583632 286.01323022693396 171.22968374192715 4117.2910671532154 3692.9747062250972
leaf_count=8699397 2063 3262 24516 2668 15982 36018 7182 37425 1081 51767 3903 22384 421548 318837 3562 15548 347664 4278 10312 32627 2793 23167 4408 264721 8540 29103 3956 1159 57794 51039
internal_value=2.59572e-05 -0.000319876 -0.0252459 -0.0172958 0.00281968 0.000329799 -0.0585548 -0.00651388 0.000244123 0.000282731 5.29809e-05 0.0166176 0.00025232 0.00213967 -0.00565437 0.00627879 0.000638571 -0.0905282 -0.0651023 0.0026981 -0.05446 0.0172613 -0.00565417 0.000335553 -0.0456524 -0.0395601 0.00547123 0.0197951 0.0211868 0.0116078
internal_weight=646668 575435 12732.2 10614.9 71232.6 62120.9 1852.41 8227.88 562703 562486 554684 7801.61 552276 60268.5 20904.6 39363.9 26007.4 1154.58 2117.33 5386.94 2387.04 13356.5 697.833 17087.3 2408.69 1774.73 5377.75 9111.65 8940.42 4823.13
internal_count=10508704 9355282 114035 100461 1153422 1027448 17931 65897 9241247 9240166 9133388 106778 9120945 1009517 304301 705216 363212 11460 13574 55011 34564 342004 6471 268283 12443 31771 41381 125974 124815 67021
is_linear=0
shrinkage=0.05


Tree=130
num_leaves=31
num_cat=0
split_feature=1 0 0 1 0 1 3 1 2 1 0 0 2 1 3 0 0 0 3 2 2 3 3 0 2 1 3 3 1 0
split_gain=246.923 1551.54 4273.27 2180.07 1451.17 2059.24 1983.26 4605.76 3933.39 1171.49 1163.28 2204.63 1608.81 3573.92 1581.97 1025.71 1001.87 1574.65 747.149 747.593 679.348 648.916 644.319 584.07 506.673 497.822 2515.92 1341.58 1295.48 1268.68
threshold=0.50269308430617887 0.38791169941480741 0.29782897834397226 0.33938263920338946 1.0535071086109544 0.57145327630474652 3.5387918830276415 0.54459740642940502 2.2568774574635353 0.51420197116761013 0.25440896284017062 0.60255211543935061 2.7428949564256309 0.59167337229920991 3.7249592873765365 0.34889130254736317 0.40086358386613169 0.97756862182892712 1.2829990237933924 1.1907534103532191 1.7376526579221052 3.794575831283209 3.6809784281876436 1.1049979010730218 3.4312524402335574 0.49297196920644654 4.3491450911238507 4.951267289888361 0.4821648667909279 0.62800299823592676
decision_type=2 2 2 2 2 2 2 2 2 2 2 2 2 2 2 2 2 2 2 2 2 2 2 2 2 2 2 2 2 2
left_child=1 2 18 21 5 6 7 8 -2 23 12 14 13 -7 -12 -5 -8 -18 -1 -20 -3 -4 -17 -6 -21 28 -27 -28 29 -22
right_child=4 20 3 15 9 10 16 -9 -10 -11 11 -13 -14 -15 -16 22 17 -19 19 24 25 -23 -24 -25 -26 26 27 -29 -30 -31
leaf_value=0.04309096646472152 -0.0044165612453151573 0.0095431488065245585 -0.043087046998389 -0.064331046232196862 -0.15830732588727828 -0.066599702299689326 0.039600907768925525 0.023472378630904359 -0.18478180606493105 -0.076355699713415909 -0.011890496395821824 0.030509415437651212 0.047734842372697865 0.0037490602342610032 -0.06479471549445362 -0.1744210232793664 -0.0226097865103526 0.043020685400250079 -0.16556781789092337 -0.007992579688117207 -0.017659664168435514 0.05000507447269862 -0.09014068530741802 0.020031426213722555 0.055883360328263278 0.037120771196239459 -0.092870610708869511 0.014389225095876089 0.032099972712436954 -4.2154721744698603e-05
leaf_weight=920.49724477156997 620.54989166557789 18117.104058962315 494.66470788419247 753.7777376845479 49.382347226142883 1905.6321796998382 8285.7388947606087 2967.3799593709409 589.3505122512579 1023.5865875780582 3408.4129144772887 1726.6592469513416 1859.5058908946812 34322.432428612374 2413.7156531959772 594.01462827250361 1945.7328846678138 1723.4623550921679 72.310922842472792 4521.2628837302327 10415.89308068715 301.17304304242134 366.80233096331358 653.04027103632689 333.34001112729311 1042.8952248506248 1089.4528451673687 398.04226285591722 3088.0949577838182 540215.52709289268
leaf_count=39557 4369 627345 7339 3843 258 12882 248036 54950 4967 5420 29232 18180 29169 457467 15910 3934 36986 36662 399 45511 165181 1394 3043 3620 1736 19348 6823 11310 68893 8544940
internal_value=2.63227e-05 -0.000296301 -0.0216842 -0.0762487 0.00298722 0.00425079 0.0196058 -0.0100521 -0.0922737 -0.0422321 -0.00117711 -0.0191083 0.00237677 4.86455e-05 -0.0338233 -0.107993 0.0299688 0.00821759 0.00174169 -0.00598362 1.49219e-05 -0.00785771 -0.142246 0.00749369 -0.00360656 -0.000295413 -0.0224225 -0.0641687 -0.000194297 -0.000375412
internal_weight=646219 582725 8357.84 2510.43 63494.6 61768.6 16132.2 4177.28 1209.9 1726.01 45636.4 7548.79 38087.6 36228.1 5822.13 1714.59 11954.9 3669.2 5847.41 4926.91 574367 795.838 960.817 702.423 4854.6 556250 2530.39 1487.5 553720 550631
internal_count=10508704 9550596 106756 19553 958108 948810 385970 64286 9336 9298 562840 63322 499518 470349 45142 10820 321684 73648 87203 47646 9443840 8733 6977 3878 47247 8816495 37481 18133 8779014 8710121
is_linear=0
shrinkage=0.05


Tree=131
num_leaves=31
num_cat=0
split_feature=1 1 2 1 0 3 1 0 0 0 1 2 0 2 3 2 0 2 3 2 3 3 3 3 2 3 1 2 0 1
split_gain=237.064 313.182 1061.7 1139.28 566.063 1220.4 367.246 1025.11 1143.23 1503.94 948.104 1004.9 864.357 739.893 729.273 783.516 616.244 585.703 503.21 313.701 248.999 166.105 149.509 116.981 99.3795 28.6007 23.4986 32.7971 16.6582 124.939
threshold=-0.5151551456145852 -0.34304814104621323 3.4437761330069674 -0.35521173176235915 1.3409395388167957 3.7772219975316736 0.017284053360037101 0.52405133898603407 0.72219012029731366 0.72228569132355769 0.043078627971054807 2.8010540202870469 1.3269847429671329 3.4841929324469612 7.2547221801212514 5.8028513984867311 0.91962730079580812 4.4357122514162617 4.0710427759684444 5.1493983947908895 3.4451054898711253 5.1431998863235968 8.0333519505345929 3.9087007104622415 3.4841929324469612 7.7275510309713065 -0.84084583113390909 8.4921764472094434 2.7421961862478588 -0.61675189075187198
decision_type=2 2 2 2 2 2 2 2 2 2 2 2 2 2 2 2 2 2 2 2 2 2 2 2 2 2 2 2 2 2
left_child=22 2 -2 4 5 -4 7 13 17 -10 11 16 -13 20 15 -12 -8 -9 -15 24 -3 -21 28 -6 -5 -16 -24 -28 -1 -30
right_child=1 6 3 19 23 -7 10 8 9 -11 14 12 -14 18 25 -17 -18 -19 -20 21 -22 -23 26 -25 -26 -27 27 -29 29 -31
leaf_value=-0.041997101839124057 0.027707993074966498 -0.016761385853277636 0.0049043542588977397 -0.092347193360020119 0.049764052990538425 -0.04135406969647995 0.041012894870346872 0.028639197729119398 -0.051178134889277242 -0.0018497007714662361 -0.00016599067735014567 -0.079432669252291019 0.0096569621700377875 0.057425615707490163 -0.12404395977700511 0.010946939914397396 0.012164513890106499 -0.15564655590754611 -0.1711742263393928 0.10309505648392377 -0.04738817435604209 -0.019406374005035074 -0.01451259458182658 0.020477772284000426 -0.051788603721270303 -0.18660372741663814 -0.035615624300902607 0.027811124130996841 -0.050554311103012665 0.1421235155715144
leaf_weight=558.87638109829277 4435.3976188786328 982.05012004636228 18050.711997315288 190.76920011639595 655.90037254989147 1548.0829734979197 2921.3213291950524 3498.1410418953747 1562.2566267494112 141262.9685040582 442926.32095009182 470.83804453536868 645.52395511418581 316.70061227679253 34.277839362621307 16450.067980926484 5053.4786389805377 43.653592512011528 26.053834870457649 44.124577526003122 2046.8470700550824 74.21427727676928 83.660093605518341 710.16761279385537 725.08848341926932 39.119611714035273 24.008938688784838 134.88857921212912 42.88722025975585 10.466776017099617
leaf_count=49830 250271 11275 244557 766 3883 42396 118124 55585 77411 4217539 4682660 2619 9266 1663 307 417933 196211 228 139 388 77563 1143 1427 13940 25680 207 591 974 3955 173
internal_value=2.72512e-05 6.21394e-05 0.00539171 0.000892354 0.00341955 0.00125046 -0.000165726 -0.0023213 -0.0016934 -0.00238927 0.000523163 0.0165126 -0.0279176 -0.0295789 0.000206779 0.000231959 0.0227322 0.0263678 0.040049 -0.0503381 -0.0374581 0.0262703 -0.0262867 0.0345392 -0.0602368 -0.157387 0.0069352 0.0182275 -0.0394488 -0.0127555
internal_weight=645569 644714 26434.5 21999.1 20964.9 19598.8 618280 149739 146367 142825 468541 9091.16 1116.36 3371.65 459450 459376 7974.8 3541.79 342.754 1034.2 3028.9 118.339 854.788 1366.07 915.858 73.3975 242.558 158.898 612.23 53.354
internal_count=10508704 10451754 583024 332753 304776 286953 9868730 4441403 4350763 4294950 5427327 326220 11885 90640 5101107 5100593 314335 55813 1802 27977 88838 1531 56950 17823 26446 514 2992 1565 53958 4128
is_linear=0
shrinkage=0.05


Tree=132
num_leaves=31
num_cat=0
split_feature=1 0 0 1 0 1 3 1 2 0 0 2 1 3 1 0 0 0 3 2 2 3 1 0 1 3 1 1 3 1
split_gain=227.805 1394.18 3718.1 1794.63 1297.31 1908.23 1849.36 3947.65 2954.81 1062.79 2013.86 1518.66 3162.59 1488.69 1021.93 979.034 1746.61 741.3 702.774 622.777 620.396 594.93 507.249 495.524 477.929 472.877 466.233 451.654 2267.55 1204.37
threshold=0.50269308430617887 0.38791169941480741 0.29782897834397226 0.33938263920338946 1.0535071086109544 0.57145327630474652 3.5387918830276415 0.54459740642940502 2.1934731140388428 0.25440896284017062 0.60255211543935061 2.7428949564256309 0.59167337229920991 3.7249592873765365 0.51420197116761013 0.442966886987886 0.97756862182892712 0.34889130254736317 1.2829990237933924 1.1907534103532191 1.7376526579221052 3.794575831283209 0.4821648667909279 1.1049979010730218 0.43641440092905209 3.1183907634639625 0.35815495563763139 0.49297196920644654 4.3491450911238507 0.4821648667909279
decision_type=2 2 2 2 2 2 2 2 2 2 2 2 2 2 2 2 2 2 2 2 2 2 2 2 2 2 2 2 2 2
left_child=1 2 18 21 5 6 7 8 -2 11 13 12 -7 -11 23 -8 -17 26 -1 -20 -3 -4 -19 -6 -21 -9 -5 29 -29 -22
right_child=4 20 3 17 14 9 15 25 -10 10 -12 -13 -14 -15 -16 16 -18 22 19 24 27 -23 -24 -25 -26 -27 -28 28 -30 -31
leaf_value=0.042604715574631878 -0.0029045409400234473 0.0091583133168359285 -0.041569644795615687 0.017804133559270546 -0.13972635781241394 -0.061985892942854608 0.038460159977537961 -0.027258515459230321 -0.15504285387835529 -0.011298829344198234 0.029524407544822086 0.047296786196318608 0.0035742037102076672 -0.06296638607040668 -0.070880218308957868 -0.03016296970753013 0.042519579680122557 -0.14310972811969344 -0.14632899369644725 0.0036470402761290435 -0.00035952246941225758 0.048380046232707877 -0.054309305517922749 0.019243511064418222 -0.037828777613612696 0.030855575205081177 -0.080315960917803728 0.036451603805768874 -0.060480655616260565 0.03139182270260412
leaf_weight=885.5262348856777 609.053859770298 17962.03715063259 483.41664472967386 151.23540935665369 53.043877229094505 1943.8170636892319 8320.9531840756536 406.88678029924631 670.48695760220289 3405.1345982402563 1696.3180894702673 1785.0996401868761 34282.18120268546 2360.6619252860546 1046.7959141507745 1647.7138934358954 1658.5659550912678 829.69377459585667 77.566828347742558 4016.4487910363823 549922.45026115701 296.61970971524715 199.48130268231034 646.23049627244473 839.79179923981428 2505.7590159885585 606.92544700577855 1010.0131457075477 1498.4393996130675 3002.9069127701223
leaf_count=39557 4322 627345 7339 687 258 12882 255791 2997 5014 29232 18180 29169 457467 15910 5420 29231 36662 4561 399 42309 8710121 1394 2416 3620 4938 51953 3156 19348 18133 68893
internal_value=2.59784e-05 -0.000283375 -0.020522 -0.0706439 0.00288099 0.00409164 0.0190493 -0.00942175 -0.0826259 -0.0011119 -0.0183639 0.00227491 5.63756e-05 -0.0324528 -0.0396164 0.0293145 0.00629759 -0.0982603 0.00159076 -0.00577048 1.26426e-05 -0.00736502 -0.125898 0.00718476 -0.00352539 0.0227372 -0.0607433 -0.000283117 -0.0214515 -0.000187083
internal_weight=644821 581783 8386.71 2567.37 63038.7 61292.6 15819.4 4192.19 1279.54 45473.2 7462.11 38011.1 36226 5765.8 1746.07 11627.2 3306.28 1787.34 5819.33 4933.81 573396 780.036 1029.18 699.274 4856.24 2912.65 758.161 555434 2508.45 552925
internal_count=10508704 9550596 106756 19553 958108 948810 385970 64286 9336 562840 63322 499518 470349 45142 9298 321684 65893 10820 87203 47646 9443840 8733 6977 3878 47247 54950 3843 8816495 37481 8779014
is_linear=0
shrinkage=0.05


Tree=133
num_leaves=31
num_cat=0
split_feature=1 0 0 1 1 1 1 0 0 2 1 1 0 2 3 3 0 3 0 1 1 0 1 0 0 2 3 0 1 2
split_gain=222.513 992.348 1065.77 855.027 1998.4 1534.57 814.115 4086.3 3349.32 2755.74 1505.62 1209.49 709.824 640.24 677.937 1167.1 759.33 629.41 813.877 608.908 586.151 529.368 471.244 1037.19 1055.02 468.58 857.789 558.93 361.233 340.248
threshold=0.65557905798065585 1.0000000180025095e-35 0.028179389837528105 0.63953290050976885 0.63029474664333851 0.59995719444268236 0.59995719444268236 0.15276056255599116 0.086608706665670512 2.6045226020115693 0.58412571589094731 0.54459740642940502 -0.12584944700725806 1.5447018760744757 2.8820108527573445 2.9878634614873074 0.27512027950812123 2.1084006431796927 -0.13461282072082545 0.64849074711543175 0.46381213525713688 0.086608706665670512 0.72828833234014589 1.0000000180025095e-35 -0.1108502728836893 1.9397217297720586 2.5370736041380932 -0.1108502728836893 0.69028085948440954 3.022518614513527
decision_type=2 2 2 2 2 2 2 2 2 2 2 2 2 2 2 2 2 2 2 2 2 2 2 2 2 2 2 2 2 2
left_child=1 12 3 4 5 -3 8 -8 10 -9 -4 -10 17 21 16 -16 25 18 19 -1 -19 22 -2 24 -24 26 -15 -27 29 -17
right_child=13 2 6 -5 -6 -7 7 9 11 -11 -12 -13 -14 14 15 28 -18 20 -20 -21 -22 -23 23 -25 -26 27 -28 -29 -30 -31
leaf_value=-0.016568868699488901 -0.014233211729332474 0.015080621034115017 -0.019094758207631575 -0.078073100760084002 0.050490519094058744 -0.087784047092744857 0.044260920113868479 -0.16733569278687588 -0.00020839669617136092 -0.013121893565839624 -0.099939561849545278 0.016383603048867552 0.024324579866883481 -0.027623329220383443 0.040383387181186753 -0.049123836198478141 0.080771808759276753 -0.10349930211029815 -0.10072289333591505 0.087513014707620282 0.035075674869005737 0.059187832126314344 0.016943887767825936 0.080046203123020354 -0.026943995752847307 -0.24487611526090303 0.047072485630252923 -0.044392917189701321 0.0033701718530065069 0.00041443126687325618
leaf_weight=1720.4177148547024 3373.1052671857178 589.95069885253906 1130.1118948385119 702.08032454177737 772.93484298139811 940.72337222844362 4891.8214705698192 324.46556706726551 589065.87541021546 2702.741574652493 1174.3555980920792 11192.330894244835 7153.7734305057675 2807.6150781027973 1283.4112173877656 1064.2759269848466 161.61714262515306 81.948211833834648 271.33116526156664 153.01932868361473 1109.0596822593361 407.4100769162178 4405.9580301493406 472.84366645663977 1986.8350153043866 35.3682025000453 445.31261327117682 2038.2604630738497 1204.3171732649207 514.0335421860218
leaf_count=35620 15575 3622 6561 3028 11339 4833 65981 2302 9724834 20343 5671 230885 204272 26363 18249 5067 681 402 1159 706 59148 1669 25705 1929 8531 359 5138 10067 5378 3287
internal_value=2.66221e-05 0.000193824 -6.69078e-05 -0.0297673 -0.015045 -0.0481381 7.93214e-05 0.0160066 -0.000129999 -0.029651 -0.0602932 0.000100975 0.0154428 -0.00513813 -0.0145345 0.000939235 -0.0259986 -0.00360456 -0.0197893 -0.00806763 0.0255409 0.0032945 0.00107044 0.00858917 0.00330384 -0.0292382 -0.0173978 -0.0478124 -0.0172533 -0.0329899
internal_weight=644177 623977 613487 3005.69 2303.61 1530.67 610482 7919.03 602563 3027.21 2304.47 600258 10489.5 20200.4 9554.21 4066.04 5488.17 3335.78 2144.77 1873.44 1191.01 10646.2 10238.7 6865.64 6392.79 5326.56 3252.93 2073.63 2782.63 1578.31
internal_count=10508704 10380706 10079399 22822 19794 8455 10056577 88626 9967951 22645 12232 9955719 301307 127998 74589 31981 42608 97035 37485 36326 59550 53409 51740 36165 34236 41927 31501 10426 13732 8354
is_linear=0
shrinkage=0.05


Tree=134
num_leaves=31
num_cat=0
split_feature=3 2 2 2 1 3 2 3 3 2 0 3 2 3 3 1 0 1 3 2 3 3 3 1 2 0 0 0 2 3
split_gain=220.869 2810 1371.94 1528.24 1120.61 2279.57 1014.74 789.121 1722.4 1287.86 777.055 724.114 717.675 701.442 675.248 695.26 601.052 561.072 557.115 538.385 473.749 465.561 447.048 431.604 876.879 406.448 382.84 365.721 353.242 344.601
threshold=5.5624806248407035 4.8601466769752113 4.8674127876556019 5.0136407960728784 0.35815495563763139 5.6653603500644554 5.0463193875623382 5.4276012788821086 5.4131322212818391 4.7175654691367521 1.5671198004630646 5.5002047559298859 5.097305268989758 4.5977583100185493 5.6987316728617001 0.17514869934927838 1.0056282217704664 0.38752962573626226 5.5344402635264043 5.1276083952003857 5.4885841869421421 5.6392313342877074 5.5954190332269329 0.39795531170458065 4.6817063108378933 1.1978845133089424 1.0173126806855874 0.92911064267174137 5.0463193875623382 5.6167883586876535
decision_type=2 2 2 2 2 2 2 2 2 2 2 2 2 2 2 2 2 2 2 2 2 2 2 2 2 2 2 2 2 2
left_child=1 7 17 11 5 6 27 8 10 -9 13 -4 28 -1 19 -16 -11 -3 25 -14 -18 22 -8 -10 -25 -5 -13 -2 -7 -6
right_child=4 2 3 18 29 12 21 9 23 16 -12 26 14 -15 15 -17 20 -19 -20 -21 -22 -23 -24 24 -26 -27 -28 -29 -30 -31
leaf_value=-0.00015402259329695602 0.033827552137115191 -0.011331000823632847 -0.025968454176654478 -0.0097737004531725236 0.010174727794986132 -0.17122421332395532 -0.0056961905779976405 0.047300551771361082 0.0039098517249273766 -0.016045365809724592 -0.094076948049860554 -0.0040576902563710165 -0.0048915985202800071 0.0084838985209177934 -0.0053031392133679363 0.006112034127413458 0.039911762838434874 -0.072629473284211654 -0.092195759234560887 -0.077195212195671367 -8.9907043834126993e-05 -0.032634246765304568 -0.10324411041772419 -0.019852957366839188 -0.085928433181716057 -0.058036135203252938 0.02462299359980016 -0.17007745408684072 0.049466366379190468 0.029853801560870266
leaf_weight=525062.67017495725 348.48849759250879 476.41589843854308 2887.7963843606412 773.78466471470892 4858.7969130575657 18.492892555892467 135.15520108863711 2316.4384392984211 423.80998240411282 2381.2096330821514 218.50072990916669 3646.0516358688474 549.7249886021018 24603.744556697085 20821.333434940316 37118.681858234107 1326.8020185977221 1724.7399046719074 615.38767610257491 484.26736727170646 1674.0695348381996 525.10362201370299 896.64451909437776 1044.7324776500463 966.73328187316656 1000.0412598857656 1708.8694882616401 23.471529446542263 929.00069215893745 4103.2036302220076
leaf_count=8699397 2945 3262 24516 18854 67545 115 1227 51767 3903 22384 1081 24661 6888 421548 303708 680673 15853 10312 2793 6425 16774 5930 7629 4221 4319 12917 16720 200 11708 58429
internal_value=2.64535e-05 -0.000299189 -0.0234325 -0.0159939 0.00266081 0.00026653 -0.053235 0.000230921 9.33228e-06 0.0161285 0.000195147 -0.00578798 0.00198873 0.000232621 0.00129515 0.00200988 0.00271217 -0.0593621 -0.051204 -0.0387548 0.0175964 -0.0709611 -0.0904663 -0.0419476 -0.0516096 -0.0369829 0.00509493 0.0209607 0.045159 0.0191847
internal_weight=643664 572852 12833.1 10631.9 70812.4 61850.4 1928.86 560019 552320 7698.52 549885 8242.72 59921.5 549666 58974 57940 5382.08 2201.16 2389.21 1033.99 3000.87 1556.9 1031.8 2435.28 2011.47 1773.83 5354.92 371.96 947.494 8962
internal_count=10508704 9355282 114035 100461 1153422 1027448 17931 9241247 9134469 106778 9122026 65897 1009517 9120945 997694 984381 55011 13574 34564 13313 32627 14786 8856 12443 8540 31771 41381 3145 11823 125974
is_linear=0
shrinkage=0.05


Tree=135
num_leaves=31
num_cat=0
split_feature=1 1 2 1 0 3 1 1 1 0 0 1 2 3 3 0 3 2 0 0 0 1 2 0 1 0 3 2 2 0
split_gain=214.512 292.612 987.083 1048.94 522.236 1128.34 335.112 985.887 1314.3 415.844 397.208 370.645 297.435 143.343 139.49 119.492 113.437 84.131 60.42 72.2085 37.0356 21.1845 29.645 16.2673 107.515 14.2312 11.1619 29.967 119.769 8.71977
threshold=-0.5151551456145852 -0.34304814104621323 3.4437761330069674 -0.35521173176235915 1.3409395388167957 3.7772219975316736 -0.3327390262831656 -0.33035528887943305 -0.31248217156279456 1.0774002105738207 1.1217607961392175 -0.272696703161662 5.1493983947908895 8.0333519505345929 5.1431998863235968 1.0956075047414111 3.9087007104622415 3.4841929324469612 2.1085648409144384 2.4781188074031557 1.0877026344952994 -0.84084583113390909 8.4921764472094434 2.7421961862478588 -0.61675189075187198 2.7421961862478588 6.8203822273901951 5.7330338322751588 6.265747736297735 2.010777875261029
decision_type=2 2 2 2 2 2 2 2 2 2 2 2 2 2 2 2 2 2 2 2 2 2 2 2 2 2 2 2 2 2
left_child=13 2 -2 4 5 -4 10 15 9 -9 20 -10 17 23 -14 -8 -6 -5 -12 -20 -3 -15 -23 26 -25 29 27 -1 -29 -24
right_child=1 6 3 12 16 -7 7 8 11 -11 18 -13 14 21 -16 -17 -18 -19 19 -21 -22 22 25 24 -26 -27 -28 28 -30 -31
leaf_value=-0.048306116318885345 0.027071539955134706 -0.044417617886331133 0.0047067702697376783 -0.088406212304565482 0.048706800581144051 -0.040557482756435191 -0.045653883357967738 -0.044538479982119988 0.0063674711633605026 0.024381646297449378 -0.0068629977700880645 -0.00024453484363739407 0.091953552806937927 -0.013745510286599231 -0.018268630629349254 0.026525464598582679 0.019701383220449613 -0.050834761416245482 0.088948597610344501 -0.050623414197365928 -0.079344392251374879 -0.034878989175129889 0.017293105466195263 -0.050523896684809604 0.1224613020108988 0.014845877694166371 -0.044504837360633258 0.24691253660869947 -0.028309696701602327 0.063907557928134281
leaf_weight=47.942292954772711 4321.4563771486282 134.91552028432488 18007.431012183428 189.26774165034294 637.5780421346426 1490.7769219917245 58.232971394434571 2113.9222987499088 22006.478799335659 244.14368696510792 13042.681996256113 574724.87850073632 47.169170953333378 82.18070250749588 73.325307229533792 3736.5946646872908 715.21272224187851 700.28931779786944 33.505656316876411 12.80967530608177 173.51577410846949 23.114870842546225 14.762407295405863 40.583112278021872 11.535601038485764 90.672316610813141 453.28381385374814 4.7082866537384715 24.638331945985556 31.311066649854183
leaf_count=6212 250271 4234 244557 766 3883 42396 1144 36938 615655 1039 201369 8755661 388 1427 1143 251767 13940 25680 156 52 715 591 143 3955 173 672 40868 554 2196 159
internal_value=2.64305e-05 5.91438e-05 0.00523611 0.000919722 0.00333028 0.001246 -0.000160798 1.30099e-05 -0.000147913 -0.0374028 -0.00798214 -6.94851e-07 -0.0488427 -0.0254572 0.0248793 0.0254178 0.0333718 -0.0588287 -0.00666056 0.0503464 -0.0640666 0.00688549 0.0174914 -0.0388919 -0.0122365 0.0263439 -0.0415102 -0.0239475 0.0158462 0.0489718
internal_weight=643289 642464 26182.5 21861.1 20851 19498.2 616282 602884 599089 2358.07 13397.4 596731 1010.05 824.733 120.494 3794.83 1352.79 889.557 13089 46.3153 308.431 242.041 159.861 582.691 52.1187 136.746 530.573 77.2889 29.3466 46.0735
internal_count=10508704 10451754 583024 332753 304776 286953 9868730 9662204 9409293 37977 206526 9371316 27977 56950 1531 252911 17823 26446 201577 208 4949 2992 1565 53958 4128 974 49830 8962 2750 302
is_linear=0
shrinkage=0.05


Tree=136
num_leaves=31
num_cat=0
split_feature=0 0 0 1 3 3 0 1 0 0 0 2 3 2 3 1 2 3 1 0 1 1 0 1 2 0 1 3 0 1
split_gain=214.144 590.943 1503.6 1048.52 1274.89 2541.54 1016.88 764.044 2946.33 624.106 1967.34 2965.24 920.881 1803.75 1031.78 674.59 572.565 848.017 1480.13 2355.01 3599.46 1700.51 1872.59 1487.95 1282.21 1088.61 1074.52 790.981 761.957 704.765
threshold=0.88060410386687449 0.99613603573865839 0.99851391962338742 0.043078627971054807 2.6298566433838988 2.6968457841188687 0.90607385932899398 0.45204277284632283 0.9718885128547744 1.0130834834924871 1.0185760684794598 4.8601466769752113 5.4276012788821086 4.6817063108378933 5.4885841869421421 0.51420197116761013 2.1918732566761614 3.1567621018229679 0.49594010002770628 0.39040017886052064 0.42632142793878453 0.60732956117938708 0.14152910443190356 0.49297196920644654 2.7428949564256309 0.15276056255599116 0.39795531170458065 1.6649536825965745 -0.29435794004766241 0.61605978232732939
decision_type=2 2 2 2 2 2 2 2 2 2 2 2 2 2 2 2 2 2 2 2 2 2 2 2 2 2 2 2 2 2
left_child=16 3 -3 4 -2 6 -6 -5 -9 12 11 -11 13 -4 -14 -12 27 24 19 20 -19 22 -20 -21 29 -23 -26 28 -1 -18
right_child=1 2 9 7 5 -7 -8 8 -10 10 15 -13 14 -15 -16 -17 17 18 21 23 -22 25 -24 -25 26 -27 -28 -29 -30 -31
leaf_value=0.034410741479683662 0.019170363753625297 -0.035841753475533256 0.022589078897687159 0.0001969253932004183 -0.070369141986409922 -0.00045409027456586775 -0.25298652798018834 -0.0353141589284258 0.043884711091491051 0.023832342660452557 0.00034228317407335683 -0.073123689604730577 0.038410988312594374 -0.087558409271331294 0.002008854769481999 -0.031366376222547378 -0.005987763791400709 -0.010844959795643342 -0.20332265518218728 0.0016067820695410285 -0.11969050619186208 0.045260901298900258 0.02028028389383087 -0.054536747252823675 -0.0013804078071425812 -0.02465734379224677 -0.11425798462503503 0.0049476463717539601 -0.0018435787167453582 0.010131899477000819
leaf_weight=1466.5760644581169 18311.819371806458 3011.9148089224473 896.10948631167412 79055.371748579666 175.51213520765305 3546.2145604472607 134.76082590594888 1697.9385571181774 3807.8754610083997 1228.7210188079625 134401.18985231873 2201.4970115749165 3710.0921610891819 635.09581933263689 4095.2441217675805 1698.5508685261011 105122.06309864298 2694.0244614034891 94.127688530832529 38769.893142912537 1057.7789089903235 647.14204773306847 17807.282706663013 1217.1810907423496 367.3892023935914 3984.0581275895238 494.76191439479589 80420.421038054861 122855.81876769289 7248.1905894502997
leaf_count=39912 1748070 14107 12180 880635 807 68702 1226 22928 127469 14697 2280114 14036 70214 2995 49873 15948 1648106 13019 1486 991616 5859 6860 424275 9605 2124 24952 2337 1232195 710369 71988
internal_value=2.50609e-05 0.00113743 -0.000866189 0.00398863 0.0136677 -0.0124605 -0.149685 0.00145119 0.0194606 -0.000158552 -0.000996004 -0.0383936 0.0123568 -0.0230966 0.0193118 -5.3447e-05 -0.000723595 -0.00278491 0.00170727 -0.00365599 -0.0415327 0.0121181 0.0191046 -0.000102191 -0.00541405 -0.0148873 -0.0661574 0.00108362 -0.0014159 -0.004948
internal_weight=642855 258608 151878 106729 22168.3 3856.49 310.273 84561.2 5505.81 148867 139530 3430.22 9336.54 1531.21 7805.34 136100 384247 179504 66271.5 43738.9 3751.8 22532.6 17901.4 39987.1 113232 4631.2 862.151 204743 124322 112370
internal_count=10508704 5324001 2474164 2849837 1818805 70735 2033 1031032 150397 2460057 2324795 28733 135262 15175 120087 2296062 5184703 3202227 1477672 1020099 18878 457573 425761 1001221 1724555 31812 4461 1982476 750281 1720094
is_linear=0
shrinkage=0.05


Tree=137
num_leaves=31
num_cat=0
split_feature=3 2 3 3 0 1 0 3 1 0 1 0 0 3 2 3 3 1 0 0 2 1 3 2 1 3 0 0 2 1
split_gain=205.814 2761.16 1235.47 1898.95 1167.17 1094.98 1600.26 1867.48 2027.88 1512.89 1086.87 962.053 1091.8 733.497 1355.66 533.965 481.471 469.432 3338.03 1651.28 370.18 349.154 329.541 2256.16 326.526 664.187 325.357 502.747 1634.81 316.524
threshold=6.0960189868513011 5.6979441667398492 5.892491343727194 5.879639423924421 1.066066415758957 0.14247634623783639 1.5671198004630646 6.8745952661962386 0.090576965594080613 1.4917628740083473 -0.10991279340077306 1.1111506969437031 0.99851391962338742 5.8399949086104135 5.3397741585301839 8.3102505804131521 6.7605337964417886 0.26484938859632151 1.1978845133089424 1.1927792827879149 5.7330338322751588 0.05129715932657293 6.0081958967181253 5.6251431817785766 -0.24833549022438586 7.8987502907300291 1.1752492834636312 1.181305133447065 5.7330338322751588 0.026550044798565861
decision_type=2 2 2 2 2 2 2 2 2 2 2 2 2 2 2 2 2 2 2 2 2 2 2 2 2 2 2 2 2 2
left_child=1 2 3 13 -4 6 7 9 -9 21 24 12 -5 14 -1 -12 17 18 19 -7 -19 -2 23 -6 25 -8 -3 28 -28 -29
right_child=5 26 4 11 22 16 10 8 -10 -11 15 -13 -14 -15 -16 -17 -18 20 -20 -21 -22 -23 -24 -25 -26 -27 27 29 -30 -31
leaf_value=1.5413281437051405e-05 -0.051801951193242601 -0.0083486860737324708 -0.037583564258374169 0.050374313522395076 0.021234102153656342 0.01343331497987213 -0.034471976403002119 -0.029308414474269476 -0.18055544109562818 0.026328117787096258 0.024695318815537937 0.017882414795506302 -0.081765060437239412 0.025061143279947486 -0.040522782236325793 -0.17152806444814031 -0.082630878084488588 -0.17490099794217551 0.01874703524336686 -0.14180779157932452 0.038498240155900636 -0.018619403951361805 0.040472122917204888 -0.2754346476887729 -0.014439077889860054 0.031333412124593965 -0.035283117969564959 -0.066705419185082715 -0.14162599192340183 -0.016749854435838745
leaf_weight=590127.52468510717 1417.1350281815976 704.68139693699777 844.0173494964838 176.07431294023991 5923.4950884729624 258.63835111260414 558.02075393684208 539.85229852236807 375.95896270871162 1594.2783483415842 5148.3277933262289 424.73557209223509 1393.4516719728708 2904.6689306125045 2069.5826308890246 34.904834225773811 126.07772815972567 20.511253453791142 10483.742748940364 507.24246862158179 2202.6318003814667 1799.2729595080018 2248.9846225231886 64.78739432990551 4620.3365023136139 1225.69702000916 1333.9110426157713 402.54723826609552 495.70483062881976 1493.6040261238813
leaf_count=9593236 20356 12770 3866 794 119891 1091 36855 10705 2570 20799 104511 5442 6414 37764 34222 176 885 112 339675 3042 39683 16098 36370 971 24499 10299 8508 3776 2903 10421
internal_value=2.58904e-05 -0.000175616 0.000111831 -0.000166549 0.0184154 0.00400619 -0.0043337 -0.0259567 -0.0913984 -0.0134986 0.0063525 -0.0488756 -0.0669413 -3.31896e-06 -0.000126258 0.0233739 0.0146244 0.0155345 0.0113855 -0.0893828 0.0365294 -0.0332395 0.0241532 0.0180244 -0.00742408 0.0107468 -0.0395044 -0.0453971 -0.064095 -0.0273553
internal_weight=641520 610608 606177 597096 9081.28 30912.6 17313.8 5726.5 915.811 4810.69 11587.3 1994.26 1569.53 595102 592197 5183.23 13598.8 13472.8 11249.6 765.881 2223.14 3216.41 8237.27 5988.28 6404.05 1783.72 4430.45 3725.77 1829.62 1896.15
internal_count=10508704 9877348 9838970 9677872 161098 631356 246868 70528 13275 57253 176340 12650 7208 9665222 9627458 104687 384488 383603 343808 4133 39795 36454 157232 120862 71653 47154 38378 25608 11411 14197
is_linear=0
shrinkage=0.05


Tree=138
num_leaves=31
num_cat=0
split_feature=3 2 1 3 2 2 2 0 2 3 3 3 2 3 3 1 0 3 2 2 1 1 2 3 3 1 0 2 0 3
split_gain=204.435 2306.22 1036.73 1926.57 953.172 1329.58 832.074 701.288 676.578 640.596 639.398 1406.06 1222.91 623.253 589.145 592.038 520.403 482.854 438.971 392.59 371.746 352.252 348.146 346.86 341.954 331.248 366.572 618.044 737.286 318.205
threshold=5.5624806248407035 4.8601466769752113 0.35815495563763139 5.6653603500644554 4.8674127876556019 5.0136407960728784 5.0463193875623382 1.5671198004630646 5.097305268989758 5.5002047559298859 5.4276012788821086 5.4131322212818391 4.7175654691367521 4.5977583100185493 5.6987316728617001 0.18302979933995736 1.0056282217704664 5.5344402635264043 5.1276083952003857 5.0463193875623382 0.38752962573626226 0.39795531170458065 4.9829167156969527 5.6392313342877074 5.5954190332269329 0.46381213525713688 1.0364308719908164 4.9372592344747188 1.0130834834924871 5.6987316728617001
decision_type=2 2 2 2 2 2 2 2 2 2 2 2 2 2 2 2 2 2 2 2 2 2 2 2 2 2 2 2 2 2
left_child=1 7 3 6 20 9 -2 10 29 -6 11 13 -12 -1 18 -16 -14 19 -10 -7 -3 -13 -11 24 -8 26 27 -4 -29 -5
right_child=2 4 25 8 5 17 23 -9 14 22 12 21 16 -15 15 -17 -18 -19 -20 -21 -22 -23 -24 -25 -26 -27 -28 28 -30 -31
leaf_value=-0.00015878376498770636 0.020257699652583769 -0.010678233609167942 0.044059208373192285 0.049420120544063376 -0.024132709441418283 -0.07497942313342551 -0.0046625055580561967 -0.089322976759086917 -0.0046327294142657115 0.0081326499854884882 0.04661664713452459 0.0037241691805370799 -0.015327355047836923 0.0080245170402071832 -0.0046377141427956844 0.0058458426167236257 0.016134462273948127 -0.085820312766500206 -0.068846287839032849 -0.020698681510637501 -0.060030501857165089 -0.046469858516707575 -0.047452844856354558 -0.030121742721804831 -0.089446762186627504 -0.042788431088340573 0.031541071428532332 0.0183513253644795 -0.0280032660405241 -0.13787820644657936
leaf_weight=523481.17563470826 366.58929960429668 479.47806414961815 1079.2053782492876 888.42009653151035 2909.0312107177451 445.36174298683181 135.52839851845056 218.68368179537356 551.88611514866352 5043.2225520759821 2147.3035956956446 422.55916345119476 2401.1386372968554 24349.650398470461 21544.227415836416 35920.577339923009 2903.9256229177117 614.96073204278946 514.04688781127334 1321.6202623764984 1868.5928637310863 2022.5709886848927 298.3593236207962 538.19202833855525 970.82323054270819 214.44766976684332 3870.2918368168175 2292.5811591148376 1370.6692435890436 23.270659260451794
leaf_count=8699397 3145 3262 15982 11668 24516 2668 1227 1081 6888 37425 51767 3903 22384 421548 317541 666840 32627 2793 6425 29103 10312 8540 3956 5930 7629 1497 57456 32327 18712 155
internal_value=2.65338e-05 -0.000286705 0.00257114 0.000269578 -0.021121 -0.0147538 -0.0478605 0.000198004 0.00189798 -0.00525368 0.000233105 3.60891e-05 0.0147806 0.000204943 0.00123223 0.00191543 0.00189445 -0.0476606 -0.0355998 -0.03438 -0.0499527 -0.0377955 0.00502787 -0.063045 -0.0790607 0.0185942 0.0201226 0.010804 0.00100694 0.0446394
internal_weight=641208 570928 70280.8 61453.6 12980.6 10632.6 2011.13 557947 59442.4 8250.61 557728 550276 7452.37 547831 58530.7 57464.8 5305.06 2381.94 1065.93 1766.98 2348.07 2445.13 5341.58 1644.54 1106.35 8827.2 8612.75 4742.46 3663.25 911.691
internal_count=10508704 9355282 1153422 1027448 114035 100461 17931 9241247 1009517 65897 9240166 9133388 106778 9120945 997694 984381 55011 34564 13313 31771 13574 12443 41381 14786 8856 125974 124477 67021 51039 11823
is_linear=0
shrinkage=0.05


Tree=139
num_leaves=31
num_cat=0
split_feature=1 0 0 1 1 1 1 0 0 2 1 1 0 3 0 2 3 3 0 1 1 0 2 3 0 1 0 0 1 3
split_gain=201.667 883.218 972.806 781.722 1792.02 1340.45 748.014 3675.41 2915.76 2200.53 1254.9 1020.56 672.829 588.505 709.233 566.459 658.813 1019.19 685.385 552.4 527.502 479.483 423.388 788.138 467.244 422.183 939.571 939.447 329.177 518.986
threshold=0.65557905798065585 1.0000000180025095e-35 0.028179389837528105 0.63978365821300709 0.63029474664333851 0.59995719444268236 0.59995719444268236 0.15276056255599116 0.086608706665670512 2.6045226020115693 0.58412571589094731 0.54459740642940502 -0.12584944700725806 2.1084006431796927 -0.13461282072082545 1.5447018760744757 2.8820108527573445 2.9878634614873074 0.27512027950812123 0.64849074711543175 0.46381213525713688 0.086608706665670512 1.9397217297720586 2.5370736041380932 1.0000000180025095e-35 0.72828833234014589 1.0000000180025095e-35 -0.1108502728836893 0.72828833234014589 3.3451253647445198
decision_type=2 2 2 2 2 2 2 2 2 2 2 2 2 2 2 2 2 2 2 2 2 2 2 2 2 2 2 2 2 2
left_child=1 12 3 4 5 -3 8 -8 10 -9 -4 -10 13 14 19 21 18 -18 22 -1 -15 25 23 -17 -24 -2 27 -27 29 -19
right_child=15 2 6 -5 -6 -7 7 9 11 -11 -12 -13 -14 20 -16 16 17 28 -20 -21 -22 -23 24 -25 -26 26 -28 -29 -30 -31
leaf_value=-0.016582233663067929 -0.013622829589432402 0.01464590559800553 -0.017769043222051296 -0.074717009539978604 0.049944413591256308 -0.081118938145137653 0.043449639243564708 -0.14456465217512593 -0.0001802583967768961 -0.011817388355152798 -0.090733565289783588 0.015254559447192902 0.02349763506936127 -0.095686483478361672 -0.094291891562547317 -0.026589468570098675 0.038961475946361145 -0.038325705071154709 0.075917698456477153 0.081995160407688783 0.034291725677999499 0.056103013760148604 -0.10011064314433814 0.04612220658220427 -0.035460757079318624 0.015877725924057472 0.07614623653424285 -0.025643778259760299 0.030223949751385315 0.010987357575712849
leaf_weight=1706.5311435386539 3356.42144061625 588.49892838299274 1137.1194693259895 700.85393903031945 735.19763012230396 963.92157187312841 4658.6728597171605 353.48353964835405 586554.26778796455 2672.2442559227347 1223.1592800319195 10908.863943630829 6989.1184821389616 84.190638050436974 275.76935761421919 2792.9592537619174 1253.7558236792684 1609.0891493409872 162.86957385390997 155.02461040019989 1071.8032615324482 409.13822962343693 333.1179107427597 430.06354342401028 1735.6461963839829 4387.3898274935782 471.35327785462141 1975.7446499466896 345.36586460471153 798.22148706018925
leaf_count=35620 15575 3622 6561 3015 11352 4833 65981 2302 9724834 20343 5671 230885 204272 402 1159 26363 18249 7299 681 706 59148 1669 2513 5138 7913 25705 1929 8531 1567 4866
internal_value=2.63582e-05 0.000185807 -5.89536e-05 -0.0285162 -0.0143617 -0.0448159 8.10342e-05 0.0155819 -0.000117549 -0.0273257 -0.0555812 0.00010156 0.0147179 -0.00391446 -0.0194587 -0.00490769 -0.0138009 0.00159428 -0.0251087 -0.00837301 0.0248255 0.00302998 -0.028218 -0.0168872 -0.0458709 0.000899236 0.00803103 0.00298536 -0.0154253 -0.0219744
internal_weight=640840 620779 610496 2988.47 2287.62 1552.42 607508 7684.4 599823 3025.73 2360.28 597463 10282.4 3293.32 2137.33 20061.1 9461.09 4006.43 5454.66 1861.56 1155.99 10600 5291.79 3223.02 2068.76 10190.9 6834.49 6363.13 2752.68 2407.31
internal_count=10508704 10380706 10079399 22822 19807 8455 10056577 88626 9967951 22645 12232 9955719 301307 97035 37485 127998 74589 31981 42608 36326 59550 53409 41927 31501 10426 51740 36165 34236 13732 12165
is_linear=0
shrinkage=0.05


Tree=140
num_leaves=31
num_cat=0
split_feature=0 0 0 3 3 2 2 0 1 0 1 0 2 0 1 1 2 2 3 2 2 2 2 1 0 1 1 2 2 3
split_gain=202.833 666.528 789.612 874.572 1511.34 589.41 432.46 400.03 664.097 361.231 1280.17 1267.82 1215.75 643.821 2118.06 1892.11 852.394 578.332 1147.37 900.52 577.258 549.502 501.995 498.444 487.064 424.171 411.985 372.814 517.04 459.613
threshold=0.84775196362271432 0.8188851740653631 0.79547812209782809 4.8199479288142033 4.5977583100185493 3.55306124491486 4.6255220187935064 0.69889019267901153 0.43641440092905209 0.99613603573865839 0.043078627971054807 0.99851391962338742 3.5905948457323098 0.9323631817480672 0.44709083024419011 0.39235273429018658 5.1276083952003857 3.2722432540302706 2.886984047952986 3.3158659700442281 4.3133012312386469 2.5804041690832826 2.5611863177758649 0.40960982673467899 0.9718885128547744 0.224498220644575 0.017120515388225451 5.3778270004476862 5.2487551992938792 5.5344402635264043
decision_type=2 2 2 2 2 2 2 2 2 2 2 2 2 2 2 2 2 2 2 2 2 2 2 2 2 2 2 2 2 2
left_child=1 2 3 4 5 -1 -6 -5 -9 10 12 27 21 15 25 16 -12 18 26 -19 -17 22 -2 -21 -16 -15 -13 28 29 -11
right_child=9 -3 -4 7 6 -7 -8 8 -10 11 13 17 -14 14 24 20 -18 19 -20 23 -22 -23 -24 -25 -26 -27 -28 -29 -30 -31
leaf_value=5.7981950635157479e-05 0.016246320973659339 -0.0052620358829726108 0.0131812679204148 -0.08259360090093508 0.031789148695520873 -0.009921076972127409 -0.064741346250994841 -0.00083082770458008147 -0.10826686025297338 -0.038177354599539498 -0.00034452258510091611 0.01202018792910557 -0.039090039901238244 0.0081347895442449338 -0.13480820718984887 -0.032053428835874059 -0.10347156137147424 0.025398603991596932 -0.043295690655556121 0.0010900524900265812 -0.090007197804713029 0.0078440253707064578 0.04035890627781636 -0.016403475047359933 0.042777526277012368 -0.0041042905379584296 -0.0068379130671745829 0.060311468618006639 -0.085370910991220531 0.015149515204539388
leaf_weight=229050.99247450475 9898.3359960988164 67661.862848352641 11388.128552971408 403.27156263589859 4231.6913621909916 15819.115844935179 119.29725455492735 710.69957904703915 180.33495217934251 1958.1640349179506 93330.875133495778 3422.6217266134918 1137.6713888393715 13548.561784235761 39.000181365758181 1746.7727336063981 200.80227743089199 3737.15882800892 2019.764958307147 116011.89810328605 569.85796389356256 17592.79918500036 2760.4669819604605 4220.0628930516541 3868.446648567915 14825.683312214911 18829.40383214131 103.66925950534642 451.48182957619429 509.10500927269459
leaf_count=2740718 1422752 1467090 142479 1743 95078 214555 862 5219 1902 9067 689606 39245 42323 209604 433 23203 989 252186 29219 1995879 6435 568356 118111 37437 136372 146710 106091 579 1857 2604
internal_value=2.60296e-05 -0.000838119 0.000304784 -0.000280565 -6.76646e-05 -0.000586686 0.0291424 -0.0412749 -0.0225746 0.000942405 0.00260235 -0.000808142 0.011652 0.000385371 0.00649256 -0.00167153 -0.000565925 -0.000154522 -0.0072125 0.00122735 -0.0463092 0.0135603 0.0215045 0.000476041 0.041005 0.00173981 -0.00393732 -0.0328663 -0.0361758 -0.0271737
internal_weight=640348 329565 261904 250515 249221 244870 4350.99 1294.31 891.035 310783 159519 151263 31389.3 128130 32281.7 95848.3 93531.7 148241 24271.8 123969 2316.63 30251.6 12658.8 120232 3907.45 28374.2 22252 3022.42 2918.75 2467.27
internal_count=10508704 4669646 3202556 3060077 3051213 2955273 95940 8864 7121 5839058 3364894 2474164 2151542 1213352 493119 720233 690595 2460057 174555 2285502 29638 2109219 1540863 2033316 136805 356314 145336 14107 13528 11671
is_linear=0
shrinkage=0.05


Tree=141
num_leaves=31
num_cat=0
split_feature=1 2 1 3 2 1 3 3 1 1 1 2 0 1 2 1 2 3 0 2 0 0 2 2 0 1 2 3 0 2
split_gain=192.399 984.851 908.832 329.103 1684.59 1005.17 1175.7 748.452 304.236 846.558 1158.1 378.037 368.52 330.435 2764.11 1459.74 289.138 127.857 107.664 72.2003 71.5237 57.1156 67.8472 33.8476 31.0793 18.6311 10.8308 4.80984 4.49065 6.53276
threshold=-0.34304814104621323 3.4437761330069674 -0.35521173176235915 3.7114218561852899 3.9283951557037553 -0.38870387222135355 3.5778409799554582 3.7772219975316736 -0.3327390262831656 -0.33035528887943305 -0.31248217156279456 7.8935887178473578 1.1217607961392175 -0.272696703161662 2.8010540202870469 -0.26594729993962213 5.1493983947908895 5.1431998863235968 1.0956075047414111 3.4841929324469612 1.0774002105738207 2.1085648409144384 5.9747339211199835 8.750048439177446 1.0877026344952994 -0.31630337326664543 5.226506451069052 5.1117017208700313 0.90418916821950179 4.6255220187935064
decision_type=2 2 2 2 2 2 2 2 2 2 2 2 2 2 2 2 2 2 2 2 2 2 2 2 2 2 2 2 2 2
left_child=1 -1 3 5 -5 -3 -7 -6 12 18 11 20 24 14 -12 -15 19 -18 28 -4 -11 -14 -23 -24 27 -13 -19 -2 29 -10
right_child=8 2 16 4 7 6 -8 -9 9 10 13 25 21 15 -16 -17 17 26 -20 -21 -22 22 23 -25 -26 -27 -28 -29 -30 -31
leaf_value=0.026389724700807932 -0.044560341746970628 0.05312281276941077 -0.085020019566200519 -0.084201943063003645 0.037825371147432174 0.0044933774517715323 -0.091521159249620412 -0.0093139591406697312 0.023531665606917714 -0.043560338893017941 -0.2005450231250738 0.057686131278786912 -0.0065411833100645581 -0.043256729503315799 0.0075647991061137607 -8.2390047885723763e-05 0.088369533676172937 -0.046988893348390993 0.025233791779853732 -0.049845909354009364 -0.0045407123344617505 0.14526844348494755 -0.082997764632273735 0.038388709143401437 -0.076477154836365691 -0.0022905270108654571 -0.0043560903862057462 0.082812139555309972 -0.053609012258678958 -0.046270252751013471
leaf_weight=4205.4835837110877 125.95335174538195 1045.2815790474415 187.14073446393013 647.70496539771557 1103.6701031327248 14824.850772351027 325.83925445377827 3552.2371580298059 5.2222663164138785 1963.5379640497267 160.73710471391678 104.59058147668839 13107.362591318786 1964.5341000668705 21691.764177151024 569423.23291675933 48.230021208524704 21.262287052348256 3553.2241693362594 661.90260172635317 124.91334138810635 13.151744619011877 7.433369666337966 25.251642912626266 171.20296426489949 14.777808547019957 49.767112070694566 0.74555996060371299 40.706200305372477 9.3595280274748784
leaf_count=250271 4204 4690 766 2686 4634 231232 1315 117169 96 36938 1225 438 201369 81481 614430 8674180 388 683 251767 25680 539 59 44 105 715 62 460 30 730 318
internal_value=2.57877e-05 0.00418275 2.61004e-05 0.00216023 -0.00865008 0.00570023 0.00242843 0.00186029 -0.000155239 1.17411e-05 -0.00013458 -0.0362801 -0.00759184 -5.95302e-08 0.00603404 -0.000230831 -0.0473588 0.0255425 0.0241565 -0.0575988 -0.0412265 -0.00634634 0.0493699 0.0107825 -0.062584 0.050261 -0.017118 -0.0438108 -0.0450803 -0.0212717
internal_weight=639181 26673.4 22467.9 21499.6 5303.61 16196 15150.7 4655.91 612508 599057 595448 2207.82 13451.1 593240 21852.5 571388 968.303 119.259 3608.51 849.043 2088.45 13153.2 45.8368 32.685 297.902 119.368 71.0294 126.699 55.288 14.5818
internal_count=10508704 639974 389703 361726 124489 237237 232547 121803 9868730 9662204 9409293 37977 206526 9371316 615655 8755661 27977 1531 252911 26446 37477 201577 208 149 4949 500 1143 4234 1144 414
is_linear=0
shrinkage=0.05


Tree=142
num_leaves=31
num_cat=0
split_feature=2 3 3 3 2 1 0 1 0 3 0 0 0 1 1 1 1 1 1 3 0 1 1 0 0 1 2 1 1 1
split_gain=192.086 264.063 552.196 552.128 249.938 694.255 318.275 114.056 256.536 94.1368 522.432 82.7302 54.3591 51.4952 120.806 47.9487 40.9006 38.7816 36.9565 31.0589 25.8964 13.2828 10.4189 8.63472 6.25306 5.38051 60.6266 12.2449 0.707531 0.555794
threshold=0.88146779030775313 1.0858476682246934 1.2146186208000707 1.2829990237933924 1.1907534103532191 0.64849074711543175 -0.036988519151232406 0.77090001566801269 0.33692532184070467 1.0858476682246934 -0.29435794004766241 -0.29435794004766241 0.10896021693658316 0.40747606081353599 0.29469259081224436 0.81545567171745659 0.42632142793878453 0.67614333405659321 0.81545567171745659 1.2146186208000707 0.22869163242642174 0.72828833234014589 0.77090001566801269 0.34889130254736317 0.33094964965225626 0.50269308430617887 1.0000000180025095e-35 0.62232822779575792 0.3897058285503901 0.49297196920644654
decision_type=2 2 2 2 2 2 2 2 2 2 2 2 2 2 2 2 2 2 2 2 2 2 2 2 2 2 2 2 2 2
left_child=9 12 7 13 5 -5 -6 8 24 10 25 16 21 14 -4 22 28 -18 -9 -19 -15 -2 -12 -10 -3 29 -27 -28 -11 -1
right_child=1 2 3 4 6 -7 -8 18 23 11 15 -13 -14 20 -16 -17 17 19 -20 -21 -22 -23 -24 -25 -26 26 27 -29 -30 -31
leaf_value=0.044117671433492406 -0.020556982535614388 0.053253579493359071 0.10746127292909242 -0.060612796937651661 0.0079362366685265771 0.0011738964246996895 -0.00012605658512638258 -0.076982310427536282 -0.048010417263565391 -0.024902935217447013 -0.14749960967064102 0.066375394643300431 -0.1728331121198502 0.050119399710138693 -0.18939597790588517 -0.13887590378178621 -0.18995163314814137 -0.10949146580156432 -0.04639986571226648 0.014343839300252795 0.097431526057357817 0.054320557788842441 -0.061950493935633892 -0.082213098287002975 0.098875062225169064 0.032648303397230259 -0.28960355140845256 -0.098186589117653378 0.029826720439729976 0.038321872980287885
leaf_weight=62.77002764865756 6.0649693235754958 65.58247658982873 6.6619779169559461 641.84277699142694 12487.160223494284 1558.7932878285646 621604.80440186895 212.48882558941841 160.70458692312241 0.59252743050455947 3.7125075012445441 178.44349531829357 2.7028713077306739 499.22666206210852 7.0580769777297974 29.592016115784645 3.4341170862317076 6.4655148386955288 184.60485674440861 23.347314804792404 30.701116144657135 252.63272047042847 86.077763184905052 20.846791952848434 8.4823836386203748 271.68135859444737 1.0185540840029705 4.6482120119035244 174.92115554213524 121.29765108972788
leaf_count=2599 26 314 191 3358 270709 6726 10168624 922 5580 5 21 877 22 18201 40 135 22 34 775 141 137 2377 457 88 34 7442 15 107 12968 5757
internal_value=2.46408e-05 -9.14054e-06 -2.97428e-05 1.73687e-05 -2.56648e-05 -0.016847 3.2714e-05 -0.0459955 -0.0199446 0.0222808 0.00954965 0.0413774 0.0502345 0.0503843 -0.0452525 -0.0836788 0.0200096 -0.0308403 -0.0627648 -0.0125124 0.0528604 0.0525651 -0.0654876 -0.0519378 0.0584784 0.0336707 0.0292721 -0.132592 0.029642 0.0402983
internal_weight=638718 637750 637489 636836 636293 2200.64 634092 652.71 255.616 968.002 580.798 387.204 261.401 543.648 13.7201 119.382 208.761 33.2469 397.094 29.8128 529.928 258.698 89.7903 181.551 74.0649 461.416 277.348 5.66677 175.514 184.068
internal_count=10508704 10478124 10475699 10467986 10449417 10084 10439333 7713 6016 30580 16533 14047 2425 18569 231 613 13170 197 1697 175 18338 2403 478 5668 348 15920 7564 122 12973 8356
is_linear=0
shrinkage=0.05


Tree=143
num_leaves=31
num_cat=0
split_feature=3 2 1 3 1 3 3 0 0 0 0 3 1 1 1 3 2 0 0 3 0 1 1 0 2 2 1 3 2 1
split_gain=192.259 1500.13 1200.19 2852.24 1088.94 1079.49 1721.76 1068.54 839.292 937.674 750.63 2061.93 1512.85 1393.03 957.608 660.928 1192.48 509.379 817.541 499.143 485.866 481.41 373.801 329.088 1676.16 309.063 297.372 601.225 287.604 1864.26
threshold=6.1233665642041295 5.6979441667398492 0.26484938859632151 6.0960189868513011 0.18953528519568252 5.892491343727194 5.879639423924421 1.066066415758957 1.1111506969437031 0.99851391962338742 1.5671198004630646 6.8745952661962386 0.090576965594080613 0.078424753846921769 -0.10991279340077306 5.8399949086104135 5.3397741585301839 1.1978845133089424 1.1927792827879149 8.0333519505345929 1.4362370908715618 0.026550044798565861 -0.2073345757028604 1.181305133447065 5.7330338322751588 5.4333454702168122 -0.24833549022438586 8.0333519505345929 5.5444535459815718 0.29469259081224436
decision_type=2 2 2 2 2 2 2 2 2 2 2 2 2 2 2 2 2 2 2 2 2 2 2 2 2 2 2 2 2 2
left_child=1 5 17 23 10 6 15 -7 9 -8 11 13 -13 -2 26 16 -1 18 -3 -16 -6 22 -19 24 -4 -17 27 -12 -9 -30
right_child=4 2 3 -5 20 7 8 28 -10 -11 14 12 -14 -15 19 25 -18 21 -20 -21 -22 -23 -24 -25 -26 -27 -28 -29 29 -31
leaf_value=1.768370310093993e-05 -0.042755563394344387 -0.02430676144946279 -0.024994133638956473 0.043066679108099686 0.021483628007558597 -0.035720980580770653 0.047625655029000034 0.034677232815472823 0.017002316449766419 -0.075963017124069526 -0.030029547289952763 -0.02712489675524923 -0.15275844085973977 0.0076922842305310497 0.023884166499778495 0.027740347539548391 -0.037690658800932947 0.071896299478679329 -0.12482331080964733 -0.12006811202361145 -0.057135985841785059 0.028710766123155741 -0.079280519112379655 -0.017075072985251155 -0.12602547448591395 -0.050939080044600772 -0.013496614023553968 0.031520638500426711 0.031559574087946289 -0.041680575606400885
leaf_weight=587673.37034735223 1809.5894563226029 320.60387915372849 1840.036853544414 1624.7252162098885 7900.5520379710943 862.08529660105705 171.92628841102123 3142.5480818189681 416.1185207888484 1429.9627172201872 600.93670000322163 548.82859951630235 425.31772071123123 5612.7597420085222 5065.5740705169737 2699.5264449864626 2104.1158096939325 46.212954071816057 548.1596016921103 60.94263468682766 201.5273802280426 231.27230776101351 354.94945320487022 1417.3968878537416 528.42280958592892 130.86507474631071 4627.6767857596278 1167.6778225302696 3941.8118897080421 1114.5211520902812
leaf_count=9593236 22686 10083 12331 23713 286200 3909 794 73706 5442 6414 40128 10705 2591 100271 104595 36768 34222 1877 3139 321 2426 2171 1520 9933 2740 996 24489 7019 65128 19151
internal_value=2.34899e-05 -0.000162359 -0.0233239 -0.012349 0.00407321 0.000102824 -0.000158175 0.0172309 -0.0462641 -0.0626986 -0.00221298 -0.0135834 -0.0819772 -0.00460704 0.00607247 -1.17044e-06 -0.000116846 -0.0628791 -0.0877292 0.0221729 0.0195281 -0.0287429 -0.0618653 -0.0361311 -0.0475351 0.0241026 -0.00683175 0.0106072 0.0227986 0.0154159
internal_weight=638620 610599 6911.78 5410.58 28021.4 603687 594626 9060.97 2018.01 1601.89 19919.3 8396.5 974.146 7422.35 11522.8 592608 589777 1501.2 868.763 5126.52 8102.08 632.435 401.162 3785.86 2368.46 2830.39 6396.29 1768.61 8198.88 5056.33
internal_count=10508704 9907273 67507 48717 601431 9839766 9677872 161894 12650 7208 312805 136253 13296 122957 176552 9665222 9627458 18790 13222 104916 288626 5568 3397 25004 15071 37764 71636 47147 157985 84279
is_linear=0
shrinkage=0.05


Tree=144
num_leaves=31
num_cat=0
split_feature=1 0 0 1 1 1 1 0 0 2 1 1 0 3 0 2 3 3 0 1 1 0 1 0 0 2 3 0 3 1
split_gain=191.502 800.232 881.998 706.688 1679.04 1633.61 693.072 3414.23 2631.17 1831.4 1393.31 1154.31 608.164 523.237 638.291 506.709 604.925 933.498 620.782 488.465 478.901 435.01 378.791 856.753 833.834 375.78 727.256 407.113 311.883 631.294
threshold=0.65557905798065585 1.0000000180025095e-35 0.028179389837528105 0.63878335387408092 0.60732956117938708 0.59995719444268236 0.59995719444268236 0.15276056255599116 0.10896021693658316 2.6045226020115693 0.58412571589094731 0.54459740642940502 -0.12584944700725806 2.1084006431796927 -0.13461282072082545 1.5447018760744757 2.8820108527573445 2.9878634614873074 0.27512027950812123 0.64849074711543175 0.46381213525713688 0.086608706665670512 0.72828833234014589 1.0000000180025095e-35 -0.1108502728836893 1.9397217297720586 2.5370736041380932 0.028179389837528105 2.5820613653663513 0.63878335387408092
decision_type=2 2 2 2 2 2 2 2 2 2 2 2 2 2 2 2 2 2 2 2 2 2 2 2 2 2 2 2 2 2
left_child=1 12 3 4 5 -3 8 -8 10 -9 -4 -10 13 14 19 21 18 -18 25 -1 -15 22 -2 24 -24 26 -17 -27 -14 -30
right_child=15 2 6 -5 -6 -7 7 9 11 -11 -12 -13 28 20 -16 16 17 -19 -20 -21 -22 -23 23 -25 -26 27 -28 -29 29 -31
leaf_value=-0.015434033901908185 -0.01309510194918008 0.013957516894069131 -0.01557261978062659 -0.071074379949797956 0.038642968660349448 -0.096924290093995585 0.042842511776432203 -0.12917148601136494 -0.00016811946189820934 -0.011200592170139766 -0.084388236844508316 0.016641921869781855 0.030109315166627782 -0.089456159919966471 -0.08875776573241774 -0.025592302779933351 0.037800183313968734 -0.014629456412218076 0.071824588904731548 0.076887992444993572 0.033423032668164904 0.053203054852062649 0.014804926159159995 0.072677076781159422 -0.024454916572069673 -0.08420361907021473 0.045253928799398609 -0.031537865395096752 -0.022711218078536724 0.030771532591230739
leaf_weight=1686.8805787190795 3343.0770491212606 584.74579953029752 1604.9917406737804 701.87667626142502 915.28169276565313 769.04985094070435 4493.3768167495728 375.28320870175958 584452.88794491021 2666.6057472005486 1357.8310929462314 10393.93820817396 4582.343935106881 85.882369309663773 278.86923476308584 2776.8775346390903 1228.5297948457301 2748.0261441394687 163.54004034399986 156.57060998678207 1033.2772814873606 410.21179521083832 4360.4881648980081 468.88682947307825 1960.53737270087 477.49058194458485 416.57975913584232 1584.9484607726336 981.64672027155757 1259.9066577926278
leaf_count=35620 15575 3622 9891 3061 13013 3126 65981 2302 9723865 20343 6486 227709 162546 402 1159 26363 18249 13732 681 706 59148 1669 25705 1929 8531 3069 5138 7357 9769 31957
internal_value=2.39213e-05 0.000179433 -5.19333e-05 -0.0272284 -0.0136658 -0.049031 8.14451e-05 0.0151506 -0.000108499 -0.0257549 -0.0471101 0.000125607 0.0141624 -0.00367 -0.0182577 -0.00479902 -0.0132423 0.00156832 -0.0241097 -0.00759281 0.0239935 0.00272553 0.000682061 0.00746538 0.00262804 -0.0270947 -0.0163506 -0.0437309 0.0226331 0.00734975
internal_weight=638320 618381 608316 2970.95 2269.08 1353.8 605345 7535.27 597810 3041.89 2962.82 594847 10065.4 3241.48 2122.32 19939.2 9395.99 3976.56 5419.44 1843.45 1119.16 10543.2 10133 6789.91 6321.03 5255.9 3193.46 2062.44 6823.9 2241.55
internal_count=10508704 10380706 10079399 22822 19761 6748 10056577 88626 9967951 22645 16377 9951574 301307 97035 37485 127998 74589 31981 42608 36326 59550 53409 51740 36165 34236 41927 31501 10426 204272 41726
is_linear=0
shrinkage=0.05


Tree=145
num_leaves=31
num_cat=0
split_feature=0 2 3 0 3 2 1 2 1 1 2 0 1 1 1 3 0 3 0 0 0 0 0 2 0 0 2 1 1 0
split_gain=188.78 614.282 957.251 1185.76 2491.45 1085.99 1139.78 1480.13 1070.23 1045.76 979.219 840.712 769.757 1300.94 764.908 666.662 692.737 547.077 509.844 569.247 507.106 464.611 457.745 410.704 332.953 1543.19 2237.4 1125.59 1365.16 1040.23
threshold=0.84775196362271432 2.1918732566761614 3.7639816727791913 0.442966886987886 4.0710427759684444 3.552619184183849 -0.24833549022438586 3.2367468022890806 0.49297196920644654 0.40747606081353599 3.2490814745305499 0.80727102252732108 0.47360563087140678 0.33938263920338946 0.55221417419873864 1.6649536825965745 -0.29435794004766241 2.886984047952986 -0.13461282072082545 -0.1108502728836893 0.83047194234127242 -0.29435794004766241 0.69325036047134692 1.1907534103532191 1.0130834834924871 1.0185760684794598 4.8601466769752113 0.043078627971054807 -0.30293963576424887 1.001086503821605
decision_type=2 2 2 2 2 2 2 2 2 2 2 2 2 2 2 2 2 2 2 2 2 2 2 2 2 2 2 2 2 2
left_child=1 15 5 12 10 6 22 -8 -6 11 -5 -7 13 -4 -14 16 -1 20 23 -20 21 -17 -3 -18 27 26 -26 28 -2 -29
right_child=24 2 3 4 8 9 7 -9 -10 -11 -12 -13 14 -15 -16 17 18 -19 19 -21 -22 -23 -24 -25 25 -27 -28 29 -30 -31
leaf_value=0.033361899508294289 -0.041411469582345671 0.04778484490413 0.029396396583392805 0.066421046795489755 0.011760072914237606 -0.041483430182163931 -0.0050022695138250105 -0.034861887229049711 -0.019486878453301108 -0.21101084783577015 -0.047564798878766017 0.048827865963967654 0.032940788264662471 -0.054446612760362167 -0.0888168279608057 -0.040439035318643346 -0.032752366310624857 0.048591977136403897 0.055931717910305483 -0.001454307893354941 -0.076996931170056529 0.0048417658988010558 0.009488115825731145 0.028111658810259451 0.02253977519968537 -5.6250643523365846e-05 -0.061533977445673807 -0.00052808669056541484 0.013039263960329917 0.019186617453339175
leaf_weight=1425.0089726801962 1196.8857713257894 889.93088878691196 1080.9091728702188 200.22383491136134 14540.320985581726 2327.8079151511192 87005.249162565917 4358.0938767977059 3376.7120986860245 83.71336180716753 3194.9606931582093 289.77171987295151 5734.1865508854389 808.88891769945621 131.95861582458019 570.95656149089336 2066.0968108773232 703.08257365599275 433.70902932994068 119771.71239686199 191.43185394257307 72598.515931241214 6331.5392970182002 320.11476340144873 1188.75740281865 134762.23405976128 2367.0538838403299 132720.59583676979 30095.919847449288 7046.1940886341035
leaf_count=39912 46473 31118 5481 1150 197706 84869 1794864 104945 44913 493 28001 1320 156902 3696 2321 2556 9796 16525 2996 696124 812 1189301 252392 1453 14697 2296062 14036 1236381 2111742 119667
internal_value=2.36793e-05 -0.000811196 -0.00347675 0.00452134 -0.00157069 -0.00577213 -0.00491511 -0.00642659 0.00587115 -0.0370493 -0.0408427 -0.0314858 0.0212614 -0.00649087 0.0302019 0.00094297 -0.00129867 0.00469649 -0.00170156 -0.00124726 0.0042758 0.00448843 0.0142076 -0.0245873 0.000909982 -0.000914128 -0.0334269 0.00238495 0.0109566 0.000465809
internal_weight=637813 328435 130354 29068.2 21312.2 101286 98584.8 91363.3 17917 2701.29 3395.18 2617.58 7755.94 1889.8 5866.15 198081 124017 74064 122592 120205 73360.9 73169.5 7221.47 2386.21 309378 138318 3555.81 171060 31292.8 139767
internal_count=10508704 4669646 2710171 440170 271770 2270001 2183319 1899809 242619 86682 29151 86189 168400 9177 159223 1959475 750281 1209194 710369 699120 1192669 1191857 283510 11249 5839058 2324795 28733 3514263 2158215 1356048
is_linear=0
shrinkage=0.05


Tree=146
num_leaves=31
num_cat=0
split_feature=3 2 1 3 2 3 2 2 2 0 3 3 2 3 3 1 2 0 1 0 0 2 2 3 2 0 0 0 2 2
split_gain=182.805 1869.34 946.307 1619.29 729.427 1207.3 1111.27 693.424 638.317 635.185 545.315 1185.5 1172.02 536.818 510.9 498.461 471.481 440.729 437.519 412.642 383.761 360.242 355.092 326.993 611.877 672.578 785.96 417.024 305.07 303.602
threshold=5.5624806248407035 4.8601466769752113 0.35815495563763139 5.6653603500644554 5.0351269841896036 5.5344402635264043 4.9112368614918331 5.0692279307404577 5.097305268989758 1.5671198004630646 5.4276012788821086 5.4131322212818391 4.7175654691367521 4.5977583100185493 5.6987316728617001 0.18302979933995736 4.9829167156969527 1.0056282217704664 -0.14282830981264405 1.0020801189097879 0.92911064267174137 4.6817063108378933 5.1276083952003857 5.6167883586876535 4.9372592344747188 1.0130834834924871 1.0275931358599182 1.0480801346188839 5.0463193875623382 5.1276083952003857
decision_type=2 2 2 2 2 2 2 2 2 2 2 2 2 2 2 2 2 2 2 2 2 2 2 2 2 2 2 2 2 2
left_child=1 9 3 7 5 6 19 20 28 10 11 13 -12 -1 22 -16 -7 -14 -6 -3 -2 -13 -10 24 -4 -26 -27 -25 -5 -9
right_child=2 4 23 8 18 16 -8 29 14 -11 12 21 17 -15 15 -17 -18 -19 -20 -21 -22 -23 -24 27 25 26 -28 -29 -30 -31
leaf_value=-0.00016133266656980525 0.033067891516892822 -0.023881941792402047 0.042967797529684583 -0.1501105248924271 0.0022719568470381244 0.022559092554907179 6.8509758664648361e-05 -0.076244937696616319 -0.0044709044508919925 -0.085181916187227452 0.046102266026078996 -0.012837918704308789 -0.01426382435941531 0.0074842915765742967 -0.0042163505073682123 0.0054291743328892042 -0.043278151785713086 0.014782287437549585 -0.055946411648888951 -0.052482458148791017 -0.081730985492233732 -0.051507256928678219 -0.061375729871359447 0.037950461856296143 0.017018839230635525 -0.13440497433285173 -0.014198377196989437 0.0001396693628017939 0.048585679392490311 -0.032160985782595929
leaf_weight=519661.01641330123 374.9756148532033 2591.0971878264099 1040.3399349376559 19.763131707906723 394.16021123202518 2417.6925504952669 3143.1538213849999 967.95045281201601 553.30111405998468 217.90475673414767 2026.0317586660385 1066.2834683731198 2431.6633372083306 24019.549402134493 21516.80157923745 35481.885826494545 306.39463524520397 2821.1237209290266 1780.3597564324737 2457.0482549276203 90.337525591254234 1384.0656626150012 543.37451295275241 2947.6342715620995 2219.6329060420394 151.36288384348154 1338.2722833827138 968.95615793019533 857.48108801990747 654.73307139938697
leaf_count=8699397 3261 15746 15995 115 25335 21333 27469 6981 6888 1081 51767 4359 22384 421548 317541 666840 3954 32627 7801 12397 599 8084 6425 44969 32327 1776 17447 13460 11708 7090
internal_value=2.33218e-05 -0.000273914 0.00243916 0.00024474 -0.0189494 -0.0136813 -0.0232707 -0.0430278 0.00177686 0.000167646 0.000201253 2.00551e-05 0.0137965 0.000176447 0.00113763 0.00178802 0.015154 0.00133602 -0.0453936 -0.0378025 0.0107804 -0.0346801 -0.0326658 0.0179007 0.00908106 -0.000423168 -0.0264127 0.0285962 0.0441093 -0.0584576
internal_weight=636444 566718 69726.8 61060.6 13089.9 10915.4 8191.3 2088 58972.6 553628 553410 546131 7278.82 543681 58095.4 56998.7 2724.09 5252.79 2174.52 5048.15 465.313 2450.35 1096.68 8666.2 4749.61 3709.27 1489.64 3916.59 877.244 1622.68
internal_count=10508704 9355282 1153422 1027448 114035 80899 55612 17931 1009517 9241247 9240166 9133388 106778 9120945 997694 984381 25287 55011 33136 28143 3860 12443 13313 125974 67545 51550 19223 58429 11823 14071
is_linear=0
shrinkage=0.05


Tree=147
num_leaves=31
num_cat=0
split_feature=1 2 1 1 0 0 0 1 0 2 3 2 0 1 2 1 3 3 2 2 3 2 3 2 1 3 3 1 2 2
split_gain=184.359 909.04 834.061 271.625 878.079 1032.16 1313.65 727.117 789.071 667.329 540.756 583.595 1482.94 642.757 511.93 505.031 477.996 451.373 405.827 352.863 279.817 650.622 253.373 1578.58 953.376 1049.77 656.841 252.479 228.177 134.793
threshold=-0.34304814104621323 3.4437761330069674 -0.34753574593034542 0.017284053360037101 0.52405133898603407 0.72219012029731366 0.72228569132355769 0.043078627971054807 0.91962730079580812 3.4841929324469612 7.2547221801212514 5.8028513984867311 1.1735698911172281 0.18953528519568252 4.4357122514162617 -0.10278471256184683 2.4898613560427845 4.0710427759684444 2.8010540202870469 2.0788052307511382 3.4451054898711253 3.3158659700442281 3.7114218561852899 3.9283951557037553 -0.38870387222135355 3.5778409799554582 3.7772219975316736 0.036481381503136207 2.6394911284831317 3.7734769914494146
decision_type=2 2 2 2 2 2 2 2 2 2 2 2 2 2 2 2 2 2 2 2 2 2 2 2 2 2 2 2 2 2
left_child=1 -1 22 4 9 14 -7 8 28 20 11 12 -9 -13 19 -8 27 -11 -18 -6 21 -2 24 -24 -3 -26 -25 -10 -5 -30
right_child=3 2 -4 7 5 6 15 10 16 17 -12 13 -14 -15 -16 -17 18 -19 -20 -21 -22 -23 23 26 25 -27 -28 -29 29 -31
leaf_value=0.025747241064437362 -0.035350946767828573 0.051429474514100508 -0.060166516764703228 0.039746883436544436 -0.035526966328655284 -0.051056197435010942 0.001816428447907319 0.00022617762048566609 -0.64182507688398083 0.056169824254710857 -0.12916353712780559 -0.00040685454003961519 -0.022664321018647741 0.019716105438758333 -0.13993141459628486 -0.0042645377969842838 0.013563640129771763 -0.15613319533608366 -0.020552081947166071 0.03182927794934199 -0.046902981948829248 0.064167095127245763 -0.080819767560030856 0.036271869280370857 0.0035856572488344703 -0.087263742274552178 -0.0078943365212248186 -0.068310504977439498 -0.098288012586610754 0.031657700010928755
leaf_weight=4101.5621153637767 761.92635716125369 1026.6868224740028 559.05361543223262 2626.7088649831712 206.97853598743677 1357.7749691996723 60139.521000886336 430805.81114808563 1.939218945801257 307.47457511723042 80.807555455714464 7972.2808199971914 7193.594152033329 7901.1880902387202 46.132356904447079 78990.096522230655 4634.1801470667124 27.255119748413563 1073.6716104187071 3210.3339659590274 1895.7776918057352 209.36353585124016 649.47133274003863 1094.3806782364845 15001.665831506252 324.85857824236155 3647.7638884265907 184.13523584604263 48.447241459041834 33.935040161013603
leaf_count=250271 10347 4690 24062 118123 6032 77411 2645218 4624678 27 1663 514 128717 57982 289216 228 1572321 193634 139 11493 49553 77563 928 2844 4634 232121 1322 120030 2550 238 155
internal_value=2.33216e-05 0.00411356 0.000135248 -0.00015382 -0.0020249 -0.00144887 -0.00211364 0.000441424 0.0148417 -0.0279227 0.00016852 0.000191547 -0.00014977 0.00960956 0.0255162 -0.00163601 0.00457541 0.0388832 0.00714633 0.0277497 -0.0357223 -0.0138996 0.00168559 -0.00771412 0.00478465 0.00166003 0.00229823 -0.0742875 0.037177 -0.0447606
internal_weight=636115 26405.4 22303.9 609709 147153 143951 140487 462557 8603.02 3201.8 453954 453873 437999 15873.5 3463.44 139130 5893.93 334.73 5707.85 3417.31 2867.07 971.29 21744.8 5391.62 16353.2 15326.5 4742.14 186.074 2709.09 82.3823
internal_count=10508704 639974 389703 9868730 4441403 4350763 4294950 5427327 326220 90640 5101107 5100593 4682660 417933 55813 4217539 207704 1802 205127 55585 88838 11275 365641 127508 238133 233443 124664 2577 118516 393
is_linear=0
shrinkage=0.05


Tree=148
num_leaves=31
num_cat=0
split_feature=1 0 0 1 0 0 2 1 1 1 1 1 0 3 0 2 3 3 0 1 1 0 1 1 0 0 1 3 1 0
split_gain=177.974 721.31 788.474 692.678 3099.72 2314.9 1554.05 1186.17 1065.66 638.992 1524.85 1063.99 566.835 486.025 572.859 475.617 544.59 823.151 560.628 450.062 423.851 392.212 345.902 326.415 779.172 747.361 301.641 301.595 479.754 316.203
threshold=0.65557905798065585 1.0000000180025095e-35 0.028179389837528105 0.59995719444268236 0.15276056255599116 0.10896021693658316 2.6045226020115693 0.58412571589094731 0.54459740642940502 0.63978365821300709 0.63029474664333851 0.59995719444268236 -0.12584944700725806 2.1084006431796927 -0.13461282072082545 1.5447018760744757 2.8820108527573445 2.9878634614873074 0.27512027950812123 0.64849074711543175 0.46381213525713688 0.086608706665670512 0.81545567171745659 0.72828833234014589 1.0000000180025095e-35 -0.1108502728836893 0.72828833234014589 3.3050759279381698 0.72828833234014589 0.77665533733201342
decision_type=2 2 2 2 2 2 2 2 2 2 2 2 2 2 2 2 2 2 2 2 2 2 2 2 2 2 2 2 2 2
left_child=1 12 9 5 -5 7 -6 -4 -7 10 11 -3 13 14 19 21 18 26 22 -1 -15 23 -17 -2 25 -25 -18 28 -19 -29
right_child=15 2 3 4 6 8 -8 -9 -10 -11 -12 -13 -14 20 -16 16 17 27 -20 -21 -22 -23 -24 24 -26 -27 -28 29 -30 -31
leaf_value=-0.015188922131927587 -0.012136950350536526 0.013452190545420468 -0.014620910848999269 0.042302572768924851 -0.11603915268443205 -0.0001675614876477739 -0.0097119561286871936 -0.077535149990673208 0.01609198918014516 -0.067753977316785799 0.049362068974676737 -0.071817240000837321 0.021871134939786017 -0.082201477734268058 -0.084309646665187421 -0.029091940055000945 0.049924663681203352 -0.037054041312817865 0.06789680180634565 0.073289680398945359 0.032623666464530798 0.050554808372013732 0.028443464330835978 0.013962732179452953 0.069477098681446844 -0.023313537318615185 -0.010790207162494679 0.016480750454240672 0.037204025230349977 -0.089996339544778897
leaf_weight=1664.4177359659225 3318.0248028375208 582.39350521564484 1613.6752603966743 4352.5826649591327 395.64249133691192 582051.62502596527 2615.0548580139875 1398.4457634687424 10254.786257276312 695.12528551742435 684.2042071968317 983.88705092668533 6673.8664423553273 87.394323378801346 280.47727526724339 4944.6483434289694 912.05258633941412 1490.8036988861859 163.77384593337774 157.31036682426929 999.52455470245332 410.64646296203136 275.80089463293552 4333.0897705741227 464.90717675536871 1949.65058452636 263.72002929449081 912.79875815659761 254.66078749299049 75.492473542690277
leaf_count=35620 15575 3622 9891 65981 2302 9723865 20343 6486 227709 3015 11352 4833 204272 402 1159 40464 17139 6799 681 706 59148 1669 1463 25705 1929 8531 1110 5454 1148 331
internal_value=2.24371e-05 0.000172428 -4.60066e-05 8.01194e-05 0.0153217 -0.000108398 -0.0236847 -0.0438303 0.000113945 -0.0258518 -0.0129092 -0.0401113 0.0135852 -0.0037547 -0.0177901 -0.00464716 -0.012881 0.00132292 -0.0231946 -0.00754859 0.0233911 0.00265727 -0.0260523 0.000703204 0.0070171 0.00239522 0.0363066 -0.0137234 -0.0262199 0.0083473
internal_weight=635260 615490 605627 602682 7363.28 595319 3010.7 3012.12 592306 2945.61 2250.48 1566.28 9862.99 3189.12 2102.21 19770.1 9293.75 3909.53 5384.22 1821.73 1086.92 10476.3 5220.45 10065.7 6747.65 6282.74 1175.77 2733.76 1745.46 988.291
internal_count=10508704 10380706 10079399 10056577 88626 9967951 22645 16377 9951574 22822 19807 8455 301307 97035 37485 127998 74589 31981 42608 36326 59550 53409 41927 51740 36165 34236 18249 13732 7947 5785
is_linear=0
shrinkage=0.05


Tree=149
num_leaves=31
num_cat=0
split_feature=2 0 3 1 1 3 1 0 2 2 1 0 3 3 3 0 0 1 2 0 2 2 1 1 0 3 2 0 3 3
split_gain=174.852 569.515 531.815 441.287 519.875 484.154 2785.03 347.206 543.729 1360.35 2197.78 1192.34 1918.17 1917.3 1192.34 309.939 1129.01 1023.32 967.293 613.16 471.644 327.682 305.297 766.798 1183.12 537.923 478.429 450.404 462.868 258.631
threshold=1.7376526579221052 -0.036988519151232406 1.7867589845313252 0.59995719444268236 0.65557905798065585 2.5820613653663513 0.6437191950917095 0.84775196362271432 4.1296149811447345 3.8073264635815938 0.48448925507661011 0.73397330146915241 4.873133215511765 4.5437806720119296 4.1196975209922178 0.99613603573865839 0.99851391962338742 0.043078627971054807 3.5905948457323098 0.98869550592460032 3.2722432540302706 5.3778270004476862 0.57145327630474652 0.67614333405659321 0.22869163242642174 1.6649536825965745 1.5447018760744757 0.27512027950812123 1.6649536825965745 2.5078010497536973
decision_type=2 2 2 2 2 2 2 2 2 2 2 2 2 2 2 2 2 2 2 2 2 2 2 2 2 2 2 2 2 2
left_child=2 3 22 29 5 -5 -7 8 9 14 -11 12 -10 -13 -3 17 21 18 -9 -19 -18 -17 -1 27 26 -26 -25 28 -24 -2
right_child=1 7 -4 4 -6 6 -8 15 11 10 -12 13 -14 -15 -16 16 20 19 -20 -21 -22 -23 23 24 25 -27 -28 -29 -30 -31
leaf_value=0.009079328498893223 -0.052983955494737459 -0.0018812239772192805 -0.017718628600118115 0.034936526917674154 -0.018747663267259185 -0.26714706117520598 0.033992107758237175 0.012307198121837983 0.033193749922020378 -0.0084096425027165682 -0.082671364147074489 -0.080416333472691143 -0.074017789858547359 0.006122082135924683 0.027246856294608948 -0.034186897468868577 -0.0065796028423330821 -0.00020308019475463732 -0.037079241795086176 0.01946844631170699 0.0010840826888048993 0.057364454271623171 -0.010054995919449286 0.0074223099555651637 -0.005333743149274023 0.42319831732630542 -0.04785515259334476 0.044542001532689168 -0.0523325188429965 0.0077010246459614509
leaf_weight=19930.467995349318 334.27564889937639 267857.9945380073 2725.2045049350709 3530.7370369005948 693.54608806967735 91.676933009177446 472.42986004427075 29320.334176702425 5275.7862547785044 3958.4860387928784 1331.4119057580829 793.09835950657725 453.02507366985083 3316.6874366719276 3560.0062303952873 2907.7252958826721 24001.372008614242 123976.51803066581 1026.1770952818915 4092.0470761954784 122755.60765275918 101.13734670262784 1399.4348198994994 8633.5036394409835 10.417874813079832 24.651275292038918 410.02663176506758 222.23949347436428 1204.7494319006801 369.81155812740326
leaf_count=700542 3991 3423441 15666 186890 7349 2131 16176 2109219 79664 55727 6617 4703 1994 30756 63779 13528 174548 1177681 42323 35625 2285502 579 7142 45255 59 277 4558 965 9711 2306
internal_value=2.21148e-05 -0.000177012 0.00348037 0.0158496 0.0212842 0.0280644 -0.0149481 -0.000325022 -0.0015779 -0.0019886 -0.0271005 0.00997278 0.0247156 -0.0105779 -0.00149917 0.000839907 -0.000790879 0.00238165 0.0106372 0.000425464 -0.000169275 -0.0311096 0.00529506 -0.00104027 0.00604008 0.295896 0.00491607 -0.0237827 -0.0296135 -0.0211101
internal_weight=634781 600220 34560.7 5492.48 4788.39 4094.84 564.107 594727 286546 276708 5289.9 9838.6 5728.81 4109.79 271418 308181 149766 158415 30346.5 128069 146757 3008.86 31835.5 11905 9078.6 35.0692 9043.53 2826.42 2604.18 704.087
internal_count=10508704 9724529 784175 218843 212546 205197 18307 9505686 3666681 3549564 62344 117117 81658 35459 3487220 5839005 2474157 3364848 2151542 1213306 2460050 14107 768509 67967 50149 336 49813 17818 16853 6297
is_linear=0
shrinkage=0.05


Tree=150
num_leaves=31
num_cat=0
split_feature=1 1 2 1 0 0 1 1 1 0 0 2 3 3 0 3 0 0 0 1 2 2 0 1 3 0 3 2 2 3
split_gain=172.955 235.55 782.026 795.948 497.094 847.243 282.177 779.309 1067.7 347.933 341.448 302.577 123.036 117.592 97.6755 51.1908 47.6056 59.8831 26.3959 18.6461 25.6147 17.8754 16.337 101.644 13.2772 15.4142 12.1247 29.9702 19.1154 7.53001
threshold=-0.5151551456145852 -0.34304814104621323 3.4437761330069674 -0.34753574593034542 1.3409395388167957 1.3051812277503805 -0.3327390262831656 -0.33035528887943305 -0.31248217156279456 1.0774002105738207 1.1217607961392175 8.4921764472094434 3.9087007104622415 8.0333519505345929 1.0956075047414111 3.4107891595359914 2.1085648409144384 2.4781188074031557 1.0877026344952994 -0.84084583113390909 8.4921764472094434 8.0853913410823299 2.7421961862478588 -0.61675189075187198 8.3102505804131521 2.010777875261029 6.8203822273901951 7.2886576889082564 5.7330338322751588 7.3612460181789956
decision_type=2 2 2 2 2 2 2 2 2 2 2 2 2 2 2 2 2 2 2 2 2 2 2 2 2 2 2 2 2 2
left_child=13 2 -2 4 5 -4 10 14 9 -9 18 -10 -6 22 -8 -5 -12 -18 -3 -15 -21 -17 26 -24 -22 -26 27 28 -1 -25
right_child=1 6 3 15 12 -7 7 8 11 -11 16 -13 -14 19 -16 21 17 -19 -20 20 24 -23 23 29 25 -27 -28 -29 -30 -31
leaf_value=-0.047914055626495138 0.025069278925119617 -0.043165393179815582 0.0023439616130022912 -0.081143833109619132 0.047999538561131122 -0.05730034443559167 -0.044421033268850524 -0.042916030651605847 8.9806528296579457e-05 0.020796292561944499 -0.0063015892715969123 -0.014862269903537371 0.017877118347106504 -0.014679480868746569 0.02452285935342266 -0.050473610368272449 0.07945718579725071 -0.048140932982240661 -0.073925133663424625 -0.034744882907115048 0.070329737553140231 0.01432038587092169 -0.050479301878503413 0.15328913875257114 -0.060208319638445265 0.021184069931912023 -0.043587841371700325 0.16667166488560242 0.0066716233787752002 0.072880875754868721
leaf_weight=41.273782721720636 3997.1488418187946 118.96090509183705 18890.610472768545 183.16177533566952 625.24810782074928 614.77845661249012 52.147221388295293 1869.646283891052 584979.6930324994 242.02233497798443 13155.89824950695 3403.2360163033009 740.45173069275916 83.98829336091876 3459.7974840980023 331.13828659616411 33.581118583679199 12.662219256162642 168.58091780170798 22.951241061091423 13.008874200284479 10.998063310980795 37.165194251574576 6.612115412950514 6.106066830456256 122.8447683006525 397.82927696686238 2.0649934373795977 26.232080086134374 5.2025268487632275
leaf_count=6212 250271 4234 284882 773 3883 5877 1144 36938 9356398 1039 201369 14918 14049 1427 251767 23245 156 52 715 591 130 44 3955 36 45 799 40868 87 2663 137
internal_value=2.1717e-05 5.04417e-05 0.00476844 0.000975955 0.00250589 0.000464069 -0.000146772 1.56198e-05 -0.000124048 -0.0356138 -0.00729756 3.32298e-06 0.0316678 -0.0237338 0.0234991 -0.0598112 -0.00612358 0.0445186 -0.0611993 0.00449694 0.0142634 -0.0483908 -0.0373412 -0.0098682 0.0221868 0.01733 -0.0402202 -0.0209629 -0.0267026 0.117882
internal_weight=633655 632890 25393.5 21396.4 20871.1 19505.4 607496 594007 590495 2111.67 13489.7 588383 1365.7 765.279 3511.94 525.298 13202.1 46.2433 287.542 248.899 164.911 342.136 516.38 48.9798 141.96 128.951 467.4 69.5709 67.5059 11.8146
internal_count=10508704 10451754 583024 332753 308691 290759 9868730 9662204 9409293 37977 206526 9371316 17932 56950 252911 24062 201577 208 4949 2992 1565 23289 53958 4128 974 844 49830 8962 8875 173
is_linear=0
shrinkage=0.05


Tree=151
num_leaves=31
num_cat=0
split_feature=3 2 3 3 0 1 0 1 1 0 0 3 2 0 1 0 3 2 0 2 2 0 0 2 1 1 0 1 3 2
split_gain=177.093 2075.49 1003.64 1566.85 943.01 829.531 1800.23 1396.47 863.802 738.864 804.451 596.808 1014.39 558.137 400.86 372.912 318.93 1667.74 286.31 274.325 258.888 252.667 360.976 1049.56 239.623 298.013 189.663 178.786 172.563 115.796
threshold=6.0960189868513011 5.6979441667398492 5.892491343727194 5.879639423924421 1.066066415758957 0.26484938859632151 1.1978845133089424 0.25080577396248743 0.1993960117340505 1.1111506969437031 0.99851391962338742 5.8399949086104135 5.3397741585301839 1.3269847429671329 0.078424753846921769 1.4362370908715618 6.0081958967181253 5.6251431817785766 1.5671198004630646 5.4333454702168122 5.7330338322751588 1.1752492834636312 1.181305133447065 5.7330338322751588 0.026550044798565861 -0.2073345757028604 1.3326662166730445 0.05129715932657293 6.0763543467853927 6.7188461076676758
decision_type=2 2 2 2 2 2 2 2 2 2 2 2 2 2 2 2 2 2 2 2 2 2 2 2 2 2 2 2 2 2
left_child=1 2 3 11 -4 6 7 14 13 10 -5 12 -1 27 -2 20 17 -6 -15 -13 -7 -3 23 28 25 -24 -10 -8 -23 -28
right_child=5 21 4 9 16 15 8 -9 26 -11 -12 19 -14 18 -16 -17 -18 -19 -20 -21 -22 22 24 -25 -26 -27 29 -29 -30 -31
leaf_value=1.0620797639329508e-05 -0.072715138226724291 -0.0061818726594145557 -0.032803662687137067 0.04486682616630136 0.019541566064944501 -0.19543209525071401 -0.061070172109619736 -0.10939379565571822 0.021393179467119286 0.016196974157507527 -0.070905956336143924 0.026779826912394084 -0.034460908600832826 -0.0064546477012830828 -0.0035359945358519845 -0.055931316979259529 0.039122646906314978 -0.20957424395931926 0.0063055609754556199 -0.046079206990431318 0.040358233632101732 -0.034219681642713086 0.054187290578260466 -0.11123639496457272 -0.014262225874871599 -0.073844617540338678 -0.091394045911822513 -0.015844619405854788 0.051207490430166348 0.0091192658650491136
leaf_weight=582877.05254424689 259.79063025396317 710.05456177797168 857.70362424850464 167.21821187436581 5649.8273817040026 11.710059754550455 456.98206242639571 587.86294067651033 6659.5672599989921 408.40460903942585 1461.1827773600817 2623.5688515156507 2141.9792239968665 7139.5174921778962 1079.6470632851124 109.17553052306175 2093.868783056736 80.557688616216183 11440.015412690118 135.88401556760073 1981.9706168062985 1328.2746208310127 52.131963231600821 564.99283634871244 1531.4179838709533 354.62806670367718 60.02422116138041 418.79444248043001 61.868197590112686 54.827279351651669
leaf_count=9593236 2075 12770 3866 794 119891 62 7020 3047 249199 5442 6414 36768 34222 143747 4965 1554 36370 971 176614 996 38259 8177 2265 2903 10421 1511 1239 2927 331 648
internal_value=2.05778e-05 -0.000166699 9.05431e-05 -0.000157873 0.0169669 0.00375314 0.00149077 -0.0451496 0.0049178 -0.043936 -0.0590174 -6.17008e-06 -0.000115593 -0.000436434 -0.0169536 0.0340461 0.0224228 0.0163207 0.00140222 0.023192 0.0389733 -0.0336115 -0.0386141 -0.0537726 -0.0233229 -0.0574355 0.0202945 -0.0394434 -0.0304178 -0.0434115
internal_weight=633361 603101 598497 589815 8681.96 30259.9 28157 1927.3 26229.7 2036.81 1628.4 587778 585019 19455.3 1339.44 2102.86 7824.25 5730.39 18579.5 2759.45 1993.68 4603.37 3893.31 1955.14 1938.18 406.76 6774.42 875.777 1390.14 114.852
internal_count=10508704 9877348 9838970 9677872 161098 631356 591481 10087 581394 12650 7208 9665222 9627458 330308 7040 39875 157232 120862 320361 37764 38321 38378 25608 11411 14197 3776 251086 9947 8508 1887
is_linear=0
shrinkage=0.05


Tree=152
num_leaves=31
num_cat=0
split_feature=3 2 1 3 1 2 2 2 2 0 3 3 2 3 3 3 0 3 0 0 2 2 2 0 3 2 0 0 0 2
split_gain=166.575 1639.7 877.305 1415.77 624.716 975.428 601.013 593.526 587.962 574.729 563.805 497.157 1120.19 1023.57 473.738 449.95 432.435 409.504 409.396 397.535 369.424 368.586 341.586 338.937 316.194 578.579 601.816 612.3 381.23 295.759
threshold=5.5624806248407035 4.8601466769752113 0.35815495563763139 5.6653603500644554 0.38752962573626226 5.0136407960728784 5.097305268989758 4.9112368614918331 5.0692279307404577 1.5671198004630646 5.5344402635264043 5.4276012788821086 4.7175654691367521 5.4131322212818391 4.5977583100185493 5.6987316728617001 1.1049979010730218 5.5344402635264043 0.95392475405677601 1.0056282217704664 4.9829167156969527 5.0463193875623382 4.6817063108378933 0.92911064267174137 5.6167883586876535 4.9372592344747188 1.0130834834924871 1.0275931358599182 1.0480801346188839 5.1276083952003857
decision_type=2 2 2 2 2 2 2 2 2 2 2 2 2 2 2 2 2 2 2 2 2 2 2 2 2 2 2 2 2 2
left_child=1 9 3 8 5 10 -5 -6 23 11 -3 13 -13 14 -1 29 -9 21 -17 -14 -12 -7 -15 -2 25 -4 -27 -28 -26 -8
right_child=2 4 24 6 7 17 15 16 -10 -11 20 12 19 22 -16 18 -18 -19 -20 -21 -22 -23 -24 -25 28 26 27 -29 -30 -31
leaf_value=-0.00015885611098132474 0.0321951684021098 -0.012833750886889561 0.042390137486358663 0.043588220548237189 -0.048821173630865564 -0.066904555335301402 -0.0042861896537645149 -0.096781566977251834 -0.053369450993594539 -0.081302188153124039 0.022074099271468611 0.045698226963897359 -0.013427062041558311 -0.01078017993760297 0.0070590148374803964 0.035393122895680522 0.015868836810305747 -0.076074678308889532 0.0011592025826446951 0.014167081101879484 -0.039430190783651974 -0.014062476076399107 -0.048342266550243165 -0.073830571056228686 0.037260570467756639 0.016365735807897137 -0.11451100543853082 -0.013400820398822426 0.0010699053480090991 -0.055596403136349982
leaf_weight=517174.32849534415 366.03790233284235 4928.7075031599961 1001.4089556783438 843.44194345921278 2458.8959071785212 444.56987017812207 554.84963852912188 97.602654322981834 1683.9619858716615 216.47096557915211 2378.8102745786309 1941.2923686020076 2456.2318107560277 1065.2611750736833 23778.38524835743 887.22890640934929 669.94116098433733 585.46556684840471 55679.077893289737 2785.2787286043167 272.0729579180479 1280.5766733759083 1401.6371988654137 94.923970729112625 2849.7686815857887 2185.3299054130912 168.37018568813801 1352.6162428036332 977.18814874626696 568.71161412727088
leaf_count=8699397 3261 38373 15995 11823 12039 2628 6888 467 14071 1081 21281 51767 22384 4359 421548 7247 3778 2725 977134 32627 3694 29050 8084 599 44969 32327 1776 17447 13460 6425
internal_value=2.06552e-05 -0.000263464 0.00233561 0.000224413 -0.017735 -0.0115025 0.00168644 -0.0368397 -0.0396731 0.000152586 -0.00283282 0.00018461 0.0132529 1.1876e-05 0.000158416 0.00107382 0.00154395 -0.0399422 0.00169615 0.00123615 0.0157616 -0.0276799 -0.0321221 0.0103617 0.0173454 0.0086683 -0.000442994 -0.0245935 0.0280195 -0.0302578
internal_weight=633148 563936 69212.9 60678.2 13116.6 9890.2 58533.3 3226.44 2144.92 550819 7579.59 550602 7182.8 543420 540953 57689.9 767.544 2310.61 56566.3 5241.51 2650.88 1725.15 2466.9 460.962 8534.68 4707.73 3706.32 1520.99 3826.96 1123.56
internal_count=10508704 9355282 1153422 1027448 114035 97751 1009517 16284 17931 9241247 63348 9240166 106778 9133388 9120945 997694 4245 34403 984381 55011 24975 31678 12443 3860 125974 67545 51550 19223 58429 13313
is_linear=0
shrinkage=0.05


Tree=153
num_leaves=31
num_cat=0
split_feature=1 1 2 1 0 3 2 1 1 1 0 0 2 3 3 3 0 2 0 0 0 1 2 0 1 3 2 0 0 0
split_gain=163.039 217.216 725.697 746.665 453.893 906.164 280.439 252.868 721.643 999.997 327.202 319.159 287.87 122.579 112.008 110.942 90.8299 45.4291 41.4297 53.4609 22.4456 16.7257 23.0331 15.5733 88.6805 12.4521 26.2281 126.762 12.0629 7.49071
threshold=-0.5151551456145852 -0.34304814104621323 3.4437761330069674 -0.35521173176235915 1.3409395388167957 3.7772219975316736 5.1493983947908895 -0.3327390262831656 -0.33035528887943305 -0.31248217156279456 1.0774002105738207 1.1217607961392175 8.4921764472094434 5.1431998863235968 3.9087007104622415 8.0333519505345929 1.0956075047414111 3.4841929324469612 2.1085648409144384 2.4781188074031557 1.0877026344952994 -0.84084583113390909 8.4921764472094434 2.7421961862478588 -0.61675189075187198 6.8203822273901951 5.7330338322751588 1.8358058112658826 2.7421961862478588 2.010777875261029
decision_type=2 2 2 2 2 2 2 2 2 2 2 2 2 2 2 2 2 2 2 2 2 2 2 2 2 2 2 2 2 2
left_child=15 2 -2 4 5 -4 17 11 16 10 -10 20 -11 -8 -6 23 -9 -5 -13 -20 -3 -17 -23 25 -25 26 -1 -28 29 -24
right_child=1 7 3 6 14 -7 13 8 9 12 -12 18 -14 -15 -16 21 -18 -19 19 -21 -22 22 28 24 -26 -27 27 -29 -30 -31
leaf_value=-0.047654436161255372 0.024420143156367525 -0.042686318066766059 0.0039399816559025939 -0.077467258404198935 0.046979948328703343 -0.038505395441414701 0.08944637050175025 -0.043939861279781361 -0.042390337386333257 8.6332910545769371e-05 0.019547177755554476 -0.0059453833618291077 -0.014504542690932962 -0.015205562377805598 0.017831547237277767 -0.014410460055178083 0.023875672707948756 -0.048616401748575684 0.074446437411237534 -0.046039103800344837 -0.071528396621868745 -0.034223911310198064 0.01216699425398346 -0.050459124938887302 0.10320528422115893 -0.043303106437035915 0.27922158510602396 -0.025302283827943407 0.0099946994681799489 0.054057360713215909
leaf_weight=37.691354215145111 3901.8845434486866 113.82965628802776 17756.210917666554 178.6512653529644 607.42945922911167 1353.2697468148544 47.902122221887112 50.107586724683642 1799.7125884685665 584469.2065098118 241.88879655301571 13228.968499019742 3400.1106944978237 67.281938895583153 720.51567763835192 83.460363402962685 3378.9124407209456 577.53861942887306 33.608256950974464 12.680488020181654 165.57685267180204 22.359697118401527 15.758959546685217 35.628924472257495 12.748593956232069 383.1038726316765 3.941848821006718 25.681305166333914 95.760730400681496 33.058352291584015
leaf_count=6212 250271 4234 244557 766 3883 42396 388 1144 36938 9356398 1039 201369 14918 1143 13940 1427 251767 25680 156 52 715 591 143 3955 173 40868 356 2394 672 159
internal_value=2.05922e-05 4.82212e-05 0.00459585 0.000965799 0.0028984 0.000934141 -0.044362 -0.00014069 1.35703e-05 -0.000119374 -0.035052 -0.00689324 1.9424e-06 0.0283165 0.0311646 -0.0232904 0.0228847 -0.0554325 -0.00578016 0.0414402 -0.0597782 0.00386563 0.0130028 -0.0369229 -0.009965 -0.0398183 -0.0199854 0.0152196 0.0203066 0.0405345
internal_weight=632854 632105 25210.7 21308.8 20437.4 19109.5 871.374 606895 593340 589911 2041.6 13554.7 587869 115.184 1327.95 749.194 3429.02 756.19 13275.3 46.2887 279.407 250.398 166.938 498.796 48.3775 450.418 67.3145 29.6232 144.578 48.8173
internal_count=10508704 10451754 583024 332753 304776 286953 27977 9868730 9662204 9409293 37977 206526 9371316 1531 17823 56950 252911 26446 201577 208 4949 2992 1565 53958 4128 49830 8962 2750 974 302
is_linear=0
shrinkage=0.05


Tree=154
num_leaves=31
num_cat=0
split_feature=3 2 3 3 0 1 0 1 1 0 0 3 2 0 2 1 1 0 3 2 2 2 0 0 2 1 1 0 2 3
split_gain=164.447 1833.52 917.132 1402.52 865.54 773.038 1608.7 1155.99 788.861 648.653 708.562 547.563 883.618 542.367 1851.65 847.973 363.273 343.459 307.639 1307.19 249.51 223.649 221.18 311.956 879.672 205.189 262.115 193.994 207.164 154.662
threshold=6.0960189868513011 5.6979441667398492 5.892491343727194 5.879639423924421 1.066066415758957 0.26484938859632151 1.1978845133089424 0.25080577396248743 0.18953528519568252 1.1111506969437031 0.99851391962338742 5.8399949086104135 5.3397741585301839 1.5671198004630646 6.8927866192349851 -0.10991279340077306 0.078424753846921769 1.4362370908715618 6.0081958967181253 5.6251431817785766 5.4333454702168122 5.7330338322751588 1.1752492834636312 1.181305133447065 5.7330338322751588 0.026550044798565861 -0.2073345757028604 1.3562967860587209 6.6575630737112252 6.0763543467853927
decision_type=2 2 2 2 2 2 2 2 2 2 2 2 2 2 2 2 2 2 2 2 2 2 2 2 2 2 2 2 2 2
left_child=1 2 3 11 -4 6 7 16 13 10 -5 12 -1 14 -8 -15 -2 21 19 -6 -13 -7 -3 24 29 26 -25 -10 -29 -24
right_child=5 22 4 9 18 17 8 -9 27 -11 -12 20 -14 15 -16 -17 -18 -19 -20 -21 -22 -23 23 25 -26 -27 -28 28 -30 -31
leaf_value=6.7346104282191503e-06 -0.069401218593920608 -0.0056271849705682876 -0.031112922840086005 0.043314340264937357 0.01885702764867335 -0.17066653905392978 -0.0012185587671975882 -0.098849694142123246 0.019704265964037869 0.015556485691848976 -0.066086667089051795 0.02598813522210059 -0.03191621525637927 -0.0059239978705654716 -0.073796971300206821 0.021560206845381125 -0.0034189725229010221 -0.051349228046655551 0.038434715962638422 -0.16830136512501248 -0.042671509068676283 0.039735785280396056 -0.03194363747509589 0.049869171198291894 -0.10114046189201316 -0.013439052403815245 -0.068884077642264382 -0.15735260355961947 -0.0013130888006900804 0.049943098884705162
leaf_weight=582336.02572626108 258.51513597369194 706.64117494458333 862.8739033639431 164.32797238230705 5546.3885441087186 12.714077033102511 6420.6585796093568 617.59186501801014 7161.8116812054068 402.49409410357475 1489.9576361328363 2563.4754163622856 2175.7962649618275 6357.406130803749 1018.1423144126311 5024.4561947397888 1080.4230520129204 112.99800488352776 2023.2497017197311 94.891188517212868 139.5212564766407 1911.1342342477292 1353.7042228132486 53.478812587447464 589.95142477378249 1544.1865139082074 354.37656784802675 31.264772934839129 66.543529327958822 60.228592827916145
leaf_count=9593236 2075 12770 3866 794 119891 62 113600 3047 273261 5442 6414 36768 34222 71653 17054 104922 4965 1554 36370 971 996 38259 8177 2265 2903 10421 1511 175 729 331
internal_value=1.94775e-05 -0.000160645 8.29583e-05 -0.000152633 0.0163631 0.00362785 0.00146716 -0.0422605 0.00474759 -0.0413691 -0.0552194 -8.26786e-06 -0.000112096 -0.00065315 -0.0111523 0.00620874 -0.0161585 0.0333693 0.0217079 0.0157089 0.0224441 0.0383453 -0.0313936 -0.0359963 -0.0498543 -0.0217702 -0.0533129 0.0187491 -0.0511917 -0.0284555
internal_weight=632535 602462 597799 589272 8527.4 30073.7 28036.8 1956.53 26080.3 2056.78 1654.29 587215 584512 18820.7 7438.8 11381.9 1338.94 2036.85 7664.53 5641.28 2703 1923.85 4662.57 3955.93 2003.88 1952.04 407.855 7259.62 97.8083 1413.93
internal_count=10508704 9877348 9838970 9677872 161098 631356 591481 10087 581394 12650 7208 9665222 9627458 307229 130654 176575 7040 39875 157232 120862 37764 38321 38378 25608 11411 14197 3776 274165 904 8508
is_linear=0
shrinkage=0.05


Tree=155
num_leaves=31
num_cat=0
split_feature=2 3 3 3 2 0 0 1 0 3 0 0 0 1 1 1 1 1 1 3 0 1 0 1 0 1 2 1 1 1
split_gain=160.821 230.819 503.178 513.979 211.96 653.025 241.296 96.0389 234.003 93.6993 455.901 79.3434 50.6236 48.1077 101.684 41.2063 40.2904 32.7388 30.837 26.9992 19.6209 11.86 9.87151 7.30232 6.91411 6.73441 53.3705 6.1267 0.668562 0.596417
threshold=0.88146779030775313 1.0858476682246934 1.2146186208000707 1.2829990237933924 1.1907534103532191 -0.036988519151232406 -0.085841960609527465 0.77090001566801269 0.33692532184070467 1.0858476682246934 -0.29435794004766241 -0.29435794004766241 0.10896021693658316 0.40747606081353599 1.0000000180025095e-35 0.42632142793878453 0.81545567171745659 0.81545567171745659 0.67614333405659321 1.2146186208000707 0.22869163242642174 0.72828833234014589 0.34889130254736317 0.77090001566801269 0.049309132115521966 0.50269308430617887 1.0000000180025095e-35 0.62232822779575792 0.3897058285503901 0.81545567171745659
decision_type=2 2 2 2 2 2 2 2 2 2 2 2 2 2 2 2 2 2 2 2 2 2 2 2 2 2 2 2 2 2
left_child=9 12 7 13 5 -5 -6 8 24 10 25 15 21 14 -4 28 23 -9 -17 -20 -15 -2 -10 -12 -3 -1 -27 -28 -11 -13
right_child=1 2 3 4 6 -7 -8 17 22 11 16 29 -14 20 -16 18 -18 -19 19 -21 -22 -23 -24 -25 -26 26 27 -29 -30 -31
leaf_value=0.039682740483588032 -0.01765592348753264 0.066021948041783393 0.10609200837899109 -0.020547466868338669 0.0081681868748560045 0.13999599848650057 -9.0305152266714045e-05 -0.073806082717407642 -0.047719481496262407 -0.0240383003925068 -0.1261861455605707 0.083322546885036625 -0.1616847267090486 0.049630156308544268 -0.15717041680522703 -0.16936520390109361 -0.12634888339419023 -0.044701326440716699 -0.10400025853486666 0.010986874913504946 0.090483057314227955 0.053414484707429266 -0.084284061847075376 -0.057411286180230614 0.034337990494655232 0.030533660966363882 -0.21604579599423157 -0.093298251959444925 0.028932816139590561 0.064507469847471785
leaf_weight=175.10679740272462 6.0235979184508315 46.507687155157328 6.6457079946994773 2089.5043968856335 8973.0870963726193 65.321122795343399 618786.0813453414 204.93405377864838 149.79406251013279 0.59778722003102203 4.0356070250272742 4.3197204172611228 2.8151371031999579 476.93271570652723 8.1857295855879766 3.6631565056741229 30.905265882611275 182.81475082039833 6.6232924759387997 22.269034087657928 31.320994138717651 230.38382317125797 21.053072720766068 88.490564234554768 27.341113671660423 247.09210496395826 1.2896625399589527 4.8008867502212524 167.95434869080782 168.74312168359756
leaf_count=8356 26 221 188 9785 184214 299 10255119 922 5580 5 21 18 22 18201 43 22 135 775 34 141 137 2377 88 457 127 7442 15 107 12968 859
internal_value=1.95803e-05 -1.09591e-05 -2.95734e-05 1.51446e-05 -2.59957e-05 -0.0156808 2.77404e-05 -0.0446056 -0.0200787 0.0208426 0.0077437 0.040157 0.0490937 0.0495575 -0.0392071 0.0187982 -0.0769208 -0.0600839 -0.0327001 -0.0153728 0.0521477 0.0516036 -0.0522252 -0.060411 0.0542916 0.0321437 0.0269295 -0.11929 0.0287449 0.0649771
internal_weight=632235 631309 631070 630437 629914 2154.83 627759 632.445 244.696 925.891 551.721 374.17 239.223 523.085 14.8314 201.108 123.431 387.749 32.5555 28.8923 508.254 236.407 170.847 92.5262 73.8488 428.289 253.183 6.09055 168.552 173.063
internal_count=10508704 10478124 10475699 10467986 10449417 10084 10439333 7713 6016 30580 16533 14047 2425 18569 231 13170 613 1697 197 175 18338 2403 5668 478 348 15920 7564 122 12973 877
is_linear=0
shrinkage=0.05


Tree=156
num_leaves=31
num_cat=0
split_feature=1 1 3 2 3 3 0 3 1 1 0 1 0 3 2 1 1 2 3 3 3 2 3 2 0 1 0 2 3 0
split_gain=160.027 622.77 1660.63 1234.33 1903.99 680.598 620.074 2722.76 1462.32 1080.98 1282.22 1931.3 805.649 4033.96 1197.5 737.189 675.76 659.463 647.748 547.863 451.497 402.27 477.839 771.094 480.041 469.746 351.45 341.538 644.083 338.792
threshold=0.65557905798065585 0.62232822779575792 3.8319866170719474 2.2568774574635353 2.9202237833458864 1.4988586521947267 0.086608706665670512 2.7736145078981358 0.44709083024419011 0.53516931452139527 0.31148751576106082 0.41597567765674004 0.33094964965225626 3.7338659545917356 2.8193011638996288 0.50269308430617887 0.60732956117938708 2.0502117385089442 1.6649536825965745 3.9759333925799014 3.6662111318803876 1.5447018760744757 2.8820108527573445 2.2964851596084146 0.27512027950812123 0.69028085948440954 0.086608706665670512 1.9397217297720586 2.5370736041380932 0.028179389837528105
decision_type=2 2 2 2 2 2 2 2 2 2 2 2 2 2 2 2 2 2 2 2 2 2 2 2 2 2 2 2 2 2
left_child=1 6 3 4 5 -3 7 17 -9 10 11 -8 14 -14 -11 -12 -10 18 -1 -4 -5 26 24 -24 27 -25 -2 28 -23 -29
right_child=21 2 19 20 -6 -7 9 8 16 12 15 -13 13 -15 -16 -17 -18 -19 -20 -21 -22 22 23 25 -26 -27 -28 29 -30 -31
leaf_value=0.025028959469315239 0.00044367602122018755 -0.032135818749999094 -0.054702360466484218 0.042696026044994152 -0.07432821662269623 0.025778476799953778 -0.0019954871028535579 0.021186767948898916 -0.071935907597911214 0.0043948643936596995 -0.00018038470260208015 -0.070728122213606567 -0.12122893490177784 0.014505440918800978 0.03756336060651036 0.015817888161171436 0.00092791199281163934 0.02789815740362131 -0.020139369428813808 0.020581412925850102 0.13298178213969855 -0.022831866806333319 0.047678801981606983 -0.029545302409030794 0.062706340614396575 0.0091217478252659939 0.047644877687724116 -0.0766383286623641 0.044490550895926545 -0.028902982894885767
leaf_weight=1164.3184781838208 10006.972992070019 584.05652311444283 1071.135510712862 2839.1838192157447 636.00554170459509 3859.7452767090872 2805.9370144121349 632.79951511323452 2521.7324934899807 5567.794127188623 566333.68933460978 1607.5662373788655 636.10071636363864 3924.7548779975623 5322.5951108597219 7293.3933770731091 364.15768776088953 2415.9430680228397 2493.8402168629691 312.06922485679388 145.56994977593422 2715.2247289940715 728.35800174251199 1508.4045060575008 163.08676579594612 1638.8173283785582 410.54330916702747 488.44873861968517 408.75712338835001 1555.103741966188
leaf_count=32908 51740 3236 9714 43063 2669 166102 31378 4326 11351 82700 9461301 17911 2816 83760 149188 166753 3235 54927 50790 1677 901 26363 17028 7790 681 7163 1669 3069 5138 7357
internal_value=1.86694e-05 0.00016106 0.0128988 0.0215804 0.00658609 0.0181667 -3.84872e-05 -0.0126491 -0.0476479 0.000165343 -0.000183536 -0.0270305 0.0132171 -0.00442538 0.0206057 2.30257e-05 -0.0627415 0.00762544 -0.0057632 -0.0377173 0.0470994 -0.00442588 -0.0120411 0.00131847 -0.021754 -0.00941065 0.00230383 -0.0244195 -0.0140231 -0.0403127
internal_weight=632156 612532 9447.77 8064.56 5079.81 4443.8 603085 9592.79 3518.69 593492 578041 4413.5 15451.2 4560.86 10890.4 573627 2885.89 6074.1 3658.16 1383.2 2984.75 19623.7 9206.2 3875.58 5330.62 3147.22 10417.5 5167.53 3123.98 2043.55
internal_count=10508704 10380706 227362 215971 172007 169338 10153344 157537 18912 9995807 9677343 49289 318464 86576 231888 9628054 14586 138625 83698 11391 43964 127998 74589 31981 42608 14953 53409 41927 31501 10426
is_linear=0
shrinkage=0.05


Tree=157
num_leaves=31
num_cat=0
split_feature=3 2 1 3 1 2 2 0 3 2 2 3 2 3 3 3 3 0 0 0 0 2 1 3 2 2 3 0 0 3
split_gain=157.798 1462.29 809.819 1241.46 568.984 860.149 563.879 523.804 507.603 502.793 501.037 455.948 1069.86 922.916 421.634 396.362 382.027 380.894 377.068 358.935 355.667 332.108 331.844 302.513 546.077 558.634 412.985 354.991 300.689 285.31
threshold=5.5624806248407035 4.8601466769752113 0.35815495563763139 5.6653603500644554 0.38752962573626226 5.0136407960728784 5.097305268989758 1.5671198004630646 5.5344402635264043 4.9112368614918331 5.0692279307404577 5.4276012788821086 4.7175654691367521 5.4131322212818391 4.5977583100185493 5.6987316728617001 5.5344402635264043 0.95392475405677601 1.1049979010730218 1.0056282217704664 1.1978845133089424 4.9829167156969527 0.39795531170458065 5.6167883586876535 4.9372592344747188 4.9586306078131051 5.587941001131477 1.0480801346188839 0.92911064267174137 5.6987316728617001
decision_type=2 2 2 2 2 2 2 2 2 2 2 2 2 2 2 2 2 2 2 2 2 2 2 2 2 2 2 2 2 2
left_child=1 7 3 10 5 8 29 11 -3 -6 28 13 -13 14 -1 -8 20 -17 -11 -14 -7 -10 -15 24 -4 26 -26 -25 -2 -5
right_child=2 4 23 6 9 16 15 -9 21 18 -12 12 19 22 -16 17 -18 -19 -20 -21 -22 -23 -24 27 25 -27 -28 -29 -30 -31
leaf_value=-0.00015680491692880274 0.031343230612506538 -0.012052338848565405 0.041822978761485677 0.048163319092789911 -0.045648024335102712 0.0016566606366510664 -0.028002236500570005 -0.077992714937089216 0.021303466362796813 -0.089247405230587162 -0.048865878707093517 0.045299319700886687 -0.012617819374612864 0.0081951202165460434 0.0066761022406528411 0.034551998319792748 -0.072747406977816662 0.0011405289131253917 0.01456981962608116 0.013604069068828726 -0.044602446669976523 -0.036201441999609368 -0.039073802503850806 0.036592764553947027 -0.085282238772047006 0.0061440567603782484 0.042152367212896676 0.0015881163782669027 -0.067070176701062564 -0.1260363265332177
leaf_weight=516250.47162897326 357.50982329249382 4955.5382877350785 965.39769130945206 789.51565223187208 2504.2222044020891 701.43042776174843 1149.5954735423438 214.44379996135831 2343.5181727558374 100.84890248626471 1740.8020399364177 1862.8237511627376 2480.6867849230766 454.53922589868307 23609.429415831342 866.36848680581897 577.40462421160191 55310.423985223752 658.90113651752472 2753.7730711698532 1019.3911675531417 281.20630007982254 2027.4857350662351 2759.6714359372854 297.01664505898952 3329.2190079987049 80.892110466957092 982.00793686509132 99.13853357732296 24.226379364728928
leaf_count=8699397 3261 38373 15995 11668 12039 18767 13313 1081 21281 467 14071 51767 22384 3903 421548 7247 2725 977134 3778 32627 12911 3694 8540 44969 3865 46620 1065 13460 599 155
internal_value=1.85769e-05 -0.000257662 0.00227984 0.000253398 -0.0167399 -0.0107598 0.00164773 0.000136437 -0.0026359 -0.0348389 -0.0366377 0.00016693 0.0127579 2.16059e-06 0.000142015 0.00106106 -0.037555 0.00165581 0.000789165 0.00117713 -0.0257466 0.0151425 -0.0304173 0.0168113 0.00832746 -0.00039533 -0.0580046 0.0274058 0.00997764 0.0429771
internal_weight=631548 562796 68751.8 60337.6 13142.5 9878.49 58140.1 549654 7580.26 3263.97 2197.45 549439 7097.28 542342 539860 57326.4 2298.23 56176.8 759.75 5234.46 1720.82 2624.72 2482.02 8414.2 4672.53 3707.13 377.909 3741.68 456.648 813.742
internal_count=10508704 9355282 1153422 1027448 114035 97751 1009517 9241247 63348 16284 17931 9240166 106778 9133388 9120945 997694 34403 984381 4245 55011 31678 24975 12443 125974 67545 51550 4930 58429 3860 11823
is_linear=0
shrinkage=0.05


Tree=158
num_leaves=31
num_cat=0
split_feature=2 0 3 1 1 3 1 0 3 2 0 1 2 0 3 3 0 1 0 1 0 2 2 1 1 0 0 0 3 2
split_gain=157.397 490.623 479.49 400.684 431.696 468.224 1869.59 314.489 486.474 1500.68 1702.21 1165.72 1925.16 1166.43 716.153 310.219 280.49 966.153 948.698 821.214 589.286 386.335 271.975 271.597 672.237 831.099 446.235 381.719 443.757 294.864
threshold=1.7376526579221052 -0.036988519151232406 1.7867589845313252 0.50973362990578741 0.65557905798065585 2.5820613653663513 0.6437191950917095 0.84775196362271432 4.2344267448117714 3.55306124491486 0.50256276161109548 0.49297196920644654 3.8073264635815938 0.73397330146915241 3.6197690765366626 2.5078010497536973 0.99613603573865839 0.043078627971054807 0.99851391962338742 -0.30293963576424887 0.95392475405677601 3.2722432540302706 5.3778270004476862 0.57145327630474652 0.67614333405659321 0.22869163242642174 -0.1108502728836893 0.27512027950812123 1.6649536825965745 1.5585302692875791
decision_type=2 2 2 2 2 2 2 2 2 2 2 2 2 2 2 2 2 2 2 2 2 2 2 2 2 2 2 2 2 2
left_child=2 3 23 15 5 -5 -7 8 9 14 -11 13 -13 -10 -3 -2 17 19 22 -9 -19 -20 -18 -1 27 26 -26 28 -25 -27
right_child=1 7 -4 4 -6 6 -8 16 11 10 -12 12 -14 -15 -16 -17 18 20 21 -21 -22 -23 -24 24 25 29 -28 -29 -30 -31
leaf_value=0.0086382991129521254 -0.062664693306095906 -0.0019329434488392925 -0.01686161410627501 0.033384795915434251 -0.015794115119073551 -0.18406870239105635 0.032864663886182893 -0.03867519775402542 0.023080355392497674 0.0051735675403763535 -0.042211931003815567 0.019628940061851237 -0.069010789806973463 -0.0095481174776746083 0.010254853667761375 0.0083998672220706901 -0.031416533836948472 -0.0010310855884257436 -0.0060018248011472338 0.011755094848332407 0.0085378366223268828 0.0009615263922170223 0.053745201170245699 -0.0088572424178762054 0.017327695769712954 -0.013677456291532926 -0.0051398802793622481 0.040469624666119683 -0.050841612256740991 0.2932116817465934
leaf_weight=19732.947496837005 273.15491791069508 249681.31032639183 2711.5196477305144 3411.7795615764335 716.69239347800612 127.76125277578831 446.14399774186313 830.27649610931985 8992.1281232535839 3139.3534534350038 4782.3067842591554 1231.216407014057 1219.0854320563376 3938.88820656389 12664.354239530861 350.77586453408003 2889.1358874347061 109044.76518582553 23831.581238903105 29120.651229871437 18874.286942463368 121327.25286986353 96.896317436825484 1376.3188784532249 3894.0654528401792 10.179463021457194 5110.1637222021818 220.92818738520145 1159.6890127286315 33.869558721780777
leaf_count=700542 1411 3015395 15666 189492 7349 2207 16176 42225 145215 35797 104581 25047 5747 34647 300252 2208 13528 915608 174548 2109317 297698 2285502 579 7142 24188 54 25625 965 9711 282
internal_value=1.84757e-05 -0.000170635 0.00331477 0.0149366 0.019932 0.0263561 -0.0154285 -0.000306634 -0.00149977 -0.00199202 -0.0234331 0.00714958 -0.0244715 0.0131415 -0.0013446 -0.022712 0.000807096 0.00227349 -0.000755561 0.0103571 0.000380796 -0.000181688 -0.028653 0.00504945 -0.00094947 0.00563657 0.00457669 -0.0225649 -0.0280562 0.222291
internal_weight=631239 596990 34249.7 5326.31 4702.38 3985.68 573.905 591663 285649 270267 7921.66 15381.3 2450.3 12931 262346 623.931 306015 157870 148145 29950.9 127919 145159 2986.03 31538.2 11805.2 9048.28 9004.23 2756.94 2536.01 44.049
internal_count=10508704 9724529 784175 218843 215224 207875 18383 9505686 3666681 3456025 140378 210656 30794 179862 3315647 3619 5839005 3364848 2474157 2151542 1213306 2460050 14107 768509 67967 50149 49813 17818 16853 336
is_linear=0
shrinkage=0.05


Tree=159
num_leaves=31
num_cat=0
split_feature=1 1 2 1 0 0 1 1 1 2 0 3 3 3 0 0 0 3 0 2 1 2 0 1 3 2 0 3 0 3
split_gain=144.744 200.946 670.693 688.392 417.879 761.872 228.375 667.07 918.847 315.089 297.048 258.468 116.644 105.048 83.184 37.6013 48.2557 35.9608 19.283 17.6274 15.2177 20.8147 14.946 78.6484 12.9644 24.2443 20.2753 10.8968 13.8395 6.59331
threshold=-0.5151551456145852 -0.34304814104621323 3.4437761330069674 -0.34753574593034542 1.3409395388167957 1.3051812277503805 -0.3327390262831656 -0.33035528887943305 -0.31248217156279456 7.8935887178473578 1.1217607961392175 8.3102505804131521 3.9087007104622415 8.0333519505345929 1.0956075047414111 2.1085648409144384 2.4781188074031557 3.4107891595359914 1.0877026344952994 8.0853913410823299 -0.84084583113390909 8.4921764472094434 2.7421961862478588 -0.61675189075187198 6.8203822273901951 7.2886576889082564 1.8358058112658826 8.3102505804131521 2.010777875261029 7.3612460181789956
decision_type=2 2 2 2 2 2 2 2 2 2 2 2 2 2 2 2 2 2 2 2 2 2 2 2 2 2 2 2 2 2
left_child=13 2 -2 4 5 -4 10 14 9 -9 18 -10 -6 22 -8 -12 -17 -5 -3 -19 -15 -22 24 -24 25 26 -1 -23 -29 -25
right_child=1 6 3 17 12 -7 7 8 11 -11 15 -13 -14 20 -16 16 -18 19 -20 -21 21 27 23 29 -26 -27 -28 28 -30 -31
leaf_value=0.014716589357009688 0.023754553117064009 -0.04205108294195406 0.0021991483948038946 -0.076393353648849485 0.045971242125874556 -0.05619522704438247 -0.043339178476421207 -0.039317750443785722 4.8664387765865038e-05 0.045646895614519602 -0.0056482008694104628 -0.021423889088481869 0.016253770877681289 -0.013713109032823188 0.023213651837757841 0.070987074245544998 -0.043499988926556862 -0.05029410365258933 -0.069359685321054521 0.014195819039480107 -0.033392542488413786 0.061421118816788314 -0.050434749282691566 0.12356791872063309 -0.042843508474229672 0.13854359040962225 -0.045437159238820093 -0.059769247672299901 0.018418898687285194 0.053580993822797497
leaf_weight=21.506264138035476 3808.669511096552 107.40284536033869 18776.843905677088 175.96115481853485 589.81812734901905 575.69893948268145 47.628911826759577 1844.4186084661633 583936.01985172648 115.9797156304121 13290.447532594204 1404.826175801456 750.17741957120597 82.119245935231447 3299.7403886541724 33.50747449696064 12.689634859561918 289.7685660822317 162.3618121817708 10.99823287129402 21.465727657079697 13.918268442153929 33.76998632773757 7.4618204534053785 361.3847997635603 2.3686149325221768 40.178570759948343 5.9261200800538054 125.80329212546349 6.1295299418270588
leaf_count=3386 250271 4234 284882 773 3883 5877 1144 37477 9364686 500 201369 6630 14049 1427 251767 156 52 23245 715 44 591 130 3955 36 40868 87 5489 45 799 137
internal_value=1.79909e-05 4.36646e-05 0.00443843 0.000963171 0.00233173 0.000462034 -0.000138001 9.53291e-06 -0.000117323 -0.0342911 -0.00654238 -2.87004e-06 0.0293343 -0.022356 0.0222667 -0.00549168 0.0395392 -0.0584396 -0.0584872 -0.0479359 0.00391172 0.0125725 -0.0362028 -0.0095587 -0.0391689 -0.0184369 -0.0244647 0.0193469 0.0149014 0.0920047
internal_weight=629955 629233 24977.9 21169.3 20692.5 19352.5 604255 590649 587301 1960.4 13606.4 585341 1340 722.032 3347.37 13336.6 46.1971 476.728 269.765 300.767 249.233 167.113 472.8 47.3613 425.438 64.0534 61.6848 145.648 131.729 13.5914
internal_count=10508704 10451754 583024 332753 308691 290759 9868730 9662204 9409293 37977 206526 9371316 17932 56950 252911 201577 208 24062 4949 23289 2992 1565 53958 4128 49830 8962 8875 974 844 173
is_linear=0
shrinkage=0.05


Tree=160
num_leaves=31
num_cat=0
split_feature=2 0 1 0 3 0 3 1 3 1 1 1 2 1 3 0 3 2 1 3 2 1 3 1 0 1 1 2 2 3
split_gain=150.734 911.458 450.167 404.096 554.665 665.104 2324.84 384.035 361.335 247.167 218.468 226.166 180.781 257.503 175.956 284.151 604.897 381.221 253.373 220.35 164.578 143.08 136.981 136.138 134.469 132.101 233.263 130.327 120.646 105.166
threshold=7.8263922073548722 2.2067740511318386 -0.25962049904085055 1.5415145183742962 6.6765211365917967 1.5671198004630646 6.8745952661962386 -0.035870797469251633 7.6373808508092571 -0.76496095472163017 -0.31248217156279456 0.017284053360037101 8.4921764472094434 -0.14282830981264405 6.9458984530531502 1.4917628740083473 6.7203860607268515 5.8028513984867311 -0.19573877347933266 4.3842336583856074 7.1168387032966161 -0.10991279340077306 6.8745952661962386 -0.078378792481532941 2.4781188074031557 -0.12489803882170993 -0.11968728775692156 4.8601466769752113 8.2590892188540597 8.3102505804131521
decision_type=2 2 2 2 2 2 2 2 2 2 2 2 2 2 2 2 2 2 2 2 2 2 2 2 2 2 2 2 2 2
left_child=3 23 9 14 10 6 -6 21 -9 -3 24 -12 25 29 15 16 17 -1 19 -17 -8 -7 -18 28 -5 -4 -27 -20 -2 -14
right_child=1 2 12 4 5 7 20 8 -10 -11 11 -13 13 -15 -16 18 22 -19 27 -21 -22 -23 -24 -25 -26 26 -28 -29 -30 -31
leaf_value=-9.0781494159187037e-05 0.0049261945989488437 -0.027370126028533129 0.023832088411480903 0.0060623125593127561 0.027211776554216957 -0.017090584577743682 -0.12368743732370167 0.017237552487116253 -0.15005519391683805 0.035629787298486933 -0.070372659572832175 -0.0052804007464093529 -0.0049304394712718237 -0.058904428563079918 -0.038245034662191403 0.2528539397650521 -0.045254591629241891 0.0088141530956072408 -0.10504066352738722 0.02065162237268954 -0.019654933547703719 -0.077794328552979991 -0.002087342133054268 0.041648471658945058 0.4706809849672195 -0.056659492766220433 0.0064644075755595611 0.023329012524252374 0.037143405255154818 -0.024636540713901627
leaf_weight=601580.42461345484 680.25362950004637 189.33779418002814 506.66960018873215 131.22792412759736 617.74784421920776 542.91953898454085 488.01422043889761 2415.4745518006384 32.714340001344681 875.95879194419831 671.95806499570608 166.51609595492482 1609.125185713172 347.0080850943923 299.87096247915179 22.466995045542717 902.97254442237318 12263.637167703826 20.162155136466026 18.738174286670983 41.228325879201293 118.20480104908347 230.73747420683503 1414.8109270855784 1.5759888179600228 193.08817636966705 604.63921782746911 1021.5440795868635 507.28978982940316 1168.8299641758204
leaf_count=9883752 15270 12931 3251 11645 6122 25020 2672 40625 151 4166 2880 994 6708 1475 5426 598 14768 382742 93 415 1346 2319 3777 37691 21 1356 9439 15293 10068 5690
internal_value=1.7042e-05 0.00679506 -0.00474981 -7.12507e-05 -0.0139142 -0.00613399 -0.0386765 0.00587057 0.0150021 0.0244327 -0.0480083 -0.0574457 -0.0117684 -0.0182946 4.61564e-05 6.47948e-05 1.97339e-05 8.71251e-05 0.0256546 0.147259 -0.115583 -0.027944 -0.036469 0.0311711 0.011576 0.00386642 -0.00881459 0.0208444 0.0186886 -0.0132218
internal_weight=629685 8097.01 5494.66 621588 5227.58 4256.3 1146.99 3109.31 2448.19 1065.3 971.278 838.474 4429.36 3124.96 616361 616061 614978 613844 1082.91 41.2052 529.243 661.124 1133.71 2602.35 132.804 1304.4 797.727 1041.71 1187.54 2777.96
internal_count=10508704 108045 45016 10400659 93795 78255 10140 68115 40776 17097 15540 3874 27919 13873 10306864 10301438 10285039 10266494 16399 1013 4018 27339 18545 63029 11666 14046 10795 15386 25338 12398
is_linear=0
shrinkage=0.05


Tree=161
num_leaves=31
num_cat=0
split_feature=2 0 3 1 1 3 1 1 0 2 3 3 1 1 0 2 0 3 0 3 2 1 1 1 0 2 1 1 1 0
split_gain=142.956 452.754 434.273 367.881 401.987 437.85 1462.42 292.485 311.029 525.692 477.311 275.116 247.887 613.264 628.082 424.347 348.004 420.717 245.68 428.968 1400.44 1063.27 263.286 557.787 440.376 218.132 448.583 1233.33 337.647 217.719
threshold=1.7376526579221052 -0.036988519151232406 1.7867589845313252 0.50973362990578741 0.65557905798065585 2.5820613653663513 0.6437191950917095 0.72828833234014589 0.11347584474032892 2.0502117385089442 2.6298566433838988 2.5078010497536973 0.57145327630474652 0.67614333405659321 0.22869163242642174 1.5447018760744757 0.27512027950812123 1.6649536825965745 0.84775196362271432 4.2344267448117714 3.8073264635815938 0.49297196920644654 0.55727822660461868 0.52975867970052448 1.066066415758957 1.5585302692875791 0.28082011494542464 0.41597567765674004 0.22564911870343204 0.28508777794332463
decision_type=2 2 2 2 2 2 2 2 2 2 2 2 2 2 2 2 2 2 2 2 2 2 2 2 2 2 2 2 2 2
left_child=2 3 12 11 5 -5 -7 18 9 10 -9 -2 25 16 15 -15 17 -14 19 20 -3 -21 23 -20 -24 28 -27 -28 -1 -18
right_child=1 7 -4 4 -6 6 -8 8 -10 -11 -12 -13 13 14 -16 -17 29 -19 22 21 -22 -23 24 -25 -26 26 27 -29 -30 -31
leaf_value=-0.036667675676849816 -0.058720056503321641 -0.0014407001598668618 -0.016052677212338006 0.032769553869954164 -0.014834924390291908 -0.14948103469600432 0.032231904479515107 -0.018925255150973996 0.0046392540403078011 -0.055485240326579172 0.076272941930167079 0.0080177570638411064 -0.0084291641527013128 0.0066573397978618555 0.1793705292964104 -0.046950692394298124 0.078045807210592205 -0.049622768127613001 0.00077820056700971148 0.012643403166010711 -0.044990370573827904 -0.023431304543212669 0.030710253914818478 -0.043797678895130102 -0.10776037798199223 0.0071048690546238304 -0.2404545406660332 0.012849762082930398 0.026722160866779494 -0.023759281253121448
leaf_weight=229.35936612822115 276.82054716348648 265190.48644960113 2705.5531592555344 3304.9926359122619 724.56869431585073 148.82023686915636 432.53463847748935 707.58895332366228 1110.049426548183 916.47009982168674 161.77199248969555 349.25037633627653 1373.6318684741855 8603.879319626838 51.558281101286411 385.69686921685934 135.00301037728786 1129.4911928251386 303138.33995874575 12795.208904886618 1858.9593095630407 2430.5748702734709 1165.8179105389863 703.42088268138468 60.392459832131863 16630.84363992326 68.774848960340023 159.50231201201677 2497.8169818203896 85.952491864562035
leaf_count=7934 1411 3426609 15666 189492 7349 2207 16176 3937 5126 4270 708 2208 7142 45255 336 4558 556 9711 5811137 179862 15441 30794 20271 7178 353 602526 814 1152 88116 409
internal_value=1.65556e-05 -0.000163636 0.00316714 0.014473 0.0193562 0.0257308 -0.0142845 -0.000293502 -0.0161447 -0.0290638 -0.00121063 -0.0214907 0.00482576 -0.000910697 0.00535533 0.00435729 -0.0217074 -0.0270171 -0.000215348 -0.00127844 -0.00174385 0.0068846 0.000768317 0.000675003 0.0238904 0.00827156 0.00614933 -0.0634652 0.021391 0.0384433
internal_weight=629533 595476 34057.1 5236.99 4610.92 3886.35 581.355 590239 2895.88 1785.83 869.361 626.071 31351.5 11765.2 9041.13 8989.58 2724.08 2503.12 587343 282275 267049 15225.8 305068 303842 1226.21 19586.3 16859.1 228.277 2727.18 220.956
internal_count=10508704 9724529 784175 218843 215224 207875 18383 9505686 14041 8915 4645 3619 768509 67967 50149 49813 17818 16853 9491645 3652706 3442050 210656 5838939 5818315 20624 700542 604492 1966 96050 965
is_linear=0
shrinkage=0.05


Tree=162
num_leaves=31
num_cat=0
split_feature=2 0 1 0 3 0 3 1 3 1 1 1 2 1 3 0 3 3 1 2 0 1 2 1 1 3 2 2 1 3
split_gain=136.148 846.735 406.876 366.266 504.861 589.269 1967.58 346.794 317.172 222.684 200.257 209.272 163.764 227.483 155.943 258.526 533.874 344.185 184.049 208.746 141.772 136.079 130.086 120.624 202.815 116.951 115.769 112.862 110.95 96.8234
threshold=7.8263922073548722 2.2067740511318386 -0.25962049904085055 1.5415145183742962 6.6765211365917967 1.5671198004630646 6.8745952661962386 -0.035870797469251633 7.6373808508092571 -0.76496095472163017 -0.31248217156279456 0.017284053360037101 8.4921764472094434 -0.14282830981264405 6.9458984530531502 1.4917628740083473 6.7203860607268515 6.1233665642041295 -0.13190065722957342 4.5887140422593093 2.6102622818169956 -0.078378792481532941 7.1168387032966161 -0.12489803882170993 -0.10991279340077306 6.8745952661962386 4.8601466769752113 8.2590892188540597 -0.47112118276037468 8.3102505804131521
decision_type=2 2 2 2 2 2 2 2 2 2 2 2 2 2 2 2 2 2 2 2 2 2 2 2 2 2 2 2 2 2
left_child=3 21 9 14 10 6 -6 20 -9 -3 28 -12 23 29 15 16 17 -1 19 -17 -7 27 -8 -4 -25 -18 -20 -2 -5 -14
right_child=1 2 12 4 5 7 22 8 -10 -11 11 -13 13 -15 -16 18 25 -19 26 -21 -22 -23 -24 24 -26 -27 -28 -29 -30 -31
leaf_value=-8.5408800459932637e-05 0.0046559762601573644 -0.026697047501080387 0.022949661364848609 -0.011229361866244075 0.026392065989909005 -0.029880046204991587 -0.1105339186826156 0.016602835055838604 -0.13737713814307648 0.033683620864987773 -0.067582888613472822 -0.0048937748911167048 -0.0047236030744152169 -0.055408481908937102 -0.035655832974341349 0.01111603923174851 -0.041777883258804986 0.0083973222209874007 -0.096499730477779544 0.2205485408433463 0.11949893478392409 0.041148830025637601 -0.01856926154366376 -0.027551481902183657 0.024617111021513052 -0.0020201474960348498 0.022570576231370099 0.036029556733123212 0.104677567927732 -0.023688151601710557
leaf_weight=600927.9260139009 678.12690586317331 184.79524581599981 499.18540295958519 108.57223519682884 604.5283495048061 652.81477316701785 518.11352208256721 2378.5691663399339 33.920061893761158 879.14170358795673 665.26457927376032 166.43212376534939 1608.8663939833641 350.60426937043667 305.73793645203114 22.752851258963346 929.35343221295625 12200.852618991397 20.838841289281845 24.938808578066528 16.279825478792191 1360.4618156962097 41.535456346347928 506.5122271925211 294.69946020841599 230.93273204751313 1000.9871727973223 496.55978038534522 25.494690269231796 1157.0600360482931
leaf_count=9892208 15270 12931 3251 11512 6122 27035 2672 40625 151 4166 2880 994 6708 1475 5426 483 14768 374286 93 532 304 37691 1346 4514 6281 3777 15291 10068 154 5690
internal_value=1.6155e-05 0.00649072 -0.00456131 -6.74369e-05 -0.0132669 -0.0058447 -0.0361505 0.0056044 0.0144378 0.0231961 -0.0458968 -0.0550381 -0.0112474 -0.0174664 4.42948e-05 6.20322e-05 1.92695e-05 8.33919e-05 0.0246233 0.120632 -0.0262455 0.0303846 -0.103709 0.00365705 -0.00836297 -0.0338649 0.0201423 0.0179181 0.010812 -0.012657
internal_weight=628892 8016.01 5480.86 620876 5211.52 4245.76 1164.18 3081.58 2412.49 1063.94 965.764 831.697 4416.93 3116.53 615664 615359 614289 613129 1069.52 47.6917 669.095 2535.15 559.649 1300.4 801.212 1160.29 1021.83 1174.69 134.067 2765.93
internal_count=10508704 108045 45016 10400659 93795 78255 10140 68115 40776 17097 15540 3874 27919 13873 10306864 10301438 10285039 10266494 16399 1015 27339 63029 4018 14046 10795 18545 15384 25338 11666 12398
is_linear=0
shrinkage=0.05


Tree=163
num_leaves=31
num_cat=0
split_feature=1 0 0 1 3 1 2 0 2 3 1 0 3 0 0 3 1 3 1 1 3 0 3 2 3 2 3 1 1 3
split_gain=133.013 1169.85 2734.56 1258.21 933.829 1760.15 2149.25 1550.34 1210.49 4448.89 1790.42 1115.02 1242.83 1153.59 708.593 646.589 633.781 630.747 614.294 1103.77 1280.45 987.583 548.951 521.344 514.606 511.011 472.521 496.929 455.381 426.101
threshold=0.50269308430617887 0.38791169941480741 0.29782897834397226 0.33938263920338946 3.3451253647445198 0.5492684618122724 2.2568774574635353 0.46191105566476592 3.0874994321116218 3.7249592873765365 0.53973201220400224 0.60255211543935061 4.3491450911238507 1.0535071086109544 0.97756862182892712 1.4988586521947267 0.51420197116761013 4.3842336583856074 0.55221417419873864 0.59167337229920991 3.2079283781042389 0.15276056255599116 1.2829990237933924 1.1907534103532191 3.794575831283209 2.9519396644261002 3.9759333925799014 0.47908853962369963 0.65557905798065585 4.0710427759684444
decision_type=2 2 2 2 2 2 2 2 2 2 2 2 2 2 2 2 2 2 2 2 2 2 2 2 2 2 2 2 2 2
left_child=1 2 22 24 5 6 15 8 9 10 -6 12 28 14 -13 -2 -15 -14 -7 20 -20 -21 -1 -24 -4 -8 27 -5 -9 -28
right_child=4 -3 3 26 7 18 25 11 -10 -11 -12 13 17 16 -16 -17 -18 -19 19 21 -22 -23 23 -25 -26 -27 29 -29 -30 -31
leaf_value=0.040513594895440756 0.10457222023583418 5.7147590195280276e-05 -0.03903142867339307 -0.12028405449824897 -0.11204992681137145 0.042517103743658559 -0.17445701639351305 -0.042919895894226484 0.035514794908324453 -0.11305714356535118 0.027802144262281427 -0.0024583358416276064 -0.63653541054250318 0.0061164034828565805 0.037865047336584017 -0.027476588370818775 -0.055361371214534508 -0.13261409179551115 -0.023092168977046079 0.0044681430400267345 -0.18489632246781951 -0.021932129268913123 -0.1303234055128385 -0.0032156040235314302 0.046237099637664647 -0.055217814954010347 0.028226395805653105 -0.06062122508280493 0.17884439115154147 -0.074160316406487209
leaf_weight=752.97402681224048 112.69025075435638 561717.85560163343 454.39030940458179 869.04759603738785 240.39941792376339 813.13915953785181 357.22420944273472 1466.5206424314529 7024.7580999601632 705.19479220919311 4764.6247280947864 2331.5265365671366 12.992752563208342 685.17974556237459 2045.1656098496169 522.70929583162069 1080.0219410732388 11.894447594881058 3050.0327817313373 29214.176597131416 127.37739566713572 4031.2014282047749 82.049028113484383 4804.7181783672422 289.79312662035227 120.04877263307571 159.00455667078495 583.21375564858317 23.520239420235157 281.55034185945988
leaf_count=39557 519 9443840 7339 4299 1489 19669 2459 15418 225660 3410 101288 30945 308 3878 46007 3997 5420 278 27955 438116 2572 27918 399 47247 1394 574 689 4637 228 1195
internal_value=1.56492e-05 -0.000217813 -0.0188786 -0.0609085 0.00228108 -0.00231607 -0.0642841 0.0109264 0.0216165 0.0045187 0.0210848 -0.00685352 -0.0452722 0.00262264 0.0163842 -0.00405729 -0.0314982 -0.395694 -0.00046436 -0.00142392 -0.0295786 0.00126695 0.000773565 -0.00534975 -0.00582694 -0.144465 -0.0825645 -0.0963241 -0.0394194 -0.037207
internal_weight=628735 569995 8276.74 2637 58740.4 38348.6 1112.67 20391.8 12735 5710.22 5005.02 7656.82 1514.93 6141.89 4376.69 635.4 1765.2 24.8872 37235.9 36422.8 3177.41 33245.4 5639.74 4886.77 744.183 477.273 1892.82 1452.26 1490.04 440.555
internal_count=10508704 9550596 106756 19553 958108 523779 7549 434329 331847 106187 102777 102482 16232 86250 76952 4516 9298 586 516230 496561 30527 466034 87203 47646 8733 3033 10820 8936 15646 1884
is_linear=0
shrinkage=0.05


Tree=164
num_leaves=31
num_cat=0
split_feature=1 1 3 2 3 3 0 3 1 1 0 1 1 1 0 0 0 1 3 3 3 2 2 3 2 1 2 3 2 3
split_gain=131.008 549.827 1477 1196.52 1714.96 596.513 559.205 2378.71 1285.14 973.186 970.037 2177.96 887.585 804.926 728.5 589.678 701.755 581.4 497.858 457.803 333.867 332.683 298.281 405.335 712.204 437.394 422.169 496.017 375.088 860.965
threshold=0.65557905798065585 0.62232822779575792 3.8319866170719474 2.2568774574635353 2.9202237833458864 1.4988586521947267 0.086608706665670512 2.7736145078981358 0.44709083024419011 0.54459740642940502 0.29094001348543164 0.41597567765674004 0.55221417419873864 0.50269308430617887 0.33094964965225626 -0.12584944700725806 -0.13461282072082545 0.60732956117938708 3.9759333925799014 3.1947988245393573 3.6662111318803876 2.0502117385089442 1.5447018760744757 2.8820108527573445 2.2964851596084146 0.69028085948440954 1.9397217297720586 2.5820613653663513 1.3710665965557243 1.7867589845313252
decision_type=2 2 2 2 2 2 2 2 2 2 2 2 2 2 2 2 2 2 2 2 2 2 2 2 2 2 2 2 2 2
left_child=1 6 3 4 5 -3 7 15 -9 10 11 -8 19 -12 -14 16 -1 -10 -4 -11 -5 -17 28 26 -25 -26 27 -24 -2 -30
right_child=22 2 18 20 -6 -7 9 8 17 12 13 -13 14 -15 -16 21 -18 -19 -20 -21 -22 -23 23 24 25 -27 -28 -29 29 -31
leaf_value=-0.0030173884870260742 -0.0041798773401363004 -0.030532703804291794 -0.053768166593402979 0.042057775361123081 -0.071640502916353072 0.024370710991960309 0.0033130760203623046 0.020564602622149156 -0.066710110248112228 -0.075762245449813664 -0.00021757526828927832 -0.0739314796007189 0.014422965459224371 0.015104316532122051 -0.015808135146096646 0.0026037849043718119 -0.091188027143688552 0.000842115041113219 0.019324407748474562 0.040519642087281788 0.11726093343357508 0.029794453173720488 -0.015088010915024147 0.047334031443365621 -0.028034518450266485 0.0093281679982157115 -0.037569772657007672 0.04953940038750345 0.04011894523784721 -0.01480964389851927
leaf_weight=1093.9055364504457 7479.1843491271138 572.12802669405937 1003.4494466483593 2738.328164793551 627.44598494470119 3656.608991204761 2499.3517462816089 626.89145121723413 2563.9327403455973 87.13330240175128 564451.59634592268 1437.32933684811 7588.8727069217712 8703.9589909072965 2702.4335281178355 2254.2642327155918 284.3287201076746 363.702462233603 303.41221000254154 2962.3528625983745 155.99204766750336 2245.5297482004389 2872.677375741303 698.98365730792284 1496.0410621836782 1644.2152886986732 2025.9982190951705 331.11638038605452 1690.4761389940977 1234.2570860348642
leaf_count=32633 40962 3236 9714 43063 2669 166102 30137 4326 11351 658 9463725 15912 140084 215060 34807 50284 1185 3235 1677 95424 901 54523 27457 17028 7790 7163 10429 4722 7052 5395
internal_value=1.6411e-05 0.000145514 0.0123727 0.0206638 0.00549712 0.0169425 -3.91044e-05 -0.0121172 -0.044406 0.000153851 -0.000154788 -0.0248898 0.0135049 1.51035e-05 0.00648446 0.00740824 -0.0212069 -0.058318 -0.0367984 0.0371971 0.0461109 0.0161727 -0.00402067 -0.0106487 0.00168847 -0.00847169 -0.0197056 -0.00840868 0.00175695 0.0169387
internal_weight=628396 608923 9057.36 7750.5 4856.18 4228.74 599866 9432.55 3554.53 590433 577092 3936.68 13340.8 573156 10291.3 5878.03 1378.23 2927.64 1306.86 3049.49 2894.32 4499.79 19472.9 9069.03 3839.24 3140.26 5229.79 3203.79 10403.9 2924.73
internal_count=10508704 10380706 227362 215971 172007 169338 10153344 157537 18912 9995807 9724834 46049 270973 9678785 174891 138625 33818 14586 11391 96082 43964 104807 127998 74589 31981 14953 42608 32179 53409 12447
is_linear=0
shrinkage=0.05


Tree=165
num_leaves=31
num_cat=0
split_feature=2 1 1 0 2 0 1 1 2 1 1 3 1 0 3 2 0 1 2 0 1 0 1 1 3 1 2 0 3 2
split_gain=132.913 398.962 569.593 381.86 336.797 477.328 459.452 379.165 339.144 316.263 363.265 358.98 1186.67 249.642 404.576 1301.28 1548.28 950.613 1752.18 1079.17 651.12 260.453 895.738 889.725 1337.31 1113.87 732.366 537.706 247.45 242.528
threshold=1.7376526579221052 0.61605978232732939 0.64849074711543175 -0.036988519151232406 1.5447018760744757 0.27512027950812123 0.77090001566801269 0.65557905798065585 1.3710665965557243 0.67614333405659321 0.50973362990578741 2.5820613653663513 0.6437191950917095 0.84775196362271432 4.2344267448117714 3.55306124491486 0.50256276161109548 0.49297196920644654 3.8073264635815938 0.73397330146915241 -0.24833549022438586 0.99613603573865839 0.043078627971054807 0.40960982673467899 5.2775765874667835 0.39795531170458065 3.5905948457323098 0.98869550592460032 2.5078010497536973 1.3710665965557243
decision_type=2 2 2 2 2 2 2 2 2 2 2 2 2 2 2 2 2 2 2 2 2 2 2 2 2 2 2 2 2 2
left_child=1 29 -3 9 7 6 -6 -4 -9 10 28 -12 -13 14 15 20 -17 19 -19 -16 -5 22 26 25 -25 -23 -15 -24 -2 -1
right_child=3 2 4 13 5 -7 -8 8 -10 -11 11 12 -14 21 17 16 -18 18 -20 -21 -22 23 27 24 -26 -27 -28 -29 -30 -31
leaf_value=0.02599422034809027 -0.054591804834627916 -0.039434164973079229 0.082457589815297008 0.013707875013124697 -0.035235336872542787 0.064645982650282166 0.062837312134442061 -0.0039729552859196051 0.016123605583287955 -0.052685660151750649 0.027594302491325273 -0.12907754985496983 0.024063876332231754 0.011369140831203122 0.021879096686317847 0.0052468859940128267 -0.040203182373318713 0.019966638666374877 -0.064463150122354304 -0.0096529408984572049 -0.0016061754883884309 -0.00060002176577354056 -0.00026419401956354359 0.028029920466421662 -0.031069613906260757 0.032058164254777928 -0.034389037868816565 0.018365302605926472 0.0084735122788464467 0.0058704921812486851
leaf_weight=1627.2735527809709 280.18231479078531 1025.59457911551 147.2985771894455 7135.8673722203821 1579.9463479593396 151.97256255149841 129.18660957366228 7475.3854862488806 2919.1111857332289 174.24886263534427 3552.4988596392795 164.47609112784266 547.8404912725091 28680.622450754046 8766.0276886299253 3134.6317331790924 4658.5090309623629 1240.6841170229018 1217.566195782274 3929.9931266289204 254146.75563076884 138632.61110639526 123776.64732996374 1189.8981556519866 4894.6643719561398 2661.0161008089781 901.94069281802513 3998.4350003376603 349.64593558758497 18733.854334272444
leaf_count=58062 1411 5496 598 283510 17370 634 865 40962 12447 1050 194664 2207 17303 2109219 145215 35797 104581 25047 5747 34647 3032137 2364475 1177681 21551 24768 63363 42323 35625 2208 647741
internal_value=1.62338e-05 0.00306658 -0.0036235 -0.000157275 -0.000662319 -0.0202717 -0.0278224 0.00279963 0.00167081 0.0135076 0.015864 0.0210986 -0.011297 -0.00027488 -0.00134076 -0.00178844 -0.0219218 0.0066081 -0.0218513 0.0121185 -0.00118793 0.000719281 0.00213392 -0.000791147 -0.0195121 1.50375e-05 0.00997402 0.000318774 -0.0195814 0.00747879
internal_weight=627824 33789.6 13428.5 594035 12402.9 1861.11 1709.13 10541.8 10394.5 5068.89 4894.64 4264.82 712.317 588966 284230 269076 7793.14 15154.3 2458.25 12696 261283 304736 157358 147378 6084.56 141294 29582.6 127775 629.828 20361.1
internal_count=10508704 784175 78372 9724529 72876 18869 18235 54007 53409 218843 217793 214174 19510 9505686 3666681 3456025 140378 210656 30794 179862 3315647 5839005 3364848 2474157 46319 2427838 2151542 1213306 3619 705803
is_linear=0
shrinkage=0.05


Tree=166
num_leaves=31
num_cat=0
split_feature=1 2 1 1 1 1 0 0 3 2 1 3 3 0 2 1 2 0 2 3 0 0 0 2 2 2 2 0 2 2
split_gain=129.355 670.273 620.82 205.379 617.049 864.626 285.83 277.208 205.059 1483.64 880.961 955.295 568.618 199.944 503.526 169.034 77.2313 72.5544 49.1752 29.9324 27.5539 43.2532 16.6555 15.4833 14.748 8.24134 6.68888 6.31652 5.92631 10.7242
threshold=-0.34304814104621323 3.4437761330069674 -0.34753574593034542 -0.3327390262831656 -0.33035528887943305 -0.31248217156279456 1.0774002105738207 1.1217607961392175 3.7114218561852899 3.9283951557037553 -0.38870387222135355 3.5778409799554582 3.7772219975316736 2.3373608547585905 7.8263922073548722 -0.17693118285827797 3.4841929324469612 1.059537531172295 7.8935887178473578 3.4107891595359914 2.1085648409144384 2.4781188074031557 1.0877026344952994 8.0853913410823299 5.9747339211199835 4.5618715742274718 4.6255220187935064 2.7421961862478588 4.9829167156969527 5.0136407960728784
decision_type=2 2 2 2 2 2 2 2 2 2 2 2 2 2 2 2 2 2 2 2 2 2 2 2 2 2 2 2 2 2
left_child=1 -1 8 7 16 6 17 22 10 -10 -3 -12 -11 14 -7 -15 -5 -6 -8 -4 -9 24 28 -21 -22 -18 -27 -23 -2 -30
right_child=3 2 19 4 5 13 18 20 9 12 11 -13 -14 15 -16 -17 25 -19 -20 23 21 27 -24 -25 -26 26 -28 -29 29 -31
leaf_value=0.023110797924100073 -0.044926850895328579 0.049503622445525641 -0.074331531629483832 0.022648968907057518 -0.028008894916887392 -6.22394484673348e-05 -0.0041089551339636267 -0.0053310488189125512 -0.078730162571662224 0.034375419882097309 0.0029912323743467788 -0.083980919810960689 -0.0072002102875367933 -0.0034875910655039789 0.017441760173337224 -0.028287580924476433 -0.053009098072445408 -0.049515367003814634 0.041508121880753715 -0.050189621972044698 0.10078292559766483 -0.086303739048653794 -0.067346861010479805 0.010369214762539908 0.03374379561206952 0.04424491555584651 -0.027419056246780635 -0.014906355474595293 0.12433710238437863 -0.027341409136145828
leaf_weight=3722.5348420096561 94.330624911002815 1004.0007735788822 171.88456158339977 3218.8092558663338 638.63276703841984 575376.26092735492 124.72732496261597 13356.802350319922 637.20493550226092 1082.0885969996452 14872.455509118736 322.57885419949889 3426.8263743575662 1769.9815586358309 4138.0849852710962 1123.0359952151775 33.794783027842641 1016.1350153386593 112.24493362009525 267.79961305763572 14.726273879408835 5.3597225099801999 158.92215151712298 10.987848445773123 18.522532567381859 4.1403497457504299 15.245101962238548 7.340368777513504 1.4269655272364605 6.3562347255647182
leaf_count=250271 3793 4690 773 251734 17026 9284437 539 201369 2844 4634 232121 1322 120030 8262 73847 4770 730 19912 500 23245 59 22 715 44 97 96 351 30 86 355
internal_value=1.59884e-05 0.00350265 0.000153747 -0.000131997 8.92621e-06 -0.000112325 -0.0338604 -0.00619197 0.00137991 -0.007315 0.00414211 0.00114488 0.00277747 -2.70697e-06 6.27498e-05 -0.0131147 0.0216616 -0.0412153 0.0174982 -0.0579208 -0.00519808 0.0334545 -0.057223 -0.0478028 0.0634362 -0.0381015 -0.012113 -0.0450376 -0.0414669 0.000467204
internal_weight=626753 25518.4 21795.8 601235 587571 584299 1891.74 13663.8 21345.2 5146.12 16199 15195 4508.91 582407 579514 2893.02 3271.99 1654.77 236.972 450.672 13402.8 45.9489 261.036 278.787 33.2488 53.1802 19.3855 12.7001 102.114 7.7832
internal_count=10508704 639974 389703 9868730 9662204 9409293 37977 206526 365641 127508 238133 233443 124664 9371316 9358284 13032 252911 36938 1039 24062 201577 208 4949 23289 156 1177 447 52 4234 441
is_linear=0
shrinkage=0.05


Tree=167
num_leaves=31
num_cat=0
split_feature=2 3 0 0 3 0 3 3 2 1 2 3 1 2 3 1 1 1 0 0 3 0 2 1 2 2 2 1 0 1
split_gain=126.313 516.938 544.448 496.235 659.527 960.967 1843.24 917.533 1956.36 1781.76 847.593 817.026 1115.18 788.022 708.678 669.926 1061.67 636.595 440.722 488.401 439.86 389.538 344.362 333.933 324.181 289.477 536.465 356.748 235.359 836.09
threshold=2.1918732566761614 1.6649536825965745 -0.29435794004766241 0.84775196362271432 3.7639816727791913 0.442966886987886 4.0710427759684444 3.7249592873765365 2.9710530232464172 0.49297196920644654 3.2490814745305499 3.652672650373507 0.52254278872949078 3.8073264635815938 3.4107891595359914 0.47360563087140678 0.33938263920338946 0.55070982567456095 -0.13461282072082545 -0.1108502728836893 2.886984047952986 -0.29435794004766241 1.1907534103532191 0.77090001566801269 1.2845315348386654 2.121401050456162 1.9591535062539875 0.65557905798065585 0.99613603573865839 0.043078627971054807
decision_type=2 2 2 2 2 2 2 2 2 2 2 2 2 2 2 2 2 2 2 2 2 2 2 2 2 2 2 2 2 2
left_child=1 2 -1 4 7 15 10 11 -9 -10 -7 14 -13 -8 -2 16 -6 -17 22 -20 21 24 -4 -21 -3 26 -23 -27 29 -5
right_child=3 20 18 28 5 6 13 8 9 -11 -12 12 -14 -15 -16 17 -18 -19 19 23 -22 25 -24 -25 -26 27 -28 -29 -30 -31
leaf_value=0.031037878182228831 -0.0036642295196727378 0.060847677051308668 -0.030649751159004118 0.0096201438906021244 0.02697356901188272 0.063580755417302889 0.024938863984922684 -0.11387925652274695 -0.087232516535108537 0.032615729066137668 -0.043369227857995719 -0.036409551898844587 0.042679927561550805 -0.0010142500160856618 -0.018594108160339417 0.03113960350701403 -0.048804281354219242 -0.073833478056576821 0.05353393793696623 -0.00085122166790220955 0.046930900761032533 0.0046861945066399057 0.025201076494701765 -0.029308405199288901 -0.052146515985922362 0.022469208217660516 -0.011927672911211894 -0.054530525964375826 -0.00077969790528706578 0.00019876728925515304
leaf_weight=1313.1194187104702 85941.187468117103 72.900088876485825 1996.6310270279646 29249.286539512221 1048.6756521239877 197.4823559038341 3741.8734603114426 601.90458465367556 459.00423745438457 956.06055755913258 2991.5594010856003 583.01788394898176 1892.4516766220331 13394.869218783453 8758.3701840555295 5258.5436974987388 826.50441357493401 148.50540461018682 410.4785970505327 118074.36297743022 597.3961251154542 69729.643879206851 320.26073364913464 1039.976158156991 491.07111907377839 3105.7937278989702 5222.8673527557403 158.08271153643727 147032.30186561448 120822.67437176034
leaf_count=39912 1925332 323 9796 2151542 5481 1150 72111 2457 3019 30386 28001 4480 61774 170508 242553 156708 3696 2515 2996 691587 16540 1074026 1453 4593 2233 43685 99767 741 2474060 1185279
internal_value=1.52177e-05 0.00104239 -0.000985604 -0.000475542 -0.00309417 0.00374097 -0.00184265 -0.00499659 -0.0383754 -0.00625942 -0.0367463 -0.00430378 0.0240529 0.00465271 -0.00504503 0.0193257 -0.00642628 0.0282565 -0.00133073 -0.000912053 0.00418882 0.0038647 -0.0229296 -0.00109968 -0.0375407 0.00416325 0.0035285 0.0187398 0.000642055 0.00203501
internal_weight=626437 202533 123155 423904 126800 27608 20325.8 99192 2016.97 1415.06 3189.04 97175 2475.47 17136.7 94699.6 7282.23 1875.18 5407.05 121842 119525 79377.8 78780.4 2316.89 119114 563.971 78216.4 74952.5 3263.88 297104 150072
internal_count=10508704 1987652 750337 8521052 2710171 440170 271770 2270001 35862 33405 29151 2234139 66254 242619 2167885 168400 9177 159223 710425 699176 1237315 1220775 11249 696180 2556 1218219 1173793 44426 5810881 3336821
is_linear=0
shrinkage=0.05


Tree=168
num_leaves=31
num_cat=0
split_feature=3 2 1 3 2 2 3 1 2 3 2 0 3 2 3 0 3 0 1 2 0 2 0 2 3 2 0 0 0 0
split_gain=129.936 1298.43 766.934 1084.71 556.033 510.929 472.154 470.654 729.338 494.566 442.392 410.358 376.075 1002.27 727.816 1080.94 454.473 357.447 350.944 505.819 334.708 332.975 327.456 302.326 290.449 514.718 512.182 497.015 326.118 290.234
threshold=5.5624806248407035 4.8601466769752113 0.35815495563763139 5.6392313342877074 5.0250407876392549 5.097305268989758 5.6987316728617001 0.38752962573626226 5.0136407960728784 5.5344402635264043 4.9112368614918331 1.5671198004630646 5.4276012788821086 4.7175654691367521 5.3927962824008544 0.99613603573865839 4.5977583100185493 0.95392475405677601 -0.34753574593034542 5.1779434508778293 1.0056282217704664 5.0136407960728784 1.1049979010730218 4.9829167156969527 5.6167883586876535 4.9372592344747188 1.0130834834924871 1.0275931358599182 1.0480801346188839 0.92911064267174137
decision_type=2 2 2 2 2 2 2 2 2 2 2 2 2 2 2 2 2 2 2 2 2 2 2 2 2 2 2 2 2 2
left_child=1 11 3 4 -2 21 29 8 9 -3 -9 12 14 -14 16 -16 -1 -8 19 -10 -15 -5 -12 -11 25 -4 -27 -28 -26 -7
right_child=2 7 24 5 -6 6 17 10 18 23 22 -13 13 20 15 -17 -18 -19 -20 -21 -22 -23 -24 -25 28 26 27 -29 -30 -31
leaf_value=-0.00011387955567110808 0.023726944771428341 -0.012119022275697583 0.041260656028061803 -0.11970197432543116 -0.054499863297173691 -0.12891707553667317 0.033672369591671684 -0.04211267752990526 0.1275547705903346 0.020822160852837238 -0.080949409857719826 -0.070377177150254364 0.044623256975616671 -0.012520765445814902 0.013150039498869068 -0.038399577830400648 0.0073634012765547222 0.00093081692812105321 -0.042096785390800827 -0.026803367487095331 0.012892103373219433 0.044837070526632342 0.014396303728841861 -0.033349961234136881 0.035918336318045675 0.015553738737614174 -0.099239907424658491 -0.011780974361386915 0.0022706679992010362 -0.020992287096199238
leaf_weight=511466.48445674405 275.23826859891415 4938.2777699669823 930.72968816757202 31.897375702857971 1300.4057611781172 64.694938406348228 846.4579622070305 2543.3814278393984 76.784911933820695 2317.0697660073638 104.35164507105947 206.24192513898015 1736.3971882499754 2482.6641617789865 1575.0250814706087 2869.9198909550905 21162.546095062979 54838.407404977363 2014.6510512046516 171.86689132801257 2710.0158800035715 853.17720463126898 657.11718360334635 289.75926485657692 2673.0925650969148 2143.9520124420524 184.07447340339422 1382.3308947831392 985.64931703172624 1678.4734847326763
leaf_count=8699397 2579 38373 15995 193 8867 319 7247 12039 2211 21281 467 1081 51767 22384 14702 11869 407420 977134 13115 19077 32627 12494 3778 3694 44969 32327 1776 17447 13460 18615
internal_value=1.50969e-05 -0.000236972 0.00207532 0.000101286 -0.040835 0.0012074 0.000626375 -0.0157842 -0.0102857 -0.00281827 -0.032103 0.000137654 0.000164388 0.0117385 1.50644e-05 -0.0201334 0.00018321 0.00142852 -0.0351799 0.0208632 0.000741996 0.0389072 0.00133013 0.0148007 0.0163193 0.00801456 -0.000325109 -0.0220586 0.0268538 -0.0249977
internal_weight=625511 557323 68188.6 59888.8 1575.64 58313.1 57428 13113.3 9808.41 7545.11 3304.85 544209 544003 6929.08 537074 4444.94 532629 55684.9 2263.3 248.652 5192.68 885.075 761.469 2606.83 8299.83 4641.09 3710.36 1566.41 3658.74 1743.17
internal_count=10508704 9355282 1153422 1027448 11446 1016002 1003315 114035 97751 63348 16284 9241247 9240166 106778 9133388 26571 9106817 984381 34403 21288 55011 12687 4245 24975 125974 67545 51550 19223 58429 18934
is_linear=0
shrinkage=0.05


Tree=169
num_leaves=31
num_cat=0
split_feature=1 1 2 1 0 3 2 1 0 0 0 2 3 0 2 3 3 3 2 3 1 3 3 3 2 0 1 2 3 2
split_gain=124.175 166.752 580.362 601.324 356.988 778.686 245.158 184.975 806.767 977.764 1146.54 596.404 583.216 1705.74 849.793 781.513 487.346 425.046 341.118 301.197 162.583 124.599 92.0416 91.9154 29.1652 14.0172 63.8162 13.592 13.0461 24.6247
threshold=-0.5151551456145852 -0.34304814104621323 3.4437761330069674 -0.35521173176235915 1.3409395388167957 3.7772219975316736 5.1493983947908895 0.078424753846921769 0.52405133898603407 0.72219012029731366 0.72228569132355769 3.4841929324469612 6.8745952661962386 1.5671198004630646 5.8028513984867311 6.0530683897285424 7.2547221801212514 4.0710427759684444 4.4357122514162617 3.4451054898711253 0.20856132010887515 3.9087007104622415 8.0333519505345929 5.1431998863235968 3.4841929324469612 2.7421961862478588 -0.61675189075187198 6.8927866192349851 6.8203822273901951 5.7330338322751588
decision_type=2 2 2 2 2 2 2 2 2 2 2 2 2 2 2 2 2 2 2 2 2 2 2 2 2 2 2 2 2 2
left_child=22 2 -2 4 5 -4 24 8 11 18 -11 19 14 27 15 -9 -15 -13 -10 -3 -16 -6 25 -8 -5 28 -27 -14 29 -1
right_child=1 7 3 6 21 -7 23 12 9 10 -12 17 13 16 20 -17 -18 -19 -20 -21 -22 -23 -24 -25 -26 26 -28 -29 -30 -31
leaf_value=-0.047148865370274864 0.022491401357943381 -0.011975771044061842 0.003532075487009935 -0.0713069345939953 0.04517180592551541 -0.036946941496929772 0.073947072991608589 0.00044280167148274022 0.028087855885052811 -0.050952487189492968 -0.001227569275698973 0.054786073883221112 -0.14286296025195208 0.019551625267885689 0.0080431035008281786 -0.016494135099083346 -0.11098009570599664 -0.15045495531189404 -0.076209989630635189 -0.046754048922264563 0.019411958319609623 0.014169749564490859 0.0029400887811638701 -0.01497643268278866 -0.047237119330028984 -0.050388907800245797 0.076119231957993916 -0.099296258169843762 -0.042079559741075995 0.016347562869654803
leaf_weight=32.102928332518786 3643.1598139358684 959.13683530129492 17623.130254656076 166.37714886665344 575.92165866494179 1273.9548022258095 52.929973639547825 402681.67664296646 3295.2881395816803 1167.2949559213594 168475.53966718446 295.63937996327877 18.525454178452492 902.22881851345301 6779.3344401884824 6928.1144649833441 77.661572463810444 27.579205349087715 80.306479148566723 1774.0230524521321 5865.6015207450837 741.20515245664865 250.15984920039773 64.438297541812062 516.68741834815592 30.26244809711352 14.865283641964195 532.35398671030998 329.95248929550871 29.118877519387752
leaf_count=6212 250271 11305 244557 766 3883 42396 388 4528434 55745 77411 4656610 1663 82 12099 155925 55724 431 139 372 77582 232642 13940 2992 1143 25680 3955 173 2566 40868 2750
internal_value=1.50928e-05 3.84549e-05 0.00406823 0.000874338 0.00255739 0.000803166 -0.0416296 -0.000127193 -0.00148935 -0.00103951 -0.00156972 -0.026954 0.000438756 -0.0303679 0.000550437 0.000156331 0.00920629 0.0372735 0.0256066 -0.0345494 0.0133168 0.0277256 -0.0212389 0.0251257 -0.0530999 -0.0351023 -0.00871654 -0.100761 -0.0381463 -0.0169481
internal_weight=625205 624518 24657.8 21014.6 20214.2 18897.1 800.433 599860 176075 173018 169643 3056.38 423785 1530.77 422255 409610 979.89 323.219 3375.59 2733.16 12644.9 1317.13 686.462 117.368 683.065 436.302 45.1277 550.879 391.174 61.2218
internal_count=10508704 10451754 583024 332753 304776 286953 27977 9868730 4880827 4790138 4734021 90689 4987903 15178 4972725 4584158 12530 1802 56117 88887 388567 17823 56950 1531 26446 53958 4128 2648 49830 8962
is_linear=0
shrinkage=0.05


Tree=170
num_leaves=31
num_cat=0
split_feature=2 0 1 0 1 0 0 1 2 0 2 0 1 3 0 3 2 3 1 1 3 1 1 1 2 0 2 3 1 1
split_gain=120.626 758.424 364.152 316.101 189.415 158.084 1494.23 869.261 713.828 712.905 482.46 411.475 1199.15 403.576 1766.32 441.925 307.335 140.655 140.3 135.995 133.717 132.263 295.544 398.238 121.923 110.238 105.332 104.49 425.784 123.592
threshold=7.8263922073548722 2.2067740511318386 -0.25962049904085055 1.9234825191119804 -0.76496095472163017 1.1752492834636312 1.181305133447065 0.12044314983567575 5.7330338322751588 1.1230114192572203 3.899404758561603 1.1363723124172573 0.29469259081224436 5.879639423924421 1.1111506969437031 5.8399949086104135 5.7631378302477874 7.8987502907300291 0.39235273429018658 -0.078378792481532941 6.0763543467853927 -0.338784733173979 -0.50183990405672374 -0.43279454579636589 7.5094710127289455 2.010777875261029 8.2590892188540597 8.3102505804131521 -0.17693118285827797 -0.19573877347933266
decision_type=2 2 2 2 2 2 2 2 2 2 2 2 2 2 2 2 2 2 2 2 2 2 2 2 2 2 2 2 2 2
left_child=3 19 4 5 -3 9 8 10 20 13 -8 18 -13 15 -15 -1 -9 -4 -11 26 -7 22 -5 -24 -23 -26 -2 28 -19 -29
right_child=1 2 17 21 -6 6 7 16 -10 11 -12 12 -14 14 -16 -17 -18 27 -20 -21 -22 24 23 -25 25 -27 -28 29 -30 -31
leaf_value=-0.00012402216842265448 0.0039589434250069441 -0.025305653009895204 0.031339759614494984 -0.025261756827574984 0.031579459172622545 -0.02762822211854123 0.00133859096707392 -0.0087018717560916874 -0.087209215245391603 0.022299604925781313 -0.014718925137463779 0.0092309808250538358 -0.04422117590106376 -0.035413885953637467 0.024863540291069113 0.020611113659754023 0.011001153247437601 0.039031479832727915 -0.043632868503883496 0.040459013437570558 0.049102167512369344 -0.07001522165769096 0.62225562664220913 0.074085452401517302 0.0034274598766837654 -0.10363935656444226 0.034633632224375939 -0.016347625519679082 -0.015133450612422696 -0.054948784019756725
leaf_weight=551407.09378597676 667.84923535212874 175.49627536348999 191.41385702043772 156.23622685624287 880.77110650762916 1435.7926472928375 8177.6617087572813 2326.1858258843422 654.42735936213285 5275.3550359942019 10930.161022309214 13620.668016714044 1136.8341522701085 3404.7322889491916 1889.9938897080719 2581.6836769329384 13267.910215560347 422.13172298669815 81.939561605453491 1290.8538743779063 59.117546454071999 282.96084651723504 3.9176368042826679 21.475789785385132 134.09561075270176 29.293423157185316 481.72465929016471 921.44416779279709 2582.3233211971819 267.57690684497356
leaf_count=9086719 15270 12931 4260 19129 4166 8563 41140 14700 3191 305093 136584 277266 18267 15056 27704 38129 403724 1741 512 37691 331 1358 61 121 2825 186 10068 4590 16028 1300
internal_value=1.43493e-05 0.00616083 -0.00422656 -6.41817e-05 0.0221281 -2.80509e-05 -0.00320345 -0.000697758 -0.0436589 0.000173913 -0.00784672 0.00942207 0.00511333 -0.0001587 -0.0138974 -2.73928e-05 0.00806203 -0.0105751 0.0212912 0.0293205 -0.0245939 -0.0355201 0.000451543 0.158656 -0.0501578 -0.0157682 0.0168131 -0.0124883 -0.00752317 -0.0250344
internal_weight=624759 7881.59 5441.16 616878 1056.27 616250 36851.3 34701.9 2149.34 579398 19107.8 20114.8 14757.5 559284 5294.73 553989 15594.1 4384.89 5357.29 2440.43 1494.91 627.98 181.63 25.3934 446.35 163.389 1149.57 4193.48 3004.46 1189.02
internal_count=10508704 108045 45016 10400659 17097 10376979 608233 596148 12085 9768746 177724 601138 295533 9167608 42760 9124848 418424 27919 305605 63029 8894 23680 19311 182 4369 3011 25338 23659 17769 5890
is_linear=0
shrinkage=0.05


Tree=171
num_leaves=31
num_cat=0
split_feature=3 2 1 3 2 2 0 0 1 1 0 1 2 0 3 2 3 0 3 1 0 0 2 0 3 2 2 3 0 1
split_gain=122.828 1154.69 705.243 959.076 481.925 477.746 423.59 551.373 420.05 647.345 451.983 404.497 389.162 370.259 343.594 955.042 659.454 973.86 413.363 323.63 408.095 302.589 298.135 290.357 275.236 484.464 464.159 337.489 306.866 272.418
threshold=5.5624806248407035 4.8601466769752113 0.35815495563763139 5.6392313342877074 5.0136407960728784 5.097305268989758 0.9323631817480672 0.95392475405677601 0.38752962573626226 0.35151777469246026 1.0173126806855874 0.37851520143374123 4.9112368614918331 1.5671198004630646 5.4276012788821086 4.7175654691367521 5.3927962824008544 0.99613603573865839 4.5977583100185493 0.30319162137730488 1.1978845133089424 1.0056282217704664 5.0136407960728784 1.1049979010730218 5.6167883586876535 4.9372592344747188 4.9586306078131051 5.587941001131477 1.0480801346188839 0.18302979933995736
decision_type=2 2 2 2 2 2 2 2 2 2 2 2 2 2 2 2 2 2 2 2 2 2 2 2 2 2 2 2 2 2
left_child=1 13 3 4 -2 22 29 -8 9 19 11 -11 -10 14 16 -16 18 -18 -1 20 -3 -17 -5 -14 25 -4 27 -27 -26 -7
right_child=2 8 24 5 -6 6 7 -9 12 10 -12 -13 23 -15 15 21 17 -19 -20 -21 -22 -23 -24 -25 28 26 -28 -29 -30 -31
leaf_value=-0.00011615929031262504 0.023335520717909841 0.0031918530147265253 0.040676609685197984 -0.10748474782205175 -0.050168680547974909 -0.0037656967172305504 0.040032863124140283 0.00021338223817193833 -0.039455182470074845 0.0030985459978035913 0.026902316069036869 -0.023994744691211656 -0.075179107016406094 -0.067596913721262253 0.044203612394928191 -0.011803168600565218 0.012606187252827231 -0.036479371696527103 0.0070362056904741113 -0.064508742991974163 -0.03988433238243011 0.012365884690859003 0.044261266489375631 0.013794820482198891 0.035234798767804512 -0.073707002347742523 0.0058957498162765078 0.041694224218300935 0.0024590055123283354 -0.15864127459774399
leaf_weight=510999.50058953092 267.46337814629078 954.79216089122929 897.39366937801242 33.695758894085884 1341.2410568534397 48.50999397598207 883.02414161944762 56139.507763895672 2579.0336120724678 3620.4156185910106 1164.4642366021872 2223.8357414975762 106.70100199431181 201.76444236468524 1666.4083921257406 2504.7056730762124 1559.2559393793344 2871.1399806886911 21032.417159888893 546.47097656875849 1296.3412262625061 2681.3598899170756 821.58562652766705 652.01969692111015 2589.6477475687861 322.54269602149725 3309.3943408504128 78.840756565332413 986.05971391499043 68.466046243906021
leaf_count=8699397 2551 23701 15995 193 8895 204 7833 994924 12039 24831 14470 12582 467 1081 51767 22384 14702 11869 407420 2800 19367 32627 12494 3778 44969 3865 46620 1065 13460 354
internal_value=1.41536e-05 -0.000230555 0.00202367 0.000133896 -0.0379479 0.00119024 0.000635024 0.000830008 -0.0148742 -0.00965947 -0.00154316 -0.00721091 -0.030195 0.000123578 0.000148726 0.0112741 6.61736e-06 -0.019204 0.00016659 -0.0299929 -0.0216141 0.000692996 0.0382829 0.00128217 0.0157869 0.00770975 -0.000262772 -0.0510396 0.0261963 -0.0944143
internal_weight=624448 556661 67787.4 59603.5 1608.7 57994.8 57139.5 57022.5 13144.1 9806.32 7008.72 5844.25 3337.75 543517 543315 6852.47 536462 4430.4 532032 2797.6 2251.13 5186.07 855.281 758.721 8183.88 4608.17 3710.78 401.383 3575.71 116.976
internal_count=10508704 9355282 1153422 1027448 11446 1016002 1003315 1002757 114035 97751 51883 37413 16284 9241247 9240166 106778 9133388 26571 9106817 45868 43068 55011 12687 4245 125974 67545 51550 4930 58429 558
is_linear=0
shrinkage=0.05


Tree=172
num_leaves=31
num_cat=0
split_feature=1 0 0 1 3 1 2 0 2 3 1 0 0 3 0 1 1 3 0 2 3 3 3 1 3 1 3 0 1 2
split_gain=118.027 1052.11 2341 1067.05 813.209 1389.81 1587.14 1333.01 1007.49 3513.45 1421.15 920.911 909.604 737.067 667.05 551.777 942.664 946.257 859.548 546.106 532.401 486.006 514.91 543.445 523.898 379.695 346.009 344.505 341.567 339.242
threshold=0.50269308430617887 0.38791169941480741 0.29782897834397226 0.35815495563763139 3.3451253647445198 0.5492684618122724 2.1934731140388428 0.46191105566476592 3.0874994321116218 3.7249592873765365 0.53973201220400224 0.60255211543935061 1.0535071086109544 4.3491450911238507 0.97756862182892712 0.55221417419873864 0.59167337229920991 3.2079283781042389 0.15276056255599116 4.7848567824260186 1.4988586521947267 1.2829990237933924 2.5078010497536973 0.36586746745476684 3.0773993616858539 0.65557905798065585 3.3050759279381698 0.33692532184070467 0.51420197116761013 1.7376526579221052
decision_type=2 2 2 2 2 2 2 2 2 2 2 2 2 2 2 2 2 2 2 2 2 2 2 2 2 2 2 2 2 2
left_child=1 2 21 27 5 6 20 8 9 10 -6 13 14 25 -13 -7 17 -17 -18 -14 -2 -1 23 -23 -24 -9 -8 -4 -15 -3
right_child=4 29 3 -5 7 15 26 11 -10 -11 -12 12 19 28 -16 16 18 -19 -20 -21 -22 22 24 -25 -26 -27 -28 -29 -30 -31
leaf_value=0.039464170431717648 0.095438181139069614 0.0069856754449975772 0.033301150978376028 -0.084305780784841203 -0.092200200422016904 0.041736753798664608 -0.13433569928074127 -0.04048863124712776 0.033949254992526094 -0.096538570169681481 0.026880956915838913 -0.0032832490377256553 -0.073713924905052061 -0.35799147968365913 0.036647045242477833 -0.021140636930772672 0.0042513791701204407 -0.1503073389561087 -0.020569207884838223 -0.010985754875089461 -0.023641097006128674 0.0014200211222125266 0.032601392827283283 -0.054091445159857143 -0.0093908021477986797 0.1504107564943879 -0.016034067142412307 -0.034269801203148563 0.016014347194662753 -0.00016206106577153944
leaf_weight=700.04092034697533 116.31168555468321 17125.286660568789 236.4365331530571 1501.8338214717805 264.87157139927149 760.20455170422792 468.28001467883587 1358.4386252611876 6548.2206104192883 738.64703801088035 4633.8687141537666 2294.1495651621372 474.06331374496222 26.370986636728048 1922.2781848274171 3078.5947088412941 28712.516206218861 148.63647446036339 3970.4125830940902 1294.2105025872588 486.39384164661169 871.30424349568784 1225.3441793397069 892.51175934821367 1885.9765949845314 26.556671746075153 71.206673689186573 932.96035661548376 7.943458527326583 541350.72897920315
leaf_count=39557 519 627345 1113 8718 1489 19669 2676 15418 225660 3410 101288 30945 2799 461 46007 27955 438116 2572 27918 6499 3948 23928 8020 5738 9960 228 406 9722 125 8816495
internal_value=1.41627e-05 -0.000204666 -0.0179337 -0.0564204 0.00217462 -0.00210891 -0.0564237 0.0104428 0.0206096 0.00511472 0.0204423 -0.00628979 0.00229763 -0.0424997 0.0149211 -0.000417138 -0.00130952 -0.0270897 0.00123611 -0.0278028 -0.000660867 0.000506468 -0.00508763 -0.0266694 0.00714716 -0.0368282 -0.118721 -0.0206079 -0.271413 5.71194e-05
internal_weight=624125 566722 8246.41 2671.23 57402.2 37812.6 1142.19 19589.6 12185.6 5637.39 4898.74 7404.01 5984.7 1419.31 4216.43 36670.4 35910.2 3227.23 32682.9 1768.27 602.706 5575.18 4875.14 1763.82 3111.32 1385 539.487 1169.4 34.3144 558476
internal_count=10508704 9550596 106756 19553 958108 523779 7549 434329 331847 106187 102777 102482 86250 16232 76952 516230 496561 30527 466034 9298 4467 87203 47646 29666 17980 15646 3082 10835 586 9443840
is_linear=0
shrinkage=0.05


Tree=173
num_leaves=31
num_cat=0
split_feature=1 1 3 2 3 0 3 1 1 0 1 1 0 1 0 0 1 3 3 3 2 1 3 3 3 2 3 2 0 0
split_gain=116.084 538.822 1270.75 1130.53 1567.41 524.54 2072.68 1109.5 900.71 780.99 2208.43 761.543 584.949 566.593 544.446 589.801 500.196 500.118 427.516 404.06 307.317 287.003 281.494 347.05 650.538 399.543 465.142 312.329 797.735 720.433
threshold=0.65557905798065585 0.62232822779575792 3.8319866170719474 2.2568774574635353 2.9202237833458864 0.086608706665670512 2.7736145078981358 0.43959186076981943 0.54459740642940502 0.27512027950812123 0.41597567765674004 0.55221417419873864 0.33094964965225626 0.50269308430617887 -0.12584944700725806 -0.13461282072082545 0.60732956117938708 1.5294657326682659 3.9759333925799014 3.1947988245393573 2.0502117385089442 0.6437191950917095 1.7867589845313252 2.8820108527573445 2.9878634614873074 1.9397217297720586 2.5820613653663513 1.3710665965557243 -0.036988519151232406 1.0000000180025095e-35
decision_type=2 2 2 2 2 2 2 2 2 2 2 2 2 2 2 2 2 2 2 2 2 2 2 2 2 2 2 2 2 2
left_child=1 5 3 4 17 6 14 -8 9 10 -7 19 -13 -11 15 -1 -9 -3 -4 -10 -16 -6 27 25 -25 26 -24 -2 -29 -30
right_child=22 2 18 -5 21 8 7 16 11 13 -12 12 -14 -15 20 -17 -18 -19 -20 -21 -22 -23 23 24 -26 -27 -28 28 29 -31
leaf_value=-0.0039224286022889387 -0.0032817570551571668 -0.02771671710994509 -0.052394091438357361 0.04520865533034249 -0.077590466520770285 0.0038773616097121885 0.020990258277154034 -0.061721656565678809 -0.067748980973809339 -0.00020388535413563792 -0.081230099593977201 0.013931518905478588 -0.013281738146070633 0.012698735353704336 0.002267824036935069 -0.085215175382953923 0.00084954455365709091 0.0233131576320392 0.016995637123630444 0.039504575820262733 0.028726622720818981 0.068060878791136634 -0.013657210589253685 0.034620424814641455 -0.011420188300046931 -0.035857815465599102 0.049431538840282147 0.066929142568659644 -0.064947540664472656 0.015012872493284441
leaf_weight=1056.1823158133775 7326.8572943098843 555.9575382322073 903.23719188198447 2809.5130014829338 581.6876103579998 2345.0122760031372 589.16845327615738 2619.8973029404879 90.717315036803484 561288.24186483119 1129.3117661811411 7501.5622275639325 2680.2085422873497 8639.519313948229 2223.8424540599808 282.88119399547577 363.74184897542 3520.5471814554185 294.29911430180073 2743.584611531347 2166.7140857102349 35.909807380288839 3201.5663972459733 1070.3712597936392 2709.1501428075135 2005.2560412250459 321.49961305037141 609.75937975943089 337.84834901243448 1694.9273637011647
leaf_count=32633 40426 3272 9714 43964 2497 29524 4122 11555 658 9464369 8073 140084 34807 222868 50284 1185 3235 166066 1677 95424 54523 172 21752 18249 13734 10429 4738 2542 1436 14692
internal_value=1.46007e-05 0.000136421 0.0124889 0.0201224 0.00510777 -4.40008e-05 -0.011824 -0.0417119 0.000142866 -0.00015237 -0.0237864 0.013149 0.00676801 -8.29488e-06 0.00681321 -0.0210958 -0.0540935 0.0163537 -0.0353413 0.0360717 0.0153251 -0.0691217 -0.00380499 -0.010058 0.00161864 -0.018041 -0.00790001 0.00203312 0.0167695 0.00172341
internal_weight=623699 604422 8701.15 7503.62 4694.1 595721 9302.43 3572.81 586418 573402 3474.32 13016.1 10181.8 569928 5729.62 1339.06 2983.64 4076.5 1197.54 2834.3 4390.56 617.597 19277.2 9307.84 3779.52 5528.32 3523.07 9969.39 2642.54 2032.78
internal_count=10508704 10380706 227362 215971 172007 10153344 157537 18912 9995807 9724834 37597 270973 174891 9687237 138625 33818 14790 169338 11391 96082 104807 2669 127998 68902 31983 36919 26490 59096 18670 16128
is_linear=0
shrinkage=0.05


Tree=174
num_leaves=31
num_cat=0
split_feature=3 2 1 3 2 2 3 2 0 2 1 0 3 2 0 3 2 3 0 3 1 3 3 2 0 0 0 3 1 3
split_gain=113.582 1038.28 647.841 861.799 471.141 379.17 732.965 536.108 451.745 371 357.812 341.821 1375.57 1048.13 340.933 315.236 908.964 583.737 867.34 382.791 287.144 270.211 259.523 456.689 436.419 412.067 293.044 258.789 241.699 215.441
threshold=5.5624806248407035 4.8601466769752113 0.35815495563763139 5.6653603500644554 5.097305268989758 5.2487551992938792 5.5344402635264043 4.9112368614918331 1.1978845133089424 4.9829167156969527 0.34486979318925709 1.1111506969437031 5.879639423924421 5.6979441667398492 1.5671198004630646 5.4276012788821086 4.7175654691367521 5.3927962824008544 0.99613603573865839 5.3502379994730473 0.40286875436287989 5.6987316728617001 5.6167883586876535 4.9372592344747188 1.0130834834924871 1.0275931358599182 1.0480801346188839 5.5344402635264043 0.1993960117340505 5.4789856677981463
decision_type=2 2 2 2 2 2 2 2 2 2 2 2 2 2 2 2 2 2 2 2 2 2 2 2 2 2 2 2 2 2
left_child=1 14 3 10 21 6 7 29 -9 -8 28 12 -6 -13 15 17 -17 19 -19 -1 -18 -5 23 -4 -25 -26 -24 -7 -2 -3
right_child=2 5 22 4 11 27 9 8 -10 -11 -12 13 -14 -15 -16 16 20 18 -20 -21 -22 -23 26 24 25 -27 -28 -29 -30 -31
leaf_value=4.5458382649624996e-05 -0.047158001901150659 0.0029977500103602213 0.040102131883391005 0.047003020874660011 0.0022599106195990942 -0.020897380014716926 0.019502420539698168 0.0031640969292308137 -0.042996375131016056 -0.033324433100750617 -0.042523298863517488 0.019957326731737262 -0.033419191161217165 -0.00059390400212747823 -0.065512776854129082 0.043785457968940587 0.0038288716995691172 0.012107595902200955 -0.034353768988946216 0.016690148772654879 -0.043293667920603102 -0.12216013338291894 0.034561348254057718 0.014762151363641863 -0.087309856434905173 -0.010338691156877616 0.0023757513489117269 -0.068205526583505136 0.018829720084653098 -0.031581078261758808
leaf_weight=527471.63382837176 192.40393863711506 496.56084504537284 866.03020862862468 703.4996801763773 12755.192017694935 676.08912707539275 2264.878978356719 3351.4546537464485 629.58849539561197 389.51513189077377 1628.470371440053 7656.4704521968961 3427.3085922640748 32706.087103516795 197.81854246277362 1600.6281641274691 4835.8109738454223 1545.009701885283 2871.2060573548079 3476.9960104227066 346.4430952295661 24.426104001700878 2511.4550572484732 2104.9183657690883 198.35183396190405 1409.3949686065316 984.42110297642648 505.00218904134817 497.78831973671913 4851.0059881284833
leaf_count=9068331 2063 3358 15995 11668 165650 19824 21333 29431 8594 4164 11460 161426 15056 655562 1081 51767 51916 14702 11869 38486 3095 155 44969 32327 1776 17447 13460 2546 4408 24785
internal_value=1.44639e-05 -0.000221128 0.00194857 0.000147684 0.00135751 -0.0140959 -0.0114318 -0.0180281 -0.00413603 0.0117504 -0.0297362 0.000842976 -0.0052966 0.00330451 0.000115647 0.000139594 0.010851 3.88369e-06 -0.0180993 0.000154459 0.000678644 0.0413266 0.0152394 0.00740678 -0.000219854 -0.0198348 0.025498 -0.041125 0.000434414 -0.0283702
internal_weight=623176 555510 67666.2 59591.6 57273 13164.1 11983 9328.61 3981.04 2654.39 2318.66 56545.1 16182.5 40362.6 542346 542148 6782.88 535365 4416.22 530949 5182.25 727.926 8074.57 4578.7 3712.67 1607.75 3495.88 1181.09 690.192 5347.57
internal_count=10508704 9355282 1153422 1027448 1009517 114035 91665 66168 38025 25497 17931 997694 180706 816988 9241247 9240166 106778 9133388 26571 9106817 55011 11823 125974 67545 51550 19223 58429 22370 6471 28143
is_linear=0
shrinkage=0.05


Tree=175
num_leaves=31
num_cat=0
split_feature=2 0 0 1 1 3 0 1 1 0 0 3 1 1 1 1 1 2 3 3 2 1 2 3 2 1 3 0 1 1
split_gain=113.676 606.967 337.793 321.63 200.258 169.643 1267.68 630.116 415.284 390.44 384.571 566.722 164.013 265.163 157.312 149.824 136.367 133.551 167.749 130.684 122.842 105.138 100.79 100.352 385.2 121.64 80.3835 79.3593 75.6273 145.852
threshold=7.5923880994642836 2.2067740511318386 1.9234825191119804 -0.25962049904085055 -0.76496095472163017 6.8745952661962386 1.5671198004630646 0.090576965594080613 -0.015437123697241232 1.5671198004630646 1.4917628740083473 6.7203860607268515 -0.338784733173979 -0.50183990405672374 -0.44817777336931641 -0.44817777336931641 0.017284053360037101 4.1296149811447345 4.7415853618882826 7.8987502907300291 6.8927866192349851 -0.03162610443133592 4.5618715742274718 8.3102505804131521 8.750048439177446 -0.19573877347933266 7.1092768689660595 2.6102622818169956 -0.083639276528047479 -0.10414513001979323
decision_type=2 2 2 2 2 2 2 2 2 2 2 2 2 2 2 2 2 2 2 2 2 2 2 2 2 2 2 2 2 2
left_child=2 14 5 4 26 9 7 21 -8 10 11 -1 13 -4 -2 -15 28 -11 -19 -5 -10 -7 -12 24 -21 -25 -3 -6 29 -16
right_child=1 3 12 19 27 6 8 -9 20 17 22 -13 -14 15 16 -17 -18 18 -20 23 -22 -23 -24 25 -26 -27 -28 -29 -30 -31
leaf_value=6.4235070130291857e-05 -0.033399630933469544 0.39878369190978774 -0.033554033817821731 0.030827665163796227 0.049570825353309332 -0.035694607289774506 -0.048852070424162994 -0.090759341227055465 -0.12212099776208973 -0.074817226477973162 -0.088390084030133154 -0.038518803431820001 -0.066411422983295207 0.37121732814203051 0.027328894297061885 0.080312296107269199 -0.090268116339434851 0.091202823720131165 -0.032116672034590572 -0.010807751023597443 0.019482225577748185 0.0071169092628863007 0.025157767072306964 -0.015614914743212974 0.078324808250241046 -0.054045935069703614 -0.027267620876638223 0.018805359313351633 0.034631029996622278 -0.014758292584555322
leaf_weight=607267.71965438523 114.10050834994763 1.1132582193240512 115.32381517393515 186.87299682945013 335.1706617847085 328.77932339906693 259.40972548350692 575.77092096209526 15.435012668371199 182.43991781771183 19.773735091090202 953.23132361937314 284.84917161241174 5.5957721993327167 928.20532136783004 21.174401022493839 24.788983628153801 29.388958683237433 447.08746342407539 2893.0738301761448 1984.230193991214 254.35689198970795 1677.8020969890058 914.43681153655052 126.51508770883083 265.73085629940033 199.81624383572489 559.52667243778706 1599.0942880474031 264.51176019757986
leaf_count=10266494 8597 162 14864 4263 1589 7964 5187 2648 70 823 204 14768 1394 53 12500 120 212 695 10922 17248 33409 2573 22906 4590 521 1314 16857 2759 45739 7259
internal_value=1.44819e-05 0.00578714 -6.45601e-05 -0.00403224 0.0202005 -3.36455e-05 -0.0111418 -0.0536557 0.0106679 2.85373e-05 7.00954e-05 3.76599e-06 -0.0445235 -0.000645818 0.0241556 0.14112 0.0264871 -0.0384393 -0.0245104 -0.0100847 0.0183892 -0.0170207 0.0238351 -0.0119052 -0.00707326 -0.0242682 -0.0249071 0.0303307 0.0275238 0.0179951
internal_weight=622835 8412.96 614422 5482.26 1095.63 613995 3417.98 1158.91 2259.07 610577 609919 608221 426.943 142.094 2930.7 26.7702 2816.6 658.916 476.476 4386.63 1999.67 583.136 1697.58 4199.76 3019.59 1180.17 200.93 894.697 2791.81 1192.72
internal_count=10508704 123610 10385094 49303 21367 10368663 51851 13185 38666 10316812 10304372 10281262 16431 15037 74307 173 65710 12440 11617 27936 33479 10537 23110 23673 17769 5904 17019 4348 65498 19759
is_linear=0
shrinkage=0.05


Tree=176
num_leaves=31
num_cat=0
split_feature=3 2 3 1 0 1 1 2 3 0 3 3 1 1 0 0 2 0 0 0 2 1 0 0 3 1 1 2 1 2
split_gain=113.743 1327.05 825.382 739.216 1347.95 989.276 608.53 597.881 1131.93 491.81 410.355 1113.51 630.344 331.578 319.258 271.773 196.486 170.167 158.547 253.113 650.826 151.911 146.396 126.992 124.232 117.536 200.147 109.779 101.474 81.8645
threshold=6.0960189868513011 5.6979441667398492 6.0081958967181253 0.26484938859632151 1.1978845133089424 0.25080577396248743 0.1993960117340505 5.6251431817785766 6.0001768864635761 1.3269847429671329 5.892491343727194 5.879639423924421 0.29937537303028366 0.078424753846921769 1.4362370908715618 1.066066415758957 5.7330338322751588 1.5671198004630646 1.1752492834636312 1.181305133447065 5.7330338322751588 0.05129715932657293 1.3326662166730445 1.1689679759173603 6.0763543467853927 0.026550044798565861 -0.2073345757028604 5.8525095615507077 0.33358636304824579 6.7188461076676758
decision_type=2 2 2 2 2 2 2 2 2 2 2 2 2 2 2 2 2 2 2 2 2 2 2 2 2 2 2 2 2 2
left_child=1 2 7 4 5 13 9 10 23 21 11 -1 -12 -2 16 -4 -5 -11 -3 20 24 -6 27 -9 -20 26 -21 -8 -18 -24
right_child=3 18 15 14 6 -7 22 8 -10 17 12 -13 -14 -15 -16 -17 28 -19 19 25 -22 -23 29 -25 -26 -27 -28 -29 -30 -31
leaf_value=-6.8027854982578233e-06 -0.065575884501879095 -0.0045379198417093182 -0.014647025124517439 -0.15248303991662027 -0.056599136551372914 -0.089669196494820344 0.033633783655351066 -0.064571444118818197 -0.26155061910754157 -0.0046068728225307949 -0.0019667206242727745 -0.03664242407602069 0.03094682056750124 -0.0021569206941670434 -0.049568724242970465 0.037486857756461628 0.042521955390981296 0.0053224656400468326 -0.026967097079763719 0.049632995342480113 -0.084759340535153854 -0.015119425901087044 -0.076536932372202354 0.022250120636041232 0.047956961029966938 -0.011222401808482094 -0.055911351319861628 0.015654265829687538 -0.00098230941721626805 0.0080379948133168233
leaf_weight=578514.92240121192 254.6437297151424 706.72421444021165 287.62825840711594 13.485659204423426 462.70890241768211 644.50192884355783 1018.3321039937437 71.95019755885005 62.74809642136097 7167.5185889564455 3164.488601854071 2081.5543681159616 2692.3124760761857 1081.2456168979406 111.1731294952333 1909.8715959899127 1689.4045627173036 10841.94001889322 1411.4187535494566 51.801681130658835 630.53823044197634 422.07229275256395 63.101317916065454 101.57705442141742 57.58354189991951 1576.0077313520014 338.01201371103525 5105.3677329998463 145.59009335376322 52.349181279540062
leaf_count=9663674 2075 12770 1152 62 7020 3047 36864 1191 664 143747 53728 12645 68685 4965 1554 36370 31900 176614 8177 2265 2903 2927 1239 861 331 10421 1511 212335 6359 648
internal_value=1.395e-05 -0.000135591 7.72146e-05 0.00306748 0.000924081 -0.0387916 0.00405349 -3.73477e-05 -0.0795582 -0.000417292 -5.30966e-06 -0.000138149 0.0131633 -0.0142457 0.0327235 0.0306631 0.0376728 0.00137072 -0.0263963 -0.0301962 -0.0422685 -0.0368118 0.0175925 -0.013749 -0.0240301 -0.0173028 -0.0418857 0.0186441 0.0390703 -0.0381878
internal_weight=622733 593659 588887 29073.4 27113.8 1980.39 25133.4 586690 236.275 18894.2 586453 580596 5856.8 1335.89 1959.65 2197.5 1848.48 18009.5 4772.09 4065.36 2099.54 884.781 6239.15 173.527 1469 1965.82 389.814 6123.7 1834.99 115.45
internal_count=10508704 9877348 9838970 631356 591481 10087 581394 9801448 2716 330308 9798732 9676319 122413 7040 39875 37522 38321 320361 38378 25608 11411 9947 251086 2052 8508 14197 3776 249199 38259 1887
is_linear=0
shrinkage=0.05


Tree=177
num_leaves=31
num_cat=0
split_feature=0 2 1 1 0 3 3 2 2 1 2 1 1 2 3 2 1 0 1 3 3 1 3 1 2 1 0 1 3 0
split_gain=109.583 391.218 530.63 1205.71 886.95 764.824 2254.57 579.362 475.721 504.18 861.805 811.942 480.062 397.121 366.451 1417.81 1310.37 331.021 637.373 885.522 1886.86 574.885 986.407 870.409 570.393 463.06 2601.45 601.547 829.347 420.967
threshold=0.88060410386687449 2.1918732566761614 -0.21992053250312257 -0.21869180871022886 0.69325036047134692 3.5245616871680778 4.3842336583856074 4.330765428213593 1.7479461772073175 0.24005338388781233 1.9591535062539875 0.20857525580890771 0.72828833234014589 2.5193910835521067 3.6197690765366626 3.0588570083994764 0.42632142793878453 0.99613603573865839 0.043078627971054807 2.6298566433838988 2.6968457841188687 0.40960982673467899 5.2775765874667835 0.40597329519124675 4.9112368614918331 0.45204277284632283 0.9718885128547744 0.43959186076981943 5.204256920200879 0.90607385932899398
decision_type=2 2 2 2 2 2 2 2 2 2 2 2 2 2 2 2 2 2 2 2 2 2 2 2 2 2 2 2 2 2
left_child=1 8 4 -4 7 13 -7 -3 -1 10 -10 -12 -11 -6 15 -5 -16 18 19 -2 29 23 -23 -19 -24 27 -27 -20 -29 -21
right_child=17 2 3 14 5 6 -8 -9 9 12 11 -13 -14 -15 16 -17 -18 21 25 20 -22 22 24 -25 -26 26 -28 28 -30 -31
leaf_value=-0.00051489349334277634 0.015817222849993564 0.038855449218391319 -0.045773882513033395 -0.003311363190773184 -0.061530198558805406 -0.045318407855816596 0.015324567600099804 -0.14077587699114308 0.0034316721014923226 0.0149184039547834 -0.060239863583186837 0.010786479302431545 -0.015676698143004372 0.0085653304715547825 -0.016250242009981358 -0.041321149566878775 0.0085626299054995907 -0.00041889582851609321 0.0006772199009873049 -0.066771684616493118 0.00045724535768068585 0.026305762439304704 -0.035771517121056119 0.043401563209734033 0.0027457179992829445 -0.033816101480276153 0.042166947205373471 -0.11534880203549967 -0.013745992038939248 -0.17559279068162273
leaf_weight=146144.396958258 16599.337391193956 2134.5929138977081 1658.3570597730577 116656.61309798248 204.82171535491943 2900.7661740556359 3249.6283454764634 45.851753823459148 36459.837134629488 14968.594519343227 1048.2256466783583 653.04832305014133 1402.243549503386 14991.384533943608 7139.0482618585229 2506.0912535786629 20891.528627058491 138352.53942552675 77588.077406458557 178.52387988567352 3211.1576070236042 1130.2966923899949 3603.3804636895657 1142.5664724707603 1310.8341788798571 1723.287495046854 3252.7048806138337 252.28733280301094 985.04398878291249 176.96837829053402
leaf_count=1406008 1748070 41856 77346 1829425 995 94919 26832 244 234801 321351 10647 2679 6990 577969 42798 15439 494404 2389576 850472 807 68702 21558 16551 38262 8217 22928 127469 3199 26964 1226
internal_value=1.4013e-05 -0.000528494 -0.00227552 -0.00337841 0.00470226 0.00159953 -0.013277 0.035078 0.00097218 0.0049575 0.00180858 -0.0329758 0.0122978 0.00762055 -0.00290076 -0.00411074 0.00224309 0.000825153 0.00297991 0.0109605 -0.011643 -0.000714115 -0.0158104 -5.99744e-05 -0.0254973 0.00105946 0.0158525 0.000125629 -0.0344624 -0.120944
internal_weight=622562 373055 172379 148852 23527 21346.6 6150.39 2180.44 200676 54531.9 38161.1 1701.27 16370.8 15196.2 147193 119163 28030.6 249507 103967 20166 3566.65 145540 6044.51 139495 4914.21 83801.4 4975.99 78825.4 1237.33 355.492
internal_count=10508704 5184703 3202227 2459412 742815 700715 121751 42100 1982476 576468 248127 13326 328341 578964 2382066 1844864 537202 5324001 2849837 1818805 70735 2474164 46326 2427838 24768 1031032 150397 880635 30163 2033
is_linear=0
shrinkage=0.05


Tree=178
num_leaves=31
num_cat=0
split_feature=3 2 1 3 2 3 2 2 3 2 0 2 0 0 3 2 3 0 3 0 2 3 3 2 0 3 0 3 3 0
split_gain=106.184 922.227 593.9 764.159 418.817 390.584 375.397 344.986 655.674 465.314 410.761 333.694 306.167 290.089 271.791 832.742 460.352 721.748 352.249 271.391 270.353 246.489 244.533 430.249 392.255 353.268 279.383 240.718 196.876 194.032
threshold=5.5624806248407035 4.8601466769752113 0.35815495563763139 5.6392313342877074 5.097305268989758 5.6987316728617001 5.0136407960728784 5.2487551992938792 5.5344402635264043 4.9112368614918331 1.1978845133089424 4.9829167156969527 0.95392475405677601 1.5671198004630646 5.4276012788821086 4.7175654691367521 5.3927962824008544 0.99613603573865839 5.3502379994730473 1.0056282217704664 5.0136407960728784 5.6987316728617001 5.6167883586876535 4.9372592344747188 1.0130834834924871 5.587941001131477 1.0480801346188839 5.5344402635264043 5.5954190332269329 0.92911064267174137
decision_type=2 2 2 2 2 2 2 2 2 2 2 2 2 2 2 2 2 2 2 2 2 2 2 2 2 2 2 2 2 2
left_child=1 13 3 6 20 29 -2 8 9 -3 -11 -10 -7 14 16 -16 18 -18 -1 -17 -5 -22 23 -4 -25 -26 -24 -9 -8 -6
right_child=2 7 22 4 5 12 28 27 11 10 -12 -13 -14 -15 15 19 17 -19 -20 -21 21 -23 26 24 25 -27 -28 -29 -30 -31
leaf_value=3.0729314908860866e-05 0.022036874754398653 -0.026496464021948343 0.039519287250577878 -0.0990739586683545 -0.10303044844507028 0.032007115208712383 0.0099682374432220507 -0.019820038421987995 0.018798441475367765 0.0029968366559600529 -0.041087981031487343 -0.030855115840002729 0.00091987433853726235 -0.061792292445021102 0.043050872963660801 -0.011046849510976417 0.011603440114211777 -0.030924450292673641 0.016100778781649977 0.011850314242231298 0.048404582034088324 -0.11440370761187948 0.033885039829078915 0.014221779371279497 -0.059823765259248533 -0.0054281575755740462 0.0022824584400086365 -0.065865251136402916 -0.050017620194933887 -0.019010817014364044
leaf_weight=526479.01959850639 259.20790828764439 5408.9068088522181 836.05511325597763 34.869155421853065 71.581626325845718 803.76509088231251 153.58719429606572 671.55907395202667 2234.8924427255988 3346.9576098336838 627.43996771518141 398.73669883608818 54177.208799956366 189.22566137649119 1493.2974385228008 2528.8388765901327 1530.753867264837 2864.6403392106295 3432.2365463152528 2650.4638106450438 740.20159725099802 24.001771152019501 2436.7348903268576 2078.9852044209838 393.1126678660512 1239.9320917353034 980.86135975830257 491.64596792683005 1250.222546531586 1715.8217494778801
leaf_count=9068331 2551 28143 15995 193 319 7247 1237 19824 21333 29431 8594 4164 977134 1081 51767 22384 14702 11869 38486 32627 12346 148 44969 32327 4173 15050 13460 2546 7658 18615
internal_value=1.40074e-05 -0.000213525 0.00189108 0.000167258 0.00113253 0.000626549 -0.0332468 -0.0132814 -0.0107646 -0.0169521 -0.00396285 0.0112808 0.00137434 0.000104742 0.000126392 0.0101551 1.15028e-06 -0.0161136 0.000134815 0.000670578 0.0370788 0.0432912 0.0147089 0.00711489 -0.0001835 -0.0185225 0.024815 -0.0392817 -0.0434547 -0.0223756
internal_weight=621545 554349 67196.1 59230.5 57567.4 56768.4 1663.02 13180.1 12016.9 9383.3 3974.4 2633.63 54981 541168 540979 6672.6 534307 4395.39 529911 5179.3 799.073 764.203 7965.68 4548.09 3712.03 1633.04 3417.6 1163.21 1403.81 1787.4
internal_count=10508704 9355282 1153422 1027448 1016002 1003315 11446 114035 91665 66168 38025 25497 984381 9241247 9240166 106778 9133388 26571 9106817 55011 12687 12494 125974 67545 51550 19223 58429 22370 8895 18934
is_linear=0
shrinkage=0.05


Tree=179
num_leaves=31
num_cat=0
split_feature=2 3 3 3 2 0 0 3 0 0 1 0 0 1 1 1 1 1 3 1 1 1 1 0 1 0 1 1 2 1
split_gain=105.891 204.239 450.344 417.028 148.243 577.142 163.284 94.434 378.144 89.0105 83.5057 202.262 49.1954 46.7475 99.9879 34.4357 34.0175 31.0668 26.3468 21.1819 20.2901 16.7245 11.1698 8.71912 7.24177 6.76143 4.85886 70.9688 21.4866 0.699033
threshold=0.88146779030775313 1.0858476682246934 1.2146186208000707 1.2829990237933924 1.1907534103532191 -0.13461282072082545 -0.1108502728836893 1.0858476682246934 -0.29435794004766241 -0.29435794004766241 0.77090001566801269 0.33692532184070467 0.10896021693658316 0.40747606081353599 -1.0000000180025095e-35 0.81545567171745659 0.42632142793878453 0.81545567171745659 1.2146186208000707 0.59167337229920991 0.77090001566801269 0.81545567171745659 0.72828833234014589 0.34889130254736317 0.77090001566801269 0.049309132115521966 0.50269308430617887 0.55221417419873864 1.0000000180025095e-35 0.49297196920644654
decision_type=2 2 2 2 2 2 2 2 2 2 2 2 2 2 2 2 2 2 2 2 2 2 2 2 2 2 2 2 2 2
left_child=7 12 10 13 5 -5 -6 8 26 16 11 25 22 14 -4 24 -9 -12 21 -15 -20 -18 -2 -13 -10 -3 29 -28 -29 -1
right_child=1 2 3 4 6 -7 -8 9 15 -11 17 23 -14 19 -16 -17 18 -19 20 -21 -22 -23 -24 -25 -26 -27 27 28 -30 -31
leaf_value=0.041551104093918004 -0.016539839763713756 0.061633825105988527 0.103701819814567 -0.020396445097840579 0.0078453457011879741 0.083687354407843542 -5.9790754208346589e-05 0.023403226240661028 -0.120251715595035 0.063903624145740828 -0.07128487243015165 -0.04701963717881015 -0.15920702874687767 0.05489603839677179 -0.15605728571908761 -0.11529843541593679 -0.040257781940185394 -0.042580140680277406 -0.085727685036899759 0.020418560797880434 0.017332851902442419 -0.19283733659847468 0.052661212544603798 -0.081856240304088349 -0.052433872044509222 0.030149997939424179 -0.50900434110911419 0.02868885719067818 -0.069515663887518786 0.034105477528659396
leaf_weight=47.775810219347477 5.9961778298020354 44.963870231062174 6.7464364916086206 1952.5297795161605 6602.9450456704944 142.93507620692253 610485.846576771 136.20821492746472 4.1139420941472045 168.70078358054161 197.47015422582626 131.81619000434875 2.825968235731124 387.77990244328976 8.2165549062192405 32.011846080422401 3.5166287869215003 180.34775853157043 6.4541732743382481 50.330712050199509 18.364126160740852 3.670562207698822 211.97275181114674 20.794981986284256 91.201071187853813 27.472304448485374 0.62080947309732337 228.74956703558564 5.7088669165968886 92.668112022802234
leaf_count=2599 26 221 188 9474 138014 610 10301319 12973 21 877 922 5580 22 18130 43 135 21 775 31 208 125 20 2377 88 457 127 8 7442 114 5757
internal_value=1.39057e-05 -1.01086e-05 -2.72243e-05 1.48003e-05 -2.02877e-05 -0.0132967 2.47954e-05 0.0177569 0.0040324 0.0382409 -0.043221 -0.0191096 0.0480702 0.0479671 -0.0389384 -0.0704301 0.0125039 -0.0575829 -0.0338814 0.0509352 -0.00946877 -0.118182 0.0507575 -0.0517665 -0.055361 0.0496932 0.0292801 0.024884 0.0262977 0.0366383
internal_weight=621301 620461 620240 619637 619184 2095.46 617089 839.765 502.85 336.914 602.865 225.047 220.795 453.074 14.963 127.327 168.214 377.818 32.0055 438.111 24.8183 7.18719 217.969 152.611 95.315 72.4362 375.523 235.079 234.458 140.444
internal_count=10508704 10478124 10475699 10467986 10449417 10084 10439333 30580 16533 14047 7713 6016 2425 18569 231 613 13170 1697 197 18338 156 41 2403 5668 478 348 15920 7564 7556 8356
is_linear=0
shrinkage=0.05


Tree=180
num_leaves=31
num_cat=0
split_feature=1 1 3 2 3 0 3 1 1 1 0 1 1 0 2 2 1 3 3 3 1 3 3 2 1 2 3 0 3 2
split_gain=104.315 482.558 1198.7 1085.3 1428.96 496.175 1805.36 995.085 810.028 730.41 691.856 1532.67 602.161 564.375 501.552 603.609 455.225 439.893 397.306 372.669 265.211 260.736 315.023 598.13 401.11 354.438 431.165 291.32 884.687 512.77
threshold=0.65557905798065585 0.62232822779575792 3.8319866170719474 2.2568774574635353 2.9202237833458864 0.086608706665670512 2.7736145078981358 0.45204277284632283 0.54459740642940502 0.55221417419873864 0.29094001348543164 0.41597567765674004 0.50269308430617887 0.33094964965225626 2.0358163519434611 1.782367713283475 0.60732956117938708 1.5294657326682659 3.9759333925799014 3.1947988245393573 0.6437191950917095 1.7867589845313252 2.8820108527573445 2.2964851596084146 0.69028085948440954 1.9397217297720586 2.5820613653663513 0.028179389837528105 2.7736145078981358 2.0502117385089442
decision_type=2 2 2 2 2 2 2 2 2 2 2 2 2 2 2 2 2 2 2 2 2 2 2 2 2 2 2 2 2 2
left_child=1 5 3 4 17 6 14 -8 10 19 11 -7 -12 -11 15 -1 -9 -3 -4 -10 -6 -2 25 -24 -25 26 -23 28 -27 -29
right_child=21 2 18 -5 20 8 7 16 9 13 12 -13 -14 -15 -16 -17 -18 -19 -20 -21 -22 22 23 24 -26 27 -28 29 -30 -31
leaf_value=0.0041203766224514353 0.0020043724344700853 -0.026233466271878565 -0.051968711763684186 0.04452036084728845 -0.075275883111081743 0.0034116615176094985 0.017933133727485992 -0.058709731328493366 -0.063387168416635151 0.013452427537342335 -0.00018793652348960378 -0.060442753130443387 0.013501269282349952 -0.013338899582803973 0.024575727670269738 -0.049882033810349669 0.00096738192986485472 0.022217631811027091 0.015547570778607876 0.038944852222340051 0.065734305895238612 -0.013175653433018568 0.046261674185903774 -0.026315467481961681 0.0095664403674350779 -0.048306471379130189 0.048839952833798814 0.075942797118595098 -0.30120542064651246 -0.031832134882237073
leaf_weight=2779.7608031993732 9934.9681410081685 543.09711188077927 873.23810042068362 2721.0024092271924 568.6863925755024 2468.6888619232923 627.66887661069632 2598.5250957012177 92.071201771497726 7425.3716184347868 559420.02071526856 1517.324185276404 8150.3811800852418 2673.4490918684751 2224.6738884933293 635.80671983771026 364.3673937022686 3409.1768899802119 290.34340608865023 2640.8211622573435 35.421989414840937 3198.5422077663243 622.59238629415631 1478.0116037204862 1646.461982563138 458.07438150048256 307.19059177488089 120.05842325091362 37.404575191438198 1366.7535276263952
leaf_count=66369 59096 3272 9714 43964 2497 30137 4456 11221 658 140084 9463725 15912 215060 34807 56489 15767 3235 166066 1677 95424 172 21752 17030 7790 7163 2723 4738 525 346 6835
internal_value=1.32867e-05 0.0001289 0.0119998 0.019534 0.00461256 -3.98978e-05 -0.0115417 -0.0392557 0.00014178 0.0125656 -0.000137141 -0.0208953 8.64217e-06 0.00635999 0.00610103 -0.00593215 -0.0513708 0.0155598 -0.0351217 0.0354973 -0.0670077 -0.0036177 -0.00966584 0.00151008 -0.00740726 -0.0172964 -0.00774152 -0.0341945 -0.0673983 -0.0231294
internal_weight=621230 602060 8440.97 7277.38 4556.38 593619 9230.8 3590.56 584388 12831.7 571556 3986.01 567570 10098.8 5640.24 3415.57 2962.89 3952.27 1163.58 2732.89 604.108 19170.1 9235.09 3747.07 3124.47 5488.02 3505.73 1982.29 495.479 1486.81
internal_count=10508704 10380706 227362 215971 172007 10153344 157537 18912 9995807 270973 9724834 46049 9678785 174891 138625 82136 14456 169338 11391 96082 2669 127998 68902 31983 14953 36919 26490 10429 3069 7360
is_linear=0
shrinkage=0.05


Tree=181
num_leaves=31
num_cat=0
split_feature=1 1 2 1 0 0 1 1 1 0 0 1 3 3 2 3 0 0 0 2 0 1 2 3 1 2 0 1 0 2
split_gain=104.03 136.544 500.881 566.287 308.707 665.161 175.397 576.026 815.204 261.4 256.757 171.867 147.049 80.2722 73.0378 21.7809 21.1294 38.3814 14.7425 13.7532 13.2294 54.3593 15.4772 229.336 641.858 12.3689 21.2129 13.6738 8.78529 7.71693
threshold=-0.5151551456145852 -0.34304814104621323 3.4437761330069674 -0.34753574593034542 1.3409395388167957 1.3051812277503805 -0.3327390262831656 -0.33035528887943305 -0.31248217156279456 1.1217607961392175 1.0774002105738207 -0.272696703161662 3.9087007104622415 8.0333519505345929 3.4841929324469612 3.4107891595359914 2.1085648409144384 2.4781188074031557 0.95950162625237101 8.0853913410823299 2.7421961862478588 -0.61675189075187198 6.265747736297735 5.5147607236570977 -0.5641740028179979 8.4921764472094434 2.7421961862478588 -0.80556013693077455 1.7488777503825836 4.5618715742274718
decision_type=2 2 2 2 2 2 2 2 2 2 2 2 2 2 2 2 2 2 2 2 2 2 2 2 2 2 2 2 2 2
left_child=13 2 -2 4 5 -4 9 14 10 18 -9 -10 -6 20 -8 -5 -11 -18 -3 -17 22 -22 23 -1 -25 -15 27 -27 -24 -16
right_child=1 6 3 15 12 -7 7 8 11 16 -12 -13 -14 25 29 19 17 -19 -20 -21 21 -23 28 24 -26 26 -28 -29 -30 -31
leaf_value=-0.041914417117894037 0.021232124314353184 -0.034178203748882002 0.0019000604357258804 -0.070972483151555521 0.044547828133428093 -0.054913245085716766 0.02210224918925709 -0.040639699074719128 0.0044692696808096783 -0.0048648657412688184 0.015644153922940798 -0.00016221817621800161 0.010997817250256964 -0.033716618950923941 -0.052846481524455924 -0.050068709104681398 0.058093837682376137 -0.044851876805265034 -0.062590659931293369 0.0071985535545333662 -0.050352599916432594 0.065738167246264148 -0.050045796205168282 0.028598842828054295 1.9807248590835063 0.11094839254739018 -0.0025862931684594828 0.025222524026001426 -0.033363549149105137 -0.012982679090464744
leaf_weight=30.009390207007527 3491.5353391617537 59.651176255196333 18548.503495428013 163.67833516001701 565.13806515932083 529.90777960978448 3158.5731589067727 1591.7813252601773 20778.791635166854 13455.43034709245 232.18115925788879 556187.61545864819 773.76937485486269 21.812884468585253 32.201786553487182 244.98557590693235 32.516807317733765 12.547974362969397 194.59148876555264 10.952783912420271 27.474627254530787 15.930410403758286 134.5069083836861 1.8941129040904345 0.54144781641662021 5.1628562510013571 176.54776763916016 46.977168455719948 190.96713144751266 19.486894879490137
leaf_count=6556 250271 3346 284882 773 3883 5877 251734 36938 615655 201369 1039 8755661 14049 591 730 23245 156 52 1603 44 3955 173 16621 173 37 43 2081 277 26443 447
internal_value=1.32823e-05 3.42686e-05 0.00370589 0.000769108 0.00195078 0.000322056 -0.000115667 1.62231e-05 -0.000100926 -0.00569629 -0.0334751 4.57961e-06 0.0251589 -0.0199511 0.0211375 -0.0567278 -0.00475039 0.0294293 -0.0559244 -0.047618 -0.0338136 -0.00774525 -0.036975 -0.0040437 0.462575 0.00225801 0.00568937 0.033711 -0.0402577 -0.0378176
internal_weight=620736 620084 24328.5 20836.9 20417.3 19078.4 595755 582001 578790 13754.7 1823.96 576966 1338.91 651.825 3210.26 419.617 13500.5 45.0648 254.243 255.938 401.324 43.405 357.919 32.445 2.43556 250.501 228.688 52.14 325.474 51.6887
internal_count=10508704 10451754 583024 332753 308691 290759 9868730 9662204 9409293 206526 37977 9371316 17932 56950 252911 24062 201577 208 4949 23289 53958 4128 49830 6766 210 2992 2401 320 43064 1177
is_linear=0
shrinkage=0.05


Tree=182
num_leaves=31
num_cat=0
split_feature=2 3 0 1 1 3 1 1 3 0 2 2 1 3 0 3 3 3 3 2 2 3 1 1 1 0 2 0 2 2
split_gain=104.277 344.509 276.11 266.382 283.983 337.206 1052.98 211.102 196.062 192.212 326.617 1105.64 1632.29 928.84 905.518 1781.92 1675.45 202.227 678.125 387.448 1359.4 229.548 220.205 174.698 727.37 358.844 758.371 406.081 267.932 204.552
threshold=1.7376526579221052 1.7867589845313252 -0.036988519151232406 0.67614333405659321 0.50973362990578741 2.5820613653663513 0.6437191950917095 0.6437191950917095 2.5078010497536973 0.84775196362271432 4.1296149811447345 3.8073264635815938 0.48448925507661011 4.1196975209922178 0.73397330146915241 4.873133215511765 4.5437806720119296 2.4106851088030226 2.3342600632105683 2.5611863177758649 2.5804041690832826 2.424076018411276 0.05129715932657293 0.61605978232732939 0.64849074711543175 -0.1108502728836893 1.3710665965557243 1.0000000180025095e-35 1.1687687539455864 1.3710665965557243
decision_type=2 2 2 2 2 2 2 2 2 2 2 2 2 2 2 2 2 2 2 2 2 2 2 2 2 2 2 2 2 2
left_child=1 23 3 4 8 7 -7 -6 -2 10 11 13 -13 -4 15 -12 -16 18 22 21 -21 -19 -11 29 28 26 -26 -27 -25 -1
right_child=2 -3 9 -5 5 6 -8 -9 -10 17 14 12 -14 -15 16 -17 -18 19 -20 20 -22 -23 -24 24 25 27 -28 -29 -30 -31
leaf_value=0.024661221742249821 -0.04799633352292438 -0.014470169637688483 -0.0013879880690839566 -0.048139493953170714 0.031444229096462738 -0.11986510857452276 0.022766145303131948 -0.002155942063396856 0.0081790951889301952 -0.060389028456954777 0.030435184843065441 -0.0077772836724963462 -0.072304667694374894 0.025176337787400062 -0.076216888159207907 -0.073184421638556249 0.0057907801194633417 -0.0042518664276707677 0.014712912391687333 0.038194372431825586 0.00026289472948812557 -0.033359180943278062 0.0011805143088220382 0.041388592520031658 0.0061718105456143382 -0.024587170659484563 0.071543653473815499 0.0038802874752366422 -0.054833564043975117 0.0055765601285885195
leaf_weight=1521.5809022206813 282.87955228984356 2675.1821407806128 263385.80496576708 178.43557551503181 2734.0607179403305 172.1713647171855 520.86844034306705 563.8773247320205 344.46675419062376 145.48173912614584 4855.6341640967876 3762.2863751985133 1325.2779754586518 3332.2935193162411 769.43112534563988 453.66459762305021 3268.6380242910236 37463.890694089234 10251.076406925917 2395.5966770872474 168638.05361309554 689.81642438471317 81667.13461002335 79.994340498000383 3826.2097735516727 1851.5421682223678 501.83802266418934 3873.3982392624021 756.68239886313677 18172.695831084624
leaf_count=58028 1411 15666 3423441 1050 181050 2207 17303 13614 2208 951 79664 55727 6617 63779 4703 1994 30756 178341 1450056 118219 3329578 4439 757421 359 24528 8194 2129 24716 4244 646311
internal_value=1.24095e-05 0.00273602 -0.000141856 0.0118051 0.0141211 0.0190368 -0.0126676 0.0256993 -0.0171512 -0.000240253 -0.0011805 -0.00149653 -0.0245863 -0.0010561 0.00800923 0.0215812 -0.00983531 0.000637263 0.00259002 -0.000222149 0.000794185 -0.00477812 0.00107103 0.00424105 -0.000840894 0.00288707 0.0137517 -0.00532657 -0.0456338 0.00705104
internal_weight=620460 33259.1 587201 4796.76 4618.32 3990.98 693.04 3297.94 627.346 582404 281153 271806 5087.56 266718 9347.37 5309.3 4038.07 301251 92063.7 209187 171034 38153.7 81812.6 30583.9 10889.7 10053 4328.05 5724.94 836.677 19694.3
internal_count=10508704 784175 9724529 218843 217793 214174 19510 194664 3619 9505686 3666681 3549564 62344 3487220 117117 81658 35459 5839005 2208428 3630577 3447797 182780 758372 768509 64170 59567 26657 32910 4603 704339
is_linear=0
shrinkage=0.05


Tree=183
num_leaves=31
num_cat=0
split_feature=3 2 3 1 0 1 2 2 3 3 3 1 0 1 0 0 2 1 0 0 2 1 0 0 3 1 1 1 1 3
split_gain=102.917 1183.3 765.894 690.774 1205.31 840.893 560.898 503.451 765.803 374.121 993.623 592.09 340.123 301.923 294.991 257.416 175.169 161.117 139.343 221.832 567.913 135.225 128.944 116.482 112.103 105.908 104.258 168.564 98.6208 74.4984
threshold=6.0960189868513011 5.6979441667398492 6.0081958967181253 0.26484938859632151 1.1978845133089424 0.25080577396248743 6.2082785417860684 5.6251431817785766 6.0001768864635761 5.892491343727194 5.879639423924421 0.29937537303028366 1.3163687515150806 0.078424753846921769 1.4362370908715618 1.066066415758957 5.7330338322751588 -0.10991279340077306 1.1752492834636312 1.181305133447065 5.7330338322751588 0.05129715932657293 1.3163687515150806 1.1689679759173603 6.0763543467853927 0.078424753846921769 0.026550044798565861 -0.2073345757028604 0.33358636304824579 6.1387776901029385
decision_type=2 2 2 2 2 2 2 2 2 2 2 2 2 2 2 2 2 2 2 2 2 2 2 2 2 2 2 2 2 2
left_child=1 2 7 4 5 13 22 9 23 10 -1 -11 21 -2 16 -4 -5 -14 -3 20 24 -8 25 -9 -20 -6 27 -21 -18 -30
right_child=3 18 15 14 6 -7 12 8 -10 11 -12 -13 17 -15 -16 -17 28 -19 19 26 -22 -23 -24 -25 -26 -27 -28 -29 29 -31
leaf_value=-7.6000747279171806e-06 -0.062736380722866317 -0.0043286785286251713 -0.014046724462446081 -0.13860475451014365 -0.075075780203966574 -0.082339864450579447 -0.053485690395619213 -0.061493250102938747 -0.20287800652912422 -0.0018921980571683266 -0.034410879240268019 0.030244189752394859 -0.0051467200967659464 -0.0020656370733954849 -0.045676472412723525 0.036799471966684205 0.041967004530185259 0.0045891966193374401 -0.025261282304282141 0.041251088023340127 -0.078730154548251607 -0.011282541853069622 -0.19978344232218082 0.021881729839525754 0.046822975347212623 0.01885415748173563 -0.010586605143730152 -0.052954365771284088 -0.21559838704087855 0.0049726700785193674
leaf_weight=575636.45594697329 253.0172310192138 707.81965076178312 287.64430524408817 14.082201942801474 30.177120007574558 666.31754056364298 388.86263187415898 71.660273564746603 76.430481530725956 3168.4841226190329 2106.4364917501807 2617.1994939576834 6479.1811841595918 1081.8268370479345 114.69473706185818 1848.9362326487899 1627.0460460931063 12347.778458107263 1431.8417578786612 55.39390623010695 644.64112530043349 370.78887113370001 6.7843190506100646 100.8433259264566 56.04708106815815 5405.0445499327034 1585.9267170242965 332.56487847864628 3.9344968143850556 141.63774708472192
leaf_count=9663674 2075 12770 1152 62 192 3047 6158 1191 664 53728 12645 68685 84025 4965 1554 36370 31900 265488 8177 2265 2903 3259 38 861 331 222234 10421 1511 168 6191
internal_value=1.24512e-05 -0.000130151 7.26964e-05 0.00292416 0.00087503 -0.0364651 0.00386056 -3.66674e-05 -0.0711275 -6.33993e-06 -0.000133034 0.0126449 -8.48629e-05 -0.0135657 0.0320541 0.0299541 0.0370439 0.00123864 -0.0248176 -0.0283493 -0.0395298 -0.0328862 0.0180607 -0.0127533 -0.022546 0.0183326 -0.0162701 -0.0395034 0.0384394 -0.000988879
internal_weight=619659 590728 585914 28931.2 27029.8 2001.16 25028.6 583778 248.934 583529 577743 5785.68 19586.6 1334.84 1901.4 2136.58 1786.7 18827 4814.24 4106.42 2132.53 759.652 5442.01 172.504 1487.89 5435.22 1973.89 387.959 1772.62 145.572
internal_count=10508704 9877348 9838970 631356 591481 10087 581394 9801448 2716 9798732 9676319 122413 358930 7040 39875 37522 38321 349513 38378 25608 11411 9417 222464 2052 8508 222426 14197 3776 38259 6359
is_linear=0
shrinkage=0.05


Tree=184
num_leaves=31
num_cat=0
split_feature=2 3 0 3 2 0 1 1 0 1 1 1 3 3 1 2 1 2 2 1 2 3 1 0 0 1 1 1 2 1
split_gain=101.991 427.042 399.527 498.354 940.151 672.606 1133.68 1490.74 774.121 599.507 504.867 482.047 2561.54 2060.08 429.659 350.439 334.503 543.645 728.298 531.197 517.811 302.903 790.048 441.393 411.285 385.241 370.809 281.457 254.749 196.951
threshold=2.1918732566761614 2.886984047952986 0.84775196362271432 4.1706843624641117 3.8073264635815938 0.54939132835591209 0.48448925507661011 0.50269308430617887 0.73397330146915241 0.33938263920338946 0.51839478915752435 0.4821648667909279 3.4451054898711253 2.8211204817941828 0.47908853962369963 1.7479461772073175 0.24005338388781233 1.9591535062539875 2.0788052307511382 0.65557905798065585 1.9397217297720586 1.6737215082293864 0.77090001566801269 -0.29435794004766241 -0.13461282072082545 0.28466839481643691 0.81545567171745659 0.59167337229920991 1.9397217297720586 0.64849074711543175
decision_type=2 2 2 2 2 2 2 2 2 2 2 2 2 2 2 2 2 2 2 2 2 2 2 2 2 2 2 2 2 2
left_child=1 15 3 4 11 10 8 -8 -7 -6 14 12 -2 -13 -5 21 17 28 -19 27 -21 23 25 -1 -25 -23 -24 -18 -17 -4
right_child=2 -3 29 5 9 6 7 -9 -10 -11 -12 13 -14 -15 -16 16 19 18 -20 20 -22 22 26 24 -26 -27 -28 -29 -30 -31
leaf_value=0.029602970347920445 -0.0023319241503811689 0.045984123676991222 0.00059430474088849913 0.007814089004527576 -0.026178465553269956 0.018461229510275349 -0.080636512547007239 0.00030708639430059433 -0.0096099153471022498 -0.10305599448010792 -0.66028328606663733 -0.048350019036773467 -0.031089951178809347 0.0053202107304568475 0.046392997468635289 0.0030930079428911424 0.0094481404821422244 -0.052463070652357779 0.00065433933174432665 0.0089449231601619831 -0.038558609117301142 0.03023410942986764 0.030255041008705359 -0.021258408589962832 0.00012480052313001107 -0.026904890197507299 -0.011402046734731391 0.025238831540234177 0.066886363369954113 -0.078698941731824457
leaf_weight=1251.1178640024737 68675.366172494367 524.74514136090875 293688.73216079012 1385.0500996783376 1006.7262199409306 6446.3884792868048 913.13103486597538 1508.5598762724549 3967.6190805928782 338.98022869229317 2.6673994623124591 1909.7739137969911 8727.2741156062111 28030.769720030949 1506.937157087028 36396.337944686413 9245.1909892968833 1048.7164097577333 1677.6524379812181 1328.1060849912465 1009.876057561487 317.37143618986011 1332.3024406284094 2286.6648876518011 135540.4148557242 4182.9407667312771 891.79118111729622 4061.744378676638 157.17127431929111 78.332424230873585
leaf_count=39916 1732904 16540 5810524 10371 10305 116097 5211 22973 35229 1795 72 11222 200992 529786 33214 234613 64024 10471 7115 13714 5392 12849 5687 11345 1302056 30414 3784 229086 646 357
internal_value=1.24677e-05 0.000937309 -0.000432612 -0.00280735 -0.0040112 0.00551064 0.000600772 -0.0302138 0.00776644 -0.0455437 0.0272824 -0.00349053 -0.00557444 0.00189683 0.0279165 0.000819547 0.0042234 0.00176084 -0.0197776 0.0104062 -0.0115739 -0.000462708 -0.0108271 3.84062e-05 -0.000229965 -0.0228753 0.0135519 0.014268 0.0033673 0.000573161
internal_weight=619438 201252 418186 124419 108689 15730.4 12835.7 2421.69 10414 1345.71 2894.65 107343 77402.6 29940.5 2891.99 200727 54924.8 39279.9 2726.37 15644.9 2337.98 145803 6724.41 139078 137827 4500.31 2224.09 13306.9 36553.5 293767
internal_count=10508704 1987652 8521052 2710171 2487004 223167 179510 28184 151326 12100 43657 2474904 1933896 541008 43585 1971112 565061 252845 17586 312216 19106 1406051 52734 1353317 1313401 43263 9471 293110 235259 5810881
is_linear=0
shrinkage=0.05


Tree=185
num_leaves=31
num_cat=0
split_feature=2 3 0 1 1 3 1 3 0 3 0 3 0 1 2 2 1 3 0 3 3 3 0 2 2 0 3 1 2 0
split_gain=101.569 286.634 221.992 237.448 251.752 318.295 457.825 178.397 168.877 190.433 168.153 221.066 167.112 1219.46 1507.66 2039.37 1035.15 825.872 821.613 1116.53 798.171 453.91 441.635 1170.35 262.052 198.014 164.737 157.76 157.745 156.36
threshold=1.7376526579221052 1.7867589845313252 -0.036988519151232406 0.67614333405659321 0.50973362990578741 2.5192273810190167 0.60907679441247298 2.5078010497536973 -0.13461282072082545 2.4464118740615888 -0.05746037115512536 1.8999738669491939 0.6787767684088023 0.4821648667909279 3.8073264635815938 3.0874994321116218 -0.21992053250312257 4.5977583100185493 0.69325036047134692 3.2079283781042389 4.1196975209922178 3.4648748605467588 0.72228569132355769 4.2198656433459165 2.3792084909459361 0.73389002726232333 1.822001825231345 0.4821648667909279 1.7479461772073175 -0.29435794004766241
decision_type=2 2 2 2 2 2 2 2 2 2 2 2 2 2 2 2 2 2 2 2 2 2 2 2 2 2 2 2 2 2
left_child=1 -1 3 4 7 28 -7 -2 9 -5 26 -12 13 16 15 -15 21 -16 19 24 -18 -4 23 -20 -14 -24 -3 -21 -6 -28
right_child=2 10 12 8 5 6 -8 -9 -10 -11 11 -13 18 14 17 -17 20 -19 22 27 -22 -23 25 -25 -26 -27 29 -29 -30 -31
leaf_value=0.0040878423070765703 -0.045662848705145379 -0.0357137014416085 -0.031086512036565046 -0.18599048121139217 -0.10704331262454746 0.048505107858899242 -0.024039635538741458 0.0079053531696428661 -0.016812826302663078 0.044582596164856776 0.019435008214419444 -0.05269758784553194 -0.034795851463377429 -0.0040094732562210396 -0.07542360484163646 0.02197522445239021 -0.023341676639763342 0.050960029988337013 -0.04594539068414117 0.044035674639964141 0.0035310449548938126 0.043462907235165819 0.01897458617317576 0.011744494690582138 -0.21303800990005534 -3.0560528953253803e-05 -0.036359031624075451 -0.035110993940576415 0.028084546766433356 0.0068810376597445337
leaf_weight=30381.482921251096 284.03444248437881 384.98582778871059 253.40583741292357 34.954103976488113 21.771273840218782 296.42685847170651 816.64536796789616 343.24221134930849 134.48371315747499 12.039429828524588 137.61862752959132 465.52647362649441 446.07872139662504 24312.561936847866 888.32086321339011 10952.527296090499 12379.197426188737 151.27433387003839 1799.0819310583174 2212.0240217018872 3557.2224923707545 1051.1845838725567 1374.1667329166085 1719.2711157239974 21.620280995965004 519847.09251567232 244.8762207403779 64.805631903931499 2706.6193329575472 1429.8559920154512
leaf_count=768509 1411 1573 2494 224 413 14470 24366 2208 759 67 767 3903 2148 332403 4290 311041 167768 4979 83681 74368 49296 7624 10367 26805 130 8427931 1154 361 174925 8269
internal_value=1.21674e-05 0.00270919 -0.00014 0.0107411 0.0130179 0.0178135 -0.00471995 -0.0163506 -0.0453249 -0.126919 -0.0130203 -0.0362392 -0.000227085 -0.00288853 0.00231133 0.00406078 -0.013838 -0.0570332 4.30816e-05 0.0273289 -0.0173433 0.0289823 -9.96306e-05 -0.0177548 -0.0430354 1.95453e-05 -0.00622116 0.0417829 0.0270063 0.000558555
internal_weight=618724 33044.3 585680 4650.22 4468.74 3841.46 1113.07 627.277 181.477 46.9935 2662.86 603.145 581030 53545.7 36304.7 35265.1 17241 1039.6 527484 2744.53 15936.4 1304.59 524740 3518.35 467.699 521221 2059.72 2276.83 2728.39 1674.73
internal_count=10508704 784175 9724529 218843 217793 214174 38836 3619 1050 291 15666 4670 9505686 879895 652713 643444 227182 9269 8625791 77007 217064 10118 8548784 110486 2278 8438298 10996 74729 175338 9423
is_linear=0
shrinkage=0.05


Tree=186
num_leaves=31
num_cat=0
split_feature=2 0 1 0 0 1 1 1 1 3 0 2 2 1 2 1 1 1 1 1 1 2 2 0 0 1 3 1 1 3
split_gain=96.6886 653.045 293.88 261.399 159.422 131.632 129.11 226.167 395.046 221.523 158.717 528.721 941.831 142.359 123.186 204.541 117.961 178.979 110.763 217.521 105.188 94.8587 90.8029 86.5216 84.4642 64.7999 63.5338 60.8764 66.91 57.7542
threshold=7.8263922073548722 2.2067740511318386 -0.25962049904085055 1.9234825191119804 2.6102622818169956 -0.078378792481532941 -0.42321740060184992 -0.40907124151584356 -0.40041746822470409 3.9087007104622415 1.5128158436432169 4.6255220187935064 4.5887140422593093 -0.10278471256184683 8.4921764472094434 -0.14282830981264405 -0.12489803882170993 -0.11968728775692156 -0.338784733173979 -0.5641740028179979 -0.32155661748652864 8.2590892188540597 7.5094710127289455 2.010777875261029 2.3373608547585905 -0.071064744371550193 8.0333519505345929 -0.32155661748652864 -0.10414513001979323 7.8987502907300291
decision_type=2 2 2 2 2 2 2 2 2 2 2 2 2 2 2 2 2 2 2 2 2 2 2 2 2 2 2 2 2 2
left_child=3 5 4 6 -3 21 10 9 -9 -8 -1 12 -12 -10 16 24 26 -18 19 -5 -6 27 -20 -24 -16 -7 -4 -2 -29 -27
right_child=1 2 14 18 20 25 7 8 13 -11 11 -13 -14 -15 15 -17 17 -19 22 -21 -22 -23 23 -25 -26 29 -28 28 -30 -31
leaf_value=-0.040044331517114534 -0.040739475905177208 0.048296561473979011 0.037255751413818983 -0.030841200861860315 -0.0047635142137235319 0.046797543446759633 0.043584767788847498 -0.05279402740080047 0.0019432113245755585 -0.020752431840153959 0.033824922283414716 -0.018181937715353549 0.72746678723909053 -0.00030584087405951556 0.026612506989837761 -0.050792851089238492 -0.048824193076913658 0.005413637021868061 -0.063933061699177854 0.098913244702764053 0.039313433751238663 0.032894270773139632 0.0014429882881556453 -0.092235310322041492 -0.012500477656513862 0.022134514203245349 0.00076129620975304681 0.027484264844734804 -0.006465400938474912 -0.37588147066866262
leaf_weight=417.37510001519695 70.0562510387972 335.22497682226822 295.06552995741367 133.06614026753232 530.54741781810299 848.44786694273353 548.64316530525684 354.62035233806819 81197.761525411159 176.94284008536488 16.741756144911054 146.36605759523809 6.9150939583778372 527148.53629528685 145.82422418892384 354.2817587852478 205.03211736679077 589.20036348700523 272.9954923465848 42.652875209227204 181.72067642211914 461.01643027365208 129.04668598994613 30.467694066464901 2582.1595251709223 343.35772935673594 200.15848077833652 260.45919449627399 327.76569589227438 0.91385478898882766
leaf_count=29130 4551 1540 2102 18870 14796 26845 3883 4193 3360842 5293 335 16667 115 6956521 636 1475 1356 9439 1358 441 761 10068 2825 186 11762 10838 1149 1682 9037 8
internal_value=1.19513e-05 0.00556845 -0.00392326 -5.84008e-05 0.0198636 0.0278164 -2.57346e-05 -3.15133e-06 -3.6407e-05 0.0278954 -0.0234559 0.0172657 0.236582 -5.65329e-06 -0.00962275 -0.0150514 0.00335371 -0.00858793 -0.0328206 0.000654538 0.00648182 0.0155009 -0.0464207 -0.0164498 -0.0104097 0.0393737 0.0225055 0.00331976 0.00856712 0.021078
internal_weight=618353 7731.23 5419.22 610622 1047.49 2312.02 610014 609427 608701 725.586 587.398 170.023 23.6569 608346 4371.72 3082.27 1289.46 794.232 608.229 175.719 712.268 1119.3 432.51 159.514 2727.98 1192.72 495.224 658.281 588.225 344.272
internal_count=10508704 108045 45016 10400659 17097 63029 10376979 10330732 10321556 9176 46247 17117 450 10317363 27919 13873 14046 10795 23680 19311 15557 25338 4369 3011 12398 37691 3251 15270 10719 10846
is_linear=0
shrinkage=0.05


Tree=187
num_leaves=31
num_cat=0
split_feature=3 2 1 3 2 3 2 1 1 0 0 1 0 1 0 2 0 3 2 3 0 3 3 2 3 2 0 0 0 3
split_gain=94.9434 834.012 547.374 675.83 394.225 346.053 328.712 325.912 492.355 355.18 284.524 281.525 321.327 272.249 268.287 265.409 258.72 247.651 791.874 420.529 654.961 321.502 245.579 245.127 230.763 405.314 352.676 343.207 264.744 222.473
threshold=5.5624806248407035 4.8601466769752113 0.35815495563763139 5.6392313342877074 5.097305268989758 5.6987316728617001 5.0250407876392549 0.38752962573626226 0.35151777469246026 1.0173126806855874 0.95392475405677601 0.30319162137730488 1.1978845133089424 0.37851520143374123 1.5671198004630646 4.9112368614918331 1.1049979010730218 5.4276012788821086 4.7175654691367521 5.3927962824008544 0.99613603573865839 5.3502379994730473 5.4641271491583385 5.0136407960728784 5.6167883586876535 4.9372592344747188 1.0130834834924871 1.0275931358599182 1.0480801346188839 5.6987316728617001
decision_type=2 2 2 2 2 2 2 2 2 2 2 2 2 2 2 2 2 2 2 2 2 2 2 2 2 2 2 2 2 2
left_child=1 14 3 6 23 -6 -2 8 11 13 -7 12 -3 -10 17 -9 -17 19 -19 21 -21 -1 -20 -5 25 -4 -27 -28 -26 -25
right_child=2 7 24 4 5 10 -8 15 9 -11 -12 -13 -14 -15 -16 16 -18 18 22 20 -22 -23 -24 29 28 26 27 -29 -30 -31
leaf_value=2.9934202384539786e-05 0.020946538670451438 0.0038195851554631518 0.038928744184956003 -0.09032785495418133 -0.020910106924508787 0.031157309543102547 -0.040370509115239615 -0.033364523648527732 0.002753797980371368 0.025056596401935846 0.00085133688935075348 -0.058927536742440716 -0.034610534959657345 -0.019207820329682684 -0.060123248691254585 -0.071145811732457626 0.012434486016523444 0.042607018024020442 -0.015016436814651294 0.011119554138433602 -0.029522144657858285 0.015483481934866728 0.0082123460231068833 0.048001748885608125 0.03319664977418546 0.013677927789279166 -0.076575308159252953 -0.0085894592629769447 0.0022722850674532645 -0.10350067280821883
leaf_weight=523674.13498256123 257.91585311293602 950.42230193945579 807.04760780185461 36.267793834209442 1814.1209283834323 785.77160557731986 1432.8159875809215 2655.9575961977243 3610.6621465533972 1104.2221801951528 53823.20785874268 523.62286821752787 1271.7705140281469 2316.5405394881964 184.86798781808466 108.24565606564283 640.16742268204689 1434.7727603316307 1689.7264139205217 1517.3044066615403 2859.6105449125171 3387.412113096565 3483.6678413525224 709.78718009218574 2364.3824906311929 2053.4509407877922 213.02257747203112 1443.8756659701467 978.52270914614201 25.087807223200798
leaf_count=9068331 2579 23701 15995 193 18934 7247 8867 12039 24831 14470 977134 2800 19367 12582 1081 467 3778 51767 15805 14702 11869 38486 39206 12346 44969 32327 1776 17447 13460 148
internal_value=1.12835e-05 -0.000204304 0.00179235 0.000138034 0.00105901 0.000573714 -0.0310168 -0.0126299 -0.00799069 -0.00097912 0.00128741 -0.0259457 -0.0181741 -0.00582951 0.000100006 -0.0259536 0.000345969 0.000120698 0.00974049 1.08124e-06 -0.0154333 0.000129254 0.000625395 0.0365671 0.0141856 0.00681586 -0.000169102 -0.0173302 0.0241446 0.0428296
internal_weight=618158 551413 66745.3 58885 57194.2 56423.1 1690.73 13181.6 9777.24 7031.42 54609 2745.82 2222.19 5927.2 538231 3404.37 748.413 538047 6608.17 531438 4376.91 527062 5173.39 771.143 7860.3 4517.4 3710.35 1656.9 3342.91 734.875
internal_count=10508704 9355282 1153422 1027448 1016002 1003315 11446 114035 97751 51883 984381 45868 43068 37413 9241247 16284 4245 9240166 106778 9133388 26571 9106817 55011 12687 125974 67545 51550 19223 58429 12494
is_linear=0
shrinkage=0.05


Tree=188
num_leaves=31
num_cat=0
split_feature=2 3 0 3 2 3 1 1 1 0 0 3 1 3 0 0 0 0 2 2 1 2 2 1 1 3 3 2 2 0
split_gain=94.4008 405.485 360.081 458.803 1504.64 1193.89 1030.72 889.331 1298.6 793.987 556.721 1379.89 439.076 334.415 427.199 330.733 425.672 305.73 300.078 295.621 243.996 224.59 454.858 266.682 197.877 179.615 618.861 344.615 1278.98 296.312
threshold=2.1918732566761614 2.886984047952986 0.84775196362271432 2.9495574610627568 2.4795005822973986 3.1567621018229679 0.49594010002770628 0.48448925507661011 0.63406905663052393 0.010501662944753633 0.11347584474032892 2.3869707522783354 0.4320501273914738 1.6649536825965745 -0.29435794004766241 -0.13461282072082545 -0.1108502728836893 -0.29435794004766241 1.2845315348386654 1.1907534103532191 0.59167337229920991 2.121401050456162 1.9591535062539875 0.72828833234014589 0.3060508533143424 2.4106851088030226 2.3342600632105683 2.5611863177758649 2.5804041690832826 0.9323631817480672
decision_type=2 2 2 2 2 2 2 2 2 2 2 2 2 2 2 2 2 2 2 2 2 2 2 2 2 2 2 2 2 2
left_child=1 13 3 7 -5 12 -7 10 20 -10 24 -12 -6 14 -1 19 -17 18 -15 -16 -9 22 -19 -23 -2 26 -4 -27 -29 -30
right_child=2 -3 25 4 5 6 -8 8 9 -11 11 -13 -14 17 15 16 -18 21 -20 -21 -22 23 -24 -25 -26 27 -28 28 29 -31
leaf_value=0.028550033206864445 -0.083678051203531917 0.04564294408965041 0.00090828642749093578 0.038257688099020241 0.014148920972850613 -0.004635567236417208 0.0098428236910740024 -0.023054265139521191 0.045681611159152563 -0.01679864264916351 -0.0037501528456321573 -0.095817301929760457 -0.035517888007441871 0.060762531867933657 -0.027464385469557324 0.051198642653825489 -0.00094518288101944764 0.0041235579720247922 -0.048155413539743404 0.024366463221224325 -0.061055660344307566 0.019935646441734334 -0.011476088201350092 -0.049831313062749474 0.042725573101614053 -0.0045487118790612556 0.014104000506420187 0.037670487092846025 -0.0059514960724419246 0.00091837017170458561
leaf_weight=1224.4152483558282 32.263607367873192 505.13326116092503 74812.674326919019 2527.846363466233 517.08144541829824 32989.157859989442 19593.345153685659 547.01082584261894 655.91273706033826 2262.028394728899 58440.957610432059 409.83576014637947 3191.5553317219019 72.874202683568001 1935.4843984693289 392.6833036057651 118828.79193584993 68966.797154298052 478.21794041618705 320.68623000383377 1854.2277774401009 2987.9139810185879 5012.521178143099 143.55364808440208 766.92551416903734 38140.813653178513 10082.685462810099 2308.8047545123845 17525.255890395492 150390.24243577919
leaf_count=39912 152 16540 730263 39241 3191 710461 456785 2806 12670 15902 1430482 2297 20621 323 9796 2996 696180 1074026 2233 1453 10296 43794 99767 632 5267 182765 1450056 118219 480759 2848819
internal_value=1.12715e-05 0.000901762 -0.000417628 -0.00267896 0.000520219 -0.00117444 0.000759385 -0.00557529 -0.0251651 -0.00275395 -0.00382841 -0.00439131 -0.028593 0.000788966 -0.000836138 -0.00113233 -0.000773435 0.00335655 -0.0337525 -0.0200973 -0.0523988 0.00362176 0.00306659 0.0167374 0.0376226 0.000536902 0.00247549 -0.000252947 0.000709571 0.000201366
internal_weight=617918 200869 417049 123788 58819 56291.1 52582.5 64969.2 5319.18 2917.94 59650 58850.8 3708.64 200364 122702 121478 119221 77661.9 551.092 2256.17 2401.24 77110.8 73979.3 3131.47 799.189 293260 84895.4 208365 170224 167915
internal_count=10508704 1987652 8521052 2710171 1230299 1191058 1167246 1479872 41674 28572 1438198 1432779 23812 1971112 750337 710425 699176 1220775 2556 11249 13102 1218219 1173793 44426 5419 5810881 2180319 3630562 3447797 3329578
is_linear=0
shrinkage=0.05


Tree=189
num_leaves=31
num_cat=0
split_feature=1 2 0 1 0 1 3 0 1 0 0 2 1 2 3 3 2 1 1 1 1 3 1 3 1 0 3 1 1 0
split_gain=91.8699 118.778 479.608 363.85 345.079 220.611 214.783 1074.54 532.85 208.748 345.765 174.061 155.914 147.456 140.814 117.06 329.835 114.43 95.6168 111.905 77.9371 74.2224 64.8456 46.3043 150.968 67.8092 35.0445 39.6364 31.8038 12.0452
threshold=-0.5151551456145852 7.2886576889082564 2.2067740511318386 -0.25962049904085055 1.7488777503825836 -0.31248217156279456 6.8745952661962386 1.5671198004630646 0.090576965594080613 1.5671198004630646 1.4917628740083473 7.8263922073548722 0.036481381503136207 4.1296149811447345 7.7900101381907199 8.3102505804131521 8.750048439177446 -0.19573877347933266 -0.078378792481532941 -0.10414513001979323 -0.035870797469251633 8.0333519505345929 -0.071064744371550193 8.0333519505345929 -0.42321740060184992 2.6102622818169956 7.1092768689660595 -0.11968728775692156 -0.43279454579636589 2.7421961862478588
decision_type=2 2 2 2 2 2 2 2 2 2 2 2 2 2 2 2 2 2 2 2 2 2 2 2 2 2 2 2 2 2
left_child=21 4 11 23 6 28 9 8 -8 10 -2 14 -9 -11 20 16 -5 -17 19 -13 -3 29 -20 24 -4 -25 27 -7 -6 -1
right_child=1 2 3 15 5 26 7 12 -10 13 -12 18 -14 -15 -16 17 -18 -19 22 -21 -22 -23 -24 25 -26 -27 -28 -29 -30 -31
leaf_value=-0.03617478614667758 4.2297747339850276e-06 -0.010608009244244798 0.132826557820059 -0.0077052192872746634 0.20495171655352018 -0.060874480942356646 -0.014750309220875626 -0.059366114742110787 -0.083644285606218768 -0.070397274427359019 0.022776060146400906 0.029142566204102483 0.017767944284280562 -0.01253505361056031 -0.12220994358567422 -0.014526988791150672 0.074387342812235122 -0.052102233395661106 0.046489955846955817 -0.0062031225072382576 0.016351506080291234 0.0020621293792980151 0.020391188194134904 0.048512501871225869 -0.078444182293379572 0.01774550853416005 -0.10287874766084693 -0.022333519328108984 0.062554528569877949 -0.0079480221840663723
leaf_weight=337.05926392925903 602730.12966922321 394.58933444600552 11.505005514249204 3081.9366408661008 4.6278520971536663 259.76455372571945 532.51998854894191 68.789228178560734 593.41795714199543 169.36757217347622 1671.5847910959274 700.33849539235234 1375.9568654857576 314.68367517087609 21.216411763802171 903.99446146190166 127.41548025608063 261.1496889591217 810.73532376438379 329.19148736819625 836.12914123386145 250.32915767654777 336.90508479997516 309.29963819682598 31.902029052376747 425.38063494861126 35.859923176467419 89.761080995202065 25.678703933954239 42.568059001583606
leaf_count=49830 10279147 3467 274 21564 27 1228 5286 1167 2648 823 23085 11258 21669 4546 96 4590 521 1321 26845 9037 18080 2992 10846 1356 144 1886 154 551 138 4128
internal_value=1.143e-05 3.09325e-05 0.00587219 -0.00377064 -5.1532e-05 -0.0455918 -2.03681e-05 -0.0144423 -0.0510604 4.09233e-05 6.72095e-05 0.0203615 0.0140953 -0.0327808 0.00550612 -0.00937427 -0.00444604 -0.0229489 0.0289038 0.0178408 0.00770783 -0.019073 0.0388283 0.0277336 -0.022447 0.0306984 -0.0558063 -0.0509768 0.0842988 -0.0330097
internal_weight=617084 616454 8581.69 5152.58 607872 415.692 607456 2570.68 1125.94 604886 604402 3429.11 1444.75 484.051 1251.93 4374.5 3209.35 1165.14 2177.17 1029.53 1230.72 629.956 1147.64 778.087 43.407 734.68 385.386 349.526 30.3066 379.627
internal_count=10508704 10451754 111285 31656 10340469 2098 10338371 30770 7934 10307601 10302232 79629 22836 5369 21643 27996 22085 5911 57986 20295 21547 56950 37691 3660 418 3242 1933 1779 165 53958
is_linear=0
shrinkage=0.05


Tree=190
num_leaves=31
num_cat=0
split_feature=2 3 2 2 3 1 3 3 2 0 1 3 0 0 0 2 0 1 3 0 1 1 1 1 0 2 2 3 2 2
split_gain=85.2705 383.01 330.473 920.125 902.859 515.058 404.373 442.751 666.982 385.458 322.296 302.328 392.404 300.516 392.754 288.432 693.058 775.004 504.032 474.203 1145.36 577.476 443.534 331.255 278.599 272.655 268.506 266.759 261.247 204.82
threshold=2.1918732566761614 2.886984047952986 2.3236391574780266 2.2977714132532721 2.8211204817941828 0.60445080788633843 2.9495574610627568 2.9202237833458864 2.2558613311817459 0.86016141696577131 0.63406905663052393 1.6649536825965745 -0.29435794004766241 -0.13461282072082545 -0.1108502728836893 2.4404158053219569 0.086608706665670512 0.45204277284632283 2.9878634614873074 0.15276056255599116 0.59995719444268236 0.59167337229920991 -0.089114404342893999 0.60445080788633843 -0.29435794004766241 1.2845315348386654 1.1907534103532191 2.2178256005370165 2.7428949564256309 2.121401050456162
decision_type=2 2 2 2 2 2 2 2 2 2 2 2 2 2 2 2 2 2 2 2 2 2 2 2 2 2 2 2 2 2
left_child=1 11 3 6 5 9 7 10 -9 -5 -2 12 -1 26 -15 18 17 28 22 20 -18 -21 -4 -19 25 -13 -14 -24 -17 -26
right_child=2 -3 15 4 -6 -7 -8 8 -10 -11 -12 24 13 14 -16 16 19 23 -20 21 -22 -23 27 -25 29 -27 -28 -29 -30 -31
leaf_value=0.027624044048536325 -0.0024668127858136941 0.045263314017081849 0.013158140195375846 0.020227364834154798 0.036284949052152689 -0.074881070924722945 0.05009256699350291 -0.066092810846504244 0.04715614839757943 -0.037502906008436802 0.026700517097501347 0.056765548551252126 -0.026269331285788278 0.049732740480001952 -0.00089856784427532583 0.037506807552291799 -0.011982893387237004 -0.052867514320985402 0.036175808729366779 -0.00010717495753523039 0.044888558445314308 -0.015421047966158834 0.032402423705381392 0.022389590272516365 0.0029173831948864242 -0.046424856839773897 0.023173501167710355 0.00071731427647926498 -0.038403409030453403 0.016018519852651136
leaf_weight=1202.7382272239774 73018.495078884065 484.42453699372709 8681.5031456500292 355.44620344787836 442.74276707321405 784.00814871490002 367.62747597321868 580.80861977487803 167.50933632999659 1550.0123900771141 959.55888684466481 74.072376564145088 1922.7055024206638 384.25985099282116 118773.21611248516 479.55139051377773 1683.7355548813939 1510.2124590277672 1135.5992905534804 255862.49477611948 1866.9508450478315 6307.845337305218 671.75992961227894 161.89507085084915 73874.436366090085 471.41914585605264 320.34104219824076 59620.231129545718 148.4212911054492 3108.825560817495
leaf_count=39912 1488364 16540 1421895 1676 6959 3733 3941 2626 3236 6234 15894 323 9796 2996 696180 3431 17440 6388 21177 4759570 32931 43989 2707 1819 1173793 2233 1453 676107 935 44426
internal_value=1.0991e-05 0.000857801 -0.000397034 -0.00332571 -0.0298775 -0.0407693 -0.00221822 -0.00247557 -0.0407423 -0.0267338 -0.00208849 0.000750316 -0.00079505 -0.0010766 -0.000735292 0.000280513 -0.000466369 -0.0277946 0.00313578 -0.000229816 0.0179201 -0.000475628 0.0025918 -0.045581 0.00319414 -0.0324126 -0.0192081 0.00107034 0.0195654 0.00344645
internal_weight=616973 200616 416356 78226.2 3132.21 2689.47 75094 74726.4 748.318 1905.46 73978.1 200132 122603 121401 119157 338130 268021 2300.08 70109.1 265721 3550.69 262170 68973.5 1672.11 77528.8 545.492 2243.05 60292 627.973 76983.3
internal_count=10508704 1987652 8521052 1532663 18602 11643 1514061 1510120 5862 7910 1504258 1971112 750337 710425 699176 6988389 4866503 12573 2121886 4853930 50371 4803559 2100709 8207 1220775 2556 11249 678814 4366 1218219
is_linear=0
shrinkage=0.05


Tree=191
num_leaves=31
num_cat=0
split_feature=1 1 2 1 0 3 2 1 1 1 0 0 1 3 3 3 2 2 0 0 0 3 3 0 0 1 2 0 1 2
split_gain=84.5975 111.936 465.628 536.454 256.377 618.713 213.494 170.199 523.786 774.635 244.125 229.942 161.971 130.053 84.2979 70.4461 68.1543 23.3763 14.7465 30.1165 13.6749 11.8414 95.9032 77.0506 16.3289 55.6466 11.6961 16.7196 10.7341 9.7346
threshold=-0.5151551456145852 -0.34304814104621323 3.4437761330069674 -0.35521173176235915 1.3409395388167957 3.7772219975316736 5.1493983947908895 -0.3327390262831656 -0.33035528887943305 -0.31248217156279456 1.1217607961392175 1.0774002105738207 -0.272696703161662 3.9087007104622415 5.1431998863235968 8.0333519505345929 3.4841929324469612 3.4841929324469612 2.1085648409144384 2.4781188074031557 0.95950162625237101 5.9556827520795146 5.5147607236570977 1.8358058112658826 1.7488777503825836 -0.61675189075187198 8.4921764472094434 2.7421961862478588 -0.80556013693077455 5.8957592451690761
decision_type=2 2 2 2 2 2 2 2 2 2 2 2 2 2 2 2 2 2 2 2 2 2 2 2 2 2 2 2 2 2
left_child=15 2 -2 4 5 -4 17 10 16 11 20 -10 -11 -6 -8 21 -9 -5 -12 -20 -3 22 -1 29 -23 -26 -17 28 -28 -24
right_child=1 7 3 6 13 -7 14 8 9 12 18 -13 -14 -15 -16 26 -18 -19 19 -21 -22 24 23 -25 25 -27 27 -29 -30 -31
leaf_value=-0.040796346299809522 0.020493916094328716 -0.033548450136873777 0.0029942932691006752 -0.068333885747772327 0.042638207315489576 -0.034677457404626154 0.065833105246026244 0.021361495446779247 -0.040116931616835029 0.0043596906278156626 -0.0047967167365552017 0.013597296960704603 -0.00014772314304991948 0.010353490887581501 -0.018237427759737888 -0.033355602411343645 -0.037453416435082335 -0.046247935423479332 0.050132305643866094 -0.041759663053299131 -0.061372154383019864 -0.049973332402882792 0.4455544738011506 -0.050563038133897814 -0.034307634125072171 0.060591886342123896 0.09522136491583047 -0.0022027143096472099 0.022056360721201297 0.26681790837954872
leaf_weight=26.534807575400922 3408.2410199036822 57.603299671784043 17473.291552528739 158.1223461329937 532.65512964129448 1162.4363003822509 55.936171613633633 3080.3886134400964 1536.8361331820488 20676.857935961336 13469.929007053375 228.91897431015968 552274.90409439988 752.79278779309243 63.856917009688914 21.437660999596119 50.05628846026957 494.43669195845723 31.587143182754517 12.423240289092062 189.23266706150025 119.7725204853341 1.500117011368274 1.9051155978813765 199.52434434928 16.743508064653724 5.5964656993746749 175.54189121350646 48.083971105515957 1.5477605573832987
leaf_count=6556 250271 3346 244557 766 3883 42396 388 251734 36938 615655 201369 1039 8755661 13940 1143 591 1177 25680 156 52 1603 16623 22 182 30355 195 43 2081 277 25
internal_value=1.07772e-05 2.93387e-05 0.00336945 0.000549031 0.00213418 0.000644452 -0.0403364 -0.000106735 2.41368e-05 -8.69637e-05 -0.00560236 -0.0331532 1.49418e-05 0.0237314 0.0210185 -0.0184764 0.020421 -0.0515996 -0.00470231 0.0241931 -0.054879 -0.0324155 -0.00309636 0.198875 -0.0351628 -0.0269605 0.00196172 0.00526472 0.0296842 0.354789
internal_weight=616329 615711 24101.8 20693.5 19921.2 18635.7 772.352 591609 577848 574718 13760.8 1765.76 572952 1285.45 119.793 618.188 3130.44 652.559 13513.9 44.0104 246.836 367.528 31.4878 4.95299 336.04 216.268 250.66 229.222 53.6804 3.04788
internal_count=10508704 10451754 583024 332753 304776 286953 27977 9868730 9662204 9409293 206526 37977 9371316 17823 1531 56950 252911 26446 201577 208 4949 53958 6785 229 47173 30550 2992 2401 320 47
is_linear=0
shrinkage=0.05


Tree=192
num_leaves=31
num_cat=0
split_feature=3 2 3 1 0 1 1 0 2 3 3 0 1 3 0 1 0 0 2 0 0 0 2 0 1 3 2 2 3 1
split_gain=84.1881 1047.78 711.746 650.092 1075.51 722.31 525.986 390.561 328.088 719.617 515.93 506.658 432.556 635.556 430.047 274.83 271.911 255.05 157.714 144.928 125.432 200.511 499.776 121.389 117.188 113.745 1157.04 106.884 101.394 95.8014
threshold=6.0960189868513011 5.6979441667398492 5.9792854635995463 0.26484938859632151 1.1978845133089424 0.25080577396248743 0.1993960117340505 1.3269847429671329 5.5444535459815718 5.9103169666703588 5.879639423924421 1.0258464208620672 0.29469259081224436 5.9672796688322203 1.1397371679650312 0.078424753846921769 1.4362370908715618 1.066066415758957 5.7330338322751588 1.5671198004630646 1.1752492834636312 1.181305133447065 5.7330338322751588 1.3326662166730445 0.05129715932657293 6.0081958967181253 5.6251431817785766 5.8525095615507077 6.0763543467853927 0.33358636304824579
decision_type=2 2 2 2 2 2 2 2 2 2 2 2 2 2 2 2 2 2 2 2 2 2 2 2 2 2 2 2 2 2
left_child=1 2 8 4 5 15 7 24 9 10 -1 -11 14 -14 -10 -2 18 -4 -5 -9 -3 22 28 27 -6 26 -19 -8 -22 -20
right_child=3 20 17 16 6 -7 23 19 12 11 -12 -13 13 -15 -16 -17 -18 25 29 -21 21 -23 -24 -25 -26 -27 -28 -29 -30 -31
leaf_value=1.6022783109403904e-06 -0.060170136564028191 -0.0037586478795683803 -0.01399193811045828 -0.1277193777753434 -0.049716785740491432 -0.076168333945041522 0.032587768239731592 -0.0044748609151224151 -0.063473726213738452 -0.039979165545062097 -0.021169027486469729 0.036171025318215443 -0.015259836592842788 -0.096643044411445306 0.034700034832857912 -0.0020510262459615377 -0.04239668933659628 0.031254497149436705 0.041387898329899503 0.0047400786875436245 -0.023781238301812779 -0.015093055004294198 -0.073569310280963904 -0.033956038413066957 -0.013677638447918614 0.036082940848626233 -0.14773041171188622 0.014416554649437103 0.045688235497350183 -0.0010358913209173729
leaf_weight=572386.56088112993 250.50306619284675 701.90816542040557 408.14824561774731 14.517046019434927 476.15207399893552 684.57850223779678 967.81346440687776 7137.56946832221 145.48568789265119 244.62977658212185 2892.3566879071295 2039.5169914290309 787.42671545594931 345.00575131177902 478.2055693527218 1081.9197843521833 116.93621000647545 1056.2004388198256 1565.4646785277873 10608.843547211029 1449.8114227950573 1972.1520176720805 655.79618944739923 117.37907703593373 428.61234419420362 1788.5389283187687 98.734373353421688 4939.6334819979966 54.499310508370399 145.43693835660815
leaf_count=9658549 2075 12770 1644 62 7020 3047 36864 143747 3102 1160 24453 62641 13410 5695 10610 4965 1554 20592 31900 176614 8177 14197 2903 1887 2927 36370 744 212335 331 6359
internal_value=1.01671e-05 -0.000118651 7.36793e-05 0.00266236 0.000679675 -0.0344249 0.0035491 -0.000599857 -5.92404e-05 6.37172e-06 -0.000104838 0.0280154 -0.0216381 -0.040054 0.0117995 -0.0129777 0.0313885 0.0230485 0.0363892 0.00103385 -0.0233006 -0.02662 -0.0371439 0.0163931 -0.032644 0.0281846 0.0159532 0.0173935 -0.0212644 0.0377816
internal_weight=616040 587505 582671 28535.4 26693 2017 24676 18651.2 579319 577563 575279 2284.15 1756.12 1132.43 623.691 1332.42 1842.35 3351.62 1725.42 17746.4 4834.17 4132.26 2160.11 6024.83 904.764 2943.47 1154.93 5907.45 1504.31 1710.9
internal_count=10508704 9877348 9838970 631356 591481 10087 581394 330308 9779620 9746803 9683002 63801 32817 19105 13712 7040 39875 59350 38321 320361 38378 25608 11411 251086 9947 57706 21336 249199 8508 38259
is_linear=0
shrinkage=0.05


Tree=193
num_leaves=31
num_cat=0
split_feature=3 2 1 3 2 0 0 2 3 2 0 2 2 0 3 2 3 0 3 1 2 3 3 2 2 3 0 3 2 1
split_gain=83.4698 751.15 505.469 596.854 371.72 326.135 469.683 293.029 526.381 370.481 340.525 295.821 292.475 227.928 225.058 752.229 382.779 592.304 293.209 231.968 223.443 219.492 218.975 381.687 322.079 250.759 247.51 202.737 198.791 197.548
threshold=5.5624806248407035 4.8601466769752113 0.35815495563763139 5.6392313342877074 5.097305268989758 0.9323631817480672 0.95392475405677601 5.2487551992938792 5.5344402635264043 4.9112368614918331 1.1978845133089424 4.9829167156969527 5.0136407960728784 1.5671198004630646 5.4276012788821086 4.7175654691367521 5.3927962824008544 0.99613603573865839 5.3502379994730473 0.40286875436287989 5.0136407960728784 5.5344402635264043 5.6167883586876535 4.9372592344747188 4.9586306078131051 5.587941001131477 1.0480801346188839 5.6987316728617001 4.9255070070563542 0.18302979933995736
decision_type=2 2 2 2 2 2 2 2 2 2 2 2 2 2 2 2 2 2 2 2 2 2 2 2 2 2 2 2 2 2
left_child=1 13 3 12 20 29 -7 8 9 -3 -11 -10 -2 14 16 -16 18 -18 -1 -17 -5 -9 23 28 25 -25 -24 -22 -4 -6
right_child=2 7 22 4 5 6 -8 21 11 10 -12 -13 -14 -15 15 19 17 -19 -20 -21 27 -23 26 24 -26 -27 -28 -29 -30 -31
leaf_value=3.0523262602074287e-05 0.020791350382705409 -0.023539921854062833 -0.046348694722922301 -0.082898949858740134 -0.0017984894285822839 0.038164450930671417 0.00012772260648144087 -0.017790413961899357 0.017582967264075395 0.0028495431671385577 -0.037623810577387423 -0.028890797610359665 -0.037531596813435777 -0.056891372843718119 0.042149518873459392 0.0034896306008599513 0.010636995163063514 -0.028136024023022174 0.014882482885129911 -0.037955467377180571 0.04761021709250713 -0.062538502693903805 0.032493815576396239 -0.057466726091680326 0.0052510868622586537 0.04143215709729714 0.0024702271974361614 -0.094584137631572862 0.045852784006719917 -0.13121880853755793
leaf_weight=521966.42269183882 251.97458240389824 5513.7296106666327 63.663379181176424 37.480534434318542 48.448605814948678 823.71457794681191 55154.827158985892 660.96462529012933 2180.256018050015 3328.4122019037604 615.85642373003066 406.21144369244576 1463.1545666099992 175.39181190822273 1378.3609008993953 4805.3257297202945 1504.0630372539163 2853.9822130650282 3344.438286844641 363.12775315344334 681.0625040717423 468.12306207581423 2294.1502407900989 366.06095161288977 3262.3337250500917 77.697556279599667 979.54642200656235 26.025252416729927 715.30611982941628 75.331356942653656
leaf_count=9068331 2551 28143 1294 193 204 7833 994924 19824 21333 29431 8594 4164 8895 1081 51767 51916 14702 11869 38486 3095 12346 2546 44969 3865 46620 1065 13460 148 14701 354
internal_value=1.04128e-05 -0.000191796 0.00168601 9.71676e-05 0.000973949 0.000508163 0.000687426 -0.0119872 -0.00970401 -0.0151701 -0.00346995 0.0102841 -0.0289632 9.78945e-05 0.000116535 0.00933024 2.65196e-06 -0.0147546 0.00012508 0.00057776 0.0360704 -0.0363431 0.0136784 0.00650196 -0.000185195 -0.0401505 0.0235102 0.0423766 0.0383174 -0.0805625
internal_weight=615885 549565 66320.8 58562 56846.9 56102.3 55978.5 13173.6 12044.5 9458 3944.27 2586.47 1715.13 536391 536216 6546.81 529669 4358.05 525311 5168.45 744.568 1129.09 7758.76 4485.06 3706.09 443.759 3273.7 707.088 778.969 123.78
internal_count=10508704 9355282 1153422 1027448 1016002 1003315 1002757 114035 91665 66168 38025 25497 11446 9241247 9240166 106778 9133388 26571 9106817 55011 12687 22370 125974 67545 51550 4930 58429 12494 15995 558
is_linear=0
shrinkage=0.05


Tree=194
num_leaves=31
num_cat=0
split_feature=2 3 0 1 2 3 1 3 0 2 1 2 3 0 3 3 0 1 1 1 0 2 0 1 1 0 2 0 3 0
split_gain=80.7431 255.21 194.56 310.125 473.904 370.538 306.131 282.087 269.49 226.867 1336.88 494.631 202.034 162.4 208.024 154.86 143.696 170.395 148.923 139.074 239.405 403.461 435.892 163.689 798.649 672.522 671.523 598.613 1920.94 828.669
threshold=1.7376526579221052 1.7867589845313252 -0.085841960609527465 0.61605978232732939 1.7768543407300432 2.5192273810190167 0.6266488014802738 2.3869707522783354 -0.1108502728836893 1.7768543407300432 0.60907679441247298 1.8215371970912557 2.4902154955582589 -0.05746037115512536 1.8999738669491939 1.822001825231345 -0.1108502728836893 0.72828833234014589 0.81545567171745659 0.72828833234014589 0.11347584474032892 2.0502117385089442 0.040698957478679749 0.53516931452139527 0.57145327630474652 0.40086358386613169 2.2260795454908346 0.6787767684088023 3.6662111318803876 0.69325036047134692
decision_type=2 2 2 2 2 2 2 2 2 2 2 2 2 2 2 2 2 2 2 2 2 2 2 2 2 2 2 2 2 2
left_child=1 -1 3 9 6 -6 -5 -8 -7 -2 12 -12 -11 15 -15 -3 18 -18 -17 23 21 22 -21 27 25 -25 -26 28 -4 -29
right_child=2 13 19 4 5 8 7 -9 -10 10 11 -13 -14 14 -16 16 17 -19 -20 20 -22 -23 -24 24 26 -27 -28 29 -30 -31
leaf_value=0.0037316615114718235 0.046578797953226121 -0.034425212380086757 -0.023526270816682945 -0.38588054913954339 0.033970125647445247 -0.11718465799697481 0.010916299593988776 -0.16584400317363809 0.0012592771578810859 -0.050518241585959335 -0.75678618787041541 -0.2069446694148358 0.01634556846973767 0.018029761174338528 -0.052051047991666204 -0.013389212116233598 -0.059035525941266334 0.060027295369386995 0.024943455890331066 -0.015124450286643554 0.0075379828802041651 -0.047742519184583693 0.075651647516315645 0.026383565044588726 0.018814615693219024 -0.013602861212543747 -0.0051570483469961341 0.028117478986871419 0.0038906811164614338 -9.5427081332058106e-05
leaf_weight=30133.179001513869 105.39710174128413 384.76380529254675 11069.097117964178 7.7439557164907447 1883.2408094187267 67.224739437922835 57.16362489014864 37.298498131334782 168.13723511714488 236.33639733493328 8.0841450206935423 8.2790294475853425 216.43750262260437 138.3609921913594 451.20315086096525 1131.5370577797294 36.336023211479187 173.70020144432783 326.48181162029505 811.39816153794527 1074.1962780356407 835.32606509327888 157.99415227770805 5415.1686302516609 3503.5197254195809 1304.9227000046521 17585.837197568268 2615.7864142823964 15109.408145444468 520598.22514168336
leaf_count=768509 3850 1573 155170 177 136235 854 1532 205 5153 1161 135 170 1310 767 3903 6899 171 987 1366 4279 5126 4270 886 185634 118435 24471 199431 76736 279479 8519830
internal_value=1.04043e-05 0.00242513 -0.000125378 0.013034 0.0215048 0.0265779 -0.0836541 -0.0588777 -0.032571 -0.019709 -0.0346013 -0.478591 -0.0185556 -0.0124742 -0.0356042 -0.00583137 0.000764263 0.0394296 -0.0048057 -0.000188791 -0.011151 -0.0222749 -0.000329519 -0.000134115 0.00360838 0.0186189 -0.0011747 -0.000323555 -0.00770207 4.56222e-05
internal_weight=615652 32775.6 582876 2795.34 2220.81 2118.6 102.206 94.4621 235.362 574.534 469.137 16.3632 452.774 2642.38 589.564 2052.82 1668.06 210.036 1458.02 580081 2878.91 1804.72 969.392 577202 27809.4 6720.09 21089.4 549393 26178.5 523214
internal_count=10508704 784175 9724529 150782 144156 142242 1914 1737 6007 6626 2776 305 2471 15666 4670 10996 9423 1158 8265 9573747 14561 9435 5165 9559186 527971 210105 317866 9031215 434649 8596566
is_linear=0
shrinkage=0.05


Tree=195
num_leaves=31
num_cat=0
split_feature=1 1 2 1 0 0 1 1 1 0 0 1 3 3 2 2 0 2 0 0 3 3 0 0 1 0 2 0 1 2
split_gain=79.3931 102.866 429.668 500.704 227.563 577.29 152.765 483.354 723.687 229.281 217.24 146.328 135.722 66.3466 63.0605 16.5166 14.043 29.5233 12.6415 12.4909 11.5344 77.8116 47.5251 16.2902 50.5425 12.5425 10.7742 14.8214 8.89536 7.83172
threshold=-0.5151551456145852 -0.34304814104621323 3.4437761330069674 -0.34753574593034542 1.3409395388167957 1.3051812277503805 -0.3327390262831656 -0.33035528887943305 -0.31248217156279456 1.1217607961392175 1.0774002105738207 -0.272696703161662 3.9087007104622415 8.0333519505345929 3.4841929324469612 8.0853913410823299 2.1085648409144384 5.9747339211199835 0.95950162625237101 1.1217607961392175 5.9556827520795146 5.5147607236570977 1.8358058112658826 1.7488777503825836 -0.61675189075187198 1.5990029444379728 8.4921764472094434 2.7421961862478588 -0.80556013693077455 4.5618715742274718
decision_type=2 2 2 2 2 2 2 2 2 2 2 2 2 2 2 2 2 2 2 2 2 2 2 2 2 2 2 2 2 2
left_child=13 2 -2 4 5 -4 9 14 10 18 -9 -10 -6 20 -8 19 -11 -18 -3 -5 21 -1 25 -22 -25 -23 -15 28 -28 -16
right_child=1 6 3 15 12 -7 7 8 11 16 -12 -13 -14 26 29 -17 17 -19 -20 -21 23 22 -24 24 -26 -27 27 -29 -30 -31
leaf_value=-0.04035125182142614 0.019873494632477631 -0.032967926166920673 0.001650733470410359 -0.04966926752164854 0.041726288219764963 -0.053674225293191206 0.02073389278067846 -0.039557796422773801 0.0041495205242700018 -0.0045344282660414589 0.012810366654338474 -0.000140738885653459 0.0087245729918942489 -0.032786920968921315 -0.052612933403524548 0.005071617369352824 0.082672986092191716 -0.0049495093900794465 -0.060137950507293453 -0.068087366914045558 -0.04993400539548614 0.15535962788019642 -0.050526506773819563 -0.033809045140685653 0.055290790746426122 0.33661502109977853 0.085510503829710441 -0.0023270081145104157 0.020478668528219016 -0.011441081884170232
leaf_weight=25.36697190231644 3341.180933829397 55.829763113521039 18422.421116018435 221.16671508550644 517.50891670584679 483.89602315612137 3017.0510362070054 1481.7491280436516 20617.647455731407 13526.02567383647 228.58711998164654 551565.68988748966 782.77904075663537 20.865585811436176 29.786068108864129 10.907418131828306 14.335541099309919 29.183959752321243 183.59428763668984 157.68623808026314 114.13615827355534 1.6358305737376206 1.7769071348011491 193.63180959876627 17.34180990466848 2.2912819292396307 5.8960289135575286 175.86683799698949 48.62108039855957 18.866343412548304
leaf_count=6556 250271 3346 284882 23233 3883 5877 251734 36938 615655 201369 1039 8755661 14049 591 730 44 59 149 1603 785 16623 14 182 30355 195 33 43 2081 277 447
internal_value=1.05083e-05 2.8362e-05 0.00324158 0.000543523 0.00162625 0.000234724 -0.000101836 2.25534e-05 -8.32207e-05 -0.00529899 -0.0325588 1.38533e-05 0.0218591 -0.018057 0.0198233 -0.0555888 -0.00444319 0.0239138 -0.0538023 -0.0573353 -0.0319357 -0.00283055 0.164032 -0.0347173 -0.0264851 0.261113 0.00161794 0.00473394 0.0275119 -0.0366474
internal_weight=615313 614706 23937.5 20596.4 20206.6 18906.3 590768 576959 573894 13809 1710.34 572183 1300.29 607.43 3065.7 389.76 13569.5 43.5195 239.424 378.853 356.181 31.071 5.70402 325.11 210.974 3.92711 251.25 230.384 54.5171 48.6524
internal_count=10508704 10451754 583024 332753 308691 290759 9868730 9662204 9409293 206526 37977 9371316 17932 56950 252911 24062 201577 208 4949 24018 53958 6785 229 47173 30550 47 2992 2401 320 1177
is_linear=0
shrinkage=0.05


Tree=196
num_leaves=31
num_cat=0
split_feature=3 2 3 1 0 0 1 0 2 3 0 3 1 3 0 0 0 1 2 1 3 3 0 0 2 1 3 2 1 3
split_gain=77.3753 932.169 658.417 606.599 964.773 624.653 483.359 347.274 287.181 669.671 469.719 460.724 376.858 499.837 395.128 251.516 238.937 180.399 142.856 134.624 115.142 312.818 110.696 136.084 497.404 116.142 109.066 976.522 102.278 93.7982
threshold=6.0960189868513011 5.6979441667398492 5.9792854635995463 0.26484938859632151 1.1978845133089424 1.1878903660544202 0.1993960117340505 1.3269847429671329 5.5444535459815718 5.9103169666703588 1.0258464208620672 5.879639423924421 0.29469259081224436 5.9672796688322203 1.1397371679650312 1.4362370908715618 1.066066415758957 0.05129715932657293 5.7330338322751588 -0.10991279340077306 6.1560466908357361 6.1686152631290607 1.1735698911172281 1.181305133447065 5.7330338322751588 0.090576965594080613 6.0081958967181253 5.6251431817785766 0.05129715932657293 6.2062513512822015
decision_type=2 2 2 2 2 2 2 2 2 2 2 2 2 2 2 2 2 2 2 2 2 2 2 2 2 2 2 2 2 2
left_child=1 2 8 4 5 17 7 28 9 11 -11 -1 14 -14 -10 18 -4 -2 -5 -9 -8 -22 25 24 -24 -3 27 -18 -6 -7
right_child=3 22 16 15 6 29 20 19 12 10 -12 -13 13 -15 -16 -17 26 -19 -20 -21 21 -23 23 -25 -26 -27 -28 -29 -30 -31
leaf_value=-5.0545986962376298e-07 -0.053188452168845803 -0.034653319953644242 -0.013379807048521264 -0.11876209117796957 -0.046318201997631869 -0.072361827670268664 0.031894893657833594 -0.0047978454149005516 -0.060552676835527501 -0.037566735523824606 0.035545993273981336 -0.019913684835911369 -0.014304695167708598 -0.084300057127119687 0.034071857777115737 -0.039163469829013399 0.03055662066528983 -0.0021461577243882231 0.03714858256600527 0.0042710189767666967 -0.041653810911015318 0.015687838639998328 -0.018452271439494322 -0.014106454070957591 -0.068675029588077752 0.027378789774761603 0.035395068423561951 -0.12690664078689823 -0.012871528668401197 -0.0040178723681440409
leaf_weight=571574.60215946939 207.45600883336738 115.38837191415951 408.18447531759739 14.823839873075483 484.87703094771132 724.56274771504104 939.13871485553682 6402.5347931892611 144.42264921730384 247.19635282456875 1973.6051271371543 2919.5230178274214 797.88208063319325 374.89147931337357 467.27298750425689 120.05525045841932 1027.2372838631272 1045.4956427365541 1654.6228588782251 11340.441474165767 250.40371259860694 4741.8700018785894 1888.4872962534428 1982.3662810781971 667.17015662416816 218.04033087939024 1733.8027574233711 108.89886762946844 432.40055706724524 53.940977334976196
leaf_count=9658549 1284 8470 1644 62 7020 3767 36874 83604 3102 1160 62641 24453 13410 5695 10610 1554 20592 4739 38259 236757 10973 203239 10990 14197 3031 1690 36370 744 2927 297
internal_value=9.91999e-06 -0.000113498 6.88827e-05 0.00255819 0.000664094 -0.0324523 0.00339976 -0.000552373 -5.77375e-05 4.2309e-06 0.0274079 -0.000101702 -0.020085 -0.0366796 0.0117308 0.0307374 0.0224139 -0.0105974 0.0357642 0.000998529 0.0158332 0.0128117 -0.0218945 -0.0239375 -0.0315632 0.00591158 0.0275048 0.0154637 -0.0305516 -0.0676264
internal_weight=615062 586649 581778 28412.6 26623.1 2031.46 24591.7 18660.3 578499 576715 2220.8 574494 1784.47 1172.77 611.696 1789.5 3278.12 1252.95 1669.45 17743 5931.41 4992.27 4871.45 4538.02 2555.66 333.429 2869.94 1136.14 917.278 778.504
internal_count=10508704 9877348 9838970 631356 591481 10087 581394 330308 9779620 9746803 63801 9683002 32817 19105 13712 39875 59350 6023 38321 320361 251086 214212 38378 28218 14021 10160 57706 21336 9947 4064
is_linear=0
shrinkage=0.05


Tree=197
num_leaves=31
num_cat=0
split_feature=3 2 3 1 3 3 2 1 0 2 2 3 2 3 3 3 2 0 0 1 2 0 3 2 0 0 0 2 3 1
split_gain=77.5679 681.597 825.065 464.221 534.226 442.545 578.768 555.988 487.921 373.054 301.617 409.487 297.791 285.588 270.933 308.884 267.745 253.882 246.886 231.806 213.226 208.983 206.431 359.169 304.005 292.01 233.46 203.841 484.66 190.835
threshold=5.5624806248407035 4.7848567824260186 5.4276012788821086 0.35815495563763139 5.6653603500644554 5.4131322212818391 4.6817063108378933 0.39795531170458065 0.99851391962338742 5.097305268989758 5.2487551992938792 5.5344402635264043 4.7731922181921744 5.6749826962538803 5.528147205237965 5.5002047559298859 4.9829167156969527 1.5671198004630646 0.95392475405677601 0.34486979318925709 5.0692279307404577 1.2781635066524388 5.6167883586876535 4.9372592344747188 1.0130834834924871 1.0275931358599182 1.0480801346188839 4.7175654691367521 5.4641271491583385 0.39795531170458065
decision_type=2 2 2 2 2 2 2 2 2 2 2 2 2 2 2 2 2 2 2 2 2 2 2 2 2 2 2 2 2 2
left_child=1 2 5 4 19 12 8 -8 -7 20 11 14 17 -11 15 -3 -13 -1 -15 -2 -6 -12 23 -5 -25 -26 -24 -4 29 -29
right_child=3 10 27 22 9 6 7 -9 -10 13 21 16 -14 18 -16 -17 -18 -19 -20 -21 -22 -23 26 24 25 -27 -28 28 -30 -31
leaf_value=7.8430042324553875e-05 0.0021222125917117083 -0.013954929827726057 0.041691091332719456 0.037724023166219776 -0.068660852057739072 -0.0085564010265504892 0.0037321850864088925 -0.067229371509987618 0.087622501986893045 -0.071575829803911667 -0.053934188331106095 0.016958137494293028 0.047700469236247364 0.027166501270668931 -0.025832804548374513 0.0040396172124824558 -0.026872951887368986 -0.061502204111403551 0.00042855840762061055 -0.032300881938945293 0.047384165566102025 -0.010182057420423827 0.031807928742714424 0.012932649409824581 -0.068882704851055035 -0.0076673940411630011 0.0025069711178108823 0.01834420114918613 0.036532351576171039 -0.047300717133693701
leaf_weight=526013.80912122829 676.18466185498983 7416.5569270583801 1325.5715599320829 752.86672503501177 42.467739343643188 874.7899492457509 406.00891165435314 862.23812278360128 155.27060250937939 136.43249961733818 634.39025919046253 2186.1907091252506 328.20763397216797 877.29970118682832 2708.7015489190817 3515.0875052437186 414.47018946707249 167.42533579375595 54246.464746245183 1767.2802086994052 583.06816851720214 479.01590105658397 2228.9523798413575 2019.3529529497027 224.7513190433383 1462.4995451048017 978.13277675397694 166.63240766525269 878.34878874570131 329.90531668812037
leaf_count=9114247 6471 66781 51767 15995 320 3736 3748 3987 623 1358 12362 21559 3723 8180 13604 26552 4164 921 988156 11460 11503 10008 44969 32327 1776 17447 13460 1431 12988 3081
internal_value=1.00975e-05 -0.00018464 0.000133744 0.00162966 0.00010935 -7.0316e-06 -0.0218997 -0.0445122 0.00594154 0.00110991 -0.0099357 -0.00820981 8.85339e-05 0.000675272 -0.0116765 -0.00816875 0.00997273 5.88357e-05 0.000854095 -0.0227749 0.0395058 -0.0351109 0.0131966 0.00623879 -0.000156331 -0.0158216 0.0228714 0.0277007 0.0142122 -0.025271
internal_weight=614858 548863 531508 65995.8 58329.2 528808 2298.31 1268.25 1030.06 55885.7 17354.4 16241 526509 55260.2 13640.3 10931.6 2600.66 526181 55123.8 2443.46 625.536 1113.41 7666.56 4459.47 3706.6 1687.25 3207.09 2700.46 1374.89 496.538
internal_count=10508704 9355282 9200252 1153422 1027448 9130985 12094 7735 4359 1009517 155030 132660 9118891 997694 106937 93333 25723 9115168 996336 17931 11823 22370 125974 67545 51550 19223 58429 69267 17500 4512
is_linear=0
shrinkage=0.05


Tree=198
num_leaves=31
num_cat=0
split_feature=2 3 3 3 2 1 0 3 0 0 1 0 1 1 0 0 1 1 1 1 3 1 0 1 1 1 1 2 1 1
split_gain=77.1404 173.308 401.823 380.056 105.009 526.133 116.911 99.2612 288.062 101.166 68.3825 189.448 46.7009 85.2131 43.4286 34.3203 32.7164 30.8004 24.4842 21.9672 20.4194 11.0965 7.60315 6.50987 6.34493 5.01737 48.7174 21.0957 0.78755 0.764599
threshold=0.88146779030775313 1.0858476682246934 1.2146186208000707 1.2829990237933924 1.1907534103532191 0.64849074711543175 -0.1108502728836893 1.0858476682246934 -0.29435794004766241 -0.29435794004766241 0.77090001566801269 0.33692532184070467 0.40747606081353599 0.29469259081224436 0.10896021693658316 -0.1108502728836893 0.42632142793878453 0.81545567171745659 0.67614333405659321 0.59167337229920991 1.2146186208000707 0.72828833234014589 0.34889130254736317 0.60445080788633843 0.77090001566801269 0.50269308430617887 0.55221417419873864 1.0000000180025095e-35 0.49297196920644654 0.3897058285503901
decision_type=2 2 2 2 2 2 2 2 2 2 2 2 2 2 2 2 2 2 2 2 2 2 2 2 2 2 2 2 2 2
left_child=7 14 10 12 5 -5 -6 8 25 16 11 23 13 -4 21 -12 29 24 -18 -14 -20 -2 -13 -3 -10 28 -27 -28 -1 -9
right_child=1 2 3 4 6 -7 -8 9 17 -11 15 22 19 -15 -16 -17 18 -19 20 -21 -22 -23 -24 -25 -26 26 27 -29 -30 -31
leaf_value=0.039797954922327447 -0.017229057520255449 0.031545551895428146 0.078298066875321787 -0.054810573134794975 0.0067602446852196053 0.0035880451906784259 -5.153956773583043e-05 -0.042545481239637598 -0.10657870180534 0.063820169843733801 -0.038884066992263835 -0.046901357774240392 0.054852286677903019 -0.15060070130483769 -0.14031873805100223 -0.069528201574873827 -0.15847329666630897 -0.10301161013376577 -0.096391327928488341 0.01953674737341797 0.0034298741675273174 0.051730589275670008 -0.079706199712692605 0.061731095030168374 -0.044651435614802337 -0.35785469356105409 0.025508499549513449 -0.073396239333393662 0.031256463226970281 0.019440530635027185
leaf_weight=40.810684729367495 6.0188298597931853 33.909164525568485 8.1521979980170745 518.76393363624811 6365.3853314109147 1503.4296573996544 604300.87419634219 0.49960469827055831 4.323444388806819 168.35530509054661 177.74481180310249 129.71968933939934 359.50346224568784 8.1116088256239873 3.0568726509809485 188.01753550767899 3.7502687126398113 33.064429387450218 6.8842233419418362 50.17977386713028 20.027095124125481 189.56418685615063 20.446771651506424 37.741137430071831 95.513003617525101 0.84362421184778114 202.45627350732684 5.5388859249651423 79.66974451392889 117.66015472263098
leaf_count=2599 26 191 191 3358 138014 6726 10301319 5 21 877 787 5580 18130 40 22 910 22 135 34 208 141 2377 88 157 457 8 7442 114 5757 12968
internal_value=1.00847e-05 -9.87327e-06 -2.49874e-05 1.46195e-05 -1.82037e-05 -0.0113933 1.94642e-05 0.0157302 0.000949123 0.0372706 -0.0413531 -0.0194497 0.047228 -0.0358657 0.0466856 -0.0546365 0.00723628 -0.0611854 -0.0387849 0.0505267 -0.0221055 0.0496084 -0.0513681 0.0474455 -0.0473332 0.0260243 0.0213367 0.0228747 0.0341497 0.0191784
internal_weight=614680 613901 613702 613114 612688 2022.19 610666 779.397 462.22 317.177 587.579 221.817 425.947 16.2638 198.64 365.762 148.821 132.901 30.6616 409.683 26.9113 195.583 150.166 71.6503 99.8364 329.319 208.839 207.995 120.48 118.16
internal_count=10508704 10478124 10475699 10467986 10449417 10084 10439333 30580 16533 14047 7713 6016 18569 231 2425 1697 13170 613 197 18338 175 2403 5668 348 478 15920 7564 7556 8356 12973
is_linear=0
shrinkage=0.05


Tree=199
num_leaves=31
num_cat=0
split_feature=1 1 3 2 3 0 3 1 1 1 0 1 1 0 0 0 3 1 1 0 3 2 1 3 3 2 2 0 0 3
split_gain=75.4492 359.704 1084.89 982.46 1168.78 399.642 1219.4 782.625 669.159 661.544 525.996 1444.37 500.379 492.421 483.81 466.228 394.234 389.303 367.336 341.284 323.862 277.835 245.937 203.519 191.771 187.121 284.952 716.668 577.64 855.395
threshold=0.65557905798065585 0.62232822779575792 3.8319866170719474 2.2568774574635353 2.9202237833458864 0.086608706665670512 2.7736145078981358 0.46920906322072686 0.54459740642940502 0.55221417419873864 0.29094001348543164 0.41597567765674004 0.50269308430617887 -0.12584944700725806 0.33094964965225626 -0.13461282072082545 3.9759333925799014 0.63673176667469111 0.60732956117938708 1.0418312776733736 3.0773993616858539 2.0502117385089442 0.6437191950917095 3.6662111318803876 3.8150631389319019 1.5447018760744757 1.3710665965557243 1.0000000180025095e-35 -0.036988519151232406 1.7704946832057136
decision_type=2 2 2 2 2 2 2 2 2 2 2 2 2 2 2 2 2 2 2 2 2 2 2 2 2 2 2 2 2 2
left_child=1 5 3 4 17 6 13 20 10 19 11 -7 -12 15 -11 -1 -4 -3 -9 -10 -8 -15 -6 -5 -25 26 -2 28 29 -28
right_child=25 2 16 23 22 8 7 18 9 14 12 -13 -14 21 -16 -17 -18 -19 -20 -21 -22 -23 -24 24 -26 -27 27 -29 -30 -31
leaf_value=-0.0066283665057587067 -0.0037551172231134948 -0.014538925442445536 -0.051603561331776876 0.039274319079770852 -0.071089544640983257 0.0053815356300336934 0.038607710414598095 -0.051425315291247067 0.036141050739736495 0.012477436712263017 -0.00017272645287935685 -0.056394031480909046 0.012528595142467763 0.00041597510707250994 -0.012340722501072279 -0.079970355471334076 0.015851635212934204 0.023474591282588227 0.0020235917099274228 -0.15276601620374375 -0.032157944968006245 0.026355778761494326 0.065868766622833946 0.12776770393749134 0.0084830805525203112 -0.008533259301285746 0.061784449523895037 0.057451554606481638 -0.060124044253598942 -0.012176393035726901
leaf_weight=980.61374037247151 7326.5283991843462 894.29183606477454 848.11633022874594 2341.7242328152061 538.27634215354919 2482.4098971448839 463.58434760570526 2519.3133673965931 2516.786412211135 7256.0665619913489 554596.71832513739 1529.0137791857123 7864.2333289850503 2148.0213161287829 2692.3203942142427 278.1500049084425 290.89435306936502 2728.2940953648649 368.47606806457043 24.138191968202591 248.26367059350014 1987.3035760009661 34.903802368789911 125.37084619700909 46.077666565775871 8615.0286610294133 573.81971450150013 734.05380812287331 334.8209163248539 1226.584255989641
leaf_count=32633 40962 52480 9714 43063 2497 30137 3381 10634 95864 140084 9463725 15912 215060 50284 34807 1185 1677 116858 3235 218 1662 54523 172 591 310 74589 2487 3089 1453 5418
internal_value=9.62303e-06 0.000108058 0.0107418 0.0184017 0.00359334 -3.38798e-05 -0.0104928 -0.0330301 0.000128592 0.0115766 -0.000123808 -0.0181651 4.86126e-06 0.00454698 0.00576093 -0.0228348 -0.034376 0.0140904 -0.0446053 0.0343465 0.0139275 0.0128818 -0.0627495 0.0431243 0.0957094 -0.00310814 0.00147586 0.0148328 0.000181234 0.0113962
internal_weight=614614 595803 7847.95 6708.94 4195.77 587955 8993.73 3599.64 578962 12489.3 566472 4011.42 562461 5394.09 9948.39 1258.76 1139.01 3622.59 2887.79 2540.92 711.848 4135.32 573.18 2513.17 171.449 18810.8 10195.8 2869.28 2135.22 1800.4
internal_count=10508704 10380706 227362 215971 172007 10153344 157537 18912 9995807 270973 9724834 46049 9678785 138625 174891 33818 11391 169338 13869 96082 5043 104807 2669 43964 901 127998 53409 12447 9358 7905
is_linear=0
shrinkage=0.05


end of trees

feature_importances:
Column_1=1922
Column_0=1506
Column_3=1378
Column_2=1194

parameters:
[boosting: gbdt]
[objective: binary]
[metric: binary_logloss,auc]
[tree_learner: serial]
[device_type: cpu]
[data_sample_strategy: bagging]
[data: ]
[valid: ]
[num_iterations: 200]
[learning_rate: 0.05]
[num_leaves: 31]
[num_threads: -1]
[seed: 456]
[deterministic: 0]
[force_col_wise: 0]
[force_row_wise: 0]
[histogram_pool_size: -1]
[max_depth: 6]
[min_data_in_leaf: 20]
[min_sum_hessian_in_leaf: 0.001]
[bagging_fraction: 1]
[pos_bagging_fraction: 1]
[neg_bagging_fraction: 1]
[bagging_freq: 0]
[bagging_seed: 26560]
[bagging_by_query: 0]
[feature_fraction: 1]
[feature_fraction_bynode: 1]
[feature_fraction_seed: 30796]
[extra_trees: 0]
[extra_seed: 146]
[early_stopping_round: 0]
[early_stopping_min_delta: 0]
[first_metric_only: 0]
[max_delta_step: 0]
[lambda_l1: 0]
[lambda_l2: 0]
[linear_lambda: 0]
[min_gain_to_split: 0]
[drop_rate: 0.1]
[max_drop: 50]
[skip_drop: 0.5]
[xgboost_dart_mode: 0]
[uniform_drop: 0]
[drop_seed: 8068]
[top_rate: 0.2]
[other_rate: 0.1]
[min_data_per_group: 100]
[max_cat_threshold: 32]
[cat_l2: 10]
[cat_smooth: 10]
[max_cat_to_onehot: 4]
[top_k: 20]
[monotone_constraints: ]
[monotone_constraints_method: basic]
[monotone_penalty: 0]
[feature_contri: ]
[forcedsplits_filename: ]
[refit_decay_rate: 0.9]
[cegb_tradeoff: 1]
[cegb_penalty_split: 0]
[cegb_penalty_feature_lazy: ]
[cegb_penalty_feature_coupled: ]
[path_smooth: 0]
[interaction_constraints: ]
[verbosity: -1]
[saved_feature_importance_type: 0]
[use_quantized_grad: 0]
[num_grad_quant_bins: 4]
[quant_train_renew_leaf: 0]
[stochastic_rounding: 1]
[linear_tree: 0]
[max_bin: 255]
[max_bin_by_feature: ]
[min_data_in_bin: 3]
[bin_construct_sample_cnt: 200000]
[data_random_seed: 1527]
[is_enable_sparse: 1]
[enable_bundle: 1]
[use_missing: 1]
[zero_as_missing: 0]
[feature_pre_filter: 1]
[pre_partition: 0]
[two_round: 0]
[header: 0]
[label_column: ]
[weight_column: ]
[group_column: ]
[ignore_column: ]
[categorical_feature: ]
[forcedbins_filename: ]
[precise_float_parser: 0]
[parser_config_file: ]
[objective_seed: 26477]
[num_class: 1]
[is_unbalance: 0]
[scale_pos_weight: 1]
[sigmoid: 1]
[boost_from_average: 1]
[reg_sqrt: 0]
[alpha: 0.9]
[fair_c: 1]
[poisson_max_delta_step: 0.7]
[tweedie_variance_power: 1.5]
[lambdarank_truncation_level: 30]
[lambdarank_norm: 1]
[label_gain: ]
[lambdarank_position_bias_regularization: 0]
[eval_at: ]
[multi_error_top_k: 1]
[auc_mu_weights: ]
[num_machines: 1]
[local_listen_port: 12400]
[time_out: 120]
[machine_list_filename: ]
[machines: ]
[gpu_platform_id: -1]
[gpu_device_id: -1]
[gpu_use_dp: 0]
[num_gpu: 1]

end of parameters

pandas_categorical:null
