tree
version=v4
num_class=1
num_tree_per_iteration=1
label_index=0
max_feature_idx=3
objective=binary sigmoid:1
feature_names=Column_0 Column_1 Column_2 Column_3
feature_infos=[0.075718582974719298:1] [0:3] [3.7612001156935615:8.7131424988154276] [3.7612001156935615:9.8464408971568513]
tree_sizes=3353 3467 3481 3479 3475 3486 3475 3487 3490 3509 3503 3509 3496 3494 3485 3509 3508 3499 3498 3507 3498 3514 3503 3498 3516 3515 3514 3520 3520 3511 3509 3522 3519 3510 3511 3519 3487 3517 3512 3529 3489 3537 3495 3535 3524 3506 3531 3527 3515 3525 3521 3525 3515 3510 3531 3519 3524 3512 3515 3526 3518 3531 3542 3545 3534 3525 3524 3526 3492 3528 3505 3523 3541 3543 3545 3534 3540 3489 3527 3529 3504 3532 3515 3515 3512 3522 3538 3555 3545 3525 3549 3531 3527 3518 3514 3532 3533 3506 3515 3524 3516 3527 3518 3539 3529 3537 3525 3514 3502 3521 3525 3529 3529 3505 3542 3532 3500 3504 3529 3537 3548 3531 3556 3525 3529 3531 3494 3550 3519 3528 3539 3536 3560 3517 3541 3521 3567 3524 3544 3530 3556 3558 3550 3545 3538 3534 3565 3525 3555 3543 3586 3575 3581 3540 3573 3546 3547 3573 3513 3525 3554 3513 3528 3506 3547 3555 3536 3520 3549 3539 3542 3545 3540 3559 3505 3532 3564 3535 3553 3540 3536 3525 3551 3523 3516 3526 3566 3515 3545 3515 3539 3552 3528 3531 3521 3556 3536 3517 3517 3528

Tree=0
num_leaves=31
num_cat=0
split_feature=0 3 2 2 1 0 1 2 1 1 1 2 3 3 2 3 0 3 1 1 1 2 2 2 2 2 3 3 3 2
split_gain=1.33347e+06 341525 254455 151587 112995 36488.4 47449.6 182692 31954.2 32863 28243.9 24477 23907.3 23091.1 20331.1 11624.3 10395.8 7268.47 6302.36 6243.05 6455.68 5262.69 118241 24575.6 4399.82 36305.6 4285.68 6017.22 4122.01 3871.09
threshold=0.56288604667114772 7.3225632713640296 6.951795789371034 4.267662004847506 1.0000000180025095e-35 0.75047987474028532 1.0000000180025095e-35 4.20477203786354 1.5000000000000002 1.0000000180025095e-35 1.5000000000000002 5.3846156224250334 7.9844543739244713 7.3233027137203726 7.5520523718568109 7.2579402070459418 0.35212193414828868 5.4425259239190353 1.5000000000000002 1.0000000180025095e-35 1.5000000000000002 4.0815129749117096 4.2987140455362249 4.1643283978498689 5.8065205138007423 4.1876727905124937 8.6083216537689129 7.9941566304452838 7.3155776058677429 4.7783038066593404
decision_type=2 2 2 2 2 2 2 2 2 2 2 2 2 2 2 2 2 2 2 2 2 2 2 2 2 2 2 2 2 2
left_child=1 3 5 -1 11 6 24 -8 9 -4 17 16 13 -3 28 -9 -5 -6 26 -15 -21 -7 23 -23 25 -2 27 -14 -11 -12
right_child=2 12 8 4 10 21 7 15 -10 14 29 -13 18 19 -16 -17 -18 -19 -20 20 -22 22 -24 -25 -26 -27 -28 -29 -30 -31
leaf_value=3.7310823373987385 3.7618807884205667 2.0227885146689917 3.6937427798850173 3.4285445977205522 2.5284980621224338 3.7742691352157474 3.7702199982132734 2.4720823195156214 3.5530872335326902 2.7566003945345612 3.6682696461561939 3.6962419582675454 2.0369104064057257 3.176619928521498 2.9317257802647063 3.0253145179081242 3.1141830535694601 2.7871209547038163 3.1549528976540993 2.6136436155524381 3.3008766906004667 3.5568914647595116 3.770623659533304 2.6353942759656483 3.7729396644837898 3.124342449036408 1.9601284628398605 2.3618899829366291 2.0672641546553443 3.1681309128974684
leaf_weight=1140.2380686998367 1560.7742661237717 154.85681223869324 50.828224956989288 469.40683329105377 344.00597923994064 104009.49503046274 1098.7371799945831 368.64857131242752 85.396945238113403 23.629251837730408 83.85390442609787 438.17752969264984 225.23789763450623 61.560419261455536 106.8613338470459 127.88814371824265 598.05498218536377 1292.0778906941414 16.950418472290039 636.26251512765884 36.111761093139648 97.234601616859436 9529.5667199492455 282.74495595693588 2488.1417941451073 260.58965355157852 172.24480944871902 387.4644570350647 263.74482655525208 71.832004368305206
leaf_count=49510 67770 6724 2207 20382 14937 4516171 47708 16007 3708 1026 3641 19026 9780 2673 4640 5553 25968 56103 736 27627 1568 4222 413781 12277 108037 11315 7479 16824 11452 3119
internal_value=3.7232 3.00374 3.75983 3.23413 3.06229 3.76467 3.64348 3.41052 2.66716 2.49717 2.79398 3.38158 2.39902 2.57761 2.3429 2.61457 3.25242 2.73274 2.20108 2.69468 2.65055 3.77095 3.73614 2.8712 3.72971 3.67067 2.18048 2.24242 2.12394 3.43751
internal_weight=126483 6128.34 120354 4437.65 3297.41 119824 5904.78 1595.27 530.461 445.064 1791.77 1505.64 1690.69 888.792 394.235 496.537 1067.46 1636.08 801.898 733.935 672.374 113919 9909.55 379.98 4309.51 1821.36 784.947 612.702 287.374 155.686
internal_count=5491971 266097 5225874 192686 143176 5202841 256390 69268 23033 19325 77800 65376 73411 38592 17118 21560 46350 71040 34819 31868 29195 4946451 430280 16499 187122 79085 34083 26604 12478 6760
is_linear=0
shrinkage=1


Tree=1
num_leaves=31
num_cat=0
split_feature=0 2 2 1 2 1 2 2 1 3 1 2 3 2 1 2 2 0 3 2 3 0 2 3 3 2 0 0 0 1
split_gain=554180 72466.7 57681 21572 21230.2 75267.5 15281.7 11879.9 7099.9 6649.74 5837.58 3945.86 3601.62 3362.64 2737.01 2155.34 1732.66 1650.69 1576.65 3636.28 1128.94 924.682 917.285 744.834 723.831 627.871 655.481 450.854 361.913 301.947
threshold=0.59378873841925628 6.9131038209668318 4.2375608875783284 1.0000000180025095e-35 4.0893303025383752 1.0000000180025095e-35 6.1678079014343981 4.9777602840937698 1.5000000000000002 7.3225632713640296 1.0000000180025095e-35 4.1394526399019833 5.4425259239190353 4.49855624743092 1.5000000000000002 4.5407320249418399 7.740204100276876 0.82224121924711235 5.067456612105917 4.3694752276468831 4.9702991745361489 0.49406175338830077 6.951795789371034 7.2579402070459418 7.5753487237152513 4.1876727905124937 0.40328621957453575 0.66471697878931379 0.16732986996238744 1.0000000180025095e-35
decision_type=2 2 2 2 2 2 2 2 2 2 2 2 2 2 2 2 2 2 2 2 2 2 2 2 2 2 2 2 2 2
left_child=2 4 25 6 -2 7 12 17 11 -8 -3 -7 21 -14 18 -16 22 -6 -5 -20 -10 -4 -12 -24 -11 -1 -27 -18 -17 -28
right_child=1 10 3 14 5 8 9 -9 20 24 16 -13 13 -15 15 28 27 -19 19 -21 -22 -23 23 -25 -26 26 29 -29 -30 -31
leaf_value=0.038250560960235283 0.050960010542345904 0.019708938416440922 -0.31858982328154517 -0.46843192181938981 -0.26031986677402158 -0.010344505953431244 0.046968496933446943 0.047456556911569268 0.043117106588287518 -0.13392541110506084 -0.61045615712791745 -0.32785457794706113 -0.041080296775249096 -0.26011781692951891 0.023636729529367129 -0.47769571346837147 -0.33495262107292856 -0.047084085042031348 -0.15239244921833323 -0.35886981473913016 -0.26850442883468423 -0.43335539670739165 -0.66707975004877795 -0.34461391744346676 -0.33073638945518391 0.024257239639710822 -0.2547739097723094 -0.13696002743772895 -0.26274883485615724 -0.057337711399558115
leaf_weight=1167.1122130937874 101083.21291891299 125.4801585432142 436.85927066020668 311.91598637402058 359.65549639798701 103.16791211441159 687.599375044927 10762.732234850526 178.09319057315588 67.706912914291024 34.692012589424849 1898.8283860757947 206.07549890503287 1170.2350273318589 75.535261606797576 21.421458696946502 37.411593824625015 121.39096723124385 218.13945148326457 9477.9638966843486 34.732332417741418 293.38246716558933 18.188261866569519 1159.550852637738 150.69884120859206 96.506803881376982 45.074047397822142 124.22789816558361 228.19190838374197 33.951295770704746
leaf_count=51474 4607234 5543 11443 4792 11232 4518 30419 486514 6114 1482 778 37557 6913 34603 3019 577 797 4493 3992 136922 571 7369 326 14134 2135 4222 1809 3328 6321 1340
internal_value=0.00195848 0.0385844 -0.287395 -0.318822 0.0431054 -0.0158882 -0.20109 0.036591 -0.282304 -0.0293748 -0.306746 -0.311492 -0.274943 -0.227321 -0.353146 -0.21038 -0.336557 -0.20651 -0.357784 -0.354225 -0.00773837 -0.364698 -0.357058 -0.349594 -0.269724 0.0249905 -0.0631758 -0.182786 -0.281195 -0.16995
internal_weight=130730 116041 14688.4 13345.7 114542 13458.6 3012.56 11243.8 2214.82 906.005 1499.55 2002 2106.55 1376.31 10333.2 325.149 1374.07 481.046 10008 9696.1 212.826 730.242 1212.43 1177.74 218.406 1342.64 175.532 161.639 249.613 79.0253
internal_count=5491971 5183139 308832 249987 5158233 550999 94364 502239 48760 34036 24906 42075 60328 41516 155623 9917 19363 15725 145706 140914 6685 18812 15238 14460 3617 58845 7371 4125 6898 3149
is_linear=0
shrinkage=0.05


Tree=2
num_leaves=31
num_cat=0
split_feature=0 2 2 2 2 1 1 2 3 2 3 1 1 3 2 1 2 1 0 2 2 0 2 3 2 0 0 1 2 2
split_gain=402424 54563 31616.9 20447.7 55372 9932.29 9236.58 8448.8 4404.23 3841.98 3784.6 3179.23 2613.11 1425.75 1914.09 1233.09 1250.65 1163.96 650.384 589.396 531.521 2199.4 1042.13 515.305 469.329 459.704 419.725 460.068 364.568 313.115
threshold=0.59378873841925628 6.9131038209668318 4.2375608875783284 4.0995571897658998 4.9777602840937698 1.0000000180025095e-35 1.0000000180025095e-35 6.2840647075723846 7.3225632713640296 4.1394526399019833 7.3225632713640296 1.0000000180025095e-35 1.5000000000000002 5.4425259239190353 4.4527119691926762 1.5000000000000002 4.5407320249418399 1.5000000000000002 0.84415195204871418 4.1394526399019833 4.6960841391917354 0.33161813793822242 5.5065052677616686 8.1727008602802069 7.5520523718568109 0.44346840764792678 0.39166485078173591 1.0000000180025095e-35 4.3329479324565865 5.0706860942401697
decision_type=2 2 2 2 2 2 2 2 2 2 2 2 2 2 2 2 2 2 2 2 2 2 2 2 2 2 2 2 2 2
left_child=2 3 19 -2 9 7 29 13 -9 18 -8 -3 -11 28 -15 20 -17 23 -5 -1 21 -7 -22 24 -13 -10 -21 -28 -4 -6
right_child=1 11 5 4 6 15 10 8 25 12 -12 17 -14 14 -16 16 -18 -19 -20 26 22 -23 -24 -25 -26 -27 27 -29 -30 -31
leaf_value=0.046591296297637017 0.050868023175175636 0.019088259408992322 -0.1871116600221393 0.015554509107260301 -0.036493930916210802 -0.14386148925905798 -0.11090890002723826 0.04843738542769447 -0.24275686287710654 -0.24182067085428749 -0.48735409067026914 -0.25384260689383514 -0.013949932498259782 -0.013773127109531949 -0.18943916700604133 0.022975522861628225 -0.20510397824370249 -0.094759864513287981 -0.25265683614882334 0.03263951245092183 -0.28389273311402724 -0.25850660753261129 -0.24799796637729715 -0.15335114899448149 -0.35341563400671389 -0.087771925036535428 -0.13529912051029147 0.0073338604985541903 -0.26172991937977996 0.048139654311789987
leaf_weight=911.73558176867664 96354.598810562864 123.14281396567822 205.13081645593047 199.85211404599249 110.47088505327702 558.12950817681849 455.66383839957416 631.4098959416151 179.450907073915 2442.1875530797988 78.228687383234501 1420.2842534966767 132.64477180317044 171.96267092600465 1578.5317068658769 73.86668822914362 322.58118883520365 122.42168610543013 25.484644653275609 172.76467071846128 2653.7112099826336 1670.3522140532732 8495.4557691887021 117.07895631343126 129.09734454005957 65.239407384768128 124.7714876383543 103.37705161608756 810.31451718881726 10175.100861022249
leaf_count=41735 4610364 5543 4448 8086 4740 8046 8269 29260 1992 39291 1323 11731 3453 5620 37377 3019 6898 3573 933 7785 34269 18989 84402 2008 2051 1303 4888 4437 14364 481774
internal_value=0.0022511 0.0381583 -0.212259 0.0427623 -0.0145834 -0.230094 0.0367053 -0.156664 -0.0213506 -0.212756 -0.166068 -0.226649 -0.230082 -0.199524 -0.172182 -0.24951 -0.162608 -0.243565 -0.0147791 0.0243741 -0.252086 -0.229793 -0.256542 -0.254496 -0.262139 -0.201435 -0.0261512 -0.0706703 -0.246656 0.0472307
internal_weight=130615 111886 18728.8 109974 13619.6 17416.1 10819.5 3642.04 876.1 2800.17 533.893 1912.03 2574.83 2765.94 1750.49 13774.1 396.448 1788.88 225.337 1312.65 13377.6 2228.48 11149.2 1666.46 1549.38 244.69 400.913 228.149 1015.45 10285.6
internal_count=5491971 5183139 308832 5158233 547869 249987 496106 94364 32555 51763 9592 24906 42744 61809 42997 155623 9917 19363 9019 58845 145706 27035 118671 15790 13782 3295 17110 9325 18812 486514
is_linear=0
shrinkage=0.05


Tree=3
num_leaves=31
num_cat=0
split_feature=0 2 1 3 2 2 2 3 1 1 0 2 3 2 3 1 2 3 0 0 3 3 3 0 0 1 2 3 3 3
split_gain=322314 49654.9 23236.8 22940.9 22351.1 4995.81 28814.6 4560.8 1481.18 1477.1 1267.57 1235.4 1234.87 1352.02 765.501 718.827 593.009 570.241 466.515 442.232 553.105 537.397 364.004 310.587 259.619 297.115 201.264 118.52 339.471 170.875
threshold=0.75047987474028532 4.20477203786354 1.0000000180025095e-35 7.1746477361708756 6.2840647075723846 4.0815129749117096 4.267662004847506 7.5133544912541304 1.5000000000000002 1.5000000000000002 0.8150384491514896 4.49855624743092 5.4425259239190353 4.4527119691926762 7.9583251190734163 1.0000000180025095e-35 4.1394526399019833 6.0785821681909509 0.51273530049150207 0.22420405234085827 7.9583251190734163 5.2034845723991019 4.6428993089071149 0.4332831331818166 0.51273530049150207 1.0000000180025095e-35 6.6858765715418915 7.2579402070459418 7.3225632713640296 7.3081877281983463
decision_type=2 2 2 2 2 2 2 2 2 2 2 2 2 2 2 2 2 2 2 2 2 2 2 2 2 2 2 2 2 2
left_child=1 16 4 5 12 -2 8 23 15 19 17 -11 18 -14 27 -7 -1 -8 -3 20 -4 -21 -12 -6 -18 -26 -13 -5 29 -29
right_child=3 2 9 14 7 6 10 -9 -10 11 22 26 13 -15 -16 -17 24 -19 -20 21 -22 -23 -24 -25 25 -27 -28 28 -30 -31
leaf_value=0.046370381137445432 0.050877446037421309 -0.17027567824011802 -0.23425866017303232 -0.29431684970376371 -0.11511751975339926 -0.097337623496238979 -0.1453563882284245 -0.19297090901762046 0.052136826848866148 0.035436595099136124 -0.020665755708976764 -0.17047213181852067 -0.0089194913917757732 -0.1499761342745787 -0.084206528667947006 -0.23267852565758684 0.018112976136139731 0.047464298675835605 -0.22347452454322767 -0.21954440489260924 -0.19192442628479844 -0.19036733715145585 0.050459205692797819 0.047508450098320699 -0.12592974914938734 0.0025873524321154799 -0.099381395513401083 -0.21445861453252377 -0.21833279102880654 -0.0356688550589302
leaf_weight=2910.6586118340492 89862.741898436099 877.9995234478265 1640.8401034846902 42.969321524724364 29.72065350972116 107.66866904497147 123.52124811708927 218.35808521136642 51.887465747073293 107.97743210196495 183.89305851981044 363.94662605971098 185.77602804452181 1985.1009623389691 132.57511925324798 1104.9148083869368 215.96204244159162 55.604107737541199 776.60668918862939 1780.1512229088694 1456.3507716208696 13908.560587566346 8259.8925868347287 2413.9440246373415 92.132682738825679 87.857343249022961 137.04905676841736 19.996701944619417 744.19069623202085 40.289828848093748
leaf_count=141540 4516171 14690 16126 542 676 2278 3546 2154 1569 3731 4673 6330 6155 41012 2807 11960 9427 2745 11796 16327 10259 127821 404786 118010 2713 3301 2883 241 5268 434
internal_value=0.00240683 -0.143893 -0.167202 0.0448007 -0.0852876 0.0471658 0.013432 0.025967 -0.209467 -0.194602 0.0461181 -0.117963 -0.162706 -0.137905 -0.195931 -0.220661 0.0385607 -0.085501 -0.195245 -0.197087 -0.214352 -0.193678 0.0489102 0.0455305 -0.0188488 -0.0631975 -0.151025 -0.21341 -0.209088 -0.0949724
internal_weight=129919 29189 25882.4 100730 6487.51 99750.1 9887.38 2662.02 1264.47 19394.9 8622.91 608.973 3825.48 2170.88 980.022 1212.58 3306.61 179.125 1654.61 18785.9 3097.19 15688.7 8443.79 2443.66 395.952 179.99 500.996 847.447 804.477 60.2865
internal_count=5491971 534951 377970 4957020 194493 4947728 431557 120840 15807 183477 415750 12944 73653 47167 9292 14238 156981 6291 26486 170533 26385 144148 409459 118686 15441 6014 9213 6485 5943 675
is_linear=0
shrinkage=0.05


Tree=4
num_leaves=31
num_cat=0
split_feature=0 2 3 1 2 2 2 3 1 1 2 2 0 3 2 3 3 0 3 3 0 0 1 3 3 0 3 0 0 3
split_gain=271227 38871.3 17725.8 15688.6 16597 4611.43 23191.4 3630.68 1105.58 1010.65 927.269 918.543 837.637 1195.19 608.486 478.802 305.696 279.471 309.957 279.23 231.993 227.007 228.312 140.977 138.169 118.484 92.3706 77.4422 74.4629 69.6345
threshold=0.76608256073593728 4.20477203786354 7.1746477361708756 1.0000000180025095e-35 6.3599640144325909 4.0815129749117096 4.4527119691926762 7.5133544912541304 1.5000000000000002 1.5000000000000002 4.49855624743092 4.2375608875783284 0.16732986996238744 6.1545288986217583 4.1394526399019833 7.9583251190734163 7.9844543739244713 0.18954989862812724 5.067456612105917 7.9583251190734163 0.82224121924711235 0.51273530049150207 1.0000000180025095e-35 6.0785821681909509 5.5005232433105204 0.46286072019001795 4.5646085620312933 0.66471697878931379 0.7816713295973009 4.8348920329238334
decision_type=2 2 2 2 2 2 2 2 2 2 2 2 2 2 2 2 2 2 2 2 2 2 2 2 2 2 2 2 2 2
left_child=1 14 5 4 12 -2 8 25 11 17 -11 -7 16 -14 -1 -4 -3 19 -19 -5 23 -16 29 -8 -12 -6 -22 -24 -17 -23
right_child=2 3 15 9 7 6 20 -9 -10 10 24 -13 13 -15 21 28 -18 18 -20 -21 26 22 27 -25 -26 -27 -28 -29 -30 -31
leaf_value=0.046008379638119948 0.050825857689640402 -0.30300419186130972 -0.17688699509196615 -0.19605804393897072 -0.045846922409881898 -0.18451675348023283 -0.05547381301172271 -0.15935149015034208 0.051142871073674614 0.035088268966728807 -0.1925318490098662 -0.078057564519462386 -0.14195172975970205 -0.076092797710909849 0.017514765527520706 -0.17238238047471091 -0.15284415031276946 -0.18188248264741211 -0.15858693216174335 -0.16146442229425431 -0.012197567821087212 -0.10083142681987584 0.027161340883103936 0.049087349943572361 -0.11672943872227065 0.047618919881019663 0.050463516277205106 -0.077194186497953635 -0.057214797429947076 -0.42574326692758463
leaf_weight=2998.4963801074773 85372.812903860584 95.616732167080045 881.02636896073818 1167.1632785648108 34.420665584504604 1297.2812646795064 84.721155757084489 236.81417259201407 59.854846272617579 106.17945908941329 68.136337045580149 240.1185449808836 3464.2549123223871 859.88217351958156 212.26702023297548 16.123455706983805 52.506037071347237 1552.2010636478662 17829.51733157225 1166.1350099891424 59.257151449099183 106.94242120906711 69.970864241942763 52.036636149510741 510.66675950400531 2273.2452740557492 7857.8740562926978 23.833862205967307 108.36723553389311 1.6748745515942562
leaf_count=152661 4505371 1533 5893 9441 877 12835 2548 2050 1975 3779 929 3650 54944 19053 9427 258 374 12147 142829 7305 1682 2728 2740 2692 8489 116563 404226 645 2279 48
internal_value=0.00249852 -0.121565 0.0449127 -0.140098 -0.0748568 0.0471225 0.0143626 0.0270919 -0.159682 -0.160534 -0.100736 -0.167889 -0.13286 -0.128855 0.0381574 -0.163917 -0.249776 -0.162421 -0.160453 -0.178769 0.0488792 -0.0186109 -0.0564936 -0.0156881 -0.125653 0.0462248 0.0499945 0.000646736 -0.0721308 -0.105842
internal_weight=128859 32829.9 96029.5 29416.7 7016.74 95024 9651.14 2544.48 1597.25 22400 684.983 1537.4 4472.26 4324.14 3413.19 1005.52 148.123 21715 19381.7 2333.3 8053.89 414.689 202.422 136.758 578.803 2307.67 7917.13 93.8047 124.491 108.617
internal_count=5491971 548562 4943409 380313 195394 4934979 429608 119490 18460 184919 13197 16485 75904 73997 168249 8430 1907 171722 154976 16746 411148 15588 6161 5240 9418 117440 405908 3385 2537 2776
is_linear=0
shrinkage=0.05


Tree=5
num_leaves=31
num_cat=0
split_feature=0 2 3 1 2 2 2 3 2 2 1 2 3 3 2 3 2 3 3 3 0 1 0 2 2 1 3 0 3 3
split_gain=233142 31968.5 14135.6 11469.4 12779.5 4281.08 17750.8 3114.19 1776.57 960.15 763.208 728.037 646.563 885.445 630.588 400.229 264.402 261.421 1248.97 227.512 203.603 151.206 128.679 114.428 106.913 92.8726 91.2844 89.5605 75.6103 67.3699
threshold=0.7816713295973009 4.20477203786354 7.1746477361708756 1.0000000180025095e-35 6.3599640144325909 4.0615743271509634 4.4527119691926762 7.5133544912541304 4.1107138088430979 4.2375608875783284 1.5000000000000002 4.4527119691926762 5.4425259239190353 7.1746477361708756 4.1394526399019833 7.9583251190734163 4.3694752276468831 7.3225632713640296 7.2579402070459418 7.3233027137203726 0.51273530049150207 1.0000000180025095e-35 0.83351541442585564 7.0336754972165965 6.6858765715418915 1.0000000180025095e-35 4.5646085620312933 0.66471697878931379 6.0785821681909509 7.3225632713640296
decision_type=2 2 2 2 2 2 2 2 2 2 2 2 2 2 2 2 2 2 2 2 2 2 2 2 2 2 2 2 2 2
left_child=1 14 5 4 12 -2 8 23 25 -10 17 -12 16 -14 -1 29 -3 18 -5 -19 -16 -22 28 -6 -13 -7 -24 -23 -8 -4
right_child=2 3 15 10 7 6 22 -9 9 -11 11 24 13 -15 20 -17 -18 19 -20 -21 21 27 26 -25 -26 -27 -28 -29 -30 -31
leaf_value=0.045745859198136223 0.050807857128242123 -0.10576436962485075 -0.11530967695925015 -0.13713296296538177 0.046153003710183743 -0.039669237072463864 -0.026764671810434505 -0.13626952375487997 -0.1550542748386794 -0.048073649952878855 0.042426951595602176 -0.11827503696978275 -0.08723422910135116 -0.18405587469537521 0.016926659111345561 -0.051607513303194387 -0.14351804013069042 -0.16083601950079196 -0.067865775275379889 -0.14081482490973671 -0.088311164123042643 0.026491311541951907 -0.011454228113975343 -0.53138154381984426 -0.073227778483632142 0.039262466752469652 0.05050212123340278 -0.075162373505432978 0.049972122120620716 -0.156203676412347
leaf_weight=3094.3825411498547 80945.768760412931 659.23458080366254 115.37236735969782 10894.318141821772 2211.442682819441 49.883228972554207 87.655289031565189 262.33878475800157 1429.0027786623687 245.81158225238323 94.437153866514564 481.73681112378836 2544.3093718048185 260.29003269597888 208.75118882954121 113.98008025810122 1563.9292175527662 1627.820342361927 692.12784088402987 11057.988267712295 124.94433416053653 68.199159406125546 59.929725496098399 0.85799361951649089 181.27871846780181 147.35030650906265 7454.8391199167818 31.757149763405323 50.649087248370051 792.65372418984771
leaf_count=164922 4485867 9476 1051 86201 117656 1999 2636 2050 11883 3932 3486 6789 46627 2948 9427 2279 17639 9361 6505 70627 2835 2740 1682 34 3179 7365 402884 715 2749 4427
internal_value=0.00254993 -0.105125 0.044988 -0.120629 -0.066402 0.0470768 0.0153699 0.026614 -0.122638 -0.139353 -0.136882 -0.0874581 -0.112184 -0.0962201 0.0378325 -0.139922 -0.132323 -0.138425 -0.132995 -0.143384 -0.0186343 -0.0516416 0.0491285 0.045929 -0.105958 0.0192995 0.050008 -0.00580511 0.00133747 -0.151008
internal_weight=127553 36060.1 91492.9 32532.1 7502.4 90470.9 9525.12 2474.64 1872.05 1674.81 25029.7 757.453 5027.76 2804.6 3528.03 1022.01 2223.16 24272.3 11586.4 12685.8 433.652 224.901 7653.07 2212.3 663.016 197.234 7514.77 99.9563 138.304 908.026
internal_count=5491971 563217 4928754 382578 196430 4920997 435130 119740 25179 15815 186148 13454 76690 49575 180639 7757 27115 172694 92706 79988 15717 6290 409951 117690 9968 9364 404566 3455 5385 5478
is_linear=0
shrinkage=0.05


Tree=6
num_leaves=31
num_cat=0
split_feature=0 2 3 1 2 2 2 0 2 1 2 3 2 0 0 2 3 2 1 3 3 2 0 1 3 0 3 3 0 3
split_gain=204152 29188 9956.67 8976.67 10192.2 3581.1 14676.1 3269.18 1419.82 706.288 661.626 493.254 427.848 409.979 445.758 358.264 334.904 346.358 310.089 275.459 264.133 236.431 216.686 190.673 145.996 138.001 130.264 102.814 94.4432 58.1947
threshold=0.8150384491514896 4.1876727905124937 7.2265362286251831 1.0000000180025095e-35 6.0766349138279336 4.0615743271509634 4.2375608875783284 0.4332831331818166 4.1107138088430979 1.5000000000000002 4.4527119691926762 4.6428993089071149 4.1236035457433209 0.16732986996238744 0.3109700072263431 6.951795789371034 4.5479117545328309 4.2375608875783284 1.5000000000000002 7.2960267532015175 7.9583251190734163 4.7327784207308978 0.92511295122819293 1.0000000180025095e-35 7.3155776058677429 0.51273530049150207 7.3081877281983463 8.6083216537689129 0.94294308484027956 4.4417685123134873
decision_type=2 2 2 2 2 2 2 2 2 2 2 2 2 2 2 2 2 2 2 2 2 2 2 2 2 2 2 2 2 2
left_child=1 12 5 4 13 -2 8 19 28 16 -11 22 -1 21 -15 -9 29 -18 -10 -6 24 -3 -8 25 26 -14 -4 -12 -7 -5
right_child=2 3 20 9 7 6 11 15 18 10 27 -13 23 14 -16 -17 17 -19 -20 -21 -22 -23 -24 -25 -26 -27 -28 -29 -30 -31
leaf_value=0.046478552205378332 0.050765970209651547 -0.004227999494218441 -0.13807560691847032 -0.087104906599281065 0.0048567181145220493 -0.026379263097446266 -0.078362335401790953 0.046786319589448858 -0.1348580247808891 0.042835488651580697 -0.089557568827602546 0.050213062409339121 0.0065814179904140598 -0.066583413261103994 -0.10348295546231023 -0.09077280877551433 -0.040452310100122547 -0.12063106756023366 0.052500795867148481 -0.1274561917349275 -0.039800612002237841 -0.19581116266338272 0.014347878540074941 0.030229864769786396 -0.13785335192559031 -0.067070059373439156 0.0016195116440604765 -0.33228301040707908 0.050532582030996788 -0.19632637584629836
leaf_weight=3322.1814098320901 76622.339683532715 18.024639785289764 30.225637968629599 13.149270534515379 44.352432351559401 64.836966171860695 96.001840900629759 2220.3157795332372 1474.5840705819428 105.44329017028213 739.97615209035575 7145.6382463723421 116.79268861562014 1016.2516601774842 4205.2424387987703 48.364105846732855 135.38311039470136 26446.084404462948 22.41976360231638 347.79829938896 87.687815841287374 151.11992508172989 183.48107723146677 216.0899741537869 721.42401993274689 139.64469553902745 37.259299671277404 4.3886542916297904 103.83549038507044 168.17610634490848
leaf_count=186179 4459456 272 339 88 1155 2647 1468 121779 10511 4070 10391 404806 5583 19099 53660 954 2632 172456 574 2529 1780 1444 3877 9375 3678 3960 318 53 5631 1207
internal_value=0.00257575 -0.0916869 0.0455311 -0.105714 -0.0592596 0.0472457 0.0175747 0.0208118 -0.116557 -0.11926 -0.0743839 0.0476644 0.0401468 -0.098783 -0.0963013 0.0438538 -0.120685 -0.120223 -0.132052 -0.112492 -0.122124 -0.175395 -0.0174979 -0.00437 -0.131275 -0.033526 -0.0609481 -0.0909886 0.020968 -0.188406
internal_weight=126049 39458.8 86589.7 35664.1 8051.47 85713.1 9090.8 2660.83 1665.68 27612.6 849.808 7425.12 3794.71 5390.64 5221.49 2268.68 26762.8 26581.5 1497 392.151 876.597 169.145 279.483 472.527 788.909 256.437 67.4849 744.365 168.672 181.325
internal_count=5491971 596886 4895085 391789 200892 4888970 429514 126417 19363 190897 14514 410151 205097 74475 72759 122733 176383 175088 11085 3684 6115 1716 5345 18918 4335 9543 657 10444 8278 1295
is_linear=0
shrinkage=0.05


Tree=7
num_leaves=31
num_cat=0
split_feature=2 1 0 2 1 2 3 2 0 3 3 2 3 0 0 3 2 0 3 3 0 0 3 2 2 2 2 1 3 1
split_gain=180804 38059.8 16830.6 5648 1048.22 920.853 2104.19 872.398 745.65 591.454 925.964 495.34 773.017 435.508 401.871 361.812 295.581 310.829 247.487 252.205 237.637 204.175 1561.45 178.195 141.951 117.942 182.061 109.269 100.425 96.4656
threshold=4.1394526399019833 1.0000000180025095e-35 0.58557039653272314 5.0257894490011461 1.5000000000000002 5.8065205138007423 7.3225632713640296 4.49855624743092 0.8806759878972531 7.3225632713640296 7.3000979972342614 4.3694752276468831 5.0939955393789083 0.16732986996238744 0.58557039653272314 6.9830158004538498 4.0893303025383752 0.84415195204871418 7.3233027137203726 7.5753487237152513 0.37200840929843199 0.88700856337990219 6.0785821681909509 4.2987140455362249 6.742726673005488 6.8125336360428692 4.8213945277212966 1.5000000000000002 8.3920946847197637 1.0000000180025095e-35
decision_type=2 2 2 2 2 2 2 2 2 2 2 2 2 2 2 2 2 2 2 2 2 2 2 2 2 2 2 2 2 2
left_child=16 2 5 8 9 11 20 -6 23 10 13 12 -2 -3 -12 -13 -1 -18 24 -20 -7 22 -5 -4 -11 26 -9 29 -27 -19
right_child=1 4 3 21 7 6 -8 25 -10 18 14 15 -14 -15 -16 -17 17 27 19 -21 -22 -23 -24 -25 -26 28 -28 -29 -30 -31
leaf_value=0.050586960428210738 -0.10509100637127605 -0.15267940152138806 -0.06626393181176117 -0.092915810407260935 0.042034134168902934 -0.062103263512613895 -0.10536148460980344 -0.043957937265676622 0.028560337594487107 -0.11545356935206781 -0.075875777882625936 -0.088246117950563085 -0.013322701864001264 -0.099710058619883246 0.015432767729573062 -0.16309437063776799 0.026932508699845245 -0.071027012611697304 -0.092044546233588848 -0.11256719134298497 0.043306477151649571 0.050499993386802826 0.047711542262616924 -0.1170520189582341 -0.13902089006125076 -0.044680811860319185 -0.10611921370515687 0.051564170967043868 -0.23646534901226757 -0.21631228830583915
leaf_weight=75904.667168032378 390.5632316749543 398.26247620582581 250.68847119808197 221.73532400093973 189.70569653995335 59.572270635515451 528.23003781586885 162.62364058569074 128.21977484598756 1320.8199431598186 243.58772012591362 3738.1804259605706 556.39384570159018 15132.024916658178 238.4851698204875 168.74642424657941 501.16536766290665 30.238882876932621 1726.3157509639859 11270.472223259509 521.79118619859219 6419.5067811012268 1797.9332530405372 555.20752221904695 1237.6389917656779 271.46986699476838 427.28641447424889 10.555094590410588 7.0018878728151313 18.363891273736954
leaf_count=4634014 6893 2622 3076 5229 7478 1166 4292 2892 4414 6100 1783 44781 11554 112734 2201 1797 25802 593 10234 61984 24848 387441 105157 6246 6513 4738 4606 370 74 339
internal_value=0.0025851 -0.0735169 -0.00855395 0.0332249 -0.104055 -0.0742212 -0.0331273 -0.0551022 -0.0834348 -0.105696 -0.09895 -0.0836153 -0.0511716 -0.101068 -0.0307047 -0.0914789 0.0503199 0.0141379 -0.112639 -0.109841 0.0325051 0.0461377 0.0322723 -0.101253 -0.126854 -0.0763225 -0.0889829 -0.0942537 -0.049503 -0.125921
internal_weight=124427 47962.5 15336.8 9373.29 32625.7 5963.48 1109.59 1058.09 934.116 31567.6 16012.4 4853.88 946.957 15530.3 482.073 3906.93 76465 560.323 15555.2 12996.8 581.363 8439.18 2019.67 805.896 2558.46 868.382 589.91 59.1579 278.472 48.6028
internal_count=5491971 830853 606894 511563 223959 95331 30306 19788 13736 204171 119340 65025 18447 115356 3984 46578 4661118 27104 84831 72218 26014 497827 110386 9322 12613 12310 7498 1302 4812 932
is_linear=0
shrinkage=0.05


Tree=8
num_leaves=31
num_cat=0
split_feature=2 1 0 2 1 0 2 2 3 3 3 0 2 0 2 0 2 0 3 3 3 0 3 3 1 0 3 3 2 2
split_gain=162865 30976.5 14645.9 5114.48 857.255 856.339 737.621 699.334 1844.63 574.772 729.133 444.843 398.907 602.866 298.127 281.191 265.311 261.214 254.935 224.287 210.131 165.332 1178.37 139.579 104.965 104.066 98.6863 151.951 97.4866 90.0506
threshold=4.1394526399019833 1.0000000180025095e-35 0.58557039653272314 5.0706860942401697 1.5000000000000002 0.8806759878972531 4.4527119691926762 5.6599165454229086 7.3081877281983463 7.3225632713640296 7.2579402070459418 0.55652029964453664 4.3329479324565865 0.39166485078173591 4.0893303025383752 0.72580511243191603 6.6858765715418915 0.3820810697357887 6.7939703625515913 7.3233027137203726 7.781075859749671 0.88700856337990219 6.0785821681909509 4.7891154230329027 1.5000000000000002 0.3820810697357887 4.9268187134029358 5.5005232433105204 6.742726673005488 4.1876727905124937
decision_type=2 2 2 2 2 2 2 2 2 2 2 2 2 2 2 2 2 2 2 2 2 2 2 2 2 2 2 2 2 2
left_child=14 2 7 5 9 23 -6 12 17 10 16 -12 13 -2 -1 -16 -3 -9 -14 28 -21 22 -5 -4 -17 -10 -8 -28 -11 -7
right_child=1 4 3 21 6 29 26 8 25 19 11 -13 18 -15 15 24 -18 -19 -20 20 -22 -23 -24 -25 -26 -27 27 -29 -30 -31
leaf_value=0.050532117734726247 0.010084283784762864 -0.090046338527878009 -0.064132421692664046 -0.076189728336480078 0.046052015346292829 -0.094807901177510367 0.024643007225645362 -0.043984645728210293 -0.10675365879617416 -0.10534598157046669 -0.07863436568966431 -0.0084532388507363079 -0.078035401037233998 -0.078765339617565294 0.031903689565392176 -0.077418653362331433 -0.14735978578291928 0.041532369339884634 -0.13597343031234754 -0.088580012985081738 -0.10258547792473527 0.050436741225658534 0.047518562182115587 -0.10498223903092828 0.05129599099788839 -0.058389113745433034 -0.1294962169029171 -0.063173743290643375 -0.12440388383108042 0.044141131761015764
leaf_weight=72279.142017869279 325.68198530375957 15904.907790189609 333.00043057836592 216.80244178883731 169.26361329481006 12.614811636507509 28.259759770706296 107.62116488441825 460.34942152351141 1373.6952029764652 465.97128359973431 438.05458997935057 4085.4833152294159 461.3960151411593 438.25393287464976 95.5517274197191 204.5174125302583 524.41727710515261 199.11746034026146 3651.3163820803165 10048.466494709253 6071.86163992621 1717.0191793497652 562.07395620085299 18.986313687637448 146.65601653233171 96.654875302687287 810.9883662443608 1311.807757422328 154.12916156090796
leaf_count=4634014 8412 111099 3977 4815 7061 160 996 1972 2931 6100 3185 3867 45243 7554 24143 2153 1189 24874 2210 20414 51804 385004 105157 5753 808 2135 1071 10660 6513 6697
internal_value=0.00258198 -0.0670206 -0.00800122 0.0327059 -0.0933253 -0.0704042 -0.05 -0.0664908 -0.032816 -0.0947589 -0.0883219 -0.0446274 -0.0747178 -0.0420006 0.0502524 0.0136731 -0.090774 0.0269708 -0.0807279 -0.101443 -0.0988527 0.0463817 0.0336495 -0.0897846 -0.0560824 -0.0950685 -0.0673715 -0.0702364 -0.114655 0.0336291
internal_weight=122714 49882.1 15378.2 9067.5 34503.9 1061.82 1105.17 6310.72 1239.04 33398.7 17013.5 904.026 5071.68 787.078 72831.9 552.792 16109.4 632.038 4284.6 16385.3 13699.8 8005.68 1933.82 895.074 114.538 607.005 935.903 907.643 2685.5 166.744
internal_count=5491971 830853 606894 511563 223959 16587 19788 95331 31912 204171 119340 7052 63419 15966 4661118 27104 112288 26846 47453 84831 72218 494976 109972 9730 2961 5066 12727 11731 12613 6857
is_linear=0
shrinkage=0.05


Tree=9
num_leaves=31
num_cat=0
split_feature=2 1 0 2 3 1 2 3 3 0 2 0 2 0 2 0 3 0 3 2 1 3 2 3 3 2 3 1 2 3
split_gain=147560 25611.7 12849.9 5602.19 2036.64 718.096 629.743 560.879 606.638 301.865 300.643 297.158 283.851 506.368 414.734 251.358 208.537 196.458 188.893 188.311 88.1717 83.6802 83.4089 149.211 85.9338 69.554 58.0309 51.7821 48.7565 39.1987
threshold=4.1394526399019833 1.0000000180025095e-35 0.84868432422502627 6.2840647075723846 7.5133544912541304 1.5000000000000002 4.4527119691926762 7.3225632713640296 7.3000979972342614 0.16732986996238744 4.0893303025383752 0.58557039653272314 4.3329479324565865 0.39166485078173591 5.0937103219158661 0.72580511243191603 7.3233027137203726 0.46286072019001795 7.5753487237152513 4.49855624743092 1.5000000000000002 7.2265362286251831 4.6960841391917354 6.6878875668217104 5.5518349149415949 6.742726673005488 7.9844543739244713 1.0000000180025095e-35 4.1107138088430979 4.2571009610137267
decision_type=2 2 2 2 2 2 2 2 2 2 2 2 2 2 2 2 2 2 2 2 2 2 2 2 2 2 2 2 2 2
left_child=10 2 3 12 17 7 -7 8 9 -3 -1 -10 13 -2 -14 27 25 -5 -18 -4 28 -21 24 -24 -8 -9 -6 -12 -17 -30
right_child=1 5 19 4 26 6 22 16 11 -11 15 -13 14 -15 -16 20 18 -19 -20 21 -22 -23 23 -25 -26 -27 -28 -29 29 -31
leaf_value=0.050478724158472744 0.009668934677876417 -0.12116466792862338 -0.042482149668366449 -0.045963120147727854 -0.055881776423813027 0.045731152318191762 -0.057693200150867666 -0.096982752443884074 -0.061628433238118889 -0.080073961238472852 0.013210822153590863 0.015163439251560655 -0.078684612306278684 -0.064602658542074032 -0.049000234885436866 -0.030615083568330627 -0.075119024340533677 0.046294376511369355 -0.092058138142582346 0.050438409231502702 0.051231334062847127 -0.11886581741934404 -0.094882224179131905 -0.051062760131275746 0.025310452990092609 -0.11277561437109714 -0.10029586406927307 0.048137690066337162 -0.13886111103275953 -0.054965262164691678
leaf_weight=68824.948522382416 322.76490956731141 459.06491585075855 55.274212762713432 59.518494632095098 104.58103504404426 162.10996031016111 74.553399555385113 1416.3621709793806 268.6123555675149 16945.813044307753 205.13581589050591 237.2467497587204 4326.8435758426785 794.10202968493104 1616.1832272261381 46.368071665987372 1897.4049601405859 1892.9163009328768 12410.668766260147 5974.1276974249631 18.082557698711753 7.3073205836117259 296.99862002767622 561.65470610000193 53.601600173860788 1373.0012203007936 247.83049035817385 219.85759501904249 30.011980518698692 25.971363054588437
leaf_count=4634014 8412 2622 712 1373 984 7061 1396 6100 1783 112734 11007 2201 43449 10862 23651 1159 10234 120501 61984 395597 808 182 3062 7261 1008 6513 1171 13136 409 585
internal_value=0.00256968 -0.0614962 -0.00750097 -0.0441694 0.0235136 -0.0844959 -0.0455999 -0.0857724 -0.079589 -0.0811578 0.0501857 -0.0256132 -0.0662658 -0.0431388 -0.0706121 0.0132103 -0.09225 0.043482 -0.0898118 0.0493827 -0.0505521 0.0502316 -0.0606035 -0.0662194 -0.0229764 -0.104756 -0.0871156 0.0312792 -0.0685343 -0.0999408
internal_weight=120929 51558.5 15401.4 9364.74 2304.85 36157.1 1148.92 35008.2 17910.7 17404.9 69370.4 505.859 7059.89 1116.87 5943.03 545.427 17097.4 1952.43 14308.1 6036.71 120.434 5981.44 986.808 858.653 128.155 2789.36 352.412 424.993 102.351 55.9833
internal_count=5491971 830853 606894 210403 124029 223959 19788 204171 119340 115356 4661118 3984 86374 19274 67100 27104 84831 121874 72218 396491 2961 395779 12727 10323 2404 12613 2155 24143 2153 994
is_linear=0
shrinkage=0.05


Tree=10
num_leaves=31
num_cat=0
split_feature=2 1 0 2 0 1 2 3 3 0 3 2 0 2 3 2 3 2 0 3 3 3 3 3 0 0 1 2 1 0
split_gain=134323 21414.3 11614.5 4684.82 1848.87 674.913 612.832 562.615 493.061 321.277 275.046 691.398 240.26 200.302 197.575 197.485 175.911 161.383 142.297 130.092 79.2642 89.0921 74.5711 62.3275 51.3879 48.9113 45.1772 37.8754 44.762 88.8017
threshold=4.1236035457433209 1.0000000180025095e-35 0.84868432422502627 6.2840647075723846 0.47314934341579079 1.5000000000000002 4.4527119691926762 7.3225632713640296 7.2579402070459418 0.55652029964453664 7.1746477361708756 5.6599165454229086 0.4533208610456857 4.49855624743092 7.3233027137203726 6.951795789371034 7.781075859749671 4.0893303025383752 0.72580511243191603 7.2960267532015175 4.8764560660892373 5.5005232433105204 7.2265362286251831 7.9844543739244713 0.51273530049150207 0.97067458685221053 1.5000000000000002 4.0417407382996835 1.0000000180025095e-35 0.73404260302458579
decision_type=2 2 2 2 2 2 2 2 2 2 2 2 2 2 2 2 2 2 2 2 2 2 2 2 2 2 2 2 2 2
left_child=17 2 3 10 19 7 -7 8 12 -10 11 -2 -3 25 24 -6 -16 27 -19 -5 -8 -22 -15 -12 -9 -4 -20 -1 29 -29
right_child=1 5 13 4 15 6 20 14 9 -11 23 -13 -14 22 16 -17 -18 18 26 -21 21 -23 -24 -25 -26 -27 -28 28 -30 -31
leaf_value=0.050584591643100169 -0.060701008981070836 -0.06832742121966881 -0.062427513306757644 0.035315455870137714 0.04682023114570423 0.046055834912123561 0.037133751996057777 -0.089148171696294368 -0.064315658267120893 -0.0063887158544433933 -0.11502165631103325 0.013622228532512052 -0.07994811014235946 0.05038276363447558 -0.073199979420943015 -0.059410165867089804 -0.085498331935956406 0.035251552450469049 -0.048596706147542162 -0.081999217121555501 -0.097782794883361751 -0.051553266497918887 -0.10103429085158222 -0.064938175254456637 -0.10258735446631904 0.035498404423134955 0.051108044968525106 0.041643371122038531 0.048849991816008811 -0.012281222773186339
leaf_weight=64421.616252204403 6815.7912260815501 9128.0603903718293 49.314669225364923 25.228526556864381 1793.9070978295058 176.03618794772774 22.894461072981358 1294.616389170289 511.92882987856865 449.57016953080893 261.5243678689003 327.96659153699875 8675.2070037685335 5688.8847383931279 3970.0299521386623 44.843532370403409 10865.490307740867 303.73993255570531 82.059683775529265 373.23844643309712 117.98573872447014 893.0782096683979 8.1429592669010145 81.471875578165054 1578.6811052709818 17.198242537677288 13.187041964381931 301.61536449939013 708.80692064575851 102.22073206305504
leaf_count=4558108 78850 56724 625 1182 119546 8266 875 5443 3185 3867 2158 8150 57844 395597 20414 997 51804 17952 1727 2304 1192 10660 182 385 7170 211 647 20435 48754 6717
internal_value=0.00255025 -0.0565781 -0.00708221 -0.0404173 0.02307 -0.0769203 -0.0401823 -0.0781391 -0.0721064 -0.0372306 -0.0593888 -0.0572889 -0.07399 0.0491592 -0.0845315 0.0442295 -0.0822073 0.0502336 0.0185305 -0.0745716 -0.0548648 -0.056948 0.0501663 -0.103125 -0.0965321 -0.0371068 -0.0347924 0.0504266 0.0412802 0.0279937
internal_weight=119104 53171.1 15487.5 9723.97 2237.22 37683.6 1209.99 36473.6 18764.8 961.499 7486.75 7143.76 17803.3 5763.54 17708.8 1838.75 14835.5 65933.2 398.987 398.467 1033.96 1011.06 5697.03 342.996 2873.3 66.5129 95.2467 65534.3 1112.64 403.836
internal_count=5491971 837631 610187 213572 124029 227444 20993 206451 121620 7052 89543 87000 114568 396615 84831 120543 72218 4654340 20326 3486 12727 11852 395779 2543 12613 836 2374 4634014 75906 27152
is_linear=0
shrinkage=0.05


Tree=11
num_leaves=31
num_cat=0
split_feature=2 1 0 2 3 3 3 1 2 2 0 0 3 2 3 0 3 3 2 2 2 0 3 1 3 1 2 0 0 2
split_gain=122771 18147.3 10610.8 4020.61 1629.17 591.083 401.953 331.655 457.199 301.358 236.082 230.175 229.831 710.528 214.708 209.612 201.296 1052.84 172.498 113.893 106.883 99.2721 67.5766 65.8938 59.3715 51.2397 46.5672 41.5844 111.304 39.3639
threshold=4.1394526399019833 1.0000000180025095e-35 0.84868432422502627 6.3599640144325909 7.5133544912541304 7.3225632713640296 7.3000979972342614 1.5000000000000002 4.6163750795325784 4.0893303025383752 0.14283967029535363 0.58557039653272314 7.1746477361708756 5.6599165454229086 7.3233027137203726 0.72580511243191603 7.9844543739244713 7.9583251190734163 4.49855624743092 7.0336754972165965 7.740204100276876 0.65631567337852459 7.2265362286251831 1.5000000000000002 7.9844543739244713 1.0000000180025095e-35 5.8065205138007423 0.4332831331818166 0.65062298805038576 4.0417407382996835
decision_type=2 2 2 2 2 2 2 2 2 2 2 2 2 2 2 2 2 2 2 2 2 2 2 2 2 2 2 2 2 2
left_child=9 2 3 12 19 6 7 10 -9 29 -3 -8 13 -2 27 25 17 -16 -4 -5 -18 -13 -20 -17 -6 -11 -14 -7 -29 -1
right_child=1 5 18 4 24 14 11 8 -10 15 -12 21 26 -15 16 23 20 -19 22 -21 -22 -23 -24 -25 -26 -27 -28 28 -30 -31
leaf_value=0.05054151554762859 -0.055440871805334441 -0.12011890069569689 -0.035955822765120375 0.044641121030144351 -0.042250207415496809 -0.081564523304417783 -0.051310087988721977 0.025358727751152915 -0.059397515558394301 0.012450158785262422 -0.066671770635452654 0.037902838151518826 -0.11188674126730694 0.016382784039704681 -0.075249746880548418 -0.056050921765294096 -0.082152702939530309 -0.013432601515093318 0.050328183833561413 -0.22215494218022594 -0.06432605236526949 -0.030791681919459659 -0.087413307282541375 0.051113568723750363 -0.086522375272051713 0.047907972931168649 -0.077041239568095013 -0.11054309305850114 -0.085110026633711311 0.04086395037980807
leaf_weight=61330.654852068052 7068.921905092895 208.91826228797436 58.861685497686267 1734.6490515656769 108.74321560189128 1055.2050844281912 295.75166229903698 229.98040346242487 516.34208458475769 201.17077227775007 18708.343520462513 157.01758608967066 158.31490778177977 361.97125135362148 6608.5154801383615 113.54925837367773 7425.6699845939875 768.92811447009444 5417.1558971256018 4.0094134695827952 948.19529953226447 79.079943969845772 8.9191005975007993 16.41853750590235 249.42692011594772 206.44943845551461 243.11839191056788 659.22841581702232 1238.1504143252969 1069.0815154882148
leaf_count=4558108 75681 1081 712 119228 938 4360 1838 8631 5030 11007 114275 1567 1036 10395 33943 2153 33372 5571 395597 101 5337 638 182 808 1112 13136 1912 3028 5288 75906
internal_value=0.00252545 -0.0525504 -0.00663746 -0.0374705 0.0240222 -0.0707436 -0.0648122 -0.0659722 -0.0332798 0.0500546 -0.067262 -0.0219209 -0.053933 -0.0519422 -0.0771481 0.012779 -0.0748287 -0.0688067 0.0491782 0.0440259 -0.0801341 0.0148939 0.0501018 -0.0425131 -0.073081 0.0304087 -0.0907834 -0.0895214 -0.0939465 0.0503757
internal_weight=117251 54313.4 15414.1 9929.16 2096.83 38899.3 20195.4 19663.6 746.322 62937.3 18917.3 531.849 7832.33 7430.89 18703.9 537.588 15751.3 7377.44 5484.94 1738.66 8373.87 236.098 5426.07 129.968 358.17 407.62 401.433 2952.58 1897.38 62399.7
internal_count=5491971 830853 606894 210403 121379 223959 133060 129017 13661 4661118 115356 4043 89024 86076 90899 27104 78223 39514 396491 119329 38709 2205 395779 2961 2050 24143 2948 12676 8316 4634014
is_linear=0
shrinkage=0.05


Tree=12
num_leaves=31
num_cat=0
split_feature=2 1 0 2 3 3 2 3 3 0 0 2 0 2 3 3 2 2 2 0 0 1 0 0 2 3 0 3 0 3
split_gain=112590 15474.8 9656.18 3425.26 1492.64 593.447 360.175 707.887 352.181 249.592 244.494 241.455 397.485 302.961 205.76 213.096 362.31 184.034 166.662 108.857 103.728 109.398 96.6846 84.5156 72.3806 62.0206 57.2983 53.2686 50.1609 51.4546
threshold=4.1236035457433209 1.0000000180025095e-35 0.84868432422502627 6.3599640144325909 7.5133544912541304 7.3225632713640296 4.1876727905124937 4.204841850850066 7.2579402070459418 0.4533208610456857 0.55652029964453664 4.3329479324565865 0.39166485078173591 5.0937103219158661 7.3233027137203726 8.4967555934485279 7.740204100276876 4.49855624743092 4.0615743271509634 0.52179196583813592 0.71884716736211585 1.0000000180025095e-35 0.96432025503557706 0.67667794470697917 4.1107138088430979 7.2265362286251831 0.92844031038207986 7.9844543739244713 0.92688532175828919 4.204841850850066
decision_type=2 2 2 2 2 2 2 2 2 2 2 2 2 2 2 2 2 2 2 2 2 2 2 2 2 2 2 2 2 2
left_child=18 2 3 11 19 6 7 22 9 -8 -10 12 -2 -13 -7 16 -16 -4 -1 -5 -20 28 -3 -9 -23 -19 -26 -6 29 -22
right_child=1 5 17 4 27 14 8 23 10 -11 -12 13 -14 -15 15 -17 -18 25 20 -21 21 24 -24 -25 26 -27 -28 -29 -30 -31
leaf_value=0.050432893356669686 0.014729915468426964 -0.23331100585028353 -0.031245105596277259 -0.0094296703638955259 -0.038924683154719128 -0.083496988493022437 -0.05630571180168991 0.04318554214259876 -0.053659921864292429 -0.067623644802631486 -0.0045693035666443975 -0.059129748413062892 -0.046288225495500109 -0.035597511153548693 -0.06868788495730703 -0.084226389566855769 -0.027825119379109132 0.050274517163209846 0.039733427786497584 0.046765466235270302 -0.1619370430431453 0.038196083565617392 -0.10932592509758768 -0.012441086269281868 -0.010950067925246292 -0.07665244631872542 -0.20243493889145969 -0.080281374257790195 0.01712411218198738 -0.044556492647729748
leaf_weight=58940.928473155946 368.62648214958608 21.086876237764955 70.588252063840628 91.165908672846854 112.04268498718739 3005.7956620752811 10209.414108079858 198.46041371300817 565.55565964430571 9316.2869814168662 459.87886787205935 4990.8145895395428 967.11936528235674 1884.0513889491558 13521.832337319851 2070.8381508812308 565.12720278650522 5158.3209176659584 598.52558266650885 1575.2090942412615 11.184998501092194 147.6624871250242 61.824327889829874 104.09958695620298 13.944373268634083 9.642264958471058 5.4272466599941245 255.21706137061119 26.561649246141315 56.484436616301537
leaf_count=4599755 9186 229 836 3799 938 12676 61627 8447 3315 57149 3880 43449 13257 26301 64798 8627 4798 395597 41216 115530 358 9438 446 1452 340 182 82 1112 871 2280
internal_value=0.00249676 -0.0487339 -0.00627579 -0.0345125 0.0235811 -0.065127 -0.0593077 -0.0114231 -0.0602059 -0.0617058 -0.0316441 -0.0489013 -0.029449 -0.0526808 -0.0714848 -0.0692502 -0.0670486 0.0489424 0.0501141 0.0436911 0.0282593 0.00197349 -0.140859 0.0240465 0.0262747 0.0500377 -0.0645974 -0.0676644 -0.0411029 -0.0639582
internal_weight=115384 55583 15482.8 10244.2 2033.63 40100.2 20936.6 385.471 20551.1 19525.7 1025.43 8210.61 1335.75 6874.87 19163.6 16157.8 14087 5238.55 59800.7 1666.38 859.791 261.265 82.9112 302.56 167.034 5167.96 19.3716 367.26 94.2311 67.6694
internal_count=5491971 837631 610187 213572 121379 227444 136545 10574 125971 118776 7195 92193 22443 69750 90899 78223 69596 396615 4654340 119329 54585 13369 675 9899 9860 395779 422 2050 3509 2638
is_linear=0
shrinkage=0.05


Tree=13
num_leaves=31
num_cat=0
split_feature=2 1 0 2 0 3 2 3 3 2 0 2 3 3 3 3 0 2 3 2 0 1 0 2 1 0 0 3 3 3
split_gain=103541 13278.1 8795.85 2970.29 1574.99 596.228 432.773 665.475 305.586 233.458 303.361 207.899 203.454 199.425 209.761 864.953 180.632 170.32 167.924 139.581 101.368 97.288 94.508 87.2162 74.7789 127.231 63.5751 46.8224 43.6166 39.9295
threshold=4.1107138088430979 1.0000000180025095e-35 0.8806759878972531 6.1678079014343981 0.47314934341579079 7.3225632713640296 4.1876727905124937 4.204841850850066 7.3000979972342614 4.2987140455362249 0.39166485078173591 6.8303344683222234 5.4425259239190353 7.3233027137203726 7.9844543739244713 7.9583251190734163 0.59378873841925628 6.951795789371034 7.2960267532015175 4.1876727905124937 0.69035327433527816 1.5000000000000002 0.67667794470697917 4.0532899411725376 1.0000000180025095e-35 0.72580511243191603 0.92688532175828919 7.2265362286251831 4.1987796469857166 4.204841850850066
decision_type=2 2 2 2 2 2 2 2 2 2 2 2 2 2 2 2 2 2 2 2 2 2 2 2 2 2 2 2 2 2
left_child=23 2 3 9 18 6 7 21 11 10 -2 -8 -11 -7 15 -15 -10 -6 -5 28 -16 -3 -9 -1 25 -25 29 -21 -4 -27
right_child=1 5 19 4 17 13 8 22 16 12 -12 -13 -14 14 20 -17 -18 -19 -20 27 -22 -23 -24 24 -26 26 -28 -29 -30 -31
leaf_value=0.050418787862600803 0.020116016861940131 -0.13508153304520237 0.0041269300504231318 0.029898016225898008 0.04625734180660615 -0.078280266784942223 -0.056011345559805296 0.043900327110477054 -0.043087709007783963 -0.058191368254169346 -0.038936946964966773 -0.10905211426922581 -0.041241755479032138 -0.064024231527263845 -0.07062355022613602 -0.0091207613177156956 0.015089343810720898 -0.04542934950944514 -0.0661576924118501 0.050139644030848841 -0.03854750739669275 0.051686371326491801 -0.010498688298513775 0.034133530369103604 0.046603146771623846 -0.13734545471858237 0.04179392279310274 -0.064551378874348794 -0.10414862219651928 -0.039762702917833341
leaf_weight=55939.148415713571 287.85183773562312 91.630082599818707 19.640285216271877 50.474454844370484 1635.519093086943 3044.7219602316618 20423.605323033407 236.50934234913439 317.63110956549644 3099.3085349462926 889.56811585649848 186.43099271506071 4129.2884501442313 7002.3649225085974 8453.0376998707652 799.2299585826695 230.06186363846064 52.270509721711278 461.63505330868065 4888.2060335287824 253.7007009498775 7.5468790158629409 120.52971897833049 264.9361809194088 516.14063855446875 12.934016473591326 20.692203450016677 8.915091894567011 17.668059840798378 55.320604532957077
leaf_count=4586012 8407 535 241 1854 122976 12676 120940 11688 1874 23746 14526 988 45113 33943 36681 5571 2169 1179 2656 392320 2028 257 2066 18800 38101 521 1060 157 181 2705
internal_value=0.00246478 -0.0453306 -0.00595172 -0.0316097 0.0201139 -0.0601959 -0.0544726 -0.00629094 -0.0555116 -0.0451461 -0.0244999 -0.0564911 -0.048509 -0.0665224 -0.0643538 -0.0583997 -0.0186501 0.0434178 -0.0566903 0.0491968 -0.0696889 -0.120869 0.0255362 0.0501745 0.0344653 0.0167623 -0.0349795 0.0499309 -0.047149 -0.0582543
internal_weight=113517 56707.3 15540.3 10605.9 2199.9 41167 21613.9 456.216 21157.7 8406.02 1177.42 20610 7228.6 19553.1 16508.3 7801.59 547.693 1687.79 512.11 4934.43 8706.74 99.177 357.039 56809.2 870.024 353.883 88.9468 4897.12 37.3083 68.2546
internal_count=5491971 844772 613356 220457 128665 231416 140517 14546 125971 91792 22933 121928 68859 90899 78223 39514 4043 124155 4510 392899 38709 792 13754 4647199 61187 23086 4286 392477 422 3226
is_linear=0
shrinkage=0.05


Tree=14
num_leaves=31
num_cat=0
split_feature=2 1 0 2 0 3 2 3 3 0 3 2 0 3 3 2 3 2 2 0 2 1 1 0 0 3 3 3 3 2
split_gain=95463.3 11493.9 8080.17 2572.18 1457.24 574.512 366.111 572.721 269.079 224.235 207.704 317.535 194.094 193.565 212.911 305.312 192.273 147.387 132.628 90.3032 89.9917 79.0202 74.2274 116.47 54.7712 43.8805 35.122 32.3951 32.0502 30.4116
threshold=4.1107138088430979 1.0000000180025095e-35 0.8806759878972531 6.1678079014343981 0.49406175338830077 7.3225632713640296 4.1876727905124937 4.204841850850066 7.2579402070459418 0.35212193414828868 7.113284605694381 5.5065052677616686 0.57511954246434016 7.3233027137203726 8.4967555934485279 7.740204100276876 7.2960267532015175 6.951795789371034 4.1876727905124937 0.67667794470697917 4.0532899411725376 1.5000000000000002 1.0000000180025095e-35 0.72580511243191603 0.93460957118881971 7.2265362286251831 4.1987796469857166 4.204841850850066 4.1184679038106298 5.6599165454229086
decision_type=2 2 2 2 2 2 2 2 2 2 2 2 2 2 2 2 2 2 2 2 2 2 2 2 2 2 2 2 2 2
left_child=20 2 3 10 16 6 7 21 9 -8 11 -2 -10 -7 15 -15 -5 -6 26 -9 -1 -3 23 -22 -25 -20 28 -28 -4 -12
right_child=1 5 18 4 17 13 8 19 12 -11 29 -13 -14 14 -16 -17 -18 -19 25 -21 22 -23 -24 24 -26 -27 27 -29 -30 -31
leaf_value=0.050377633616168017 -0.042146589302416458 -0.12014428095422365 -0.16187520308126335 0.030706113121315572 0.046706146107749487 -0.073673553015305954 -0.045421176329510045 0.04352985107993998 -0.044758067809139206 -0.056392935676409142 -0.097070101292074093 0.0027034329958923009 -0.0014535631762768184 -0.059366935041514246 -0.074863912451207285 -0.022706054958183564 -0.060844444408564541 -0.044555003972495788 0.050080548676878889 -0.0098996597205506087 0.033548845186491524 0.051602013779974025 0.046375749518324433 -0.05113963611152033 0.045884637171107634 -0.057868030820523178 -0.18245049374879482 -0.044795556441256969 0.028621791577594487 -0.067182722588698437
leaf_weight=53253.341426441446 7902.7695034872741 97.699499890208244 2.5367238372564342 64.968372321687639 1540.1737460652366 3072.5718256384134 7096.0340023655444 226.8414854677394 626.62617489695549 13547.543871657923 139.0832746848464 415.38866252452135 440.75589612871408 14100.696594387293 2113.290221311152 591.74161555618048 489.10418421030045 45.549544419161975 4655.1547622429207 121.40853133518249 256.2967159403488 7.1902528647333375 493.3155032005161 73.87666105851531 18.111585017293692 9.4331538900732976 6.4605451077222851 12.628458343446253 17.037397913634777 219.35008872300386
leaf_count=4586012 81185 535 31 2793 121862 12676 41175 11688 3510 77601 874 8156 3685 64798 8627 4798 2884 1126 392320 2066 18800 257 38101 3319 967 157 62 119 210 1577
internal_value=0.00243042 -0.0423879 -0.00561405 -0.0294042 0.0196943 -0.0559627 -0.0504274 -0.00594636 -0.0513558 -0.0526215 -0.0415127 -0.0399069 -0.0268763 -0.0621345 -0.0600248 -0.0578904 -0.0501096 0.0440847 0.0490978 0.024903 0.0501213 -0.108371 0.0338989 0.0162266 -0.0320365 0.0498622 -0.0431269 -0.0913839 0.00393418 -0.07878
internal_weight=111657 57562 15519.6 10816.4 2139.8 42042.4 22164.1 453.14 21711 20643.6 8676.59 8318.16 1067.38 19878.3 16805.7 14692.4 554.073 1585.72 4703.25 348.25 54094.9 104.89 841.6 348.285 91.9882 4664.59 38.6631 19.089 19.5741 358.433
internal_count=5491971 844772 613356 220457 128665 231416 140517 14546 125971 118776 91792 89341 7195 90899 78223 69596 5677 122988 392899 13754 4647199 792 61187 23086 4286 392477 422 181 241 2451
is_linear=0
shrinkage=0.05


Tree=15
num_leaves=31
num_cat=0
split_feature=2 1 0 2 0 1 3 2 3 0 2 0 3 3 3 2 3 2 2 2 1 0 0 2 3 0 3 0 3 3
split_gain=88202.6 10003.9 7438.91 2245.16 1349.96 559.004 496.731 431.207 236.712 211.124 195.187 300.195 168.023 163.873 197.123 163.503 149.748 138.629 117.887 92.8225 73.6248 106.925 56.5284 85.6501 65.1126 47.8066 41.7618 24.7021 21.5681 14.5829
threshold=4.1107138088430979 1.0000000180025095e-35 0.88427325327375472 6.1678079014343981 0.49406175338830077 1.5000000000000002 7.3225632713640296 4.4527119691926762 7.3000979972342614 0.16732986996238744 4.3329479324565865 0.39166485078173591 7.2960267532015175 7.3233027137203726 7.781075859749671 5.0937103219158661 7.3081877281983463 6.951795789371034 4.2375608875783284 4.0532899411725376 1.0000000180025095e-35 0.72580511243191603 0.16732986996238744 5.0886041562929067 6.6878875668217104 0.93460957118881971 7.2265362286251831 0.34182627453620124 4.204841850850066 4.1987796469857166
decision_type=2 2 2 2 2 2 2 2 2 2 2 2 2 2 2 2 2 2 2 2 2 2 2 2 2 2 2 2 2 2
left_child=19 2 3 10 12 6 8 -7 9 -3 11 -2 -5 27 -15 -12 -10 -6 29 -1 21 -21 23 -9 -24 28 -20 -8 -23 -4
right_child=1 5 18 4 17 7 13 22 16 -11 15 -13 -14 14 -16 -17 -18 -19 26 20 -22 25 24 -25 -26 -27 -28 -29 -30 -31
leaf_value=0.050337480879890928 0.016236298416284909 -0.079137801960708992 0.0038320550125605897 0.030050901213902217 0.046498851667099647 0.046697542361294163 -0.061642847128443493 0.019357776263991641 0.028280508868682653 -0.048076611064340379 -0.045921247520011421 -0.034865665772154185 -0.056528544228996704 -0.048170328842862681 -0.060415974600158753 -0.028776548684361108 -0.031133951890983353 -0.040386009604784945 0.050139716914984936 0.032956041123473376 0.046141876047689774 -0.095584360257165768 -0.04254983829536118 -0.099481531687366911 -0.018947417490738444 0.045577813285499022 -0.052905898715427495 -0.072140976991423356 -0.032152712019549563 -0.052485836091743655
leaf_weight=50695.537322960794 384.25484021008015 561.96234606206417 19.532589331269264 63.113263097591698 1475.3230838412419 198.57956318184733 736.74948710203171 19.740664709359407 143.06304881721735 20641.305275167339 5555.4805466057733 1140.0149536635727 499.83404628839344 4527.3373093307018 11989.215521112084 1854.9198982678354 409.92199770361185 47.384421417489648 4417.294154108502 248.07198913116008 471.57536113634706 17.234419725835323 537.54173558577895 65.364348724484444 640.24554075673223 17.341352453455329 9.8543571382760984 2340.1496686190367 60.250116594135761 27.931681141257286
leaf_count=4586012 9712 2622 241 2793 122181 9823 2949 164 1263 117429 44059 15912 2884 20414 51804 22326 2721 1141 391708 18800 38101 614 5390 435 6738 967 156 9664 2705 243
internal_value=0.00239364 -0.0397242 -0.0052987 -0.0273742 0.0193363 -0.0521841 -0.0532582 -0.0217935 -0.0480576 -0.0488998 -0.038278 -0.0219833 -0.0468219 -0.059033 -0.0570593 -0.0416297 -0.0157628 0.0437951 0.04907 0.0500684 0.033323 0.0156936 -0.0325631 -0.071916 -0.0297196 -0.0294663 0.0499103 -0.0696272 -0.0462614 -0.0293098
internal_weight=109816 58306.1 15494.9 11020.3 2085.65 42811.2 41349.7 1461.47 21756.3 21203.3 8934.67 1524.27 562.947 19593.5 16516.6 7410.4 552.985 1522.71 4474.61 51510 814.473 342.898 1262.89 85.105 1177.79 94.8259 4427.15 3076.9 77.4845 47.4643
internal_count=5491971 844772 613356 221008 128999 231416 208866 22550 124035 120051 92009 25624 5677 84831 72218 66385 3984 123322 392348 4647199 61187 23086 12727 599 12128 4286 391864 12613 3319 484
is_linear=0
shrinkage=0.05


Tree=16
num_leaves=31
num_cat=0
split_feature=2 1 0 2 3 3 2 3 3 0 3 2 3 3 2 0 2 2 2 0 1 0 1 3 0 3 3 0 0 3
split_gain=81642.4 8744.79 6862.45 1967.67 955.9 530.896 294.028 484.411 210.111 204.442 190.705 657.754 183.684 214.617 272.852 160.963 113.892 95.6671 83.8685 82.6701 72.9254 98.2767 59.4955 49.5122 42.3537 39.5659 37.8667 22.9542 44.8118 21.5503
threshold=4.1107138088430979 1.0000000180025095e-35 0.88427325327375472 6.5638137176689879 7.5133544912541304 7.3225632713640296 4.1876727905124937 4.204841850850066 7.2579402070459418 0.44346840764792678 7.2960267532015175 5.8065205138007423 7.3233027137203726 8.4967555934485279 7.740204100276876 0.55652029964453664 4.2375608875783284 4.0532899411725376 7.0336754972165965 0.67667794470697917 1.0000000180025095e-35 0.72580511243191603 1.5000000000000002 7.9844543739244713 0.92688532175828919 7.2265362286251831 7.3000979972342614 0.34182627453620124 0.64585011427259731 4.204841850850066
decision_type=2 2 2 2 2 2 2 2 2 2 2 2 2 2 2 2 2 2 2 2 2 2 2 2 2 2 2 2 2 2
left_child=17 2 3 10 18 6 7 22 9 -8 11 -2 27 14 -14 -10 -4 -1 -5 -9 21 -19 -3 -6 29 -18 -12 -7 -29 -23
right_child=1 5 16 4 23 12 8 19 15 -11 26 -13 13 -15 -16 -17 25 20 -20 -21 -22 24 -24 -25 -26 -27 -28 28 -30 -31
leaf_value=0.050298229071537984 -0.035560957308131573 -0.10381887719513046 -0.027244051155535028 0.045034881894109292 -0.021079297165019825 -0.058223082889222622 -0.040690483259593471 0.043387374737921897 -0.039845003007711953 -0.050431885236944279 -0.21323049114495907 0.029433353962138545 -0.051943827759343968 -0.067507616423128178 -0.018019640510151477 -0.0012899912859653615 0.050088137364439705 0.032355557934158709 -0.12479611728851309 -0.0074629987545286065 0.045901173296183588 -0.093520911787893291 0.051452981842289303 -0.062816607459566617 0.040592384457772163 -0.047964763510251036 -0.063501008847116652 -0.076054697962722073 -0.062162873429214761 -0.029616349492929708
leaf_weight=48259.773800931871 8655.8929941793904 104.8538229316473 48.459105797111988 1307.5177644761279 101.70398064702749 746.14698253571987 10950.125855306163 222.68161608837545 623.16577495634556 10599.654079796746 4.2600337024778119 407.60255875252187 14531.398306168616 2130.8190326392651 617.92287928983569 478.63419377058744 4206.0785628836602 240.24253463745117 7.3101525511592618 124.68028255365789 450.86999629810452 16.751979064196348 6.5550174769014111 235.80118000507355 18.650611574761569 10.313456267118452 480.839948810637 1038.1586232483387 1316.8928504660726 62.089777569286525
leaf_count=4586012 85156 535 484 113482 770 2989 59791 11688 3315 58985 65 17698 64798 8627 4798 3880 391708 18800 147 2066 38101 521 257 981 1060 156 2709 4297 5390 2705
internal_value=0.00235514 -0.0372952 -0.00500341 -0.0255551 0.0248228 -0.0487783 -0.0435905 -0.00396156 -0.0443931 -0.045482 -0.0342728 -0.032638 -0.0546608 -0.0526499 -0.0505601 -0.0230963 0.0489723 0.050016 0.0440907 0.0251354 0.0327416 0.0151738 -0.0946831 -0.0502395 -0.0271658 0.0498483 -0.0648159 -0.0658654 -0.0682867 -0.0431945
internal_weight=108006 58957.5 15465.8 11200.9 1652.33 43491.7 23110.4 458.771 22651.6 21549.8 9548.6 9063.5 20381.3 17280.1 15149.3 1101.8 4264.85 49048.4 1314.83 347.362 788.605 337.735 111.409 337.505 97.4924 4216.39 485.1 3101.2 2355.05 78.8418
internal_count=5491971 844772 613356 221008 115380 231416 140517 14546 125971 118776 105628 102854 90899 78223 69596 7195 392348 4647199 113629 13754 61187 23086 792 1751 4286 391864 2774 12676 9687 3226
is_linear=0
shrinkage=0.05


Tree=17
num_leaves=31
num_cat=0
split_feature=2 1 0 2 3 3 1 2 3 1 3 2 2 3 3 0 0 2 2 0 2 1 0 3 3 0 3 3 2 3
split_gain=75699.4 7676.01 6342.27 1737.14 889.321 508.323 281.406 353.171 187.157 181.92 165.955 577.986 162.916 155.193 200.598 139.225 114.365 110.309 98.5338 79.0878 73.6017 72.1456 90.4466 44.9033 37.6545 37.365 31.6848 25.2863 21.1974 13.9398
threshold=4.1107138088430979 1.0000000180025095e-35 0.88427325327375472 6.5638137176689879 7.5133544912541304 7.3225632713640296 1.5000000000000002 4.4527119691926762 7.2579402070459418 1.5000000000000002 7.2960267532015175 5.8065205138007423 6.6858765715418915 7.3233027137203726 7.9844543739244713 0.57511954246434016 0.18954989862812724 4.2375608875783284 4.0532899411725376 0.33161813793822242 7.0336754972165965 1.0000000180025095e-35 0.72580511243191603 7.9844543739244713 7.2265362286251831 0.93460957118881971 8.3920946847197637 7.3000979972342614 5.2015075959997707 4.1184679038106298
decision_type=2 2 2 2 2 2 2 2 2 2 2 2 2 2 2 2 2 2 2 2 2 2 2 2 2 2 2 2 2 2
left_child=18 2 3 10 20 6 8 -8 12 13 11 -2 -3 28 -15 -10 -11 29 -1 -9 -5 22 -20 -6 -19 -24 -18 -12 -7 -4
right_child=1 5 17 4 23 9 7 19 15 16 27 -13 -14 14 -16 -17 26 24 21 -21 -22 -23 25 -25 -26 -27 -28 -29 -30 -31
leaf_value=0.05025977509599569 -0.032936813273978544 -0.042328905650741204 -0.13085356285685865 0.044754167299565745 -0.019744633266716705 -0.020912530509933067 0.046543612915134543 -0.011322845088527024 -0.03645392776452664 -0.082170579670098137 -0.17179198457877326 0.028753942805594408 -0.08138048020738789 -0.044610686903097441 -0.055525418369685303 -0.00018611842626056231 -0.01419023864851808 0.050036839318818541 0.031747880078821622 -0.044135533657714277 -0.10592295436032968 0.045653295351029896 -0.038439093848779617 -0.059261093157855951 -0.043689848197291159 0.044977124517808123 -0.1151006173011609 -0.058788896309451527 -0.062962906770239913 -0.018668776920641804
leaf_weight=45940.357795275748 8872.4173804307356 21213.263641191646 2.9443407803773871 1251.3558971649036 103.11230389028788 30.266163617372513 192.53207345213741 332.45567769557238 647.31602697074413 74.082195267081261 5.0006541293114415 396.65326159913093 270.4759995341301 7984.9715366959572 8903.3553617745638 447.57867933064699 507.97477686405182 4004.9448383552954 232.78976493887603 410.25044808723032 8.1574618304148299 431.15136406570673 84.010805164463818 237.40676167607307 10.744696445763109 15.977916147559879 7.8998865634202948 493.07962003909051 3060.4234736710787 46.508576646447182
leaf_count=4586012 85156 115794 31 113482 770 122 9823 2902 3379 471 65 17698 1189 35011 37207 3673 5544 391708 18800 3757 147 38101 3319 981 156 967 53 2709 12491 453
internal_value=0.00231508 -0.0350769 -0.00472801 -0.0238965 0.024396 -0.0457013 -0.0406796 -0.0138038 -0.0417929 -0.051442 -0.0318077 -0.0302969 -0.0428206 -0.05225 -0.0503648 -0.0216281 -0.0240779 0.048872 0.0499636 -0.0294477 0.0437783 0.032154 0.0146642 -0.0472951 0.0497861 -0.0251094 -0.0157355 -0.0599234 -0.0625511 -0.0253481
internal_weight=106219 59515.2 15432.3 11367.2 1600.03 44082.8 23513.9 935.238 22578.6 20569 9767.15 9269.07 21483.7 19979 16888.3 1094.89 589.957 4065.14 46704.3 742.706 1259.51 763.93 332.778 340.519 4015.69 99.9887 515.875 498.08 3090.69 49.4529
internal_count=5491971 844772 613356 221008 115380 231416 140517 16482 124035 90899 105628 102854 116983 84831 72218 7052 6068 392348 4647199 6659 113629 61187 23086 1751 391864 4286 5597 2774 12613 484
is_linear=0
shrinkage=0.05


Tree=18
num_leaves=31
num_cat=0
split_feature=2 1 0 2 3 3 1 2 0 3 3 3 2 2 3 2 2 2 0 1 0 3 2 3 3 0 3 2 2 2
split_gain=70292.8 6761.22 5870.99 1538.47 828.4 487.064 245.454 321.856 180.905 203.85 174.055 211.109 247.282 153.862 204.892 106.992 101.451 79.1929 76.505 71.3118 83.36 70.8874 50.3654 40.8887 35.975 33.3548 38.7798 20.1336 19.0244 15.1507
threshold=4.1107138088430979 1.0000000180025095e-35 0.88427325327375472 6.5638137176689879 7.5133544912541304 7.3225632713640296 1.5000000000000002 4.4527119691926762 0.16732986996238744 7.2579402070459418 7.3233027137203726 8.4967555934485279 7.740204100276876 4.20477203786354 5.4425259239190353 4.2375608875783284 4.0532899411725376 4.8213945277212966 0.36175671919056113 1.0000000180025095e-35 0.72580511243191603 7.3225632713640296 4.6163750795325784 7.9844543739244713 7.2265362286251831 0.90938240787897562 4.204841850850066 5.2015075959997707 6.3833262898380676 6.742726673005488
decision_type=2 2 2 2 2 2 2 2 2 2 2 2 2 2 2 2 2 2 2 2 2 2 2 2 2 2 2 2 2 2
left_child=16 2 3 13 21 6 8 -8 22 -10 27 12 -12 18 -15 -4 -1 -9 -2 20 -18 -5 -3 -6 -17 26 -22 -7 -13 -29
right_child=1 5 15 4 23 10 7 17 9 -11 11 28 -14 14 -16 24 19 -19 -20 -21 25 -23 -24 -25 -26 -27 -28 29 -30 -31
leaf_value=0.050222022638924307 0.041999189921384961 0.027585652787038159 -0.023596562804398907 0.048680550862410715 -0.018513158647399802 -0.018978284391075444 0.046256481446070176 -0.0053758166508599981 -0.039353129319044715 -0.016437909728354985 -0.045868678737236067 -0.032489895324257272 -0.014136469484199882 -0.039354280167197046 -0.024491440456700569 0.049985699001824549 0.031133528617733663 -0.039292074219843071 -0.011751654642686153 0.04539790114263819 -0.12347516084092769 0.015344302023807288 -0.067412186228328078 -0.056027861629476809 -0.039956769597001063 0.027537051478242952 -0.02449837007768179 -0.056230948172915844 -0.062116237037528083 -0.063256467926306056
leaf_weight=43731.848290792666 75.9444042686373 14.270981401205061 50.411687344312668 1017.7180547462776 104.43735013529658 30.456383123993874 184.25059244595468 264.64376420900226 21284.711754019372 1016.8838717862964 14844.742770813406 55.640048548579216 640.43435046449304 4195.4328694678843 5183.9229560885578 3813.4216656917706 225.69593707844615 492.24384661018848 515.95117051713169 412.37354138493538 11.637237515300511 189.09914742503315 624.72858554124832 238.52040293812752 11.150095798075197 24.555415696464479 66.157171115279198 1497.0585031956434 2075.0748538076878 1574.4571392685175
leaf_count=4586012 3332 66 484 98045 770 123 9823 3309 114560 6628 64798 227 4798 30114 60901 391708 18800 3350 11281 38101 356 15584 2781 981 156 1225 2705 6031 8400 6522
internal_value=0.00227378 -0.0330379 -0.00446965 -0.0223762 0.0239696 -0.0428999 -0.0380331 -0.0130068 -0.0390598 -0.0383083 -0.0485098 -0.0465867 -0.0445563 -0.0295794 -0.0311397 0.0487696 0.0499113 -0.0274333 -0.00485504 0.031558 0.0141603 0.043457 -0.0652906 -0.0446039 0.0497235 -0.0232679 -0.0393043 -0.0594311 -0.0613426 -0.0598322
internal_weight=104468 59995.6 15396 11521 1549.77 44599.6 23881.7 941.138 22940.6 22301.6 20717.9 17615.9 15485.2 9971.25 9379.36 3874.98 44472.3 756.888 591.896 740.419 328.046 1206.82 639 342.958 3824.57 102.35 77.7944 3101.97 2130.71 3071.52
internal_count=5491971 844772 613356 221008 115380 231416 140517 16482 124035 121188 90899 78223 69596 105628 91015 392348 4647199 6659 14613 61187 23086 113629 2847 1751 391864 4286 3061 12676 8627 12553
is_linear=0
shrinkage=0.05


Tree=19
num_leaves=31
num_cat=0
split_feature=2 1 0 2 3 3 2 3 1 0 3 3 2 3 3 3 2 2 0 2 0 3 1 0 1 3 3 0 3 2
split_gain=65356.8 5973.16 5442.34 1366.13 772.428 465.758 230.069 407.235 171.61 154.491 211.961 149.476 183.671 146.745 199.269 126.235 104.383 104.061 92.6756 88.343 73.4514 71.2815 70.3853 76.8521 42.348 38.9693 34.5953 29.4481 24.8898 17.2716
threshold=4.1107138088430979 1.0000000180025095e-35 0.88427325327375472 6.5638137176689879 7.5133544912541304 7.3225632713640296 4.1876727905124937 4.204841850850066 1.5000000000000002 0.16732986996238744 6.1545288986217583 7.3000979972342614 6.8303344683222234 7.3233027137203726 7.9844543739244713 7.3081877281983463 4.0532899411725376 4.49855624743092 0.18954989862812724 4.7327784207308978 0.67667794470697917 7.3225632713640296 1.0000000180025095e-35 0.71884716736211585 1.5000000000000002 8.3585725317228619 7.2265362286251831 0.93460957118881971 8.3920946847197637 5.2015075959997707
decision_type=2 2 2 2 2 2 2 2 2 2 2 2 2 2 2 2 2 2 2 2 2 2 2 2 2 2 2 2 2 2
left_child=16 2 3 9 21 6 7 24 13 19 -11 12 -8 29 -15 -13 -1 -4 -10 -2 -9 -5 23 -18 -3 -6 -19 -25 -20 -7
right_child=1 5 17 4 25 8 11 20 18 10 -12 15 -14 14 -16 -17 22 26 28 -21 -22 -23 -24 27 -26 -27 -28 -29 -30 -31
leaf_value=0.050184868811759313 0.022457991941492148 -0.088247401669107994 -0.01364840383042294 0.048563523699987232 -0.028147658977097912 -0.018995424831755675 -0.036511142749540856 0.043421509018593117 -0.070167203568043332 -0.029805449890332292 -0.01062146436498209 0.029108559122772021 -0.083967647130191711 -0.039149076057779821 -0.049943284685488601 -0.024677311754761785 0.030904400256590716 0.050070966141922836 -0.010997892812526859 -0.067452475944229859 -0.0039599802071228025 0.014799277997402278 0.045134652087778601 -0.03125001827916677 0.051258888490830462 -0.062331654584014885 -0.036670630094406957 0.044444186851801126 -0.096168243263623152 -0.057026407984646366
leaf_weight=41629.043671145104 29.820060629397631 111.95345351099968 65.804946409538388 970.35809144191444 203.80914853513241 30.148744583129883 22956.680270245299 222.28856365848333 79.664579465985298 8055.5211184127256 1753.2279714001343 145.05026953667402 205.71387631818652 8166.7741007208824 8973.6797126382589 440.02241832762957 215.69409620389342 3616.5473231850192 528.72919674217701 325.96356898546219 129.41393419448286 186.33199152350426 394.49264817219228 92.954038263298571 5.7176580205559722 141.08425737917423 11.531475797295569 14.910083153285084 8.7194447889924032 3049.8543874770403
leaf_count=4586012 272 535 759 98045 1176 122 120940 11688 471 73341 30322 1272 988 35011 37207 2771 18547 391433 5544 1693 2066 15584 38101 3572 257 575 156 967 53 12491
internal_value=0.00223126 -0.031153 -0.00422681 -0.0209741 0.0235424 -0.0403327 -0.035617 -0.000952104 -0.0458132 -0.0275505 -0.0263765 -0.0363022 -0.0369326 -0.0466059 -0.0448003 -0.0113428 0.0498588 0.048665 -0.0198396 -0.0599166 0.0259868 0.0431244 0.0309575 0.0136722 -0.0814688 -0.0421312 0.0497953 -0.0207868 -0.0123797 -0.0566541
internal_weight=102762 60414.4 15360 11666.1 1501.58 45054.4 24216.8 469.374 20837.6 10164.5 9808.75 23747.5 23162.4 20220.5 17140.5 585.073 42347.1 3693.88 617.113 355.784 351.702 1156.69 718.051 323.558 117.671 344.893 3628.08 107.864 537.449 3080
internal_count=5491971 844772 613356 221008 115380 231416 140517 14546 90899 105628 103663 125971 121928 84831 72218 4043 4647199 392348 6068 1965 13754 113629 61187 23086 792 1751 391589 4539 5597 12613
is_linear=0
shrinkage=0.05


Tree=20
num_leaves=31
num_cat=0
split_feature=2 1 0 2 3 3 1 2 3 3 2 0 3 3 2 2 2 1 0 0 2 3 2 3 0 2 3 2 0 3
split_gain=60841 5291.59 5051.67 1216.2 720.807 445.228 211.866 278.633 164.427 206.332 225.365 157.545 169.594 145.656 471.646 107.35 102.152 69.4095 71.12 67.3729 66.7641 46.172 43.7145 33.2736 27.2442 17.8865 17.235 16.6548 15.0417 14.866
threshold=4.1107138088430979 1.0000000180025095e-35 0.88427325327375472 6.5638137176689879 7.3853363710035973 7.3225632713640296 1.5000000000000002 4.4527119691926762 7.3233027137203726 8.4967555934485279 7.740204100276876 0.16732986996238744 7.2579402070459418 7.2960267532015175 5.8065205138007423 4.0532899411725376 4.49855624743092 1.0000000180025095e-35 0.72580511243191603 0.36175671919056113 7.0336754972165965 7.9844543739244713 4.6163750795325784 7.2265362286251831 0.93460957118881971 6.3833262898380676 7.3000979972342614 5.2015075959997707 0.64585011427259731 4.0769440439467477
decision_type=2 2 2 2 2 2 2 2 2 2 2 2 2 2 2 2 2 2 2 2 2 2 2 2 2 2 2 2 2 2
left_child=15 2 3 13 20 6 11 -8 27 10 -10 22 -13 14 -2 29 -4 18 -17 -9 -5 -6 -3 -18 -20 -11 -15 -7 -29 -1
right_child=1 5 16 4 21 8 7 19 9 25 -12 12 -14 26 -16 17 23 -19 24 -21 -22 -23 -24 -25 -26 -27 -28 28 -30 -31
leaf_value=0.05039495932122643 -0.026591538520315129 0.027941358177650578 -0.012828939111283848 0.044485404089510794 -0.01315892749934388 -0.017130862069625118 0.046057776889867182 -0.0087212577716111878 -0.040769889517134589 -0.028225933553388368 -0.010910645593971193 -0.034590340922380045 -0.013929166431909903 -0.13697413115957965 0.028905272656209707 0.029898854005194576 0.050027722406719634 0.044863218498998832 -0.030086866502688155 -0.037958770607449288 -0.1041708807944664 -0.050606871571078862 -0.060392200182435275 -0.033757688864531468 0.044103890970703656 -0.056901316122662998 -0.050528941984455504 -0.057400667054728363 -0.050306396667882537 0.046347052986274465
leaf_weight=37211.604864709079 9426.6913171224296 14.317612260580061 66.489709928631783 1083.5113587668166 125.43581536412239 30.334536254405975 177.94089291244745 397.52488899230957 15068.439452387393 55.854748114943504 659.5903691649437 21856.894363538362 1040.4921422600746 5.8313673492521039 399.04872074723244 212.63341724220663 3443.0654365923256 377.46675391681492 92.312173757702112 390.67638154327869 7.6059644855558863 239.42342793941498 643.50204744935036 11.890485592186449 14.289607352577148 2061.1317961812019 513.86706152372062 1745.0439133793116 1306.6266444921494 2415.3766484567896
leaf_count=4310121 85156 66 759 112973 1293 123 9823 3284 64798 227 4798 114560 6628 65 17698 18800 391433 38101 3319 3375 133 981 2781 156 967 8400 2709 7163 5390 275891
internal_value=0.00218803 -0.0294081 -0.00399822 -0.0196806 0.0231055 -0.0379751 -0.0334033 -0.0104549 -0.0433321 -0.0414902 -0.0395177 -0.0343446 -0.0336515 -0.0257021 -0.0243377 0.0498062 0.048558 0.0303497 0.0131888 -0.023213 0.0434492 -0.0377326 -0.0584696 0.0497394 -0.0201418 -0.0561447 -0.0514989 -0.0539967 -0.0543631 0.0501482
internal_weight=101095 60771.2 15322.9 11801.4 1455.98 45448.4 24521.3 966.142 20927 17845 15728 23555.2 22897.4 10345.4 9825.74 40323.7 3521.45 696.702 319.235 788.201 1091.12 364.859 657.82 3454.96 106.602 2116.99 519.698 3082.01 3051.67 39627
internal_count=5491971 844772 613356 221008 115380 231416 140517 16482 90899 78223 69596 124035 121188 105628 102854 4647199 392348 61187 23086 6659 113106 2274 2847 391589 4286 8627 2774 12676 12553 4586012
is_linear=0
shrinkage=0.05


Tree=21
num_leaves=31
num_cat=0
split_feature=2 1 0 2 3 3 2 3 1 0 2 0 2 0 2 3 3 2 2 1 0 0 0 3 3 0 3 0 3 3
split_gain=56700 4697.65 4695.11 1085.47 674.332 424.391 191.949 356.04 160.976 148.702 1404.46 300.74 139.287 293.485 180.691 138.412 195.767 110.668 100.393 79.8403 81.0109 76.569 68.3627 63.2668 42.1612 38.3286 31.9703 27.6616 20.0835 18.6741
threshold=4.1107138088430979 1.0000000180025095e-35 0.88427325327375472 6.5638137176689879 7.3853363710035973 7.3225632713640296 4.1876727905124937 4.204841850850066 1.5000000000000002 0.82224121924711235 4.2375608875783284 0.4533208610456857 4.3694752276468831 0.3109700072263431 5.0937103219158661 7.3233027137203726 7.9844543739244713 4.0417407382996835 4.2375608875783284 1.0000000180025095e-35 0.73404260302458579 0.18954989862812724 0.67667794470697917 7.3225632713640296 7.9844543739244713 0.98283556046468101 7.2265362286251831 0.94294308484027956 8.3920946847197637 4.204841850850066
decision_type=2 2 2 2 2 2 2 2 2 2 2 2 2 2 2 2 2 2 2 2 2 2 2 2 2 2 2 2 2 2
left_child=17 2 3 12 23 6 7 25 15 11 -11 -8 13 -2 -14 -7 -17 -1 -4 20 -19 -10 -9 -5 -6 -3 -20 29 -23 -22
right_child=1 5 18 4 24 8 9 22 21 10 -12 -13 14 -15 -16 16 -18 19 26 -21 27 28 -24 -25 -26 -27 -28 -29 -30 -31
leaf_value=0.05017262245338603 0.036703159024334076 -0.079765664512530393 -0.020289265061007405 0.048336780573749127 -0.012388627635477892 -0.051625486830288753 -0.028540082500405902 0.043218159757580088 -0.060709599438485133 -0.044080792106540166 0.031369876641788662 -0.040617943694389591 -0.031595108207435746 -0.019599728426171269 -0.015470402885247998 -0.034539828869287852 -0.045185258824693125 0.031627253352760946 0.049835435432075748 0.045636856187032331 -0.057307843275439953 -0.0083702911871843099 -0.0024764382153121137 0.014107340159394025 -0.048069286446849477 0.052600675269506653 -0.031159761784989182 0.044778241002138904 -0.082026406955622494 -0.012371768453732682
leaf_weight=37481.778567937203 264.85186952725053 115.5208384860307 52.292717427015305 886.37949842214584 126.54399530310184 3051.3581909835339 12732.068732401356 216.92308943439275 84.464560955762863 2054.396536577493 881.37737787142396 8659.5792880486697 5959.1566599849612 1835.461223917082 2452.3452539490536 8305.0210870504379 8997.4574392437935 269.35294441040605 3292.7447209646925 513.69076863024384 31.861728584393859 546.79806583374739 131.45372437220067 159.24787134118378 239.45732425153255 5.7407864928245536 12.228631138801573 16.341459089890122 9.4140251502394658 84.269002591259778
leaf_count=4558108 5945 693 484 98045 1293 12613 64204 11688 471 8823 11318 41626 41255 22483 35945 35011 37207 25632 391708 56143 1516 5544 2066 15061 981 99 156 1336 53 4464
internal_value=0.00214422 -0.0277884 -0.00378295 -0.0184896 0.0226781 -0.035799 -0.0313699 0.0002914 -0.0410303 -0.0319812 -0.021429 -0.0334293 -0.024018 -0.0124999 -0.026894 -0.0418071 -0.0400756 0.0497531 0.0484482 0.0325777 0.0158829 -0.0163528 0.0259761 0.0431237 -0.0357328 -0.0734992 0.0495357 -0.0161297 -0.00961694 -0.0247005
internal_weight=99469.6 61072.3 15280.7 11923.4 1411.63 45791.6 24797.1 469.638 20994.5 24327.4 2935.77 21391.6 10511.8 2100.31 8411.5 20353.8 17302.5 38397.3 3357.27 915.516 401.825 640.677 348.377 1045.63 366.001 121.262 3304.97 132.472 556.212 116.131
internal_count=5491971 844772 613356 221008 115380 231416 140517 14546 90899 125971 20141 105830 105628 28428 77200 84831 72218 4647199 392348 89091 32948 6068 13754 113106 2274 792 391864 7316 5597 5980
is_linear=0
shrinkage=0.05


Tree=22
num_leaves=31
num_cat=0
split_feature=2 1 0 2 3 2 0 2 0 1 2 3 0 3 0 2 2 2 3 0 1 0 2 0 0 3 0 0 3 3
split_gain=52900 4184.84 4368.33 981.729 875.379 412.595 245.112 246.946 218.553 205.858 163.699 318.569 158.535 156.462 207.046 114.006 95.7379 93.8935 193.95 90.9921 79.0982 75.406 54.7942 34.5593 33.9702 32.8284 30.9892 25.2063 25.0947 20.6409
threshold=4.1107138088430979 1.0000000180025095e-35 0.89229758400851777 6.1678079014343981 7.3225632713640296 6.9131038209668318 0.22420405234085827 4.4527119691926762 0.62001869418354627 1.5000000000000002 4.1876727905124937 4.204841850850066 0.47314934341579079 6.9830158004538498 0.3109700072263431 4.0417407382996835 4.1876727905124937 7.5520523718568109 8.4967555934485279 0.67109024589866439 1.0000000180025095e-35 0.73404260302458579 4.6960841391917354 0.33161813793822242 0.42328453732171639 7.2265362286251831 0.37200840929843199 0.94896788322066483 4.1987796469857166 4.1184679038106298
decision_type=2 2 2 2 2 2 2 2 2 2 2 2 2 2 2 2 2 2 2 2 2 2 2 2 2 2 2 2 2 2
left_child=15 2 3 13 24 6 7 -3 -6 17 11 -8 -12 14 -2 -1 28 19 -19 -7 21 -17 -9 -11 -5 -18 -15 -23 29 -4
right_child=1 5 16 4 8 9 10 22 -10 23 12 -13 -14 26 -16 20 25 18 -20 -21 -22 27 -24 -25 -26 -27 -28 -29 -30 -31
leaf_value=0.050139739769160446 -0.0061541966270049157 0.059188206351883522 -0.10280369188458183 -0.01085887528893611 -0.038706828584530097 -0.042886535843188106 -0.068369254731500836 -0.01854719881527132 0.030743030914851255 -0.085242869499728785 -0.026488605215710743 0.025324517149414413 -0.034104143606137609 -0.052190616821324823 -0.025215828664825513 0.031014894980534721 0.04980640346212923 -0.022643898504906855 -0.053342254509299483 -0.055093796122959664 0.045391782845799714 -0.022575337060161346 -0.042492331714402178 -0.0053249209673809361 0.047862881955272052 -0.033409156087702084 0.034008285717596981 0.047384374793606618 -0.068690826749539982 0.030793819891183224
leaf_weight=35676.56536362879 1730.6489852089435 61.596297815442085 3.435903504490855 25.239921297878027 581.64928647410125 7003.1270827651024 123.76296988688409 249.70320431515574 140.67854701727629 13.984417945146559 16505.043038204312 339.84932953678071 11662.741178963333 494.75051774829626 8055.1708518527448 261.1477380162105 3132.0140206487849 1387.2540921568871 817.84370748698711 1952.042359508574 491.21019420027733 120.03355086874217 5529.035165451467 414.00092364102602 1016.9047006908804 11.896730974316595 10.651184678077696 14.422157458029686 19.384322449564934 18.2353370860219
leaf_count=4558108 19415 451 31 676 4158 28567 792 1299 14202 77 78927 13754 61053 3346 69545 25632 390501 6519 3375 8338 56143 6076 23693 4571 110758 148 214 1240 152 210
internal_value=0.0021008 -0.02629 -0.00357891 -0.0173378 0.0171207 -0.0338047 -0.031061 -0.0403962 -0.025181 -0.0419667 -0.0291567 0.000312628 -0.0296418 -0.0232458 -0.0218447 0.0496996 0.0485009 -0.0432717 -0.0340295 -0.0455475 0.0319909 0.0153514 -0.0414576 -0.00793624 0.0464407 0.0494915 -0.050374 -0.0150712 -0.0273584 0.00961238
internal_weight=97864 61300.6 15240.7 12055.7 1764.47 46060 34471.7 5840.33 722.328 11588.3 28631.4 463.612 28167.8 10291.2 9785.82 36563.4 3184.97 11160.3 2205.1 8955.17 886.814 395.603 5778.74 427.985 1042.14 3143.91 505.402 134.456 41.0556 21.6712
internal_count=5491971 844772 613356 222314 129794 231416 179969 25443 18360 51447 154526 14546 139980 92520 88960 4647199 391042 46799 9894 36905 89091 32948 24992 4648 111434 390649 3560 7316 393 241
is_linear=0
shrinkage=0.05


Tree=23
num_leaves=31
num_cat=0
split_feature=2 1 0 2 3 3 0 1 2 3 3 3 2 0 3 0 3 2 3 2 1 0 0 0 2 2 3 0 3 3
split_gain=49392.9 3728.8 4069.62 875.386 876.918 391.722 203.359 181.812 234.594 159.286 201.66 649.059 144.529 254.311 137.678 132.917 157.056 117.4 106.808 92.4655 78.285 70.21 62.792 52.1373 43.5175 36.5929 31.6524 23.0233 21.371 18.7375
threshold=4.1107138088430979 1.0000000180025095e-35 0.89229758400851777 6.0766349138279336 7.3225632713640296 7.3225632713640296 0.62001869418354627 1.5000000000000002 4.6163750795325784 7.3233027137203726 7.9844543739244713 7.9583251190734163 4.3694752276468831 0.3109700072263431 7.9941566304452838 0.16732986996238744 7.2579402070459418 4.0417407382996835 6.9830158004538498 4.1876727905124937 1.0000000180025095e-35 0.73404260302458579 0.3820810697357887 0.33161813793822242 4.3694752276468831 4.6163750795325784 7.2265362286251831 0.94896788322066483 4.1987796469857166 4.204841850850066
decision_type=2 2 2 2 2 2 2 2 2 2 2 2 2 2 2 2 2 2 2 2 2 2 2 2 2 2 2 2 2 2
left_child=17 2 3 12 22 7 -6 15 24 -7 11 -11 13 -2 -12 25 -17 -1 -14 28 21 -19 -5 -10 -9 -3 -21 -23 -4 -30
right_child=1 5 19 4 6 9 -8 8 23 10 14 -13 18 -15 -16 16 -18 20 -20 26 -22 27 -24 -25 -26 -27 -28 -29 29 -31
leaf_value=0.050107248629057993 0.036167848160787379 0.028475991174499383 0.0092552843485533536 -0.032726883346279823 -0.037214472828474718 -0.047576700925625021 0.030118266339262713 0.050066343280317976 -0.0075183488274699686 -0.034422316736228392 -0.049731241162314518 0.0098476345628882387 -0.023599923741656384 -0.016762319996988278 -0.03636760850055034 -0.028863506237573555 -0.0094068073609779607 0.030396352588393141 -0.048520940088218542 0.049753195145408075 0.045138688105731739 -0.020991764189838506 0.046995337344140041 -0.034522654730803903 0.010843899478552408 -0.052130047479870205 -0.030858023062180814 0.04718302365850699 -0.11804964696783199 -0.020866003868959718
leaf_weight=33958.053903763182 257.73742358013988 14.38517192006111 21.493590764701366 25.304100159555674 627.78667327854782 3028.057682543993 136.52346360310912 150.34366163425148 331.87576459348202 7934.4676899835467 2754.065275169909 924.41546837240458 7724.4957535909489 1898.7738431189209 6420.4269080758095 22489.590728761628 1087.3285174593329 253.33897115755826 455.28522830456495 2982.3704746840522 469.80818646773696 122.56631059292704 1033.4825931647792 387.36701461859047 133.52771050296724 663.65812566876411 12.22734200209379 13.775864641182123 8.646236680448057 11.632871091365812
leaf_count=4558108 5945 66 241 400 4350 12676 14202 8809 2335 33943 11726 5571 58797 22525 26983 114560 6628 25632 3017 390501 56143 6076 113078 2754 2584 2781 148 1240 62 90
internal_value=0.00205626 -0.0248791 -0.00338673 -0.016317 0.0156272 -0.03193 -0.0251873 -0.0277312 -0.00687158 -0.0369653 -0.0351835 -0.0298028 -0.0219512 -0.0104363 -0.0403792 -0.0285939 -0.0279662 0.0496453 -0.024987 0.0483935 0.0313956 0.0148267 0.04509 -0.0220622 0.0316168 -0.0504199 0.049424 -0.0141035 -0.0254829 -0.0623014
internal_weight=96332.8 61515.3 15195.8 12159.4 1823.1 46319.5 764.31 25258.1 1003.11 21061.4 18033.4 8858.88 10336.3 2156.51 9174.49 24255 23576.9 34817.5 8179.78 3036.37 859.489 389.681 1058.79 719.243 283.871 678.043 2994.6 136.342 41.7727 20.2791
internal_count=5491971 844772 613356 222314 132030 231416 18552 140517 16482 90899 78223 39514 90284 28470 38709 124035 121188 4647199 61814 391042 89091 32948 113478 5089 11393 2847 390649 7316 393 152
is_linear=0
shrinkage=0.05


Tree=24
num_leaves=31
num_cat=0
split_feature=2 1 0 2 3 2 0 2 1 0 2 3 0 2 3 2 3 0 2 3 1 0 2 2 0 3 0 0 3 0
split_gain=46159.7 3329.83 3795.69 805.134 782.327 388.119 217.227 219.746 182.291 175.967 171.762 313.709 142.551 128.602 128.696 87.8647 186.014 87.4414 86.4214 68.6431 66.4717 66.6435 59.7524 48.2536 33.6026 28.9567 28.6119 18.1187 17.6231 17.9807
threshold=4.0995571897658998 1.0000000180025095e-35 0.91380626112774721 6.1678079014343981 7.3225632713640296 6.9131038209668318 0.22420405234085827 4.4527119691926762 1.5000000000000002 0.62001869418354627 4.1876727905124937 4.204841850850066 0.47314934341579079 4.20477203786354 5.0936581677973303 7.5520523718568109 8.4967555934485279 0.67109024589866439 4.0417407382996835 4.6428993089071149 1.0000000180025095e-35 0.73404260302458579 4.1876727905124937 4.7327784207308978 0.42328453732171639 7.2265362286251831 0.33161813793822242 0.94896788322066483 4.1987796469857166 0.99999915540540552
decision_type=2 2 2 2 2 2 2 2 2 2 2 2 2 2 2 2 2 2 2 2 2 2 2 2 2 2 2 2 2 2
left_child=18 2 3 13 24 6 7 -3 15 -6 11 -8 -12 19 -15 17 -17 -7 -1 -2 21 -20 28 -9 -5 -24 -10 -23 29 -4
right_child=1 5 22 4 9 8 10 23 26 -11 12 -13 -14 14 -16 16 -18 -19 20 -21 -22 27 25 -25 -26 -27 -28 -29 -30 -31
leaf_value=0.050075052063042663 -0.020289733307104874 0.058461890588521873 0.031646610175773464 -0.011037130873328643 -0.034197922470735512 -0.038931600250429868 -0.063853109362805124 -0.018527110181195208 -0.074776806035312449 0.029504538105829217 -0.023281847590936194 0.026658085508909614 -0.030448841921164312 -0.035735922483394883 -0.01945725270395578 -0.019449318825539533 -0.049553528718592671 -0.050952758002445947 0.033118373080466716 0.01204767473431928 0.046294634048976178 -0.019629442737005825 0.049949814881578118 -0.038355676111854017 0.047526749262375934 -0.031472175720711613 -0.0039830346215508888 0.046260374689842905 -0.054854427342295391 -0.086178801484837128
leaf_weight=32322.148628372699 258.12709465809166 60.589738958515227 21.283233724534515 25.142353925853968 593.12953244242817 7000.0263895839453 129.01965544559062 324.91294329613447 14.772312089800833 132.65272614732385 16744.911828055978 371.06711078807712 11846.39872112684 1415.9121565399691 8519.7693607062101 1409.7006757855415 806.82100045681 1929.774199180305 213.01746625453234 450.54445544164628 412.38972090277821 109.45628578588367 2803.5841042594984 5510.7139325961471 949.28274932457134 10.962274171411989 421.71501862257719 11.532816385850309 14.947647504508494 3.8189252167940131
leaf_count=4558108 4660 451 275 676 4158 28567 885 1620 77 14203 78927 17345 61053 9662 69612 6519 3375 8338 22949 12898 52459 5872 386171 23372 113704 129 4571 1197 105 33
internal_value=0.00201171 -0.0235112 -0.00319048 -0.0152059 0.0167444 -0.0301433 -0.027517 -0.0362681 -0.0380765 -0.0225549 -0.0257433 0.00330669 -0.0262514 -0.0203093 -0.0217771 -0.0393177 -0.0304073 -0.0415294 0.0496866 0.000269071 0.0328661 0.0162863 0.0487698 -0.0372517 0.0460157 0.0496327 -0.00637895 -0.0133488 -0.011873 0.0137212
internal_weight=94838.1 61769.6 15199.2 12344.6 1700.21 46570.4 34987.6 5896.22 11582.8 725.782 29091.4 500.087 28591.3 10644.4 9935.68 11146.3 2216.52 8929.8 33068.5 708.672 746.396 334.007 2854.6 5835.63 974.425 2814.55 436.487 120.989 40.0498 25.1022
internal_count=5491971 851386 616286 229573 132741 235100 183653 25443 51447 18361 158210 18230 139980 96832 79274 46799 9894 36905 4640585 17558 82477 30018 386713 24992 114380 386300 4648 7069 413 308
is_linear=0
shrinkage=0.05


Tree=25
num_leaves=31
num_cat=0
split_feature=2 1 0 2 3 3 1 2 0 3 3 2 3 0 0 2 0 3 2 1 0 2 0 2 3 3 0 0 2 0
split_gain=43175.1 2976.66 3544.58 721.247 784.769 366.914 171.125 222.525 164.614 156.889 199.535 183.704 126.536 678.253 134.03 125.076 228.862 93.7948 89.0838 65.9905 62.3602 60.9739 58.7355 58.5632 27.9794 19.7956 18.0645 150.823 118.764 16.6064
threshold=4.0995571897658998 1.0000000180025095e-35 0.91380626112774721 6.0766349138279336 7.3225632713640296 7.3225632713640296 1.5000000000000002 4.4527119691926762 0.62001869418354627 7.3233027137203726 8.4967555934485279 7.740204100276876 4.204841850850066 0.89229758400851777 0.99955042434302832 4.3694752276468831 0.3109700072263431 6.9830158004538498 4.0417407382996835 1.0000000180025095e-35 0.73404260302458579 4.8213945277212966 0.3820810697357887 4.1876727905124937 7.2265362286251831 8.6759645812166841 0.64585011427259731 0.67109024589866439 6.742726673005488 0.94896788322066483
decision_type=2 2 2 2 2 2 2 2 2 2 2 2 2 2 2 2 2 2 2 2 2 2 2 2 2 2 2 2 2 2
left_child=18 2 3 15 22 6 12 -8 -6 26 11 -11 14 -14 -3 16 -2 -17 -1 20 -20 -9 -5 -4 -25 -12 28 -28 -7 -22
right_child=1 5 23 4 8 9 7 21 -10 10 25 -13 13 -15 -16 17 -18 -19 19 -21 29 -23 -24 24 -26 -27 27 -29 -30 -31
leaf_value=0.050043081114503118 0.035895914865155962 -0.070989383475902071 -0.011180215480864886 -0.029026154661049866 -0.033074664579480682 -0.04162507169126458 0.046049411027177342 0.0031168143434968073 0.028870262886422828 -0.030918501540538396 -0.040742646444066818 -0.004666771795715864 -0.026077678177698512 0.018396248317351115 -0.032444350474424268 -0.020741539583608498 -0.014446272474079381 -0.043751360624980563 0.03252891264718432 0.046083712324956477 -0.018299002257432154 -0.024978963526565874 0.046614502621565176 0.049908354910531305 -0.029126929500636153 -0.050650830049677714 0.0027338187358958723 -0.046577924406386834 -0.077386623975483307 0.046033194714261164
leaf_weight=30764.930777636357 254.50595582090318 265.17486239224672 40.257545202970505 26.362926956266165 638.88764997664839 1449.4160880148411 179.46304448507726 295.98712678253651 128.88543119654059 15334.651365555823 892.26728114485741 696.68847947567701 21996.674625554122 892.04120327159762 1508.568335711956 7950.0371452877298 1998.875797088258 469.01431195810437 206.20794185902923 394.02792321378365 111.48928833194077 555.58398701250553 968.48693831404671 2669.0117580979131 11.245073698461054 1158.7822838425636 181.16031298041344 1076.385449141264 276.44073668122292 11.02314426191151
leaf_count=4558108 6108 1162 413 400 4350 6154 11168 3309 14203 64798 3713 4798 111075 7890 6247 60017 25316 3017 22949 52459 5872 3350 116162 386171 129 4914 734 4656 1132 1197
internal_value=0.00196662 -0.022276 -0.00301922 -0.0143294 0.0153012 -0.0285175 -0.0245071 -0.00455 -0.022676 -0.033409 -0.0316563 -0.0297777 -0.0253414 -0.0243444 -0.0382068 -0.019223 -0.00876042 -0.0220234 0.0496355 0.0322841 0.0157429 -0.0152135 0.0446101 0.0486777 0.0495768 -0.0463405 -0.0440321 -0.0394741 -0.0473532 -0.0125107
internal_weight=93402.5 61914.9 15155.6 12435.1 1762.62 46759.3 25693.5 1031.03 767.773 21065.8 18082.4 16031.3 24662.5 22888.7 1773.74 10672.4 2253.38 8419.05 31487.7 722.748 328.72 851.571 994.85 2720.51 2680.26 2051.05 2983.4 1257.55 1725.86 122.512
internal_count=5491971 851386 616286 229573 135115 235100 144201 17827 18553 90899 78223 69596 126374 118965 7409 94458 31424 63034 4640585 82477 30018 6659 116562 386713 386300 8627 12676 5390 7286 7069
is_linear=0
shrinkage=0.05


Tree=26
num_leaves=31
num_cat=0
split_feature=2 1 0 2 3 2 0 2 1 2 3 0 3 2 0 3 2 2 3 0 1 0 2 1 0 3 0 3 0 3
split_gain=40415.7 2665.29 3313.3 654.006 696.81 359.167 192.702 196.747 166.563 150.926 279.139 142.25 132.595 108.383 154.817 103.693 91.7748 78.7465 163.004 82.7541 65.4327 58.3372 48.0716 43.5915 33.2525 27.3798 23.8323 15.6535 15.2493 14.9826
threshold=4.0995571897658998 1.0000000180025095e-35 0.91949500389684391 6.1678079014343981 7.3225632713640296 6.9131038209668318 0.22420405234085827 4.4527119691926762 1.5000000000000002 4.1876727905124937 4.3611859606570134 0.62001869418354627 5.067456612105917 4.2987140455362249 0.39166485078173591 5.4425259239190353 4.0417407382996835 7.5520523718568109 8.4967555934485279 0.67109024589866439 1.0000000180025095e-35 0.73404260302458579 4.1876727905124937 1.5000000000000002 0.42328453732171639 7.2265362286251831 0.33161813793822242 7.9844543739244713 0.94896788322066483 4.204841850850066
decision_type=2 2 2 2 2 2 2 2 2 2 2 2 2 2 2 2 2 2 2 2 2 2 2 2 2 2 2 2 2 2
left_child=16 2 3 13 24 6 7 -3 17 10 -8 -6 -11 14 -2 -15 -1 19 -19 -7 21 -18 -4 -9 -5 -24 -10 -28 29 -23
right_child=1 5 22 4 11 8 9 23 26 12 -12 -13 -14 15 -16 -17 20 18 -20 -21 -22 28 25 -25 -26 -27 27 -29 -30 -31
leaf_value=0.050011239908161288 0.024660830455615491 0.057724999643885944 -0.0077487025009625194 -0.011208843824383809 -0.030319073761047255 -0.035449910721145776 -0.040158084737759121 -0.03455552298433455 -0.06567697793292375 -0.029903099916072859 0.035843243783746856 0.028232222252248723 -0.02157701841984214 -0.026007314510329171 -0.013868215318932254 -0.015365111574970093 0.031931645962195838 -0.01730729854495314 -0.045615167521856674 -0.047214522028234729 0.045865553149528809 -0.045606943889058144 0.049923343315174395 -0.013400051856488791 0.047223978344290263 -0.027667179187578817 -0.0084449721820269458 0.012809541191557115 0.045798894213535467 -0.0055035738326095719
leaf_weight=29282.672139804345 331.05973046738654 59.521546968258917 37.107174042612314 25.04633167758584 602.67374081816524 6981.168565839529 205.89496493991464 5621.2810216397047 15.470726177096365 6044.7489330582321 292.36943208239973 125.30038669332862 22885.610804392025 4005.5101660136133 1227.1998282438144 5340.8790107206441 199.72761561674997 1422.2463506907225 791.57545058429241 1902.0206803008914 376.54932165984064 32.741933071054518 2530.6701034992002 254.52359212562442 872.36231641564518 11.421111688017843 310.43421109393239 120.15522604435682 10.537844314239917 80.674305584281683
leaf_count=4558108 8788 451 387 676 4158 28567 1774 23382 77 31885 16456 14203 108095 25841 17171 45469 22949 6519 3375 8338 52459 1568 384720 1610 114745 128 3463 1108 1197 4304
internal_value=0.00192182 -0.0211211 -0.00285746 -0.0134804 0.0161074 -0.027004 -0.0245043 -0.0327229 -0.034662 -0.0228468 0.00443765 -0.0202411 -0.0233167 -0.0178906 -0.00568253 -0.019926 0.0495835 -0.0358662 -0.0274291 -0.0379689 0.0316947 0.0152094 0.04875 -0.0336391 0.0455931 0.0495747 -0.00470462 -0.00251394 -0.0117353 -0.0170809
internal_weight=91999.2 62016.3 15109.2 12530 1625.38 46907 35364 5935.33 11543.1 29428.6 498.264 727.974 28930.4 10904.6 1558.26 9346.39 29982.9 11097 2213.82 8883.19 700.231 323.682 2579.2 5875.8 897.409 2542.09 446.06 430.589 123.954 113.416
internal_count=5491971 851386 616286 231051 133782 235100 183653 25443 51447 158210 18230 18361 139980 97269 25959 71310 4640585 46799 9894 36905 82477 30018 385235 24992 115421 384848 4648 4571 7069 5872
is_linear=0
shrinkage=0.05


Tree=27
num_leaves=31
num_cat=0
split_feature=2 1 0 2 3 2 0 2 1 2 3 0 0 3 0 0 2 2 3 0 1 0 2 1 3 0 0 2 3 0
split_gain=37856.9 2387.94 3099.62 589.153 715.273 337.284 175.614 181.032 151.902 134.004 254.954 133.876 124.213 105.398 161.616 103.947 94.4751 76.1686 177.349 73.4123 64.7865 54.5383 47.4904 39.0603 26.5499 24.9028 20.9122 17.6306 14.1458 14.0241
threshold=4.0995571897658998 1.0000000180025095e-35 0.91949500389684391 5.9518200102761609 7.3225632713640296 6.9131038209668318 0.22420405234085827 4.49855624743092 1.5000000000000002 4.1876727905124937 4.3611859606570134 0.62321938227643348 0.8150384491514896 6.9830158004538498 0.3109700072263431 0.37200840929843199 4.0417407382996835 7.740204100276876 8.4967555934485279 0.67667794470697917 1.0000000180025095e-35 0.73404260302458579 4.1876727905124937 1.5000000000000002 7.2265362286251831 0.20746273059816209 0.33161813793822242 4.4527119691926762 7.9844543739244713 0.94896788322066483
decision_type=2 2 2 2 2 2 2 2 2 2 2 2 2 2 2 2 2 2 2 2 2 2 2 2 2 2 2 2 2 2
left_child=16 2 3 13 15 6 7 27 17 10 -8 -6 -11 14 -2 -5 -1 19 -19 -7 21 -18 -4 -9 -24 -15 -10 -3 -28 -23
right_child=1 5 22 4 11 8 9 23 26 12 -12 -13 -14 25 -16 -17 20 18 -20 -21 -22 29 24 -25 -26 -27 28 -29 -30 -31
leaf_value=0.049979462881850234 -0.0026558905340762651 0.056402949619783128 -0.0073188252375949977 -0.030240092183885028 -0.029095282948387549 -0.033342667064058626 -0.037643107331234535 -0.032943369071880703 -0.060857217199173586 -0.023148015566327732 0.035214519124489328 0.027821599045725166 -0.0124813215570026 -0.049996150395483725 -0.019085039408005478 0.045551305811697244 0.031327093930505638 -0.003043853016669827 -0.043614613607321669 -0.043910812228036757 0.045639846736332562 -0.015956211046428279 0.049884221591370938 -0.012941510804399169 -0.025694115264596997 -0.021403436234388583 -0.0079688284855551888 0.0090084692461884202 0.012285653881726083 0.045557137745783856
leaf_weight=27871.80649895221 1813.9409940661862 57.911926792003214 37.316810913383961 47.491820603609085 709.60897055733949 7906.2665970474482 208.5961790913716 5607.3583486229181 15.850842595100401 26036.173070013523 282.95084714097902 120.91914382297546 3048.8713350016624 291.78280741721392 8564.51560907159 953.57091563707218 193.56082535628229 589.17808344960213 496.24161045253277 2074.4411384090781 359.91201443923637 115.23714265972376 2409.0885829306208 255.18984901532531 11.676384150981901 103.04450449347496 312.47960805147886 29.678393993526697 119.04395892471075 10.075774568133054
leaf_count=4558108 19578 451 387 613 4757 32473 1774 23255 77 119919 16456 14083 20061 1492 70884 118729 22949 3027 2137 9162 52459 5872 384720 1578 128 915 3463 159 1108 1197
internal_value=0.00187666 -0.0200312 -0.00270496 -0.012721 0.0134954 -0.0255793 -0.0231691 -0.0310067 -0.0330165 -0.0215923 0.00429617 -0.0208086 -0.0220299 -0.0171782 -0.0162136 0.0419557 0.0495306 -0.0341712 -0.0215923 -0.0355392 0.0311001 0.0146891 0.0486568 -0.0320727 0.0495197 -0.0425338 -0.0044531 0.0403442 -0.00238125 -0.0110102
internal_weight=90653.8 62103.2 15063 12604.9 1831.59 47040.2 35526.7 5950.14 11513.5 29576.6 491.547 830.528 29085 10773.3 10378.5 1001.06 28550.6 11066.1 1085.42 9980.71 678.786 318.874 2458.08 5862.55 2420.76 394.827 447.374 87.5903 431.524 125.313
internal_count=5491971 851386 616286 231051 138182 235100 183653 25443 51447 158210 18230 18840 139980 92869 90462 119342 4640585 46799 5164 41635 82477 30018 385235 24833 384848 2407 4648 610 4571 7069
is_linear=0
shrinkage=0.05


Tree=28
num_leaves=31
num_cat=0
split_feature=2 1 0 2 3 3 3 3 3 3 1 2 3 2 0 2 3 2 3 1 0 2 0 2 0 3 0 0 2 3
split_gain=35483.1 2141.7 2901.8 528.181 619.168 318.02 158.237 199.043 557.56 146.35 145.337 193.698 124.803 137.027 115.581 99.3793 105.286 97.2132 96.5788 64.08 58.3105 53.5033 50.9848 46.9342 33.0436 25.7919 22.4362 134.587 98.3087 14.1504
threshold=4.0995571897658998 1.0000000180025095e-35 0.91949500389684391 6.1678079014343981 7.3225632713640296 7.3225632713640296 7.3233027137203726 7.9844543739244713 7.9583251190734163 7.9941566304452838 1.5000000000000002 4.4527119691926762 7.3000979972342614 6.8303344683222234 0.62001869418354627 4.20477203786354 5.067456612105917 4.0417407382996835 7.3081877281983463 1.0000000180025095e-35 0.51273530049150207 4.8213945277212966 0.73404260302458579 4.1876727905124937 0.42328453732171639 7.2265362286251831 0.64585011427259731 0.67109024589866439 6.742726673005488 4.0769440439467477
decision_type=2 2 2 2 2 2 2 2 2 2 2 2 2 2 2 2 2 2 2 2 2 2 2 2 2 2 2 2 2 2
left_child=17 2 3 15 24 10 26 8 -8 -9 12 -12 13 -3 -6 20 -17 29 -14 22 -2 -13 -19 -4 -5 -25 28 -28 -7 -1
right_child=1 5 23 4 14 6 7 9 -10 -11 11 21 18 -15 -16 16 -18 19 -20 -21 -22 -23 -24 25 -26 -27 27 -29 -30 -31
leaf_value=0.050228325714240213 0.020830226913382641 -0.021545714978845026 -0.006915097160562253 -0.011689595322701005 -0.026974099244949437 -0.038012023465641781 -0.02608386194933578 -0.042088275098710701 0.014476321524766834 -0.028185019969653294 0.045890057894426274 0.0050672385165386642 0.033855250222621848 -0.061224446786154775 0.026953166713244769 -0.030001421542067242 -0.015117527339015214 0.030715816721255913 -0.010781551722492205 0.045406281929163517 -0.00856428261418417 -0.020855242787612006 -0.010343676114229435 0.049844825222333938 0.046879175145177081 -0.023903484334051629 0.0051838566243572618 -0.041439088901255729 -0.070461124079777657 0.045196416103434119
leaf_weight=25049.261911768001 262.77581066265702 24234.944798098411 37.515475288033485 24.833153489977121 610.59499945864081 1415.3289708942175 8078.1059285327792 2694.5249090194702 946.57245090603828 6361.3099234625697 173.63593669375405 304.20420034602284 161.30781337618828 219.55733636766672 118.67037641629577 1368.3997279806063 9020.7812659163028 187.69262769306079 487.14741536229849 344.07607128797099 471.33834908902645 575.85966679081321 126.60345062287524 2293.3620084919967 796.27773595135659 11.917067207396029 182.02050715684891 1034.7044410854578 279.51027815043926 1479.6773207280785
leaf_count=4307509 8973 121415 387 676 4158 6154 33943 11726 5571 26983 11168 3309 1263 975 14203 8941 70743 22949 2721 52459 8612 3350 7069 384720 114745 128 734 4656 1132 250599
internal_value=0.00183158 -0.0190055 -0.00256079 -0.0120109 0.0153297 -0.024243 -0.0288268 -0.0270848 -0.0218296 -0.0323219 -0.0205643 -0.00237264 -0.0213279 -0.021902 -0.0181987 -0.0158216 -0.0170779 0.0494767 0.000322168 0.0304976 0.00195747 -0.0118948 0.0141764 0.0485608 0.0451079 0.0494636 -0.0396446 -0.0344644 -0.0433635 0.0499477
internal_weight=89352.5 62165.2 15016.5 12673.7 1550.38 47148.7 20992.1 18080.5 9024.68 9055.83 26156.7 1053.7 25103 24454.5 729.265 11123.3 10389.2 27187.3 648.455 658.372 734.114 880.064 314.296 2342.79 821.111 2305.28 2911.56 1216.72 1694.84 26528.9
internal_count=5491971 851386 616286 231051 133782 235100 90899 78223 39514 38709 144201 17827 126374 122390 18361 97269 79684 4640585 3984 82477 17585 6659 30018 385235 115421 384848 12676 5390 7286 4558108
is_linear=0
shrinkage=0.05


Tree=29
num_leaves=31
num_cat=0
split_feature=2 1 0 2 3 2 0 2 1 3 0 0 2 0 2 0 0 2 3 2 1 0 0 2 1 3 2 0 2 3
split_gain=33278.4 1923.48 2718.23 477.22 633.179 308.477 160.825 162.719 128.676 124.875 603.584 109.366 102.23 188.408 99.9884 97.2169 96.8773 76.8346 150.294 75.3022 63.3151 51.4033 47.6573 46.494 36.3412 25.5048 33.5702 21.3855 16.5912 16.3704
threshold=4.0995571897658998 1.0000000180025095e-35 0.91949500389684391 5.9518200102761609 7.3225632713640296 6.951795789371034 0.22420405234085827 4.49855624743092 1.5000000000000002 4.204841850850066 0.89229758400851777 0.62321938227643348 4.3694752276468831 0.3109700072263431 4.0417407382996835 0.3820810697357887 0.99955042434302832 7.5520523718568109 8.4967555934485279 5.0937103219158661 1.0000000180025095e-35 0.68382271030261743 0.73404260302458579 4.20477203786354 1.5000000000000002 6.5337081385214217 6.951795789371034 0.35212193414828868 4.4527119691926762 7.9844543739244713
decision_type=2 2 2 2 2 2 2 2 2 2 2 2 2 2 2 2 2 2 2 2 2 2 2 2 2 2 2 2 2 2
left_child=14 2 3 12 15 6 7 28 17 16 -11 -6 13 -2 -1 -5 -8 21 -19 -14 22 -7 -16 -4 -9 -25 -27 -10 -3 -29
right_child=1 5 23 4 11 8 9 24 27 10 -12 -13 19 -15 20 -17 -18 18 -20 -21 -22 -23 -24 25 -26 26 -28 29 -30 -31
leaf_value=0.049915767685279 0.035352506708628155 0.055630663544979558 -0.0046106849399567594 -0.022534061516966367 -0.026056988787768388 -0.031774177523444996 -0.059216272622295701 -0.030112496495233978 -0.058859402976144587 -0.019810094974832264 0.022098025254786421 0.026540045320230084 -0.020326604599189949 -0.010818109074386822 0.03009840990520718 0.045366478182677666 -0.027128064092058868 -0.013763749506074853 -0.041121877210030779 -0.0093681579475207357 0.04516455324384714 -0.041608825978383578 -0.0097292328692883262 0.049932673418793705 -0.011002089710317192 -0.47388048299258784 0.00017629525523428082 -0.0078654967094636177 0.0095507551905725952 0.014090743525457028
leaf_weight=25250.847041099332 247.14844439271837 56.788842080160975 40.517773151397705 56.111505191773176 717.97992871608585 6452.7015436440706 277.85691817943007 5651.8859556615353 17.097475752234459 27754.720578065142 886.62060854025185 114.60850683227181 6592.612873816397 2085.0236801523715 182.10878046229482 870.90643156692386 1532.810991326347 1441.9231320768595 770.12332157790661 2056.718361299485 329.00337153533474 1673.1790700256824 127.83633236633614 2174.5803366731852 260.2246485054493 0.3815565630793597 17.57998756878078 308.7514029815793 29.776720657944679 117.09138925373554
leaf_count=4558108 6108 451 414 748 4757 26625 1466 23401 83 144745 8375 14083 42351 25346 22949 118594 6262 6519 3375 19064 52459 7563 7069 383783 1581 67 971 3413 159 1082
internal_value=0.00178658 -0.0180389 -0.00242383 -0.0113423 0.0128318 -0.0229894 -0.0207919 -0.0282749 -0.0304195 -0.0193178 -0.0185128 -0.0188168 -0.0152157 -0.00592525 0.0494215 0.0412565 -0.0320522 -0.0315502 -0.0232885 -0.0177208 0.0298877 -0.0337992 0.0136716 0.0484618 -0.0292713 0.0494426 -0.00989408 -0.00402972 0.0397802 -0.00182832
internal_weight=88095.5 62205.7 14974.2 12741.1 1759.61 47231.6 36450.7 5998.68 10780.9 30452 28641.3 832.588 10981.5 2332.17 25889.8 927.018 1810.67 10337.9 2212.05 8649.33 638.948 8125.88 309.945 2233.06 5912.11 2192.54 17.9615 442.94 86.5656 425.843
internal_count=5491971 851386 616286 231051 138182 235100 186440 25592 48660 160848 153120 18840 92869 31454 4640585 119342 7728 44082 9894 61415 82477 34188 30018 385235 24982 384821 1038 4578 610 4495
is_linear=0
shrinkage=0.05


Tree=30
num_leaves=31
num_cat=0
split_feature=2 1 0 2 0 2 2 3 0 1 2 3 3 0 2 2 3 2 3 1 0 2 1 0 3 3 0 0 0 3
split_gain=31229.9 1729.03 2547.3 426.844 594.525 291.55 160.091 229.806 136.24 117.633 116.35 115.788 95.806 133.504 81.421 77.0643 72.7764 71.9488 156.94 70.5676 53.137 44.6454 44.6291 43.1491 25.141 38.6175 22.0582 18.8709 18.5739 14.8233
threshold=4.0893303025383752 1.0000000180025095e-35 0.91949500389684391 5.9518200102761609 0.52179196583813592 6.951795789371034 4.1876727905124937 4.3611859606570134 0.18954989862812724 1.5000000000000002 6.951795789371034 5.067456612105917 6.9830158004538498 0.30166964322371831 4.6163750795325784 4.0280459656469025 7.2960267532015175 7.740204100276876 8.4967555934485279 1.0000000180025095e-35 0.64585011427259731 4.20477203786354 1.5000000000000002 0.77235187143174122 6.5337081385214217 6.7939703625515913 0.20746273059816209 0.35212193414828868 0.67667794470697917 7.9844543739244713
decision_type=2 2 2 2 2 2 2 2 2 2 2 2 2 2 2 2 2 2 2 2 2 2 2 2 2 2 2 2 2 2
left_child=15 2 3 12 16 6 7 22 14 17 -6 -10 13 -2 -8 -1 -5 20 -19 23 -7 -4 -3 -17 -23 -26 -14 -11 -9 -29
right_child=1 5 21 4 10 9 8 28 11 27 -12 -13 26 -15 -16 19 -18 18 -20 -21 -22 24 -24 -25 25 -27 -28 29 -30 -31
leaf_value=0.049992680129048762 -0.00040525739632034992 -0.037304753109358602 -0.0018184479502727927 0.014428598613162863 0.044673857975718982 -0.029368877597534645 0.026405381529291966 0.043038634076590435 -0.025159180868776471 -0.05480095913377489 -0.04136954890422273 -0.017525992194870867 -0.045090712630502509 -0.015769124610283829 -0.029877549452943408 0.030460565343591886 -0.024816291315514868 -0.00082840915209089283 -0.03913723628458117 0.047052300383828918 -0.038191696772153574 0.049899531462573338 0.051167260793891826 -0.0060534575478725684 -0.53636906764524528 0.00092242273581159275 -0.018544313054433357 -0.0074256772591353871 0.014088922678533376 0.01352781730460615
leaf_weight=23745.639436799102 1676.1206325739622 204.13540187478065 43.456975698471069 142.71741036139429 854.18537062080577 6950.6976301521063 65.365002659149468 229.9267316465266 6137.6166644021869 17.436320543289185 41.183338717091829 26072.487800273113 298.9382047727704 9039.7042693481781 3792.1353623121977 230.42750900005922 685.72209064848721 599.71377775073051 482.39375418424606 478.99677308741957 2261.9204634875059 2069.8644153089263 15.324384325649588 124.68922878615558 0.34081667661667125 17.845165430568159 105.9997825846076 310.63683466985822 72.995340404566377 115.89680572599173
leaf_count=4504348 17591 1316 489 5892 127222 28815 380 16510 31885 83 1311 120099 1492 75662 15846 31662 3757 3027 2137 84708 10103 383783 889 13296 38 1000 915 3413 3220 1082
internal_value=0.00174185 -0.0170865 -0.00227927 -0.0106796 0.0124713 -0.0217719 -0.0196459 0.00783535 -0.020044 -0.0290158 0.0407162 -0.0189805 -0.0142681 -0.013366 -0.0289238 0.049468 -0.0180555 -0.0301025 -0.0179061 0.0345301 -0.0315351 0.0483413 -0.031127 0.0176397 0.0493853 -0.00914676 -0.0381417 -0.00381644 0.0360626 -0.00173224
internal_weight=86884.5 62304.8 14976.1 12844.6 1723.81 47328.7 36590 522.382 36067.6 10738.7 895.369 32210.1 11120.8 10715.8 3857.5 24579.8 828.44 10294.7 1082.11 834.114 9212.62 2131.51 219.46 355.117 2088.05 18.186 404.938 443.97 302.922 426.534
internal_count=5491971 857957 619152 233842 138182 238805 190145 21935 168210 48660 128533 151984 95660 93253 16226 4634014 9649 44082 5164 129666 38918 385310 2205 44958 384821 1038 2407 4578 19730 4495
is_linear=0
shrinkage=0.05


Tree=31
num_leaves=31
num_cat=0
split_feature=2 1 0 2 3 3 3 3 3 3 1 2 3 0 0 2 3 0 2 2 1 2 2 0 0 0 0 2 3 0
split_gain=29324 1554.2 2389.17 385.587 524.263 279.943 158.53 186.779 495.906 143.802 132.575 181.605 121.803 135.722 110.642 87.9375 142.706 83.6099 80.8806 79.625 70.4082 52.3577 44.4641 40.6371 32.5469 25.4479 119.072 83.4319 25.1625 11.8731
threshold=4.0893303025383752 1.0000000180025095e-35 0.91949500389684391 6.1678079014343981 7.3225632713640296 7.3225632713640296 7.3233027137203726 7.9844543739244713 7.9583251190734163 7.9941566304452838 1.5000000000000002 4.3694752276468831 7.2579402070459418 0.4533208610456857 0.55652029964453664 4.3329479324565865 5.0939955393789083 0.62321938227643348 5.0937103219158661 4.0280459656469025 1.0000000180025095e-35 4.8213945277212966 4.49855624743092 0.77235187143174122 0.42328453732171639 0.64585011427259731 0.67109024589866439 6.742726673005488 7.2265362286251831 0.9559078453876011
decision_type=2 2 2 2 2 2 2 2 2 2 2 2 2 2 2 2 2 2 2 2 2 2 2 2 2 2 2 2 2 2
left_child=19 2 3 15 24 10 25 8 -8 -9 12 -12 13 -3 -14 16 -2 -6 -17 -1 23 -13 -4 -21 -5 27 -27 -7 -24 -25
right_child=1 5 22 4 17 6 7 9 -10 -11 11 21 14 -15 -16 18 -18 -19 -20 20 -22 -23 28 29 -26 26 -28 -29 -30 -31
leaf_value=0.049965803127986125 -0.012306486338320497 -0.015182706982203129 0.0027277736187335602 -0.012164055222204821 -0.022842537132698723 -0.034910232901816537 -0.022207464916981782 -0.038163782219974768 0.015946781270067264 -0.024277430906737979 0.049966949559881922 0.0073699668662437273 -0.016271747095216626 -0.022682989036573047 0.013204742296431957 -0.017845907075760871 0.016871416775316988 0.024932829187213901 -0.0071105766387365744 0.029840829094052741 0.046884944446804182 -0.017394023796391454 0.049878094177717679 -0.010333434272288073 0.046341262227299701 0.0067762482523125766 -0.037168293310288661 -0.064816480572422966 -0.02234688701293832 0.045542890125313429
leaf_weight=22599.397420662921 1418.1324161682278 12589.143902952783 52.299413105472922 24.60941281542182 619.63339700363576 1381.9721947610378 8112.4519081488252 2647.3968135565519 951.52608196437359 6303.2082622125745 155.10665536718443 333.31446785107255 706.171192958951 11579.54528228147 579.67809768021107 7107.2280728369951 594.8277430916205 107.4594981232658 2329.5845406441949 223.62678696867079 457.2217367994599 593.49066566675901 1967.689580234699 115.05667989654467 698.25246267812327 182.48639672994614 992.66446721553802 280.55459856987 12.133587554097174 10.363421936985103
leaf_count=4504348 20307 57564 701 676 4278 6154 33943 11726 5571 26983 11574 4323 3185 64043 3867 45165 11124 14083 23464 31662 84708 3350 384481 11778 114745 734 4656 1132 128 1518
internal_value=0.00169718 -0.0162241 -0.00215756 -0.0100958 0.0141962 -0.0206564 -0.0249916 -0.0232614 -0.0182021 -0.0283847 -0.0172498 -0.00010765 -0.0179784 -0.0187762 -0.00298335 -0.013172 -0.00368444 -0.0157817 -0.0151958 0.049415 0.0339751 -0.00848795 0.0482334 0.0170644 0.0443495 -0.0359761 -0.0303442 -0.039957 0.0494355 -0.00571639
internal_weight=85726.2 62320.6 14931.9 12899.7 1449.95 47388.7 20852.3 18014.6 9063.98 8950.61 26536.5 1081.91 25454.5 24168.7 1285.85 11449.8 2012.96 727.093 9436.81 23405.7 806.269 926.805 2032.12 349.047 722.862 2837.68 1175.15 1662.53 1979.82 125.42
internal_count=5491971 857957 619152 233842 133782 238805 90899 78223 39514 38709 147906 19247 128659 121607 7052 100060 31431 18361 68629 4634014 129666 7673 385310 44958 115421 12676 5390 7286 384609 13296
is_linear=0
shrinkage=0.05


Tree=32
num_leaves=31
num_cat=0
split_feature=2 1 0 2 3 2 2 3 0 2 3 1 0 2 2 0 3 2 1 2 0 2 0 0 2 3 2 3 3 0
split_gain=27549.9 1399.17 2241.92 348.356 360.142 267.109 138.199 211.818 146.782 1199.12 249.76 108.506 87.4004 109.066 82.2148 79.9422 77.8439 138.521 70.153 57.7214 49.9842 44.4665 38.2267 30.427 26.6357 24.841 39.9286 18.8505 19.32 11.0633
threshold=4.0893303025383752 1.0000000180025095e-35 0.91949500389684391 6.5638137176689879 7.3225632713640296 6.9131038209668318 4.1876727905124937 4.204841850850066 0.72580511243191603 4.267662004847506 5.2034845723991019 1.5000000000000002 0.16732986996238744 5.0937103219158661 4.0280459656469025 0.67109024589866439 8.6759645812166841 7.740204100276876 1.0000000180025095e-35 4.7327784207308978 0.67667794470697917 4.49855624743092 0.77235187143174122 0.98283556046468101 7.0336754972165965 6.5337081385214217 6.6346012894220836 7.8949329787267777 7.9844543739244713 0.95234617998841065
decision_type=2 2 2 2 2 2 2 2 2 2 2 2 2 2 2 2 2 2 2 2 2 2 2 2 2 2 2 2 2 2
left_child=14 2 3 12 24 6 7 23 10 -10 -8 16 19 -14 -1 -6 17 -7 22 -2 -9 -4 -16 -3 -5 -23 -27 -13 -29 -24
right_child=1 5 21 4 15 11 8 20 9 -11 -12 27 13 -15 18 -17 -18 -19 -20 -21 -22 25 29 -25 -26 26 -28 28 -30 -31
leaf_value=0.049938861627265824 0.027824494440208694 -0.049907608123069248 0.0025969034921651648 0.047744141071474532 -0.0097362896761826398 -0.027688254950588534 -0.030905259268825504 0.042738298880408879 -0.028254930561600045 0.031026402752197466 -0.017348179455876783 0.015734077776990523 -0.013688546214587777 -0.0017221295399254739 0.029215861853044936 -0.18622654274379549 -0.040871561998529711 -0.0053282152473586586 0.046711403909053345 -0.040742022380280601 0.0058255673433209735 0.049951684828008047 -0.010063003138006813 0.066690586838250451 -0.060451888497474564 -0.55208962744212664 0.0014692252443495196 -0.01766775039028802 0.0063522080292527441 0.041577819165965167
leaf_weight=21508.51773291314 33.507326647639275 131.69808520004153 52.191112842410803 532.97848620312288 505.43738153576851 9148.7716865390539 3869.1447333581746 222.16806487785652 2582.087088894099 1273.8757803682238 27855.910855130292 108.47695145010948 9095.1918249232695 2408.3568072775379 217.15597209241241 6.4986493187025181 965.13897323608398 749.38100454211235 436.49835682008415 365.56327770650387 156.18310305755585 1866.9202813049778 114.71396359009668 5.8434517681598654 5.7496460466645649 0.33176714275032537 17.988633529283106 210.70751470699906 138.90097984671593 11.40230303397402
leaf_count=4504348 272 921 701 98111 17049 38745 17860 16510 10667 13423 123473 881 75951 40263 31662 289 4399 3655 84708 1693 4403 383571 11530 101 214 23 1015 2582 1185 1766
internal_value=0.00165294 -0.0154124 -0.00204198 -0.00954516 0.0180531 -0.0196111 -0.0175095 0.00818369 -0.017882 -0.00867044 -0.0190016 -0.0263119 -0.0119813 -0.0111833 0.0493607 -0.0119767 -0.0273171 -0.0259954 0.0334118 -0.0349849 0.0275007 0.0481228 0.0165004 -0.0449539 0.0465894 0.0493831 -0.00855526 -0.00247468 -0.00812452 -0.0053941
internal_weight=84597.3 62309 14890.7 12953.3 1050.66 47418.3 36096.9 515.893 35581 3855.96 31725.1 11321.4 11902.6 11503.5 22288.3 511.936 10863.3 9898.15 779.771 399.071 378.351 1937.43 343.272 137.542 538.728 1885.24 18.3204 458.085 349.608 126.116
internal_count=5491971 857957 619152 233842 115663 238805 187358 21935 165423 24090 141333 51447 118179 116214 4634014 17338 46799 42400 129666 1965 20913 385310 44958 1022 98325 384609 1038 4648 3767 13296
is_linear=0
shrinkage=0.05


Tree=33
num_leaves=31
num_cat=0
split_feature=2 0 1 3 3 2 0 3 3 3 0 3 3 3 2 0 0 2 1 2 2 0 3 3 1 3 3 2 0 2
split_gain=25895.2 1267.06 1718.79 460.7 417.88 352.105 348.741 317.781 315.355 296.599 276.156 158.958 170.612 138.113 115.525 108.457 93.4869 84.838 69.8113 68.7694 43.1442 35.9289 35.4235 30.0569 28.5522 26.1553 22.6255 14.7414 10.3522 10.8396
threshold=4.0893303025383752 0.92511295122819293 1.0000000180025095e-35 7.3225632713640296 7.2579402070459418 4.20477203786354 0.55652029964453664 4.204841850850066 7.3155776058677429 5.067456612105917 0.65631567337852459 8.4967555934485279 7.3233027137203726 7.5753487237152513 4.2375608875783284 0.61056791463898286 0.99955042434302832 4.0280459656469025 1.0000000180025095e-35 6.8607775849798927 4.20477203786354 0.77235187143174122 7.2960267532015175 7.9583251190734163 1.5000000000000002 7.2265362286251831 8.6759645812166841 6.317189391372529 0.9559078453876011 4.0660334575400112
decision_type=2 2 2 2 2 2 2 2 2 2 2 2 2 2 2 2 2 2 2 2 2 2 2 2 2 2 2 2 2 2
left_child=17 3 20 4 5 15 22 16 14 -7 -8 12 19 -14 -9 -2 24 -1 21 -5 -3 -19 -6 -10 -4 -22 27 -13 29 -23
right_child=1 2 7 11 6 9 10 8 23 -11 -12 26 13 -15 -16 -17 -18 18 -20 -21 25 28 -24 -25 -26 -27 -28 -29 -30 -31
leaf_value=0.049911795520750132 0.02395264250905358 -0.0032953542679756177 -0.055854107421572499 -0.038923255797501617 -0.0010492872020555011 -0.026387698227462775 0.04109499922993274 -0.0029178474748469308 -0.033334910170650059 -0.013435079017071944 -0.032304623757236826 0.0004433195691690569 -0.0090397813714323955 -0.021271278571931326 0.040324678039972292 -0.0050708708064698994 -0.021683973244081084 0.028586339524950335 0.046531396902350225 -0.022362454676723351 0.049715862558340401 -0.0005681754457630316 -0.022403430363143993 0.0093806797858810298 0.05127147606542605 -0.025424665899439175 -0.040619106286900464 -0.031297203579773628 0.045079481963146997 -0.036055160959715851
leaf_weight=20470.353106602095 721.46648287354037 39.969580058008432 267.64672965370119 1698.1449597016908 318.03909685648978 5257.8466444425285 846.00443691667169 223.17081924527884 352.34187799692154 27726.370908290148 151.02213022205979 38.236600980162621 2765.9899879009463 13934.713572137058 501.59894122183323 581.17534654028714 1550.6606450090185 210.999275109265 416.77633319143206 993.67398588079959 1782.7590608363971 88.870834689121693 498.79156203800812 46.632829181849957 6.3680363087914875 11.656846962869166 1123.4737851768732 844.5973010212183 9.5103357285261136 28.393627376295626
leaf_count=4504348 29401 459 1132 8486 4639 28404 89026 966 1714 178065 2894 158 12399 60605 5678 13681 6262 31662 84708 17750 382931 10855 3263 722 325 121 5169 3707 1518 923
internal_value=0.00160942 -0.0146445 0.0100828 -0.0167013 -0.0132556 -0.0144929 0.0101328 -0.0135596 0.00735737 -0.0154998 0.029977 -0.0225144 -0.0211283 -0.0192455 0.0270095 0.0110038 -0.0264415 0.0493049 0.0328399 -0.0328099 0.0480833 0.0159461 -0.014089 -0.0283422 -0.0533645 0.0492277 -0.0359123 -0.0299225 -0.00509179 -0.00916076
internal_weight=83507.3 62282.4 4782.81 57499.5 36100.7 34286.9 1813.86 2948.42 1123.74 32984.2 997.027 21398.8 19392.5 16700.7 724.77 1302.64 1824.68 21224.9 754.55 2691.82 1834.39 337.774 816.831 398.975 274.015 1794.42 2006.31 882.834 126.775 117.264
internal_count=5491971 857957 400310 457647 349373 249551 99822 16799 9080 206469 91920 108274 99240 73004 6644 43082 7719 4634014 129666 26236 383511 44958 7902 2436 1457 383052 9034 3865 13296 11778
is_linear=0
shrinkage=0.05


Tree=34
num_leaves=31
num_cat=0
split_feature=2 1 0 2 0 2 0 2 0 2 3 2 1 2 3 0 2 3 1 3 0 2 1 0 2 3 3 3 3 3
split_gain=24350.1 1165.85 1965.94 302.109 481.294 233.508 138.935 221.555 118.832 954.756 123.932 102.101 95.0935 87.4679 81.0767 115.264 70.3432 129.814 69.3669 56.7038 51.8785 44.5085 39.6743 33.9521 32.4433 24.3798 22.2107 18.3251 16.1823 16.9006
threshold=4.0893303025383752 1.0000000180025095e-35 0.91949500389684391 5.9518200102761609 0.52179196583813592 6.951795789371034 0.23861068514325282 4.5407320249418399 0.3109700072263431 4.4527119691926762 7.3233027137203726 6.951795789371034 1.5000000000000002 4.0280459656469025 6.9830158004538498 0.30166964322371831 7.5520523718568109 8.4967555934485279 1.0000000180025095e-35 7.2960267532015175 0.68382271030261743 4.49855624743092 1.5000000000000002 0.7570029747540562 4.4527119691926762 6.5337081385214217 6.6878875668217104 7.5133544912541304 7.8949329787267777 7.9844543739244713
decision_type=2 2 2 2 2 2 2 2 2 2 2 2 2 2 2 2 2 2 2 2 2 2 2 2 2 2 2 2 2 2
left_child=13 2 3 14 19 6 7 24 9 -8 -10 -6 16 -1 15 -2 20 -18 23 -5 -7 -4 -9 -15 -3 -23 -27 -16 -14 -30
right_child=1 5 21 4 11 12 8 22 10 -11 -12 -13 28 18 27 -17 17 -19 -20 -21 -22 25 -24 -25 -26 26 -28 -29 29 -31
leaf_value=0.04988453074890091 0.0014698146430963701 0.051921253932183914 0.0022552398872144118 0.014080284781858807 0.043877654338480475 -0.025458011688789431 0.052976598628351662 -0.024469920796430338 -0.017340381324101525 -0.01460505271236659 -0.0065713039772741615 -0.034734217384364448 0.015267524439288818 0.029157631698669098 -0.027023401040411656 -0.012612160000431341 -0.0087907316323709156 -0.0345952516665173 0.046344637978439192 -0.020680179796897617 -0.035538557344321944 0.049897928916658299 -0.0063942151009890678 -0.0031565713666208677 0.0098242271277503897 -0.32735991201334097 0.0015716014515972866 -0.051629941191751509 -0.015899290814623615 0.0066180806503427269
leaf_weight=19482.380206270609 1721.720642240718 96.823103414848447 51.857926106080413 141.269097995013 752.90204845136032 6325.7482983916998 578.53028247086331 6539.7718654721975 20745.332744928543 5406.3436853960156 3066.4807246774435 43.701551451347768 105.12256896495819 191.00002550287172 315.85293408483267 9314.9603998260573 1464.682701960206 730.4435893446207 398.00775137264282 692.12172830849886 1598.926676094532 1691.9077538400888 318.34743079543114 141.51222701836377 86.796492584049702 0.52829832863062876 17.963715480640531 99.498313039541245 213.30116179585457 136.75919257104397
leaf_count=4504348 17591 707 701 5892 127222 26625 4681 27147 119211 23482 12619 1311 855 29732 1982 75662 6519 3375 84708 3757 7563 383571 1839 15226 459 23 1015 425 2558 1165
internal_value=0.00156581 -0.0139148 -0.00168652 -0.00836492 0.0117752 -0.0177433 -0.0158633 -0.0221797 -0.0143705 -0.00807224 -0.0159535 0.039565 -0.0242924 0.0492476 -0.0112315 -0.0104154 -0.0252979 -0.0173774 0.0322619 -0.0147879 -0.0274919 0.0478902 -0.0236309 0.0154052 0.0320221 0.0492738 -0.00782564 -0.032918 -0.00193613 -0.00710236
internal_weight=82470.6 62257.7 14844.3 13082 1629.99 47413.4 36838.4 7041.74 29796.7 5984.87 23811.8 796.604 10575 20212.9 11452 11036.7 10119.8 2195.13 730.52 833.391 7924.67 1762.26 6858.12 332.512 183.62 1710.4 18.492 415.351 455.183 350.06
internal_count=5491971 857957 619152 233842 138182 238805 190145 30152 159993 28163 131830 128533 48660 4634014 95660 93253 44082 9894 129666 9649 34188 385310 28986 44958 1166 384609 1038 2407 4578 3723
is_linear=0
shrinkage=0.05


Tree=35
num_leaves=31
num_cat=0
split_feature=2 1 0 2 0 3 3 3 1 2 2 3 2 2 2 2 0 2 3 0 1 0 2 0 0 0 2 3 3 3
split_gain=22906.4 1050.23 1847.85 274.317 464.197 222.652 145.314 163.424 112.565 159.618 104.948 101.896 114.055 96.4602 90.1575 85.442 249.224 114.614 79.5942 77.6184 68.8644 48.7035 44.4655 31.9594 24.5527 108.598 70.6239 24.1056 19.0152 14.3526
threshold=4.0893303025383752 1.0000000180025095e-35 0.91949500389684391 5.8065205138007423 0.52179196583813592 7.3225632713640296 7.3233027137203726 8.4967555934485279 1.5000000000000002 4.3694752276468831 7.740204100276876 7.3000979972342614 6.8303344683222234 6.951795789371034 4.0280459656469025 4.6960841391917354 0.33161813793822242 5.0886041562929067 7.2960267532015175 0.59740168283145612 1.0000000180025095e-35 0.33161813793822242 4.49855624743092 0.7570029747540562 0.64585011427259731 0.67109024589866439 6.742726673005488 6.5337081385214217 8.6759645812166841 6.6878875668217104
decision_type=2 2 2 2 2 2 2 2 2 2 2 2 2 2 2 2 2 2 2 2 2 2 2 2 2 2 2 2 2 2
left_child=14 2 3 15 18 8 24 10 11 -10 -8 12 -3 -6 -1 16 -2 -17 -5 -13 23 -11 -4 -16 26 -26 -7 -24 -9 -29
right_child=1 5 22 4 13 6 7 28 9 21 -12 19 -14 -15 20 17 -18 -19 -20 -21 -22 -23 27 -25 25 -27 -28 29 -30 -31
leaf_value=0.049856990062822043 0.013858746466241415 -0.014713555866402757 0.0021462510428930221 0.013886633983562179 0.043389643198684519 -0.030646306789599911 -0.018366567080370017 -0.027471444327324592 0.049930610216692713 0.0069889783206118607 0.0010249791471062329 -0.0094024273095030114 -0.050656767411236453 -0.032178559461900999 0.028528901624522776 -0.021614591330899765 -0.011659580798860286 -0.0062567411112475482 -0.020209675594921043 0.025175754961990073 0.046150839331515772 -0.015783743064576233 0.049870593195769988 -0.002989382434484517 0.0094241685640665228 -0.032655866560014075 -0.058286725468755643 -0.22623414259466734 -0.037613009076780383 0.001495049243083405
leaf_weight=18542.193198059686 1178.5778761282563 24810.163160828408 51.769093602895737 220.97564581409097 739.9925682307221 1331.1628542393446 15278.509602352977 833.23508521914482 148.99945156881586 420.60404409747571 731.11909974366426 398.06978610903025 222.68998934328556 44.784624360036105 185.58782920287922 3090.9534321767278 5084.9386550420895 2001.4767074813135 759.27552456362173 274.00500939786434 380.14692019531503 531.4386671744287 1610.25266500609 141.9439472570084 183.03700414299965 944.50975342094898 279.65137006342411 0.71963606029749172 1037.9676784873009 17.93998149363324
leaf_count=4504348 14651 123700 701 7037 127721 6154 64798 3713 11574 3388 4798 1842 975 1311 29732 19695 41969 17395 4063 2142 84708 4285 383571 15226 734 4656 1132 23 4914 1015
internal_value=0.00152272 -0.0132227 -0.00159556 -0.00791833 0.0104196 -0.0168516 -0.0207578 -0.0191152 -0.0138469 0.00180841 -0.017481 -0.0145175 -0.0150333 0.0390772 0.0491885 -0.0107685 -0.00685791 -0.0155785 -0.0125234 0.0046951 0.0316731 -0.00572296 0.047766 0.0148697 -0.0314838 -0.0258249 -0.0354449 0.0492158 -0.033097 -0.00728767
internal_weight=81476.7 62226.8 14801.7 13121 1765.03 47425.2 20619.2 17880.8 26806 1101.04 16009.6 25704.9 25032.9 784.777 19249.9 11355.9 6263.52 5092.43 980.251 672.075 707.679 952.043 1680.68 327.532 2738.36 1127.55 1610.81 1628.91 1871.2 18.6596
internal_count=5491971 857957 619152 233842 140132 238805 90899 78223 147906 19247 69596 128659 124675 129032 4634014 93710 56620 37090 11100 3984 129666 7673 385310 44958 12676 5390 7286 384609 8627 1038
is_linear=0
shrinkage=0.05


Tree=36
num_leaves=31
num_cat=0
split_feature=2 0 1 2 3 3 3 2 3 1 3 3 1 0 2 2 1 1 1 3 3 3 0 3 0 3 3 3 3 0
split_gain=21561.7 965.187 1425.74 383.72 282.25 404.002 282.375 266.252 445.981 149.313 134.37 191.436 137.099 98.4048 67.6844 63.727 56.0431 49.3891 42.4572 35.2277 32.2165 29.3688 28.0589 25.6502 24.8703 24.7695 22.0318 13.8995 15.9236 14.5262
threshold=4.0771750096418584 0.90262234570724054 1.0000000180025095e-35 4.20477203786354 7.9844543739244713 7.9583251190734163 7.781075859749671 4.2375608875783284 7.3155776058677429 1.5000000000000002 7.9941566304452838 8.4967555934485279 1.5000000000000002 0.61056791463898286 4.2375608875783284 4.0280459656469025 1.0000000180025095e-35 1.0000000180025095e-35 1.5000000000000002 4.150803654420284 7.9583251190734163 4.204841850850066 0.35212193414828868 7.2265362286251831 0.83351541442585564 4.204841850850066 4.3164876109760542 4.1987796469857166 4.204841850850066 0.99999915540540552
decision_type=2 2 2 2 2 2 2 2 2 2 2 2 2 2 2 2 2 2 2 2 2 2 2 2 2 2 2 2 2 2
left_child=15 3 14 13 5 6 -5 19 26 -7 12 -12 -6 16 27 -1 22 21 24 -4 -10 -17 -2 -16 -15 -21 -9 29 -29 -3
right_child=1 2 7 4 10 9 -8 8 20 -11 11 -13 -14 18 23 17 -18 -19 -20 25 -22 -23 -24 -25 -26 -27 -28 28 -30 -31
leaf_value=0.049829126937275238 0.044486718544842423 0.027343828325414949 0.050989250121730195 -0.01303782469083957 -0.034691316811976201 0.026869940819796736 -0.028880641420798034 0.067943402307043627 -0.031505119301444916 -0.027399515499359563 -0.013407818820000706 -0.032203781775084324 0.023261595197474748 -0.0011586760187151332 0.049297392306514635 -0.013914454588086371 0.043955389902505276 0.046601591447138234 0.050653382812066119 -0.0234320104479665 0.0074585495179870162 0.02611651541668162 0.010011605084405661 -0.021618179981164297 -0.027635985828048232 -0.007453623708514226 0.035881347125908354 -0.073721545521072726 0.0036233523218304493 -0.070950991271080524
leaf_weight=17647.49760011211 68.283401419408619 32.904079467058182 16.977471847087145 43002.431607483421 2582.1841285079718 822.00233367830515 3009.38728903234 59.689987987279892 405.83468426764011 149.84866843372583 4482.9037982448936 1941.3041930049658 106.25154361128807 451.48430847749114 1571.3529292480089 58.016890828497708 242.31916892295703 318.35463264072314 34.669127179775387 1837.3564269212075 61.029633555561304 217.90311124222353 435.05731734167784 12.855419665575026 110.37092894781381 279.43094513285905 523.48501176759601 12.069304719567301 14.832675993442534 4.2433453761041156
leaf_count=4504348 3686 655 3247 349133 11350 3481 12774 301 2046 1570 18964 9034 829 13549 388613 7349 16785 75218 4563 7796 903 32982 13784 132 997 1228 6414 80 115 45
internal_value=0.00148017 -0.0125245 0.00893748 -0.01433 -0.0149621 -0.0134002 -0.014074 -0.0106042 0.0100074 0.0185022 -0.0230154 -0.0190877 -0.0324009 0.0120902 0.0466846 0.0492868 0.0241995 0.0331824 -0.00304635 -0.0207474 -0.0264117 0.0176993 0.0146885 0.0487219 -0.00635988 -0.0213228 0.039163 -0.00370604 -0.0310767 0.0161156
internal_weight=80512.3 62270.6 4832.06 57438.5 56096.3 46983.7 46011.8 3183.8 1050.04 971.851 9112.64 6424.21 2688.44 1342.18 1648.26 18241.8 745.66 594.275 596.524 2133.76 466.864 275.92 503.341 1584.21 561.855 2116.79 583.175 64.0494 26.902 37.1474
internal_count=5491971 872074 411575 460499 407135 366958 361907 21935 9664 5051 40177 27998 12179 53364 389640 4619897 34255 115549 19109 12271 2949 40331 17470 388745 14546 9024 6715 895 195 700
is_linear=0
shrinkage=0.05


Tree=37
num_leaves=31
num_cat=0
split_feature=2 1 0 2 3 2 2 0 0 2 3 0 1 3 0 2 0 2 3 0 1 0 2 0 3 3 3 0 3 3
split_gain=20301.8 883.971 1624.73 249.163 427.686 201.037 140.696 159.554 128.114 956.365 174.442 115.215 84.9513 80.3826 128.949 65.7643 64.622 63.7754 106.468 51.3216 49.213 44.1425 42.2034 40.4381 27.3191 23.8054 20.4013 17.9727 15.5417 13.3686
threshold=4.0771750096418584 1.0000000180025095e-35 0.91949500389684391 5.8065205138007423 7.3225632713640296 6.951795789371034 4.1876727905124937 0.82743180515087889 0.8150384491514896 4.2375608875783284 5.067456612105917 0.3820810697357887 1.5000000000000002 6.7939703625515913 0.29087206909299079 4.0280459656469025 0.62321938227643348 7.5520523718568109 8.4967555934485279 0.64585011427259731 1.0000000180025095e-35 0.98283556046468101 4.49855624743092 0.22420405234085827 4.204841850850066 6.5337081385214217 6.6192327316390651 0.67667794470697917 7.8949329787267777 7.9844543739244713
decision_type=2 2 2 2 2 2 2 2 2 2 2 2 2 2 2 2 2 2 2 2 2 2 2 2 2 2 2 2 2 2
left_child=15 2 3 13 11 6 7 27 10 -10 -8 -5 17 14 -2 -1 -6 19 -19 -7 24 -9 -4 -15 -17 -24 -27 -3 -14 -30
right_child=1 5 22 4 16 12 8 21 9 -11 -12 -13 28 23 -16 20 -18 18 -20 -21 -22 -23 25 -25 -26 26 -28 -29 29 -31
leaf_value=0.049800859961031708 0.0052809963051113342 0.042050983906926749 0.004649543682377107 -0.012422138015883238 -0.018239426320937415 -0.022219777213021763 -0.025581471914737267 -0.027008161330841218 -0.022135955066114051 0.038443601207056713 -0.013574446219638173 0.04308915629295379 0.016253587374657728 -0.037688162568308703 -0.010762616665070055 -0.013036543962476319 0.02387942684871823 -0.0071054311089180384 -0.030750364027753819 -0.031839543914640472 0.046420995067556675 0.056370193341676769 0.049815252289232129 -0.0017235840108198053 0.025472856239301064 -0.39193921603125959 0.0001506932492158729 0.016244142275509504 -0.013066194759043623 0.0068297649486934306
leaf_weight=16796.109104444971 1439.6301965150051 224.77180264424533 55.409608708694577 106.90188927575946 791.88591803051531 5990.389443859458 3364.60986616835 207.45035642292351 2200.5000021010637 925.50863181520253 29965.146101750433 744.08130749920383 107.02647507190704 363.12503039091825 9631.5024753911421 58.806652107276022 102.90225916961208 1470.2300896942616 704.0775181055069 1804.009616702795 303.97708943975158 17.189478211570531 1459.3937501274049 99.596459113061428 212.38086166372523 0.33785919472575443 18.385087481234223 96.400964668951929 220.98254959285259 136.63239317387342
leaf_count=4504348 14645 20641 963 1336 5030 25550 15886 2447 8894 11169 132261 119683 855 1959 80476 7349 14083 6519 3375 8638 75218 2829 383571 995 32982 9 1029 5508 2558 1165
internal_value=0.00143736 -0.0119003 -0.00123802 -0.00686518 0.0107389 -0.01523 -0.0135015 0.0116962 -0.0138788 -0.00420034 -0.0147865 0.0361157 -0.02136 -0.00952974 -0.00867639 0.0492316 -0.0133957 -0.022334 -0.0147621 -0.0244463 0.0326067 -0.020628 0.0474906 -0.0299471 0.0171221 0.0490965 -0.00692465 0.034305 -0.000462012 -0.00546463
internal_weight=79619.4 62248.1 14813.2 13279.6 1745.77 47434.9 37001.6 545.813 36455.8 3126.01 33329.8 850.983 10433.3 11533.9 11071.1 17371.3 894.788 9968.71 2174.31 7794.4 575.165 224.64 1533.53 462.721 271.188 1478.12 18.7229 321.173 464.641 357.615
internal_count=5491971 872074 623779 238207 140132 248295 199635 31425 168210 20063 148147 121019 48660 98075 95121 4619897 19113 44082 9894 34188 115549 5276 385572 2954 40331 384609 1038 26149 4578 3723
is_linear=0
shrinkage=0.05


Tree=38
num_leaves=31
num_cat=0
split_feature=2 0 1 3 3 0 2 3 3 0 3 3 3 0 3 0 0 2 3 2 0 2 1 2 2 3 0 3 3 0
split_gain=19124.7 798.025 1245.3 346.212 312.648 277.701 264.102 238.542 236.047 232.438 216.032 136.274 161.66 185.696 109.127 105.836 71.2046 67.8236 58.7789 58.0935 172.846 76.4552 48.9735 32.1603 31.564 27.1635 25.4129 22.6465 19.9249 18.7133
threshold=4.0771750096418584 0.94191383711497811 1.0000000180025095e-35 7.3225632713640296 7.2579402070459418 0.55652029964453664 4.20477203786354 4.204841850850066 5.067456612105917 0.65062298805038576 7.3155776058677429 7.3233027137203726 7.781075859749671 0.62679990131192864 8.6759645812166841 0.61056791463898286 0.99955042434302832 4.0280459656469025 4.2571009610137267 6.8607775849798927 0.67109024589866439 6.742726673005488 1.0000000180025095e-35 4.1876727905124937 5.6599165454229086 4.1784559019061511 0.7570029747540562 7.2265362286251831 4.1987796469857166 0.99737792987710405
decision_type=2 2 2 2 2 2 2 2 2 2 2 2 2 2 2 2 2 2 2 2 2 2 2 2 2 2 2 2 2 2
left_child=17 3 23 4 6 24 15 16 -8 -7 18 19 13 -13 -14 -2 25 -1 -9 21 -21 -5 26 28 -6 -4 -19 -25 -3 -12
right_child=1 2 7 11 5 9 8 10 -10 -11 29 12 14 -15 -16 -17 -18 22 -20 20 -22 -23 -24 27 -26 -27 -28 -29 -30 -31
leaf_value=0.049772120730919411 0.02351752747447898 0.020337841440253593 0.027978397836714811 -0.030079718374368444 -0.029097063771031807 0.041486385854265451 -0.021388260728676903 -0.00083916519144560178 -0.0099952684869854605 -0.020708413106601417 -0.033064457514992762 -0.0058454322081534079 -0.018092878847188409 -0.03413958845554086 -0.034872608100435236 -0.0038844956970486748 -0.016168386514408304 0.030829001464865686 0.037614977644174104 0.01001707420510606 -0.033998704732887096 -0.061637454804377871 0.046233437908091951 0.049732753312170017 -0.0053922915171172123 -0.048021442095100682 -0.00013471538405600739 -0.023450338766866682 -0.073467640292881817 -0.0088261849695330519
leaf_weight=15985.948265477782 727.89952567918226 23.068026813212786 12.342883913312106 1417.6914501190186 178.8090643286705 756.20315516926348 5418.2978778672405 126.9110492458567 28251.201584895141 187.46429381333292 171.62071499973536 4846.0660726577044 11974.030181035399 658.71802465012297 1054.2623574286699 683.03578918566927 1570.3938451618887 143.73841108568013 458.00070308987051 337.9547310192138 655.94507704861462 221.97794211329892 290.29577581770718 1368.9470219328068 654.27148211468011 247.72317719645798 122.9449430317618 10.653332434594629 7.5017010867595664 148.56746159493923
leaf_count=4504348 34255 509 791 6677 768 88008 29482 538 185151 3945 1132 20834 53160 3028 5169 19976 8795 25702 5170 14437 3532 1809 75218 375616 7134 1074 14629 107 44 933
internal_value=0.00139654 -0.0113169 0.0098761 -0.0128311 -0.00990423 0.0105582 -0.0109406 -0.00979912 -0.0118287 0.0291311 0.0111981 -0.0179276 -0.0164153 -0.00923119 -0.0194507 0.0102522 -0.0201815 0.0491745 0.0292714 -0.0285703 -0.0190321 -0.034352 0.032023 0.0480436 -0.0104802 -0.0444144 0.0165543 0.0491676 -0.00268169 -0.0218179
internal_weight=78712.5 62169.6 4145.73 58023.8 36857.2 1776.75 35080.4 2735.56 33669.5 943.667 905.1 21166.6 18533.1 5504.78 13028.3 1410.94 1830.46 16542.9 584.912 2633.57 993.9 1639.67 556.979 1410.17 833.081 260.066 266.683 1379.6 30.5697 320.188
internal_count=5491971 872074 394709 477365 368719 99855 268864 18433 214633 91953 7773 108646 82191 23862 58329 54231 10660 4619897 5708 26455 17969 8486 115549 376276 7902 1865 40331 375723 553 2065
is_linear=0
shrinkage=0.05


Tree=39
num_leaves=31
num_cat=0
split_feature=2 1 0 2 0 1 2 2 0 2 0 2 3 0 2 3 2 3 0 1 3 3 2 0 3 3 3 3 3 1
split_gain=18021.5 738.301 1435.51 214.864 384.462 179.627 179.711 159.252 121.588 191.318 115.276 88.0994 70.2161 114.664 69.8968 61.3522 56.7484 103.358 57.9951 48.6685 42.82 55.5569 42.1198 35.3388 24.5342 23.3964 13.2801 12.4085 24.8673 30.8709
threshold=4.0771750096418584 1.0000000180025095e-35 0.91949500389684391 5.8065205138007423 0.52179196583813592 1.5000000000000002 6.9131038209668318 4.3694752276468831 0.23861068514325282 4.49855624743092 0.47314934341579079 6.951795789371034 6.7939703625515913 0.29087206909299079 4.0280459656469025 7.2960267532015175 7.740204100276876 8.4967555934485279 0.67667794470697917 1.0000000180025095e-35 4.9268187134029358 5.5005232433105204 4.49855624743092 0.22420405234085827 4.204841850850066 6.5337081385214217 6.6192327316390651 4.0769440439467477 4.0776221824873993 1.0000000180025095e-35
decision_type=2 2 2 2 2 2 2 2 2 2 2 2 2 2 2 2 2 2 2 2 2 2 2 2 2 2 2 2 2 2
left_child=14 2 3 12 15 6 8 -7 9 -3 -10 -6 13 -2 27 -5 18 -18 -8 24 -9 -22 -4 -14 -16 -24 -27 -1 29 -29
right_child=1 5 22 4 11 7 16 20 10 -11 -12 -13 23 -15 19 -17 17 -19 -20 -21 21 -23 25 -25 -26 26 -28 28 -30 -31
leaf_value=0.050056219660292271 0.0054778811936793889 0.040925892404569231 0.004264098600259259 0.013497311204297275 0.042723332646523823 0.049888653773036924 -0.019421775628349094 0.039029112800027015 -0.0084842134420307046 -0.020016338807621194 -0.014917499640836602 -0.028690198057529034 -0.034569952999529731 -0.0096209091998082433 -0.012216453672443629 -0.016546105319261484 0.0039115717883802352 -0.02783511575622152 -0.029187775337564472 0.046038633453272387 -0.030570796334541735 -0.0012817502981744043 0.049758836972211458 -0.0011251229291206458 0.024282208736367761 -0.27060051036109101 0.0003303013925708316 -0.094482287280217181 0.044621391041655842 0.050171434025608135
leaf_weight=14515.841905396199 1443.921669586096 131.39192408323288 54.834319714456797 218.62987762875855 677.94138102745637 155.13195218425244 7560.0600741803646 58.511280950158834 16027.819677446503 6486.2803727090359 12312.377017098945 46.125180847477168 368.93937703967094 9735.3528141980059 59.563845220021904 762.88429941935465 621.90359655022621 436.20793208479881 1902.8088634610176 277.27722399844788 181.83803634531796 1477.1886142734438 1324.0495063220151 100.49759919941425 202.82382323453203 0.4637026116251971 18.391784565523267 7.2587115124333632 684.43319596280344 7.4985171868465841
leaf_count=4301241 14645 632 963 7037 127721 15144 32473 1313 71563 27018 73398 1311 1959 80476 7349 4063 3027 2137 9162 75218 1282 11146 383571 995 32982 9 1029 2131 198774 2202
internal_value=0.00135545 -0.0107606 -0.000993375 -0.0060394 0.0105353 -0.0138035 -0.0144284 0.00137272 -0.0127041 -0.0188063 -0.0112791 0.0381741 -0.00846622 -0.00767074 0.0491156 -0.00985401 -0.0201576 -0.00917604 -0.0213855 0.0314321 -0.00300935 -0.00449198 0.0472174 -0.02741 0.0159968 0.0489713 -0.00633255 0.0497428 0.0432368 -0.0209801
internal_weight=77858.2 62103.6 14752 13354.3 1705.58 47351.5 45478.8 1872.67 34957.9 6617.67 28340.2 724.067 11648.7 11179.3 15754.7 981.514 10521 1058.11 9462.87 539.665 1717.54 1659.03 1397.74 469.437 262.388 1342.9 18.8555 15215 699.19 14.7572
internal_count=5491971 872074 623779 238207 140132 248295 219410 28885 172611 27650 144961 129032 98075 95121 4619897 11100 46799 5164 41635 115549 13741 12428 385572 2954 40331 384609 1038 4504348 203107 4333
is_linear=0
shrinkage=0.05


Tree=40
num_leaves=31
num_cat=0
split_feature=2 0 2 3 2 3 3 3 3 3 1 3 1 2 1 0 3 3 1 3 0 1 0 0 2 0 3 3 2 3
split_gain=16987 680.43 1113.71 1057.92 341.743 219.743 390.764 221.909 126.767 162.18 120.913 116.663 114.839 71.9921 64.5838 60.0973 50.661 62.9875 48.3042 46.791 40.3973 35.8801 34.9307 33.308 26.7875 23.4501 21.1909 18.4953 14.6227 12.9415
threshold=4.0771750096418584 0.82224121924711235 4.2375608875783284 7.2265362286251831 4.20477203786354 7.9844543739244713 7.9583251190734163 7.781075859749671 7.9941566304452838 8.4967555934485279 1.5000000000000002 4.6142785673051678 1.5000000000000002 4.0280459656469025 1.0000000180025095e-35 0.9300344629294619 4.3282302013682576 4.338466511397848 1.0000000180025095e-35 7.9583251190734163 0.36175671919056113 1.5000000000000002 0.99999915540540552 0.62679990131192864 4.1394526399019833 0.7570029747540562 4.204841850850066 4.6428993089071149 4.20477203786354 4.0769440439467477
decision_type=2 2 2 2 2 2 2 2 2 2 2 2 2 2 2 2 2 2 2 2 2 2 2 2 2 2 2 2 2 2
left_child=13 4 16 11 14 6 7 -6 12 -10 -8 15 -7 29 20 -4 21 -18 25 22 -2 26 -5 -16 -25 -15 -3 -22 -19 -1
right_child=1 2 3 19 5 8 10 -9 9 -11 -12 -13 -14 18 23 -17 17 28 -20 -21 27 -23 -24 24 -26 -27 -28 -29 -30 -31
leaf_value=0.050042129296533081 0.041564557526578005 -0.019140120198503818 -0.0035518660112584897 -0.031015724917800209 -0.010826186117311416 -0.031038392915992436 0.02791089826703565 -0.024927055637775655 -0.010605662759759174 -0.028187539182516558 -0.023672407932748794 0.048955704033732735 0.023250814158257763 0.029722319760412313 0.043228548623742521 0.034369302249377703 -0.076815699449079775 0.011853973238626301 0.045836301785163937 0.0056954094992050473 -0.0068293272939268408 0.051066969120013239 -0.0045971473167324651 0.035700740552402792 -0.0049042730312175882 -0.00045178018801145269 -0.0064289548019122178 0.0095517740575016066 -0.029098781670307862 0.042925872852071702
leaf_weight=13811.686783505837 73.87886225618422 1900.5554623864591 163.53993959492072 594.98401853814721 42262.626829314977 2510.5963836610317 814.00142154470086 2987.344478443265 4417.6873959228396 1865.4785336703062 132.03083998709917 1872.3402266807389 101.34209609031677 136.12064685486257 234.00013251136988 289.30718055646867 79.981515501625836 26.492096743546426 264.88954004575498 143.4596471786499 295.8483099876903 19.555891186930239 158.4390329644084 75.352562168147415 88.113553338684142 122.18965178029612 396.24337053671479 412.65650184405968 122.99933178350329 669.86823678691871
leaf_count=4301241 4127 10304 1340 3224 332548 11318 3412 12666 18740 9034 1189 404138 763 25702 17652 3750 338 130 75218 1675 8102 2168 897 8757 1239 14629 2214 11837 512 203107
internal_value=0.00131515 -0.0102312 0.00612431 0.025654 -0.0119076 -0.0124779 -0.0110922 -0.0117571 -0.0196742 -0.0158257 0.0207118 0.0434477 -0.028932 0.0490547 0.0147183 0.0206746 -0.018593 -0.0410024 0.0308337 -0.0204767 0.00638037 -0.016373 -0.0254601 0.0311309 0.0138133 0.0154489 -0.0169472 0.00271156 -0.0218413 0.049713
internal_weight=77043.6 62038.9 5767.9 3222.07 56271 55091.1 46196 45250 8895.1 6283.17 946.032 2325.19 2611.94 15004.8 1179.85 452.847 2545.83 229.473 523.2 896.883 782.384 2316.35 753.423 397.466 163.466 258.31 2296.8 708.505 149.491 14481.6
internal_count=5491971 872074 430690 415024 441384 389670 349815 345214 39855 27774 4601 409228 12081 4619897 51714 5090 15666 980 115549 5796 24066 14686 4121 27648 9996 40331 12518 19939 642 4504348
is_linear=0
shrinkage=0.05


Tree=41
num_leaves=31
num_cat=0
split_feature=2 1 0 2 3 1 2 2 0 2 0 2 3 0 2 3 0 3 2 0 3 3 0 1 2 3 2 3 2 2
split_gain=16018.9 628.018 1259.54 195.02 335.875 168.231 161.739 156.521 112.29 175.737 106.175 63.2745 140.618 67.4526 57.1643 87.2348 48.7284 48.1741 45.7078 43.5619 38.1386 49.2613 30.0472 28.2899 143.948 42.36 33.1646 23.181 21.7956 194.513
threshold=4.0615743271509634 1.0000000180025095e-35 0.91949500389684391 6.1678079014343981 7.3225632713640296 1.5000000000000002 4.3694752276468831 6.951795789371034 0.23861068514325282 4.4527119691926762 0.47314934341579079 4.3694752276468831 5.4425259239190353 0.69687071811330226 7.5520523718568109 8.4967555934485279 0.67109024589866439 4.0769440439467477 4.49855624743092 0.68382271030261743 4.9268187134029358 5.5005232433105204 0.44346840764792678 1.0000000180025095e-35 4.0081716243628929 4.0776221824873993 3.9838957784948001 6.5337081385214217 4.0194088856236343 4.0181814929440138
decision_type=2 2 2 2 2 2 2 2 2 2 2 2 2 2 2 2 2 2 2 2 2 2 2 2 2 2 2 2 2 2
left_child=17 2 3 11 22 7 -7 8 9 -3 -10 12 -2 -13 19 -16 -6 -1 -4 -9 -8 -22 -5 25 -25 28 -27 -20 29 -19
right_child=1 5 18 4 16 6 20 14 10 -11 -12 13 -14 -15 15 -17 -18 23 27 -21 21 -23 -24 24 -26 26 -28 -29 -30 -31
leaf_value=0.050028505646867463 -0.0037243269889546803 0.051104746008677621 0.0040668167731533989 -0.0052537371072068463 -0.0076500917946023886 0.049803656226622528 0.038223574347710801 -0.018863951003998909 -0.0075580320520012741 -0.018365078827844442 -0.01366449907885268 -0.0099925565159901964 0.038226386160404677 0.0088388010679084951 -0.0047055029983229957 -0.026429522203729291 -0.1275547567344569 -0.11209134243274298 0.049699702860891294 -0.028381220954712207 -0.028059719438258659 -0.00069203481544054301 0.045360303781505865 -2.3523105906949344 0.048662539135770309 0.049192853358849147 0.024009916490515121 -0.0061670546130038646 -0.010974606722974458 -2.7398457594167986
leaf_weight=13173.896140744677 2415.6654583993368 92.311984464526176 59.810558365657926 31.051180882379413 716.35314042214304 162.59282335825264 56.01767366938293 6126.3832781463861 16385.004370914772 6582.8163622766733 12586.551334316842 9079.176887717098 217.76537810219452 501.80983222555369 1477.4785373955965 672.43307244777679 8.5746770091354829 4.0056214702781272 1200.4249494625255 1495.9000139832497 184.86647686734796 1487.0571794155985 526.73315271618776 0.06243580486625333 433.62559884064831 206.62104045157321 355.98412126000039 18.85971046378836 6.5350611694157124 0.07168391253799189
leaf_count=4310837 41193 468 1376 1079 18072 19891 1313 26625 72954 27500 82074 56646 4731 9169 6519 3375 289 1117 383571 7563 1282 11146 114342 20 135305 64693 86259 1038 1504 20
internal_value=0.00127543 -0.00967609 -0.000677961 -0.00517187 0.0133746 -0.0124865 0.00212771 -0.0130948 -0.011558 -0.0174044 -0.010211 -0.00711955 -0.000255311 -0.00900625 -0.0187008 -0.0115002 -0.00906836 0.0492228 0.0467422 -0.0207317 -0.00235841 -0.00371811 0.0425427 0.0386816 0.0483169 0.0313918 0.0332585 0.0488356 -0.0675738 -0.15829
internal_weight=76266.4 62085.6 14776.2 13497.1 1282.71 47309.4 1890.53 45418.9 35646.7 6675.13 28971.6 12214.4 2633.43 9580.99 9772.19 2149.91 724.928 14180.8 1279.1 7622.28 1727.94 1671.92 557.784 1006.91 433.688 573.218 562.605 1219.28 10.6124 4.07731
internal_count=5491971 892216 631506 245521 133782 260710 33632 227078 182996 27968 155028 111739 45924 65815 44082 9894 18361 4599755 385985 34188 13741 12428 115421 288918 135325 153593 150952 384609 2641 1137
is_linear=0
shrinkage=0.05


Tree=42
num_leaves=31
num_cat=0
split_feature=2 0 2 3 2 3 3 3 3 3 3 1 1 1 0 3 3 3 3 1 0 0 0 3 1 2 3 0 3 2
split_gain=15113.5 568.719 992.386 951.752 344.082 194.396 354.667 221.386 120.229 147.174 114.985 112.296 102.511 71.5571 56.3298 49.9103 45.8445 56.2813 39.9039 38.5685 38.4984 32.5733 30.7391 31.3472 28.7367 40.7869 39.8725 181.773 23.2964 18.1632
threshold=4.0615743271509634 0.82224121924711235 4.2375608875783284 7.2265362286251831 4.20477203786354 7.9844543739244713 7.9583251190734163 5.067456612105917 7.9941566304452838 8.4967555934485279 4.6142785673051678 1.5000000000000002 1.5000000000000002 1.0000000180025095e-35 0.92688532175828919 4.0769440439467477 4.3282302013682576 4.338466511397848 7.9583251190734163 1.5000000000000002 0.36175671919056113 0.99999915540540552 0.69687071811330226 4.5256398455657729 1.0000000180025095e-35 3.9838957784948001 4.0776221824873993 0.93460957118881971 4.1070139619374189 4.0045014548270919
decision_type=2 2 2 2 2 2 2 2 2 2 2 2 2 2 2 2 2 2 2 2 2 2 2 2 2 2 2 2 2 2
left_child=15 4 16 10 13 6 7 -6 12 -10 14 -8 -7 20 -4 -1 19 -18 21 28 -2 -5 -15 -24 25 -17 27 -27 -3 -26
right_child=1 2 3 18 5 8 11 -9 9 -11 -12 -13 -14 22 -16 24 17 -19 -20 -21 -22 -23 23 -25 29 26 -28 -29 -30 -31
leaf_value=0.050014616597680452 0.04138020797827504 0.050247699146347052 -0.0032948830133006108 -0.028741539357240109 -0.020802617421863668 -0.029211361848185059 0.027293416985859298 -0.0094396420267628817 -0.0094068933574913555 -0.02628246937474378 0.048763846168438041 -0.022052136616358849 0.02244625690812331 0.039533011886594471 0.033629222136793945 0.048903193882729797 -0.072017869810721197 -0.020128587289042897 0.00554665070532432 0.050809826817297489 0.0033445395609282245 -0.0030636874511574103 0.012513842707965071 -0.1585171746380386 -0.40902512591238627 -1.1708182583123115 0.023372141640242566 -0.036812997676485618 -0.015862707815953617 0.048462676433183798
leaf_weight=12534.790516431676 72.948180347681046 13.403049255721269 161.23337612953037 582.86960804462433 4792.6700407769531 2473.1291447281837 811.99566088989377 40589.256547541358 4403.3710795715451 1828.4509463757277 1730.9303880322259 134.3733883574605 99.917884916067123 321.37488909554668 287.41454973677173 199.89421657356434 80.301304823718965 149.63546088244766 143.07002453878522 22.150920076062903 755.82951336819679 156.71068240702152 97.405707868514583 2.7548763435333958 0.21707038022577663 0.36854426749050517 347.62868028925732 8.5867197336629015 2307.6077299942262 413.5575656699948
leaf_count=4310837 4494 3003 1304 3224 22965 11318 3412 322249 18740 9034 404138 1189 763 31902 3786 65474 338 642 1675 3446 26520 897 5526 29 7 92 86259 1768 11622 135318
internal_value=0.00123716 -0.00920033 0.00594481 0.0251784 -0.010714 -0.0113022 -0.0100079 -0.0106397 -0.0181126 -0.0143583 0.0429171 0.0202869 -0.0272054 0.0152231 0.0203596 0.0491689 -0.016945 -0.03825 -0.0186247 -0.0148543 0.0066924 -0.0233006 0.0319953 0.0078097 0.0382437 0.0308237 0.0206886 -0.0834818 -0.0154809 0.0482227
internal_weight=75523.8 62018.8 5635.33 3062.23 56383.5 55133.2 46328.3 45381.9 8804.87 6231.82 2179.58 946.369 2573.05 1250.31 448.648 13505 2573.1 229.937 882.65 2343.16 828.778 739.58 421.535 100.161 970.253 556.478 356.584 8.95526 2321.01 413.775
internal_count=5491971 892216 434075 415024 458141 389670 349815 345214 39855 27774 409228 4601 12081 68471 5090 4599755 19051 980 5796 18071 31014 4121 37457 5555 288918 153593 88119 1860 14625 135325
is_linear=0
shrinkage=0.05


Tree=43
num_leaves=31
num_cat=0
split_feature=2 1 0 2 3 1 2 2 0 2 0 3 2 2 3 3 0 0 3 3 2 0 1 2 3 2 3 2 0 2
split_gain=14262.2 540.034 1112.01 183.553 317.99 147.408 148.843 138.876 101.86 160.304 95.7889 59.0638 100.777 53.2834 80.3279 51.7517 45.4729 44.8144 34.8658 36.7234 32.9436 29.3824 29.1792 40.6966 32.6422 41.5679 24.979 17.4237 16.2162 13.5943
threshold=4.0615743271509634 1.0000000180025095e-35 0.93305263214747136 6.1678079014343981 7.3225632713640296 1.5000000000000002 4.3694752276468831 6.951795789371034 0.23861068514325282 4.49855624743092 0.47314934341579079 6.9830158004538498 5.2015075959997707 7.740204100276876 8.4967555934485279 4.0769440439467477 0.62321938227643348 0.64585011427259731 4.8764560660892373 5.5005232433105204 4.2375608875783284 0.51273530049150207 1.0000000180025095e-35 3.9838957784948001 4.0776221824873993 4.0115160874231268 7.2265362286251831 5.1322104889489637 0.7570029747540562 4.0078733565554225
decision_type=2 2 2 2 2 2 2 2 2 2 2 2 2 2 2 2 2 2 2 2 2 2 2 2 2 2 2 2 2 2
left_child=15 2 3 11 21 7 -7 8 9 -3 -10 12 -2 17 -15 -1 -6 -9 -8 -20 -4 -5 23 -17 25 -25 -22 -13 -26 -24
right_child=1 5 20 4 16 6 18 13 10 -11 -12 27 -14 14 -16 22 -18 -19 19 -21 26 -23 29 24 28 -27 -28 -29 -30 -31
leaf_value=0.050000769611610353 -0.0071279580523230766 0.039245928452153245 0.0042097305642773298 0.0094173831590226055 -0.013022299697250175 0.049692398234054691 0.043119073428167676 -0.016504681985384531 -0.0066866153551926287 -0.017149553552628104 -0.012486219594459355 -0.061197388817574007 0.0074015253060380542 0.0047756986898087527 -0.023558055522435256 0.048833553872195685 0.023253842867080318 -0.024942209331450495 -0.023089260954201274 -0.00025575092699401872 0.04955316137044774 0.046408572554027215 -0.18191979657129792 -0.33145513405724131 0.036504349052166936 -0.029347544397564936 -0.023415774354158703 -0.019793229088246232 0.014067952654679776 0.048496139328133653
leaf_weight=11926.681155699538 10389.531831927365 128.48708294332027 43.123740752227604 60.288184306584299 626.99358897935599 152.49374203011394 42.09643891081214 6566.7809169143438 16407.596798284911 6529.5808244049549 12577.180590499192 26.606800436973572 1348.328371333424 625.31830830872059 416.93853566050529 190.40967761562206 100.19183631846681 2069.7255576550961 199.61530132964253 1494.2297177212313 1083.4628131005447 489.91645863908343 0.64117740467190643 1.3086998630315054 131.24307786277495 8.7606066865846497 11.856774985790251 564.52421186491847 208.43853799579665 393.78404990793206
leaf_count=4310837 94317 632 1025 4098 4278 19891 1178 28815 72954 27336 82074 122 15261 3027 2137 65474 14083 10103 1417 11146 379937 114833 18 126 32906 1734 114 3438 53353 135307
internal_value=0.00119905 -0.00874744 -0.00039448 -0.00436629 0.0136756 -0.0113563 0.00233093 -0.0119266 -0.0104843 -0.0160612 -0.0092032 -0.00623559 -0.00545896 -0.017238 -0.00655878 0.0491129 -0.00802416 -0.0185267 -0.00182953 -0.00294662 0.0470756 0.0423553 0.0377826 0.0302331 0.0201068 -0.0686122 0.0487633 -0.0216568 0.0227367 0.0481216
internal_weight=74816.1 61954.9 14744.8 13606.4 1277.39 47210 1888.44 45321.6 35642.8 6658.07 28984.8 12329 11737.9 9678.76 1042.26 12861.3 727.185 8636.51 1735.94 1693.85 1138.44 550.205 934.586 540.161 349.751 10.0693 1095.32 591.131 339.682 394.425
internal_count=5491971 892216 631506 250430 137292 260710 33632 227078 182996 27968 155028 113138 109578 44082 5164 4599755 18361 38918 13741 12563 381076 118931 288918 153593 88119 1860 380051 3560 86259 135325
is_linear=0
shrinkage=0.05


Tree=44
num_leaves=31
num_cat=0
split_feature=2 1 0 2 0 3 0 2 0 2 2 3 2 2 1 2 0 2 0 3 3 3 1 2 3 0 3 0 0 2
split_gain=13462.5 487.673 1049.43 169.836 316.766 142.045 934.52 153.946 149.94 729.52 427.387 100.817 83.2715 76.7218 70.9981 67.8608 190.197 97.5148 57.0923 53.648 50.2684 33.0728 29.6223 40.6128 28.4479 29.0416 24.358 15.7713 11.8229 11.3835
threshold=4.0615743271509634 1.0000000180025095e-35 0.93305263214747136 5.8065205138007423 0.52179196583813592 5.8260591009502205 0.32171717521238496 4.3694752276468831 0.69035327433527816 4.2987140455362249 4.2375608875783284 8.6759645812166841 4.4527119691926762 6.951795789371034 1.5000000000000002 4.6960841391917354 0.33161813793822242 5.0886041562929067 0.29087206909299079 4.0769440439467477 7.2960267532015175 4.338466511397848 1.0000000180025095e-35 3.9838957784948001 4.0776221824873993 0.94191383711497811 7.2265362286251831 0.7570029747540562 0.20746273059816209 4.0078733565554225
decision_type=2 2 2 2 2 2 2 2 2 2 2 2 2 2 2 2 2 2 2 2 2 2 2 2 2 2 2 2 2 2
left_child=19 2 3 15 20 6 7 -3 10 -10 -8 12 28 -6 -14 16 -2 -17 -9 -1 -5 -4 23 -21 25 -25 -23 -26 -7 -24
right_child=1 5 21 4 13 11 8 18 9 -11 -12 -13 14 -15 -16 17 -18 -19 -20 22 -22 26 29 24 27 -27 -28 -29 -30 -31
leaf_value=0.049986932756811681 0.015144039645138814 0.062355079997481647 0.0058217058780440541 0.013838485733370667 0.041976893149091386 0.064049712357911445 0.033584241680051884 0.037378630483280641 -0.015541758286413727 0.028688036979412836 -0.016160981320486049 -0.028862311514390362 -0.012812919050441627 -0.023113339983344038 -0.0011496468556123193 -0.015833317951038154 -0.0068319766517247306 -0.0020015047850561354 0.0054447298468251193 0.048761249559460762 -0.013287803253584758 0.049603489926171335 -0.14563836627686044 -0.1886786991108298 0.035991040128799189 -0.0080229263729151255 -0.021841753065225851 0.013556662829106775 0.024225432561101306 0.048407648868012694
leaf_weight=11348.072217567358 1203.4781579836272 434.27952555054799 46.835600451100618 219.91825418267399 625.18200473044999 28.722863014787436 453.88096366263926 305.46093833632767 3194.4097614402417 1316.5000800797716 8865.7821659846231 931.7954970896244 29968.180302292109 48.805929516907781 1364.2033567540348 3249.513337777229 5412.8036727248691 2096.2551663573831 258.3313858397305 181.38519018399529 764.45925432117656 1027.5367991265375 0.75732599198818107 3.1298070931807143 126.5781334831845 7.6920229480601847 12.06996578723192 205.55967507907189 53.071990952827036 375.24669110192917
leaf_count=4310837 14957 4265 1137 7037 131259 247 31133 1729 26695 13695 37597 4914 129169 1388 9705 20276 53589 17861 1234 65474 4063 379825 18 344 32906 1516 114 53353 327 135307
internal_value=0.0011614 -0.00831832 -0.000368668 -0.00414087 0.0108544 -0.0107967 -0.00674449 0.0399809 -0.0101164 -0.00263338 -0.0137383 -0.0126543 -0.0121736 0.0372635 -0.0123051 -0.00621974 -0.00283462 -0.0104094 0.0227464 0.0490549 -0.00722756 0.0469224 0.0373069 0.0296269 0.0195071 -0.0602708 0.048774 0.0221064 0.03821 0.0480168
internal_weight=74129.9 61881.5 14706.9 13620.4 1658.37 47174.6 14828.6 998.072 13830.6 4510.91 9319.66 32346 31414.2 673.988 31332.4 11962.1 6616.28 5345.77 563.792 12248.4 984.378 1086.44 900.349 524.345 342.96 10.8218 1039.61 332.138 81.7949 376.004
internal_count=5491971 892216 631506 250430 143747 260710 116348 7228 109120 40390 68730 144362 139448 132647 138874 106683 68546 38137 2963 4599755 11100 381076 288918 153593 88119 1860 379939 86259 574 135325
is_linear=0
shrinkage=0.05


Tree=45
num_leaves=31
num_cat=0
split_feature=2 0 2 3 2 3 2 3 2 0 2 3 2 1 3 3 3 3 0 1 3 0 1 2 0 3 3 3 0 0
split_gain=12711.2 442.22 823.936 826.474 290.585 171.819 690.444 229.84 176.019 166.991 132.947 112.642 85.8812 62.5316 56.2027 55.5824 41.2449 50.7579 35.3427 33.2287 32.994 30.6907 30.038 40.4818 27.5284 25.2214 25.0615 21.1757 20.1713 18.1005
threshold=4.0615743271509634 0.82224121924711235 4.2375608875783284 7.2265362286251831 4.20477203786354 5.067456612105917 4.3329479324565865 5.0481237364455485 4.6960841391917354 0.40328621957453575 4.5731551881208814 4.6142785673051678 4.2987140455362249 1.0000000180025095e-35 4.4682616670769155 4.0769440439467477 4.3282302013682576 4.338466511397848 0.35212193414828868 1.5000000000000002 7.9583251190734163 0.99999915540540552 1.0000000180025095e-35 3.9838957784948001 0.69687071811330226 4.5256398455657729 4.0776221824873993 4.1070139619374189 0.94191383711497811 0.61056791463898286
decision_type=2 2 2 2 2 2 2 2 2 2 2 2 2 2 2 2 2 2 2 2 2 2 2 2 2 2 2 2 2 2
left_child=15 4 16 11 13 7 9 10 -8 -7 -6 14 -9 18 -4 -1 19 -18 -2 27 21 -5 23 -17 -15 -26 28 -3 -25 -20
right_child=1 2 3 20 5 6 8 12 -10 -11 -12 -13 -14 24 -16 22 17 -19 29 -21 -22 -23 -24 26 25 -27 -28 -29 -30 -31
leaf_value=0.049973064080974468 0.0435573822349343 0.050238378893500302 0.029445783842646425 -0.02617222831249812 -0.016796621217003132 0.039655788416762677 -0.0033511995658160004 -0.081243500896378662 -0.011204317143847663 -0.0024431063211552456 0.018411050246255705 0.048440976730768019 -0.036812461212134551 0.038599427251245183 -0.013209857236937459 0.048686118759170449 -0.06705026887313395 -0.01778816753324608 0.010573159972005438 0.050745861977350641 0.0054900313584007035 -0.0010594676659315785 0.047907978306476785 -0.14879815891855017 0.012859021269433802 -0.1317847283874104 0.021480048885373967 -0.013706978613941566 -0.0075604360847401188 -0.0049468068005219558
leaf_weight=10797.541141483933 61.142644182778895 13.019645094871519 339.68198253680021 569.02098699659109 3832.9042053166777 885.94939679652452 8664.1437038863078 135.53390366397798 40438.766341555631 320.86607285961509 288.29729640111327 1541.3542324106675 550.53472975455225 299.96400199458003 99.943552486598492 172.79856539773755 80.293455532751977 149.92890285793692 448.03799339104444 20.398860004730523 142.86854938790202 154.75007643550634 358.47229730826803 3.7510929135605675 97.683861983008683 3.1097142733633509 324.96246108878404 2310.9090998317115 7.7528246305882931 323.52247263444588
leaf_count=4310837 4009 3003 3174 3224 18210 10015 43887 727 310920 1883 1634 404138 2394 31902 1916 65474 338 642 16590 3446 1675 897 135325 344 5526 29 86259 11622 1516 10415
internal_value=0.00112576 -0.0079139 0.00572419 0.0242569 -0.00922619 -0.00976332 -0.00890037 -0.0187944 -0.00981864 0.0284626 -0.0143337 0.0420735 -0.0455899 0.0147753 0.0197485 0.0489946 -0.0147742 -0.0349691 0.00696525 -0.012791 -0.0164684 -0.0208028 0.0368199 0.029015 0.0310031 0.00839643 0.0189126 -0.0133487 -0.0536139 0.00406549
internal_weight=73437.9 61772.6 5422.17 2847.62 56350.5 55117 50309.7 4807.27 49102.9 1206.82 4121.2 1980.98 686.069 1233.46 439.626 11665.3 2574.55 230.222 832.703 2344.33 866.64 723.771 867.737 509.265 400.758 100.794 336.466 2323.93 11.5039 771.56
internal_count=5491971 892216 434075 415024 458141 389670 366705 22965 354807 11898 19844 409228 3121 68471 5090 4599755 19051 980 31014 18071 5796 4121 288918 153593 37457 5555 88119 14625 1860 27005
is_linear=0
shrinkage=0.05


Tree=46
num_leaves=31
num_cat=0
split_feature=2 1 0 2 3 3 3 3 3 0 2 1 2 0 3 0 1 3 3 0 1 0 3 1 2 0 0 3 3 2
split_gain=12003.5 413.596 931.632 156.63 293.987 127.1 335.108 159.54 138.164 126.411 111.104 105.172 114.079 99.6036 93.3129 80.4342 89.5741 57.5664 56.0749 89.4221 48.0455 39.6036 32.6056 30.4208 40.308 29.1051 28.9293 23.871 22.242 17.0623
threshold=4.0615743271509634 1.0000000180025095e-35 0.93305263214747136 5.8065205138007423 7.3225632713640296 7.9844543739244713 7.9583251190734163 7.781075859749671 7.9941566304452838 0.66471697878931379 4.1236035457433209 1.5000000000000002 6.8125336360428692 0.42328453732171639 8.4967555934485279 0.16732986996238744 1.5000000000000002 4.0769440439467477 6.7939703625515913 0.29087206909299079 1.5000000000000002 0.62321938227643348 4.338466511397848 1.0000000180025095e-35 3.9838957784948001 0.22420405234085827 0.9300344629294619 6.5337081385214217 4.0776221824873993 3.9838957784948001
decision_type=2 2 2 2 2 2 2 2 2 2 2 2 2 2 2 2 2 2 2 2 2 2 2 2 2 2 2 2 2 2
left_child=17 2 3 18 13 6 7 10 15 14 -3 12 -8 -5 -10 -7 -17 -1 19 -2 -9 -6 -4 24 -19 -20 -13 -24 -26 -25
right_child=1 5 22 4 21 8 11 20 9 -11 -12 26 -14 -15 -16 16 -18 23 25 -21 -22 -23 27 29 28 -27 -28 -29 -30 -31
leaf_value=0.049959134801622965 0.006671886573007455 0.029610766575410015 0.0058827859862304686 -0.0022866352127683329 -0.012081901142187608 0.0034622115508349629 0.0052537029557217412 -0.022077156366125297 -0.0087464441732211292 0.021718988777262808 -0.0086190398810107264 -0.019705995903566011 0.044586901602231797 0.043262719258065081 -0.02280281186534145 -0.030476216020541208 0.019443531776370548 0.048608005546176745 -0.028640591502804957 -0.0065413224819954614 0.0070444218942011388 0.021964772351038647 0.049692735157985252 -0.81063583767404579 -0.048120012276716036 0.0011976182733362917 0.028480241746990088 -0.010776026477172618 0.020856257051402691 0.047937950415149401
leaf_weight=10273.730633051833 1466.8949715243652 191.0976460010279 46.821014485321939 150.30385544896126 797.6202696422115 218.47420355677605 307.11549788713455 2765.9821942150593 3986.9507950693369 276.41386213898659 34604.398456251482 172.68380228802562 461.13880521059036 595.65880402736366 1677.4439513683319 2106.4140403717756 93.866830319166183 164.62865242105909 380.26760566234589 10075.241780373268 149.27610029280186 95.656784809194505 928.00918234232813 0.057875558733939125 12.133064428810028 104.09946534782648 38.002920266240835 16.613232295494527 318.12439194880426 341.73448616126552
leaf_count=4310837 14708 33266 1137 2317 5030 1043 1251 11391 16866 1509 170715 1740 1955 122317 8608 9874 809 65474 1959 89021 1058 14083 378994 1 1860 995 625 945 86259 135324
internal_value=0.00109016 -0.0075239 -0.000189852 -0.0035852 0.0109139 -0.00980867 -0.00860069 -0.00935043 -0.0153994 -0.0112979 -0.00840908 0.0202808 0.0288632 0.034085 -0.0129091 -0.0254734 -0.0283466 0.0489321 -0.00556146 -0.00486205 -0.020586 -0.00843601 0.0466106 0.0363203 0.0283971 -0.0222278 -0.0110143 0.0486293 0.0183222 0.0477926
internal_weight=72816.9 61706.4 14657.2 13665.7 1639.24 47049.3 38689.7 37710.8 8359.56 5940.81 34795.5 978.941 768.254 745.963 5664.39 2418.76 2200.28 11110.4 12026.5 11542.1 2915.26 893.277 991.443 836.678 494.886 484.367 210.687 944.622 330.257 341.792
internal_count=5491971 892216 631506 250430 143747 260710 222001 216430 38709 26983 203981 5571 3206 124634 25474 11726 10683 4599755 106683 103729 12449 19113 381076 288918 153593 2954 2365 379939 88119 135325
is_linear=0
shrinkage=0.05


Tree=47
num_leaves=31
num_cat=0
split_feature=2 1 0 2 0 3 3 3 3 3 2 1 2 0 0 1 2 3 2 3 0 0 1 1 2 3 0 3 0 2
split_gain=11338.4 373.604 879.871 143.958 277.813 117.44 302.663 145.06 127.388 114.899 101.867 95.5237 104.206 90.9586 74.0684 81.7471 73.3904 59.587 54.2727 115.745 44.9231 44.8159 43.4369 30.7833 40.0921 29.9894 26.12 22.4813 21.4145 106.41
threshold=4.0615743271509634 1.0000000180025095e-35 0.93720768512516006 5.8065205138007423 0.52179196583813592 7.9844543739244713 7.9583251190734163 7.781075859749671 7.9941566304452838 8.4967555934485279 4.1236035457433209 1.5000000000000002 6.9131038209668318 0.66471697878931379 0.16732986996238744 1.5000000000000002 6.951795789371034 4.0769440439467477 4.3694752276468831 5.4425259239190353 0.14283967029535363 0.37200840929843199 1.5000000000000002 1.0000000180025095e-35 3.9838957784948001 4.338466511397848 0.9300344629294619 6.5337081385214217 0.7570029747540562 4.0115160874231268
decision_type=2 2 2 2 2 2 2 2 2 2 2 2 2 2 2 2 2 2 2 2 2 2 2 2 2 2 2 2 2 2
left_child=17 2 3 18 21 6 7 10 14 13 -3 12 -8 -10 -7 -16 -6 -1 19 -2 -20 -5 -9 24 -19 -4 -13 -27 -26 -30
right_child=1 5 25 4 16 8 11 22 9 -11 -12 26 -14 -15 15 -17 -18 23 20 -21 -22 -23 -24 -25 28 27 -28 -29 29 -31
leaf_value=0.049945118852987622 -0.0019774431241891348 0.028915386162536388 0.0058954097417880302 -0.013398420792119043 0.041369860544307788 0.0032848114502206666 0.007633430958551137 -0.021027494369071455 -0.0083206212916258314 -0.021915284899585896 -0.0081824663221814111 -0.018442643646399269 0.044640531414010254 0.021721797129530498 -0.029280216616644528 0.018728710307320196 -0.021807078112593293 0.048526743950217638 -0.033408188290757167 0.03713429970525723 -0.0066018843672547584 0.0094297247274780869 0.006723196476846563 0.047674452126718392 0.034826244514118074 0.049719159172374836 0.027754247131354527 -0.010034275821689941 -0.14520656878528007 0.016453042842627573
leaf_weight=9775.3496459636372 2474.6294284840114 186.03872419241816 42.989563782233745 665.81395114958286 584.88485428178683 218.75240783393383 353.77165354788303 2759.0328437238932 3981.5808610022068 1664.8414366692305 34627.558841419872 175.21965841576457 411.46730445325375 268.96975989639759 2083.4270511716604 92.609652057290077 49.889720356091857 156.85534391715191 158.98532131314278 204.81606152560562 9224.4152871714905 317.52810314204544 148.60551282018423 325.93164641060866 117.11622416088358 878.39700000057928 37.071134004741907 16.028368511237204 10.735474267741663 196.48194734193385
leaf_count=4310837 41425 33266 1085 3702 132615 1043 1446 11391 16866 8627 170715 1740 1760 1490 9874 809 1427 65474 708 4731 60397 7398 1058 135325 32906 377114 625 904 3043 52170
internal_value=0.00105459 -0.00715563 -0.000174431 -0.00338541 0.0106185 -0.00932657 -0.00816848 -0.0088803 -0.0147196 -0.0107807 -0.00798422 0.0192996 0.0275321 -0.00641957 -0.024449 -0.027237 0.0364045 0.048867 -0.0052639 0.00101225 -0.00705607 -0.00602705 -0.0196092 0.0358099 0.0277734 0.0466877 -0.0103755 0.0486484 0.0177366 0.00807782
internal_weight=72209.8 61627.3 14618.4 13681 1618.12 47008.9 38698.8 37721.2 8310.18 5915.39 34813.6 977.53 765.239 4250.55 2394.79 2176.04 634.775 10582.5 12062.8 2679.45 9383.4 983.342 2907.64 807.121 481.189 937.415 212.291 894.425 324.334 207.217
internal_count=5491971 892216 631506 252403 145142 260710 222001 216430 38709 26983 203981 5571 3206 18356 11726 10683 134042 4599755 107261 46156 61105 11100 12449 288918 153593 379103 2365 378018 88119 55213
is_linear=0
shrinkage=0.05


Tree=48
num_leaves=31
num_cat=0
split_feature=2 0 2 3 2 3 2 3 0 2 2 3 0 3 1 3 3 3 0 1 2 1 0 2 3 0 0 2 3 3
split_gain=10712.4 338.239 702.108 747.991 247.556 157.235 612.728 205.394 164.025 151.398 119.98 109.22 75.825 61.6384 56.8093 53.1861 36.8538 46.1346 32.9634 31.0872 39.796 29.4726 27.1028 28.1414 25.3674 28.5497 20.5243 84.8595 20.4229 16.4877
threshold=4.0615743271509634 0.82224121924711235 4.2375608875783284 7.2265362286251831 4.20477203786354 5.067456612105917 4.3329479324565865 5.0481237364455485 0.30166964322371831 4.6960841391917354 4.5731551881208814 4.6142785673051678 0.48377961100321759 4.0769440439467477 1.0000000180025095e-35 4.4192622038457596 4.3282302013682576 4.338466511397848 0.36175671919056113 1.0000000180025095e-35 3.9838957784948001 1.5000000000000002 0.62679990131192864 4.1394526399019833 7.9583251190734163 0.99999915540540552 0.7570029747540562 4.0115160874231268 4.204841850850066 5.0481237364455485
decision_type=2 2 2 2 2 2 2 2 2 2 2 2 2 2 2 2 2 2 2 2 2 2 2 2 2 2 2 2 2 2
left_child=13 4 16 11 14 7 8 10 -7 -8 -6 15 -9 -1 18 -4 21 -18 -2 20 -15 28 -16 -24 25 -5 -22 -28 -3 -20
right_child=1 2 3 24 5 6 9 12 -10 -11 -12 -13 -14 19 22 -17 17 -19 29 -21 26 -23 23 -25 -26 -27 27 -29 -30 -31
leaf_value=0.049930962475482982 0.04052434356354305 -0.014131160755917497 0.033869714797421985 -0.024453714068609203 -0.015170040352061027 0.055134078646415619 -0.0024785887217971874 -0.066706064494989212 0.015214602964306776 -0.009751169044859568 0.018290085397987928 0.048168735308369043 -0.031046799359393019 0.048442164064622956 0.042181373789111853 -0.0016073868259795347 -0.063091017774484323 -0.016083135492475926 0.0058975143964177341 0.047549264971053294 0.034279114143842083 0.050730579733308571 0.036045057760425797 -0.0042990503868283753 0.0040790149756520129 -0.00014051195181290457 -0.11912710056092482 0.015893397185049726 -0.0018164971396363438 -0.025205713413351961
leaf_weight=9301.1703767087311 67.426880046725273 1913.7652611238882 261.78442732896656 560.05338997021317 3844.8051345888525 376.86007333453745 8698.0721658347175 217.89881817623973 811.25689105968922 40370.129301887471 287.98082760348916 1387.7975306543522 471.98666487261653 149.45945250289515 212.59636510396376 177.12053510034457 80.016852917149663 150.11113324575126 720.01662972010672 310.83174556400627 113.13787082326598 18.897694123676047 84.987631334224716 87.959830845706165 139.79638193920255 153.92649903148413 12.382400734117253 193.31275928765535 408.54891894571483 45.287761584855616
leaf_count=4310837 4494 12025 2424 3224 18210 5443 43887 1076 6455 310920 1634 404138 2045 65474 21093 2666 338 642 24990 135325 32906 3446 15125 1239 1675 897 3043 52170 2600 1530
internal_value=0.00101989 -0.00680526 0.0053303 0.023236 -0.00793736 -0.00843047 -0.00760291 -0.0170543 0.0278767 -0.008462 -0.0128385 0.0412932 -0.0423097 0.0487994 0.0143564 0.0195529 -0.0133354 -0.0324281 0.00700974 0.0352903 0.0271534 -0.0114587 0.0302244 0.0155263 -0.0153984 -0.019212 0.0171738 0.00776546 -0.0119647 0.00405695
internal_weight=71629.4 61549.1 5251.82 2680.48 56297.3 55079 50256.3 4822.67 1188.12 49068.2 4132.79 1826.7 689.885 10080.3 1218.28 438.905 2571.34 230.128 832.731 779.124 468.292 2341.21 385.544 172.947 853.776 713.98 318.833 205.695 2322.31 765.304
internal_count=5491971 892216 434075 415024 458141 389670 366705 22965 11898 354807 19844 409228 3121 4599755 68471 5090 19051 980 31014 288918 153593 18071 37457 16364 5796 4121 88119 55213 14625 26520
is_linear=0
shrinkage=0.05


Tree=49
num_leaves=31
num_cat=0
split_feature=2 1 0 2 3 2 3 0 1 2 2 3 3 0 0 0 0 3 0 1 2 3 3 3 3 3 2 0 0 3
split_gain=10124.7 316.155 784.508 132.637 260.855 117.534 102.463 92.7675 89.0271 88.0878 69.701 50.3205 45.436 75.4137 35.6552 34.9781 47.9838 28.1567 24.8653 23.2767 33.7257 22.2479 21.5787 16.3151 15.4077 12.4895 10.8996 10.0253 7.70335 7.35377
threshold=4.0532899411725376 1.0000000180025095e-35 0.93720768512516006 5.8065205138007423 7.3225632713640296 4.1236035457433209 8.6759645812166841 0.42328453732171639 1.5000000000000002 4.6163750795325784 6.951795789371034 4.0769440439467477 6.7939703625515913 0.29087206909299079 0.67109024589866439 0.86451820848946037 0.94625037110906363 4.338466511397848 0.22420405234085827 1.0000000180025095e-35 3.9838957784948001 6.5337081385214217 4.0776221824873993 4.1836519096534159 6.6192327316390651 4.204841850850066 4.0078733565554225 0.30166964322371831 0.94191383711497811 4.190336325010132
decision_type=2 2 2 2 2 2 2 2 2 2 2 2 2 2 2 2 2 2 2 2 2 2 2 2 2 2 2 2 2 2
left_child=11 2 3 12 7 15 8 -5 10 -10 -7 -1 13 -2 -6 -3 23 29 -14 20 -13 -19 28 -17 -23 -24 -21 -8 -22 -4
right_child=1 5 17 4 14 6 27 -9 9 -11 -12 19 18 -15 -16 16 -18 21 -20 26 22 24 25 -25 -26 -27 -28 -29 -30 -31
leaf_value=0.049916600715985908 0.0065527330705133701 0.042429659605568763 0.023655661218370861 -0.001354741570729081 -0.0063556332845450527 -0.0077474587639429493 -0.028372080786458177 0.042653011548139108 0.030378984093543466 -0.0018001803898940996 -0.01275039200614129 0.048354089827163466 -0.02547595836403227 -0.0055935936083161553 -0.10138808238830924 -0.08475653370356101 0.051207291790213876 0.049667564232529021 0.0019374207277477449 -0.13940021109599329 -0.092392699068261128 -0.31191557366284273 0.0099857424514484417 -0.010226688795534811 -0.0018511837491152257 0.031683606841483476 0.047755537603897051 -0.015859046121080324 -0.012447522283922196 -0.018045009436208497
leaf_weight=8848.3155059413984 1460.9980740942992 146.68608452007174 27.820653614122421 152.47635605372488 879.97428852273151 35324.60912617296 679.29151996970177 557.94299688562751 245.27752878819592 1599.723687985912 8670.8041557520628 142.4227504641749 385.75661247968674 10197.40762633644 9.9820120455697161 14.576272032456474 21.412550295004621 796.97983577265404 105.29932074993849 0.78013400733470817 5.2092408621683699 0.41119608283043163 125.6257131586317 14.7970296703279 15.634970531798897 140.48761292616837 276.15474272123538 209.41900612413883 7.1479119248688221 17.052210621535778
leaf_count=4310121 14758 33979 1141 2317 18824 161830 3741 123710 9836 11115 39749 65474 1959 94217 291 1023 6446 377114 995 18 344 8 39855 625 896 41597 127196 1173 1407 212
internal_value=0.00098665 -0.00644595 -2.23407e-05 -0.00291666 0.0106141 -0.00844555 -0.00860822 0.0332077 -0.00828222 0.00247777 -0.00873346 0.0488971 -0.00469898 -0.00407145 -0.00742155 0.0300476 -0.00571577 0.0463659 -0.0195976 0.0359705 0.0285632 0.048494 0.0184413 -0.0472115 -0.00979684 0.0214406 0.0472283 -0.0254235 -0.0461489 0.00780892
internal_weight=71080.5 61534.3 14607.7 13749.8 1600.38 46926.6 46729.1 710.419 45840.4 1845 43995.4 9546.14 12149.5 11658.4 889.956 197.472 50.7859 857.899 491.056 697.828 420.893 813.026 278.47 29.3733 16.0462 266.113 276.935 888.711 12.3572 44.8729
internal_count=5491971 905959 636442 257071 145142 269517 227444 126027 222530 20951 201579 4586012 111929 108975 19115 42073 8094 379371 2954 275891 148677 378018 83203 1648 904 81452 127214 4914 1751 1353
is_linear=0
shrinkage=0.05


Tree=50
num_leaves=31
num_cat=0
split_feature=2 0 3 3 2 3 3 0 0 3 3 0 2 1 3 3 3 0 3 1 3 0 2 2 1 2 3 1 3 2
split_gain=9570.72 288.787 647.933 303.34 174.821 128.903 239.95 195.088 178.175 160.514 128.918 83.3106 61.7391 59.3824 52.0527 42.3517 40.9412 30.9507 69.3309 28.5276 27.7682 25.8136 23.8808 44.7862 23.5317 33.5371 19.3385 14.3467 12.0216 9.49724
threshold=4.0532899411725376 0.94625037110906363 4.2571009610137267 6.5337081385214217 4.20477203786354 7.3225632713640296 7.2579402070459418 0.55652029964453664 0.4533208610456857 7.3233027137203726 7.5753487237152513 0.69687071811330226 6.8607775849798927 1.0000000180025095e-35 4.0769440439467477 7.9844543739244713 4.1784559019061511 0.99955042434302832 4.204841850850066 1.5000000000000002 4.204841850850066 0.35212193414828868 4.5731551881208814 4.3329479324565865 1.0000000180025095e-35 3.9838957784948001 4.0776221824873993 1.5000000000000002 4.204841850850066 4.0078733565554225
decision_type=2 2 2 2 2 2 2 2 2 2 2 2 2 2 2 2 2 2 2 2 2 2 2 2 2 2 2 2 2 2
left_child=14 4 16 22 11 6 8 -8 -6 12 -11 13 -7 21 -1 27 -3 18 -18 20 -13 -2 23 -4 25 -16 -27 -5 -28 -26
right_child=1 2 3 15 5 9 7 -9 -10 10 -12 19 -14 -15 24 -17 17 -19 -20 -21 -22 -23 -24 -25 29 26 28 -29 -30 -31
leaf_value=0.049902078796895184 0.04292066010480685 0.035724905034970895 0.055633376823157346 -0.010543909358057607 -0.0033880148945431956 -0.028582168684783384 -0.0044481133927081404 0.029101910972112635 -0.010665715499606503 0.00096060140683835874 -0.010741543423102363 -0.03517496707245326 -0.012262348014335997 0.037788471364652618 0.048262343862330755 -0.20842904654974875 -0.040135183477679075 -0.0085932270274186803 0.0052077579904692929 0.050609453627737201 -0.0033249001832154541 0.0077415649421549125 0.050162084873979489 0.015165525889890549 -0.11664806086203068 -0.041859600567695665 0.0095834521132191347 0.024970388329255522 0.031086436523826658 0.04763581171504061
leaf_weight=8419.1663919424172 56.796737341210246 46.6202507247217 123.42332447692752 294.43707844614983 19499.651799594518 1555.868883756455 855.71029231604189 877.75141209876165 14788.060055130161 2783.2913309987634 15243.158661212772 81.132937278598547 923.5021664602682 283.33733583497815 135.72785247745924 2.6336192749440661 246.1104109082371 1559.5087558031082 128.22757389117032 21.391745000146329 437.19158577756025 636.78354785172269 836.28052207943983 153.27614746824838 0.88267508521675964 12.915927321184425 124.38657090137713 31.477172255516052 136.13845614437014 263.33033369993791
leaf_count=4310121 4097 7592 1039 2430 104416 8486 7902 91961 113028 12443 69800 1712 18006 36189 65474 31 1106 6259 547 4341 11400 26659 373379 2602 18 1751 39855 534 41597 127196
internal_value=0.000953506 -0.00612914 0.00798583 0.0334875 -0.00696129 -0.00741076 -0.00560927 0.0125402 -0.00652684 -0.0105753 -0.00893473 0.00979109 -0.0225035 0.0185014 0.0488322 -0.00872763 -0.0105761 -0.0116923 -0.0246032 -0.00597507 -0.00831037 0.0106224 0.0459492 0.0332164 0.0354554 0.0279445 0.0178593 -0.0071139 0.0208199 0.047087
internal_weight=70558.2 61465.6 3421.99 1441.53 58043.6 56527 36021.2 1733.46 34287.7 20505.8 18026.4 1516.63 2479.37 976.918 9092.55 328.548 1980.47 1933.85 374.338 539.716 518.325 693.58 1112.98 276.699 673.382 409.169 273.441 325.914 260.525 264.213
internal_count=5491971 905959 395519 380015 510440 426042 317307 99863 217444 108735 82243 84398 26492 66945 4586012 2995 15504 7912 1653 17453 13112 30756 377020 3641 275891 148677 83203 2964 81452 127214
is_linear=0
shrinkage=0.05


Tree=51
num_leaves=31
num_cat=0
split_feature=2 1 0 2 0 2 3 1 2 2 3 3 2 3 2 3 0 0 3 1 2 2 3 3 2 0 3 3 0 2
split_gain=9048.7 270.382 696.875 122.196 242.876 101.748 93.9574 79.8429 82.4737 69.4517 60.5503 53.819 42.5438 159.102 80.4994 41.4412 33.5119 24.1636 32.4397 23.763 33.3113 20.0331 18.7997 18.0826 70.6534 11.4591 14.696 10.4237 9.45393 8.45158
threshold=4.0532899411725376 1.0000000180025095e-35 0.94896788322066483 5.8065205138007423 0.52179196583813592 4.1236035457433209 8.6759645812166841 1.5000000000000002 4.3694752276468831 6.951795789371034 5.8260591009502205 4.0769440439467477 4.6570728482318184 5.4425259239190353 5.0937103219158661 8.1727008602802069 0.75047987474028532 0.94625037110906363 4.1836519096534159 1.0000000180025095e-35 3.9838957784948001 4.1876727905124937 6.5337081385214217 4.204841850850066 4.0115160874231268 0.99999915540540552 4.1987796469857166 6.6192327316390651 0.30166964322371831 4.0078733565554225
decision_type=2 2 2 2 2 2 2 2 2 2 2 2 2 2 2 2 2 2 2 2 2 2 2 2 2 2 2 2 2 2
left_child=11 2 3 12 15 16 7 10 -9 -6 -7 -1 13 -2 -14 -5 -3 18 -18 20 -13 25 -23 24 -22 26 -4 -24 -8 -21
right_child=1 5 21 4 9 6 28 8 -10 -11 -12 19 14 -15 -16 -17 17 -19 -20 29 23 22 27 -25 -26 -27 -28 -29 -30 -31
leaf_value=0.049887315144341735 -0.0054160360490919171 0.046642987083889559 0.040260281229516755 0.00012904634492505221 0.040799673298945766 -0.0052431143787858613 -0.026985547841567592 0.049158293180855156 0.00026663176716549918 -0.019503890239798392 -0.0092207614749212873 0.048166731989463737 -0.011441418702062263 0.014065867825534062 0.00067264918316262698 -0.026464180798991262 -0.075239036122710282 0.051163419754527123 0.010102316847572804 -0.099819526155639049 -0.11379601564643878 0.049569466858714883 -0.22131679130351173 0.030482206319275923 0.015457831363857467 -0.069326157943236391 -0.050856718280456674 0.0013926741453745952 -0.014740343244376466 0.047511036328464984
leaf_weight=8010.8694080580026 4893.616132917814 111.03567431331612 19.103316077496864 804.08043661154807 551.30823193793185 14084.114010444842 665.46519570052624 90.712113989517093 1755.6006420673802 52.273108484689146 29835.415001757443 129.35823566128965 3867.2260893210769 1333.5627432479523 2124.8647769624367 179.13431972265244 15.324538328452034 19.68615244445391 40.732107620220631 0.97718927636742492 11.548683093395082 714.38471757131629 0.54489129781722923 132.00120956380852 125.10513000166975 4.2909463401883832 5.7594581171870223 14.681810593232511 206.5461812466383 251.1290481799515
leaf_count=4310121 57612 30373 952 10298 137683 72006 3741 7252 13699 1527 129573 65474 24583 13162 18284 802 1023 6446 4231 18 2311 370672 8 41597 39295 45 30 784 1173 127196
internal_value=0.000921221 -0.00582864 0.000121078 -0.00244289 0.0106106 -0.0076793 -0.0078268 -0.00751701 0.00266875 0.0355771 -0.00794521 0.0487645 -0.00413802 -0.00124395 -0.00714563 -0.00471604 0.0291507 0.00350787 -0.013228 0.0349289 0.027321 0.0467737 0.0483977 0.0172837 0.00453452 0.00613036 0.019153 -0.00657704 -0.0240851 0.04694
internal_weight=70050.5 61389.5 14564.8 13806.1 1586.8 46824.6 46637.9 45765.8 1846.31 603.581 43919.5 8660.99 12219.3 6227.18 5992.09 983.215 186.778 75.7428 56.0566 650.119 398.013 758.765 729.611 268.655 136.654 29.1537 24.8628 15.2267 872.011 252.106
internal_count=5491971 905959 636442 263951 150310 269517 227444 222530 20951 139210 201579 4586012 113641 70774 42867 11100 42073 11700 5254 275891 148677 372491 371464 83203 41606 1027 982 792 4914 127214
is_linear=0
shrinkage=0.05


Tree=52
num_leaves=31
num_cat=0
split_feature=2 1 0 2 3 2 3 1 2 2 3 3 2 3 0 0 1 2 0 3 3 3 3 2 2 0 0 3 3 2
split_gain=8556.45 244.228 659.176 111.517 227.757 93.7793 86.9831 72.0469 78.3904 59.0891 55.6 38.9531 79.6599 34.2698 32.5933 28.2916 23.9552 33.0265 22.7662 28.1504 19.8985 18.7192 17.1792 57.9847 12.6341 8.85325 8.35573 8.05105 7.69931 7.63744
threshold=4.0532899411725376 1.0000000180025095e-35 0.94896788322066483 6.1678079014343981 7.3225632713640296 4.1236035457433209 8.6759645812166841 1.5000000000000002 4.3694752276468831 7.0336754972165965 4.0769440439467477 6.9830158004538498 5.2015075959997707 8.3585725317228619 0.75047987474028532 0.51273530049150207 1.0000000180025095e-35 3.9838957784948001 0.94625037110906363 4.1836519096534159 4.338466511397848 6.5337081385214217 4.204841850850066 4.0115160874231268 5.1322104889489637 0.30166964322371831 0.99964601490463567 4.1784559019061511 6.6192327316390651 4.0078733565554225
decision_type=2 2 2 2 2 2 2 2 2 2 2 2 2 2 2 2 2 2 2 2 2 2 2 2 2 2 2 2 2 2
left_child=10 2 3 11 15 14 7 9 -9 -7 -1 12 -2 -6 -3 -5 17 -12 19 -16 26 -22 23 -19 -13 -8 27 -4 -23 -18
right_child=1 5 20 4 13 6 25 8 -10 -11 16 24 -14 -15 18 -17 29 22 -20 -21 21 28 -24 -25 -26 -27 -28 -29 -30 -31
leaf_value=0.049872276361601811 -0.0045185803371159223 0.04646151680877824 0.043697498956722675 0.007557916241861088 0.00049317339675299403 -0.0067138320954751368 -0.0260206410765596 0.048989739383884241 0.00025333904662288496 -0.011573828106634914 0.048067071719379323 -0.048846972118072707 0.0083117564783553363 -0.026591029126060511 -0.068883914764377205 0.045062848077837052 -0.086831782438800464 -0.09651193577572012 0.051137107323446299 0.009677658998932942 0.049720857330646122 -0.17378888268141701 0.029871540155257961 0.014917627368940728 -0.014473812970581437 -0.014115253014615407 -0.044879250330703335 -0.0096877385435350516 0.0013245438559183328 0.047380986546645826
leaf_weight=7622.4152998226928 10665.882214729907 106.02266544033773 16.396908335853372 57.64069774793461 571.48973162751645 36354.733234878629 655.88341823220253 86.577491152565926 1755.338879247196 7553.7594355642796 123.29814835300203 28.03195133805275 1364.5445795569103 146.79342342168093 15.886129999300463 393.91770503111184 1.0646983981132496 12.897026882972566 18.735442308709025 40.402094614924863 674.18138723750599 0.6557687520980825 128.06563989142887 123.20311551494524 576.84815106168389 204.95003333687782 5.8417415916919699 12.405649038031695 14.665567608550189 239.520715776016
leaf_count=4310121 101059 30373 925 4098 17686 166569 3741 7252 13699 35010 65474 122 15571 677 1023 121300 18 2311 6446 4231 370539 8 41597 39295 3438 1173 92 143 784 127196
internal_value=0.000889797 -0.00554199 0.000120741 -0.00231842 0.0124505 -0.00730031 -0.00743981 -0.00714353 0.00254415 -0.00754992 0.0486941 -0.00368581 -0.00306331 -0.00504195 0.0286156 0.0402754 0.0343947 0.0267 0.00339593 -0.0124946 0.046621 0.0484789 0.016727 0.00435842 -0.0160668 -0.0231862 0.00964511 0.0207038 -0.00617049 0.046787
internal_weight=69572 61321.6 14529.3 13805.1 1169.84 46792.3 46611.2 45750.4 1841.92 43908.5 8250.46 12635.3 12030.4 718.283 181.046 451.558 628.049 387.464 75.0237 56.2882 724.147 689.503 264.166 136.1 604.88 860.833 34.6443 28.8026 15.3213 240.585
internal_count=5491971 905959 636442 263951 143761 269517 227444 222530 20951 201579 4586012 120190 116630 18363 42073 125398 275891 148677 11700 5254 372491 371331 83203 41606 3560 4914 1160 1068 792 127214
is_linear=0
shrinkage=0.05


Tree=53
num_leaves=31
num_cat=0
split_feature=2 0 2 3 2 3 2 3 0 2 3 2 0 1 3 1 3 3 3 3 0 0 3 0 2 1 2 3 3 0
split_gain=8093.88 227.869 545.463 642.029 219.675 142.42 538.241 183.542 155.419 119.671 109.852 97.1785 66.4039 52.3784 50.4687 41.0757 39.0558 39.0867 38.3836 32.8899 29.2087 26.3321 21.482 20.9003 33.7692 18.2482 26.9778 18.1986 17.0443 12.5985
threshold=4.0417407382996835 0.8150384491514896 4.2375608875783284 7.2265362286251831 4.20477203786354 5.067456612105917 4.3329479324565865 5.0481237364455485 0.30166964322371831 4.6960841391917354 4.6428993089071149 4.5731551881208814 0.48377961100321759 1.0000000180025095e-35 4.3164876109760542 1.5000000000000002 4.3282302013682576 4.338466511397848 4.0769440439467477 8.1727008602802069 0.51273530049150207 0.99999915540540552 4.1005751085435147 0.62679990131192864 4.1394526399019833 1.0000000180025095e-35 3.9838957784948001 4.0776221824873993 4.8348920329238334 0.35212193414828868
decision_type=2 2 2 2 2 2 2 2 2 2 2 2 2 2 2 2 2 2 2 2 2 2 2 2 2 2 2 2 2 2
left_child=18 4 15 10 13 7 8 11 -7 -8 14 -6 -9 20 -4 16 22 -18 -1 21 29 -5 -3 -15 -25 26 -20 -28 -22 -2
right_child=1 2 3 19 5 6 9 12 -10 -11 -12 -13 -14 23 -16 -17 17 -19 25 -21 28 -23 -24 24 -26 -27 27 -29 -30 -31
leaf_value=0.049856764122218483 0.042647016077580653 0.047146273906089407 0.062695277638459959 -0.01971862922974673 -0.012923937060742083 0.054714573369471137 -0.0013465483451868491 -0.061379839099065053 0.015402587375133654 -0.0078051193625364211 0.047328828423250938 0.017810504470788812 -0.028113833821805684 0.041338459043558443 0.012325093592110172 0.050568349353087488 -0.059515586517807119 -0.017182472890521668 0.047963164604844538 0.028418543656310365 0.0024397225180412523 0.002598292412367613 -0.010196720130305235 0.037204962011770114 -0.0058051924676432269 0.047861531493213455 -0.040287835642526797 0.02178220286061135 -0.085305168912759313 0.015920585127951661
leaf_weight=7247.8746422716649 55.114946868270636 16.447189103229903 56.779202584177256 678.45549198240042 3819.5159212900326 364.2375552249141 8730.5588548919186 220.16095231100917 811.68246517330408 40182.725215897197 1214.9975593286799 275.76207515224814 470.83123492076993 196.01105676591396 400.53673271369189 26.668934275978245 79.43333175778389 173.89801342785358 117.53259634156711 45.180241882801056 599.98164142202586 164.15855849906802 2343.0114846457727 101.62394891912118 82.838165762834251 199.76344132702798 12.546375276986508 200.94223598530516 5.5860065817832938 220.50812381878495
leaf_count=4307509 4174 5350 385 4719 18008 5443 43887 1076 6455 309961 404806 1493 2031 23379 4960 8038 332 720 65474 280 29587 1116 16461 30650 1206 111676 1544 71905 48 9298
internal_value=0.000858985 -0.00523432 0.00477936 0.021223 -0.00616182 -0.00663608 -0.00584868 -0.0148763 0.0275794 -0.00665233 0.0394668 -0.0108544 -0.0387129 0.014466 0.0185789 -0.0111699 -0.0118001 -0.0304562 0.0489063 -0.0131424 0.00777173 -0.0153708 -0.009797 0.0299701 0.01789 0.0359274 0.0287255 0.0181344 0.00163033 0.0212649
internal_weight=69115.4 61336.7 5199.57 2560.11 56137.1 54875.5 50089.2 4786.27 1175.92 48913.3 1672.31 4095.28 690.992 1261.66 457.316 2639.46 2612.79 253.331 7778.66 887.794 881.191 842.614 2359.46 380.473 184.462 530.785 331.021 213.489 605.568 275.623
internal_count=5491971 933863 447167 416266 486696 388354 365746 22608 11898 353848 410151 19501 3107 98342 5345 30901 22863 1052 4558108 6115 43107 5835 21811 55235 31856 250599 138923 73449 29635 13472
is_linear=0
shrinkage=0.05


Tree=54
num_leaves=31
num_cat=0
split_feature=2 1 0 2 2 3 0 3 1 2 2 2 3 3 2 0 0 0 3 3 3 1 2 3 0 2 3 2 3 0
split_gain=7657.99 206.989 588.781 106.251 104.263 213.337 83.9985 80.3359 64.7807 72.2236 51.7518 39.9173 88.8474 39.7125 38.8195 30.3131 29.051 23.8685 28.4997 19.8478 18.7497 18.457 26.8169 16.4267 8.57761 8.00434 7.81791 7.46369 6.38099 5.93282
threshold=4.0417407382996835 1.0000000180025095e-35 0.94896788322066483 4.1236035457433209 5.8065205138007423 7.3225632713640296 0.42328453732171639 8.6759645812166841 1.5000000000000002 4.3694752276468831 7.0336754972165965 4.3694752276468831 5.4425259239190353 4.0769440439467477 5.0937103219158661 0.75047987474028532 0.62679990131192864 0.94625037110906363 4.1836519096534159 5.0481237364455485 6.5337081385214217 1.0000000180025095e-35 3.9838957784948001 4.0776221824873993 0.16732986996238744 7.4116116357553006 4.2207569218799978 4.0078733565554225 6.6192327316390651 0.92511295122819293
decision_type=2 2 2 2 2 2 2 2 2 2 2 2 2 2 2 2 2 2 2 2 2 2 2 2 2 2 2 2 2 2
left_child=13 2 4 15 11 6 -6 8 10 -10 -5 12 -2 -1 -13 -3 -7 18 -17 -4 -21 22 -15 29 25 -9 -25 -23 -22 -24
right_child=1 3 19 7 5 16 -8 24 9 -11 -12 14 -14 21 -16 17 -18 -19 -20 20 28 27 23 26 -26 -27 -28 -29 -30 -31
leaf_value=0.049841062043773726 -0.00061713010605152533 0.046298063875792494 0.012651336229450562 -0.0060772994692903258 -0.00048581786290980978 -0.008794008684684048 0.041628850965736999 -0.025939301365249873 0.048789025199753054 0.0005843619668856303 -0.010635288656514939 -0.0067458876450984494 0.035241955899018136 0.047854809294094774 0.00091517568325662148 -0.060462669976389029 0.021078512823320253 0.050876758320234375 0.012777621924492123 0.049835611242863814 -0.15087489257243741 -0.082084626110788164 0.032517385051514434 0.012917778544495365 -0.018626976327385695 -0.050819827025402844 0.033220145850610831 0.04850102928254018 0.00096999048962924373 -0.053218755885008975
leaf_weight=6896.509925311082 2587.6499151817989 115.43935721041635 41.262679656618275 36318.367072787136 154.55674695596099 797.46614208631217 506.08140131318942 226.62700392305851 81.289390896214172 1761.5227418811992 7516.4245810955763 7418.793129944941 185.09316492639482 112.04731826740317 2127.7742903664475 18.597343357163481 90.637598326429725 23.240329938242212 46.477601887308992 607.3357222059276 0.72641861438751121 1.1005750186741341 2.4955931827425948 116.82697474258021 582.07858736813068 37.703517138957977 79.810718069551513 189.36683469067793 14.549599932506679 10.538666386157272
leaf_count=4307509 55675 40041 3214 166569 2317 5195 128878 1293 7252 13699 35010 44335 4783 65474 18284 2213 13920 9930 7931 368911 8 18 54 41213 3399 222 30692 111658 784 1490
internal_value=0.00082971 -0.00497703 0.0002347 -0.00659783 -0.00196732 0.01026 0.0317761 -0.00675562 -0.00647279 0.00271075 -0.00685887 -0.00350449 0.00177663 0.0488434 -0.00503836 0.0294297 -0.0057453 0.00738061 -0.00815324 0.0462339 0.0484595 0.0354107 0.0281076 0.0175549 -0.0220189 -0.0294882 0.021158 0.0477465 -0.00625067 -0.0368034
internal_weight=68668.4 61259.7 14531.9 46727.8 13868.1 1548.74 660.638 46524 45677.6 1842.81 43834.8 12319.3 2772.74 7408.7 9546.57 203.755 888.104 88.3153 65.0749 663.874 622.612 512.187 321.719 209.672 846.409 264.331 196.638 190.467 15.276 13.0343
internal_count=5491971 933863 646304 287559 273387 150310 131195 227444 222530 20951 201579 123077 60458 4558108 62619 60115 19115 20074 10144 372917 369703 250599 138923 73449 4914 1515 71905 111676 792 1544
is_linear=0
shrinkage=0.05


Tree=55
num_leaves=31
num_cat=0
split_feature=2 0 2 3 2 3 2 0 0 3 0 3 0 1 3 3 3 0 3 1 3 3 0 3 0 3 1 2 3 3
split_gain=7246.68 193.183 487.688 586.365 190.784 136.807 382.87 331.29 185.779 144.349 131.313 108.711 97.0105 92.7765 85.2605 56.9863 47.7506 45.2357 41.0545 36.8161 35.3736 35.8403 30.8272 30.0901 24.1129 19.7496 18.6552 26.6205 16.3069 14.8415
threshold=4.0417407382996835 0.8150384491514896 4.2375608875783284 7.2265362286251831 4.2375608875783284 5.067456612105917 4.3694752276468831 0.30166964322371831 0.66014026824279082 4.6428993089071149 0.68382271030261743 4.6428993089071149 0.18954989862812724 1.0000000180025095e-35 5.0481237364455485 4.4417685123134873 4.3164876109760542 0.79511588431115821 4.0769440439467477 1.5000000000000002 4.3282302013682576 4.338466511397848 0.36175671919056113 8.1727008602802069 0.99999915540540552 4.204841850850066 1.0000000180025095e-35 3.9838957784948001 5.1226535903133863 4.0776221824873993
decision_type=2 2 2 2 2 2 2 2 2 2 2 2 2 2 2 2 2 2 2 2 2 2 2 2 2 2 2 2 2 2
left_child=18 4 19 11 10 8 7 -7 14 -10 13 16 -8 22 -6 -12 -4 -17 -1 20 25 -22 -2 24 -5 -3 27 -20 -15 -29
right_child=1 2 3 23 5 6 12 -9 9 -11 15 -13 -14 28 -16 17 -18 -19 26 -21 21 -23 -24 -25 -26 -27 -28 29 -30 -31
leaf_value=0.049824970140903528 0.034592303016563089 -0.011195762969649525 0.061666050800972309 -0.018461613907416477 -0.017438326033959162 0.055388482706609059 -0.013054401049757731 0.004451928577151416 -0.021243317686592718 0.013162608060356535 0.0081567925710223973 0.047009184750815183 -0.0054558962213498638 0.03104367961239243 -0.038591865565150665 -0.016026379445437503 0.012006141558899168 -0.065468396535757964 0.047741794187416794 0.050514895994956843 -0.056695782953642727 -0.016051040586261289 0.0057556193931851433 0.02782766059564297 0.0029370853318358425 0.00068616415977636701 0.047632416907919167 -0.033670287094403145 0.053029726132270853 0.020540278931144587
leaf_weight=6562.2291770998854 104.2255825700704 1930.8537045494886 55.101618759334087 673.03658264875412 2332.9148574769497 445.48820862174034 4647.4442572444677 1126.2386346217245 475.70074192248285 848.79882965423167 222.59006041684188 1132.5769727926236 43679.507123786025 344.85586398106534 598.56269572116435 256.89857057062909 398.41538324346766 56.423178974539042 106.82873757462949 24.592812198563479 78.817771270871162 173.91876900196075 836.60141075006686 44.702316656708717 163.66091404110193 427.07788689527661 181.60996025986969 13.511469426099209 111.63921335199848 192.55307908495888
leaf_count=4307509 5875 17068 385 4719 10441 5587 21240 7074 2206 4270 24703 404806 328917 34910 2621 4805 4960 232 65474 8038 332 720 30244 280 1116 4743 111676 1544 3571 71905
internal_value=0.000800589 -0.00473235 0.00458182 0.0205561 -0.00557974 -0.00613071 -0.00539677 0.0188893 -0.0147357 0.000805545 0.00985441 0.0387259 -0.00618662 0.0179245 -0.0217576 -0.0111874 0.0180397 -0.0249299 0.0487781 -0.0103755 -0.0109491 -0.0287264 0.00895017 -0.0121406 -0.014276 -0.00904366 0.0348853 0.0274865 0.0364205 0.0169857
internal_weight=68247.4 61190.6 5102.75 2467.49 56087.9 54154.7 49898.7 1571.73 4255.98 1324.5 1933.23 1586.09 48327 1397.32 2931.48 535.912 453.517 313.322 7056.73 2635.26 2610.67 252.737 940.827 881.4 836.697 2357.93 494.503 312.893 456.495 206.065
internal_count=5491971 933863 447167 416266 486696 382356 362818 12661 19538 6476 104340 410151 350157 74600 13062 29740 5345 5037 4558108 30901 22863 1052 36119 6115 5835 21811 250599 138923 38481 73449
is_linear=0
shrinkage=0.05


Tree=56
num_leaves=31
num_cat=0
split_feature=2 1 0 2 0 2 3 3 1 2 2 3 3 0 0 0 3 3 1 2 3 2 3 0 0 2 2 3 2 3
split_gain=6858.21 177.501 525.891 95.5193 198.581 93.4876 89.6084 73.3131 58.099 67.1096 47.0988 47.0484 42.4269 37.6609 29.4416 22.4921 24.7684 19.8372 18.822 26.3944 18.6843 18.2864 13.4521 7.99604 7.92306 7.18997 5.45278 5.42232 4.98789 9.26168
threshold=4.0417407382996835 1.0000000180025095e-35 0.94896788322066483 5.6599165454229086 0.3820810697357887 4.1236035457433209 7.3225632713640296 8.6759645812166841 1.5000000000000002 4.6960841391917354 6.951795789371034 7.5133544912541304 4.0769440439467477 0.51273530049150207 0.75047987474028532 0.94625037110906363 4.1836519096534159 5.0481237364455485 1.0000000180025095e-35 3.9838957784948001 6.5337081385214217 7.0336754972165965 4.0776221824873993 0.30166964322371831 0.67667794470697917 4.0078733565554225 6.3852636378288778 6.6192327316390651 4.1107138088430979 4.1184679038106298
decision_type=2 2 2 2 2 2 2 2 2 2 2 2 2 2 2 2 2 2 2 2 2 2 2 2 2 2 2 2 2 2
left_child=12 2 3 11 21 14 -6 8 10 -10 -7 13 -1 -2 -3 16 -16 28 19 -14 -19 -5 -21 26 -24 -20 -9 -22 -4 -30
right_child=1 5 17 4 6 7 -8 23 9 -11 -12 -13 18 -15 15 -17 -18 20 25 22 27 -23 24 -25 -26 -27 -28 -29 29 -31
leaf_value=0.049808448154281031 -0.00095332115383837599 0.046014095286419344 0.045071009333460282 -0.006187133949633895 0.036457185724678064 -0.0054374936466612686 0.0033574724131359411 0.023323495978701009 0.02388111948638779 -0.0015043024415963646 -0.0095783976885891881 -0.058271448196538983 0.04762391344228474 -0.0067587256127542815 -0.055637109508020789 0.050878267679643666 0.012110281321183929 0.049802957634645983 -0.078030081431090456 -0.030959254175377978 -0.13402670632657371 -0.032357871920944331 0.043461162472041959 -0.012139020784559383 0.015465409274812304 0.048333901958500292 -0.024069834648896532 0.00063159515867014971 -0.064333671110133522 0.013732738952206336
leaf_weight=6244.2043802225962 7724.6744729382917 107.91679328039754 9.0011810362339002 750.39700410142541 607.69249701721128 35225.866050318815 308.16603690199554 6.1284982562065116 313.79115867335349 1528.6625178568065 8529.6402459144592 38.699066013097763 101.86391816055402 4376.2886790258344 19.138256772770546 21.74796683061868 45.723206287715584 551.44458148360718 1.1331080645322789 13.948095726780592 0.78839826583862205 73.264485374093056 30.063099174527451 199.95397442579269 158.59702938911505 172.06368208164349 626.08205527067184 14.440167305525391 4.4104378670454052 27.417584853828885
leaf_count=4307509 62101 40041 1240 4555 130817 161830 16489 34 10670 10281 39749 156 65474 58921 2213 9930 7931 368911 18 1544 8 348 13394 1173 58511 111658 3707 784 31 1943
internal_value=0.00077286 -0.00449991 0.000334386 -0.0016587 0.00929908 -0.00600196 0.0253199 -0.00614688 -0.00587848 0.00281913 -0.00624472 -0.00322886 0.0487098 -0.00305283 0.028588 0.0068748 -0.00787951 0.045869 0.0343476 0.0268618 0.0482942 -0.00851501 0.0164234 -0.020854 0.0199265 0.0475072 -0.0236104 -0.0063398 0.0122087 0.00291501
internal_weight=67833.2 61111.3 14486.7 13879.2 1739.52 46624.7 915.859 46430.1 45598 1842.45 43755.5 12139.7 6721.87 12101 194.526 86.6094 64.8615 607.502 477.669 304.472 566.673 823.661 202.608 832.165 188.66 173.197 632.211 15.2286 40.8292 31.828
internal_count=5491971 933863 646304 273387 152209 287559 147306 227444 222530 20951 201579 121178 4558108 121022 60115 20074 10144 372917 250599 138923 369703 4903 73449 4914 71905 111676 3741 792 3214 1974
is_linear=0
shrinkage=0.05


Tree=57
num_leaves=31
num_cat=0
split_feature=2 0 2 3 2 3 2 3 0 3 2 0 2 0 1 3 1 3 3 3 0 0 0 2 1 2 3 0 3 1
split_gain=6491.4 164.697 435.826 535.647 170.849 118.433 443.8 152.109 142.595 107.269 100.361 92.6648 58.9859 46.0887 43.9491 43.805 33.3273 32.0231 33.0033 27.4947 25.7763 22.035 20.8989 29.1425 18.9759 26.1344 17.8208 13.3327 12.2121 11.9137
threshold=4.0417407382996835 0.8150384491514896 4.2375608875783284 7.2265362286251831 4.20477203786354 5.067456612105917 4.3329479324565865 5.0481237364455485 0.40328621957453575 4.6428993089071149 4.6960841391917354 0.48377961100321759 4.2987140455362249 0.92688532175828919 1.0000000180025095e-35 4.0769440439467477 1.5000000000000002 4.3282302013682576 4.338466511397848 8.1727008602802069 0.35212193414828868 0.99999915540540552 0.62679990131192864 4.1643283978498689 1.0000000180025095e-35 3.9838957784948001 4.204841850850066 0.61056791463898286 4.0776221824873993 1.5000000000000002
decision_type=2 2 2 2 2 2 2 2 2 2 2 2 2 2 2 2 2 2 2 2 2 2 2 2 2 2 2 2 2 2
left_child=15 4 16 9 14 7 8 11 -7 13 -8 -6 -9 -4 20 -1 17 26 -19 21 -2 -5 -16 -24 25 -17 -3 -22 -27 -11
right_child=1 2 3 19 5 6 10 12 -10 29 -12 -13 -14 -15 22 24 -18 18 -20 -21 27 -23 23 -25 -26 28 -28 -29 -30 -31
leaf_value=0.049791463152133154 0.041914893236114859 -0.010384713775711497 -0.0018419497968650924 -0.017269655536604953 0.029439871279664472 0.037175603089018773 -0.0006174081293017856 -0.063376190508266469 -0.0021684896057235828 0.047359189932945786 -0.0065263237071268732 -0.01077811808389877 -0.02724235374592365 0.030748602675443971 0.040319533957525383 0.047500943170997553 0.050481304024723506 -0.054089592244872475 -0.014965562643367772 0.027217765260411381 0.010975694708275349 0.0032208842117719184 0.030144415094281382 -0.013662417859091544 0.047383244874620055 -0.028542927630414813 0.00089987515230092292 -0.0018291134795870548 0.019320791616084972 0.0056856480964863551
leaf_weight=5941.646638506325 50.929828847292811 1929.2423793002963 182.6020471486263 668.22688147425652 148.61438215244561 818.45594954676926 8753.7408621488139 142.17495151422918 320.4668307537213 1039.5509847702924 40125.23927883408 3948.2659181626514 549.32468393817544 267.24537718272768 178.71445874078199 97.14056653319858 22.863119946676306 78.105312332510948 173.95075073838234 44.212666545063257 455.3768380372785 163.25914344191551 117.18770055752248 56.158429261762649 165.17854892916512 14.36128633469343 427.36305803339928 367.22260651993565 184.96701102494262 17.437688851729035
leaf_count=4307509 4174 17068 1494 4719 1043 10015 43887 727 1883 404074 309961 18458 2380 3851 23379 65474 8038 332 720 280 19236 1116 31238 618 111676 1544 4743 19697 71905 732
internal_value=0.000745147 -0.00427856 0.00440318 0.0198955 -0.00505545 -0.00546832 -0.00474916 -0.0129804 0.0261051 0.0379686 -0.0054681 -0.00931921 -0.0346716 0.0175194 0.0134075 0.0486387 -0.00962326 -0.01015 -0.027089 -0.0112034 0.00739655 -0.0132464 0.0283218 0.0159524 0.0338023 0.0262357 -0.00833829 0.00525941 0.0158723 0.0466717
internal_weight=67449.2 61045.9 5014.06 2382.53 56031.9 54806.3 50017.9 4788.38 1138.92 1506.84 48879 4096.88 691.5 449.847 1225.59 6403.29 2631.52 2608.66 252.056 875.699 873.529 831.486 352.061 173.346 461.647 296.469 2356.61 822.599 199.328 1056.99
internal_count=5491971 933863 447167 416266 486696 388354 365746 22608 11898 410151 353848 19501 3107 5345 98342 4558108 30901 22863 1052 6115 43107 5835 55235 31856 250599 138923 21811 38933 73449 404806
is_linear=0
shrinkage=0.05


Tree=58
num_leaves=31
num_cat=0
split_feature=2 0 3 3 2 3 0 3 3 3 3 1 2 3 2 2 2 3 1 0 3 0 1 2 1 3 0 1 3 2
split_gain=6144.7 151.054 421.453 230.679 114.248 99.5167 105.904 453.585 156.959 60.4549 45.2143 40.9386 34.5853 32.6031 26.2803 42.0021 24.755 33.0084 31.6846 23.1835 50.5408 22.7289 19.0966 25.8463 18.9761 19.5823 15.995 11.993 11.8909 56.3146
threshold=4.0417407382996835 0.94625037110906363 4.2571009610137267 6.5337081385214217 4.20477203786354 4.5479117545328309 0.71884716736211585 5.274536706793838 5.4425259239190353 4.3611859606570134 4.0769440439467477 1.0000000180025095e-35 4.1107138088430979 7.9844543739244713 4.5731551881208814 4.3329479324565865 4.267662004847506 4.502140279524415 1.0000000180025095e-35 0.99955042434302832 4.204841850850066 0.35212193414828868 1.0000000180025095e-35 3.9838957784948001 1.5000000000000002 4.204841850850066 0.62679990131192864 1.5000000000000002 4.2207569218799978 4.0115160874231268
decision_type=2 2 2 2 2 2 2 2 2 2 2 2 2 2 2 2 2 2 2 2 2 2 2 2 2 2 2 2 2 2
left_child=10 4 12 14 9 16 8 -8 -7 24 -1 21 -3 27 15 -4 18 -18 -6 20 -14 -11 23 -12 25 -2 -13 -5 29 -25
right_child=1 2 3 13 5 6 7 -9 -10 11 22 26 19 -15 -16 -17 17 -19 -20 -21 -22 -23 -24 28 -26 -27 -28 -29 -30 -31
leaf_value=0.049773966010973475 -0.030087776447720517 0.046841238940266983 0.053591106803084002 -0.007329912113740982 0.0076568437923174503 -0.01027959169162812 0.031804979267081313 -0.010385092375410028 -0.0037714221997588206 0.041517126273880968 0.047372659021138956 0.03984495579959995 -0.032147769727282678 -0.16702696889636764 0.050041691245584788 0.013260866229221777 0.016324199737015377 -0.031477295899442453 -0.029195604037381525 -0.0055770977409515012 0.0063372771904128683 0.0063619460127035043 0.047246936182408023 -0.086540436675117974 0.050295708816640673 -0.0037509561856278102 0.018019732943366798 0.025119337086184076 0.031446007753957061 0.018214890598713868
leaf_weight=5653.8066696865717 96.948631059844047 28.872695445781574 115.1576334121637 285.87091487972066 64.15326638892293 11995.177860938013 994.64804890204687 1771.9841376573313 40690.699853088474 48.898495132569224 92.646970217698254 171.97250786505174 255.51894993847236 3.1004214733839026 583.52749477711041 146.92457395303063 87.442812317050993 61.524698922410607 642.0146764703095 1558.4618211900815 128.0670232991688 769.50920572318137 157.56473141198512 14.534195858286692 13.128333785803987 259.48880201799329 164.00638939323835 31.624755721539259 72.28268337645568 109.38212788105011
leaf_count=4307509 3667 11186 1039 2430 315 56702 14271 34732 316074 4174 65474 23379 1403 31 373379 2602 757 449 2742 6298 547 35888 111676 2498 4605 10338 26321 534 30692 40259
internal_value=0.000718953 -0.00406822 0.00661739 0.030442 -0.00464787 -0.00501347 -0.00475244 0.00478291 -0.00525316 0.0088607 0.0485644 0.0144954 -0.00747977 -0.0056734 0.0441344 0.0309818 -0.0219404 -0.00341818 -0.0258477 -0.00828737 -0.0192988 0.00846241 0.0332451 0.0256072 -0.00873999 -0.0109144 0.0291911 -0.00409774 0.0153293 0.0059281
internal_weight=67068.9 60968.7 3137.13 1166.21 57831.6 56307.6 55452.5 2766.63 52685.9 1523.95 6100.22 1154.39 1970.92 320.596 845.61 262.082 855.135 148.968 706.168 1942.05 383.586 818.408 446.411 288.846 369.566 356.437 335.979 317.496 196.199 123.916
internal_count=5491971 933863 399449 380015 534414 426042 421779 49003 372776 108372 4558108 89762 19434 2995 377020 3641 4263 1206 3057 8248 1950 40062 250599 138923 18610 14005 49700 2964 73449 42757
is_linear=0
shrinkage=0.05


Tree=59
num_leaves=31
num_cat=0
split_feature=2 1 0 2 2 0 3 2 2 2 3 3 0 3 3 0 0 2 3 3 0 2 3 0 1 3 2 2 2 1
split_gain=5817.61 145.234 441.645 107.327 88.805 185.408 68.1714 64.7193 53.5969 59.8569 46.3462 36.0006 52.6806 32.0461 31.423 21.8352 20.6747 19.0659 18.2729 19.0265 17.9972 16.8068 15.2191 13.302 6.89627 15.2704 13.6948 11.3592 9.27235 7.02718
threshold=4.0323590931667415 1.0000000180025095e-35 0.95063682333591248 4.1236035457433209 5.8065205138007423 0.52179196583813592 8.4967555934485279 6.951795789371034 7.740204100276876 7.0336754972165965 8.3585725317228619 6.7939703625515913 0.29087206909299079 8.1727008602802069 4.0769440439467477 0.75047987474028532 0.2632453871837514 4.0615743271509634 5.0481237364455485 6.5337081385214217 0.94625037110906363 6.3833262898380676 4.0776221824873993 0.14283967029535363 1.0000000180025095e-35 4.3611859606570134 3.9838957784948001 4.0115160874231268 4.0078733565554225 1.5000000000000002
decision_type=2 2 2 2 2 2 2 2 2 2 2 2 2 2 2 2 2 2 2 2 2 2 2 2 2 2 2 2 2 2
left_child=14 2 4 15 11 13 8 -7 9 -5 -10 12 -2 -6 -1 -3 -13 -17 -4 -20 -19 -8 -16 -23 26 28 -24 -28 -26 -27
right_child=1 3 18 6 5 7 21 -9 10 -11 -12 16 -14 -15 22 17 -18 20 19 -21 -22 23 24 -25 25 29 27 -29 -30 -31
leaf_value=0.049755613186696031 0.0068837520527987601 0.046002466418860744 0.012942916335710694 -0.0044586638340242809 0.0014895064072948357 0.039496214373599445 0.01335369849720297 -0.019221320797233859 -0.0044835326193667828 -0.0096175112599403093 0.020073399344949464 -0.019229500523745557 -0.0032510338253621375 -0.022209167876510363 -0.0086587552406030537 0.041208160859080314 0.013606860607725825 -0.015930101747275785 0.049748720763465454 -0.0076609980308610937 0.051452238591791447 -0.028359748600998099 0.047768234137799771 -0.014736296780628358 -0.11241355541483562 -0.51308662877280231 -0.0046542875613755667 0.029819234129513719 0.048813146717282888 0.050069597076662177
leaf_weight=5374.7551500161644 1461.1234997804277 108.35430501238443 40.215898250695318 37372.887948740274 805.49634134722874 486.19506717415061 48.231618255376816 51.942230684449896 375.53531841933727 6618.5112047716975 393.42049228027463 446.40381447970867 10471.768103642506 173.34732204675674 19.158987672068179 39.452328697079793 53.703660175204277 51.631476405076683 474.70866621588357 14.884607733925803 12.263126178993842 208.17646642029285 86.986325508099981 1286.240481749177 0.89847283810377021 0.17757063114549865 30.112813445739448 115.73767240263987 119.65298295114189 0.080509427236393094
leaf_count=4303600 14828 48169 3482 182121 10298 138563 227 1536 2947 31898 1851 2418 116346 802 4678 26013 536 3621 367795 781 4994 1199 64693 7201 14 128 12403 48731 90040 58
internal_value=0.000692908 -0.00383856 0.000534368 -0.00519983 -0.00116739 0.0102535 -0.00536223 0.0338287 -0.00500606 -0.00523481 0.00808052 -0.00256088 -0.00201008 -0.00270739 0.0487819 0.0303201 -0.0157034 0.0138778 0.045342 0.0480034 -0.00299758 -0.0156965 0.0347444 -0.0166341 0.0370958 0.046789 0.0320664 0.0227017 0.0476115 -0.337407
internal_weight=66742.1 60994.5 14479.8 46514.7 13950 1516.98 46303 538.137 44760.4 43991.4 768.956 12433 11932.9 978.844 5747.56 211.701 500.107 103.347 529.809 489.593 63.8946 1542.65 372.805 1494.42 353.646 120.81 232.837 145.85 120.551 0.25808
internal_count=5491971 967626 657385 310241 285327 151199 227444 140099 218817 214019 4798 134128 131174 11100 4524345 82797 2954 34628 372058 368576 8615 8627 220745 8400 216067 90240 125827 61134 90054 186
is_linear=0
shrinkage=0.05


Tree=60
num_leaves=31
num_cat=0
split_feature=2 3 2 1 3 0 2 0 0 2 0 3 0 2 0 2 0 3 0 3 3 2 2 3 2 3 2 2 0 2
split_gain=5509.75 132.687 285.266 365.017 154.352 112.185 289.705 102.586 124.588 734.119 154.23 102.01 79.7388 136.478 76.7014 71.9388 141.026 62.607 59.0074 53.8 50.3607 38.8329 34.7879 32.4574 28.5364 28.381 23.9621 23 19.8848 15.6564
threshold=4.0323590931667415 7.3225632713640296 5.9518200102761609 1.0000000180025095e-35 7.3233027137203726 0.34182627453620124 6.8861785982687591 0.14283967029535363 0.33161813793822242 4.5407320249418399 0.69035327433527816 8.3585725317228619 0.66014026824279082 6.7579657144273257 0.42328453732171639 6.8861785982687591 0.67109024589866439 7.0604759976009115 0.18954989862812724 8.3585725317228619 7.9941566304452838 7.0336754972165965 4.7783038066593404 4.0769440439467477 6.742726673005488 7.3081877281983463 6.9062524807709886 6.6346012894220836 0.99999915540540552 5.2015075959997707
decision_type=2 2 2 2 2 2 2 2 2 2 2 2 2 2 2 2 2 2 2 2 2 2 2 2 2 2 2 2 2 2
left_child=23 2 7 14 15 19 27 22 9 -9 -10 -8 13 -5 -4 18 26 -14 29 20 -6 -16 -2 -1 -20 -24 -17 -7 -18 -3
right_child=1 4 3 12 5 6 11 8 10 -11 -12 -13 17 -15 21 16 28 -19 24 -21 -22 -23 25 -25 -26 -27 -28 -29 -30 -31
leaf_value=0.049736950919637146 0.027282762351476399 0.036867678387873061 -0.0046690464000626207 0.0010530965669751245 -0.0093296985626161993 0.024773324059037947 -0.0083809970904083521 0.030523414519973313 -0.0069771713783718997 -0.0045857409848637665 0.002380306794145881 0.0067205927736360667 0.083382471276717218 0.032991720145424876 0.046115222201834637 0.0083617572694421622 -0.021758120605179149 -0.022021202516078968 -0.025016998121413843 -0.016262609314951069 0.0022417134733986972 -0.024232168824111146 -0.038121270035368776 0.034208072262806276 -0.04273554530806449 0.0055522278982553675 0.039624044761826266 0.012657030252992044 0.00045909925260189868 -0.0050666015628636624
leaf_weight=5114.4957814320223 25.622244190424681 25.468654975295067 88.999010259285569 2250.2448963522911 4919.1725093275309 582.60603777691722 6412.3753428757191 1804.4098634996917 20265.062978514936 8515.0789255946875 5625.8809530339204 1354.4465406239033 14.62321539595723 392.87951100617647 764.48168960982002 115.23097548633814 664.78888131305575 384.97041368484497 1087.8402246981859 2186.606571868062 1162.4907659292221 20.134196327999234 318.11121533811092 360.18842980964109 287.24125130008906 42.124943494796753 130.95207131654024 1195.175253899768 118.69351425021887 176.58576421439648
leaf_count=4303600 136 134 1517 9332 21056 2459 31400 20394 164639 40954 201665 6410 77 2669 411243 4258 4229 1756 5567 11131 4977 1035 1314 220745 3869 171 8119 5436 703 976
internal_value=0.000667516 -0.00364951 -0.00199302 0.0108326 -0.00693599 -0.005273 -0.00157984 -0.00336555 -0.00309228 0.00155326 -0.00494387 -0.00574745 0.00265332 0.00580052 0.0393203 -0.0182996 -0.00801977 -0.0181639 -0.0250109 -0.00953626 -0.00711786 0.04431 -0.0290103 0.0487153 -0.0287182 -0.0330142 0.0249911 0.0166277 -0.0183923 0.000219151
internal_weight=66407 60932.3 40512.6 3916.33 20419.7 17812.9 9544.6 36596.3 36210.4 10319.5 25890.9 7766.82 3042.72 2643.12 873.615 2606.8 1029.67 399.594 1577.14 8268.27 6081.66 784.616 385.858 5474.68 1375.08 360.236 246.183 1777.78 783.482 202.054
internal_count=5491971 967626 856902 427629 110724 82869 45705 429273 427652 61348 366304 37810 13834 12001 413795 27855 17309 1833 10546 37164 26033 412278 1621 4524345 9436 1485 12377 7895 4932 1110
is_linear=0
shrinkage=0.05


Tree=61
num_leaves=31
num_cat=0
split_feature=2 1 0 2 2 0 2 0 3 0 3 3 3 2 0 3 3 3 3 1 2 2 0 3 2 3 3 0 2 2
split_gain=5218.52 124.204 401.141 98.2217 76.9573 148.201 86.6749 72.5924 62.1973 62.1524 67.8137 321.75 201.109 54.8374 40.5734 33.5651 20.8179 16.272 13.7355 13.0429 20.8092 19.3503 54.2229 10.8791 9.20652 8.70446 37.2504 11.9893 11.6965 7.44896
threshold=4.0323590931667415 1.0000000180025095e-35 0.96049416765322659 4.0995571897658998 5.0937103219158661 0.2632453871837514 4.7783038066593404 0.3109700072263431 5.9991846393519213 0.18954989862812724 7.9844543739244713 7.9583251190734163 7.9941566304452838 4.6163750795325784 0.83351541442585564 4.0631118560949693 8.1727008602802069 5.0481237364455485 7.2265362286251831 1.0000000180025095e-35 3.9838957784948001 4.0115160874231268 0.84415195204871418 4.3611859606570134 7.0336754972165965 4.204841850850066 4.1987796469857166 0.93627207955316738 4.0615743271509634 4.49855624743092
decision_type=2 2 2 2 2 2 2 2 2 2 2 2 2 2 2 2 2 2 2 2 2 2 2 2 2 2 2 2 2 2
left_child=15 2 4 25 6 24 7 -2 -7 13 11 -11 -12 29 -8 -1 -15 -4 -19 20 -17 22 -22 -21 -6 26 27 -3 -28 -5
right_child=1 3 17 9 5 8 14 -9 -10 10 12 -13 -14 16 -16 19 -18 18 -20 23 21 -23 -24 -25 -26 -27 28 -29 -30 -31
leaf_value=0.049797205196436198 0.011402794226984985 -0.0084876935706174692 0.011676295131177315 0.062561243369050515 -0.011701003055524808 -0.00064662240679346362 -0.011992093909891489 -0.0025077794339009867 0.015786638227259838 -0.0041667580620845168 -0.02218894605884646 0.027390307731633985 -0.0031956508731079709 -0.0096884197939562672 0.04487121537332496 0.047293071370390294 -0.018525967373515723 0.049835145275616027 -0.0073381250085838914 0.047607343324783315 0.036607230452996346 0.026772328742152563 -0.084403277159879428 -0.22753963037981723 -0.039606379570918837 0.045518902986835849 -0.020858496045268918 0.050131994508650184 -0.27063893040489423 0.024210486301728451
leaf_weight=4817.5952902026474 1089.8106748401187 13.572809769073499 32.320344423176721 16.868464416824281 841.66195780038834 815.97213901369832 2465.3919082209468 6726.8185985581949 1956.1287670795573 34913.301470707869 2000.1043851524591 826.85880874842405 4596.8767312206328 3022.4531233981252 31.774498988175765 90.287940476788208 854.83203984797001 428.86181311483961 10.768825478851793 140.50938697368838 22.215819788863882 128.21520184807014 15.870060943067072 0.36017606547102232 30.632696539163589 97.491882145404816 0.70480438368394915 24.409449235885404 1.398984875064343 50.769526019692421
leaf_count=4260133 13604 6411 2743 126 4598 9587 13428 85623 163079 180596 10313 4882 21544 12989 4416 73217 4396 360051 94 115525 10740 59847 4697 186 162 53365 445 14740 180 254
internal_value=0.000643114 -0.00347083 0.000580752 -0.00473032 -0.000952158 0.00529348 -0.00315906 -0.000568338 0.0109495 -0.00485571 -0.00429641 -0.00343668 -0.00895413 -0.0108582 -0.0112686 0.048645 -0.0116368 0.0459174 0.0484347 0.0346796 0.0279684 0.0174767 -0.0138168 0.0469038 -0.012681 0.0374544 0.0178409 0.0291845 -0.186958 0.0337749
internal_weight=66064.8 60849.8 14430.1 46419.6 13958.2 3644.4 10313.8 7816.63 2772.1 46282.1 42337.1 35740.2 6596.98 3944.92 2497.17 5215.05 3877.29 471.951 439.631 397.459 256.589 166.301 38.0859 140.87 872.295 137.578 40.086 37.9823 2.10379 67.638
internal_count=5491971 967626 657385 310241 294497 177426 117071 99227 172666 235100 217335 185478 31857 17765 17844 4524345 17385 362888 360145 264212 148501 75284 15437 115711 4760 75141 21776 21151 625 380
is_linear=0
shrinkage=0.05


Tree=62
num_leaves=31
num_cat=0
split_feature=2 3 2 3 3 3 2 3 0 0 0 0 0 2 0 0 0 0 2 0 3 3 2 3 1 0 2 1 2 2
split_gain=4943.2 114.293 251.609 336.512 144.221 139.612 119.991 99.3421 98.6589 134.22 95.7065 89.508 110.189 719.654 133.021 65.3694 65.1843 149.14 64.7032 54.6993 34.6563 34.6131 30.8632 25.7031 23.5351 18.4226 13.9645 13.1423 20.6216 17.9372
threshold=4.0323590931667415 7.3225632713640296 5.8065205138007423 6.6192327316390651 7.3233027137203726 7.2579402070459418 6.6858765715418915 7.5753487237152513 0.64585011427259731 0.25135338761287312 0.55652029964453664 0.14283967029535363 0.3109700072263431 4.4527119691926762 0.69035327433527816 0.34182627453620124 0.65062298805038576 0.67109024589866439 6.8861785982687591 0.18954989862812724 4.0631118560949693 8.3585725317228619 4.7783038066593404 7.3081877281983463 1.0000000180025095e-35 0.99999915540540552 5.2015075959997707 1.0000000180025095e-35 3.9838957784948001 4.0115160874231268
decision_type=2 2 2 2 2 2 2 2 2 2 2 2 2 2 2 2 2 2 2 2 2 2 2 2 2 2 2 2 2 2
left_child=20 2 11 -4 16 6 -5 8 9 -6 -7 22 13 -13 -14 21 19 -18 -17 26 -1 -9 -2 -24 -21 -19 -3 28 -22 -30
right_child=1 4 3 5 7 10 -8 15 -10 -11 -12 12 14 -15 -16 18 17 25 -20 24 27 -23 23 -25 -26 -27 -28 -29 29 -31
leaf_value=0.04978123722913181 0.026132735836568985 0.035047050105381936 0.049446479457844826 0.0017007266515557233 -0.010336779183908268 0.0021922611047624765 -0.031375228933273346 -0.0075450689024921221 -0.023666763869737182 0.014860029705381628 0.027891856965746122 0.042722926703816673 -0.0063035651359276725 -0.0031272658915542984 0.0023525048146786588 0.010381340469376554 0.029798983600806975 -0.020779118356683716 -0.004772996496787721 -0.049497790213926016 0.047156444252432511 -0.015176322014335148 -0.035787501311556849 0.005771898834095463 -0.025300183386253408 0.00064718693258329683 -0.0043510923476543992 0.04674725579776004 -0.012851151032546257 0.026137368976360483
leaf_weight=4584.071919152746 25.379702078178525 25.803529277443886 467.43563903542235 2350.3010939846281 761.7224717438221 629.29388259351254 310.4115582909435 4744.5520909577608 290.06668537668884 1726.4163763527758 853.74325913307257 963.69290046719834 21245.420511442702 7645.4112460017204 5610.3871727504302 779.80142475664616 212.41377284890041 655.37501071579754 7280.1384659968317 109.04165646899492 86.127197529305704 2163.4432661533356 317.47385635972023 42.142304703593254 1280.8861315399408 118.45432659983635 175.20890547335148 134.45211758092046 38.626833632937633 124.85001020005438
leaf_count=4260133 136 134 306021 21994 3149 6914 4946 20581 1471 7865 92172 13586 170829 37446 201373 3175 11177 4229 35497 4219 73217 11131 1314 171 6417 703 976 115711 15437 59847
internal_value=0.000619289 -0.0033001 -0.00176349 0.0092304 -0.00635927 0.00469383 -0.00215807 -0.00475415 0.00392912 0.00714624 0.0169868 -0.00317758 -0.00291727 0.00200515 -0.00449524 -0.00636586 -0.0174119 -0.00731233 -0.00330681 -0.0236728 0.0485725 -0.00993502 -0.0271564 -0.0309173 -0.0271985 -0.0174993 0.000706362 0.0341449 0.0273565 0.016925
internal_weight=65752.5 60784.4 40461.1 4611.19 20323.3 4143.75 2660.71 17746.1 2778.21 2488.14 1483.04 35849.9 35464.9 8609.1 26855.8 14967.9 2577.18 986.243 8059.94 1590.94 4968.13 6908 384.996 359.616 1389.93 773.829 201.012 384.056 249.604 163.477
internal_count=5491971 967626 856902 432047 110724 126026 26940 82869 12485 11014 99086 424855 423234 51032 372202 70384 27855 16109 38672 11746 4524345 31712 1621 1485 10636 4932 1110 264212 148501 75284
is_linear=0
shrinkage=0.05


Tree=63
num_leaves=31
num_cat=0
split_feature=2 1 0 2 2 0 3 2 3 3 1 2 0 0 3 0 0 2 3 0 1 2 2 0 3 3 2 0 2 2
split_gain=4682.62 108.978 362.802 91.2275 68.194 135.281 94.5523 76.3556 86.3235 55.6601 51.4019 60.3957 48.1233 38.3351 35.7904 21.9128 20.9188 17.8091 16.39 16.2377 13.2385 20.4327 16.6963 46.4883 13.1404 9.02577 7.54467 6.36304 8.33976 5.40322
threshold=4.0323590931667415 1.0000000180025095e-35 0.96049416765322659 4.1236035457433209 5.0937103219158661 0.35212193414828868 6.0785821681909509 4.7327784207308978 5.4425259239190353 8.6759645812166841 1.5000000000000002 4.3694752276468831 0.52179196583813592 0.83351541442585564 4.0631118560949693 0.75047987474028532 0.2632453871837514 4.0615743271509634 5.0481237364455485 0.94625037110906363 1.0000000180025095e-35 3.9838957784948001 4.0115160874231268 0.78793594737143458 7.2265362286251831 4.3611859606570134 4.0077909558517755 0.16732986996238744 7.4116116357553006 4.0162406344895718
decision_type=2 2 2 2 2 2 2 2 2 2 2 2 2 2 2 2 2 2 2 2 2 2 2 2 2 2 2 2 2 2
left_child=14 2 4 15 7 16 -7 8 -2 10 12 -12 -5 -9 -1 -3 -6 -17 -4 -19 21 -16 23 -23 -20 26 -22 28 -11 -24
right_child=1 3 18 9 5 6 -8 13 -10 27 11 -13 -14 -15 20 17 -18 19 24 -21 25 22 29 -25 -26 -27 -28 -29 -30 -31
leaf_value=0.049764728335394061 -0.0030876697984003423 0.045700601526842737 0.011102716482760872 -0.0034328610302541969 -0.011603410928772873 0.00093260602180302759 0.021961428785393568 -0.01005169511306926 0.0096548566841493239 -0.020593523544357863 0.048475795933949573 0.0020818337971275887 -0.0069883633838879623 0.044915793087982187 0.047013894262207173 0.040481029663687863 0.00077638701263749372 -0.015103086985157711 0.049808385422945196 0.051474358177829221 -0.083793002609925976 0.044761598294721067 0.040999737224684453 -0.064349902325822175 -0.0055222278183270305 -0.18178740428428083 0.048478063854629792 -0.014622835638268118 -0.047256746167025909 0.018336527503884086
leaf_weight=4361.9145619919291 5552.8570744339377 101.15977798460517 31.959551401203498 29382.276805664413 873.93323133140802 931.90159691707231 1253.6283652671846 3005.2162720747292 1747.3339514771942 208.70444396138191 73.014960852451622 1787.3483305172995 14076.041747174226 32.057720095384866 82.168958525406197 36.485164603102021 559.81294358149171 52.070479044225067 393.08134951419197 11.112734979018567 1.0873224716633547 18.748218203661963 38.457133270218037 20.367131691193208 11.031561143696306 0.4312016845215102 126.81422323046718 550.10360282659531 34.121818646788597 83.1922131490428
leaf_count=4260133 80526 48169 2743 128789 4760 10353 158102 16117 15927 1293 7252 13699 72790 4501 73217 26013 4211 3621 360051 4994 22 9945 21859 5492 94 186 115503 3399 222 37988
internal_value=0.000596344 -0.00313841 0.000661754 -0.00431941 -0.000741445 0.00516528 0.0129948 -0.00280947 -3.76881e-05 -0.00446586 -0.00423608 0.00390269 -0.00458448 -0.00947153 0.0484963 0.0293067 -0.00676966 0.0126675 0.0455719 -0.00339337 0.0335933 0.026731 0.0163641 -0.0120521 0.048298 0.0465837 0.0473536 -0.0175987 -0.0243402 0.0255011
internal_weight=65438.4 60705.3 14392.8 46312.4 13956.7 3619.28 2185.53 10337.5 7300.19 46111.6 45318.7 1860.36 43458.3 3037.27 4733.18 200.828 1433.75 99.6684 436.072 63.1832 371.266 242.934 160.765 39.1153 404.113 128.333 127.902 792.93 242.826 121.649
internal_count=5491971 967626 657385 310241 294497 177426 168455 117071 96453 227444 222530 20951 201579 20618 4524345 82797 8971 34628 362888 8615 264212 148501 75284 15437 360145 115711 115525 4914 1515 59847
is_linear=0
shrinkage=0.05


Tree=64
num_leaves=31
num_cat=0
split_feature=2 3 2 3 3 3 2 3 3 0 0 3 0 0 0 3 2 2 0 2 0 3 0 0 3 3 2 0 0 1
split_gain=4436.06 99.8953 219.648 309.459 132.993 126.862 107.736 94.0357 89.0825 89.5103 124.855 82.4444 690.095 115.236 98.4665 117.146 83.6894 60.7142 84.902 61.459 58.5942 64.8459 51.6153 37.6433 36.8956 35.5089 29.9984 17.091 13.9991 13.3153
threshold=4.0323590931667415 7.3225632713640296 5.8065205138007423 6.6192327316390651 7.3233027137203726 7.2579402070459418 6.6858765715418915 7.2860136158073487 7.5753487237152513 0.62321938227643348 0.25135338761287312 5.8260591009502205 0.29087206909299079 0.4533208610456857 0.59740168283145612 5.9991846393519213 4.4527119691926762 6.8607775849798927 0.67109024589866439 6.742726673005488 0.34182627453620124 8.3585725317228619 0.65062298805038576 0.18954989862812724 4.0631118560949693 7.9583251190734163 4.3694752276468831 0.99999915540540552 0.48377961100321759 1.0000000180025095e-35
decision_type=2 2 2 2 2 2 2 2 2 2 2 2 2 2 2 2 2 2 2 2 2 2 2 2 2 2 2 2 2 2
left_child=24 2 11 28 17 6 -5 -7 9 10 -6 12 26 -14 16 -16 -13 19 22 23 25 -22 -19 -3 -1 -10 -2 -20 -4 -26
right_child=1 4 3 5 8 7 -8 -9 20 -11 -12 14 13 -15 15 -17 -18 18 27 -21 21 -23 -24 -25 29 -27 -28 -29 -30 -31
leaf_value=0.049747645884704872 0.053806256056255802 0.00089332551786482886 -0.0069329066797708429 0.0017175573158872634 -0.0096099655140176737 0.043425081744307426 -0.02968327143256777 0.010454610695808894 -0.014540000318236108 -0.020743818317225972 0.014783751674038469 0.034015661950012453 0.0028109778313505831 -0.0050436632461964281 -0.079845434787087124 0.02201715216118616 -0.0061803557109660935 -0.014307755341264002 -0.019727933418511215 -0.048190218525817827 -0.0049635755538097459 0.0070374834454509276 0.02865262343437372 -0.02272844323692411 0.026114378385594685 -0.0067991486925052975 0.034879856182551662 0.00096513564275763671 0.050514044621522716 0.04642221321498427
leaf_weight=4150.5707161322935 362.19662184757181 200.59127734601498 10.878975749015806 2346.983563723159 761.55017594993114 263.74385575321503 309.14007747627329 1201.2897851336747 2160.1085576117039 324.79228185350075 1685.5498280278407 130.92294132243842 6537.6621272206539 16341.597832172061 92.970851381774992 40.529722880572081 11851.314654290676 104.86002282518893 645.23073569685221 209.89940031478181 6693.1436033695936 1353.1619548685849 209.81173509266227 1059.3740750998259 236.60847787070088 4715.7512209266424 496.16815770044923 118.03730243444443 420.95881378464401 122.50942124822177
leaf_count=4260133 6683 1110 88 21994 3149 26139 4946 72947 8882 1677 7659 1372 47572 307293 685 335 57332 3260 4229 1809 32262 6410 11177 5567 148501 22830 3583 703 305933 115711
internal_value=0.000574076 -0.00298346 -0.0015472 0.00879768 -0.0058505 0.00457806 -0.00193711 0.0163901 -0.00431259 0.00391893 0.0071923 -0.00286089 -0.00114795 -0.00279923 -0.00621694 -0.0489208 -0.00574116 -0.016531 -0.00751786 -0.0231408 -0.00584166 -0.00294534 0.0143367 -0.0189678 0.0484173 -0.009231 0.0428661 -0.0165278 0.0490668 0.0330422
internal_weight=65157.9 60648.2 40406.4 4553 20241.9 4121.16 2656.12 1465.03 17694.1 2771.89 2447.1 35853.4 23737.6 22879.3 12115.7 133.501 11982.2 2547.8 1077.94 1469.86 14922.2 8046.31 314.672 1259.97 4509.69 6875.86 858.365 763.268 431.838 359.118
internal_count=5491971 967626 856902 432047 110724 126026 26940 99086 82869 12485 10808 424855 365131 354865 59724 1020 58704 27855 19369 8486 70384 38672 14437 6677 4524345 31712 10266 4932 306021 264212
is_linear=0
shrinkage=0.05


Tree=65
num_leaves=31
num_cat=0
split_feature=2 0 2 3 2 3 3 2 3 0 0 2 2 3 1 1 3 0 3 3 3 3 3 0 1 1 2 2 0 0
split_gain=4202.54 98.5832 327.788 398.991 147.687 96.5528 83.8662 375.91 162.343 120.028 105.768 67.1233 65.9452 45.3161 38.1617 34.173 30.5628 28.5571 40.0257 27.8183 30.4843 22.0992 18.4865 16.605 11.8232 11.6722 19.0246 17.4429 41.7863 11.5499
threshold=4.0280459656469025 0.8150384491514896 4.2375608875783284 7.2265362286251831 4.1643283978498689 4.6428993089071149 5.067456612105917 4.3329479324565865 5.0481237364455485 0.40328621957453575 0.48377961100321759 4.6960841391917354 4.2987140455362249 4.4417685123134873 1.0000000180025095e-35 1.5000000000000002 4.0631118560949693 0.56936485613816601 4.7003439835576311 4.3282302013682576 4.338466511397848 8.1727008602802069 4.088410319220233 0.99999915540540552 1.5000000000000002 1.0000000180025095e-35 3.9838957784948001 4.0115160874231268 0.78793594737143458 0.71110240231374011
decision_type=2 2 2 2 2 2 2 2 2 2 2 2 2 2 2 2 2 2 2 2 2 2 2 2 2 2 2 2 2 2
left_child=16 4 15 5 14 13 8 9 10 -8 -6 -9 -10 -4 17 19 -1 -2 -19 22 -21 23 -3 -5 -7 26 -18 28 -28 -27
right_child=1 2 3 21 6 24 7 11 12 -11 -12 -13 -14 -15 -16 -17 25 18 -20 20 -22 -23 -24 -25 -26 29 27 -29 -30 -31
leaf_value=0.049729795082802036 0.024947551874970858 0.040468084704927104 0.029819921481570033 -0.013581408514438072 0.029655840512361999 0.046519563936291516 0.034863724091654717 0.00019233151569388247 -0.06134039942233506 -0.00073264626793286057 -0.0079387744091128261 -0.0046452645468771014 -0.024109982598217353 -0.0029466599643985666 0.035790840624270279 0.050375366415080051 0.046779604619777537 0.0039665203915071135 -0.20436623783450802 -0.050350235495011122 -0.012493584486428672 0.026545300982073736 -0.0069853913805231968 0.0043185921019782397 0.0043498968981620567 -0.53652444220409867 0.044364801070668106 0.026905875151207188 -0.060152977405864054 0.047704414007783837
leaf_weight=3947.6186319915578 233.75012571550906 20.703177788003813 268.59646458178759 644.01162860542536 195.68921636976302 843.78318805608433 843.54812178458087 8741.0160417933948 151.98371569183655 329.24774996028282 4255.4800534024835 39911.138844711008 547.0598068125546 173.79438492190093 213.8017745828256 25.106478473695461 76.386674534587655 372.28120548394509 2.3198571205139151 76.687403976917267 173.46597136557102 43.653947085142136 2368.9953659930034 162.18987494334579 16.955685336142778 0.084665219765155508 17.469970566220582 96.775430497946218 21.128823706414551 104.68929013935849
leaf_count=4258210 15853 11806 2609 4719 2150 404074 13624 43887 936 1973 22865 309961 2380 2736 68854 12820 73217 33908 32 332 720 280 29256 1116 732 4 9945 53208 5492 104272
internal_value=0.000552587 -0.0028226 0.00403949 0.0185492 -0.00341512 0.0359316 -0.0037297 -0.00310183 -0.00980393 0.0248705 -0.00628598 -0.00377613 -0.0322045 0.0169475 0.0176198 -0.00768276 0.0485311 0.0112337 0.00267634 -0.00823492 -0.024099 -0.00810414 -0.00657428 -0.00998033 0.0456889 0.0335823 0.0268286 0.015571 -0.0128478 0.0472323
internal_weight=64879.4 60615.3 4817.94 2152.99 55797.3 1303.13 54975.2 49825 5150.21 1172.8 4451.17 48652.2 699.044 442.391 822.153 2664.96 4264.15 608.351 374.601 2639.85 250.153 849.855 2389.7 806.202 860.739 316.535 211.761 135.374 38.5988 104.774
internal_count=5491971 987623 471200 416266 516423 410151 397776 369445 28331 15597 25015 353848 3316 5345 118647 54934 4504348 49793 33940 42114 1052 6115 41062 5835 404806 246138 141862 68645 15437 104276
is_linear=0
shrinkage=0.05


Tree=66
num_leaves=31
num_cat=0
split_feature=2 0 2 3 2 3 3 2 2 0 0 0 2 3 1 1 3 0 3 3 3 3 3 3 1 2 2 0 1 0
split_gain=3982.37 89.379 301.555 374.823 134.978 96.8946 83.9492 587.176 100.052 81.377 66.9575 118.016 102.753 42.5557 36.7235 32.0622 31.5083 26.7483 32.9985 25.2761 28.1085 20.1451 17.2047 15.2741 11.7441 18.7856 16.1725 36.7316 11.7125 7.27165
threshold=4.0280459656469025 0.8150384491514896 4.2375608875783284 7.2265362286251831 4.1643283978498689 4.6428993089071149 5.4425259239190353 4.4527119691926762 4.6960841391917354 0.30166964322371831 0.52179196583813592 0.69035327433527816 4.267662004847506 4.3164876109760542 1.0000000180025095e-35 1.5000000000000002 4.0631118560949693 0.56936485613816601 4.6680510796181691 4.3282302013682576 4.338466511397848 8.1727008602802069 4.088410319220233 7.9844543739244713 1.0000000180025095e-35 3.9838957784948001 4.0115160874231268 0.78793594737143458 1.5000000000000002 0.71110240231374011
decision_type=2 2 2 2 2 2 2 2 2 2 2 2 2 2 2 2 2 2 2 2 2 2 2 2 2 2 2 2 2 2
left_child=16 4 15 5 14 13 10 9 -9 -8 12 -12 -6 -4 17 19 -1 -2 -19 22 -21 23 -3 -5 25 -18 27 -27 -7 -26
right_child=1 2 3 21 6 28 7 8 -10 -11 11 -13 -14 -15 -16 -17 24 18 -20 20 -22 -23 -24 -25 29 26 -28 -29 -30 -31
leaf_value=0.049711424796346527 0.024275343154739344 0.040066090384106003 0.059299927237979513 -0.0083495998912905683 0.014943276315887242 0.046224398294431208 0.043100767687927519 0.0052445709006534976 -0.0040788508440831065 0.0084668709499324448 -0.013464475242232724 0.001817848922703334 -0.0054148827009878513 0.010622259204929874 0.035226212483758471 0.050357510296484699 0.046620797452131768 0.0057626764967480086 -0.066260598846755211 -0.04836180245728236 -0.011872828133783299 0.025644709022180898 -0.0066357153019856443 -0.050685670976646925 -0.32548997071563818 0.04410219855269161 0.026271748970283268 -0.053860228956941161 0.0041498051354301457 0.04758421498739332
leaf_weight=3756.4439997033915 228.35098805162124 19.886122252326459 50.786149207502604 782.60433216020465 699.95142210531048 807.62850983178942 776.96464464114979 3118.0127131864429 37302.20183775411 216.96747557446361 5820.8853404431138 1613.4564232635312 5413.1024764543399 387.33933863649145 206.55245077074505 23.890276213991456 72.902607721101958 357.05409141001292 16.644699931144714 75.86941422522068 173.41007235646248 42.945969916880131 2369.1366303275572 21.900917164981365 0.13078299164771934 16.714434886001982 94.221430400270037 22.382845464395359 16.886400488205254 99.828826689801645
leaf_count=4258210 15853 11806 385 5644 11020 404074 9733 16444 298144 1632 27356 8720 24727 4960 68854 12820 73217 33627 313 332 720 280 29256 191 4 9945 53208 5492 732 104272
internal_value=0.00053239 -0.00268335 0.00388408 0.0180016 -0.00324533 0.035266 -0.00354369 -0.00242605 -0.00335964 0.0355405 -0.0069603 -0.0101478 -0.00308385 0.0162648 0.0170344 -0.00730569 0.0484543 0.0107931 0.00255473 -0.00782784 -0.0229784 -0.00772099 -0.00624697 -0.00950211 0.0330309 0.0262133 0.0150539 -0.0119804 0.0453627 0.0470961
internal_weight=64605.1 60542.4 4772.28 2110.09 55770.1 1262.64 54961.5 41414.1 40420.2 993.932 13547.4 7434.34 6113.05 438.125 808.602 2662.19 4062.62 602.05 373.699 2638.3 249.279 847.451 2389.02 804.505 306.181 206.221 133.319 39.0973 824.515 99.9596
internal_count=5491971 987623 471200 416266 516423 410151 397776 325953 314588 11365 71823 36076 35747 5345 118647 54934 4504348 49793 33940 42114 1052 6115 41062 5835 246138 141862 68645 15437 404806 104276
is_linear=0
shrinkage=0.05


Tree=67
num_leaves=31
num_cat=0
split_feature=2 1 0 2 2 0 3 2 3 1 2 3 2 3 0 0 3 2 1 0 2 3 0 2 3 3 2 0 2 0
split_gain=3773.86 83.28 296.108 84.2899 65.585 117.207 82.7535 59.8639 50.8638 49.5226 61.0304 45.5738 39.1664 32.4621 29.8944 18.3223 16.0519 12.4392 11.8022 47.3993 18.5275 15.4048 232.336 10.14 8.6382 23.3945 10.7856 10.1389 7.34031 5.83714
threshold=4.0280459656469025 1.0000000180025095e-35 0.96049416765322659 4.0995571897658998 5.0937103219158661 0.35212193414828868 5.9991846393519213 4.7783038066593404 8.6759645812166841 1.5000000000000002 4.3694752276468831 5.4425259239190353 7.740204100276876 4.0631118560949693 0.83351541442585564 0.2632453871837514 5.0481237364455485 7.220131748367046 1.0000000180025095e-35 0.7039405449903855 3.9838957784948001 4.0639712580105192 0.94344475705292619 4.0115160874231268 4.204841850850066 4.1987796469857166 4.0615743271509634 0.94191383711497811 4.0077909558517755 0.16732986996238744
decision_type=2 2 2 2 2 2 2 2 2 2 2 2 2 2 2 2 2 2 2 2 2 2 2 2 2 2 2 2 2 2
left_child=13 2 4 24 7 15 -7 11 9 12 -11 -2 -5 -1 -9 -6 -4 -18 20 -20 -15 22 -22 -23 25 27 -27 -3 -21 -10
right_child=1 3 16 8 5 6 -8 14 29 10 -12 -13 -14 18 -16 -17 17 -19 19 28 21 23 -24 -25 -26 26 -28 -29 -30 -31
leaf_value=0.049692349972909333 -0.0024879206204341938 -0.00083602631006190618 0.010727931217398311 -0.0040287232770806489 -0.010153932555238812 0.0002843952684263365 0.020408724024149408 -0.0096454746800534487 -0.022915818418433737 0.048436076104451997 0.0026241782454651604 0.0062652180836681422 0.0073641544977389494 0.046455188237726999 0.043499215449496732 0.0014008078629082379 0.049637996926871708 -0.0069987002689151845 -2.3258813572018902 -0.080361910415704479 -2.0823851101580599 -0.004705057719236707 0.023656272044303372 0.025854011269419261 0.044656217641020284 0.0049619564079038166 -0.19234445145052059 0.050083674346686341 0.048984291808392949 -0.013507945892743269
leaf_weight=3574.5776202672278 5818.4440278435359 17.557341324805748 31.611540247453377 42573.162549714325 878.40869653970003 824.26234361424576 1343.4338745673886 2513.6174970529974 237.06484447419643 75.764084490481764 1797.1465936992317 1997.5972428135574 767.98290294408798 69.588176338816993 26.742761522647925 562.96265725046396 330.30617192719365 9.9879187792539579 0.02104167127981682 1.1097653724718828 0.14068273454904501 38.76690263999626 1.8939251920091917 90.552505698346067 91.511578213656321 1.108465394645463 1.8463264752645043 22.057532182778232 94.239765202510171 541.44566158950329
leaf_count=4258210 88248 10163 2881 202678 4760 9587 158868 13428 1515 10154 13699 17566 3655 73217 4416 4211 360061 84 3 22 97 14889 1748 51911 60178 872 180 17020 104251 3399
internal_value=0.000512961 -0.00255109 0.000777287 -0.00358564 -0.000395311 0.00540901 0.0127565 -0.00241804 -0.00370104 -0.00348286 0.00447739 -0.000250823 -0.00382685 0.048374 -0.00908601 -0.00564095 0.0448096 0.0479757 0.0324707 0.0469552 0.025596 0.0145454 -0.121966 0.0166931 0.0360004 0.017393 -0.118327 0.027516 0.0474788 -0.0163727
internal_weight=64334.9 60464 14337.4 46126.6 13965.5 3609.07 2167.7 10356.4 45992.6 45214.1 1872.91 7816.04 43341.1 3870.89 2540.36 1441.37 371.906 340.294 296.313 95.3706 200.942 131.354 2.03461 129.319 134.081 42.5697 2.95479 39.6149 95.3495 778.511
internal_count=5491971 987623 664110 323513 301084 177426 168455 123658 235100 230186 23853 105814 206333 4504348 17844 8971 363026 360145 246138 104276 141862 68645 1845 66800 88413 28235 1052 27183 104273 4914
is_linear=0
shrinkage=0.05


Tree=68
num_leaves=31
num_cat=0
split_feature=2 3 3 3 3 1 2 0 2 0 3 1 0 0 3 2 2 1 3 0 2 2 0 0 2 1 2 0 2 0
split_gain=3577.15 79.0376 261.829 133.271 117.573 99.8559 108.221 96.973 86.1188 83.8487 85.354 78.6152 79.0064 76.6669 67.3101 46.3207 40.2042 35.384 33.3275 27.2915 24.0681 21.9318 19.9206 19.5487 16.1924 11.8026 18.0859 15.5452 13.2888 30.2166
threshold=4.0280459656469025 7.9844543739244713 7.9583251190734163 7.781075859749671 7.9941566304452838 1.5000000000000002 6.7699180945479123 0.16732986996238744 6.3476752454406311 0.66471697878931379 8.1727008602802069 1.5000000000000002 0.89807491427866115 0.40328621957453575 5.4425259239190353 4.7327784207308978 7.3099056398307338 1.5000000000000002 4.0631118560949693 0.88700856337990219 7.5520523718568109 5.6599165454229086 0.9300344629294619 0.53987881902663493 5.6599165454229086 1.0000000180025095e-35 3.9838957784948001 0.67109024589866439 4.0115160874231268 0.78793594737143458
decision_type=2 2 2 2 2 2 2 2 2 2 2 2 2 2 2 2 2 2 2 2 2 2 2 2 2 2 2 2 2 2
left_child=18 2 3 7 8 6 21 15 24 10 16 20 -13 -12 -9 -2 -6 19 -1 -5 -10 -4 -7 -8 -3 26 -20 -27 29 -28
right_child=1 4 5 17 9 22 23 14 11 -11 13 12 -14 -15 -16 -17 -18 -19 25 -21 -22 -23 -24 -25 -26 27 28 -29 -30 -31
leaf_value=0.049672526901855814 0.01994595462115379 0.062848439526384081 0.064753108045821003 -0.01363718598016276 0.012439784904653479 -0.013468746604835319 0.037001706518784344 -0.0035723738267132831 -0.020703792380427511 0.023504030532940291 -0.011898626341534888 0.032131625743244227 -0.22921624039306449 0.0029065413228619246 0.00033332806993347153 -0.015687596060221298 -0.0087825753918755172 0.010529187335764793 0.046282515935864299 -0.11118985096687153 -0.039721997006642473 0.0050765982630977102 0.027067637573791731 0.056855762995566654 0.0049997090900799936 -0.73665133710142627 0.043859317413110908 0.047369490257679336 0.024994948062419038 -0.04428263855377787
leaf_weight=3401.5666484336834 96.962303195148706 12.574516177177427 16.215210065245628 2760.3696655482054 910.14637367427349 185.90175943076611 303.67937968671322 17929.272802686319 1736.5527925044298 279.96070997416973 3153.126943051815 92.486827112734318 2.9851100370287886 1209.9712584242225 28671.854460563918 1534.7389515340328 295.65774530917406 156.74378150701523 66.435138147557154 7.188178062438964 183.98291244357824 304.72935524582863 36.211235519498587 209.52326079457998 318.29951418936253 0.06326773762702842 16.070845225942321 91.054858229472302 89.465327638958115 24.618621823610738
leaf_count=4258210 572 64 65 11713 3948 1740 1255 350602 9012 1511 15842 758 34 5435 570954 6563 1309 1058 73217 30 757 1238 625 943 1595 1 9945 104275 53208 5492
internal_value=0.000493986 -0.00242501 -0.00170848 -0.00221724 -0.00698993 0.0229323 0.0308653 -0.00158886 -0.016444 -0.00319643 -0.00453871 -0.0203243 0.0239601 -0.00779287 -0.00116935 -0.0135701 0.00723616 -0.0125817 0.0482904 -0.0138906 -0.0225257 0.00809166 -0.00686007 0.0451074 0.00719819 0.03195 0.0250554 0.0468251 0.0142205 -0.0094698
internal_weight=64098.4 60409.1 52213.4 51157.1 8195.74 1056.26 834.147 48232.8 2346.88 5848.86 5568.9 2016.01 95.4719 4363.1 46601.1 1631.7 1205.8 2924.3 3689.27 2767.56 1920.54 320.945 222.113 513.203 330.874 287.708 196.59 91.1181 130.155 40.6895
internal_count=5491971 987623 947358 941492 40265 5866 3501 928691 12220 28045 26534 10561 792 21277 921556 7135 5257 12801 4504348 11743 9769 1303 2365 2198 1659 246138 141862 104276 68645 15437
is_linear=0
shrinkage=0.05


Tree=69
num_leaves=31
num_cat=0
split_feature=2 0 2 3 2 3 3 2 3 1 3 3 3 1 1 1 0 3 3 0 3 3 0 1 2 2 0 1 0 0
split_gain=3390.1 76.5822 265.446 347.648 120.442 94.1981 78.4574 89.6306 85.5827 52.729 45.8444 41.1799 34.2957 33.5615 28.8207 24.9669 24.8707 28.1281 22.9323 26.2212 16.7842 16.64 15.1411 11.8328 17.7989 12.331 27.2311 11.5438 8.30535 7.17326
threshold=4.0280459656469025 0.8150384491514896 4.2375608875783284 7.2265362286251831 4.1643283978498689 4.6428993089071149 4.5479117545328309 4.2375608875783284 5.4425259239190353 1.0000000180025095e-35 4.4417685123134873 4.4417685123134873 4.0631118560949693 1.0000000180025095e-35 1.5000000000000002 1.0000000180025095e-35 0.56936485613816601 4.6680510796181691 4.3282302013682576 0.88427325327375472 8.1727008602802069 4.204841850850066 0.99999915540540552 1.0000000180025095e-35 3.9838957784948001 4.0115160874231268 0.7570029747540562 1.5000000000000002 0.67109024589866439 0.36175671919056113
decision_type=2 2 2 2 2 2 2 2 2 2 2 2 2 2 2 2 2 2 2 2 2 2 2 2 2 2 2 2 2 2
left_child=12 4 14 5 13 11 10 9 -9 -8 -6 -4 -1 16 18 -12 29 -18 21 -20 22 -3 -5 24 -14 26 -26 -7 -25 -2
right_child=1 2 3 20 6 27 7 8 -10 -11 15 -13 23 -15 -16 -17 17 -19 19 -21 -22 -23 -24 28 25 -27 -28 -29 -30 -31
leaf_value=0.049651906036775523 0.047132049573903635 -0.0075610697570335714 0.028404154085098096 -0.012388924877789967 0.018462040576024647 0.045856291606379745 0.0032840223542815496 -0.0068502426177321002 -0.0020968440601142582 0.028893240747732037 -0.006472902959825136 -0.0029972089771144231 0.046102521423963691 0.034418273468544605 0.050324267421990893 -0.036779791225573691 0.0057760061232035413 -0.058793034638598966 -0.011816336647221176 -0.048671328848953539 0.023695658538994857 0.0032496973846410657 0.0047329184573257797 -0.37870981894461009 0.046598962421153745 0.024358605575199588 -0.038755356518676898 0.0039924077273468762 0.047232307024512858 0.020351316562669957
leaf_weight=3236.9807936020661 28.664927514269948 1951.8630835964577 261.84061722783372 639.96172197908163 55.743360560387373 757.98604405793594 518.73615078721195 12287.589994476642 41285.571189827519 328.15419474849477 87.52683363109827 173.64685205137357 63.435648510348983 196.53770355263259 22.037864065903705 303.90118404431269 357.15010496741161 17.702824141830206 182.55556192994118 65.605255171656609 41.447281986474991 435.33142009819858 161.75793008878827 0.11459602415561576 14.379840250127016 87.268961126974318 26.685655694571324 16.832479378208518 86.859367688186467 195.78796206088737
leaf_count=4258210 3172 33618 2609 4719 283 404074 7582 56728 324821 6428 472 2736 73217 68854 12820 1462 33627 313 765 287 280 7444 1116 1 9486 53208 5951 732 104275 12681
internal_value=0.000474172 -0.00230518 0.0038161 0.0173179 -0.00282324 0.0344892 -0.00310335 -0.00293196 -0.00318709 0.0132071 -0.0239614 0.0158831 0.0482027 0.0164884 -0.00661726 -0.0300029 0.0106084 0.00272667 -0.00709343 -0.0215595 -0.00733038 -0.00558961 -0.00893436 0.0313741 0.0244364 0.0137268 -0.00886697 0.0449468 0.0466711 0.0237715
internal_weight=63889.7 60373.9 4710.87 2053.47 55663.1 1210.31 54867.2 54420.1 53573.2 846.89 447.171 435.487 3515.72 795.844 2657.39 391.428 599.306 374.853 2635.36 248.161 843.167 2387.19 801.72 278.744 191.77 128.334 41.0655 774.819 86.974 224.453
internal_count=5491971 987623 471200 416266 516423 410151 397776 395559 381549 14010 2217 5345 4504348 118647 54934 1934 49793 33940 42114 1052 6115 41062 5835 246138 141862 68645 15437 404806 104276 15853
is_linear=0
shrinkage=0.05


Tree=70
num_leaves=31
num_cat=0
split_feature=2 0 2 3 3 3 1 2 3 1 0 0 1 3 3 2 0 1 2 3 3 0 2 0 2 0 2 1 2 2
split_gain=3213.44 74.715 140.353 75.8341 275.818 187.134 123.474 117.394 82.5151 73.7943 63.8305 61.9567 54.6465 47.9651 29.9334 26.3456 25.2958 23.9411 24.7253 21.7675 89.1117 28.8251 18.798 16.0917 14.0018 9.2209 13.7226 8.64511 15.144 14.0863
threshold=4.0243485990381496 0.25135338761287312 4.4527119691926762 7.9844543739244713 7.9583251190734163 7.9941566304452838 1.5000000000000002 7.1297169139308805 5.4425259239190353 1.5000000000000002 0.66471697878931379 0.89807491427866115 1.5000000000000002 6.5337081385214217 4.0631118560949693 7.0336754972165965 0.53987881902663493 1.5000000000000002 5.0257894490011461 7.9583251190734163 8.1727008602802069 0.14283967029535363 7.5520523718568109 0.9300344629294619 4.8213945277212966 0.20746273059816209 4.3694752276468831 1.0000000180025095e-35 3.9838957784948001 4.0115160874231268
decision_type=2 2 2 2 2 2 2 2 2 2 2 2 2 2 2 2 2 2 2 2 2 2 2 2 2 2 2 2 2 2
left_child=14 2 25 4 7 9 16 8 -3 22 15 -11 -9 17 -1 -7 -6 18 -4 21 -21 -15 -5 -8 -19 -2 -27 28 -16 -30
right_child=1 3 13 5 6 10 23 12 -10 11 -12 -13 -14 19 27 -17 -18 24 -20 20 -22 -23 -24 -25 -26 26 -28 -29 29 -31
leaf_value=0.049630229990939335 0.053886319859794946 -0.0031989695050322012 -0.0022794899543994488 -0.020733163912253362 0.032747840793815916 0.010658480623478326 -0.010346067179733472 -0.014280106193439532 0.0012913868442490271 0.032392368934284668 0.022521664852368044 -0.17947800599080257 0.017564515433826793 -0.018520632273086104 0.045914939810410782 -0.0038607105484446697 0.054572107533089442 0.04721524462230043 0.02282275728731932 0.0050282526412185639 -0.012804776691756501 -0.0087851273475847685 -0.037671588198051227 0.026539852760832705 0.004787813192557536 0.046942243469904138 0.015339843946465245 0.046054032047367632 -0.0083098551799471315 0.028047607499165867
leaf_weight=3078.8827702651615 53.132833293522708 17928.225966174097 1528.0397648587823 1515.0846435576677 367.25501868128777 346.71141761541367 174.98043666034937 2140.9517959207296 23829.05389179854 86.298534199595451 276.62856061011553 3.5942581370472899 143.76580687612295 925.14648101478815 60.582244293880649 3160.6383325755596 207.95371560379863 42.154101513326168 104.82685244083405 1235.4426620304585 1617.9344756901264 4267.4480035007 183.65110042691231 35.580188263207674 36.098338559269905 61.88206480955705 77.210400233976543 73.523638441227376 41.418854890507646 74.667689446592703
leaf_count=4256098 807 371068 7607 7969 1523 1492 1671 11224 543947 735 1511 34 1051 3954 73217 14774 943 421 493 5671 8426 19029 757 625 190 1569 641 92404 15437 46683
internal_value=0.000456093 -0.00218195 -0.0061416 -0.00140029 -0.000716474 -0.00690114 0.0286461 -0.00124034 -0.000636519 -0.0202281 -0.000601683 0.023921 -0.0122763 -0.00697514 0.0482787 -0.00242545 0.0406379 0.000626745 -0.000667975 -0.00859182 -0.00508351 -0.0105197 -0.0225644 -0.00411315 0.0276432 0.036168 0.0293997 0.0316467 0.0256508 0.0150755
internal_weight=63678.8 60349.7 9949.32 50400.4 44827.8 5572.61 785.769 44042 41757.3 1788.63 3783.98 89.8928 2284.72 9757.09 3329.08 3507.35 575.209 1711.12 1632.87 8045.97 2853.38 5192.59 1698.74 210.561 78.2524 192.225 139.092 250.192 176.669 116.087
internal_count=5491971 1008132 48808 959324 932052 27272 4762 927290 915015 9495 17777 769 12275 45791 4483839 16266 2466 8711 8100 37080 14097 22983 8726 2296 611 3017 2210 227741 135337 62120
is_linear=0
shrinkage=0.05


Tree=71
num_leaves=31
num_cat=0
split_feature=2 0 2 3 2 3 3 2 3 1 3 3 1 3 1 1 0 3 0 3 3 0 1 1 2 2 0 0 2 0
split_gain=3045.89 71.84 245.133 319.937 115.223 93.5804 70.4769 81.6649 74.3075 48.7757 41.3989 39.8717 32.9385 30.8239 29.7106 22.7489 22.6356 25.3361 21.1214 32.4204 13.89 14.005 11.384 8.66256 14.9324 13.1748 24.4105 9.01815 7.63321 7.02698
threshold=4.0243485990381496 0.8150384491514896 4.2375608875783284 7.2265362286251831 4.1643283978498689 4.6428993089071149 4.5479117545328309 4.2375608875783284 5.4425259239190353 1.0000000180025095e-35 4.4417685123134873 4.3164876109760542 1.0000000180025095e-35 4.0631118560949693 1.5000000000000002 1.0000000180025095e-35 0.56936485613816601 4.7003439835576311 0.99955042434302832 4.204841850850066 8.1727008602802069 0.99999915540540552 1.5000000000000002 1.0000000180025095e-35 3.9838957784948001 4.0115160874231268 0.7570029747540562 0.9559078453876011 4.0077909558517755 0.36175671919056113
decision_type=2 2 2 2 2 2 2 2 2 2 2 2 2 2 2 2 2 2 2 2 2 2 2 2 2 2 2 2 2 2
left_child=13 4 14 5 12 11 10 9 -9 -8 -6 -4 16 -1 18 -12 29 -18 19 -3 21 -5 -7 24 -15 26 -26 -27 -25 -2
right_child=1 2 3 20 6 22 7 8 -10 -11 15 -13 -14 23 -16 -17 17 -19 -20 -21 -22 -23 -24 28 25 27 -28 -29 -30 -31
leaf_value=0.049607848923338471 0.046946946192942735 -0.023076896427047505 0.058057525289848561 -0.011388454762734691 0.017756896422054424 0.045556638536146887 0.0032561864813032294 -0.0063397130982452343 -0.0019119806132864088 0.027994934789095694 -0.0059645248107930557 0.0099645313677294862 0.034208521938822387 0.045719506143463269 0.050284668570409911 -0.034856065897692912 0.0042859354278338103 -0.14022033801638381 -0.0028158671334275105 -0.005243533556697863 0.022065700538586263 0.0051209644952513152 0.0039446949759206909 -0.087601132151161512 0.046460803101600841 0.028076763760279178 -0.034751082023304326 -0.44445101615526084 0.047893674165863688 0.019902236944782922
leaf_weight=2930.0124408256961 27.427573326393031 406.42909834394231 48.547198398038745 634.62732406333089 55.565067635849118 726.88920453278115 518.44941474031657 12302.630208754912 41237.21447446919 323.61285085766576 87.876355670392513 383.83787677041255 194.57576328411233 57.86781995696947 23.190273315412924 303.26279453327879 375.9052247669315 3.0579156875610343 1554.6061678315746 683.36233928392176 40.232017263770103 161.05831450968981 16.816362291574478 1.0553039999213059 13.841235598549245 72.512780719203874 27.912251445814036 0.10111324646277253 69.174565029563382 193.23295700154267
leaf_count=4256098 3214 34510 385 4719 283 404074 7582 56728 324821 6428 472 4960 73607 73217 15533 1462 36496 32 8245 9403 280 1116 732 22 9486 46568 5951 115 92382 13050
internal_value=0.000437798 -0.00207442 0.00387545 0.0170523 -0.00257499 0.0338616 -0.00284888 -0.00268641 -0.00292941 0.0127635 -0.022628 0.0153643 0.0163333 0.0481901 -0.00606308 -0.0283651 0.0105328 0.00311989 -0.00655723 -0.0118943 -0.00659742 -0.00804671 0.0446157 0.0310574 0.0250226 0.0145503 -0.00782943 0.0274188 0.0458577 0.0232638
internal_weight=63474.9 60302.4 4679.6 2012.01 55622.8 1176.09 54828.6 54381.9 53539.8 842.062 446.704 432.385 794.199 3172.48 2667.59 391.139 599.624 378.963 2644.4 1089.79 835.918 795.686 743.706 242.465 172.235 114.367 41.7535 72.6139 70.2299 220.661
internal_count=5491971 1008132 483957 416266 524175 410151 397776 395559 381549 14010 2217 5345 126399 4483839 67691 1934 52792 36528 52158 43913 6115 5835 404806 227741 135337 62120 15437 46683 92404 16264
is_linear=0
shrinkage=0.05


Tree=72
num_leaves=31
num_cat=0
split_feature=2 3 2 3 3 3 2 3 0 0 0 3 0 3 0 0 2 1 2 0 2 0 3 0 0 3 2 3 1 2
split_gain=2887.06 70.419 173.287 225.619 126.09 114.012 101.865 93.2657 567.531 121.395 90.1355 85.5663 83.4995 78.4998 77.3606 103.046 63.8151 59.6367 58.5733 72.2117 57.0926 47.6245 75.8729 46.7693 38.3133 31.6789 28.6535 28.2211 17.7776 14.4889
threshold=4.0243485990381496 7.3225632713640296 5.6599165454229086 6.5337081385214217 7.3233027137203726 7.2579402070459418 6.6858765715418915 5.8260591009502205 0.29087206909299079 0.59740168283145612 0.57511954246434016 5.9991846393519213 0.69035327433527816 7.5753487237152513 0.62321938227643348 0.25135338761287312 4.4527119691926762 1.0000000180025095e-35 6.8607775849798927 0.67109024589866439 6.742726673005488 0.3820810697357887 8.3585725317228619 0.65062298805038576 0.18954989862812724 4.0631118560949693 4.3694752276468831 8.6759645812166841 1.0000000180025095e-35 5.8065205138007423
decision_type=2 2 2 2 2 2 2 2 2 2 2 2 2 2 2 2 2 2 2 2 2 2 2 2 2 2 2 2 2 2
left_child=25 2 7 11 18 6 -5 8 26 16 -7 28 -10 14 15 -6 -9 -11 20 23 24 27 -23 -20 -3 -1 -2 -15 -4 -13
right_child=1 4 3 5 13 10 -8 9 12 17 -12 29 -14 21 -16 -17 -18 -19 19 -21 -22 22 -24 -25 -26 -27 -28 -29 -30 -31
leaf_value=0.049584515780358496 0.052083946783293901 0.0028639632787840316 -0.2359995488824696 0.0022949864133547794 -0.0074288575759165355 0.0034235189307302346 -0.027929762997514068 0.030762091357390171 -0.0034288225937021393 -0.086391683435225408 0.02787262752031075 0.029412883013001753 0.0036372574074943647 -0.0060078640321597192 -0.018402166971615157 0.014751416841169901 -0.0056640252052203386 -0.009288667758010509 -0.013080826913159036 -0.014447256820501532 -0.045757376385324136 -0.0035264756909322899 0.011093528625392673 0.027929981027733877 -0.021208035276906491 0.030472815951628381 0.032990420846789256 -0.016399878275667974 0.015183271656459411 0.050934195201095628
leaf_weight=2788.3929730177624 331.74041193420999 196.53877547383308 3.279841845156624 3078.4273151289672 759.92153185606003 728.18490712670609 306.52273371012416 121.55605752579868 17296.45427195821 69.121250065043569 781.59563064784743 105.25840556435287 5513.6083580734557 7349.2310177087784 316.89113332005218 1684.1482006851584 11079.744400085881 39.35981397330761 104.43079890776426 740.18996469210833 206.93361058924347 5642.1291350759566 1053.0553996898234 207.95210143690929 1039.8742698282003 235.10806140355999 481.96200514491647 717.04435932636261 0.89709472656249989 304.28947459731717
leaf_count=4256098 6729 1110 141 27706 3149 12377 4946 1372 155314 548 86929 750 239995 32834 1677 7659 53153 161 3260 4932 1809 27908 4999 11177 5567 227741 3583 4643 9 303695
internal_value=0.000421001 -0.00197116 -0.000765646 0.00765123 -0.00439456 0.00465438 -0.000442003 -0.00204466 -0.000257096 -0.00577851 0.0160805 0.0431066 -0.00172082 -0.00289689 0.00484134 0.00785502 -0.00526873 -0.0584167 -0.0149088 -0.00593941 -0.0214498 -0.00434424 -0.00122696 0.0142199 -0.0173816 0.0480984 0.0407747 -0.00693165 -0.182052 0.045403
internal_weight=63283.8 60260.3 40242 5308.46 20018.3 4894.73 3384.95 34933.5 23623.8 11309.8 1509.78 413.725 22810.1 17522.4 2760.96 2444.07 11201.3 108.481 2495.92 1052.57 1443.35 14761.5 6695.18 312.383 1236.41 3023.5 813.702 8066.28 4.17694 409.548
internal_count=5491971 1008132 897408 436553 110724 131958 32652 460855 405621 55234 99306 304595 395309 82869 12485 10808 54525 709 27855 19369 8486 70384 32907 14437 6677 4483839 10312 37477 150 304445
is_linear=0
shrinkage=0.05


Tree=73
num_leaves=31
num_cat=0
split_feature=2 1 0 2 2 0 3 2 1 2 0 2 0 3 3 0 2 0 2 3 2 1 2 2 0 2 0 3 2 0
split_gain=2736.34 67.8997 239.911 82.1079 57.3609 100.034 86.3151 53.6878 41.7396 56.2991 37.0866 87.9665 66.5126 32.8768 32.6095 23.6363 22.3671 17.6042 11.0684 11.1475 9.80097 8.94196 15.1493 12.6721 22.8358 7.18017 6.98186 17.9576 22.4145 6.83312
threshold=4.0243485990381496 1.0000000180025095e-35 0.97067458685221053 4.0995571897658998 5.0937103219158661 0.37200840929843199 6.0785821681909509 4.7783038066593404 1.5000000000000002 4.3694752276468831 0.25135338761287312 4.4527119691926762 0.3109700072263431 5.4425259239190353 4.0631118560949693 0.83351541442585564 4.8213945277212966 0.2632453871837514 7.220131748367046 4.1109558246685376 4.1107138088430979 1.0000000180025095e-35 3.9838957784948001 4.0115160874231268 0.7570029747540562 4.0077909558517755 0.86451820848946037 4.1410690897451872 4.0475423181355392 0.67109024589866439
decision_type=2 2 2 2 2 2 2 2 2 2 2 2 2 2 2 2 2 2 2 2 2 2 2 2 2 2 2 2 2 2
left_child=14 2 4 26 7 17 -7 13 10 -10 11 -5 -12 -2 -1 -9 -11 -6 19 20 -4 22 -16 24 -24 -23 -3 -28 -29 -27
right_child=1 3 18 8 5 6 -8 15 9 16 12 -13 -14 -15 21 -17 -18 -19 -20 -21 -22 25 23 -25 -26 29 27 28 -30 -31
leaf_value=0.049560169041602042 -0.001524623132235034 0.044045134790603568 0.050329789133484765 0.038957586999699714 -0.0085013194118456602 0.0019455729513838099 0.022657269195688227 -0.0084537297184298817 0.048209125302199708 0.013942235040997878 0.0025731277144236228 -0.006930948721952929 -0.0034579182287885774 0.0059193054008820911 0.045375106777316113 0.040699099458327025 -7.9422065145895758e-05 0.0021423700999298749 -0.0062244151014309102 0.048829595889756626 -0.058825554786585937 -0.080731981508720879 0.046167341430130682 0.026068698858567215 -0.03439608236031947 -0.30490376912851475 0.043134274274585022 0.050059814190928399 -0.072892696150372888 0.048470503334048932
leaf_weight=2653.6720789122628 5875.3037803235929 90.829620791482739 3.7263073700014484 105.83924414217472 881.91965363174677 943.18781185429543 1077.921210113389 2537.3091046884656 70.489848018740304 353.53417614754289 5377.5063413600437 7875.2524003982544 30499.910558570642 1984.2311468283879 53.628760560997762 24.69609336584108 1454.7247105259448 694.33407243713737 10.05103614926338 281.83123880636413 4.5890112370252609 1.1068511812482018 12.819085555151103 68.563403662235942 28.026386752957478 0.13709470629691978 28.829923726851121 6.1803594797966062 9.2614278647815791 63.834739730984438
leaf_count=4256098 95418 70037 910 627 4760 11354 168507 13428 10154 4323 24036 34888 151654 17569 73217 5506 9418 5265 82 347922 31 22 9486 46683 5951 1 25166 5668 1409 92381
internal_value=0.000404877 -0.00187387 0.00113189 -0.00281212 0.000184812 0.00562852 0.0129918 -0.00169428 -0.00292709 0.00437087 -0.00323971 -0.00632241 -0.00255395 0.000354683 0.0480007 -0.00797993 0.00266196 -0.00381281 0.0453592 0.0471462 -0.00991025 0.0298599 0.0236056 0.0129348 -0.00911178 0.0455286 0.0361096 0.0198288 -0.0236827 0.0477132
internal_weight=63073.2 60191.5 14319.1 45872.4 14018.9 3597.36 2021.11 10421.5 45737.3 1878.75 43858.5 7981.09 35877.4 7859.53 2881.79 2562.01 1808.26 1576.25 300.198 290.147 8.31532 228.116 163.038 109.409 40.8455 65.0787 135.101 44.2717 15.4418 63.9718
internal_count=5491971 1008132 670752 337380 321807 189886 179861 131921 235100 23895 211205 35515 175690 112987 4483839 18934 13741 10025 348945 348863 941 227741 135337 62120 15437 92404 102280 32243 7077 92382
is_linear=0
shrinkage=0.05


Tree=74
num_leaves=31
num_cat=0
split_feature=2 2 0 3 2 3 2 0 3 1 1 3 0 2 0 3 3 0 3 0 3 3 3 0 3 0 1 1 2 2
split_gain=2593.64 61.5251 96.6187 543.093 154.61 169.896 302.848 100.323 116.039 58.136 57.9842 44.7376 40.6515 36.2409 50.4239 65.3116 42.4141 35.1159 33.4554 30.9939 78.2655 195.904 51.1383 29.8066 24.2263 18.5713 17.779 8.93624 14.8543 11.7695
threshold=4.0243485990381496 6.951795789371034 0.71110240231374011 4.6142785673051678 4.2375608875783284 5.2034845723991019 4.3329479324565865 0.83351541442585564 5.1648431135156008 1.0000000180025095e-35 1.5000000000000002 4.4417685123134873 0.66014026824279082 7.5520523718568109 0.40328621957453575 8.3585725317228619 8.4967555934485279 0.66014026824279082 4.0631118560949693 0.68382271030261743 7.9844543739244713 7.9583251190734163 7.9941566304452838 0.99964601490463567 7.9844543739244713 0.36175671919056113 1.5000000000000002 1.0000000180025095e-35 3.9838957784948001 4.0115160874231268
decision_type=2 2 2 2 2 2 2 2 2 2 2 2 2 2 2 2 2 2 2 2 2 2 2 2 2 2 2 2 2 2
left_child=18 2 4 10 9 17 -7 8 -5 25 11 -4 -11 19 -15 24 -17 -6 -1 20 21 -3 -22 26 -16 -2 -21 28 -20 -30
right_child=1 13 3 7 5 6 -8 -9 -10 12 -12 -13 -14 14 15 16 -18 -19 27 23 22 -23 -24 -25 -26 -27 -28 -29 29 -31
leaf_value=0.049534754702477292 0.030150935751471011 -0.0047245370510983356 -0.0028332144069247189 0.033778992553720237 -0.012174982737630048 0.033986628189770711 -0.0017579041919616204 0.045884944195660055 -0.0032499114182669153 0.037338903589080014 0.049542211008959558 -0.016751612990369504 0.0011877729453104455 -0.016898207679924625 0.0050131022500424487 0.020259685915930206 -0.0056867313535187251 -2.7050850043154999e-05 0.04515739699068512 -0.017595440595470701 -0.019805057239045906 0.034909614144145354 -0.0065246067622580992 0.0072528349910818794 -0.01021083779652756 0.0054561139545436657 0.019831038695162249 0.045342655688203476 -0.0085454902112460599 0.025433132126552113
leaf_weight=2525.5138238616637 83.122945238952525 2051.9296916984022 3107.7091453632456 561.14055776316673 4743.3214632952586 602.05206420761533 37653.085672604386 625.33428593998542 339.62877709139138 347.55720987485256 48.599605667870492 709.07419315818697 100.17660170071758 372.48494471609592 410.42711490392685 627.27520899474621 210.31429725885391 680.20279247686267 51.253076300898101 1176.5320529381279 1022.2155618220568 367.63689003139734 2491.9635465443134 147.07269231881946 719.29815571010113 905.31542122573592 32.610866226255894 62.167754646972753 41.202581831836142 66.808114820974879
leaf_count=4256098 6002 9355 88456 3772 21326 7087 296078 401539 7389 31824 27818 5018 18204 2377 3146 2882 1114 2949 73217 8477 5640 1723 12129 1165 3476 38940 246 92404 15437 46683
internal_value=0.000389193 -0.00178108 -0.00108275 0.00524331 -0.00183875 -0.00236951 -0.00119536 0.0304989 0.0198175 0.0143034 -0.00472792 -0.00541895 0.0292504 -0.00544372 -2.95127e-05 0.00316435 0.0137447 -0.0106514 0.0479009 -0.00718147 -0.00562284 0.00129761 -0.0103877 -0.0140009 -0.00468001 0.00753283 -0.016586 0.0292657 0.0229902 0.0124714
internal_weight=62883 60136.1 50506.3 5391.49 45114.8 43678.7 38255.1 1526.1 900.769 1436.17 3865.38 3816.78 447.734 9629.76 2339.8 1967.31 837.59 5423.52 2746.95 7289.96 5933.75 2419.57 3514.18 1356.22 1129.73 988.438 1209.14 221.432 159.264 108.011
internal_count=5491971 1008132 956402 533992 422410 327440 303165 412700 11161 94970 121292 93474 50028 51730 12995 10618 3996 24275 4483839 38735 28847 11078 17769 9888 6622 44942 8723 227741 135337 62120
is_linear=0
shrinkage=0.05


Tree=75
num_leaves=31
num_cat=0
split_feature=2 1 0 2 2 0 3 2 3 3 1 2 0 3 0 2 2 3 1 2 2 0 2 0 3 2 2 0 0 0
split_gain=2458.21 58.7905 216.067 74.2183 51.8589 90.4523 80.1829 49.0053 43.9337 36.232 34.9026 51.9813 36.7511 34.3518 21.603 15.9143 10.8762 10.8096 8.90126 14.5585 10.9471 20.5415 8.79301 6.98605 16.9517 19.3988 6.89244 5.92781 5.60867 5.24213
threshold=4.0243485990381496 1.0000000180025095e-35 0.97067458685221053 4.0995571897658998 5.0937103219158661 0.37200840929843199 6.0785821681909509 4.7327784207308978 5.4425259239190353 8.6759645812166841 1.5000000000000002 4.3694752276468831 0.52179196583813592 4.0631118560949693 0.83351541442585564 7.0336754972165965 7.220131748367046 4.1109558246685376 1.0000000180025095e-35 3.9838957784948001 4.0115160874231268 0.7570029747540562 4.1107138088430979 0.86451820848946037 4.1410690897451872 4.0475423181355392 4.0077909558517755 0.9559078453876011 0.67109024589866439 0.16732986996238744
decision_type=2 2 2 2 2 2 2 2 2 2 2 2 2 2 2 2 2 2 2 2 2 2 2 2 2 2 2 2 2 2
left_child=13 2 4 23 7 15 -7 8 -2 10 12 -12 -5 -1 -9 -6 17 22 19 -15 21 -21 -4 -3 -25 -26 -20 -22 -28 -11
right_child=1 3 16 9 5 6 -8 14 -10 29 11 -13 -14 18 -16 -17 -18 -19 26 20 27 -23 -24 24 25 -27 28 -29 -30 -31
leaf_value=0.049508219061759673 -0.0014279804326699382 0.043659709602297606 0.050314667791098056 -0.0017742871845880905 -0.0024815742228386697 0.0018837196266103277 0.021935711346904085 -0.0071782662592409152 0.0077657312554567891 -0.019966489781057153 0.047936080522506225 0.0026165802558422674 -0.0049002796351590352 0.044930845949533622 0.040397480912065201 -0.027912399053651754 -0.0060725247241351305 0.04868208014661804 -0.076655927684791986 0.046015706902323109 0.025509921401384958 -0.030913279978819465 -0.053562210004813052 0.042739916773019332 0.050056536545183897 -0.065169674023244736 -0.24663024105951281 -0.29434559774049629 0.048313357955855674 -0.010841930456624852
leaf_weight=2403.5988703170442 5637.1436883141287 85.456285944150295 3.5556068149162439 29161.088852697052 1513.3708445765078 942.03175867651589 1058.9969795309589 3075.0007609054446 1688.7113195132697 225.54336488246918 65.587004133383743 1793.2087558805943 13876.447245218558 48.993139400263317 24.047243940411136 64.125224933028221 10.069151207804678 257.38230021187337 1.1397779174149025 12.347001262591219 64.993557770852931 29.196984625188634 4.7706024348735809 27.291339195391629 5.799751143262255 9.8667711261659843 0.16163212060928245 0.14517627807799627 58.12620507075917 521.04514925181866
leaf_count=4256098 94269 70037 910 129941 9696 11354 168507 16117 15931 1515 10154 13699 76392 73217 5604 329 82 347922 22 9486 46568 5951 31 25166 5668 1409 1 115 92381 3399
internal_value=0.000374418 -0.00169352 0.00110746 -0.00256733 0.000244338 0.0054377 0.0124958 -0.00153837 0.000691298 -0.00267413 -0.00249247 0.00421566 -0.00278219 0.0477951 -0.0068091 -0.00351534 0.0449352 0.0468682 0.0286521 0.0223678 0.012006 -0.00804975 -0.00920285 0.0353912 0.0189425 -0.0225129 0.0451143 0.0247971 0.0474955 -0.0135984
internal_weight=62669.2 60050.5 14279.2 45771.3 14003.4 3578.52 2001.03 10424.9 7325.86 45642.9 44896.3 1858.8 43037.5 2618.7 3099.05 1577.5 275.778 265.709 215.103 155.676 106.683 41.544 8.32621 128.414 42.9579 15.6665 59.4276 65.1387 58.2878 746.589
internal_count=5491971 1008132 670752 337380 321807 189886 179861 131921 110200 235100 230186 23853 206333 4483839 21721 10025 348945 348863 227741 135337 62120 15437 941 102280 32243 7077 92404 46683 92382 4914
is_linear=0
shrinkage=0.05


Tree=76
num_leaves=31
num_cat=0
split_feature=2 3 2 3 3 3 2 3 0 0 0 0 3 3 0 0 0 0 2 1 0 0 2 3 3 2 1 2 0 2
split_gain=2329.88 54.5756 145.86 189.992 115.812 103.623 90.3484 83.1786 504.762 105.346 83.0954 79.0582 71.2754 70.1641 67.1783 84.5016 55.8421 101.562 53.488 49.0254 47.7083 42.0817 56.5744 35.1903 33.462 27.8135 25.0399 15.2775 14.3746 13.2338
threshold=4.0243485990381496 7.3225632713640296 5.6599165454229086 6.5337081385214217 7.3233027137203726 7.2579402070459418 6.6858765715418915 5.8260591009502205 0.29087206909299079 0.59740168283145612 0.57511954246434016 0.4533208610456857 5.9991846393519213 7.5753487237152513 0.68382271030261743 0.22420405234085827 0.65062298805038576 0.67109024589866439 4.4527119691926762 1.0000000180025095e-35 0.18954989862812724 0.34182627453620124 6.8861785982687591 4.0631118560949693 7.9583251190734163 4.3694752276468831 1.0000000180025095e-35 5.8065205138007423 0.8081821681442144 5.2015075959997707
decision_type=2 2 2 2 2 2 2 2 2 2 2 2 2 2 2 2 2 2 2 2 2 2 2 2 2 2 2 2 2 2
left_child=23 2 7 12 16 6 -5 8 25 18 -7 -10 -4 14 15 -6 20 -18 -9 -11 29 24 -23 -1 -15 -2 -22 -14 -19 -3
right_child=1 4 3 5 13 10 -8 9 11 19 -12 -13 27 21 -16 -17 17 28 -20 -21 26 22 -24 -25 -26 -27 -28 -29 -30 -31
leaf_value=0.049480482460556863 0.050959858877619273 0.036881301762692394 -0.14856492015946948 0.0023371843066909894 -0.0089071468504216874 0.0034982214440780197 -0.02623389872729508 0.028866328990929325 0.003273304603362281 -0.07758448670511181 0.027113958032118669 -0.0032472631078071788 0.028036929433810906 -0.011745689553388092 -0.021088292313681794 0.012496041450408146 0.026861275858905544 -0.021591033382943704 -0.0051083284956147937 -0.0083679208220251988 -0.04620595759780341 0.011582116837116622 -0.0026140586835665322 0.028049426969843014 -0.0041885300518427265 0.031736811455928923 -0.021134120293964304 0.050793023935631509 -0.007237818018389925 -0.0017652803196068342
leaf_weight=2287.623736368143 312.75071280449629 25.464518070220947 4.8508073093253179 3071.5427627582103 607.17421571910381 727.4327133288607 304.09271222364623 117.06938143051229 6511.2547449246049 73.158317606896162 763.39183647069149 16249.22666073218 102.77038053050637 2147.685146600008 226.2960020005703 1917.5900468537584 204.61546532483771 292.41328616719693 11097.350171692669 39.338478848338127 108.40373479016125 778.17483381927013 7151.1664522774518 209.05125215585576 4606.7100436389446 472.38931468874216 1224.383736461401 261.24764778680401 432.35039688646793 170.26039150357246
leaf_count=4256098 6729 134 150 27706 2518 12377 4946 1372 47886 548 86929 347423 750 8882 1228 8739 11177 1920 53153 161 4219 3175 35497 227741 22830 3583 6417 303695 3012 976
internal_value=0.000359712 -0.00160958 -0.000547579 0.00723446 -0.00375079 0.00461208 -0.00023663 -0.00171588 -2.21838e-05 -0.00523661 0.0155909 -0.00138188 0.0418313 -0.00231836 0.00500967 0.00734884 -0.0139116 -0.00424643 -0.00475366 -0.0533805 -0.0197882 -0.0036913 -0.00122087 0.047686 -0.00659147 0.0393941 -0.0231734 0.0443685 -0.0130288 0.00326278
internal_weight=62497.2 60000.6 40107.9 5235.33 19892.7 4866.46 3375.64 34872.5 23545.6 11326.9 1490.82 22760.5 368.869 17434.8 2751.06 2524.76 2457.89 929.379 11214.4 112.497 1528.51 14683.7 7929.34 2496.67 6754.4 785.14 1332.79 364.018 724.764 195.725
internal_count=5491971 1008132 897408 436553 110724 131958 32652 460855 405621 55234 99306 395309 304595 82869 12485 11257 27855 16109 54525 709 11746 70384 38672 4483839 31712 10312 10636 304445 4932 1110
is_linear=0
shrinkage=0.05


Tree=77
num_leaves=31
num_cat=0
split_feature=2 3 3 3 3 1 2 2 0 1 0 3 0 0 2 2 3 2 1 0 2 2 0 0 2 0 1 2 2 0
split_gain=2207.94 51.2855 206.458 105.72 95.7906 84.0474 84.3391 72.7605 69.9428 65.5066 63.2469 73.0036 56.3186 49.674 48.8078 39.0712 36.117 34.5703 28.1154 23.621 19.5855 18.1933 18.0856 15.7733 14.2373 13.1046 9.12462 14.6474 10.4475 19.232
threshold=4.0243485990381496 7.9844543739244713 7.9583251190734163 7.781075859749671 7.9941566304452838 1.5000000000000002 6.8037494619329566 6.3476752454406311 0.16732986996238744 1.5000000000000002 0.66471697878931379 8.1727008602802069 0.40328621957453575 0.91748323239899976 7.3099056398307338 4.7327784207308978 4.0631118560949693 7.3099056398307338 1.5000000000000002 0.88700856337990219 5.6599165454229086 7.5520523718568109 0.88427325327375472 0.53987881902663493 5.6599165454229086 0.54918476802382454 1.0000000180025095e-35 3.9838957784948001 4.0115160874231268 0.7570029747540562
decision_type=2 2 2 2 2 2 2 2 2 2 2 2 2 2 2 2 2 2 2 2 2 2 2 2 2 2 2 2 2 2
left_child=16 2 3 8 7 6 20 24 15 21 11 17 -13 -11 -10 -2 -1 -6 19 -5 -4 -9 25 -8 -3 -7 27 -18 29 -29
right_child=1 4 5 18 10 22 23 9 14 13 -12 12 -14 -15 -16 -17 26 -19 -20 -21 -22 -23 -24 -25 -26 -27 -28 28 -30 -31
leaf_value=0.049451495680268492 0.01987625421162861 0.059495897889682348 0.062667167755094899 -0.011612473261430216 0.012732789997162581 0.004027963288799204 0.033897601704059643 -0.017988386205592712 -0.00033280920136497487 0.030533831833715649 0.021668895170048365 -0.0096117585922270068 0.0031254347492187199 -0.15560598244021187 -0.017342731321073595 -0.012996829445355629 0.044542673419123102 -0.0070086023408287472 0.010013782819031272 -0.10132354216451891 0.0062672342400508455 -0.034597781638940887 0.018529957604969487 0.052036174231116908 0.0057534555183785816 -0.024938688127228031 0.044761907164580679 0.04570054125422579 0.023426324625216766 -0.03068611700026444
leaf_weight=2177.2988140509697 96.077995499596 12.823059737682341 16.173362120985985 2735.2425420992076 908.58480291068554 61.526603907346725 285.54606460034847 1679.8426215052605 45888.018932745792 90.329410791397095 273.25961409881711 3083.8466140031815 1207.7246295139194 3.7322759106755248 425.63230895996094 1526.5223612636328 45.549267932481598 293.36472883075476 155.32224378734827 7.3572125434875479 318.93066424131393 182.81379143893719 55.622377056628466 206.55399859696627 316.28320688009262 106.85858387500048 55.226936015300453 11.467698249733074 61.809471215587109 29.27669397322461
leaf_count=4256098 572 64 65 11713 3948 402 1196 9012 939648 762 1511 15842 5435 30 2417 6563 73217 1309 1058 30 1297 757 910 943 1595 1053 92404 9486 46683 5951
internal_value=0.000345752 -0.00152989 -0.000953705 -0.00140726 -0.00524243 0.0209792 0.0283364 -0.0139042 -0.000846622 -0.0175627 -0.00180908 -0.00297692 -0.00602729 0.023148 -0.000489134 -0.0110503 0.0475695 0.00791443 -0.0106811 -0.0118531 0.0089893 -0.0196185 -0.0061891 0.0415111 0.00784744 -0.0143545 0.0274166 0.0209486 0.0104692 -0.00918674
internal_weight=62318.6 59938 51885.4 50834.2 8052.6 1051.21 827.204 2285.82 47936.3 1956.72 5766.78 5493.52 4291.57 94.0617 46313.7 1622.6 2380.63 1201.95 2897.92 2742.6 335.104 1862.66 224.008 492.1 329.106 168.385 203.33 148.103 102.554 40.7444
internal_count=5491971 1008132 967867 962001 40265 5866 3501 12220 949200 10561 28045 26534 21277 792 942065 7135 4483839 5257 12801 11743 1362 9769 2365 2139 1659 1455 227741 135337 62120 15437
is_linear=0
shrinkage=0.05


Tree=78
num_leaves=31
num_cat=0
split_feature=3 2 0 2 3 3 3 2 1 3 1 0 1 2 0 3 3 1 0 0 0 2 0 3 2 0 2 3 3 2
split_gain=2093.09 79.4213 57.5696 201.419 250.692 82.1159 54.7973 97.9729 67.7576 56.2978 35.4328 41.3326 34.3597 26.7199 21.2473 38.6165 20.0471 16.752 12.1955 11.4211 9.06009 8.44492 12.5456 2.37395 7.57153 49.4942 20.007 21.8527 5.0707 2.15019
threshold=4.0769440439467477 4.1394526399019833 0.82224121924711235 4.2375608875783284 7.2265362286251831 4.6142785673051678 4.6428993089071149 4.2375608875783284 1.0000000180025095e-35 5.4425259239190353 1.5000000000000002 0.7039405449903855 1.0000000180025095e-35 4.0417407382996835 0.99955042434302832 4.204841850850066 4.4192622038457596 1.0000000180025095e-35 0.95335306110870277 0.75047987474028532 0.99999915540540552 4.0771750096418584 0.60049100728220639 4.0353904154716913 4.0068678565155924 0.92139609102059494 3.9838957784948001 4.0490856520153029 4.0639712580105192 4.0175483433243269
decision_type=2 2 2 2 2 2 2 2 2 2 2 2 2 2 2 2 2 2 2 2 2 2 2 2 2 2 2 2 2 2
left_child=23 10 6 14 5 -5 12 8 -8 -9 11 21 19 17 15 -4 -14 -13 -15 -3 -6 29 -23 -1 25 -25 27 -27 -28 -2
right_child=1 2 3 4 20 -7 7 9 -10 -11 -12 13 16 18 -16 -17 -18 -19 -20 -21 -22 22 -24 24 -26 26 28 -29 -30 -31
leaf_value=0.049603574413678804 0.046311171804563692 -0.0073025891927661572 -0.028899967052064431 0.015447553217018836 -0.0076741555083585881 0.0443553799359434 0.0054448085488783609 -0.0051115437335952614 0.035964255033400588 -0.0012234200781449994 0.050074011745685557 0.0075379268554566755 0.023485979875478888 -0.010582943601613444 -0.0020800846481630816 -0.0050605467312987672 -0.021261572770041613 0.041647873850318436 0.024885705482281972 0.012929033612199476 0.0057380402674122068 0.026610898988570865 0.0044267091285161214 0.05002622275639123 0.048068504861885651 -0.26432936339644203 -0.14514724159079093 -0.9584360200447849 0.050086616374342675 0.030221293035225978
leaf_weight=2019.9556405771291 26.774955321103334 173.88848225027323 240.13933417247608 407.82312212372199 610.0775669850409 617.81605552008841 575.28045450011268 12041.228837669827 265.93223173997831 41045.730613880674 59.852942739496939 152.96748257946456 25.984996989835054 296.80431279866025 1544.1392088276334 580.53859965968877 680.70972075406462 47.071731268544681 26.390211029211059 116.48597561568022 158.65927897766232 160.92406121827662 105.51737533370033 13.698217583529187 76.362717302690726 0.47716945526190047 1.7888108256156559 0.14874158130260184 0.40853791183326382 92.490687957440969
leaf_count=4147839 34950 1225 1206 5090 4678 404138 9946 55714 8408 325579 65451 98133 201 20359 6267 2688 3985 66780 4833 610 1118 16498 9119 26861 133976 980 1082 305 237 33715
internal_value=0.00033141 -0.00138948 -0.00162231 0.00404937 0.016681 0.0328608 -0.0020518 -0.00183706 0.0150929 -0.00210533 0.0128106 0.0103569 -0.0136665 0.00120247 -0.00553523 -0.0120362 -0.0196162 0.0155644 -0.00768678 0.000813484 -0.00490602 0.0227753 0.0178254 0.0492442 0.0414284 0.0107377 -0.179887 -0.429277 -0.108849 0.0338334
internal_weight=62166.1 60053.2 59084.4 4159.19 1794.38 1025.64 54925.2 53928.2 841.213 53087 968.794 908.941 997.069 523.234 2364.82 820.678 706.695 200.039 323.195 290.374 768.737 385.707 266.441 2112.84 92.8842 16.5215 2.82326 0.625911 2.19735 119.266
internal_count=5491971 1180691 830853 425185 415024 409228 405668 399647 18354 381293 349838 284387 6021 190105 10161 3894 4186 164913 25192 1835 5796 94282 25617 4311280 163441 29465 2604 1285 1319 68665
is_linear=0
shrinkage=0.05


Tree=79
num_leaves=31
num_cat=0
split_feature=3 2 0 2 3 3 3 2 3 3 3 1 0 2 1 0 3 1 0 0 2 0 0 3 2 0 3 2 2 3
split_gain=1987.33 72.5649 52.2394 184.994 235.445 81.6904 50.905 72.9795 55.8781 46.9875 39.7423 34.4696 38.5884 24.3614 21.6573 19.2362 35.2224 16.1594 11.3727 11.0798 8.23221 11.888 8.18612 2.46551 5.85601 32.0405 8.16243 8.81946 2.17367 0.426747
threshold=4.0769440439467477 4.1394526399019833 0.82224121924711235 4.2375608875783284 7.2265362286251831 4.6142785673051678 4.5479117545328309 4.2375608875783284 5.4425259239190353 5.2034845723991019 4.5256398455657729 1.5000000000000002 0.7039405449903855 4.0417407382996835 1.0000000180025095e-35 0.99955042434302832 4.204841850850066 1.0000000180025095e-35 0.7570029747540562 0.95335306110870277 4.0771750096418584 0.60049100728220639 0.99999915540540552 4.0279376260590949 4.0068678565155924 0.92139609102059494 4.0353904154716913 3.9948580582068298 4.0175483433243269 4.0290946611890162
decision_type=2 2 2 2 2 2 2 2 2 2 2 2 2 2 2 2 2 2 2 2 2 2 2 2 2 2 2 2 2 2
left_child=23 11 6 15 5 -5 10 9 -9 -8 14 12 20 17 -3 16 -4 -14 -12 -15 28 -22 -6 -1 25 -25 -27 -28 -2 -26
right_child=1 2 3 4 22 -7 7 8 -10 -11 18 -13 13 19 -16 -17 -18 -19 -20 -21 21 -23 -24 24 29 26 27 -29 -30 -31
leaf_value=0.049628412512423864 0.046132397373440825 0.0074775117204405502 -0.027623225066339636 0.014830134631478224 -0.0073002225943288217 0.043996764406133329 0.0073225471020448539 -0.0049990356839343889 -0.0011621850801335767 0.039160809097323813 -0.052283837821134986 0.050070441150813272 0.0072158893553197507 -0.0099685650485459524 -0.017481256884129593 -0.0019765357167325251 -0.0048075030253619845 0.041283541833104453 -0.017589720401949279 0.024153418808633031 0.025956973454109501 0.0042235342413001692 0.0054433645954821488 0.050024647557000326 0.035207044702858917 0.050023189285494901 -0.19706334628974265 -0.030448988913110382 0.029606625110964305 0.048268412019740414
leaf_weight=1899.8072884356661 25.565369967313018 124.05184899270535 238.71359764179215 403.67006638483144 609.28169690072536 592.35524988727411 867.56826645904221 12342.525298597757 41047.924387890147 133.74945740599651 86.414576437324286 56.937837770499755 151.83417532709427 299.27646372211166 290.33644062653184 1543.7917460794561 580.54051244072616 45.161303244181909 32.505956137552857 25.844887029146776 156.83450831659138 105.07527210260741 158.88005829229951 15.714913234551206 6.7493940190179265 0.69690296612679858 2.223279026569799 1.2356916292919775 89.760377151833382 85.139105262933299
leaf_count=4099994 34950 722 1206 5090 4678 404138 13747 57144 325579 6146 506 65451 98133 20359 1666 6267 2688 66780 158 4833 16498 9119 1118 32649 14566 1504 1924 680 33715 159963
internal_value=0.00031854 -0.00132016 -0.00154142 0.00388367 0.016135 0.0321761 -0.00194908 -0.00179835 -0.00204917 0.0115753 -0.0173215 0.012343 0.00995445 0.00115094 -0.0100096 -0.00526285 -0.0114555 0.0150259 -0.0428005 -0.0072561 0.022139 0.0172378 -0.00466445 0.0492038 0.0419866 0.0173743 -0.106089 -0.137542 0.0332701 0.047309
internal_weight=62020.2 60008.6 59052.3 4127.23 1764.19 996.025 54925.1 54391.8 53390.4 1001.32 533.309 956.29 899.352 522.117 414.388 2363.05 819.254 196.995 118.921 325.121 377.236 261.91 768.162 2011.57 111.759 19.8708 4.15587 3.45897 115.326 91.8885
internal_count=5491971 1180691 830853 425185 415024 409228 405668 402616 382723 19893 3052 349838 284387 190105 2388 10161 3894 164913 664 25192 94282 25617 5796 4311280 211286 36757 4108 2604 68665 174529
is_linear=0
shrinkage=0.05


Tree=80
num_leaves=31
num_cat=0
split_feature=3 2 0 3 3 3 3 1 0 0 3 1 0 2 2 2 2 1 3 1 2 2 0 2 3 2 0 3 2 2
split_gain=1886.87 66.3548 46.0776 47.2842 173.142 101.226 95.2803 74.0691 57.3065 56.0438 41.4963 30.0216 32.3984 29.0437 22.9846 18.9209 16.4339 15.5686 9.59186 7.03647 7.00029 5.46584 4.97951 3.40877 2.56432 5.86343 27.6879 6.05219 5.42921 2.19429
threshold=4.0769440439467477 4.1236035457433209 0.14283967029535363 7.9844543739244713 7.9583251190734163 7.9941566304452838 7.8949329787267777 1.5000000000000002 0.16732986996238744 0.66471697878931379 7.3081877281983463 1.5000000000000002 0.7039405449903855 4.7783038066593404 5.164810817739462 4.0417407382996835 6.3852636378288778 1.0000000180025095e-35 4.1005751085435147 1.5000000000000002 4.6570728482318184 4.0771750096418584 0.60049100728220639 5.0706860942401697 4.0279376260590949 4.0068678565155924 0.92139609102059494 4.0353904154716913 3.9948580582068298 4.0175483433243269
decision_type=2 2 2 2 2 2 2 2 2 2 2 2 2 2 2 2 2 2 2 2 2 2 2 2 2 2 2 2 2 2
left_child=24 11 10 4 6 8 -4 -6 -5 -7 13 12 21 20 23 17 -16 -14 -17 -15 -3 29 -23 -12 -1 26 -26 -28 -29 -2
right_child=1 2 3 5 7 9 -8 -9 -10 -11 14 -13 15 19 16 18 -18 -19 -20 -21 -22 22 -24 -25 25 -27 27 28 -30 -31
leaf_value=0.049607223258797628 0.045946078095362004 0.066906313943647808 -0.00071691799811919197 0.019779759355622182 0.027138996095461235 -0.0023991581615522514 -0.014329322870522505 -0.005410308458282647 -0.016059120072458025 0.020953639500964488 0.067992753772841003 0.050062339696316287 0.0069053627541950952 -0.030861278460003361 -0.0042551076656525992 0.044633854801453314 -0.019091861802900342 0.040907459772276507 -0.007623124304270118 0.0087438953741879096 0.0092380567608657885 0.026205360186829004 0.0086515280820522213 0.024669963371450776 0.050023444180968282 0.047176011098701731 0.050022060091663281 -0.15330341330101338 -0.02805305219017519 0.028986536354079519
leaf_weight=1807.9053567141527 24.41469522571424 7.5240989215672043 47861.975092192879 118.02814492583275 781.80795583501458 4898.3207114115357 1320.9832101725042 225.10535451769829 2029.4302693232894 271.13600205257535 5.1322711855173102 51.36948084551841 150.75706025073305 302.32411831617355 1053.477911233902 9.081449067918582 226.82402360439301 43.343834886152763 265.60807933832984 11.646828666329382 17.506492145359516 90.175536219845526 73.190933333244175 39.379299893975258 14.94883826581645 87.647910186700756 0.66292920336127181 2.7001746072201063 1.273155683185905 87.163172063883394
leaf_count=4099994 34950 50 781757 589 3333 23532 5771 2361 11033 1511 22 64246 98133 1260 4672 4362 1419 66780 20301 54 86 12576 7997 181 32649 174529 1504 1924 680 33715
internal_value=0.000306029 -0.00125428 -0.00144709 -0.00120976 -0.000662331 -0.00496478 -0.00108253 0.0198623 -0.0140894 -0.00117431 -0.00965002 0.0130939 0.0105405 -0.0252599 -0.00565567 0.00254846 -0.00688365 0.0144982 -0.00589547 -0.0293921 0.0265729 0.0241671 0.0183409 0.0296652 0.0491616 0.0416492 0.0169155 -0.0898355 -0.11317 0.0326975
internal_weight=61880.8 59965.7 59170.6 57506.8 50189.9 7316.92 49183 1006.91 2147.46 5169.46 1663.82 795.104 743.735 339.002 1324.81 468.79 1280.3 194.101 274.69 313.971 25.0306 274.944 163.366 44.5116 1915.14 107.233 19.5851 4.63626 3.97333 111.578
internal_count=5491971 1180691 837631 829887 793222 36665 787528 5694 11622 25043 7744 343060 278814 1450 6294 189576 6091 164913 24663 1314 136 89238 20573 203 4311280 211286 36757 4108 2604 68665
is_linear=0
shrinkage=0.05


Tree=81
num_leaves=31
num_cat=0
split_feature=3 2 0 2 3 3 3 2 3 3 1 0 1 2 3 3 0 1 0 0 3 1 2 3 2 3 2 0 0 0
split_gain=1791.54 60.9278 46.6941 169.697 220.95 81.0254 46.528 88.4511 225.828 50.1223 32.5709 34.2767 28.8072 20.3613 18.2882 17.5267 29.0531 14.6163 10.8699 10.1307 9.9025 9.74625 11.1382 7.90097 3.49071 2.66617 5.87012 24.3693 4.70295 8.62838
threshold=4.0769440439467477 4.1394526399019833 0.82224121924711235 4.2375608875783284 7.2265362286251831 4.6142785673051678 4.6428993089071149 4.2987140455362249 5.1648431135156008 5.4425259239190353 1.5000000000000002 0.73404260302458579 1.0000000180025095e-35 4.0372729332730319 4.4192622038457596 4.3282302013682576 0.86451820848946037 1.0000000180025095e-35 0.95335306110870277 0.75047987474028532 4.204841850850066 1.0000000180025095e-35 4.0280459656469025 7.3155776058677429 4.0323590931667415 4.0279376260590949 4.0068678565155924 0.92139609102059494 0.94294308484027956 0.93950042227052932
decision_type=2 2 2 2 2 2 2 2 2 2 2 2 2 2 2 2 2 2 2 2 2 2 2 2 2 2 2 2 2 2
left_child=25 10 6 15 5 -5 12 8 -8 -9 11 21 19 17 -14 20 -17 -13 -15 -3 -4 22 -2 -6 -23 -1 27 -27 29 -29
right_child=1 2 3 4 23 -7 7 9 -10 -11 -12 13 14 18 -16 16 -18 -19 -20 -21 -22 24 -24 -25 -26 26 -28 28 -30 -31
leaf_value=0.049585073278188729 0.045144973121108857 -0.0068353427510891244 -0.0051134763932686187 0.014261110499957014 0.0083499049917976891 0.043635720031994694 -0.00067514330409676416 -0.0050158152142359058 0.037266952626751011 -0.0011924304866303653 0.050064435392511222 0.0062964353658432476 0.023259622571032874 -0.010413908552384377 -0.019514675761720366 0.00087834447124563234 -0.035459256984925865 0.04193804479791724 0.023671192718527748 0.012235248805837408 0.0039811060627836783 -0.064030077514357769 0.013538681931439787 -0.0064320984086689266 0.038377676981573981 0.050022300249949025 0.047037076934892973 -0.073457359007697537 0.050031296557863807 -0.31369455703335064
leaf_weight=1720.4818505447474 30.653161723050289 174.70801818370819 1780.505212794058 399.89592068293132 104.67709181085229 568.4761842295411 1655.9033574049827 10845.472347883508 513.87169372057542 40888.863358010771 51.664065827877494 132.70406095718499 25.942747261375189 281.0039172351826 679.56405468354933 103.79150776565075 117.03141068853438 36.725418043963145 25.514194021350704 115.79388193786144 359.79075732035562 0.84251945023424823 307.50559440325014 662.63250608742237 67.434836786007509 14.220091853669148 83.613412566279294 4.0347680368577121 0.63222248438978557 0.41191374498885114
leaf_count=4099994 44499 1225 7472 5090 613 404138 16442 48764 11638 322803 65451 86656 201 18773 3985 461 515 61424 5072 610 1713 387 37224 5183 30352 32649 174529 2729 1085 294
internal_value=0.000293296 -0.00119217 -0.00139277 0.00375656 0.0156254 0.0315053 -0.00177703 -0.00157917 0.00831075 -0.00199396 0.011478 0.00921873 -0.0124853 0.000112107 -0.0179418 -0.00496836 -0.0183798 0.0140221 -0.00757671 0.000766184 -0.00358465 0.0198828 0.0164037 -0.00441552 0.037114 0.0491175 0.0413 0.0164441 -0.0775694 -0.0957115
internal_weight=61754.4 59931 58996.9 4096.8 1735.68 968.372 54900.1 53904.1 2169.78 51734.3 934.048 882.384 996.009 475.948 705.507 2361.12 220.823 169.429 306.518 290.502 2140.3 406.436 338.159 767.31 68.2774 1823.39 102.912 19.299 5.0789 4.44668
internal_count=5491971 1180691 830853 425185 415024 409228 405668 399647 28080 371567 349838 284387 6021 171925 4186 10161 976 148080 23845 1835 9185 112462 81723 5796 30739 4311280 211286 36757 4108 3023
is_linear=0
shrinkage=0.05


Tree=82
num_leaves=31
num_cat=0
split_feature=3 2 0 2 3 3 3 1 3 1 0 1 0 3 3 0 2 1 3 2 0 3 2 0 3 3 2 3 2 1
split_gain=1700.99 55.7872 43.6402 79.5026 49.8032 203.484 128.106 85.6687 83.4589 60.6404 48.7035 28.3604 28.7355 21.5953 69.312 17.5262 15.863 14.4783 8.60532 5.32478 4.84728 2.77057 5.87062 21.6946 4.20818 3.91935 2.17689 1.62213 1.03722 0.495101
threshold=4.0769440439467477 4.1236035457433209 0.18954989862812724 4.5731551881208814 7.9844543739244713 7.9583251190734163 7.9941566304452838 1.5000000000000002 7.8949329787267777 1.5000000000000002 0.66471697878931379 1.5000000000000002 0.7039405449903855 7.9583251190734163 8.1727008602802069 0.14283967029535363 4.0417407382996835 1.0000000180025095e-35 4.1005751085435147 4.0771750096418584 0.60049100728220639 4.0279376260590949 4.0068678565155924 0.92139609102059494 4.0353904154716913 4.0639712580105192 4.0175483433243269 6.1545288986217583 4.4527119691926762 1.0000000180025095e-35
decision_type=2 2 2 2 2 2 2 2 2 2 2 2 2 2 2 2 2 2 2 2 2 2 2 2 2 2 2 2 2 2
left_child=21 11 3 27 5 8 9 -7 -4 -6 -8 12 19 15 -15 -5 17 -14 -18 26 -21 -1 23 -23 -25 -26 -2 29 -29 -3
right_child=1 2 4 13 6 7 10 -9 -10 -11 -12 -13 16 14 -16 -17 18 -19 -20 20 -22 22 -24 24 25 -27 -28 28 -30 -31
leaf_value=0.049561917504474223 0.045553991184186494 0.049614477077719744 -0.00045117873146339788 -0.015297125404915464 -0.017818557005143787 0.032898112363631181 -0.0017541560867671202 -0.0033679305318967362 -0.013485675732955352 0.023280876618501707 0.020181614826664498 0.050056469408894057 0.0063004143876733282 0.0084541096020945422 -0.012063162298907382 -0.0068493077207419113 0.044244298280734756 0.040156076311255201 -0.0068722098089225693 0.025128471691939731 0.0075182927322907465 0.050021211280811807 0.046891992817388567 0.050022336120054169 -0.099137578192784861 0.050105984269104856 0.027960439930801717 0.057317280252447637 0.03674301477923609 0.0672273109969974
leaf_weight=1637.3186418100086 22.296108619659208 10.739080325700344 45939.975336866046 915.01947385072708 1838.9012391120195 643.50829552486539 4325.6679481342435 218.0072120949626 1261.8032526411116 94.354245953261852 268.76546985656023 46.486104558280203 148.69965837628115 777.26261869072914 875.0525661110878 1866.0036921799183 8.4939963696524483 40.093320356623735 268.46992925368249 86.439140898059122 71.315106557798572 13.52685657789698 79.775504419696517 0.66632246671360817 4.3418274361174554 0.48950511717703182 83.158648548298515 6.8333440236747256 59.159750057384372 6.3489104062318793
leaf_count=4099994 34950 226 772908 3947 9816 2787 20570 2320 5532 794 1511 64246 98133 3541 4792 8346 4362 66780 20301 12576 7997 32649 174529 1504 2367 237 33715 86 392 63
internal_value=0.000281866 -0.00113263 -0.00130743 -0.00603085 -0.000916656 -0.000360097 -0.00501459 0.023721 -0.000799618 -0.0158127 -0.000470956 0.0121912 0.00977655 -0.00693898 -0.00241167 -0.00962883 0.00231384 0.0134902 -0.00530456 0.022982 0.0171675 0.0490713 0.0409401 0.015982 -0.0677707 -0.0840164 0.0316802 0.0424286 0.0388734 0.0561584
internal_weight=61619 59882.9 59107.4 4516.42 54591 48063.3 6527.69 861.516 47201.8 1933.26 4594.43 775.452 728.966 4433.34 1652.32 2781.02 465.757 188.793 276.964 263.209 157.754 1736.12 98.8 19.0245 5.49766 4.83133 105.455 83.0811 65.9931 17.088
internal_count=5491971 1180691 837631 21393 816238 783547 32691 5107 778440 10610 22081 343060 278814 20626 8333 12293 189576 164913 24663 89238 20573 4311280 211286 36757 4108 2604 68665 767 478 289
is_linear=0
shrinkage=0.05


Tree=83
num_leaves=31
num_cat=0
split_feature=3 2 0 3 3 3 2 3 0 0 3 1 0 1 3 1 3 2 3 1 0 0 3 2 0 0 2 0 2 3
split_gain=1615.06 51.086 42.7688 164.47 104.759 62.9294 76.9822 210.679 67.2859 49.5533 48.3751 30.6924 30.435 25.052 21.8183 19.0791 18.9979 17.2141 7.11724 4.18126 4.4775 3.68976 2.8777 5.86922 19.5368 3.46657 4.26103 2.09097 0.65793 0.506485
threshold=4.0769440439467477 4.1394526399019833 0.92511295122819293 4.204841850850066 7.3155776058677429 4.6428993089071149 4.2987140455362249 5.1648431135156008 0.71110240231374011 0.99955042434302832 4.6142785673051678 1.5000000000000002 0.60750680858403605 1.5000000000000002 4.1987796469857166 1.0000000180025095e-35 4.6142785673051678 3.9838957784948001 7.9844543739244713 1.0000000180025095e-35 0.37200840929843199 0.61056791463898286 4.0279376260590949 4.0068678565155924 0.92139609102059494 0.94294308484027956 3.9638540945373326 0.59740168283145612 4.2987140455362249 4.0290946611890162
decision_type=2 2 2 2 2 2 2 2 2 2 2 2 2 2 2 2 2 2 2 2 2 2 2 2 2 2 2 2 2 2
left_child=22 11 5 9 10 13 7 -7 -8 14 -5 12 19 15 -4 -3 17 -14 -6 20 -2 -18 -1 24 -24 26 -26 -21 -15 -25
right_child=1 2 3 4 18 6 8 -9 -10 -11 -12 -13 16 28 -16 -17 21 -19 -20 27 -22 -23 23 29 25 -27 -28 -29 -30 -31
leaf_value=0.04953769263146688 0.047504293328425887 -0.0025148192416629121 0.0098033541153587332 0.018322910503927734 -0.0043646750516445022 -0.0006185602718307338 -0.0020673801301339416 0.036403444808674079 0.0064008344126865934 -0.0015681154927587428 0.04273013113032606 0.050058991563785432 0.040356274753502841 0.051624199270865645 -0.032533968135637213 -0.015656181370655588 -0.10831383245458566 0.0021663935968495355 -0.054235221055296413 0.048233484281806585 0.020393152789407353 -0.28211090167186353 0.050020177240301257 0.032349240526824662 0.050035083177764839 0.05003249173722725 -0.089825433106401065 -0.0094268257572013674 0.030150782713428081 0.047896314081436964
leaf_weight=1558.2083420026756 16.995521183125675 367.33264947123826 35.857031198218465 476.43526881583966 297.11633631587029 1656.5878314438742 49895.102909570793 500.33635450899601 2461.4640040752711 1542.3020970323123 353.75001318933209 46.883745743340114 30.92268396061263 13.746337385382505 201.09329988481477 1113.225386807695 0.6237723478116084 644.57838539843215 7.3307534456253043 24.901261340186469 146.54506840312388 0.59831425547599792 12.867403361247854 5.6592448276351197 0.61722820112481613 0.63844357224297699 4.6270780104678124 1.6782607965287741 4.8171518417075267 70.465376775420737
leaf_count=4099994 3930 2423 286 4840 2406 16442 356043 11638 38032 6266 384878 65451 56512 844 920 5467 22 185746 53 8437 28804 20 32649 14566 1073 1085 1950 916 315 159963
internal_value=0.000270136 -0.00107666 -0.00125858 0.00464731 0.0195227 -0.00156581 -0.00128789 0.00796934 -0.00166926 -0.00483875 0.0287231 0.0106553 0.00852416 -0.011672 -0.0261272 -0.0123958 0.0035583 0.00391463 -0.0055655 0.0261999 0.0232106 -0.193402 0.0490229 0.0405685 0.0155106 -0.0599725 -0.0733646 0.0445927 0.0460519 0.0467405
internal_weight=61493.3 59840.2 58926.5 2913.88 1134.63 56012.6 54513.5 2156.92 52356.6 1779.25 830.185 913.727 866.843 1499.12 236.95 1480.56 676.723 675.501 304.447 190.12 163.541 1.22209 1653.08 94.8748 18.7502 5.88275 5.24431 26.5795 18.5635 76.1246
internal_count=5491971 1180691 830853 399649 392177 431204 422155 28080 394075 7472 389718 349838 284387 9049 1206 7890 242300 242258 2459 42087 32734 42 4311280 211286 36757 4108 3023 9353 1159 174529
is_linear=0
shrinkage=0.05


Tree=84
num_leaves=31
num_cat=0
split_feature=3 2 3 1 0 2 1 3 0 1 0 2 2 2 1 2 2 2 1 3 0 0 3 2 0 3 3 2 2 2
split_gain=1533.43 46.9917 41.7544 38.4384 169.432 57.4716 28.0674 42.623 34.0049 26.6908 26.0128 14.3174 15.3339 11.74 8.08791 5.29395 4.9762 5.83408 4.55794 4.37665 9.04127 3.70658 2.98735 5.86256 17.7285 2.9524 3.44983 2.17138 1.48851 0.650184
threshold=4.0769440439467477 4.1236035457433209 8.6759645812166841 1.0000000180025095e-35 0.97202763063376685 5.0937103219158661 1.5000000000000002 4.8764560660892373 0.52179196583813592 1.5000000000000002 0.7039405449903855 3.9838957784948001 4.0115160874231268 7.220131748367046 1.0000000180025095e-35 4.0771750096418584 6.7699180945479123 6.3852636378288778 1.0000000180025095e-35 9.3835394066241555 0.20746273059816209 0.18954989862812724 4.0279376260590949 4.0068678565155924 0.92139609102059494 4.0353904154716913 4.0360973166288536 4.0175483433243269 6.742726673005488 6.2840647075723846
decision_type=2 2 2 2 2 2 2 2 2 2 2 2 2 2 2 2 2 2 2 2 2 2 2 2 2 2 2 2 2 2
left_child=22 9 3 4 5 -3 8 -8 -5 10 15 14 -13 -6 -12 27 17 29 -17 21 -21 -18 -1 24 -24 -26 -27 -2 -19 -4
right_child=1 2 16 6 13 -7 7 -9 -10 -11 11 12 -14 -15 -16 18 19 28 -20 20 -22 -23 23 -25 25 26 -28 -29 -30 -31
leaf_value=0.049512353197762066 0.045227094402012814 -0.0013400653778974773 -0.00025697277288052456 -0.0010334024357015927 0.048725987542477346 0.0060928576939302346 0.043618259207916454 0.00282165974245278 -0.0040564430067735928 0.050051147047058667 0.04326704765499742 -0.037863404891074606 0.0023331205124623626 -0.0069134308957787861 -0.37712434187868515 0.01230321278339442 -0.0047654116229314388 -0.031992239626441925 0.035859323806230609 -0.032207200456181202 0.0024491880072959266 -0.012918567050920274 0.050019194119616674 0.046582423674900217 0.050020985141562148 -0.20925933045147441 -0.054304489586438014 0.027091390316452791 -0.061069440369516739 0.030248502051544869
leaf_weight=1482.9534665471292 20.791062116331887 9981.3950492194272 3.8077660501003256 29022.193497932516 198.10402397764847 3516.9206992316758 66.403067890089005 1786.2769928786438 13690.567100984976 42.06650636534323 22.187677000358239 25.163482010131702 415.19122144699213 9.9572630003094655 0.11500421166419883 128.38435217237566 207.70643547177315 35.98565499484539 24.445381828234531 63.84900489449501 26.684401497244835 423.88498471677303 12.240087760408644 72.6522720605426 0.62018970592180167 0.38563460891600687 5.2385139625403099 80.055818855238613 5.0146801471710196 3.2270132005214691
leaf_count=4099994 34950 72509 22 128789 345621 191720 4565 16386 72790 64246 40442 4407 144726 82 1 11301 1423 244 9272 457 181 2788 32649 174529 1504 382 2222 33715 34 20
internal_value=0.000259373 -0.00102287 -0.00118172 -0.00102886 0.00128673 0.000596547 -0.00174103 0.00428388 -0.00200237 0.011344 0.00907093 0.00201562 3.61437e-05 0.0460632 0.0410993 0.0219385 -0.0127476 -0.0283308 0.0160711 -0.011711 -0.0219924 -0.0102373 0.0489724 0.0401859 0.0150445 -0.0535125 -0.0649294 0.0308303 -0.0355486 0.0137366
internal_weight=61374.5 59800.4 59042 58271.8 13706.4 13498.3 44565.4 1852.68 42712.8 758.401 716.334 462.657 440.355 208.061 22.3027 253.677 770.16 48.0351 152.83 722.125 90.5334 631.591 1574.09 91.1367 18.4844 6.24434 5.62415 100.847 41.0003 7.03478
internal_count=5491971 1180691 837631 832462 609932 264229 222530 20951 201579 343060 278814 189576 149133 345703 40443 89238 5169 320 20573 4849 638 4211 4311280 211286 36757 4108 2604 68665 278 42
is_linear=0
shrinkage=0.05


Tree=85
num_leaves=31
num_cat=0
split_feature=3 0 2 0 3 2 2 1 0 2 2 2 3 3 1 0 2 1 3 3 1 0 0 2 3 1 0 3 3 2
split_gain=1455.92 43.5365 92.5579 49.178 352.389 59.5988 42.1641 39.7864 38.3785 140.467 76.2121 36.341 81.8269 35.969 26.0843 23.3898 20.9051 22.6402 19.1692 61.7131 21.7249 11.2558 10.2744 12.7121 8.77725 6.44168 6.43606 6.06319 3.1009 5.85303
threshold=4.0769440439467477 0.25135338761287312 4.4527119691926762 0.3109700072263431 5.8260591009502205 4.5407320249418399 4.1236035457433209 1.0000000180025095e-35 0.71110240231374011 4.267662004847506 5.6599165454229086 4.6570728482318184 5.8610710426134149 6.5337081385214217 1.5000000000000002 0.7039405449903855 5.0257894490011461 1.5000000000000002 7.9583251190734163 8.1727008602802069 1.5000000000000002 0.23861068514325282 0.20746273059816209 4.3694752276468831 5.7622085907676386 1.0000000180025095e-35 0.29087206909299079 5.8260591009502205 4.0279376260590949 4.0068678565155924
decision_type=2 2 2 2 2 2 2 2 2 2 2 2 2 2 2 2 2 2 2 2 2 2 2 2 2 2 2 2 2 2
left_child=28 2 22 4 5 7 14 -3 10 -10 -8 26 -13 16 15 -5 17 -4 20 -20 -15 -18 -2 25 -7 -24 -6 -25 -1 -30
right_child=1 3 13 6 11 24 8 -9 9 -11 -12 12 -14 18 -16 -17 21 -19 19 -21 -22 -23 23 27 -26 -27 -28 -29 29 -31
leaf_value=0.049485822270014468 0.05217011138471539 0.019906515084806516 -0.00081755974060690516 0.021016622662970153 -0.020878122168936777 -0.017971923774786083 -0.0037779941891718698 0.041855326742533873 -0.0056711277949418916 0.008980661719964084 0.00091166302575369177 0.048109700629256763 -0.0011644108327873465 -0.0086171146861794383 0.050048674764553817 0.0019232080919568337 -0.00021833203144031857 0.028593107780903338 0.0056685143552943637 -0.0093269510954091632 0.0062309298941349671 0.033458174765227958 0.021030470711003495 0.036156644491244783 0.0084565883369354024 0.057225815298500349 -0.0014694167468778812 0.0030447921244678368 0.014580054706878093 0.04641742579336041
leaf_weight=1411.3664346616715 47.094168661162257 309.95411217448418 1536.5469272062182 245.75376080084243 267.19210769236088 46.378284215927124 21060.196325987112 618.39639466628432 3005.9972434474621 3588.7354965755949 14717.373295100173 85.613564655184746 5311.8756097704172 4916.6398056671023 40.01682484120829 461.8116895906569 36.584364980459213 68.3456722907722 1225.3006978482008 1559.2032708972692 259.34896950796247 77.107985556125641 19.704196971521014 18.469775665551424 97.381154909729958 32.678644865052775 50.84119887650013 54.979084670543671 18.231063719198573 69.348530342977028
leaf_count=4099994 808 7618 7607 87957 1406 239 115479 5382 14083 430961 188624 470 24938 21667 64246 189576 172 566 5671 8426 1316 366 1230 183 570 375 297 458 36757 174529
internal_value=0.000248767 -0.000972035 -0.00400952 -0.00037242 0.00358354 0.0298881 -0.00099514 0.0345271 -0.00120282 0.00230211 -0.00184887 -0.00135063 -0.000382838 -0.0046573 0.0107759 0.00855479 0.00190267 0.000434918 -0.00607352 -0.00272831 -0.00787314 0.0226216 0.0322483 0.0247923 -6.95234e-05 0.0436107 -0.0177754 0.0113712 0.0489193 0.03979
internal_weight=61258.5 59759.5 9852 49907.5 6787.63 1072.11 43119.9 928.351 42372.3 6594.73 35777.6 5715.52 5397.49 9679.08 747.582 707.565 1718.58 1604.89 7960.49 2784.5 5175.99 113.692 172.926 125.832 143.759 52.3828 318.033 73.4489 1498.95 87.5796
internal_count=5491971 1180691 48845 1131846 40920 13809 1090926 13000 749147 445044 304103 27111 25408 45791 341779 277533 8711 8173 37080 14097 22983 538 3054 2246 809 1605 1703 641 4311280 211286
is_linear=0
shrinkage=0.05


Tree=86
num_leaves=31
num_cat=0
split_feature=3 2 0 3 3 0 2 3 2 3 1 1 0 3 2 3 3 0 3 3 3 0 0 0 0 1 2 0 0 3
split_gain=1382.26 46.625 75.4147 335.586 131.025 124.672 105.346 152.372 167.064 70.0689 55.6636 51.1811 40.9051 35.0857 27.4399 37.9587 87.1287 32.759 58.2258 134.544 38.4283 25.9265 23.5643 18.5763 17.8762 15.5385 13.7823 8.25463 6.00596 3.22744
threshold=4.0769440439467477 6.951795789371034 0.69035327433527816 4.6428993089071149 5.2354041901335053 0.96049416765322659 4.2375608875783284 5.067456612105917 4.3329479324565865 5.0481237364455485 1.0000000180025095e-35 1.5000000000000002 0.80200360567754869 4.4417685123134873 7.5520523718568109 8.4967555934485279 8.3585725317228619 0.68382271030261743 7.9844543739244713 7.9583251190734163 7.9941566304452838 0.99964601490463567 0.66014026824279082 0.65631567337852459 0.4533208610456857 1.5000000000000002 4.0280459656469025 0.30166964322371831 0.63724257348771152 7.3225632713640296
decision_type=2 2 2 2 2 2 2 2 2 2 2 2 2 2 2 2 2 2 2 2 2 2 2 2 2 2 2 2 2 2
left_child=-1 2 6 11 12 -6 10 9 -9 -8 26 13 -5 -4 17 16 23 18 19 -3 -20 25 -12 -16 -18 -19 -2 -17 -29 -23
right_child=1 14 3 4 5 -7 7 8 -10 -11 22 -13 -14 -15 15 27 24 21 20 -21 -22 29 -24 -25 -26 -27 -28 28 -30 -31
leaf_value=0.048863405354460508 0.047537048992550873 -0.0030780028807233105 -0.00076777911107169005 0.027073643657088666 -0.0054998044258047279 0.049271705031417652 -0.0082614003445279551 0.020764778229799299 -0.0010711068555742224 -0.026931591556065133 0.034820691208761669 0.048433166562333013 0.047507522576713923 -0.012094572204318385 -0.013024816133860296 -0.020181533362938729 -0.0024105575219000833 -0.016168883454469488 -0.016606075619010684 0.029995243192209149 -0.0048912051379833999 0.022022513591387047 -0.0010574022496735607 0.00054647627771849691 0.022534350938321582 0.019083615621434701 0.0055991771352975513 -0.0059365218466081232 -0.04869457671775787 0.003453385701413104
leaf_weight=1427.4437328317435 20.028795190301025 2032.7170628160238 3210.2532385776867 627.8718343814835 493.71333535935264 131.58670133183477 2681.1718202773482 896.0767736362759 39005.110479939496 618.45426941663027 312.95272416446824 48.604055970121408 401.54772012669127 868.68799005332403 383.10095848143101 162.51799164712429 82.817057713866234 1149.4388136281632 979.27376661449671 362.31516714394093 2454.9192299097776 29.370927344541997 53.604231571778655 737.6617088727653 540.9122059084475 32.132474731653929 895.47866252565291 393.69776979088783 8.3876779675483686 115.10338447988033
leaf_count=4311280 33897 9355 210600 3318 37460 276251 11985 8970 301159 2738 31825 55216 97642 7161 1652 1155 351 8477 5640 1723 12129 461 10485 4970 2537 246 40254 2296 34 704
internal_value=0.000238665 -0.000923392 -0.000317218 0.00505448 0.0240787 0.00602619 -0.00101548 -0.00143465 -0.00058073 -0.0117608 0.013109 -0.00257226 0.0350443 -0.00318003 -0.00414277 0.000596456 0.00424351 -0.00567218 -0.00405858 0.00192524 -0.00823175 -0.0127655 0.029574 -0.00409249 0.0192222 -0.0152102 0.00651666 -0.0106721 -0.00682847 0.0072284
internal_weight=61157 59729.5 50265.1 5782.26 1654.72 625.3 44482.9 43200.8 39901.2 3299.63 1282.06 4127.55 1029.42 4078.94 9464.37 2309.1 1744.49 7155.27 5829.23 2395.03 3434.19 1326.05 366.557 1120.76 623.729 1181.57 915.507 564.603 402.085 144.474
internal_count=5491971 1180691 1128961 687648 414671 313711 441313 324852 310129 14723 116461 272977 100960 217761 51730 12995 9510 38735 28847 11078 17769 9888 42310 6622 2888 8723 74151 3485 2330 1165
is_linear=0
shrinkage=0.05


Tree=87
num_leaves=31
num_cat=0
split_feature=3 2 0 3 3 3 2 3 2 1 1 3 0 0 0 2 0 3 3 0 3 3 3 0 3 1 2 1 0 3
split_gain=1312.29 42.2864 68.4633 356.095 92.7482 125.971 91.3564 123.118 222.757 45.7659 44.988 34.663 32.2736 32.1788 28.0011 24.8739 34.7887 52.885 34.6221 29.8978 52.7884 122.307 35.2523 23.6156 17.1904 14.141 13.7429 5.34999 3.83824 3.38585
threshold=4.0769440439467477 6.951795789371034 0.71110240231374011 4.6142785673051678 5.2354041901335053 6.1545288986217583 4.2375608875783284 5.2034845723991019 4.3694752276468831 1.0000000180025095e-35 1.5000000000000002 4.4417685123134873 0.66014026824279082 0.66014026824279082 0.83351541442585564 7.5520523718568109 0.40328621957453575 8.3585725317228619 8.3920946847197637 0.68382271030261743 7.9844543739244713 7.9583251190734163 7.9941566304452838 0.99964601490463567 7.9844543739244713 1.5000000000000002 4.0771750096418584 1.0000000180025095e-35 0.28089262762801198 4.0279376260590949
decision_type=2 2 2 2 2 2 2 2 2 2 2 2 2 2 2 2 2 2 2 2 2 2 2 2 2 2 2 2 2 2
left_child=29 2 6 10 14 -6 9 13 -9 26 11 -4 -11 -8 -5 19 27 24 -19 20 21 -3 -22 25 -18 -21 -2 -17 -29 -1
right_child=1 15 3 4 5 -7 7 8 -10 12 -12 -13 -14 -15 -16 16 17 18 -20 23 22 -23 -24 -25 -26 -27 -28 28 -30 -31
leaf_value=0.04942932889459508 0.025030000035040856 -0.0029263437590872163 -0.00084967453856365453 0.030583637390271853 -0.012679820364727104 0.038796925282953226 -0.0098432778830022244 0.02345502166057413 -0.00094407803340028839 0.033966561334917898 0.049238784471994319 -0.013108024525059297 0.00052774143908386332 0.0018026676588784247 0.049554361054434767 -0.044314018248736139 0.0043186250381884086 0.021150187601618239 0.0002898676923222731 -0.015473394520046257 -0.015912715893250884 0.028703967596040963 -0.0046555432059767338 0.0068750991800369844 -0.0085627741839217342 0.018374022548417225 0.0040358638989478144 -0.019531376192676791 -0.0085398417973367394 0.038836933837019444
leaf_weight=1279.2494798895495 85.596606336330296 2031.2001998145133 3192.2076413316245 569.39574582967907 273.11030010099057 210.41031601757277 4739.0558179821819 959.58677694015205 37198.871229053941 304.98613624001155 41.551897860132158 703.84337925934233 94.521568522439338 678.00489204749465 295.43728932115482 13.825417071580885 406.46885688230395 495.47258376702666 332.31580889597535 1141.2615500951651 971.06034840643406 359.7500861659646 2450.3471045419574 144.33041768311523 713.88524942845106 31.715577479451895 872.70967345871031 125.71587128192186 215.69905446469784 80.171047432668274
leaf_count=4099994 57739 9355 198535 3935 5479 306712 21326 10063 293102 31825 52227 5018 18206 2949 96574 78 3146 2307 1689 8477 5640 1723 12129 1165 3476 246 25271 916 1383 211286
internal_value=0.000229322 -0.000877663 -0.000300701 0.00508183 0.0272589 0.00972096 -0.000933901 -0.00133187 -0.000330504 0.011838 -0.00251228 -0.00306421 0.0260551 -0.00838566 0.0370643 -0.00394927 0.00056791 0.00319187 0.0127758 -0.00540864 -0.00386722 0.00183285 -0.00785054 -0.0122099 -0.00388935 -0.0145582 0.00591108 -0.0138219 -0.0125871 0.0488046
internal_weight=61011.8 59652.3 50219.3 5285.96 1348.35 483.521 44933.3 43575.5 38158.5 1357.81 3937.6 3896.05 399.508 5417.06 864.833 9433.05 2303.38 1948.14 827.788 7129.67 5812.36 2390.95 3421.41 1317.31 1120.35 1172.98 958.306 355.24 341.415 1359.42
internal_count=5491971 1180691 1128961 668480 412700 312191 460481 327440 303165 133041 255780 203553 50031 24275 100509 51730 12995 10618 3996 38735 28847 11078 17769 9888 6622 8723 83010 2377 2299 4311280
is_linear=0
shrinkage=0.05


Tree=88
num_leaves=31
num_cat=0
split_feature=3 2 0 2 2 2 3 2 0 1 3 1 1 2 3 3 0 1 0 0 2 0 3 3 3 1 0 0 3 3
split_gain=1245.84 38.6557 48.8045 242.701 124.869 86.7226 118.439 204.138 61.2719 47.3132 43.099 33.3869 31.0509 26.1314 31.6997 71.85 22.7931 18.976 16.1544 15.9033 15.3762 14.9475 41.0314 103.466 34.514 19.6057 20.6895 7.02302 6.06621 5.64972
threshold=4.0769440439467477 7.0336754972165965 0.7039405449903855 4.267662004847506 6.8732114297471592 4.2375608875783284 5.2034845723991019 4.3329479324565865 0.84415195204871418 1.0000000180025095e-35 4.4417685123134873 1.5000000000000002 1.0000000180025095e-35 7.5520523718568109 8.4967555934485279 8.3585725317228619 0.66014026824279082 1.0000000180025095e-35 0.44346840764792678 0.65631567337852459 4.0771750096418584 0.64585011427259731 7.9844543739244713 7.9583251190734163 7.9941566304452838 1.5000000000000002 0.99982383135098096 0.30166964322371831 8.6083216537689129 7.3000979972342614
decision_type=2 2 2 2 2 2 2 2 2 2 2 2 2 2 2 2 2 2 2 2 2 2 2 2 2 2 2 2 2 2
left_child=-1 2 5 10 8 9 12 -8 -5 20 11 -4 -7 21 15 19 -11 -12 -17 -15 -2 22 23 -3 -24 26 -23 -16 -29 -6
right_child=1 13 3 4 29 6 7 -9 -10 16 17 -13 -14 14 27 18 -18 -19 -20 -21 -22 25 24 -25 -26 -27 -28 28 -30 -31
leaf_value=0.048743171309128822 0.026824700158808387 -0.0040787942221557202 -0.0023478448510217444 0.014869849284987925 -0.026211936655946622 -0.0032970300915822742 0.029969964961033581 -0.00071192765875797146 0.033693917000100264 0.033114141079811386 0.0012477773672165276 0.050194135503061711 -0.011169607181003363 -0.011966914260295163 -0.018737531560399392 -0.0083064926430470448 0.0032457656502606711 -0.024253009600971678 0.020034939005389982 0.0005960530799711247 0.0038190113678617001 -0.013839747074180049 -0.016584403333309076 0.027746424093769335 -0.0045952970069921004 0.020848311171966533 0.0062734356949301897 -0.017913232904619245 -0.0030318194024005415 -0.0096776488320816263
leaf_weight=1294.7154978124017 79.334860737639247 1372.3637789748609 3056.4915228495665 1167.0443612810923 116.6796761759324 2004.2532961145043 549.87561780540273 38466.829923534999 686.62510717468103 297.3907091630972 93.131883133202791 30.53659796397551 3339.3525497028604 382.62941162288189 158.40416447073221 55.187572032213211 81.344676156702917 336.6795006992761 565.30320377275348 737.35046517848969 859.43582155311015 1138.564274140168 828.84565586596727 313.77623225003481 2176.9252883419394 48.363726787269115 144.03257351228967 87.733210667967796 312.06744992733002 92.72138453181833
leaf_count=4311280 55158 6306 200651 13895 1410 9174 7087 300176 404285 31825 663 52186 14774 1652 1155 233 16055 1998 2655 4970 25021 7482 4861 1518 10815 379 1157 415 1915 820
internal_value=0.000220351 -0.000834097 -0.000320938 0.00409334 0.0177081 -0.000860177 -0.00123564 -0.000279517 0.0218425 0.0117815 -0.00389347 -0.0018281 -0.0082168 -0.00399497 0.000540392 0.00386562 0.026699 -0.0187275 0.0175142 -0.00369595 0.00576321 -0.00572592 -0.00439926 0.00184361 -0.00790131 -0.0104027 -0.0115811 -0.00982761 -0.00629743 -0.0188907
internal_weight=60874 59579.3 51257.7 5579.91 2063.07 45677.8 44360.3 39016.7 1853.67 1317.51 3516.84 3087.03 5343.61 8321.55 2298.68 1740.47 378.735 429.811 620.491 1119.98 938.771 6022.87 4691.91 1686.14 3005.77 1330.96 1282.6 558.205 399.801 209.401
internal_count=5491971 1180691 1135178 675908 420410 459270 331211 307263 418180 128059 255498 252837 23948 45513 12995 9510 47880 2661 2888 6622 80179 32518 23500 7824 15676 9018 8639 3485 2330 2230
is_linear=0
shrinkage=0.05


Tree=89
num_leaves=31
num_cat=0
split_feature=3 0 2 0 3 0 1 3 2 0 2 3 2 3 3 2 3 2 1 3 2 1 0 2 0 2 1 0 3 3
split_gain=1182.73 38.2985 81.213 42.9438 305.356 54.4353 36.2551 183.786 106.473 96.0875 56.2705 35.255 32.8915 74.921 31.9969 25.1002 21.7712 18.9758 20.7894 18.5356 56.0589 19.616 10.4448 11.161 10.2945 6.81688 6.28595 5.72649 5.64363 3.69332
threshold=4.0769440439467477 0.25135338761287312 4.4527119691926762 0.3109700072263431 5.8260591009502205 0.29087206909299079 1.0000000180025095e-35 6.0785821681909509 5.3846156224250334 0.53987881902663493 4.0995571897658998 7.3233027137203726 4.6570728482318184 5.8610710426134149 6.5337081385214217 4.3694752276468831 5.5518349149415949 5.0257894490011461 1.5000000000000002 7.9583251190734163 5.6599165454229086 1.5000000000000002 0.20746273059816209 4.3694752276468831 0.23861068514325282 4.0078733565554225 1.0000000180025095e-35 0.29087206909299079 5.8260591009502205 4.0279376260590949
decision_type=2 2 2 2 2 2 2 2 2 2 2 2 2 2 2 2 2 2 2 2 2 2 2 2 2 2 2 2 2 2
left_child=29 2 22 4 5 15 7 8 -5 -9 25 -12 27 -14 17 -3 -7 18 -4 21 -21 -16 -2 26 -19 -8 -24 -6 -25 -1
right_child=1 3 14 6 12 16 10 9 -10 -11 11 -13 13 -15 19 -17 -18 24 -20 20 -22 -23 23 28 -26 -27 -28 -29 -30 -31
leaf_value=0.049367432936770123 0.051569600124002982 0.049717521672594168 -0.00063969738532587564 -0.00040920166249087774 -0.01953809867794061 0.031776697517958349 -0.099613499365292887 0.0083116773644282514 -0.050281847720854547 0.033966266320887305 -0.0029906096564387414 0.0005916054243656683 0.04668533797770915 -0.00087935980222474054 -0.0080542736329048733 0.029621080813963398 0.004715305051303461 -7.0965621553149385e-05 0.027767561961463023 0.057849657994350136 -0.0031208113319960008 0.0060650230580698537 0.018951586141341417 0.035225442382952978 0.032167093494860764 0.033484816532260347 0.055972298220213136 -0.0012569505133754495 0.0030294519131999534 0.037806850673334481
leaf_weight=1159.6977954425092 44.916932893509511 239.37635652383324 1537.871662132442 9809.6879216432862 269.31267111748457 105.02267556422157 0.96981918253004451 1043.5093111495953 108.19758268527221 561.31797002849635 21085.976254908368 10186.542569559067 84.101020887494087 5307.9444805681705 4914.0613457486033 442.75950996298343 254.255134455394 36.608534693717957 67.220593489706516 38.227848738431931 2732.150571346283 258.95765393972397 18.491312568687135 18.090635254047811 76.533198103308678 119.50484598276671 30.18132537137717 50.939785748720169 54.969223607331514 73.463605090830242
leaf_count=4099994 808 5611 7607 322542 1406 3204 18 15433 1005 421427 120915 49103 470 24938 21667 3400 1594 172 566 168 13929 1316 1230 183 366 160483 375 297 458 211286
internal_value=0.000211562 -0.000792979 -0.00364476 -0.000228685 0.00347737 0.0283772 -0.000811914 0.00158684 -0.000953279 0.0172848 -0.00169237 -0.00182376 -0.00106213 -0.000137482 -0.00424169 0.0366734 0.0126258 0.00194504 0.000549987 -0.00557994 -0.00227949 -0.00734747 0.0309625 0.0233589 0.021736 0.0324134 0.0419077 -0.0166303 0.0110016 0.0486787
internal_weight=60730.9 59497.7 9828.28 49669.4 6753.71 1041.41 42915.7 11522.7 9917.89 1604.83 31393 31272.5 5712.3 5392.05 9661.63 682.136 359.278 1718.23 1605.09 7943.4 2770.38 5173.02 166.649 121.732 113.142 120.475 48.6726 320.252 73.0599 1233.16
internal_count=5491971 1180691 48845 1131846 40920 13809 1090926 760407 323547 436860 330519 170018 27111 25408 45791 9011 4798 8711 8173 37080 14097 22983 3054 2246 538 160501 1605 1703 641 4311280
is_linear=0
shrinkage=0.05


Tree=90
num_leaves=31
num_cat=0
split_feature=3 2 0 3 3 0 2 3 2 0 1 1 3 0 0 2 0 3 3 3 0 3 3 3 1 0 0 1 3 3
split_gain=1122.75 36.3162 44.4696 232.637 166.236 125.746 73.88 105.767 301.952 65.396 39.8723 39.6809 31.241 30.9891 28.8167 23.5955 29.0129 43.5311 28.8009 14.6957 13.4931 36.855 93.9752 31.9268 17.8179 19.1521 12.1924 5.07154 4.50109 3.82958
threshold=4.0769440439467477 7.0336754972165965 0.71110240231374011 4.6142785673051678 5.274536706793838 0.96049416765322659 4.2375608875783284 5.4425259239190353 4.4527119691926762 0.53076276947933909 1.5000000000000002 1.0000000180025095e-35 4.4417685123134873 0.83351541442585564 0.66014026824279082 7.5520523718568109 0.40328621957453575 8.3585725317228619 8.3920946847197637 7.9844543739244713 0.64585011427259731 7.9844543739244713 7.9583251190734163 7.9941566304452838 1.5000000000000002 0.86835543145587601 0.36175671919056113 1.0000000180025095e-35 7.781075859749671 4.0279376260590949
decision_type=2 2 2 2 2 2 2 2 2 2 2 2 2 2 2 2 2 2 2 2 2 2 2 2 2 2 2 2 2 2
left_child=29 2 6 10 13 -6 11 9 -9 -8 12 26 -4 -5 -13 20 27 19 -19 -18 21 22 -3 -23 25 -22 -2 -17 -26 -1
right_child=1 15 3 4 5 -7 7 8 -10 -11 -12 14 -14 -15 -16 16 17 18 -20 -21 24 23 -24 -25 28 -27 -28 -29 -30 -31
leaf_value=0.049334039291428475 0.02561286507595216 -0.0039212733012231665 -0.00067836110289035004 0.02866210698985068 -0.009912474230825901 0.048696009842425919 -0.0016975392386098171 0.029617621465946931 -0.00045200122460101926 -0.0092647190064371922 0.049097878132339789 0.032234895540918074 -0.012340975654491488 0.048956726495691404 0.00037346389071391873 -0.042900441738703957 0.0040584469725139013 0.019264841913457703 0.00020180696498588369 -0.0078611697865177185 -0.015531342255840032 -0.015930590182353321 0.026506959620711631 -0.0043620793071583938 0.036830050941141175 -0.0026595856014233251 0.0037683791757399869 -0.011565946149695364 0.0059824093221849169 0.037333806554505612
leaf_weight=1103.8668124084361 68.882802856795024 1370.9577950648963 3187.133664304507 571.58577068988234 490.22823977691587 112.52669463478378 6089.4397160336375 857.15212849434465 32124.246379830642 5375.4644331550226 37.394805095507763 289.31584528618259 700.40198149671778 280.36126880685333 94.031494898488745 13.429097831249235 405.42891510948539 492.65010352805257 331.43043180927634 713.95164876431227 831.02885263133794 822.09223878383636 311.37829047441483 2172.464795820415 21.786173850297928 443.06424338254146 879.04766663251212 336.14894026517868 25.864171251654625 70.74400116308243
leaf_count=4099994 7080 6306 198535 4035 36206 275802 28607 10233 270275 23117 52227 31825 5018 98082 18206 78 3146 2307 1689 3476 4799 4861 1518 10815 164 3840 75930 2299 215 211286
internal_value=0.000203338 -0.000753122 -0.000255596 0.0040447 0.0211237 0.00102899 -0.000760953 -0.00110859 0.000329477 -0.00524551 -0.00228531 0.0108453 -0.00277957 0.0353407 0.0244196 -0.00382271 0.000491327 0.00287663 0.011598 -0.003544 -0.0054718 -0.00421115 0.00171059 -0.00753797 -0.00993252 -0.0110552 0.00535574 -0.0127697 0.0200862 0.0486113
internal_weight=60623.5 59448.9 51157.2 5379.63 1454.7 602.755 45777.6 44446.3 32981.4 11464.9 3924.93 1331.28 3887.54 851.947 383.347 8291.68 2293.04 1943.46 824.081 1119.38 5998.64 4676.89 1682.34 2994.56 1321.74 1274.09 947.93 349.578 47.6503 1174.61
internal_count=5491971 1180691 1135178 669905 414125 312008 465273 332232 280508 51724 255780 133041 203553 102117 50031 45513 12995 10618 3996 6622 32518 23500 7824 15676 9018 8639 83010 2377 379 4311280
is_linear=0
shrinkage=0.05


Tree=91
num_leaves=31
num_cat=0
split_feature=3 0 2 2 3 3 3 3 0 0 3 2 0 2 0 3 3 2 3 3 0 0 3 0 1 0 1 1 2 3
split_gain=1065.79 35.3254 69.6847 36.7538 50.1386 148.695 141.038 104.581 90.1483 59.6209 35.8501 27.4652 23.9354 26.8704 18.482 49.7566 17.0673 19.8213 17.0956 52.2467 19.3088 14.984 31.3591 20.7969 13.6392 9.42228 6.69205 6.43626 4.12977 3.96846
threshold=4.0769440439467477 0.25135338761287312 4.5731551881208814 7.0336754972165965 7.3233027137203726 7.3225632713640296 7.2579402070459418 7.781075859749671 0.65062298805038576 0.35212193414828868 7.9941566304452838 7.4116116357553006 0.18954989862812724 4.4128032160370898 0.40328621957453575 8.3585725317228619 6.5337081385214217 5.0257894490011461 7.9583251190734163 8.1727008602802069 0.14283967029535363 0.64140813395837248 7.9844543739244713 0.85961733530106088 1.5000000000000002 0.23861068514325282 1.5000000000000002 1.0000000180025095e-35 4.3694752276468831 4.0279376260590949
decision_type=2 2 2 2 2 2 2 2 2 2 2 2 2 2 2 2 2 2 2 2 2 2 2 2 2 2 2 2 2 2
left_child=29 2 12 4 5 6 -3 9 -7 -6 -9 21 -2 28 27 -16 17 24 20 -20 -18 22 -5 -23 -4 -19 -15 -13 -14 -1
right_child=1 3 16 11 7 8 -8 10 -10 -11 -12 14 13 26 15 -17 18 25 19 -21 -22 23 -24 -25 -26 -27 -28 -29 -30 -31
leaf_value=0.049299050288214907 0.04095720586916321 -0.00019898590654656009 -0.0021405519162305971 0.0013288036049126893 0.0018466791682884766 -0.02237756412191215 0.016851168953340014 -0.0059353978637832561 0.0059498640633716326 0.016099364986344605 0.011566188572233812 -0.044132245491252109 0.041872970268595273 0.00073363393837661266 -0.0028985191258829395 0.011299953193493589 -0.013587955016572693 -4.4809915566062232e-05 0.0056038295538459581 -0.0082309363054149914 -0.0055597078866395679 -0.016450603890340719 -0.00844520419231325 -0.0027725910882525286 0.022791460916103057 0.030836595815459174 0.05378322694401047 -0.0078288597340761042 0.02142884552469701 0.036848950024504133
leaf_weight=1050.757298361219 79.257698254077695 33560.523744506732 1272.5055996775627 1455.790462359786 1166.7846159636974 1158.7533760569058 1258.3603353360668 1924.5165219902992 370.70683568064123 1977.00922151329 345.0639109313488 12.522912785410879 54.447589440649608 249.86503050476313 1906.9233487769961 912.19400541484356 908.67506834864616 36.612813964486122 1225.463406637311 1540.0176566392183 4260.8513589426875 673.46223813761026 1880.9973198026419 473.14377891574986 57.326114378869534 75.915456861257553 6.0896590631455174 487.03170992434025 45.215046836063266 68.157036995427916
leaf_count=4099994 774 945106 6136 6668 4781 9781 98241 8825 12316 8947 1492 68 1859 1469 10818 4391 3947 172 5671 8426 19029 3975 9521 4049 413 366 140 2867 443 211286
internal_value=0.000195442 -0.000715602 -0.00345658 -0.000172965 0.000415546 -0.000253042 0.00041721 0.00490481 -0.0155116 0.0108096 -0.00327448 -0.00332306 0.0161099 0.0105721 0.000125028 0.00169574 -0.00436398 0.000639241 -0.00527342 -0.00210036 -0.00697088 -0.00587538 -0.00418095 -0.0108064 -0.00106579 0.0207889 0.00199579 -0.00873892 0.0325979 0.0485407
internal_weight=60494.9 59376 9812.24 49563.8 41761.7 36348.3 34818.9 5413.37 1529.46 3143.79 2269.58 7802.07 434.875 355.617 3318.67 2819.12 9377.37 1442.36 7935.01 2765.48 5169.53 4483.39 3336.79 1146.61 1329.83 112.528 255.955 499.555 99.6626 1118.91
internal_count=5491971 1180691 48845 1131846 1089489 1065444 1043347 24045 22097 13728 10317 42357 4685 3911 18144 15209 44160 7087 37073 14097 22976 24213 16189 8024 6549 538 1609 2935 2302 4311280
is_linear=0
shrinkage=0.05


Tree=92
num_leaves=31
num_cat=0
split_feature=3 0 2 0 3 0 1 3 3 2 2 3 2 3 3 2 3 1 2 2 3 2 3 0 2 2 1 0 3 3
split_gain=1011.7 31.9138 64.5432 37.0147 266.267 50.9155 32.204 164.088 94.4041 92.2217 51.5679 30.7632 29.7743 68.7136 25.8497 24.8236 19.6871 15.8604 17.1407 15.4731 18.0537 13.6989 12.9206 10.7126 10.6197 6.8923 6.27354 5.92394 5.35088 4.10981
threshold=4.0769440439467477 0.25135338761287312 4.4527119691926762 0.3109700072263431 5.8260591009502205 0.29087206909299079 1.0000000180025095e-35 6.0785821681909509 7.3225632713640296 5.3846156224250334 4.0615743271509634 7.3233027137203726 4.6570728482318184 5.8610710426134149 6.5337081385214217 4.3694752276468831 5.5518349149415949 1.5000000000000002 5.0257894490011461 5.2713098734200639 7.3081877281983463 4.8213945277212966 8.1727008602802069 0.20746273059816209 4.3694752276468831 4.0078733565554225 1.0000000180025095e-35 0.27128003979797599 5.8260591009502205 4.0279376260590949
decision_type=2 2 2 2 2 2 2 2 2 2 2 2 2 2 2 2 2 2 2 2 2 2 2 2 2 2 2 2 2 2
left_child=29 2 23 4 5 15 7 9 -9 -5 25 -12 27 -14 17 -3 -7 18 -4 20 -16 -19 -21 -2 26 -8 -25 -6 -26 -1
right_child=1 3 14 6 12 16 10 8 -10 -11 11 -13 13 -15 19 -17 -18 21 -20 22 -22 -23 -24 24 28 -27 -28 -29 -30 -31
leaf_value=0.049262381779011141 0.050429903567582347 0.04854846814707417 -0.00057912414834768416 -0.00030607621175506657 -0.0093453639718542696 0.03031240568346974 -0.087852509895937472 0.023909844782324708 -0.0038509729511447053 -0.045917477579257605 -0.0027264350655246028 0.00062315671154755149 0.045246944058695171 -0.00072823384362925554 -0.010673940701847672 0.028110946273518806 0.0041597038903186511 0.04523968291998718 0.020439479518204091 -0.0025674612614333043 0.0099054405826977648 0.0019533036166276174 -0.0078496241279071566 0.015953840498564124 0.032975835749982529 0.041386648961493605 0.054581671332152526 -0.022939676769171885 0.00092163953524330023 0.036352449379044041
leaf_weight=1000.236801256804 41.228958304505795 226.20247824268881 1537.7446121349931 9811.1089789214311 172.14393889158964 100.58721265991335 1.0460128635168064 1156.6529186076368 416.52499652840197 112.08813732856652 21078.314635635412 10158.096948035061 82.536037258803844 5302.7752567306161 1563.60388398543 432.9456460988149 252.83860337268561 38.197415264323354 103.52765434980392 4717.2960752770305 114.36692623794079 35.048992738127708 1534.2373178601265 16.984713633632055 17.193946377374232 74.924635784613201 27.578395200311206 149.93738869577646 53.626145205460489 65.696268339263042
leaf_count=4099994 808 5611 7607 322542 894 3204 18 419712 17148 1005 146091 49103 470 24938 7035 3400 1594 421 493 21086 533 190 8426 1230 183 135307 375 809 458 211286
internal_value=0.000187004 -0.000680407 -0.00328732 -0.000164557 0.00328538 0.0269146 -0.000706117 0.00155715 0.0165597 -0.000821283 -0.00153708 -0.00163715 -0.000906792 -2.36118e-05 -0.00380439 0.0351246 0.0116029 0.0017626 0.000746681 -0.00500808 -0.00927129 0.0245268 -0.0038638 0.0285535 0.0207366 0.0396072 0.0398591 -0.0156739 0.00870387 0.0484667
internal_weight=60395.3 59329.4 9800.64 49528.7 6719.97 1012.57 42808.8 11496.4 1573.18 9923.2 31312.4 31236.4 5707.39 5385.31 9644.02 659.148 353.426 1714.52 1641.27 7929.5 1677.97 73.2464 6251.53 156.612 115.383 75.9706 44.5631 322.081 70.8201 1065.93
internal_count=5491971 1180691 48845 1131846 40920 13809 1090926 760407 436860 323547 330519 195194 27111 25408 45791 9011 4798 8711 8100 37080 7568 611 29512 3054 2246 135325 1605 1703 641 4311280
is_linear=0
shrinkage=0.05


Tree=93
num_leaves=31
num_cat=0
split_feature=3 2 0 3 3 3 2 3 2 3 0 1 1 3 3 3 1 3 3 3 3 2 3 1 0 3 2 3 2 0
split_gain=960.28 30.723 56.5668 267.374 97.6647 121.711 70.5948 107.718 123.409 64.6392 43.8893 42.1547 39.989 26.8181 25.602 20.105 16.4497 16.9368 21.9541 13.6165 12.9067 12.9065 12.0982 9.58786 9.45742 8.45595 6.19567 4.25348 7.80532 21.7695
threshold=4.0769440439467477 6.9131038209668318 0.69035327433527816 4.6428993089071149 5.2354041901335053 6.1545288986217583 4.2375608875783284 5.067456612105917 4.2987140455362249 5.0481237364455485 0.80200360567754869 1.0000000180025095e-35 1.5000000000000002 4.4417685123134873 7.3000979972342614 5.1226535903133863 1.5000000000000002 7.3155776058677429 7.9583251190734163 7.8949329787267777 7.1746477361708756 4.0280459656469025 7.9844543739244713 1.5000000000000002 0.89807491427866115 7.2960267532015175 7.0336754972165965 4.0279376260590949 4.0068678565155924 0.92139609102059494
decision_type=2 2 2 2 2 2 2 2 2 2 2 2 2 2 2 2 2 2 2 2 2 2 2 2 2 2 2 2 2 2
left_child=27 2 6 12 10 -6 11 9 -9 -8 -5 21 13 -4 20 -13 17 24 -19 -18 23 -2 -21 -3 -16 26 -22 -1 29 -29
right_child=1 14 3 4 5 -7 7 8 -10 -11 -12 15 -14 -15 16 -17 19 18 -20 22 25 -23 -24 -25 -26 -27 -28 28 -30 -31
leaf_value=0.049223953269182691 0.047259216218837934 0.05762514725783785 -0.00044110072126967733 0.024102487967610452 -0.010540446988314989 0.038165953915533166 -0.0064180681114961967 0.026048014071499398 -0.00065351581641653802 -0.024407555450672087 0.046350738514323059 0.020108746850731388 0.047932059764435299 -0.010352320747305986 0.0057089114640171777 0.050858534006600412 0.0208790143500109 -0.0066961030518592592 -0.0016549489823444907 -0.0053068539772504813 -0.02867734176194231 0.0045403924831467508 0.012826077628270996 -0.42547902904157758 0.03717268742846757 -0.055639142345730919 -0.0067880237679253976 0.050013532929643501 0.044996909634742101 -0.081818935510431706
leaf_weight=952.17907437009853 18.044517509348225 5.9268781340215346 3202.9766777143232 612.70947987306863 376.75612933078082 194.46464950940572 2674.2833800623193 437.61922513623722 38700.433389892918 613.98581233806908 347.32930361648323 268.96873712789966 39.605854637542507 867.33532338356599 69.071001520147547 66.250012961390894 116.88831324875355 3463.4179000058211 5737.461506318301 247.070607021451 91.39265515236184 877.82200139254564 146.54748843982816 0.10451333224773396 36.506061725318432 20.039654647000134 50.019500609952956 8.6327053046261408 49.8089413275884 4.9139135727309613
leaf_count=4099994 33897 1457 210600 3318 6057 307054 11985 5584 298859 2738 97642 38739 55216 7161 1613 3571 872 19792 29366 2582 507 40254 1185 2 215 86 339 32649 174529 4108
internal_value=0.00017969 -0.000646153 -0.000133904 0.0045778 0.0224113 0.00604101 -0.000742725 -0.00108522 -0.000354955 -0.00977707 0.0321516 0.0110605 -0.00206656 -0.00255306 -0.0031754 0.0261859 -0.0028447 -0.00332406 -0.00355255 0.0058941 -0.0225596 0.00540083 0.0014442 0.0492538 0.0165883 -0.0252423 -0.0209348 0.0483893 0.0358445 0.0021925
internal_weight=60298.6 59283 49298.6 5641.18 1531.26 571.221 43657.4 42426.3 39138.1 3288.27 960.039 1231.09 4109.92 4070.31 9984.45 335.219 9816.96 9306.46 9200.88 510.506 167.483 895.867 393.618 6.03139 105.577 161.452 141.412 1015.53 63.3556 13.5466
internal_count=5491971 1180691 1122675 687048 414071 313111 435627 319166 304443 14723 100960 116461 272977 217761 58016 42310 55625 50986 49158 4639 2391 74151 3767 1459 1828 932 846 4311280 211286 36757
is_linear=0
shrinkage=0.05


Tree=94
num_leaves=31
num_cat=0
split_feature=3 2 0 3 2 3 2 2 2 1 2 3 3 1 0 3 2 2 0 2 2 2 3 3 2 2 3 0 3 3
split_gain=911.473 28.8506 28.1104 33.4179 27.6656 32.5225 253.504 77.4473 26.8667 22.7391 21.1991 20.233 130.351 29.5749 19.9524 12.7849 10.2356 9.81822 32.2649 7.16295 6.28993 6.25254 5.09306 4.3916 7.64419 19.1782 4.99746 4.61991 3.59015 3.20292
threshold=4.0769440439467477 4.0615743271509634 0.14283967029535363 7.3081877281983463 7.0336754972165965 5.4425259239190353 4.4527119691926762 5.2095183253999497 4.8712296690828838 1.0000000180025095e-35 5.164810817739462 7.9583251190734163 7.9844543739244713 1.5000000000000002 0.82743180515087889 7.9583251190734163 4.6570728482318184 4.0243485990381496 0.94625037110906363 4.0045014548270919 4.0175483433243269 4.0078733565554225 4.204841850850066 4.0279376260590949 4.0068678565155924 3.9638540945373326 4.0639712580105192 0.94294308484027956 6.8957584183412344 7.3233027137203726
decision_type=2 2 2 2 2 2 2 2 2 2 2 2 2 2 2 2 2 2 2 2 2 2 2 2 2 2 2 2 2 2
left_child=23 9 3 8 5 7 -7 -4 16 14 29 13 -13 -6 19 -12 -3 18 -16 -2 -21 -11 -19 -1 25 -25 27 -27 -10 -5
right_child=1 2 4 10 11 6 -8 -9 28 21 15 12 -14 -15 17 -17 -18 22 -20 20 -22 -23 -24 24 -26 26 -28 -29 -30 -31
leaf_value=0.049183667069777365 0.042050649090979754 0.066925334854074564 -0.0017147796506309224 0.038912102704333401 -0.0078474534888513924 0.02803915866531137 0.00015326309459962723 -0.12533417996118093 -0.055369664239717425 -0.078370847913257713 -0.010647915510754584 0.021473048668675266 -0.004060841854806852 0.014792993478844087 0.0055378279161856546 -0.00044133052122941963 0.0028280224544292077 -0.030631963352972316 -1.6517940798760866 -0.052093456739750389 0.016931467100475491 0.040899486581663647 0.010982323577693059 0.050013529814467841 0.044765342899184518 -0.10899541067796679 0.050065322221421751 0.050027091439052096 -0.026210856866299165 0.0091186535109420343
leaf_weight=906.46419489651453 31.256869167089462 7.2306364448741069 17308.493996564823 31.735964804887772 2673.6595427229768 837.04546612384729 30939.935260097438 12.679182084015336 10.983719840645788 1.1161151975393284 529.41411149501801 558.08650982379913 4788.1345567293465 152.46782368421555 73.221391244092956 729.71266863495111 44.934169359505177 43.129648043308407 0.029378207400440171 3.4259912095149039 90.07442682236433 70.962412326101912 8.8634654508205113 8.2246017120633024 47.61871772565064 4.0719547492044503 0.72552299243398 0.51442660196335044 271.2948991805315 12.603195354342459
leaf_count=4099994 56915 50 252451 151 14998 11729 572440 2364 47 18 2319 3849 25057 1141 49868 3772 204 9120 10 3802 32438 135307 1440 32160 174529 2444 1069 1084 1149 52
internal_value=0.000172641 -0.000613735 -0.00069533 -0.00715388 -0.000510619 -6.22709e-05 0.000887813 -0.00180527 -0.0212534 0.0143101 -0.00353624 -0.00320422 -0.00139539 -0.00662602 0.00717656 -0.0047328 0.0117126 -0.00692125 0.00487313 0.0213294 0.0144023 0.0390526 -0.0235378 0.0483087 0.0353403 0.00218489 -0.0718698 -0.0911588 -0.0273455 0.0304435
internal_weight=60198.1 59230.5 58908.4 1637.91 57270.5 49098.2 31777 17321.2 334.443 322.08 1303.47 8172.35 5346.22 2826.13 250.001 1259.13 52.1648 125.244 73.2508 124.757 93.5004 72.0785 51.9931 967.619 61.1552 13.5365 5.3119 4.58638 282.279 44.3392
internal_count=5491971 1180691 891773 7744 884029 838984 584169 254815 1450 288918 6294 45045 28906 16139 153593 6091 254 60438 49878 93155 36240 135325 10560 4311280 211286 36757 4597 3528 1196 203
is_linear=0
shrinkage=0.05


Tree=95
num_leaves=31
num_cat=0
split_feature=3 0 2 0 3 0 1 3 0 2 2 3 2 3 2 0 2 3 0 3 2 3 2 1 1 0 3 2 3 2
split_gain=865.118 28.6364 55.4683 30.491 230.941 47.6447 27.7637 147.455 88.7231 79.8608 44.4191 30.1178 27.1902 39.8903 24.0782 22.9984 22.16 17.2727 17.1929 13.1413 16.5043 15.1722 49.1352 17.6163 11.3773 8.65562 6.17498 5.68782 4.52857 7.47108
threshold=4.0769440439467477 0.25135338761287312 4.5731551881208814 0.3109700072263431 5.8260591009502205 0.29087206909299079 1.0000000180025095e-35 6.0785821681909509 0.53987881902663493 5.3846156224250334 4.0615743271509634 7.3233027137203726 4.6163750795325784 5.8610710426134149 4.3694752276468831 0.18954989862812724 4.4128032160370898 5.5518349149415949 0.27128003979797599 6.5337081385214217 5.0257894490011461 7.9583251190734163 5.6599165454229086 1.5000000000000002 1.5000000000000002 0.23861068514325282 5.8260591009502205 4.0078733565554225 4.0279376260590949 4.0068678565155924
decision_type=2 2 2 2 2 2 2 2 2 2 2 2 2 2 2 2 2 2 2 2 2 2 2 2 2 2 2 2 2 2
left_child=28 2 15 4 5 14 7 9 -9 -5 27 -12 18 -14 -3 -2 -17 -7 -6 20 24 23 -23 -21 -4 -22 -18 -8 -1 -30
right_child=1 3 19 6 12 17 10 8 -10 -11 11 -13 13 -15 -16 16 26 -19 -20 21 25 22 -24 -25 -26 -27 -28 -29 29 -31
leaf_value=0.049141442371791973 0.039498314129976141 0.047302473816967783 -0.001978130879319747 -0.0002317360946287963 -0.0084032575098759218 0.028602119967278541 -0.069865248418872178 0.0073324928099528803 0.032660466000051534 -0.042002970316405153 -0.0025246731332962333 0.00079301873813451417 0.027866314372173559 -0.00079267065091587804 0.026671820126708073 0.030100123255387717 0.054328145513966364 0.0036510982759711073 -0.039095707483928321 -0.006924025816253932 -0.00094960644809223896 0.054379279807113136 -0.0024527853909065123 0.0064387375970553279 0.021141529404487047 0.028748723170671998 0.00040253685722671078 0.04051587791347451 0.0022097262027085287 0.044524458614486243
leaf_weight=862.97790817555506 76.31359289039392 212.29635710746516 1273.3850654661655 9810.266394908831 135.87132725119591 95.771868973446544 1.1874106694012869 1024.6130769820884 521.86818502642564 115.77493032824714 21046.028601941711 10134.583553548902 124.223249360919 5377.8364662081003 423.67820982821286 92.774176844657632 5.4243477284908286 251.53536094166338 68.696581967175007 4905.9924225062132 36.480340138077736 38.572121128439903 2714.4463536143303 259.69556260854006 55.533446319401264 74.921998515725136 248.92221284098923 68.124679481377825 13.531083871173903 45.53528412207379
leaf_count=4099994 774 5611 6136 322542 704 3204 18 15433 421427 1005 146091 49103 725 25335 3400 2302 51 1594 347 21662 172 168 13929 1314 413 366 1558 135307 36757 174529
internal_value=0.000165612 -0.000582977 -0.0030546 -9.36558e-05 0.00304509 0.0254251 -0.000585152 0.00151851 0.0158795 -0.000718946 -0.00135745 -0.00144633 -0.000811112 -0.00014562 0.0335586 0.0146461 0.00918242 0.0105315 -0.0187102 -0.00385544 0.000537665 -0.00465449 -0.00165652 -0.00625224 -0.001012 0.0190236 0.00155259 0.0386249 0.0482247 0.0348309
internal_weight=60116.9 59194.8 9782.46 49412.4 6689.91 983.282 42722.4 11472.5 1546.48 9926.04 31249.9 31180.6 5706.63 5502.06 635.975 423.434 347.121 347.307 204.568 9359.03 1440.32 7918.71 2753.02 5165.69 1328.92 111.402 254.347 69.3121 922.044 59.0664
internal_count=5491971 1180691 48845 1131846 40920 13809 1090926 760407 436860 323547 330519 195194 27111 26060 9011 4685 3911 4798 1051 44160 7087 37073 14097 22976 6549 538 1609 135325 4311280 211286
is_linear=0
shrinkage=0.05


Tree=96
num_leaves=31
num_cat=0
split_feature=3 2 0 2 3 3 2 3 2 1 1 3 3 3 1 3 0 1 1 1 0 3 3 0 2 0 3 3 3 2
split_gain=821.017 27.1688 29.5799 141.17 175.544 67.5588 62.6341 96.2518 146.454 39.4173 34.8286 32.6042 24.2048 108.686 98.5759 67.0002 45.3061 44.6193 31.2105 23.9831 21.6377 19.7224 18.8235 22.9267 11.9997 10.9449 8.89682 6.96189 4.6758 7.33127
threshold=4.0769440439467477 7.1297169139308805 0.69035327433527816 4.267662004847506 7.113284605694381 6.2383245487455579 4.2375608875783284 5.2034845723991019 4.3329479324565865 1.0000000180025095e-35 1.5000000000000002 4.4417685123134873 7.9583251190734163 7.9844543739244713 1.5000000000000002 7.9941566304452838 0.40328621957453575 1.5000000000000002 1.5000000000000002 1.0000000180025095e-35 0.88427325327375472 5.1226535903133863 7.3233027137203726 0.67667794470697917 4.0280459656469025 0.53987881902663493 7.3000979972342614 7.3155776058677429 4.0279376260590949 4.0068678565155924
decision_type=2 2 2 2 2 2 2 2 2 2 2 2 2 2 2 2 2 2 2 2 2 2 2 2 2 2 2 2 2 2
left_child=28 2 6 10 5 -5 9 19 -9 24 11 -4 18 14 25 17 -17 -15 22 -8 -16 -11 27 -24 -2 -14 -6 -3 -1 -30
right_child=1 12 3 4 26 -7 7 8 -10 21 -12 -13 13 15 20 16 -18 -19 -20 -21 -22 -23 23 -25 -26 -27 -28 -29 29 -31
leaf_value=0.049097184790544805 0.047044390627926758 0.012292516765359182 -0.0017609585775770259 0.01614008854151134 -0.024638941332683753 0.051043662092544809 -0.002960314826716067 0.026651299625618369 -0.00040580471093347513 0.019449555942449695 0.050380803032140042 -0.015666933267055351 0.025296021379647884 -0.019827336754115549 -0.020154130768486472 -0.0070694692044131193 0.0043762112980187005 0.021923439211726389 0.01517084949085753 -0.0099824371823317021 0.017529383288010906 0.050641521903689972 -0.0079805031759707084 -0.021044458456967934 0.0043288307644967243 0.044273232195918638 -0.010193044340947718 -0.0035036604894198328 0.0021039605490860685 0.044273990856127765
leaf_weight=821.6116275505774 16.756514922541101 85.222022822825238 3058.5724165935244 1855.1721729011624 164.18070946692023 149.83530603069812 1959.6424435004592 506.59044147375971 39190.482264498831 265.71605933923274 30.048025770229287 488.88753190916032 122.53378985822201 798.82371337711811 128.01824037730694 1618.583103813231 1856.032271515578 69.566002123057842 137.79368402063847 3203.9256060374901 54.229964841157198 62.620245449186768 1077.9351363219321 487.82501717656851 874.26652919861954 199.97135841473937 303.80744745512493 384.284334667027 13.501504663145168 43.553438149829162
leaf_count=4099994 33897 767 208893 113425 1620 306723 8933 7087 303531 38739 54608 3681 542 4439 1227 9047 8718 646 1051 14289 910 3571 5067 2568 40254 943 2693 2822 36757 174529
internal_value=0.000159112 -0.000553564 -0.000160312 0.00312656 0.0123125 0.0187485 -0.000591893 -0.000895808 -6.0518e-05 0.0105892 -0.00322335 -0.00367739 -0.00347351 -0.00150792 0.0204526 -0.00406022 -0.00095554 -0.0164827 -0.00785843 -0.00731745 -0.00894099 0.0253985 -0.00941758 -0.0120507 0.00513214 0.037063 -0.015261 -0.000636432 0.048136 0.0342949
internal_weight=60030 59151.3 52130.5 6050.5 2473 2005.01 46080 44860.6 39697.1 1219.36 3577.51 3547.46 7020.82 4847.76 504.753 4343.01 3474.62 868.39 2173.06 5163.57 182.248 328.336 2035.27 1565.76 891.023 322.505 467.988 469.506 878.667 57.0549
internal_count=5491971 1180691 1141944 691643 424461 420148 450301 333840 310618 116461 267182 212574 38747 26472 3622 22850 17765 5085 12275 23222 2137 42310 11224 7635 74151 1485 4313 3589 4311280 211286
is_linear=0
shrinkage=0.05


Tree=97
num_leaves=31
num_cat=0
split_feature=3 0 2 3 3 3 1 3 3 1 0 0 0 2 1 2 0 0 0 3 3 3 2 1 1 3 3 2 0 0
split_gain=779.122 25.8615 49.8668 28.0273 129.207 99.5415 78.5313 68.0029 59.2975 50.6322 41.6643 31.4335 21.5959 20.4136 19.9415 19.4315 17.3395 15.4678 14.5259 12.0386 10.9643 17.6151 14.9788 6.19201 6.11367 5.14116 4.82455 7.18756 17.1154 3.31601
threshold=4.0769440439467477 0.25135338761287312 4.5731551881208814 7.9844543739244713 7.9583251190734163 7.9941566304452838 1.5000000000000002 7.855699677624826 7.3233027137203726 1.5000000000000002 0.89807491427866115 0.66471697878931379 0.18954989862812724 4.3694752276468831 1.5000000000000002 7.0336754972165965 0.53987881902663493 0.76608256073593728 0.9300344629294619 9.3835394066241555 6.5337081385214217 7.9583251190734163 5.0257894490011461 1.0000000180025095e-35 1.5000000000000002 8.1727008602802069 4.0279376260590949 4.0068678565155924 0.92139609102059494 0.20746273059816209
decision_type=2 2 2 2 2 2 2 2 2 2 2 2 2 2 2 2 2 2 2 2 2 2 2 2 2 2 2 2 2 2
left_child=26 2 12 4 7 9 16 8 -3 17 -11 15 -2 23 -9 -7 -6 -5 -8 20 22 -22 -4 -14 -15 -13 -1 28 -28 -21
right_child=1 3 19 5 6 11 18 14 -10 10 -12 25 13 24 -16 -17 -18 -19 -20 29 21 -23 -24 -25 -26 -27 27 -29 -30 -31
leaf_value=0.049050787263997309 0.038376609245014404 -0.00026168539527160857 -0.00094084922411687599 -0.015059895012180439 0.024063277577948992 0.011061059775379318 -0.011271682375835528 -0.01094662623379875 0.0057595768203400673 0.031288191003450344 -0.12241144505446076 0.0017557726703100558 0.016860179775132808 0.0027882349073834775 0.011349320185727887 -0.001436707811646632 0.042566029570284131 -0.052534466331764576 0.02469053107006523 -0.028859118036998557 -0.0059226011427473014 -0.00092706640865977729 0.018193570059890286 0.053693921507248582 0.053172611522579044 0.020921518173515501 0.050012242711298144 0.044013683294895335 -0.064146237494178207 0.0042615494508863013
leaf_weight=782.26207625107781 74.665036157588474 36830.490419794762 1328.84185141325 1541.2957155704498 352.33613030612469 345.82598865032196 173.14338160306215 1662.8673340380192 4599.477378655225 83.635310411453247 4.6545680984854689 41.666448570787907 18.91243411420146 290.47704783082008 106.723817050457 3089.7899840064347 197.65183154866099 28.036604732275009 33.514694809913635 59.12789311259985 5162.8875468596816 2681.0315633714199 110.80805833637714 28.761857775272802 6.148180733434855 218.38439801335335 7.8071795883297437 41.668231368152192 5.6662214320967905 8.6645689010620099
leaf_count=4099994 774 1070894 6549 8607 1523 1492 1671 7230 20919 735 34 228 1422 1854 769 14774 943 119 625 458 22976 13573 538 437 198 1283 32649 174529 4108 66
internal_value=0.000152704 -0.000526101 -0.00287621 -6.04439e-05 0.000355558 -0.00347626 0.0208387 -3.20611e-06 0.000406784 -0.0136567 0.0231853 0.00108997 0.0139998 0.00871345 -0.00960196 -0.000178694 0.0307127 -0.0157294 -0.00543952 -0.0036323 -0.00347899 -0.00421514 0.000531903 0.0390819 0.00383256 0.0178507 0.0480432 0.0337487 0.00200304 -0.024626
internal_weight=59917.2 59079.8 9770.33 49309.5 43956.2 5353.29 756.646 43199.6 41430 1657.62 88.2899 3695.67 418.965 344.3 1769.59 3435.62 549.988 1569.33 206.658 9351.36 9283.57 7843.92 1439.65 47.6743 296.625 260.051 837.404 55.1416 13.4734 67.7925
internal_count=5491971 1180691 48845 1131846 1104574 27272 4762 1099812 1091813 9495 769 17777 4685 3911 7999 16266 2466 8726 2296 44160 43636 36549 7087 1859 2052 1511 4311280 211286 36757 524
is_linear=0
shrinkage=0.05


Tree=98
num_leaves=31
num_cat=0
split_feature=3 0 3 3 2 3 0 3 3 1 0 2 3 2 3 2 0 3 3 3 0 3 1 3 2 2 1 3 0 0
split_gain=739.345 24.9199 116.682 87.9101 31.9246 51.7932 34.1352 216.298 53.5284 28.471 22.594 20.8098 28.2038 16.1664 16.1389 19.546 13.9071 29.6186 25.8573 12.5799 9.86934 9.6015 5.53555 4.96808 7.01917 15.4567 4.04177 3.69246 3.43451 3.21716
threshold=4.0769440439467477 0.95234617998841065 4.2471371748818294 6.5337081385214217 4.20477203786354 4.5479117545328309 0.71884716736211585 5.274536706793838 5.4425259239190353 1.5000000000000002 0.51273530049150207 4.5731551881208814 4.3507294452368264 3.9838957784948001 4.5256398455657729 4.2375608875783284 0.99955042434302832 4.1836519096534159 4.204841850850066 7.9844543739244713 0.7570029747540562 5.0481237364455485 1.5000000000000002 4.0279376260590949 4.0068678565155924 3.9638540945373326 1.0000000180025095e-35 4.0639712580105192 0.94294308484027956 0.97439000911848883
decision_type=2 2 2 2 2 2 2 2 2 2 2 2 2 2 2 2 2 2 2 2 2 2 2 2 2 2 2 2 2 2
left_child=23 4 16 11 9 14 8 -8 -7 10 21 12 -4 -12 15 -6 17 29 -19 22 -16 -2 -5 -1 25 -25 -18 28 -27 -3
right_child=1 2 3 19 5 6 7 -9 -10 -11 13 -13 -14 -15 20 -17 26 18 -20 -21 -22 -23 -24 24 -26 27 -28 -29 -30 -31
leaf_value=0.049002147827911124 0.025460782251561301 0.024073111855284438 0.045280280303481357 -0.0010525446806712473 -0.016867823232268809 -0.0039313572348500785 0.025923336312263734 -0.0055825271770735055 -0.0001179105703688164 0.050104520874622228 0.039629931602219295 0.049164124370842777 0.011366374020764911 0.0016103300429350324 -0.043254062168583886 -5.7089456389943682e-05 -0.044090496672428245 -0.025192750302104688 0.0063816139121588818 -0.083797595734575625 -0.01135156487410938 0.0062419131336552136 0.022988551258300884 0.050012512723484753 0.043743277691846646 -0.085346424762062278 -5.6336116075164357e-05 0.050066922784568625 0.050027358748852051 0.060262209068829155
leaf_weight=744.8309893400874 171.85772692531464 12.902319289394656 111.79722501686774 248.83026029192843 464.61404820811003 11988.653390804306 822.35458534467034 1613.8578536208079 39591.111388231977 36.129391335096443 28.590029398037586 176.23111689669895 135.73509018984623 1269.0716320068168 66.351423930376768 275.4086551584769 5.2288235174491993 215.43293570401147 92.761053968220949 4.4166560098528853 38.199351359624416 104.50374263885897 26.493073366582394 7.4629893947421788 39.874957759981044 4.776013616239652 1539.7267861700966 0.7007459794403984 0.51949005824280892 11.719507469504604
leaf_count=4099994 16257 3012 1039 2329 2032 56702 15339 38079 316074 65464 62119 369105 2594 205353 313 1790 52 1023 395 29 250 9235 504 32160 174529 2444 8798 1069 1084 2804
internal_value=0.00014615 -0.000499935 0.00430426 0.021672 -0.000719535 -0.000923204 -0.000731101 0.00505242 -0.00100427 0.0062198 0.00521249 0.0360325 0.0266835 0.00244798 -0.0132094 -0.0106115 -0.00220252 -0.0114734 -0.0156894 -8.21218e-05 -0.031598 0.0181933 0.00126082 0.0479466 0.033205 0.00198377 -0.000205367 -0.0577933 -0.0720662 0.0412984
internal_weight=59850.1 59052 2581.27 703.503 56470.7 54860.6 54016 2436.21 51579.8 1610.15 1574.02 423.763 247.532 1297.66 844.573 740.023 1877.77 332.816 308.194 279.74 104.551 276.361 275.323 798.165 53.3342 13.4592 1544.96 5.99625 5.2955 24.6218
internal_count=5491971 1180691 391684 375600 789007 430579 426194 53418 372776 358428 292964 372738 3633 267472 4385 3822 16084 7234 1418 2862 563 25492 2833 4311280 211286 36757 8850 4597 3528 5816
is_linear=0
shrinkage=0.05


Tree=99
num_leaves=31
num_cat=0
split_feature=3 3 2 0 3 3 3 2 1 1 0 0 2 2 2 2 2 3 2 2 3 3 0 0 0 1 0 0 2 2
split_gain=701.544 24.5443 22.557 21.7527 108.221 83.1533 32.6506 56.1097 26.0859 20.2123 17.8425 13.8949 8.57786 6.64747 5.45596 5.57686 5.29034 5.1094 6.84144 13.8707 3.08566 3.04792 8.34185 3.40536 3.37838 5.60077 4.28975 2.79738 1.59338 1.49956
threshold=4.0769440439467477 8.6759645812166841 4.0615743271509634 0.95234617998841065 4.2471371748818294 6.5337081385214217 4.6428993089071149 4.2375608875783284 1.5000000000000002 1.0000000180025095e-35 0.82743180515087889 0.99955042434302832 4.0243485990381496 4.0045014548270919 6.7699180945479123 6.3852636378288778 4.0078733565554225 4.0279376260590949 4.0068678565155924 3.9638540945373326 4.0639712580105192 9.3835394066241555 0.20746273059816209 0.3820810697357887 0.18954989862812724 1.0000000180025095e-35 0.16732986996238744 0.94294308484027956 7.3099056398307338 6.742726673005488
decision_type=2 2 2 2 2 2 2 2 2 2 2 2 2 2 2 2 2 2 2 2 2 2 2 2 2 2 2 2 2 2
left_child=17 2 9 6 11 -6 8 -8 -4 10 13 -5 -12 -2 15 -3 -11 -1 19 -19 27 24 28 -24 26 -26 -16 -21 -23 -17
right_child=1 14 3 4 5 -7 7 -9 -10 16 12 -13 -14 -15 21 29 -18 18 -20 20 -22 22 23 -25 25 -27 -28 -29 -30 -31
leaf_value=0.048951159633095036 0.04131456771475138 0.015061398162987745 -0.0075043202709523908 -0.011557891099001025 0.035268614682464089 -7.5401539190195712e-05 0.012001255393624502 -0.00061684786624237277 0.046318489283046119 -0.064606867692692915 0.0045175459610703487 -0.00019497857444164619 -0.02191165367938017 0.013717404402791074 -0.0067465213609861482 -0.029932160140363741 0.039857144577935044 0.050011901681657006 0.043462532449931868 -0.07447292161448793 0.050063655655684304 -0.014786744454552395 0.014099262122261147 -0.037499471858191857 -0.041306099911094012 -0.0087379016715478028 0.0091663780014164913 0.050026022736745029 -0.033158882084671736 -0.060034350740538533
leaf_weight=709.22481524411705 28.628924807242583 6.9476958960294715 1988.2810472880956 325.76203222150798 411.67712477452005 279.32556802604813 896.06366320012603 52506.384457261447 22.769729904248379 1.2354576587676991 72.68490747193573 1545.0927505908476 53.150996914482675 91.75581935106311 138.77938301861286 34.422676116228104 63.739566377204028 7.0990995791507867 38.169136869371869 5.1880272520356812 0.66661258667591017 16.523593738675117 21.635729223489765 3.7521516829729071 13.661952078342436 391.08833910524845 60.953447341918945 0.4941670816624536 41.29699494689703 4.7023927569389334
leaf_count=4099994 56915 42 36028 4150 372738 2862 38206 413971 9799 18 49878 8850 10560 36240 990 244 135307 32160 174529 2444 1069 122 158 23 84 2704 433 1084 335 34
internal_value=0.000140238 -0.000474743 -0.000360339 -0.000432404 0.00407198 0.0209814 -0.000640649 -0.000405123 -0.00689492 0.0130652 0.00651925 -0.00217354 -0.00664571 0.0202803 -0.00956237 -0.0262196 0.0378708 0.0478458 0.0326577 0.00199036 -0.0517063 -0.0084464 -0.0174183 0.00647333 -0.0072114 -0.00983721 -0.0018903 -0.0636455 -0.0279086 -0.0335501
internal_weight=59781.2 59020.3 58286.6 57975.4 2561.86 691.003 55413.5 53402.4 2011.05 311.196 246.221 1870.85 125.836 120.385 733.764 46.0728 64.975 760.842 51.617 13.4479 6.34881 687.692 83.2085 25.3879 604.483 404.75 199.733 5.68219 57.8206 39.1251
internal_count=5491971 1180691 1175522 886604 388600 375600 498004 452177 45827 288918 153593 13000 60438 93155 5169 320 135325 4311280 211286 36757 4597 4849 638 181 4211 2788 1423 3528 457 278
is_linear=0
shrinkage=0.05


Tree=100
num_leaves=31
num_cat=0
split_feature=3 2 0 3 2 2 3 2 2 3 3 1 3 3 1 0 2 2 2 2 1 1 2 2 1 3 0 0 2 3
split_gain=665.657 24.0944 22.253 29.8399 24.1778 22.403 28.4311 210.104 63.4991 22.9893 87.1625 27.2071 20.5866 21.2135 19.1302 16.4264 13.7495 12.19 9.66771 9.36042 4.50896 4.45761 5.92825 5.32938 3.35828 2.31181 3.89164 15.2277 3.32734 3.02749
threshold=4.0631118560949693 4.1236035457433209 0.14283967029535363 7.3081877281983463 4.8712296690828838 7.1297169139308805 5.4425259239190353 4.4527119691926762 5.2095183253999497 7.9583251190734163 7.9844543739244713 1.5000000000000002 7.3853363710035973 7.9583251190734163 1.5000000000000002 0.7039405449903855 3.9838957784948001 4.0098294480999987 5.0886041562929067 4.6570728482318184 1.0000000180025095e-35 1.0000000180025095e-35 4.0280459656469025 4.0266090969200201 1.5000000000000002 4.0279376260590949 0.94066754611923054 0.92309370075706632 3.9638540945373326 4.0360973166288536
decision_type=2 2 2 2 2 2 2 2 2 2 2 2 2 2 2 2 2 2 2 2 2 2 2 2 2 2 2 2 2 2
left_child=25 14 3 4 19 6 8 -8 -4 11 -11 -7 18 -14 15 21 20 -18 -5 -3 -17 22 -2 -23 -6 -1 27 -27 -29 -30
right_child=1 2 5 12 24 9 7 -9 -10 10 -12 -13 13 -15 -16 16 17 -19 -20 -21 -22 23 -24 -25 -26 26 -28 28 29 -31
leaf_value=0.048897714736105539 0.043975287876368813 0.065848566636633882 -0.0016006577017345981 0.074565114397991558 -0.026566342778366295 -0.0087879180893512543 0.026093446046675739 0.00020353778289119913 -0.10802556644069228 0.018629239389729088 -0.0034290242629411135 0.014329688846447794 -0.014284060521855891 -9.2489571738412285e-05 0.050037740244197285 0.042963000202979287 -0.033531550656325175 0.0018765145420162708 0.011498542834979539 0.0033474502893869698 -0.20557901881547636 -0.25003915431409041 0.012659283783875503 0.037216870085740802 0.0024141493298241207 0.050016217958154731 0.044521631823971168 0.050026901981863596 -0.27159226614650106 -0.10149145789904296
leaf_weight=675.354596371355 16.527325570059475 6.9127974705770603 16847.456607282977 6.3305425345897666 269.88050606846809 2023.9697986370884 803.26492133556167 32065.578964091488 14.027581562986596 500.2750571295619 4273.1487272754312 135.81365965306759 413.1577083170414 726.10188126564026 26.885420817692648 21.245594576888838 25.801694305235287 419.74125167749298 151.52409367263317 44.897532664239407 0.18406170606613059 0.16231056861579674 176.525309124263 30.99823116324842 10.380940049886702 5.3611733658908625 27.325902956494247 0.30119617935270104 0.3108934606425463 1.6492353159701449
leaf_count=4099994 37147 50 198490 27 1149 11224 11548 579062 2364 3622 22526 1051 1753 3772 73819 48185 4308 173216 742 204 1 2 29312 22777 47 25225 138266 752 339 997
internal_value=0.000134388 -0.000444757 -0.000556891 -0.00631823 -0.0196921 -0.000391242 -2.00248e-05 0.000836248 -0.0016892 -0.0030539 -0.00111722 -0.00733421 -0.00289441 -0.00523913 0.00865827 0.00704871 0.00170763 -0.000173991 0.0140277 0.0116867 0.0408282 0.0181727 0.0153403 0.0357206 -0.0254929 0.0482488 0.0357094 0.00411859 -0.104696 -0.128471
internal_weight=59721.1 59010.8 58292.7 1629.19 332.072 56663.5 49730.3 32868.8 16861.5 6933.21 4773.42 2159.78 1297.11 1139.26 718.071 691.186 466.973 445.543 157.855 51.8103 21.4297 224.213 193.053 31.1605 280.261 710.303 34.9484 7.6225 2.26132 1.96013
internal_count=5491971 1226398 837631 7744 1450 829887 791464 590610 200854 38423 26148 12275 6294 5525 388767 314948 225710 177524 769 254 48186 89238 66459 22779 1196 4265573 165579 27313 2088 1336
is_linear=0
shrinkage=0.05


Tree=101
num_leaves=31
num_cat=0
split_feature=3 0 2 0 3 0 2 3 2 3 3 0 3 2 0 2 3 1 0 0 2 3 2 1 0 2 1 0 3 3
split_gain=631.845 23.1391 42.7194 24.5924 198.792 44.9781 25.3789 59.8095 24.5051 148.768 62.3665 61.5901 55.4359 48.7223 43.7807 21.5158 17.5214 13.4572 13.6624 13.1092 12.9891 12.5383 43.7973 15.7655 11.4751 9.62186 6.31407 5.09839 4.91212 2.38574
threshold=4.0631118560949693 0.25135338761287312 4.4527119691926762 0.3109700072263431 5.8260591009502205 0.28089262762801198 4.6570728482318184 5.8610710426134149 5.6599165454229086 6.5337081385214217 5.8260591009502205 0.59740168283145612 5.9991846393519213 6.9131038209668318 0.69035327433527816 4.3694752276468831 6.5337081385214217 1.5000000000000002 0.22420405234085827 0.2632453871837514 5.0257894490011461 7.9583251190734163 5.6599165454229086 1.5000000000000002 0.20746273059816209 4.3694752276468831 1.0000000180025095e-35 0.27128003979797599 5.8260591009502205 4.0279376260590949
decision_type=2 2 2 2 2 2 2 2 2 2 2 2 2 2 2 2 2 2 2 2 2 2 2 2 2 2 2 2 2 2
left_child=29 2 24 4 5 19 27 -8 10 12 14 -12 -10 -11 -5 -7 17 20 -19 -3 -4 23 -23 -18 -2 26 -26 -6 -27 -1
right_child=1 3 16 8 6 15 7 -9 9 13 11 -13 -14 -15 -16 -17 21 18 -20 -21 -22 22 -24 -25 25 28 -28 -29 -30 -31
leaf_value=0.048841682555119927 0.048824764864281132 0.014871703572089501 -0.00052798773683837368 -0.0015855237225952065 -0.0084041221799126629 0.030398920009782771 0.043023250028314725 -0.00051987176787128824 -0.11559211660550434 0.0034146332043704371 -0.0059950503813118892 -0.041990559272708367 0.041658845576720942 -0.0020948436064605587 0.0036077590513587444 0.0075630697166668443 -0.0061306503502021152 0.045167659975543284 0.0012041494105601725 0.039250809111149275 0.017893591905516953 0.051412871783103942 -0.0020675985991924278 0.0065064664170625995 0.010771879814566163 0.02921621557512686 0.052437608415017767 -0.020963042544379615 -0.0026368083176140015 0.035204642618324261
leaf_weight=643.13584977606661 36.332156967953779 64.611986469011754 1536.882491029799 16794.266354164545 173.11454405263066 142.8482607267506 80.054463803768158 5297.2110508680344 5.7284752902924074 7539.3861721773865 3914.7928845733404 122.55810330435634 259.1797057982476 8578.8213108830387 5351.3861910098203 371.15033086948097 4900.1243530213833 34.887934157624841 35.811450038105249 376.21048105857335 102.04307693243027 38.83202300965786 2703.6964876428246 259.89442522078753 14.865167307259979 15.827292970381675 23.415150012820959 151.5588651522994 51.442001764662564 33.755062783748144
leaf_count=4099994 808 1474 7607 183356 894 4871 470 24938 150 153709 18783 709 304445 50441 425040 2439 21667 350 261 5025 493 168 13929 1316 1230 183 375 809 458 165579
internal_value=0.000128824 -0.000422459 -0.00264727 1.84121e-05 0.00284451 0.0239594 -0.000691287 0.00012838 -0.000423552 0.00109307 -0.00137253 -0.00708773 0.0382584 0.000482247 -0.000330593 0.0139095 -0.00304929 0.00154033 0.0228988 0.0356775 0.00061898 -0.0040422 -0.00131036 -0.00549416 0.0245884 0.0162457 0.0362578 -0.0142667 0.00485765 0.0481616
internal_weight=59653.8 58976.9 9754.05 49222.9 6656.76 954.821 5701.94 5377.27 42566.1 16383.1 26183 4037.35 264.908 16118.2 22145.7 513.999 9612.17 1709.62 70.6994 440.822 1638.93 7902.55 2742.53 5160.02 141.882 105.55 38.2803 324.673 67.2693 676.891
internal_count=5491971 1226398 48845 1177553 40920 13809 27111 25408 1136633 508745 627888 19492 304595 204150 608396 7310 45791 8711 611 6499 8100 37080 14097 22983 3054 2246 1605 1703 641 4265573
is_linear=0
shrinkage=0.05


Tree=102
num_leaves=31
num_cat=0
split_feature=3 2 3 1 0 3 3 0 3 2 1 2 3 3 2 2 0 2 3 0 2 3 0 0 3 3 2 3 0 2
split_gain=599.669 21.9979 21.1801 20.552 18.4758 99.5807 65.3542 35.5802 34.2658 50.5863 23.145 15.4106 13.2448 9.10103 5.14971 5.19506 4.58336 4.57919 2.84566 7.79773 3.04201 2.46387 3.94432 13.4729 2.83676 3.07751 1.47785 1.229 2.03638 122.912
threshold=4.0631118560949693 4.0615743271509634 8.6759645812166841 1.0000000180025095e-35 0.92844031038207986 4.204841850850066 6.5337081385214217 0.99955042434302832 4.6428993089071149 4.2375608875783284 1.5000000000000002 3.9838957784948001 4.204841850850066 4.1987796469857166 6.7699180945479123 6.3852636378288778 0.66014026824279082 4.0077909558517755 9.3835394066241555 0.20746273059816209 7.4116116357553006 4.0279376260590949 0.94066754611923054 0.92309370075706632 4.0353904154716913 4.0360973166288536 6.742726673005488 4.0290946611890162 0.98057624958643441 4.0094324199708504
decision_type=2 2 2 2 2 2 2 2 2 2 2 2 2 2 2 2 2 2 2 2 2 2 2 2 2 2 2 2 2 2
left_child=21 3 4 11 8 7 -7 -6 10 -10 -3 -2 13 -13 15 -4 -14 -5 20 -20 -16 -1 23 -23 -25 -26 -17 28 29 -24
right_child=1 2 14 17 5 6 -8 -9 9 -11 -12 12 16 -15 18 26 -18 -19 19 -21 -22 22 27 24 25 -27 -28 -29 -30 -31
leaf_value=0.048782957510054327 0.041111458247219429 -0.0078531022258593926 0.014309232912451545 -0.054129624418340044 -0.019588911128211393 0.026157870045749782 -0.00099724127256438626 -0.0002891399328895429 0.011506567362229587 -0.0005352798582926925 0.045788064687542041 -0.0070279469404333399 0.033702043400923413 -0.082583177291381829 -0.0022586741056359722 -0.028951794816627276 0.0089804553475669249 0.039313651222940178 -0.026946773384905184 0.0063904447579569805 -0.0095451861866760607 0.050014895717796853 0.050009024557942316 0.050022607572000756 -0.25505211844711273 -0.088492806982559166 -0.059431117945237748 0.047801531110973829 0.050008737180852372 -3.1122477961464861
leaf_weight=612.48791126711876 28.061736930016195 1826.4656240422628 6.9985510855913153 1.3380225332221005 282.45330841347459 626.47414540947648 342.81550202996004 1545.3368411523697 886.90929762541782 52373.984603756166 20.333328283159062 114.4552129189251 24.383566644130042 4.1294737114803857 236.32244394719601 33.700503647327423 81.130520515376702 65.137692633928964 56.552965320646763 25.427583768963814 363.65803898870945 4.9234766719600875 1.086380288877993 0.30038584710564498 0.3277174879331145 1.8038598989369345 4.5091736316680899 22.637713600939605 1.4770206339599097 0.031622987313312367
leaf_count=4099994 73217 34869 42 22 4896 387171 3601 8905 38206 399932 9467 54068 16888 984 1678 244 29152 159851 457 181 2533 25225 6122 820 213 1055 34 123509 8454 181
internal_value=0.000123662 -0.000401 -0.000472203 0.012701 -0.000365708 0.00359861 0.0165537 -0.00327159 -0.000566924 -0.000334757 -0.00726251 0.00618104 0.00180704 -0.00965901 -0.00895241 -0.0252948 0.0146934 0.0374328 -0.00786905 -0.0166067 -0.00667515 0.0480702 0.0346737 0.00245527 -0.0938285 -0.1141 -0.0325487 0.0440654 0.0114736 -0.0394362
internal_weight=59595.7 58950.6 58631.9 318.636 57904.8 2797.08 969.29 1827.79 55107.7 53260.9 1846.8 252.161 224.099 118.585 727.169 45.2082 105.514 66.4757 681.961 81.9805 599.98 645.076 32.5882 7.35544 2.43196 2.13158 38.2097 25.2327 2.59502 1.118
internal_count=5491971 1226398 892216 334182 887047 404573 390772 13801 482474 438138 44336 174309 101092 55052 5169 320 46040 159873 4849 638 4211 4265573 165579 27313 2088 1268 278 138266 14757 6303
is_linear=0
shrinkage=0.05


Tree=103
num_leaves=31
num_cat=0
split_feature=3 2 3 1 1 0 2 0 2 3 0 2 2 2 2 2 1 2 2 1 1 0 3 0 0 2 2 0 2 3
split_gain=569.705 20.5436 19.0879 17.9592 17.4775 96.9158 49.585 18.3245 125.399 39.0044 15.1047 12.6025 12.2448 10.4239 4.79172 4.83038 4.36423 5.55548 4.39144 3.7135 2.80427 6.13019 2.48154 3.89782 11.624 2.26092 2.14495 1.71188 1.45511 0.952072
threshold=4.0631118560949693 4.1236035457433209 8.6759645812166841 1.5000000000000002 1.0000000180025095e-35 0.97439000911848883 5.0937103219158661 0.52179196583813592 4.2987140455362249 8.3585725317228619 0.7039405449903855 7.220131748367046 3.9838957784948001 4.0098294480999987 6.7699180945479123 6.3852636378288778 1.0000000180025095e-35 4.0280459656469025 4.0266090969200201 1.0000000180025095e-35 1.0000000180025095e-35 0.20746273059816209 4.0279376260590949 0.94066754611923054 0.92309370075706632 3.9638540945373326 7.4116116357553006 0.93950042227052932 6.742726673005488 4.0290946611890162
decision_type=2 2 2 2 2 2 2 2 2 2 2 2 2 2 2 2 2 2 2 2 2 2 2 2 2 2 2 2 2 2
left_child=22 3 4 10 5 6 -3 8 -6 -9 16 -7 19 -14 15 -4 17 -2 -18 -12 21 -16 -1 24 -24 -26 -22 -27 -17 -25
right_child=1 2 14 -5 7 11 -8 9 -10 -11 12 -13 13 -15 20 28 18 -19 -20 -21 26 -23 23 29 25 27 -28 -29 -30 -31
leaf_value=0.048721401493764076 0.043484176842407143 -0.0010245575892158798 0.013482259351982988 0.05003654122538588 0.023886477200186471 0.048537866360122917 0.005918167483504288 -0.0028061339958803185 -0.00060185356492141115 0.01299994017059853 0.042314632627927617 -0.011689486866405273 -0.030514303076386629 0.0016965650383410644 -0.0059594630875453225 -0.028056379587749553 -0.20543173689540703 0.012047820231622992 0.036665872833937047 -0.17042810819638385 -0.0029928735775161842 -0.050338814425712114 0.050014168771368099 0.018241108848498368 0.05003078241801872 -0.085159014655250206 -0.0089759443005046121 -0.25180069216587508 -0.058888471352390948 0.047692955580001514
leaf_weight=583.33435232334887 15.29079514640034 9935.6846175098617 7.0549410730600348 24.624502572434722 532.24879542656709 120.39597782000783 3469.9130305690051 13660.459355992032 29367.68327801791 401.78607343137264 19.463589488106667 9.3611301854252797 26.722861872112844 417.91354774696811 22.277838796377182 33.053948819637299 0.18849962949753063 173.74117954325629 29.736927559832111 0.20730769634246726 236.96011929214001 11.958064138889311 4.6834221075696396 3.1437161623616729 0.29485329182352904 2.2178029527422045 407.24846336245537 0.16562471876386542 4.3277794346213332 21.581465055831359
leaf_count=4099994 37147 72856 42 73819 10440 341209 195785 80314 129770 2006 48185 82 4308 173216 143 244 2 29312 22777 1 1713 75 25225 14757 752 1227 2918 109 34 123509
internal_value=0.000118937 -0.000380869 -0.000483811 0.00808558 -0.000382298 0.00118875 0.000772502 -0.000866003 -0.000165937 -0.00235452 0.00657369 0.0441929 0.00146854 -0.000239324 -0.00855806 -0.0244643 0.0173994 0.0145907 0.0351409 0.0400726 -0.00751624 -0.0214605 0.0479768 0.0344392 0.00250199 -0.080581 -0.00677518 -0.096739 -0.0316259 0.0439483
internal_weight=59543.7 58928.3 58220.4 707.889 57497.5 13535.4 13405.6 43962.2 29899.9 14062.2 683.265 129.757 464.307 444.636 722.881 44.4367 218.957 189.032 29.9254 19.6709 678.444 34.2359 615.421 32.0869 7.3617 2.67828 644.209 2.38343 37.3817 24.7252
internal_count=5491971 1226398 837631 388767 832462 609932 268641 222530 140210 82320 314948 341291 225710 177524 5169 320 89238 66459 22779 48186 4849 218 4265573 165579 27313 2088 4631 1336 278 138266
is_linear=0
shrinkage=0.05


Tree=104
num_leaves=31
num_cat=0
split_feature=3 0 2 0 3 0 2 2 2 2 3 0 3 0 3 2 1 0 2 3 3 3 2 1 1 1 0 2 3 0
split_gain=540.64 20.3723 39.6129 22.2752 180.753 43.1231 23.0816 23.0327 29.6623 22.6866 132.134 57.098 169.507 66.1856 48.6673 43.3742 20.7458 20.5734 17.4088 13.2495 9.11028 8.67605 38.3559 21.3404 6.02429 5.77439 2.94577 2.74288 2.55688 3.8058
threshold=4.0631118560949693 0.25135338761287312 4.5731551881208814 0.3109700072263431 5.8260591009502205 0.29087206909299079 4.3694752276468831 4.9241549433616383 5.2713098734200639 5.6599165454229086 6.5337081385214217 0.69035327433527816 4.6428993089071149 0.52179196583813592 5.9991846393519213 6.9131038209668318 1.5000000000000002 0.18954989862812724 4.3694752276468831 5.5518349149415949 9.3835394066241555 7.9583251190734163 5.6599165454229086 1.5000000000000002 1.0000000180025095e-35 1.5000000000000002 0.16732986996238744 7.3099056398307338 4.0279376260590949 0.94066754611923054
decision_type=2 2 2 2 2 2 2 2 2 2 2 2 2 2 2 2 2 2 2 2 2 2 2 2 2 2 2 2 2 2
left_child=28 2 17 4 5 6 -3 16 -9 11 14 13 -13 -5 -11 -12 -6 -2 24 -7 21 23 -23 -4 -19 -20 27 -22 -1 -30
right_child=1 3 20 9 7 19 -8 8 -10 10 15 12 -14 -15 -16 -17 -18 18 25 -21 26 22 -24 -25 -26 -27 -28 -29 29 -31
leaf_value=0.048656894713737853 0.037009668954870678 0.045374346804506131 -0.0046070725445920896 -0.00042712472128925594 -0.0076391484592810855 0.02548795265036188 0.02437887683144874 0.010056544480276298 -0.00076192545131412409 -0.10120531819428691 0.0032968005560943454 -0.0016609995406167662 0.019186218616071837 -0.0063660924418665766 0.040474457606827698 -0.0019039550895236035 0.02705223331069528 0.014648437318092442 0.0022240277900158457 0.002888577075768466 -0.013187726475458576 0.04860798537153746 -0.0013150996109545039 0.0086022242453391712 0.052434824731165092 0.052952506312450437 -0.0066971225016991161 -0.039310335574665879 0.00251285584657271 0.043675751538498592
leaf_weight=555.60220525535988 72.09994201886002 192.46068402810488 6272.6964466869831 13653.601367921627 1255.8739747181535 87.618742617341923 409.2824993096292 767.47054401040077 3632.2793769165874 6.2142235490609883 7534.8396863833186 4082.3666468961892 1281.0301485538075 7146.662110051082 246.21935295822914 8567.4620202404913 44.626323513686657 17.802219069737475 288.28494744002819 249.6405477412045 16.123401269316673 39.044974431395531 2631.8891313076019 321.43034464120865 25.886067823856138 5.7210639715194693 21.256932757794857 26.671740531921387 7.3623911657923626 23.663718486219295
leaf_count=4099994 774 5611 28291 91902 6080 3204 3400 3677 16999 150 153709 318684 106539 110763 304445 50441 355 1422 1854 1594 123 168 13405 1772 437 198 173 228 27313 138266
internal_value=0.000113976 -0.000361757 -0.00245099 5.21518e-05 0.00274563 0.0230723 0.031094 -0.000602779 0.00112519 -0.000368436 0.00109237 -0.00128158 0.00331829 -0.00246767 0.0369867 0.000529663 -0.00644872 0.012764 0.00758735 0.00875981 -0.00311932 -0.00298941 -0.0005853 -0.00396319 0.0370375 0.00321115 -0.0219113 -0.0294684 0.0478768 0.0339079
internal_weight=59483.2 58896.6 9738.91 49157.6 6639.25 939.002 601.743 5700.25 4399.75 42518.4 16354.7 26163.7 5363.4 20800.3 252.434 16102.3 1300.5 409.794 337.694 337.259 9329.11 9265.06 2670.93 6594.13 43.6883 294.006 64.0521 42.7951 586.628 31.0261
internal_count=5491971 1226398 48845 1177553 40920 13809 9011 27111 20676 1136633 508745 627888 425223 202665 304595 204150 6435 4685 3911 4798 44160 43636 13573 30063 1859 2052 524 351 4265573 165579
is_linear=0
shrinkage=0.05


Tree=105
num_leaves=31
num_cat=0
split_feature=3 2 1 0 3 2 3 3 1 0 2 0 2 3 2 3 3 2 2 2 0 2 3 3 0 0 3 3 2 0
split_gain=512.985 19.3545 19.4399 18.3888 26.6137 21.9068 19.0145 18.4806 17.4329 79.2885 46.8724 15.7433 113.615 33.7114 13.7935 12.4038 11.5334 8.65797 8.64493 8.37409 4.24982 4.00503 3.38629 2.63541 3.72893 10.2077 1.90674 1.73083 1.29645 5.63895
threshold=4.0631118560949693 4.0615743271509634 1.0000000180025095e-35 0.14283967029535363 7.3081877281983463 4.8712296690828838 7.3853363710035973 7.9583251190734163 1.0000000180025095e-35 0.97439000911848883 5.0937103219158661 0.52179196583813592 4.2987140455362249 8.1727008602802069 3.9838957784948001 4.1109558246685376 4.204841850850066 4.6570728482318184 5.0886041562929067 4.0243485990381496 0.66014026824279082 4.0077909558517755 7.2265362286251831 4.0279376260590949 0.94066754611923054 0.92309370075706632 4.0353904154716913 4.0360973166288536 4.0306277142120477 0.90262234570724054
decision_type=2 2 2 2 2 2 2 2 2 2 2 2 2 2 2 2 2 2 2 2 2 2 2 2 2 2 2 2 2 2
left_child=23 2 14 4 5 17 18 -8 9 10 -5 12 -10 -13 -2 -11 19 -3 -6 -16 -18 -4 -7 -1 25 -25 -27 -28 -23 -30
right_child=1 3 21 8 6 22 7 -9 11 15 -12 13 -14 -15 16 -17 20 -19 -20 -21 -22 28 -24 24 -26 26 27 -29 29 -31
leaf_value=0.048589280456163238 0.040355746021592524 0.064770543796233912 -0.046050561184567719 -0.00074775181900994304 0.070865933011689239 -0.020764349796933233 -0.01315650772963628 0.00012619284942710457 0.022864564871797211 -0.028354748007853248 0.0061143254782310879 -0.0026770584237228476 -0.00051108977212686803 0.0085598995830601914 0.0016467062516044549 0.043861900834266575 0.032872485765891253 0.0037032076176165734 0.011431688160697862 -0.025488537843304682 0.0085854812221259815 0.045533698881029386 -0.033627431011872981 0.050013443982031107 0.043392305777553618 0.050024314810490203 -0.17381271584160218 -0.065673265025724389 0.039970060554831523 -0.023444350924730205
leaf_weight=529.22232044805423 25.871762799069984 6.6670013368129721 1.4247980845393602 10192.05644071463 6.3757201284170142 210.46968956291676 410.79381042718887 722.3331215903163 529.42542719026096 6.2493067762115961 3292.4472859914531 13446.610998164426 28633.042426537024 702.31078765541315 74.368408275680849 122.47552969222306 23.215125888149487 44.846580818295479 151.51477764546871 46.030249713570811 80.36620277754264 32.865424236078979 67.598143994808197 4.4438940363470492 22.652996590375551 0.29446100286440957 0.44655157113447819 2.1590453614480793 24.832075979211371 4.0818417410773682
leaf_count=4099994 73217 50 22 93610 27 910 1753 3772 14417 336 195142 108269 127945 3425 45298 341328 16888 204 742 9754 29152 111850 286 25225 138266 820 213 1055 41588 6413
internal_value=0.000109467 -0.000343381 0.0120558 -0.000409682 -0.00566154 -0.018343 -0.00242411 -0.0046892 -0.000260166 0.00130056 0.000927729 -0.000750718 -8.67201e-05 -0.00211929 0.00578909 0.0403559 0.00179632 0.0116067 0.0138317 -0.00872751 0.0140288 0.0368285 -0.0238914 0.0477721 0.0333548 0.00239336 -0.0705771 -0.0842064 0.0387399 0.0310177
internal_weight=59417.5 58858.3 313.056 58545.2 1620.6 329.581 1291.02 1133.13 56924.6 13613.2 13484.5 43311.4 29162.5 14148.9 249.852 128.725 223.98 51.5136 157.89 120.399 103.581 63.2041 278.068 559.219 29.9969 7.34395 2.90006 2.6056 61.7793 28.9139
internal_count=5491971 1226398 334182 892216 7744 1450 6294 5525 884472 630416 288752 254056 142362 111694 174309 341664 101092 254 769 55052 46040 159873 1196 4265573 165579 27313 2088 1268 159851 48001
is_linear=0
shrinkage=0.05


Tree=106
num_leaves=31
num_cat=0
split_feature=3 3 3 3 3 1 2 3 2 2 3 0 2 3 0 3 0 0 3 0 2 0 2 0 1 0 0 3 2 3
split_gain=486.723 18.3391 41.2367 106.219 57.5928 55.8439 49.0186 43.55 42.068 33.3299 159.967 113.322 87.6114 43.5573 225.577 60.3248 51.6887 42.1166 36.262 35.8677 21.4377 19.5091 19.2434 16.0281 15.2134 15.1216 12.0939 9.29148 4.35662 2.71178
threshold=4.0631118560949693 7.781075859749671 7.9583251190734163 7.9844543739244713 7.9941566304452838 1.5000000000000002 6.7699180945479123 8.1727008602802069 6.3476752454406311 5.9518200102761609 6.7939703625515913 0.67109024589866439 6.7699180945479123 5.8260591009502205 0.29087206909299079 5.9160942342697309 0.46286072019001795 0.47314934341579079 7.113284605694381 0.59740168283145612 4.3694752276468831 0.90697957232253212 6.4698332258700715 0.47314934341579079 1.5000000000000002 0.88427325327375472 0.9300344629294619 7.8949329787267777 5.9518200102761609 4.0279376260590949
decision_type=2 2 2 2 2 2 2 2 2 2 2 2 2 2 2 2 2 2 2 2 2 2 2 2 2 2 2 2 2 2
left_child=29 9 21 5 8 6 -4 -6 -5 13 22 12 -12 14 20 19 -17 -16 -13 -15 -2 24 23 -11 27 -7 -24 -3 -26 -1
right_child=1 2 3 4 7 25 -8 -9 -10 10 11 18 -14 15 17 16 -18 -19 -20 -21 -22 -23 26 -25 28 -27 -28 -29 -30 -31
leaf_value=0.048518438661968151 0.043180024834191866 -0.0052169995982854923 0.005697216752856297 0.0070970950164951797 0.008550222779416191 -0.014884469990260494 0.030985183002333057 -0.0020693223463815521 -0.012271571205542323 -0.0015038419191929467 0.00079789300009558244 0.05775904261888587 0.012239192761568195 -0.0098430185015380613 0.0029592933647768879 -0.0022226160672443201 0.013292037172396173 -0.0016154542259948623 -0.012033404617179416 -0.044520239735523208 0.023680223078358348 -0.093256999311607081 0.052608023884982473 0.050970503374738796 -0.032440475054324402 0.015954174033360885 -0.35023545747866464 -0.011108606892183001 0.010113467794074196 0.032803998236603495
leaf_weight=504.12865104406956 212.27419978633407 1412.7362492308021 318.70134021341801 330.77564512193203 1238.6935719177127 167.47603674978018 480.64414115250111 4376.0442192591727 1838.7857183814049 15.747585147619246 5944.2253799525788 18.856127336563077 2328.6995769590139 1701.9496193886735 7615.5434249421378 11838.362982005579 562.34959656314459 14824.669452367074 1432.962579257437 77.985288484720513 419.47173205949366 6.5919917225837699 0.29780816793208842 191.7068539892789 6.2766877412796012 52.122524544596672 0.4976261408010032 1271.5025159083307 144.0656204149127 29.034560153610073
leaf_count=4099994 7110 6210 1303 1659 5485 1455 2198 22560 10561 101 59421 1881 93281 8550 58221 57094 3854 554989 11642 485 3583 27 111 307108 27 910 35 5507 1030 165579
internal_value=0.000104883 -0.000326123 -0.00210319 -0.00041283 -0.00239991 0.0147676 0.0209028 0.000273505 -0.00931859 0.000112422 0.0026859 0.00175737 0.00401844 -0.000573768 0.000766612 -0.00275457 -0.00151905 -6.29204e-05 -0.0111269 -0.0113624 0.0302324 -0.00734071 0.0460461 0.0469872 -0.00714091 -0.0075648 -0.199412 -0.00800781 0.00833687 0.0476627
internal_weight=59363.2 58830 11644.4 8803.24 7784.3 1018.94 799.345 5614.74 2169.56 47185.6 9932.99 9724.74 8272.92 37252.6 23072 14180.6 12400.7 22440.2 1451.82 1779.93 631.746 2841.17 208.25 207.454 2834.58 219.599 0.795434 2684.24 150.342 533.163
internal_count=5491971 1226398 58932 46131 40265 5866 3501 28045 12220 1167466 473580 166225 152702 693886 623903 69983 60948 613210 13523 9035 10693 12801 307355 307209 12774 2365 146 11717 1057 4265573
is_linear=0
shrinkage=0.05


Tree=107
num_leaves=31
num_cat=0
split_feature=3 0 3 3 2 3 0 3 3 1 3 2 0 3 3 3 2 3 0 3 0 0 0 2 0 3 0 0 3 0
split_gain=461.733 18.3794 85.2384 78.622 26.2804 49.7311 32.1568 180.979 42.3923 23.2422 19.9218 38.2132 18.6353 15.1156 14.8656 12.0838 18.9521 11.0841 18.4888 33.3072 9.93258 6.39069 3.83765 3.80022 3.81018 2.79169 3.75699 9.33636 1.78205 5.59662
threshold=4.0631118560949693 0.94191383711497811 4.2571009610137267 6.5337081385214217 4.20477203786354 4.5479117545328309 0.71884716736211585 5.274536706793838 5.4425259239190353 1.5000000000000002 4.6142785673051678 4.3329479324565865 0.35212193414828868 7.9844543739244713 5.0481237364455485 4.5256398455657729 4.2375608875783284 4.1784559019061511 0.99955042434302832 4.204841850850066 0.7570029747540562 0.94625037110906363 0.30166964322371831 4.0068678565155924 0.99999915540540552 4.0279376260590949 0.94066754611923054 0.92309370075706632 4.0490856520153029 0.9300344629294619
decision_type=2 2 2 2 2 2 2 2 2 2 2 2 2 2 2 2 2 2 2 2 2 2 2 2 2 2 2 2 2 2
left_child=25 4 17 10 9 15 8 -8 -7 12 11 -4 22 21 -14 16 -6 23 19 -19 -17 -5 -2 -3 -25 -1 27 -27 -29 -30
right_child=1 2 3 13 5 6 7 -9 -10 -11 -12 -13 14 -15 -16 20 -18 18 -20 -21 -22 -23 -24 24 -26 26 -28 28 29 -31
leaf_value=0.048444198950233115 0.0078946307501797982 -0.19479297850546762 0.046407798115708145 -0.034227237836664405 -0.01705968600258374 -0.0033653998014257359 0.024585078618418112 -0.0046532079363909174 3.0513794898830211e-05 0.050097706919074149 0.04828954631250635 0.0064964361765096901 0.0051771996230625394 -0.08340731585172434 -0.020621988634508814 -0.040850952204001569 -0.00013669229903389468 -0.023764552106114084 0.00021281947064663183 0.0077216453819374782 -0.0087390315271953425 0.0026955210487687033 0.046041846598911591 0.027962319362187234 -0.0091494226459105325 0.050012378117775841 0.042867314573089156 -0.033998654422920493 -0.020474976203712924 -0.23601707058429822
leaf_weight=480.25864030579396 8.2579427175951405 0.20281053392682125 111.43226777715608 12.229410312836988 437.44823105819523 11980.768477574689 798.1613599434495 1570.9203088754439 39451.961028773221 29.230891321873059 146.74284603283741 129.8712176552508 1412.9093267231801 5.381572186946868 58.132823834661394 65.095799362286925 266.06626805849373 231.3186425822787 1535.3387615606189 131.8761943099089 38.218954633921385 280.92095911270007 32.69940742754261 43.534747044119285 8.2223546548630093 4.0908644234732519 20.991900502325734 1.7837001599837097 0.70777237776201196 0.52422551100607961
leaf_count=4099994 2327 8 1116 135 1934 56702 13552 32641 316074 66387 376035 2641 293715 33 3215 313 1672 1142 6259 575 246 2964 3945 40217 2550 25225 138266 1607 226 255
internal_value=0.000100657 -0.000309641 0.00376987 0.0189213 -0.000501235 -0.00068296 -0.000498184 0.00519739 -0.000760532 0.00593762 0.0337619 0.0249272 0.00508389 -0.000369184 0.00415766 -0.0130044 -0.0106595 -0.00156347 -0.00218702 -0.0123319 -0.0289719 0.00115521 0.0383505 0.0212201 0.0220666 0.047548 0.0322295 0.000806671 -0.065942 -0.11219
internal_weight=59295.3 58786.9 2637.07 686.578 56149.9 54608.6 53801.8 2369.08 51432.7 1541.23 388.046 241.303 1512 298.532 1471.04 806.829 703.514 1950.49 1898.53 363.195 103.315 293.15 40.9574 51.9599 51.7571 508.357 28.0985 7.10656 3.0157 1.232
internal_count=5491971 1226398 433675 382924 792723 423134 418969 46193 372776 369589 379792 3757 303202 3132 296930 4165 3606 50751 7976 1717 559 3099 6272 42775 42767 4265573 165579 27313 2088 481
is_linear=0
shrinkage=0.05


Tree=108
num_leaves=31
num_cat=0
split_feature=3 3 2 2 0 3 3 3 3 2 3 1 2 2 3 3 0 3 0 2 2 2 2 3 0 0 2 3 2 3
split_gain=438.008 17.6107 16.7742 16.7489 15.9304 79.8324 67.2812 24.8682 22.3509 21.123 11.3902 8.21042 10.8136 7.72734 7.39212 8.77611 5.4805 4.73251 10.8835 8.77648 4.21498 2.87368 5.18063 2.86754 3.64681 8.27063 1.51481 1.32348 1.2526 1.13177
threshold=4.0631118560949693 8.4967555934485279 4.0323590931667415 6.317189391372529 0.95234617998841065 4.2571009610137267 6.5337081385214217 4.1836519096534159 4.1784559019061511 4.20477203786354 4.1836519096534159 1.0000000180025095e-35 3.9762013906325415 4.0115160874231268 4.3611859606570134 4.3724181184037514 0.63724257348771152 8.6083216537689129 0.16732986996238744 6.8517363550811243 4.0077909558517755 6.2840647075723846 6.2308392139256092 4.0279376260590949 0.94066754611923054 0.92309370075706632 3.9638540945373326 4.0577670157450987 6.1678079014343981 4.0290946611890162
decision_type=2 2 2 2 2 2 2 2 2 2 2 2 2 2 2 2 2 2 2 2 2 2 2 2 2 2 2 2 2 2
left_child=23 2 11 21 7 10 -7 8 -4 -9 -6 12 -2 -14 20 -16 17 19 -19 -5 -13 22 28 -1 25 -25 -27 -28 -3 -26
right_child=1 3 4 16 5 6 -8 9 -10 -11 -12 14 13 -15 15 -17 -18 18 -20 -21 -22 -23 -24 24 29 26 27 -29 -30 -31
leaf_value=0.048366424880573106 0.041325005372192435 0.023351170281367579 -0.014590059144111931 0.0046707016889025715 0.028112554815107566 0.034520570004968575 0.0011557077918630417 0.0058564437999394352 -0.081569124017310923 -0.00050200330202352489 -0.0018742557660580144 -0.042987191130472294 -0.014762608405088522 0.012652562978365573 -0.68659786652982846 -0.070907570051599728 -0.047017393241301983 -0.013860060346534307 -0.0022628443120876907 -0.01749158218285405 0.043802970887503463 0.056752047642230755 -0.0040099842994603787 0.05001177649893282 0.011934758937959178 0.050034973735057442 -0.078504707317054639 0.050106780701656764 0.049654973915575155 0.047148692610751858
leaf_weight=457.5525059368083 23.007009261258645 8.30060671269894 53.095739446172956 57.471508428454399 32.214117328083375 334.02647685978445 275.9000569897471 1338.990713267005 16.272696411324432 53252.25239747978 1865.997119108215 1.4624835633439932 37.857012912267237 80.061424789542798 0.067872702144085362 0.39306602827855386 8.3787776529788953 265.97411500662565 845.07151792943478 200.57466802000999 32.188963937223889 6.725551262497901 12.578548982739447 3.8913962562946862 2.6241558852198095 0.29376426036469672 2.720716039766558 0.2159057754324748 9.9529726505279541 17.487329324852908
leaf_count=4099994 67821 41 8804 282 10384 372618 2862 128559 583 421545 7797 22 20833 59847 52 134 34 1925 5630 977 115503 34 61 25225 14757 752 1225 111 50 123509
internal_value=9.65773e-05 -0.00029393 -0.000157954 -0.00580432 -0.000205273 0.00369115 0.019428 -0.000384063 -0.0303022 -0.000346046 -0.00136536 0.0152968 0.00996895 0.00385109 0.037307 -0.161567 -0.00670255 -0.00645583 -0.00503911 -0.0125556 0.0400311 0.0271394 0.0206798 0.0474283 0.0316659 0.000918794 -0.0582197 -0.069049 0.0376936 0.042554
internal_weight=59243.6 58758.8 57343.8 1415.03 57168.7 2508.14 609.927 54660.6 69.3684 54591.2 1898.21 175.038 140.925 117.918 34.1124 0.460939 1377.47 1369.09 1111.05 258.046 33.6514 37.5577 30.8321 484.786 27.2333 7.12178 3.23039 2.93662 18.2536 20.1115
internal_count=5491971 1226398 1217364 9034 953152 393661 375480 559491 9387 550104 18181 264212 148501 80680 115711 186 8848 8814 7555 1259 115525 186 152 4265573 165579 27313 2088 1336 91 138266
is_linear=0
shrinkage=0.05


Tree=109
num_leaves=31
num_cat=0
split_feature=3 0 3 2 2 3 3 3 0 0 0 2 0 3 0 3 2 3 0 0 3 3 3 2 3 3 3 0 0 3
split_gain=415.452 16.7195 24.0386 19.8912 17.4215 16.2562 115.631 114.233 86.6415 126.353 76.9889 68.6959 68.6463 55.1589 79.1224 44.7443 35.8908 30.1623 27.9672 25.7491 10.6382 36.5699 17.0881 8.1111 3.38435 3.92295 2.9439 3.54352 7.4081 2.49122
threshold=4.0631118560949693 0.14283967029535363 7.3081877281983463 4.8712296690828838 5.164810817739462 7.3225632713640296 7.2579402070459418 7.3233027137203726 0.57511954246434016 0.65062298805038576 0.65062298805038576 6.6858765715418915 0.67109024589866439 7.781075859749671 0.62679990131192864 7.2960267532015175 5.6599165454229086 7.9583251190734163 0.34182627453620124 0.59378873841925628 8.1727008602802069 7.9583251190734163 8.2881070148002234 4.6570728482318184 6.8957584183412344 7.2265362286251831 4.0279376260590949 0.94066754611923054 0.92309370075706632 7.3233027137203726
decision_type=2 2 2 2 2 2 2 2 2 2 2 2 2 2 2 2 2 2 2 2 2 2 2 2 2 2 2 2 2 2
left_child=26 2 3 23 29 6 11 10 15 -10 18 16 -12 14 -9 -8 -3 -15 -7 -13 21 -6 -22 -2 -5 -26 -1 28 -28 -4
right_child=1 5 4 24 20 7 8 13 9 -11 12 19 -14 17 -16 -17 -18 -19 -20 -21 22 -23 -24 -25 25 -27 27 -29 -30 -31
leaf_value=0.048284950186119259 0.063502033550221812 -0.00041056287014382462 0.035857405809084593 -0.050281597553851344 -0.0080634965433161784 -0.0098039468389143 0.017225441041166339 0.0066467493256758886 0.040714206530240257 -0.0037541013440125937 0.025625980076757093 0.043282369858888482 -0.0077805278193290063 -0.0064570190683296757 -0.013470681033571998 -0.006673922765740227 0.0050580541523685511 -0.00035332633121174195 -0.024382701534033754 -0.027429312652888522 -0.037335667939645267 0.013726316401418824 -0.0061067922890082312 0.0036526108563740252 -0.01804563508678882 -0.032022796059716307 0.050011202385740777 0.042230153423420701 -0.05201013947832888 0.0096014937256411331
leaf_weight=435.95356807130884 6.4789071027189484 33895.264545810875 32.086031556129456 10.680015876889227 522.87748152017593 520.24206981062889 321.71342404605821 4486.0836806362495 494.24712852924131 236.03080318367574 199.49747973447666 13.493174392264335 671.01540221087635 2702.2142333947122 548.51981952181086 500.54781221784651 3291.6988045497419 8064.8357399161905 894.72440482955426 280.64191855472745 49.744076743721962 304.80348487198353 366.87951218336821 44.848306767642498 198.77304245531559 67.163943737745285 3.7016519799799452 19.275277934968472 3.426434857363347 12.57509124279022
leaf_count=4099994 50 677094 151 47 2319 2914 8486 19468 82765 4164 11177 624 4932 12220 3103 4297 332301 42359 8428 4322 223 1379 2170 204 863 286 25225 138266 2088 52
internal_value=9.25077e-05 -0.000279113 -0.00529303 -0.0173796 -0.00221791 -0.000137185 0.000436995 -0.00137631 0.0138082 0.0263417 -0.0118245 -0.000116868 -0.00012468 0.00013487 0.00445496 0.00267681 7.35057e-05 -0.00188517 -0.0190225 -0.0241855 -0.00331918 -3.91355e-05 -0.00983546 0.0112073 -0.022684 -0.0215756 0.0473031 0.0310912 0.000970066 0.0284646
internal_weight=59200 58737.7 1616.91 327.944 1288.97 57120.8 39033.6 18087.1 1552.54 730.278 2285.48 37481.1 870.513 15801.7 5034.6 822.261 37187 10767 1414.97 294.135 1244.3 827.681 416.624 51.3272 276.617 265.937 462.357 26.4034 7.12809 44.6611
internal_count=5491971 1226398 7744 1450 6294 1218654 1114053 104601 99712 86929 27451 1014341 16109 77150 22571 12783 1009395 54579 11342 4946 6091 3698 2393 254 1196 1149 4265573 165579 27313 203
is_linear=0
shrinkage=0.05


Tree=110
num_leaves=31
num_cat=0
split_feature=3 3 0 3 0 1 3 0 0 3 3 3 2 3 0 2 2 1 1 3 3 2 0 0 3 2 0 0 0 3
split_gain=394.008 16.4117 207.877 71.8141 40.2016 88.7392 72.5064 39.9666 80.8844 139.412 46.0437 220.729 45.7847 37.9157 31.4525 28.572 21.1973 30.157 17.0842 15.7017 14.7227 14.3685 57.933 15.653 14.2046 13.4266 7.40803 6.31562 5.33038 3.02089
threshold=4.0631118560949693 5.8260591009502205 0.29087206909299079 5.9160942342697309 0.3820810697357887 1.0000000180025095e-35 5.9991846393519213 0.47314934341579079 0.67109024589866439 4.6428993089071149 5.0481237364455485 5.067456612105917 4.2375608875783284 8.3585725317228619 0.59740168283145612 4.4527119691926762 4.3694752276468831 1.0000000180025095e-35 1.0000000180025095e-35 5.0118012668796874 8.1727008602802069 4.6960841391917354 0.30166964322371831 0.48377961100321759 5.4425259239190353 4.5731551881208814 0.2632453871837514 0.69687071811330226 0.20746273059816209 4.0279376260590949
decision_type=2 2 2 2 2 2 2 2 2 2 2 2 2 2 2 2 2 2 2 2 2 2 2 2 2 2 2 2 2 2
left_child=29 2 16 14 15 6 -6 10 12 -10 19 -12 -9 -7 21 28 17 24 27 -4 -17 22 -3 -23 -2 26 -18 -16 -5 -1
right_child=1 3 7 4 5 13 -8 8 9 -11 11 -13 -14 -15 18 20 25 -19 -20 -21 -22 23 -24 -25 -26 -27 -28 -29 -30 -31
leaf_value=0.048199611879384957 -0.10194042949491731 -0.01135940292664378 0.014058396326780171 0.049303393751457238 -0.013763158560898221 -0.00044676170220896605 0.019392290750869814 0.0075135378989212021 -0.0016967278480474269 0.015708781176400295 -0.050693376258122126 0.003717099720631372 -0.0055433965015294108 0.0096414025471704551 -0.069559296969029197 -0.0013747771040855622 0.0067207256486039287 0.054379404115845367 -0.0095114579265966146 0.043275839600212522 -0.0052865095091960621 -0.014994658405666737 0.029417295015003554 -0.00057572794416533245 0.017078028646547252 -0.05644598449814317 0.026503392799389843 -0.031272056337685823 0.010246212282007696 0.030505078615483756
leaf_weight=415.40786147242761 2.628005870661581 384.41197131422814 99.435606832179474 31.692598964786157 194.87588403723203 11231.865072017536 1071.8055422878679 730.55411798250861 4178.203456227202 1587.5826817157213 191.32347058955929 7235.8992120877519 8291.0957268485799 1015.6162565015256 36.711983144283295 17544.562678821385 54.619772396981716 148.20148788526421 27.364165790379047 85.542394282325404 2787.587986305356 977.04657003283501 112.62459333240986 233.13514944911003 54.406137289086473 5.2719222605228415 354.24005104973912 15.242822746280579 12.059795653447507 25.608065195687232
leaf_count=4099994 986 2364 9583 616 1110 56327 433721 75209 335385 108034 1917 44881 36361 4942 216 81579 607 2276 116 1840 15035 4392 641 1153 3848 35 2941 153 130 165579
internal_value=8.85237e-05 -0.000265244 0.000775616 -0.000936821 -0.000421767 0.00169279 0.0142914 -1.44877e-05 -0.00152982 0.0030958 0.00292919 0.0023155 -0.00448607 0.000389794 -0.0107072 -0.00182423 0.02935 0.0424895 -0.0414858 0.0275699 -0.00191109 -0.00927724 -0.00211972 -0.0122169 0.0115939 0.0228383 0.0238606 -0.0583263 0.0385378 0.0471722
internal_weight=59136.6 58695.6 23019 35676.6 33890.1 13514.2 1266.68 22399.6 14787.4 5765.79 7612.2 7427.22 9021.65 12247.5 1786.54 20375.9 619.367 205.236 79.319 184.978 20332.2 1707.22 497.037 1210.18 57.0341 414.132 408.86 51.9548 43.7524 441.016
internal_count=5491971 1226398 623903 602495 593460 496100 434831 613210 554989 443419 58221 46798 111570 61269 9035 97360 10693 7110 485 11423 96614 8550 3005 5545 4834 3583 3548 369 746 4265573
is_linear=0
shrinkage=0.05


Tree=111
num_leaves=31
num_cat=0
split_feature=3 2 0 3 3 3 2 1 0 1 2 2 2 0 3 1 2 2 0 0 3 2 2 3 0 2 3 2 0 2
split_gain=373.602 15.7582 15.9033 77.3357 61.6516 21.6941 41.3503 43.0288 27.8383 26.7776 20.4743 18.3779 11.3706 13.32 10.2932 7.92167 10.298 6.99257 10.4287 7.65169 5.98969 4.39179 3.9625 3.10027 3.55052 6.91655 2.69328 6.61572 2.99721 2.25343
threshold=4.0631118560949693 4.0323590931667415 0.94625037110906363 4.2571009610137267 6.5337081385214217 4.6428993089071149 4.2375608875783284 1.0000000180025095e-35 0.71884716736211585 1.5000000000000002 4.5731551881208814 4.20477203786354 4.1107138088430979 0.99955042434302832 7.9844543739244713 1.0000000180025095e-35 3.9762013906325415 4.0115160874231268 0.84415195204871418 0.93872797364308003 4.3611859606570134 4.0338013294638886 4.0077909558517755 4.0279376260590949 0.94066754611923054 3.9638540945373326 4.3724181184037514 4.0306277142120477 0.66471697878931379 4.0306277142120477
decision_type=2 2 2 2 2 2 2 2 2 2 2 2 2 2 2 2 2 2 2 2 2 2 2 2 2 2 2 2 2 2
left_child=23 15 5 12 10 9 7 -7 -8 11 -5 -3 21 -14 -6 16 -2 18 -18 -19 22 -4 -17 -1 25 -25 27 -22 -28 -24
right_child=1 2 3 4 14 6 8 -9 -10 -11 -12 -13 13 -15 -16 20 17 19 -20 -21 26 -23 29 24 -26 -27 28 -29 -30 -31
leaf_value=0.048110236715761978 0.040960921238921422 -0.00052902615345003039 -0.18474994049582533 0.023568998425644912 0.0028558092422827294 0.0039801106140382918 -0.00069307029553809677 0.02940332949029105 0.0050807068039282876 0.046478879918637743 0.048738012618250857 -0.010092861564281174 -0.010403916464642081 0.00025024941899815114 -0.067915469541677737 -0.039424721523741796 0.022942011840717619 0.017598061434131663 -0.032236727638524636 -0.032858852729151698 0.050152542625246072 0.043938012457643061 0.046608963441266943 0.050008927626151001 0.041642471876614802 -0.050001417455907742 -0.22117655675970882 -0.65171386013602861 0.05077459791804833 -0.0158761686846715
leaf_weight=395.86401629236934 22.083886297114077 864.00932532612933 0.21281159791396831 216.57809940364677 280.27314806450158 645.41099241370102 50790.171728724032 224.26366228912957 2177.1603649536264 24.512930899887579 128.88529786466097 1199.8857012563385 362.41285155608784 1539.7263986773323 5.2337327525019637 1.5096509777940799 12.877682457910849 70.791725394810783 25.557202701922506 8.405932577501515 0.063502743956631913 15.557653405412564 29.357778086603506 3.4209050539502668 17.923668893025024 3.4950085740711074 0.17495892941951752 0.071239134529605508 0.24070098740048707 1.5174619932367921
leaf_count=4099994 67821 77897 195 3641 2964 22911 366977 17780 47760 24295 373379 5790 1950 6298 31 22 15226 49097 5607 10750 23 10318 111804 25263 138266 2050 1 29 133 3699
internal_value=8.52232e-05 -0.000251571 -0.000296106 0.00356633 0.0187506 -0.000472143 -0.000278187 0.010536 -0.000455746 -0.00547213 0.032959 -0.00608915 -0.00142913 -0.00177968 0.00155847 0.0148318 0.00963182 0.00375021 -0.013749 0.0122426 0.0368908 0.040852 0.0396706 0.0470351 0.0299001 -0.000532047 -0.126668 -0.32093 -0.0636947 0.0435379
internal_weight=59067.7 58646.9 58474.3 2548.88 630.97 55925.4 53837 869.675 52967.3 2088.41 345.463 2063.9 1917.91 1902.14 285.507 172.652 139.716 117.633 38.4349 79.1977 32.9353 15.7705 32.3849 420.704 24.8396 6.91591 0.550402 0.134742 0.41566 30.8752
internal_count=5491971 1226398 962186 398776 380015 563410 455428 40691 414737 107982 377020 83687 18761 8248 2995 264212 148501 80680 20833 59847 115711 10513 115525 4265573 165579 27313 186 52 134 115503
is_linear=0
shrinkage=0.05


Tree=112
num_leaves=31
num_cat=0
split_feature=3 3 2 0 3 3 3 3 2 2 1 2 3 3 2 2 2 3 0 0 2 0 1 0 3 2 2 3 2 2
split_gain=354.223 14.8994 14.3128 13.8081 67.2091 53.6723 21.9487 19.2931 17.4106 10.297 7.63831 9.8252 6.54484 5.06288 4.32603 4.31596 3.7424 3.17608 3.43921 6.33152 2.79386 8.16898 5.33422 2.70922 1.77678 1.46591 2.11303 1.27097 2.10902 11.0216
threshold=4.0631118560949693 8.6759645812166841 4.0323590931667415 0.95234617998841065 4.2471371748818294 6.5337081385214217 4.1836519096534159 4.1784559019061511 4.20477203786354 4.1107138088430979 1.0000000180025095e-35 3.9762013906325415 4.2207569218799978 4.3611859606570134 6.7699180945479123 6.3852636378288778 4.0077909558517755 4.0279376260590949 0.94066754611923054 0.92309370075706632 7.4116116357553006 0.16732986996238744 1.0000000180025095e-35 0.23861068514325282 8.8967317489701152 6.742726673005488 6.5638137176689879 4.0290946611890162 4.0095978040567433 4.0094324199708504
decision_type=2 2 2 2 2 2 2 2 2 2 2 2 2 2 2 2 2 2 2 2 2 2 2 2 2 2 2 2 2 2
left_child=17 2 10 6 9 -6 7 -4 -8 -5 11 -2 -13 16 15 -3 -12 -1 19 -19 23 -22 -23 24 -16 26 -17 28 29 -20
right_child=1 14 3 4 5 -7 8 -9 -10 -11 13 12 -14 -15 20 25 -18 18 27 -21 21 22 -24 -25 -26 -27 -28 -29 -30 -31
leaf_value=0.048016652655697989 0.040581830720328456 0.012788060428851028 -0.013664372368113889 0.042711898662497701 0.031039189624537136 0.0013598523638467903 0.0053394362888869173 -0.075198946642047682 -0.00046070691671524903 -0.0015845180579670875 -0.036413006581172878 -0.0025860310013354304 0.02620107506024949 -0.10487806919938084 -0.0081324532482723449 -0.044741356694739498 0.043249868304744823 0.050010630504313529 0.050006310630382945 -0.045732185438422938 -0.035553252169278259 -0.040588605052245708 -0.0060906324039599127 0.026297050336010444 0.00047232469341485162 -0.058140039759091669 -0.017265292781830321 0.04664644079152231 0.050033609200489909 -0.32156381605887463
leaf_weight=377.27319837899267 21.198173911150661 7.1051478236913672 53.735519771289546 13.212850545634863 340.76913470042928 275.46572842891328 1325.6732918101479 16.695868833077839 53864.951783763478 1854.0691635746043 1.5516546205617547 92.026796627149452 25.137644822447328 0.62124413150013325 105.43293605744839 10.398850202560427 29.563339661923237 3.2768334167994935 0.77302889946440989 3.6504046757472679 27.013739481568336 11.548937246203421 376.60538502037525 8.0199127644300443 139.19540125876665 4.0650779232382765 21.392202407121658 14.879691873720729 1.2711768790031781 0.26902893674559891
leaf_count=4099994 67821 42 8804 10041 372738 2862 128559 583 425410 8020 22 54249 26431 186 753 80 115503 25225 6228 2088 238 75 2696 56 1031 34 164 123509 8420 109
internal_value=8.17791e-05 -0.000238719 -0.000150414 -0.000193075 0.00345411 0.0177721 -0.000356985 -0.0282512 -0.000321388 -0.00127108 0.014332 0.00925763 0.00359025 0.0364553 -0.00743385 -0.0228132 0.0392772 0.0468921 0.029302 -0.000442381 -0.00644448 -0.00896732 -0.00711707 -0.00229878 -0.00323627 -0.0298678 -0.0262527 0.0412863 0.00680775 -0.0459223
internal_weight=59026.8 58625.4 57914.7 57744.6 2483.52 616.235 55261.1 70.4314 55190.6 1867.28 170.099 138.363 117.164 31.7362 710.778 42.9613 31.115 401.393 24.1202 6.92724 667.816 415.168 388.154 252.648 244.628 35.8561 31.7911 17.1929 2.31323 1.04206
internal_count=5491971 1226398 1221229 957017 393661 375600 563356 9387 553969 18061 264212 148501 80680 115711 5169 320 115525 4265573 165579 27313 4849 3009 2771 1840 1784 278 244 138266 14757 6337
is_linear=0
shrinkage=0.05


Tree=113
num_leaves=31
num_cat=0
split_feature=3 0 2 3 3 3 1 3 1 2 0 0 0 3 0 2 0 3 3 3 3 3 1 1 3 3 0 2 3 3
split_gain=335.824 14.3286 42.9672 18.0213 103.595 82.4068 61.3524 50.492 47.3237 36.4218 29.65 27.9277 21.3908 17.9533 16.3316 14.35 11.6878 11.0378 36.0427 29.8385 23.0603 9.35777 15.6192 12.5006 6.29391 3.24727 3.3321 5.75914 1.75991 1.25074
threshold=4.0631118560949693 0.18954989862812724 4.5731551881208814 7.9844543739244713 7.9583251190734163 7.9941566304452838 1.5000000000000002 7.8949329787267777 1.5000000000000002 7.220131748367046 0.89807491427866115 0.66471697878931379 0.53987881902663493 8.1727008602802069 0.90697957232253212 7.5520523718568109 0.9300344629294619 7.9583251190734163 8.1727008602802069 8.087379022400345 8.2881070148002234 7.6470605825873621 1.0000000180025095e-35 1.5000000000000002 8.6083216537689129 4.0279376260590949 0.94066754611923054 3.9638540945373326 6.1545288986217583 4.0290946611890162
decision_type=2 2 2 2 2 2 2 2 2 2 2 2 2 2 2 2 2 2 2 2 2 2 2 2 2 2 2 2 2 2
left_child=25 2 28 4 7 8 12 9 15 -3 -10 13 -6 -7 -9 -5 -8 21 19 -19 -20 23 -23 -4 -13 -1 27 -27 -2 -28
right_child=1 3 17 5 6 11 16 14 10 -11 -12 24 -14 -15 -16 -17 -18 18 20 -21 -22 22 -24 -25 -26 26 29 -29 -30 -31
leaf_value=0.047918669753963333 0.053313779383475368 0.00051389899220073058 -0.0050038890520560271 -0.011761123308588084 0.019514386699595952 0.006314244218642376 -0.010347778618254713 -0.0095265572330050039 0.030238089429437703 -0.0085412027435275567 -0.088891862108619463 0.018042330688284137 0.039572213147753173 -0.001557684019431258 -0.088354248615978681 -0.026699539268937502 0.022671821180033816 0.0026397027540682864 -0.031248592858445563 0.02743931082695077 -0.0046227373780269735 -0.037025011326258586 -0.0086159145933489487 0.011882931451885362 -0.04978752362202056 0.050008550459910997 0.0068502509753182051 -0.041565797537918101 0.032268812611509559 0.046485718319306216
leaf_weight=359.58896000635286 11.981271336670032 44643.629410232999 2129.5323149785399 1563.1258895397186 425.73509635031223 927.09046416729689 179.81569737941027 1230.6999536007643 88.147405356168747 1138.8169307969511 5.5520083606243125 253.86720673367381 193.26268676109612 3311.3417620770633 6.6059603840112677 179.190972648561 31.493370980024338 629.88418254256248 91.397500857710838 150.2163143157959 737.52645216882229 54.253473490476608 447.04870790243149 115.53680440783501 3.4666443914175025 3.12133241821721 2.3148149067565127 3.8158896539243869 58.144945034291595 14.201720835088052
leaf_count=4099994 296 1154846 9536 9059 1844 4085 1695 5505 760 6822 34 1497 943 16485 27 757 625 2893 415 648 4377 221 1938 598 14 25263 14757 2050 478 123509
internal_value=7.82976e-05 -0.000226691 -0.00296222 -3.25529e-06 0.000328454 -0.00251003 0.0178357 1.92994e-05 -0.0114359 0.000288658 0.0231792 0.0011352 0.0257768 0.000164177 -0.00994742 -0.0132975 -0.00542656 -0.00358736 -0.000298874 0.00741512 -0.00755852 -0.005514 -0.0116905 -0.00413485 0.0171286 0.0467429 0.0287168 -0.000362852 0.0358644 0.0409308
internal_weight=58990.4 58607.4 4425.52 54181.8 47850.1 6331.78 830.307 47019.8 1836.02 45782.4 93.6994 4495.77 618.998 4238.43 1237.31 1742.32 211.309 4355.4 1609.02 780.1 828.924 2746.37 501.302 2245.07 257.334 383.043 23.4538 6.93722 70.1262 16.5165
internal_count=5491971 1226398 21400 1204998 1172307 32691 5107 1167200 10610 1161668 794 22081 2787 20570 5532 9816 2320 20626 8333 3541 4792 12293 2159 10134 1511 4265573 165579 27313 774 138266
is_linear=0
shrinkage=0.05


Tree=114
num_leaves=31
num_cat=0
split_feature=3 0 2 3 2 3 0 3 3 1 3 3 2 0 2 0 2 2 3 2 2 2 2 0 0 3 0 3 1 3
split_gain=318.32 13.4883 52.2225 70.1521 16.232 39.1097 22.2968 136.744 37.8769 19.844 15.3301 25.8371 18.0302 13.9763 12.4989 11.8938 13.2465 10.7183 10.4856 22.1324 9.28658 8.84897 12.0958 25.4977 6.5256 23.3434 5.41687 6.57641 3.65754 3.32095
threshold=4.0631118560949693 0.90262234570724054 4.2375608875783284 7.3155776058677429 4.20477203786354 4.5479117545328309 0.71884716736211585 5.1648431135156008 5.4425259239190353 1.0000000180025095e-35 4.5646085620312933 4.3164876109760542 6.4698332258700715 0.85441053803614497 4.0045014548270919 0.62321938227643348 4.0615743271509634 3.9400229438481009 4.5256398455657729 4.3329479324565865 4.267662004847506 4.0175483433243269 4.0098294480999987 0.90488931783257687 0.99955042434302832 4.204841850850066 0.99737792987710405 7.9583251190734163 1.0000000180025095e-35 4.0279376260590949
decision_type=2 2 2 2 2 2 2 2 2 2 2 2 2 2 2 2 2 2 2 2 2 2 2 2 2 2 2 2 2 2
left_child=29 4 21 10 9 18 8 -8 -7 13 11 -4 -12 14 -2 -11 -17 -15 19 -6 -20 22 23 -3 25 -23 27 -5 -26 -1
right_child=1 2 3 26 5 6 7 -9 -10 15 12 -13 -14 17 -16 16 -18 -19 20 -21 -22 24 -24 -25 28 -27 -28 -29 -30 -31
leaf_value=0.047816107026779721 0.037000636459859119 -0.3819009062247663 0.054069947067888917 -0.012384814287049887 -0.0084081902618707138 -0.0030495040090703293 0.022712327410511567 -0.0040706053513816735 0.00016184659837383507 0.030590031680993664 0.044286215198258733 0.0098287813460401358 0.013460056628707301 -0.61289230726129684 0.0023303001728568794 0.037147880657847736 0.0048815955543759807 -0.016611228242121395 -0.037787852985701413 -0.075963446247832606 -0.0055102517662025466 -0.014355093659947025 0.037774070000426069 -0.0049112242952590764 -0.040836280141698197 0.0047099104694220822 0.0051003357113752756 0.0086763838602709632 0.00052650602861894775 0.028109966964848132
leaf_weight=342.76706111149542 26.787302285854821 0.46270948546589252 39.856707927305251 173.22845434397459 559.351513187401 11976.450337417424 703.76437664264813 1476.3061529003317 39352.745690035052 93.717762437707279 167.96050250635017 191.86535966419615 66.104442909243517 0.075425981398438036 879.28104536098544 37.400371109528351 212.7438188221422 91.906795385570149 68.604160130023956 12.392713236156849 33.004572671838105 349.68562234321143 32.219195639656391 14.626688339267274 5.3631740212440482 296.86039844574407 126.56206756457686 47.154272995889187 1537.0304972310259 22.801775875122985
leaf_count=4099994 65034 203 385 1347 2670 56702 8466 22524 316074 22963 389999 3633 1420 434 73513 90562 18264 31874 333 163 203 37537 68660 1562 52 1342 945 680 8854 165579
internal_value=7.48362e-05 -0.000215455 0.00302244 0.0138769 -0.000393255 -0.000527794 -0.000377102 0.00457539 -0.000587446 0.00503902 0.026555 0.0174384 0.0355803 0.00147009 0.00335531 0.0153978 0.0097059 -0.0171002 -0.0125028 -0.00987247 -0.0273034 -0.000922453 0.0204721 -0.0164714 -0.00138484 -0.00560143 -0.00314391 -0.00787845 0.00038268 0.046587
internal_weight=58939.1 58573.5 3048.98 812.732 55524.5 54182.6 53509.3 2180.07 51329.2 1341.91 465.787 231.722 234.065 998.051 906.068 343.862 250.144 91.9822 673.353 571.744 101.609 2236.25 47.3086 15.0894 2188.94 646.546 346.945 220.383 1542.39 365.569
internal_count=5491971 1226398 516619 398409 709779 407135 403766 30990 372776 302644 395437 4018 391419 170855 138547 131789 108826 32308 3369 2833 536 118210 70425 1765 47785 38879 2972 2027 8906 4265573
is_linear=0
shrinkage=0.05


Tree=115
num_leaves=31
num_cat=0
split_feature=3 0 2 0 2 1 2 3 2 2 2 3 3 3 3 3 2 3 0 1 2 2 0 3 2 1 2 1 3 3
split_gain=301.771 13.7419 32.5154 18.3957 140.001 40.988 23.8255 22.134 41.5485 28.6739 19.631 124.737 47.7832 35.2596 34.2085 33.996 18.6496 14.2455 13.5274 11.4998 13.1837 11.8862 10.7887 10.4175 32.8718 11.8943 7.35505 6.1047 3.99275 1.82139
threshold=4.0490856520153029 0.25135338761287312 4.4527119691926762 0.3109700072263431 4.4527119691926762 1.0000000180025095e-35 4.3694752276468831 5.8610710426134149 4.6570728482318184 4.9241549433616383 5.8065205138007423 6.6192327316390651 5.8260591009502205 5.5005232433105204 5.9160942342697309 7.3225632713640296 6.4698332258700715 6.5337081385214217 0.28089262762801198 1.5000000000000002 4.8213945277212966 5.0257894490011461 0.20746273059816209 7.9583251190734163 5.6599165454229086 1.5000000000000002 4.3694752276468831 1.0000000180025095e-35 5.8260591009502205 4.0279376260590949
decision_type=2 2 2 2 2 2 2 2 2 2 2 2 2 2 2 2 2 2 2 2 2 2 2 2 2 2 2 2 2 2
left_child=29 2 22 4 5 18 -7 8 -6 -9 12 16 13 -5 -14 -13 -12 19 -3 21 -21 -4 -2 25 -25 -19 27 -24 -28 -1
right_child=1 3 17 10 7 6 -8 9 -10 -11 11 15 14 -15 -16 -17 -18 23 -20 20 -22 -23 26 24 -26 -27 28 -29 -30 -31
leaf_value=0.047708760984853632 0.047492996949058779 0.019949657532971975 -6.3034079128778745e-05 -0.0010518493195937899 0.0043898594028602923 0.049706080743840413 0.023515220157062533 -0.0076792443765555125 0.042659351662348036 0.0013292809376984269 0.045758469904221721 0.0050445325396216581 -0.012714264992334199 0.0041895255636251712 -0.0030180266715921222 -0.00054999533322817862 -0.27302157860472936 -0.0050390773802852116 -0.01020877158813633 0.043505240377397579 -0.00016869595537968884 0.017575238141843443 0.0077382022875558875 0.044743609228150877 -0.0013246072556763666 0.0059672922274810729 0.027395397511268023 0.050781677766288405 -0.0017349779111257226 0.029787161618378299
leaf_weight=326.76549893014453 32.725861977378372 81.556484370492399 1539.1807768270373 18100.366035376581 518.23590148054063 185.76068251463585 163.04893942177296 1105.8946622684598 82.168767705559731 4388.9532264173031 161.15617622161517 3495.5856583518907 1277.8184560385998 3900.0489921023545 3157.0016360841691 12167.155263029737 0.46011468040523951 4883.5542592704296 68.338144354827818 34.850171921774745 34.272958055138588 101.83453978598118 13.842692060905391 39.29032801091671 2678.3973953276873 258.45565506070852 15.206680686213074 20.342788605368696 51.944411284290254 14.820148860024345
leaf_count=4099994 808 3446 7607 641396 3303 3349 1125 5294 496 20676 306002 123710 5950 18838 15998 76542 19 21667 3231 421 190 493 1230 168 13929 1316 183 375 458 113757
internal_value=7.18891e-05 -0.000201457 -0.00192007 0.000139915 0.00259615 0.0280666 0.0374633 0.000512196 0.00962726 -0.000483777 -0.000243343 0.00114952 -0.00107712 -0.000122702 -0.00581183 0.000698583 0.0448509 -0.00226263 0.00620019 0.00187302 0.0218506 0.00103152 0.0225334 -0.00316248 -0.000658587 -0.00448586 0.0144729 0.0333521 0.00486173 0.0469312
internal_weight=58899 58557.4 9703.9 48853.5 6593.96 498.704 348.81 6095.25 600.405 5494.85 42259.6 15824.4 26435.2 22000.4 4434.82 15662.7 161.616 9569.84 149.895 1710.14 69.1231 1641.02 134.062 7859.7 2717.69 5142.01 101.337 34.1855 67.1511 341.586
internal_count=5491971 1278220 48845 1229375 40920 11151 4474 29769 3799 25970 1188455 506273 682182 660234 21948 200252 306021 45791 6677 8711 611 8100 3054 37080 14097 22983 2246 1605 641 4213751
is_linear=0
shrinkage=0.05


Tree=116
num_leaves=31
num_cat=0
split_feature=3 2 1 3 2 2 3 3 3 0 0 3 3 0 3 0 3 2 0 2 2 3 2 2 0 3 0 0 0 0
split_gain=286.085 13.6829 18.1017 12.8786 15.3568 12.1396 11.3665 57.7669 74.6001 35.6669 23.5551 29.2633 9.78282 6.84588 4.9677 4.92279 4.72492 3.21234 4.29636 2.48832 4.60502 1.86653 1.65756 1.30682 4.51935 4.04894 1.03902 7.92821 1.97589 4.14111
threshold=4.0490856520153029 4.0615743271509634 1.0000000180025095e-35 8.4967555934485279 6.317189391372529 3.9762013906325415 7.9941566304452838 7.9844543739244713 7.9583251190734163 0.22420405234085827 0.66471697878931379 8.1727008602802069 4.4059262332405185 0.69035327433527816 8.1727008602802069 0.63724257348771152 8.6083216537689129 4.0077138747100944 0.89807491427866115 6.2840647075723846 6.2308392139256092 4.0279376260590949 4.0306277142120477 4.0306277142120477 0.90262234570724054 4.430280939237992 0.93627207955316738 0.93526155054223781 0.92511295122819293 0.9300344629294619
decision_type=2 2 2 2 2 2 2 2 2 2 2 2 2 2 2 2 2 2 2 2 2 2 2 2 2 2 2 2 2 2
left_child=21 2 5 6 19 -2 7 8 -3 -9 11 -8 13 -7 -12 16 -6 18 -4 20 -5 -1 -14 25 -25 -19 27 28 -23 -30
right_child=1 3 17 4 15 12 10 9 -10 -11 14 -13 22 -15 -16 -17 -18 23 -20 -21 -22 26 -24 24 -26 -27 -28 -29 29 -31
leaf_value=0.047596438919021655 0.040611138648166165 -0.00026252017300198278 -0.1108993957706173 0.036324295015317344 -0.011735085945655713 -0.10595172730616163 0.0079373843102190748 0.0044775397674727503 0.013449707156240345 -0.011597916233787288 0.0014711168509352046 -0.0014219540496183177 0.050030901404347065 -0.0021879073823044088 0.020379487163175256 -0.044064071521407122 -0.0041924726038355398 0.04654472767811569 0.054434779530000581 0.053752282679920188 -0.003018844306516028 0.050015157602695259 0.021377986466647011 0.038911416813765115 -0.015652655651829109 -0.17815632892547614 0.036497053312239146 -0.42030839558660471 -0.13428274678062185 0.050142220607370516
leaf_weight=311.54426934438379 21.26123166558682 49479.255180242573 0.8521202579140652 18.415918275713924 256.05521908402443 1.6027332747762546 1201.352596513927 431.98544988036156 1012.1810876633972 1714.4913436323404 41.659569814801216 2739.9579115211964 6.3673362928675514 193.40654922182148 209.0306212939322 8.3781413882970792 1097.8841965124011 28.779715874406978 0.72916023209108971 6.8459563702344886 12.47645455598831 1.9511404320437575 24.349789240339305 22.471177045561493 4.5660257277049814 0.2018866240978231 11.092243996557952 0.10628045990597446 0.5423646594135787 0.69368207348452415
leaf_count=4099994 76849 846085 7 91 1259 3388 5257 2211 5866 10009 228 12262 11544 95683 1264 34 7555 137290 40 34 61 16435 10316 41588 9298 1 96284 56 558 424
internal_value=6.90863e-05 -0.000191026 0.0103789 -0.000246315 -0.00498379 0.00449248 -0.000129603 -0.000329155 1.23632e-05 -0.00836268 0.00237613 0.00143087 0.00109046 -0.00304072 0.0172373 -0.00585536 -0.00561892 0.0356195 -0.0346605 0.0264788 0.0204348 0.0467834 0.0273174 0.0376033 0.0296967 0.0449795 0.029175 0.00451456 0.0186808 -0.0307816
internal_weight=58860.5 58534.6 304.588 58230 1400.06 246.988 56829.9 52637.9 50491.4 2146.48 4192 3941.31 225.726 195.009 250.69 1362.32 1353.94 57.6001 1.58128 37.7383 30.8924 325.93 30.7171 56.0188 27.0372 28.9816 14.3857 3.29347 3.18719 1.23605
internal_count=5491971 1278220 386004 892216 9034 197780 883182 864171 851951 12220 19011 17519 120931 99071 1492 8848 8814 188224 47 186 152 4213751 21860 188177 50886 137291 113757 17473 17417 982
is_linear=0
shrinkage=0.05


Tree=117
num_leaves=31
num_cat=0
split_feature=3 0 3 2 3 3 3 1 1 0 2 2 2 2 0 2 0 2 3 2 1 1 2 2 2 0 3 3 2 2
split_gain=271.2 13.0059 21.4218 18.1836 17.3312 13.5533 29.4377 17.2194 13.0008 52.8008 36.6002 41.9937 28.2297 25.5952 14.8489 95.2573 28.9976 10.4698 11.8285 7.31696 8.19515 4.6772 11.5737 4.53178 3.00815 3.69268 2.65042 1.90711 1.32794 1.17467
threshold=4.0490856520153029 0.14283967029535363 7.3081877281983463 4.7783038066593404 7.3853363710035973 7.9583251190734163 8.1727008602802069 1.0000000180025095e-35 1.0000000180025095e-35 0.97439000911848883 5.0937103219158661 6.951795789371034 4.0615743271509634 4.7783038066593404 0.52179196583813592 4.2987140455362249 0.71110240231374011 7.220131748367046 4.1109558246685376 5.0886041562929067 1.0000000180025095e-35 1.5000000000000002 5.0886041562929067 4.6570728482318184 4.0077138747100944 0.89807491427866115 7.1746477361708756 4.0279376260590949 4.0306277142120477 4.6960841391917354
decision_type=2 2 2 2 2 2 2 2 2 2 2 2 2 2 2 2 2 2 2 2 2 2 2 2 2 2 2 2 2 2
left_child=27 2 3 23 19 7 -7 -6 9 10 13 -12 24 -3 15 -14 -16 18 -11 -4 -21 26 -23 -2 25 -10 -5 -1 -26 -25
right_child=1 8 4 21 5 6 -8 -9 12 17 11 -13 14 -15 16 -17 -18 -19 -20 20 -22 22 -24 29 28 -27 -28 -29 -30 -31
leaf_value=0.047478928135062423 0.062521023641827586 0.00099176252525683736 0.066107169287821177 -0.01703936661295392 -0.035145872407538033 0.011964840663348599 -0.0085049682335059731 -0.0067617997681868429 -0.098905072413360495 -0.020313389755624259 0.0070668331023424893 -0.01703964250074675 0.021537255042110841 -0.0047481802729356735 -0.0036769669387015343 -0.00026727911818615074 0.00099053966129255449 -0.013396148906218722 0.047869782304772082 0.03713761311369481 0.0062940917819128183 0.051842873061435701 -0.048842373643635952 -0.0097155835542511587 0.044783605773328725 0.05420509851389025 -0.026979187851872317 0.028589970232670237 0.029087880739658813 0.02031995043159536
leaf_weight=297.06533722134918 6.2515791081823435 7851.8279665032169 6.4166533946990958 184.35107833147049 63.271764397621155 306.83816063404083 410.76108951866627 343.61019471287727 0.9061719812452782 6.8841980265569864 3063.0140972826484 191.98108030366711 509.8403216805018 2580.4186168755405 8577.4091228623292 28540.997432208504 5436.81736620015 9.1641894653439504 83.668534644690226 26.004999965429306 125.32419040799141 7.0993443578481656 4.7731602340936661 4.3109293654561052 27.688692531533889 0.69646329437091481 105.41405349969864 13.992253955686463 26.2527096006379 13.292997092008591
leaf_count=4099994 50 271755 27 804 257 1379 2393 1496 7 694 192720 2422 14417 19277 63575 127945 48119 82 341246 121 621 33 21 24 137291 40 456 113757 50886 62
internal_value=6.60406e-05 -0.000181482 -0.00461639 -0.0160716 -0.00170847 -0.00388571 0.000247714 -0.0111756 -5.61892e-05 0.00128034 0.00101623 0.00564502 -0.000483517 -0.000428014 -0.000529462 0.000115389 -0.00186621 0.0375321 0.0426862 0.0138118 0.0115944 -0.0193951 0.0113639 0.0259515 0.035139 -0.0323674 -0.0206554 0.0466292 0.0371447 0.0129647
internal_weight=58826.3 58515.3 1607.72 325.493 1282.23 1124.48 717.599 406.882 56907.6 13787 13687.2 3255 43120.6 10432.2 43065.1 29050.8 14014.2 99.7169 90.5527 157.746 151.329 301.638 11.8725 23.8555 55.544 1.60264 289.765 311.058 53.9414 17.6039
internal_count=5491971 1278220 7744 1450 6294 5525 3772 1753 1270476 828196 486174 195142 442280 291032 254056 142362 111694 342022 341940 769 742 1314 54 136 188224 47 1260 4213751 188177 86
is_linear=0
shrinkage=0.05


Tree=118
num_leaves=31
num_cat=0
split_feature=3 0 2 0 0 2 3 1 2 3 3 0 0 3 2 2 2 1 2 3 3 3 2 1 1 3 2 1 1 3
split_gain=257.028 12.3775 29.7858 17.405 16.6311 128.547 46.2115 28.4204 18.8237 113.866 43.449 34.2788 32.8065 32.3524 14.5506 14.2027 26.6282 15.9752 13.5694 8.14188 33.7662 6.88848 28.2819 12.0144 5.83637 5.41285 5.33454 5.29593 2.17985 1.95096
threshold=4.0490856520153029 0.25135338761287312 4.5731551881208814 0.18954989862812724 0.3109700072263431 4.5407320249418399 5.8260591009502205 1.0000000180025095e-35 5.8065205138007423 6.6192327316390651 5.8260591009502205 0.59740168283145612 0.67109024589866439 5.5005232433105204 6.4698332258700715 4.9241549433616383 5.2713098734200639 1.5000000000000002 4.3694752276468831 6.3346641038493905 6.2383245487455579 7.9583251190734163 5.6599165454229086 1.5000000000000002 1.0000000180025095e-35 6.301528637910871 4.7783038066593404 1.5000000000000002 1.0000000180025095e-35 4.0279376260590949
decision_type=2 2 2 2 2 2 2 2 2 2 2 2 2 2 2 2 2 2 2 2 2 2 2 2 2 2 2 2 2 2
left_child=29 2 3 -2 5 6 7 -3 10 14 13 -12 -11 -6 -10 17 -17 -7 24 20 26 23 -23 -21 -5 -22 -4 -20 -8 -1
right_child=1 4 19 18 8 15 28 -9 9 12 11 -13 -14 -15 -16 16 -18 -19 27 21 25 22 -24 -25 -26 -27 -28 -29 -30 -31
leaf_value=0.047356013414638895 0.034602255061986845 0.010513491372348065 -0.0081653140722257617 0.011929360162412238 -0.0010078778733198809 -0.0054882313396257647 -0.041262380263708619 0.031222485928721525 0.044808718349413884 0.0016774302350420968 -0.0047067437349083557 -0.028676894791521124 -0.0048108780759047428 0.0040154986817309488 -0.20733753662021404 0.0097654306031732339 -0.00049598389927420043 0.024148125847807789 0.0022237106760412614 -0.0042612217563499149 0.01204433195973822 0.04135239223793144 -0.0013232906235354854 0.0061144585233198559 0.050967345722336937 0.027467953473753082 0.0092079413426254149 0.052704148349740382 -0.018711439342141107 0.027968043197754325
leaf_weight=283.29248711437685 67.989500957657583 247.60926695776288 355.09292480349541 16.595365638306248 18090.136585669345 1351.0892070531845 16.27509306371212 500.66259434630047 153.89380850657471 13358.033092200407 4283.87001619488 154.53046931023709 2280.8746700225747 3895.3820965348568 0.57429107802454282 766.02466288208961 3619.3786096945405 47.054926432669163 287.55211790651083 5621.9463069438934 170.2209836691618 39.394765317440033 2674.5187683179975 293.5729051977396 22.630481650703587 85.435153476893902 50.464384078979492 5.291207091882824 31.373630672693253 13.598345284721288
leaf_count=4099994 774 7618 1842 1422 641396 6602 117 5382 306002 179738 20928 1020 20514 18838 19 3677 16999 381 1854 25138 867 168 13929 1546 437 431 239 198 144 113757
internal_value=6.32432e-05 -0.000172314 -0.00180451 0.011554 0.000151829 0.00249005 0.0213295 0.0243697 -0.000212577 0.00115307 -0.00102881 -0.00554131 0.000731135 -0.000117839 0.0438713 -0.0001026 0.00129644 -0.00449081 0.00683499 -0.00237973 0.00296751 -0.00278946 -0.000703817 -0.0037463 0.0344515 0.0171986 -0.00600352 0.00313581 -0.026414 0.046468
internal_weight=58784.4 58487.5 9690.7 400.059 48796.8 6579.47 795.921 748.272 42217.3 15793.4 26423.9 4438.4 15638.9 21985.5 154.468 5783.55 4385.4 1398.14 332.069 9290.65 661.213 8629.43 2713.91 5915.52 39.2258 255.656 405.557 292.843 47.6487 296.891
internal_count=5491971 1278220 48845 4685 1229375 40920 13261 13000 1188455 506273 682182 21948 200252 660234 306021 27659 20676 6983 3911 44160 3379 40781 14097 26684 1859 1298 2081 2052 261 4213751
is_linear=0
shrinkage=0.05


Tree=119
num_leaves=31
num_cat=0
split_feature=3 2 1 0 3 3 3 2 1 0 2 0 2 3 1 1 2 2 2 2 0 2 0 2 3 1 1 2 0 1
split_gain=243.629 12.6533 15.9385 12.6926 11.5443 12.317 132.798 105.943 83.2789 77.678 63.5559 36.7348 8.92855 8.17685 7.67643 4.22363 4.53419 3.92551 3.88081 2.82076 7.55521 2.67311 2.36045 1.46645 1.2096 1.08447 1.73751 0.889577 7.61005 4.58213
threshold=4.0417346080923222 4.1236035457433209 1.5000000000000002 0.7039405449903855 8.6759645812166841 5.067456612105917 5.0481237364455485 4.2987140455362249 1.0000000180025095e-35 0.46286072019001795 4.5731551881208814 0.9799861889585838 4.0372729332730319 4.1005751085435147 1.0000000180025095e-35 1.0000000180025095e-35 4.0280459656469025 6.7699180945479123 6.3852636378288778 7.4116116357553006 0.16732986996238744 4.0266090969200201 0.23861068514325282 6.742726673005488 4.0279376260590949 1.0000000180025095e-35 1.5000000000000002 4.0095978040567433 0.9799861889585838 1.5000000000000002
decision_type=2 2 2 2 2 2 2 2 2 2 2 2 2 2 2 2 2 2 2 2 2 2 2 2 2 2 2 2 2 2
left_child=24 2 3 15 5 6 10 8 -7 -8 -3 -9 14 -14 -5 16 -2 18 -6 22 -21 -17 -19 -20 25 -1 -27 28 -26 -30
right_child=1 4 -4 12 17 7 9 11 -10 -11 -12 -13 13 -15 -16 21 -18 19 23 20 -22 -23 -24 -25 27 26 -28 -29 29 -31
leaf_value=0.050003295727839597 0.041941701567434528 -0.0010196851352117949 0.050035715994450995 0.0050754889694883693 0.012039390924075829 0.0045541859085411508 -0.055420579848811685 -0.00022102204591823097 0.043070797581213995 -0.014283484011144374 0.021197896466041487 0.017999677910653482 0.044103331264775683 -0.0062097236746665244 0.034092979043699449 -0.12750651592918402 0.010581459419571211 -0.0023748796398388918 -0.024768363288057926 -0.034304979299371582 -0.0064586427865099818 0.035346783009815801 0.025034947969311935 -0.057533010509235483 0.032862643204851272 0.03782089881909835 0.050003295703793409 0.050012040268997297 -0.30171393067572816 0.050135144357180431
leaf_weight=152.83339201006311 12.378209828748366 7136.9549123225734 20.469935691835417 145.42428574657242 7.1581373065710059 317.36853551026434 145.04012705641799 48069.015078329641 251.59223612758797 549.57533998205326 337.08920597509132 278.22380182017514 8.3151989190955629 280.03466579591623 27.027846067649079 0.25434415787458675 167.42676840117201 241.72050440311432 30.790654525160789 26.005237139761448 384.66872084140778 27.091248077718774 8.11837489902973 3.8410615026950827 5.8240836224504147 61.564238417704473 55.79369283397682 3.3309963054343825 0.28422115983266838 0.13719997656153282
leaf_count=2319149 37147 49361 89752 153060 42 8885 1171 431961 6387 3177 6358 325162 6749 27039 106153 2 29312 1784 244 238 2771 22777 56 34 49225 934205 846640 31964 844 322
internal_value=6.07199e-05 -0.000161981 0.00657666 0.00524482 -0.000242259 -0.000163873 -0.00196114 0.000136259 0.0215861 -0.0228732 -1.7643e-05 -0.000116167 0.000623585 -0.00475884 0.0096233 0.0155247 0.0127404 -0.00661368 -0.0214751 -0.00567341 -0.00822197 0.0338321 -0.00148421 -0.0284023 0.0466085 0.0472275 0.0436126 0.0291453 0.0180161 -0.187164
internal_weight=58755.4 58475.6 688.423 667.953 57787.2 57084.9 8168.66 48916.2 568.961 694.615 7474.04 48347.2 460.802 288.35 172.452 207.151 179.805 702.303 41.7899 660.513 410.674 27.3456 249.839 34.6317 279.768 270.191 117.358 9.5765 6.2455 0.421421
internal_count=5491971 1309622 471991 382239 837631 832462 60067 772395 15272 4348 55719 757123 293001 33788 259213 89238 66459 5169 320 4849 3009 22779 1840 278 4182349 4099994 1780845 82355 50391 1166
is_linear=0
shrinkage=0.05


Tree=120
num_leaves=31
num_cat=0
split_feature=3 1 0 2 0 3 2 2 3 2 0 2 0 3 0 3 2 3 2 3 2 2 0 3 2 2 3 3 1 1
split_gain=230.917 11.7331 47.1845 27.9246 48.4279 37.9198 26.0678 25.2427 19.6897 11.6073 10.6031 82.5884 131.002 28.3601 32.6833 27.1396 10.1651 11.3724 8.77742 5.96993 4.74097 2.87583 3.27762 2.9352 5.86547 1.4009 1.36782 1.23434 1.12962 1.79293
threshold=4.0417346080923222 1.0000000180025095e-35 0.97439000911848883 5.0937103219158661 0.37200840929843199 5.9991846393519213 4.7783038066593404 4.0615743271509634 6.1545288986217583 3.9762013906325415 0.52179196583813592 4.2987140455362249 0.40328621957453575 8.3585725317228619 0.59378873841925628 5.8260591009502205 7.220131748367046 4.1109558246685376 7.0336754972165965 8.4967555934485279 4.1107138088430979 4.0077138747100944 0.89807491427866115 4.0431389794390213 4.0108120596635706 4.0306277142120477 4.338466511397848 4.0279376260590949 1.0000000180025095e-35 1.5000000000000002
decision_type=2 2 2 2 2 2 2 2 2 2 2 2 2 2 2 2 2 2 2 2 2 2 2 2 2 2 2 2 2 2
left_child=27 2 3 6 18 -6 9 21 -8 -2 11 12 -9 14 -12 -13 17 20 -5 -15 -4 22 -3 24 -23 -25 -19 28 -1 -30
right_child=1 7 16 4 5 -7 8 10 -10 -11 13 15 -14 19 -16 -17 -18 26 -20 -21 -22 23 -24 25 -26 -27 -28 -29 29 -31
leaf_value=0.050003133887964561 0.038127718807684029 -0.092367611481391276 0.050287014383363852 -0.00098702926089574636 0.0023016846650628733 0.016582737581174272 -0.0068311262142393848 0.052243287321552825 0.0042368747062892136 0.00092660103466037579 -0.0060522311501614492 0.0027947046527311554 -0.0004116739248983107 0.013572885183772429 -0.00059343016997264841 -0.0011137290839445591 -0.013383729659132489 0.029290467668806632 -0.02082238990914969 -0.003791833103673549 -0.043655535391994925 0.05000420847562808 0.053841614008980514 0.044604937633452781 -0.41657829518511813 0.028152399665957607 0.050047613396104119 0.028569765989571602 0.037351267561881583 0.050003133869867336
leaf_weight=145.38007682871103 21.02435521355801 0.93780631944537052 1.8177070741730847 1507.1364400945604 841.98196596966591 1037.6737887161726 2121.8198888258776 193.88581443938892 495.70580703020096 7836.1817070370234 3810.1875605312234 5426.9135767999105 302.29701336403377 356.45206945389509 9780.9869153264153 24463.213005580939 9.1655933707952482 8.9877476869150978 57.916623339056969 57.477696225047112 5.1427764147520065 0.18134061399905377 0.64828135745483451 26.667030401629745 0.10716177640279057 25.13207743037492 67.859294015666819 9.3187854678762942 59.279592242528452 53.072769263526425
leaf_count=2319149 81988 7 789 9696 11172 174843 16357 6634 3049 203679 24944 24509 7783 1819 84659 110090 82 211 329 272 31 2155 52 150496 977 51964 341035 82355 934205 846640
internal_value=5.82225e-05 -0.000153694 0.00110788 0.00087075 0.00477599 0.0101856 -0.000413524 -0.000551436 -0.00473507 0.00102614 -0.00059287 -6.8254e-05 0.0201635 -0.00173111 -0.00212377 -0.000404106 0.0366093 0.0420767 -0.00172106 0.0111616 -0.0191228 0.033717 -0.0326075 0.0357366 -0.123304 0.0366224 0.0476199 0.0464468 0.0470931 0.0433277
internal_weight=58724.6 58457.5 14012.4 13919.4 3444.71 1879.66 10474.7 44445.1 2617.53 7857.21 44391.4 30386.3 496.183 14005.1 13591.2 29890.1 92.9731 83.8075 1565.05 413.93 6.96048 53.6737 1.58609 52.0876 0.288502 51.7991 76.847 267.051 257.732 112.352
internal_count=5491971 1309622 843261 501113 196040 186015 305073 466361 19406 285667 260710 149016 14417 111694 109603 134599 342148 342066 10025 2091 820 205651 59 205592 3132 202460 341246 4182349 4099994 1780845
is_linear=0
shrinkage=0.05


Tree=121
num_leaves=31
num_cat=0
split_feature=3 2 3 0 3 1 3 3 3 3 3 0 3 0 2 3 0 0 0 2 3 3 0 3 3 3 0 0 1 1
split_gain=218.814 11.1885 16.0558 49.9561 20.2731 16.2409 18.9183 151.404 29.2459 13.9687 114.385 108.32 84.5928 91.2067 61.9454 56.3876 43.4647 73.4445 49.216 26.6962 22.9399 21.29 18.2686 14.4124 11.2033 17.7864 10.6683 10.3329 5.18856 4.68685
threshold=4.0417346080923222 7.1297169139308805 8.3585725317228619 0.40328621957453575 8.3920946847197637 1.5000000000000002 7.9844543739244713 7.9583251190734163 7.9941566304452838 7.3233027137203726 7.3225632713640296 0.35212193414828868 7.2579402070459418 0.57511954246434016 6.6858765715418915 7.855699677624826 0.65062298805038576 0.67109024589866439 0.18954989862812724 6.6346012894220836 7.3853363710035973 7.9583251190734163 0.29087206909299079 7.9941566304452838 7.8949329787267777 7.9844543739244713 0.69687071811330226 0.56936485613816601 1.5000000000000002 1.0000000180025095e-35
decision_type=2 2 2 2 2 2 2 2 2 2 2 2 2 2 2 2 2 2 2 2 2 2 2 2 2 2 2 2 2 2
left_child=-1 9 5 28 27 6 7 -3 -8 10 12 20 14 -14 -2 19 18 -18 -12 -13 22 -22 -11 -17 -7 -26 -6 -5 29 -4
right_child=1 2 3 4 26 24 8 -9 -10 11 16 15 13 -15 -16 23 17 -19 -20 -21 21 -23 -24 -25 25 -27 -28 -29 -30 -31
leaf_value=0.046277592343810139 -1.2918103832637062e-05 -0.0066721840090093083 -0.020036181259558236 0.021566132512737094 -0.0015146367687992436 0.021377622682578291 -0.015908724995648799 0.030978649804047371 -0.0032763172411018129 0.0042392880212892481 0.0075685887300910061 0.023576293281304159 0.0016167198112279257 0.026362150907848127 -0.023652955447132949 -0.0033453281728205494 0.024433563082607999 -0.014935049652971081 -0.019907530015991021 0.010486220040369088 -0.0052727905738429335 0.00032489919017168371 0.031053421718734583 0.021929181656237778 -0.0062526984476241089 0.01894405679871641 0.035201332333680689 0.0076352445900840634 -0.037480357070857062 -0.0038244755189686336
leaf_weight=254.93791257277189 37295.364420188227 1983.8297452103579 46.182490266859531 352.23528666049242 314.6110683567822 89.146360404789448 765.20602015405893 308.53774323873222 1141.9076519832015 252.35265609622002 186.74773977696896 485.75574586167932 907.37958676321432 631.54726094205398 279.18466991075547 827.83847695589066 196.75903954193927 297.72746279835701 1280.5919279865921 1965.5530086047947 3276.7234307527542 3526.9746244102716 84.88866862654686 60.528209909796715 230.37338287383318 100.63398384302855 21.112175904214382 213.96557164937258 11.949741929769514 1286.8096137270331
leaf_count=4182349 1093878 11224 270 1492 1586 705 4439 1485 5119 1055 1110 2087 13145 86524 4565 4110 11177 2123 10636 8990 13715 17139 352 269 2483 909 137 1176 54 7668
internal_value=5.60005e-05 -0.000145697 -0.00204169 0.00142515 0.0105294 -0.00372787 -0.0046656 -0.00160463 -0.00834492 0.000106823 -0.000308907 0.00173614 0.000282015 0.0117718 -0.000188567 0.009169 -0.0120903 0.000729949 -0.0164107 0.0130802 -0.00174006 -0.002371 0.0109888 -0.00162327 0.00564483 0.0014077 0.000794271 0.0163017 -0.00468018 -0.00438614
internal_weight=58677.4 58422.4 6866.5 2246.87 901.924 4619.63 4199.48 2292.37 1907.11 51555.9 41075.3 10480.6 39113.5 1538.93 37574.5 3339.68 1961.83 494.487 1467.34 2451.31 7140.94 6803.7 337.241 888.367 420.154 331.007 335.723 566.201 1344.94 1332.99
internal_count=5491971 1309622 38747 12383 4391 26364 22267 12709 9558 1270875 1223158 47717 1198112 99669 1098443 15456 25046 13300 11746 11077 32261 30854 1407 4379 4097 3392 1723 2668 7992 7938
is_linear=0
shrinkage=0.05


Tree=122
num_leaves=31
num_cat=0
split_feature=3 0 3 3 3 3 0 3 3 2 1 1 0 2 3 2 1 0 0 3 3 2 0 0 1 0 3 1 1 2
split_gain=207.309 11.2133 52.5072 38.7652 31.8273 23.0023 16.8662 36.6166 14.9208 32.8104 35.4518 28.8609 25.5734 177.932 26.1553 22.7702 17.4646 13.3239 12.4237 11.2153 11.1178 9.99076 5.60011 4.76523 2.78183 1.43784 1.32202 1.23187 1.93629 1.03528
threshold=4.0417346080923222 0.94191383711497811 4.204841850850066 6.5337081385214217 4.6142785673051678 4.4682616670769155 0.99955042434302832 4.1987796469857166 4.6428993089071149 4.2375608875783284 1.0000000180025095e-35 1.5000000000000002 0.7816713295973009 5.1322104889489637 5.4425259239190353 4.20477203786354 1.0000000180025095e-35 0.98267727631497137 0.60750680858403605 5.1226535903133863 7.9844543739244713 3.9762013906325415 0.94625037110906363 0.95762168609350196 1.0000000180025095e-35 0.97014867982306574 4.0279376260590949 1.0000000180025095e-35 1.5000000000000002 4.2987140455362249
decision_type=2 2 2 2 2 2 2 2 2 2 2 2 2 2 2 2 2 2 2 2 2 2 2 2 2 2 2 2 2 2
left_child=26 8 6 4 5 -4 7 17 11 10 18 15 14 -14 -11 21 -17 -3 -10 -12 22 -2 -5 -9 -8 -6 27 -1 -29 -13
right_child=1 2 3 20 25 -7 24 23 9 12 19 29 13 -15 -16 16 -18 -19 -20 -21 -22 -23 -24 -25 -26 -27 -28 28 -30 -31
leaf_value=0.050002849928851983 0.035531680590407212 0.0072571293514172991 0.021157794709258364 -0.032323628095391022 0.035161665404875697 -0.01604238254838292 -0.03459372342571021 -0.055112080843687766 0.0017797732711127196 -0.0025081217477204709 0.021397828781958086 0.050462589897349641 0.039259853365795919 -0.0054621105453033503 0.00017274320091914414 0.0042416588443874017 -0.012310788870179199 0.072207399711048878 0.027792892299565188 0.049493285850102042 -0.068046343391295103 -9.0343610356917635e-05 0.0028709570492774367 -0.023284405341160719 0.00064483926927764524 0.050231779568200088 0.02690157890468698 0.036247584505895429 0.050002849910911529 0.020850568405346371
leaf_weight=132.03700584970647 20.092118089734868 78.553812965714314 305.65900085587054 11.781713078729807 19.417720291283331 48.093073991825804 5.6210827197064637 12.611276158597319 593.19094410295656 11787.536409810185 163.92285567239742 23.889349908538865 311.19709280447569 779.53520719442167 39875.812573568197 189.86139981774613 991.90681648999453 8.7784435227877093 49.748706541955471 45.346542842366034 5.8731159418821326 967.76836369042576 278.04150663723703 174.26088914228603 1536.4328749081469 85.609775009201257 8.6475528834052948 54.524296928124386 48.201718541095033 3.3677366408519438
leaf_count=2319149 80065 101969 2992 135 27292 1341 52 65 27331 53920 14209 61245 10616 26059 321341 1154 4538 6651 309 3571 33 202849 2964 838 8971 348743 82355 934205 846640 369
internal_value=5.34925e-05 -0.000138519 0.00309019 0.0141773 0.0232762 0.0161004 -0.0015154 -0.0129416 -0.000287258 -0.000121745 0.00961073 -0.00432595 -0.000278967 0.00729752 -0.000438924 -0.00496829 -0.00965149 0.0137858 0.00379259 0.0274858 6.01071e-05 0.000634174 0.00144025 -0.0254323 0.000516388 0.0474456 0.0461009 0.0468082 0.0427019 0.0468039
internal_weight=58617.3 58373.9 2570.73 754.476 458.78 353.752 1816.26 274.204 55803.2 53606.3 852.209 2196.89 52754.1 1090.73 51663.3 2169.63 1181.77 87.3323 642.94 209.269 295.696 987.86 289.823 186.872 1542.05 105.027 243.411 234.763 102.726 27.2571
internal_count=5491971 1309622 502046 383500 380368 4333 118546 109523 807576 457356 45420 350220 411936 36675 375261 288606 5692 108620 27640 17780 3132 282914 3099 903 9023 376035 4182349 4099994 1780845 61614
is_linear=0
shrinkage=0.05


Tree=123
num_leaves=31
num_cat=0
split_feature=3 0 3 2 3 3 2 1 1 0 2 3 2 3 0 2 0 2 3 2 2 1 3 3 2 0 3 3 3 1
split_gain=196.375 10.8001 19.564 16.6743 15.1593 11.4183 25.2983 15.6285 10.8557 41.4276 30.2449 40.1417 22.9383 21.3087 11.1786 72.7493 26.104 9.60792 10.6237 6.9007 6.59128 7.32791 3.18334 3.37804 2.71607 2.87767 2.50253 2.46697 1.34848 1.28144
threshold=4.0417346080923222 0.14283967029535363 7.3081877281983463 4.8712296690828838 7.3853363710035973 7.9583251190734163 5.6599165454229086 1.0000000180025095e-35 1.0000000180025095e-35 0.97439000911848883 5.2015075959997707 7.3225632713640296 4.0615743271509634 5.8260591009502205 0.52179196583813592 4.2987140455362249 0.71110240231374011 7.220131748367046 4.1109558246685376 4.6570728482318184 5.0886041562929067 1.0000000180025095e-35 6.8957584183412344 7.2265362286251831 4.0077138747100944 0.89807491427866115 4.0431389794390213 6.8957584183412344 4.0279376260590949 1.0000000180025095e-35
decision_type=2 2 2 2 2 2 2 2 2 2 2 2 2 2 2 2 2 2 2 2 2 2 2 2 2 2 2 2 2 2
left_child=28 2 3 19 20 7 -7 -6 9 10 13 -12 24 -3 15 -14 -16 18 -11 -2 -4 -22 -5 -24 25 -10 -26 -21 29 -1
right_child=1 8 4 22 5 6 -8 -9 12 17 11 -13 14 -15 16 -17 -18 -19 -20 27 21 -23 23 -25 26 -27 -28 -29 -30 -31
leaf_value=0.050002707192914476 0.061401484855174507 0.00090490563812609202 0.062632946250684191 -0.047132603809319384 -0.033061830230899342 0.039272241935225126 -0.001921393994388591 -0.0059440817123378384 -0.084446957717893539 -0.017064578718676223 0.0098891659695669685 -0.0035057277805424941 0.019295808400632618 -0.0046887290086499618 -0.0033314587703596795 -0.00021522098851085937 0.0011066020559187149 -0.012361470837162797 0.047354224261541289 -0.0012352627267201832 0.035035583423786508 0.0059659828839642663 -0.015689216749872396 -0.028757982913144211 -0.10273676413510369 0.05365147188928833 0.035967271391015791 0.02893761860466228 0.026270918866115545 0.042383488593118294
leaf_weight=125.59782749232545 6.0248706694692364 8918.5899518424267 6.4387553334236136 10.444335922598837 62.903862670063972 39.447504445910454 675.50251073390245 341.99525329470634 0.97962976247072109 7.0424931604648 1831.4153631187655 805.23516897694208 485.90217091090744 2104.2998630497605 8544.5745738847472 28506.75203314214 5411.8179398524517 9.2824069485068303 70.169872327358462 36.312364809215069 26.200659781694412 125.62300732731819 196.11088567972183 66.117025047540665 0.32734739576699112 0.61345079376042122 49.411145875208604 8.3280679285526258 8.4182843171656696 98.434551104764978
leaf_count=2319149 50 299009 27 47 257 168 3604 1496 7 820 168532 19027 14417 13455 63575 127945 48119 82 341246 167 121 621 863 286 3132 52 202460 37 82355 1780845
internal_value=5.14803e-05 -0.000131241 -0.00418058 -0.0151681 -0.00140096 -0.00344804 0.000351473 -0.010157 -1.69643e-05 0.00120618 0.000987751 0.00579835 -0.000407969 -0.000162935 -0.000447892 0.000111774 -0.00161053 0.0357006 0.0414786 0.0111728 0.013084 0.0109826 -0.0200625 -0.0189843 0.0329961 -0.0312691 0.0350544 0.00439376 0.0459168 0.046655
internal_weight=58580.3 58347.9 1601.45 323.338 1278.11 1119.85 714.95 404.899 56746.4 13746 13659.5 2636.65 43000.4 11022.9 42949 28992.7 13956.4 86.4948 77.2124 50.6653 158.262 151.824 272.672 262.228 51.3316 1.59308 49.7385 44.6404 232.451 224.032
internal_count=5491971 1309622 7744 1450 6294 5525 3772 1753 1301878 842171 500023 187559 459707 312464 254056 142362 111694 342148 342066 254 769 742 1196 1149 205651 59 205592 204 4182349 4099994
is_linear=0
shrinkage=0.05


Tree=124
num_leaves=31
num_cat=0
split_feature=3 2 3 0 3 3 3 2 1 0 2 2 3 0 0 2 0 1 0 2 3 1 1 2 0 1 1 0 0 2
split_gain=185.983 9.94219 9.85595 8.99835 47.0007 35.2736 16.9697 28.3331 27.2182 15.6002 3.71982 3.60615 2.6506 4.01233 7.29308 2.56053 7.05853 2.31957 2.11744 1.44602 1.37413 1.33244 2.07938 1.00361 6.67817 3.41348 6.64899 1.41747 7.16404 0.598608
threshold=4.0417346080923222 3.9762013906325415 8.6759645812166841 0.94191383711497811 4.204841850850066 6.5337081385214217 4.6428993089071149 4.2375608875783284 1.5000000000000002 0.99955042434302832 6.7699180945479123 6.3852636378288778 4.0431389794390213 0.92511295122819293 0.92688532175828919 7.4116116357553006 0.16732986996238744 1.0000000180025095e-35 0.23861068514325282 6.742726673005488 4.0279376260590949 1.0000000180025095e-35 1.5000000000000002 4.0095978040567433 0.9799861889585838 1.0000000180025095e-35 1.5000000000000002 0.93627207955316738 0.93526155054223781 6.2840647075723846
decision_type=2 2 2 2 2 2 2 2 2 2 2 2 2 2 2 2 2 2 2 2 2 2 2 2 2 2 2 2 2 2
left_child=20 12 3 6 9 -6 8 -8 -3 -5 11 29 13 -2 -15 18 -17 -14 -12 -13 21 -1 -23 24 27 -26 -27 28 -22 -4
right_child=1 2 10 4 5 -7 7 -9 -10 -11 15 19 17 14 -16 16 -18 -19 -20 -21 23 22 -24 -25 25 26 -28 -29 -30 -31
leaf_value=0.050002574098277332 0.050026687239562377 -0.0051441961013298544 -0.0018293545318833187 -0.012551599104181145 0.022243823962544762 1.0708775697196905e-05 0.0090673281676959937 -0.00016929856229164225 0.046573197231072352 0.00043790692888187924 -0.001989859749256417 -0.023870711724325065 0.039606748441566586 -0.6737809600211746 0.050098446548930954 -0.033218955605529607 -0.0058855353569285777 -0.11498377608290114 0.023821041983683677 -0.057095434207017209 0.020340829954887348 0.035122236119134169 0.050002596588538208 0.05001007982685745 0.05014349151006308 -0.42231712676722832 0.050113118965943809 0.050013028943391137 -0.38985986670579426 0.027102575546580576
leaf_weight=119.47266032516927 0.17622685813694516 2146.3652115399454 3.8801603913307181 271.88690730642702 448.87613527728536 296.06232129374985 843.70896999127581 52031.632770599943 25.745688714938296 1542.5619583663356 240.45583356171846 30.205200880765915 19.212516186409633 0.069070994388312101 0.070117354625836015 25.177541457116604 381.62136965245008 0.24575468897819419 8.2174769788980466 3.6731014102697364 1.6832485157210593 50.401664548677218 43.948496728553437 2.7879819092195248 0.12616242851072446 0.21165436888986733 0.11491170203953516 3.1626675116203842 0.11362521280534554 3.3154932409524918
leaf_count=2319149 1532 208541 22 109523 380368 3132 43496 406767 61614 9023 1784 244 80389 31 36 238 2771 1 56 34 12232 934205 846640 31964 340 504 322 36943 50 20
internal_value=4.93143e-05 -0.000124562 -0.000136584 -6.50996e-05 0.00283301 0.0134077 -0.000199845 -2.19137e-05 -0.0045312 -0.00150851 -0.00604859 -0.0206451 0.0353236 -0.10846 -0.30912 -0.00513392 -0.00757725 0.0376543 -0.00113693 -0.027473 0.0457247 0.046495 0.0420535 0.0256385 0.0130841 -0.170744 -0.256079 0.0298647 -0.00559819 0.0115014
internal_weight=58545.2 58323.2 58303.4 57606.8 2559.39 744.938 55047.5 52875.3 2172.11 1814.45 696.546 41.074 19.7737 0.315415 0.139188 655.472 406.799 19.4583 248.673 33.8783 222.023 213.823 94.3502 8.20025 5.41227 0.452728 0.326566 4.95954 1.79687 7.19565
internal_count=5491971 1309622 1227633 1222464 502046 383500 720418 450263 270155 118546 5169 320 81989 1599 67 4849 3009 80390 1840 278 4182349 4099994 1780845 82355 50391 1166 826 49225 12282 42
is_linear=0
shrinkage=0.05


Tree=125
num_leaves=31
num_cat=0
split_feature=3 2 1 0 3 3 2 2 1 0 2 0 0 0 2 2 0 3 2 3 3 1 1 3 2 1 1 0 0 2
split_gain=176.208 10.3965 14.0936 11.4683 10.404 120.641 84.9432 72.0151 71.396 59.0254 61.7354 38.3571 30.0859 27.8318 44.1085 23.6869 18.4986 15.1153 7.4501 7.38828 7.36699 7.32546 4.00384 4.37201 2.52738 1.71821 2.6207 2.15158 6.70337 2.55725
threshold=4.0353904154716913 4.1236035457433209 1.5000000000000002 0.7039405449903855 5.067456612105917 5.0481237364455485 4.2987140455362249 4.2987140455362249 1.0000000180025095e-35 0.51273530049150207 4.5731551881208814 0.40328621957453575 0.4332831331818166 0.9799861889585838 7.220131748367046 4.6960841391917354 0.7816713295973009 5.0118012668796874 4.0372729332730319 5.4191623752586162 4.1005751085435147 1.0000000180025095e-35 1.0000000180025095e-35 5.067456612105917 4.0266090969200201 1.0000000180025095e-35 1.5000000000000002 0.98057624958643441 0.9799861889585838 4.0095978040567433
decision_type=2 2 2 2 2 2 2 2 2 2 2 2 2 2 2 2 2 2 2 2 2 2 2 2 2 2 2 2 2 2
left_child=25 2 3 22 5 9 8 12 19 17 -11 -10 -7 15 -15 -8 -9 -3 21 -6 -20 -5 23 -2 -24 -1 27 28 -27 -30
right_child=1 4 -4 18 6 7 13 16 11 10 -12 -13 -14 14 -16 -17 -18 -19 20 -21 -22 -23 24 -25 -26 26 -28 -29 29 -31
leaf_value=0.05000271629325196 0.010441592324996349 0.010868297808860046 0.050031087806679503 0.0044151954389110831 0.0071513466897992943 -0.097795164412648766 0.0020900080449381036 -0.014668573920532228 0.051622790841204982 -0.0022161106199928599 0.019957993681072518 0.0030152374877675326 -0.041176298841061512 0.050321695523591475 0.0039385365418172259 -0.00074999940133475915 0.039788674145972397 0.029833752188305418 0.043665809936703895 -0.015400138631281616 -0.0057224885247099018 0.033393240005068082 -0.12190529506813499 0.050305414999668951 0.034612695597638327 0.050003625737624083 0.050002809480003199 0.034779985551645229 -0.26447480238166921 0.050079813661976808
leaf_weight=115.4383872042963 169.47134683256445 333.66716963029467 17.720208578568418 145.51412946269556 273.12930374452844 28.651938338531181 9009.2608565322589 519.17897396534681 180.21841292601312 6628.4710219537374 329.49672388265026 52.383134129457176 129.55113539937884 69.202984711868339 197.63657540082932 39670.523056265956 16.077231954113813 153.33866077888524 7.7584537559305309 41.889060791349038 281.8478902328643 25.653963948578166 0.26052072644233959 7.1689754065155276 25.813771119253943 0.80793024855665752 42.617786702037847 49.268721419328358 0.31775482173543423 0.081105492427013814
leaf_count=2338158 63888 5707 95565 167806 5645 602 47273 2321 5985 42152 6358 402 625 323650 1512 389857 800 1502 6776 3240 27039 120077 2 2571 22777 11179 856122 941592 575 213
internal_value=4.72117e-05 -0.000116855 0.00602388 0.00484856 -0.000189438 -0.00184614 8.29761e-05 -0.0217927 0.019666 1.17838e-05 -0.00116605 0.0406761 -0.0514305 -0.00013612 0.0159677 -0.000224394 -0.0130329 0.0168398 0.000488417 0.0041526 -0.00439939 0.0087583 0.0147592 0.0120595 0.0330488 0.045927 0.0408729 0.0331644 -0.0327952 -0.200512
internal_weight=58522.4 58313.9 681.209 663.489 57632.7 8138.43 49494.2 693.459 547.62 7444.97 6957.97 232.602 158.203 48946.6 266.84 48679.8 535.256 487.006 460.774 315.018 289.606 171.168 202.715 176.64 26.0743 208.532 93.0933 50.4755 1.20679 0.39886
internal_count=5491971 1344132 506501 410936 837631 60067 777564 4348 15272 55719 48510 6387 1227 762292 325162 437130 3121 7209 321698 8885 33815 287883 89238 66459 22779 4147839 1809681 953559 11967 788
is_linear=0
shrinkage=0.05


Tree=126
num_leaves=31
num_cat=0
split_feature=3 2 0 3 2 2 1 3 2 2 2 3 2 0 2 0 2 3 2 0 3 0 2 3 0 2 1 2 2 2
split_gain=166.903 9.50123 9.25612 17.9191 15.2421 14.1616 9.72373 9.71667 121.793 60.7277 258.903 41.0696 35.5141 34.5537 5.59386 10.9884 46.4934 328.119 22.4673 37.371 21.5071 4.26759 11.468 69.4312 4.19184 4.82067 4.0991 3.97785 3.19806 2.66245
threshold=4.0353904154716913 4.0243485990381496 0.14283967029535363 7.3081877281983463 4.7783038066593404 5.2095183253999497 1.5000000000000002 5.4425259239190353 4.4128032160370898 5.2095183253999497 5.2713098734200639 5.353160555104469 4.6960841391917354 0.29087206909299079 4.0115160874231268 0.83847095639952507 3.9379732270598571 4.0769440439467477 4.0112516036781978 0.7570029747540562 4.1037171650610258 0.84868432422502627 4.0175483433243269 4.2207569218799978 0.93627207955316738 4.0167382293402198 1.5000000000000002 4.6570728482318184 4.0045014548270919 5.093775385836012
decision_type=2 2 2 2 2 2 2 2 2 2 2 2 2 2 2 2 2 2 2 2 2 2 2 2 2 2 2 2 2 2
left_child=-1 14 3 4 27 29 -7 9 13 11 -11 -4 -10 -9 15 18 17 -17 28 -20 -18 22 23 -16 -23 -26 -6 -3 -2 -5
right_child=1 2 7 5 26 6 -8 8 12 10 -12 -13 -14 -15 21 16 20 -19 19 -21 -22 24 -24 -25 25 -27 -28 -29 -30 -31
leaf_value=0.045735990639753345 0.038575140781924082 0.06015837194830212 0.00033336892056998614 0.042682480224901599 -0.018678317960477087 -0.0016161601068858168 -0.025962623877616005 0.034444317627405976 0.0050512712785792035 -0.074725739294277671 -1.6569507647928121 -0.005629113622562007 -0.00037194334654949674 0.0056063043042388003 -1.0521249965747965 0.05000417417537481 0.0067771656865303542 -18.801212110750892 0.050031871394812438 -2.9778862589425841 -0.080748919203100705 0.036274698441648177 0.01344341365089663 0.0041760374703790496 0.034493519217506319 -0.026586821555102835 0.011350811715774197 0.012526260826763445 -0.029370944224884222 0.016551440963865838
leaf_weight=199.1913460485157 21.232300271411084 5.8372968672774759 13518.024752206511 11.856050848960875 286.54667644202709 1166.610011741519 42.505320265889168 330.43980839042342 3298.6980711561628 14.136187920201333 0.26336426235502663 3672.7237139626814 35571.125634858079 151.49567774881143 0.1814579674100959 0.017795627543818138 35.585407535625563 0.0026523460401222101 0.026616237766574069 0.016512132715433836 8.7428937117074366 43.549370747052308 9.3979957860574341 1.0903255784942301 6.4378490738454257 6.4835495280567557 11.833616137504576 17.595356822013855 1.8855961443914555 54.819713190197945
leaf_count=4147839 63077 50 348373 50 1260 5808 182 8091 18427 2333 31 19056 601110 1652 225 223 107662 7 45 5 6063 82382 17653 1769 44676 11546 54 86 1982 254
internal_value=4.55238e-05 -0.000110614 -0.000141331 -0.00389453 -0.014438 -0.00123499 -0.00247204 -3.53118e-05 0.000398033 -0.00102646 -0.103664 -0.000940488 8.82992e-05 0.0253791 0.0131558 0.00299259 -0.0115852 -2.39522 0.0309061 -1.10924 -0.0104856 0.0233749 -0.00562543 -0.146537 0.0288544 0.00384533 -0.0174874 0.0243919 0.0330332 0.021198
internal_weight=58488.4 58289.2 58154.5 1597.6 321.813 1275.79 1209.12 56556.9 39351.8 17205.1 14.3996 17190.7 38869.8 481.935 134.65 67.5098 44.3487 0.020448 23.161 0.0431284 44.3283 67.1405 10.6698 1.27178 56.4708 12.9214 298.38 23.4327 23.1179 66.6758
internal_count=5491971 1344132 1006817 7744 1450 6294 5990 999073 629280 369793 2364 367429 619537 9743 337315 179064 113955 230 65109 50 113725 158251 19647 1994 138604 56222 1314 136 65059 304
is_linear=0
shrinkage=0.05


Tree=127
num_leaves=31
num_cat=0
split_feature=3 2 0 3 0 2 0 2 1 2 3 3 3 2 3 2 0 2 1 1 0 0 2 2 0 2 2 2 3 0
split_gain=157.993 24.5921 8344.25 8709.31 8.95316 32.4548 19.1321 116.582 28.3958 18.1952 96.5133 38.8018 14.082 23.2806 15.9147 13.8416 4.04657 4.51164 1.86529 2.8084 2.07629 5.20321 2.29113 1.13726 0.704661 0.00092891 2.15191e-07 3.21757e-07 3.23625e-07 9.9729e-08
threshold=4.0353904154716913 3.9318358105031161 0.82743180515087889 4.0639712580105192 0.2632453871837514 4.4128032160370898 0.3109700072263431 4.5407320249418399 1.0000000180025095e-35 5.8065205138007423 6.6192327316390651 5.8260591009502205 6.5337081385214217 5.0257894490011461 6.6878875668217104 4.6163750795325784 0.20746273059816209 4.3694752276468831 1.0000000180025095e-35 1.5000000000000002 0.98057624958643441 0.9799861889585838 4.0094324199708504 4.267662004847506 0.99999915540540552 4.0123302305962882 4.0094324199708504 4.0095978040567433 4.0290946611890162 0.98057624958643441
decision_type=2 2 2 2 2 2 2 2 2 2 2 2 2 2 2 2 2 2 2 2 2 2 2 2 2 2 2 2 2 2
left_child=18 2 -2 -4 5 16 7 8 -6 11 -11 -8 13 -7 -14 -9 23 -18 26 20 21 -20 -23 -3 -22 -26 -1 28 -28 -21
right_child=1 4 3 -5 6 12 9 15 -10 10 -12 -13 14 -15 -16 -17 17 -19 19 29 24 22 -24 -25 25 -27 27 -29 -30 -31
leaf_value=0.050002285695526588 0.050010011734737292 -0.012488870874216176 0.050004859931539927 142.23727771961421 0.0074971357524470693 0.000318516064666307 -0.00010576714931991271 -0.011524575642851562 0.029513487241392352 0.042518326291660413 0.0008084878135554218 -0.0052316426338614719 -0.0096593857378010906 0.018742043129910978 -0.001940577796999353 0.00083194074005464667 0.031271999642777541 0.010207971739099824 0.050003297609898856 0.050023772149284135 0.050002553323772736 0.050010536964882168 -0.22064036981815827 0.048627334273930692 0.031151607583737709 0.050002403350672034 0.050161007849650698 0.050013050703403089 0.050003229084726299 0.050002248739445344
leaf_weight=104.24539353102591 4.4377943774061341 0.7954937359609201 0.002199960181314852 0.0021097929447932984 215.40247925429139 1987.6403097743168 21903.456836690966 238.97153770923615 457.54384921258315 139.93748370642425 15577.638202218513 4440.3990307529457 729.60794706642628 187.65906153619289 7881.011518061161 4391.3810933232307 49.874758034871775 51.847309545613825 0.73417641708874615 0.54588905752825567 5.6650146073734495 0.099214437970658764 0.36905525818292517 17.647354291751981 39.786119654858339 0.0065362049208478315 0.083147599631046343 0.51817458055302268 0.05335520938388072 38.181347893096245
leaf_count=2328873 23791 161 26 15 6356 10455 702400 1260 5147 306021 200252 21948 3358 907 37339 20996 2655 604 11179 6831 113619 535 253 441 827837 136 159 8298 828 849291
internal_value=5.04246e-05 -9.81009e-05 0.117542 69.6562 -0.000107069 -0.00139866 0.00019033 0.00302037 0.0224663 -0.000166495 0.00117984 -0.000969761 -0.00168656 0.00190788 -0.00259462 0.000194223 0.0244426 0.0205358 0.0455362 0.0400492 0.0317881 -0.0330622 -0.163296 0.0459912 0.0335036 0.0311547 0.0500025 0.050031 0.0500993 0.0500026
internal_weight=58465.5 58275.3 4.4421 0.00430975 58270.8 10906.1 47364.7 5303.3 672.946 42061.4 15717.6 26343.9 10785.9 2175.3 8610.62 4630.35 120.165 101.722 190.287 85.3874 46.6601 1.20245 0.46827 18.4428 45.4577 39.7927 104.9 0.654677 0.136503 38.7272
internal_count=5491971 1344132 23832 41 1320300 55920 1264380 33759 11503 1230621 506273 724348 52059 11362 40697 22256 3861 3259 4147839 1809681 953559 11967 788 602 941592 827973 2338158 9285 987 856122
is_linear=0
shrinkage=0.05


Tree=128
num_leaves=31
num_cat=0
split_feature=3 2 3 0 3 0 3 3 0 3 0 2 3 0 0 0 2 3 3 0 3 3 1 0 0 0 3 3 3 1
split_gain=149.632 9.31579 14.8715 44.7604 18.1405 15.3353 14.2775 102.579 95.7421 78.0495 84.0534 55.6412 51.1047 39.8858 66.9751 44.184 24.1187 20.1878 19.0718 16.6056 13.4381 29.6837 22.6205 13.0135 9.80643 9.07464 8.97624 26.7647 19.7932 4.63552
threshold=4.0353904154716913 7.1297169139308805 8.3585725317228619 0.40328621957453575 8.3920946847197637 0.53987881902663493 7.3233027137203726 7.3225632713640296 0.35212193414828868 7.2579402070459418 0.57511954246434016 6.7181411010310894 7.855699677624826 0.65062298805038576 0.67109024589866439 0.18954989862812724 6.6346012894220836 7.3853363710035973 7.9583251190734163 0.29087206909299079 7.9583251190734163 7.9844543739244713 1.5000000000000002 0.46286072019001795 0.69687071811330226 0.56936485613816601 7.9844543739244713 7.9583251190734163 7.9941566304452838 1.5000000000000002
decision_type=2 2 2 2 2 2 2 2 2 2 2 2 2 2 2 2 2 2 2 2 2 2 2 2 2 2 2 2 2 2
left_child=-1 6 5 29 25 26 7 9 17 11 -11 -2 16 15 -15 -9 -10 19 -19 -8 22 -22 -7 -14 -6 -5 27 -3 -28 -4
right_child=1 2 3 4 24 20 8 13 12 10 -12 -13 23 14 -16 -17 -18 18 -20 -21 21 -23 -24 -25 -26 -27 28 -29 -30 -31
leaf_value=0.045328811156535614 -3.4100155020370302e-05 -0.0085809359621289109 -0.004012101269182178 0.020489910529212885 -0.0013041572447948721 -0.0057533341368957627 0.0040238898474957334 0.0069903780540879409 0.022478939610417584 0.0016454803974053839 0.025532983828679273 -0.02532482590481196 -0.0021767085514557134 0.023494890011506453 -0.014214295260247223 -0.018995855571334902 0.010027523790152931 -0.0048315224649465556 0.000469343107439068 0.029609063013338439 0.014963188778139583 -0.0022695299640770241 0.015901188575817741 0.053462011444100691 0.034197585505223602 0.0074338242722975199 -0.018653804354426328 0.017168746650763084 -0.0048963307519359787 -0.035300449758256622
leaf_weight=181.83520880329161 37258.593826187702 387.18156924843788 1326.8765972703695 353.27036314457655 314.17400167882442 1595.2560285391519 252.46349662542343 187.7934103757143 484.81251287460327 906.299754429725 620.31309848593082 218.75399855396245 877.27116210758686 195.94594869110733 295.05867483001202 1268.4146841089241 1966.1918464498594 3273.4689587056637 3523.027392655611 84.693726405501366 352.80009152926505 856.69295893609524 130.4620823264122 10.6368380934 20.735211543738842 213.53571352735162 405.09947580099106 136.49072621762753 737.25601509213448 11.944432258605955
leaf_count=4147839 1129410 1683 7938 1492 1586 9579 1055 1110 2087 13145 86524 3543 4331 11177 2123 10636 8990 13715 17139 352 2932 4571 1013 48 137 1176 2574 690 3322 54
internal_value=4.25966e-05 -9.87328e-05 -0.00183202 0.00150858 0.0101199 -0.0034587 0.000131876 -0.000289439 0.00177936 0.000269699 0.0113518 -0.000181721 0.00876729 -0.0114893 0.000834366 -0.0156447 0.0124904 -0.00149135 -0.00208377 0.0104509 -0.001284 0.00275713 -0.00411628 -0.00151018 0.00089386 0.0155712 -0.0072901 -0.0018695 -0.00977497 -0.00429124
internal_weight=58447.3 58265.5 6841.78 2240.54 901.715 4601.24 51423.7 40951.2 10472.6 39004 1526.61 37477.3 3338.91 1947.21 491.005 1456.21 2451 7133.65 6796.5 337.157 2935.21 1209.49 1725.72 887.908 334.909 566.806 1666.03 523.672 1142.36 1338.82
internal_count=5491971 1344132 38747 12383 4391 26364 1305385 1257668 47717 1232622 99669 1132953 15456 25046 13300 11746 11077 32261 30854 1407 18095 7503 10592 4379 1723 2668 8269 2373 5896 7992
is_linear=0
shrinkage=0.05


Tree=129
num_leaves=31
num_cat=0
split_feature=3 2 1 0 3 3 2 1 2 0 2 0 0 2 0 2 2 3 3 2 0 2 3 1 1 0 0 2 0 3
split_gain=141.628 9.0282 13.5253 10.8275 9.72735 108.737 74.8757 66.8421 63.1098 55.3039 53.9911 36.9133 25.2072 41.8723 22.072 17.9278 17.0099 8.09035 7.71907 6.74637 6.06193 3.0492 2.76352 2.02165 3.00173 2.0021 4.20525 1.54984 1.15254 0.755784
threshold=4.0353904154716913 4.1236035457433209 1.5000000000000002 0.59006474772855433 5.067456612105917 5.0481237364455485 4.2987140455362249 1.0000000180025095e-35 4.2987140455362249 0.48377961100321759 4.5731551881208814 0.40328621957453575 0.9799861889585838 7.220131748367046 0.4332831331818166 4.6960841391917354 4.8213945277212966 5.0118012668796874 5.4191623752586162 3.956019297468639 0.94294308484027956 4.0995571897658998 5.067456612105917 1.0000000180025095e-35 1.5000000000000002 0.98057624958643441 0.9799861889585838 4.0094324199708504 0.4533208610456857 4.088410319220233
decision_type=2 2 2 2 2 2 2 2 2 2 2 2 2 2 2 2 2 2 2 2 2 2 2 2 2 2 2 2 2 2
left_child=23 2 3 21 5 9 7 18 14 17 -11 -9 15 -14 -7 -8 -10 -3 -6 29 -21 28 -23 -1 25 26 -25 -28 -2 -5
right_child=1 4 -4 19 6 8 12 11 16 10 -12 -13 13 -15 -16 -17 -18 -19 -20 20 -22 22 -24 24 -26 -27 27 -29 -30 -31
leaf_value=0.050002243700335007 0.045370436041126366 0.016371595356782256 0.050030639532629477 0.022013871903420419 0.0068403792307378782 -0.086248073927979188 0.0018316125453762542 0.050855759286804816 -0.013920112258932624 -0.0016785526379192693 0.019129843288916676 0.0028577226995492658 0.050319078204670478 0.0039315273609346231 -0.039158233101418714 -0.00064199838007782616 0.041065085265899977 0.035972683334249252 -0.016368144848320648 -0.00015615965907994609 0.01930226021383348 0.0074485087444136344 0.050393578565449265 0.050002995993799218 0.050002320096835931 0.032150563394886145 0.050009578957075751 -0.17756379458048221 0.026162701668779726 0.050012997604843228
leaf_weight=95.362539475332596 10.415671389608177 118.13431306130951 16.744474173538038 3.5719950944257999 271.6933298134245 30.806282233912498 8985.9456123277778 170.7817796911113 519.09726458415389 6899.5051078345277 326.48560037184507 52.331041863188148 64.570306406458258 197.2824148721993 129.45068753324449 39627.581655700938 14.457033427519489 94.960768069198821 41.26889767870307 521.29634525745496 43.354172467945318 37.080413139658049 4.1670450641540802 0.66742647901992203 35.206160709662072 42.012864471966168 0.090195769458659925 0.43869833846110851 31.216768830854562 7.4100503779045539
leaf_count=2338158 6392 3019 95565 27151 5645 602 47273 5985 2330 45098 6358 402 323650 1512 625 389857 791 1244 3240 216890 104258 4920 775 11179 856122 941592 535 253 20390 30160
internal_value=4.06549e-05 -9.38769e-05 0.00565394 0.00452554 -0.000161325 -0.00176367 0.000102414 0.0186873 -0.0206948 1.94603e-06 -0.000738385 0.0395978 -0.000101428 0.0153702 -0.0482103 -0.000184765 -0.0124302 0.0251064 0.00377998 0.00209276 0.00133787 0.0214221 0.0117871 0.0451119 0.0391647 0.0303344 -0.0334467 -0.138754 0.0309681 0.0409061
internal_weight=58393.4 58219.6 675.257 658.512 57544.4 8132.9 49411.5 536.075 693.811 7439.09 7225.99 223.113 48875.4 261.853 160.257 48613.5 533.554 213.095 312.962 575.633 564.651 82.8799 41.2475 173.778 78.4153 43.2092 1.19632 0.528894 41.6324 10.982
internal_count=5491971 1344132 506501 410936 837631 60067 777564 15272 4348 55719 51456 6387 762292 325162 1227 437130 3121 4263 8885 378459 321148 32477 5695 4147839 1809681 953559 11967 788 26782 57311
is_linear=0
shrinkage=0.05


Tree=130
num_leaves=31
num_cat=0
split_feature=3 1 0 2 0 3 2 2 3 3 2 2 0 2 0 2 3 3 2 2 2 0 1 1 0 0 3 2 2 0
split_gain=134.037 8.51924 32.5116 24.9054 40.2409 32.5603 20.5774 20.5697 23.0702 8.97525 127.096 121.442 52.7921 25.2648 19.7308 8.80667 10.259 8.32529 7.27387 3.92635 2.48777 2.40532 2.09126 3.05918 1.84385 3.34304 1.51814 1.36408 1.21258 4.37984
threshold=4.0353904154716913 1.0000000180025095e-35 0.97439000911848883 5.0937103219158661 0.37200840929843199 5.9991846393519213 4.0615743271509634 4.8213945277212966 6.1545288986217583 5.4425259239190353 4.4128032160370898 5.2015075959997707 0.69035327433527816 4.7327784207308978 0.30166964322371831 7.220131748367046 4.1109558246685376 5.0936581677973303 7.0336754972165965 4.1107138088430979 4.0077138747100944 0.89807491427866115 1.0000000180025095e-35 1.5000000000000002 0.98057624958643441 0.9799861889585838 4.338466511397848 4.0095978040567433 4.0306277142120477 0.90262234570724054
decision_type=2 2 2 2 2 2 2 2 2 2 2 2 2 2 2 2 2 2 2 2 2 2 2 2 2 2 2 2 2 2
left_child=22 2 3 7 18 -6 20 17 -9 11 14 12 -8 -12 -11 16 19 -2 -5 -4 21 -3 -1 24 25 -24 -18 -27 -22 -30
right_child=1 6 15 4 5 -7 9 8 -10 10 13 -13 -14 -15 -16 -17 26 -19 -20 -21 28 -23 23 -25 -26 27 -28 -29 29 -31
leaf_value=0.050002129312706756 -0.0014656543931109032 -0.074570765291950405 0.0502570657241109 -0.00073367229071289624 0.0022339346430322767 0.015546361954182486 -0.0044398337530768724 -0.0074441823481316664 0.0053450739956446853 0.03860424660255949 0.0044098392689957125 -0.37371095059005971 0.0028875798281980227 -0.00075753292945604761 0.0077653582549962203 -0.011784790346768955 0.027056076334701099 0.0018655448637319402 -0.019002690443662533 -0.037730627712447055 0.041988020589570546 0.053347758479322716 0.050002848394737821 0.050002209245947372 0.031567277029058857 -0.1481894335003037 0.050046785873643189 0.050103192037097913 0.036507203746582596 -0.01941833909158128
leaf_weight=90.711851047970413 2854.5008433025359 1.0344818420708168 1.6584055985731527 1504.8539815992117 841.41404078860069 1011.4686652333185 6494.49898422978 1690.7164360287716 445.53607931733131 240.79958949712454 2561.7106607169844 2.1938718706369391 3955.1579375684087 30877.814763711765 66.105200621765107 9.3493887111544591 8.3561680684797448 5469.232235546544 56.531556405127048 5.3845435529947281 24.173327108830563 0.56996602467552282 0.63487751923457725 33.489207381251617 40.683725863429572 0.50341237853717757 51.028854188982223 0.10478142334613949 18.483989185202521 4.3188819786228114
leaf_count=2338158 261790 7 1205 9696 11172 174843 60125 14108 2733 3391 11718 24 40259 144787 406 82 211 40772 329 31 171431 80 11179 856122 941592 575 341035 213 41588 12309
internal_value=3.9209e-05 -8.88128e-05 0.00098858 0.000810192 0.0045181 0.00950104 -0.00042849 -0.000400114 -0.00477686 -0.000464239 -6.77112e-05 -0.00174453 -0.00166643 -0.000361675 0.0319618 0.0336501 0.0400449 0.000723159 -0.00139512 -0.0170121 0.0320948 -0.0291288 0.0448871 0.0387345 0.0297344 -0.0302515 0.0468117 -0.114027 0.0341859 0.0259149
internal_weight=58363 58196.9 13950 13874.3 3414.27 1852.88 44246.9 10460 2136.25 44198.3 33746.4 10451.9 10449.7 33439.5 306.905 75.7774 66.428 8323.73 1561.39 7.04295 48.5806 1.60445 166.128 75.416 41.9268 1.24307 59.385 0.608194 46.9762 22.8029
internal_count=5491971 1344132 858007 515443 196040 186015 486125 319403 16841 260710 160302 100408 100384 156505 3797 342564 342482 302562 10025 1236 225415 87 4147839 1809681 953559 11967 341246 788 225328 53897
is_linear=0
shrinkage=0.05


Tree=131
num_leaves=31
num_cat=0
split_feature=3 2 3 1 2 3 3 3 2 2 2 2 0 1 1 3 0 0 2 2 2 3 0 2 2 0 2 2 2 2
split_gain=126.823 8.04774 7.95811 7.4483 43.887 17.3181 9.34985 100.098 68.1581 3.49817 3.36183 2.38743 6.5716 2.16187 3.11465 1.93771 1.70471 2.7382 1.42957 1.05118 0.999514 0.800346 3.90109 65.9571 1.99518 0.79742 0.527146 0.00104874 1.19918e-07 1.79259e-07
threshold=4.0353904154716913 3.956019297468639 8.6759645812166841 1.5000000000000002 4.3694752276468831 6.6878875668217104 5.067456612105917 5.0481237364455485 4.2987140455362249 6.7699180945479123 6.3852636378288778 7.4116116357553006 0.16732986996238744 1.0000000180025095e-35 1.5000000000000002 9.3835394066241555 0.98057624958643441 0.9799861889585838 6.742726673005488 4.2987140455362249 4.0095978040567433 4.088410319220233 0.86835543145587601 3.9468444661052655 3.8959860322208582 0.99999915540540552 6.2840647075723846 4.0123302305962882 4.0094324199708504 4.0095978040567433
decision_type=2 2 2 2 2 2 2 2 2 2 2 2 2 2 2 2 2 2 2 2 2 2 2 2 2 2 2 2 2 2
left_child=13 21 3 6 19 -6 7 -3 -8 10 26 15 -13 28 16 -11 17 -15 -12 -5 -19 22 23 24 -2 -18 -4 -27 -1 -30
right_child=1 2 9 4 5 -7 8 -9 -10 11 18 12 -14 14 -16 -17 25 20 -20 -21 -22 -23 -24 -25 -26 27 -28 -29 29 -31
leaf_value=0.050001881320792141 0.050007964396859367 -6.553000964041953e-05 -0.0014054516641221367 0.050629883320286555 -0.0039378084896049236 0.0060911357538637597 0.017996238720479649 -0.019994583047043948 -5.5914001719062806e-05 0.00063191036540883249 -0.022891216635086281 -0.032093768533281157 -0.0052963435936837326 0.05000270985246117 0.050002103467203921 -0.015686363034426574 0.050002177977118756 -0.12124992372193727 -0.056667943847973905 0.033457761263502424 0.050098149981943153 0.050011878839724605 0.050008687825419632 -3.4358456537110764 -0.11396803643974213 0.028314488571513391 0.025677524019087291 0.050002049997759201 0.050081733381691508 0.050010739059621306
leaf_weight=85.749344018586271 0.47372254522633683 7968.6219796664736 3.8651008009910575 43.752811215315887 758.87571992306039 994.6500356271863 528.82682008267147 684.16883694467833 46475.559322156339 227.35835190117359 29.585307642817497 24.350364096462727 378.45947327464819 0.60391581462681532 31.855987071034178 19.774234041571617 4.8320718418835886 0.58214958017924801 3.5036092177033415 11.191487243864684 0.099680949002504349 8.1670714455976832 2.7063985738932388 0.014343657589051872 0.30490808624017518 34.581970426381304 3.3574221581220627 0.0055751642503299994 0.11234968421558633 0.42626383464812534
leaf_count=2328873 3951 394400 22 101656 6479 7220 15452 4568 744316 1678 244 238 2771 11179 856122 162 113619 575 34 1161 213 36560 22173 46 981 827837 20 136 987 8298
internal_value=3.7811e-05 -8.40285e-05 -9.23583e-05 -2.82554e-05 0.00312965 0.0017509 -0.000130865 -0.0016413 0.000147183 -0.00542912 -0.0197216 -0.00454265 -0.00691628 0.0446531 0.0382922 -0.000673791 0.0291281 -0.0275282 -0.0264677 0.0471321 -0.0961995 0.0414395 0.0214327 -0.0760964 -0.0142043 0.030976 0.0111842 0.028318 0.050002 0.0500255
internal_weight=58326.4 58167.6 58155.9 57465.6 1808.47 1753.53 55657.2 8652.79 47004.4 690.254 40.3114 649.942 402.81 158.849 72.5614 247.133 40.7054 1.28575 33.0889 54.9443 0.681831 11.6664 3.49937 0.792974 0.778631 39.4196 7.22252 34.5875 86.288 0.538614
internal_count=5491971 1344132 1280421 1275252 116516 13699 1158736 398968 759768 5169 320 4849 3009 4147839 1809681 1840 953559 11967 278 102817 788 63711 27151 4978 4932 941592 42 827973 2338158 9285
is_linear=0
shrinkage=0.05


Tree=132
num_leaves=31
num_cat=0
split_feature=3 2 2 2 0 0 0 3 0 0 3 0 3 0 3 3 1 1 1 0 0 2 0 3 0 2 3 2 2 2
split_gain=119.968 7.96145 7.84515 14.4013 34.0915 55.3347 49.8836 32.7579 131.774 51.122 14.1626 39.8081 16.2043 13.7623 12.1218 8.12306 4.21721 2.23333 3.16781 1.58111 2.29367 0.931354 0.80484 0.703077 2.19239 1.87405 7.22775 0.00105572 1.03237e-07 1.54308e-07
threshold=4.0353904154716913 3.956019297468639 7.1297169139308805 5.5065052677616686 0.67109024589866439 0.58557039653272314 0.8806759878972531 5.8260591009502205 0.29087206909299079 0.59740168283145612 8.3585725317228619 0.40328621957453575 8.3920946847197637 0.53987881902663493 7.9583251190734163 7.9844543739244713 1.5000000000000002 1.0000000180025095e-35 1.5000000000000002 0.98057624958643441 0.9799861889585838 4.0094324199708504 0.99999915540540552 4.088410319220233 0.86835543145587601 3.8959860322208582 4.0830307987701433 4.0123302305962882 4.0094324199708504 4.0095978040567433
decision_type=2 2 2 2 2 2 2 2 2 2 2 2 2 2 2 2 2 2 2 2 2 2 2 2 2 2 2 2 2 2
left_child=17 23 3 7 5 -5 -6 8 -3 -9 13 16 -13 15 -15 -4 -12 28 19 20 -19 -22 -21 24 25 -2 -27 -24 -1 -30
right_child=1 2 10 4 6 -7 -8 9 -10 -11 11 12 -14 14 -16 -17 -18 18 -20 22 21 -23 27 -25 -26 26 -28 -29 29 -31
leaf_value=0.050001790164815568 0.050007574987866843 0.024572848403472704 -0.0017466480682068514 0.00090397171810987988 -0.012851972128371676 0.01165483825204164 0.040786615031113943 -0.0024900452368433763 -2.2475786552103279e-05 -0.04423043584234191 -0.0036378477924561819 0.014846678816501686 0.00096480783614426031 -0.0039053337567312267 0.0026345357920080862 -0.0092832644786878769 -0.033494935912165909 0.050002577921355144 0.050001999337532382 0.050002071417567462 0.050011927828350081 -0.10613042946488777 0.027691633043634974 0.050011298475736536 0.050008263403806534 -0.49491604030955411 -0.02244659101273782 0.05000194985149875 0.050077750709448934 0.050010216916116873
leaf_weight=81.567443048472342 0.45062224450521016 558.29096357235539 521.66128158569336 15931.293306533131 673.08082779747201 1294.1038522012532 46.328961626510136 10567.21573150577 22180.427436705024 73.868636384606361 1320.9668658673763 567.03851438686252 334.07186240702868 1718.9077824265696 1205.438498897478 1136.2967418134212 11.933733999729155 0.57446397423700435 30.302411960106838 4.5964185046614139 0.11231622108607553 0.63794475528993644 33.616609002452606 7.7688465138053289 2.5744272358060698 0.091754232489620335 0.68717851955443621 0.005303271027513711 0.1068786098912814 0.40547883783801808
leaf_count=2328873 3951 10611 2373 98551 14864 99197 299584 51229 667259 379 7938 2668 1723 10592 7503 5896 54 11179 856122 113619 535 253 827837 36560 22173 263 764 136 987 8298
internal_value=3.65021e-05 -7.94244e-05 -8.76783e-05 0.000123983 0.00126628 0.00171166 -0.00939772 -0.000490111 0.000581399 -0.0027798 -0.00168142 0.00158269 0.0097002 -0.00327277 -0.00120955 -0.00691194 -0.00390516 0.0444097 0.037838 0.0285165 -0.0251852 -0.0827555 0.0303779 0.0413876 0.0237755 -0.0311502 -0.078101 0.0276952 0.0500019 0.0500243
internal_weight=58304.4 58152.5 58140.9 51324.6 17944.8 17225.4 719.41 33379.8 22738.7 10641.1 6816.32 2234.01 901.11 4582.3 2924.35 1657.96 1332.9 151.925 69.8455 39.5431 1.32472 0.750261 38.2183 11.5728 3.80398 1.22955 0.778933 33.6219 82.0798 0.512357
internal_count=5491971 1344132 1280421 1241674 512196 197748 314448 729478 677870 51608 38747 12383 4391 26364 18095 8269 7992 4147839 1809681 953559 11967 788 941592 63711 27151 4978 1027 827973 2338158 9285
is_linear=0
shrinkage=0.05


Tree=133
num_leaves=31
num_cat=0
split_feature=3 2 0 3 2 2 1 3 2 2 3 3 0 1 2 2 0 2 0 3 2 3 0 2 0 0 3 3 2 3
split_gain=113.482 8.21587 7.34447 16.3658 14.227 12.611 9.0202 8.45774 95.3831 50.3239 41.7743 33.6112 24.0178 20.7944 5.94628 5.21295 8.95338 57.8066 768.806 18.7609 4.65762 5.60514 4.05033 6.06177 47.6278 3.95273 4.43929 2.96413 2.01874 1.89038
threshold=4.0279376260590949 4.0243485990381496 0.14283967029535363 7.3081877281983463 4.8712296690828838 5.164810817739462 1.5000000000000002 5.5005232433105204 4.3694752276468831 5.2713098734200639 5.8260591009502205 5.353160555104469 0.87680023980182598 1.0000000180025095e-35 4.6570728482318184 4.0115160874231268 0.83847095639952507 3.9374001339653506 0.86451820848946037 4.1037171650610258 4.0045014548270919 4.3507294452368264 0.84415195204871418 4.0148924015442251 0.83847095639952507 0.93627207955316738 4.0769440439467477 6.8957584183412344 4.0218896392566297 7.3233027137203726
decision_type=2 2 2 2 2 2 2 2 2 2 2 2 2 2 2 2 2 2 2 2 2 2 2 2 2 2 2 2 2 2
left_child=-1 15 3 4 14 29 -7 9 13 11 -10 -4 -11 -9 -3 16 20 18 -18 -19 -2 -22 23 24 -17 -24 -27 -6 -25 -5
right_child=1 2 7 5 27 6 -8 8 10 12 -12 -13 -14 -15 -16 22 17 19 -20 -21 21 -23 25 28 -26 26 -28 -29 -30 -31
leaf_value=0.044712137717033244 0.037429545144378067 0.059110323018681181 0.00035757003725724333 0.031395283968457109 -0.044520481754174654 -0.0010457166671845577 -0.024280905442487177 0.010892217254969321 0.0047509025293055555 -0.088100317483171778 -0.00037168892172034394 -0.0046649211344097974 -0.50558828436139691 0.046144636300036235 0.0047398617556075199 -0.080289228671928559 -41.397147214499086 0.007213195001657526 0.050002714909506168 -0.071693059908113629 -0.10922462154025958 0.050153579629318962 0.034869874371223117 -0.014874193048039316 -2.6434412613809855 0.033714926291859064 -0.025397949135236561 -0.017072717315730939 0.034912329805119151 0.0085784887316424693
leaf_weight=141.78761295142613 19.282293460542864 5.6693615703843525 13496.794024766365 32.578837290406227 10.223848178982733 1184.3276293873787 43.296980336308479 60.595301343710162 4511.3772114916646 0.6694971378892649 33781.256081386186 4422.6037206169567 0.70966216851957142 135.09386234206613 44.503193348646164 0.76720929260773019 0.0012063555295743758 38.265031596609333 0.015422328273416497 9.3795287167813495 1.248294130113208 0.98850455955835048 42.814950175546983 5.3049125473553413 0.018562402692623436 6.1376684469178127 6.582115561766841 259.35831135511398 3.3043306648396538 12.584272712469099
leaf_count=4099994 63766 50 351702 151 47 5906 185 3783 23917 12 594232 24492 30 2220 204 1131 26 148984 293 6063 358 1674 84709 9439 6 54824 5828 1149 6744 52
internal_value=3.49959e-05 -7.39674e-05 -0.000102549 -0.00345112 -0.0135637 -0.000910588 -0.0018652 -8.01217e-06 0.000409757 -0.000905253 0.00023182 -0.000882008 -0.302924 0.0352287 0.0108836 0.0122873 0.00273716 -0.00934938 -2.95685 -0.00832066 0.0295068 -0.0387909 0.0224627 -0.00789905 -0.140839 0.0275991 0.00312575 -0.0181137 0.00423447 0.0250376
internal_weight=58277.5 58135.8 58001.6 1592.54 319.755 1272.79 1227.62 56409.1 38488.3 17920.8 38292.6 17919.4 1.37916 195.689 50.1726 134.11 69.1803 47.6612 0.0166287 47.6446 21.5191 2.2368 64.9297 9.39501 0.785772 55.5347 12.7198 269.582 8.60924 45.1631
internal_count=5491971 1391977 1008132 7744 1450 6294 6091 1000388 624152 376236 618149 376194 42 6003 254 383845 221164 155366 319 155047 65798 2032 162681 17320 1137 145361 60652 1196 16183 203
is_linear=0
shrinkage=0.05


Tree=134
num_leaves=31
num_cat=0
split_feature=3 0 2 0 3 1 0 2 0 2 2 3 2 0 2 0 3 0 3 2 2 3 3 2 0 2 2 1 1 2
split_gain=138.167 513.676 39042 89850.2 154564 7.6353 29.4626 23.122 36.3995 32.7294 17.8518 21.2998 15.4323 8.42705 54.5444 27.313 24.6054 22.419 59.6689 43.4462 8.31697 9.96978 7.94396 6.50193 4.55144 7.62802 3.44009 2.41427 3.36937 2.20347
threshold=4.0631118560949693 0.86451820848946037 3.8323072105371945 0.83847095639952507 4.0038726424143061 1.0000000180025095e-35 0.97439000911848883 5.0937103219158661 0.37200840929843199 6.951795789371034 4.8213945277212966 6.1545288986217583 4.0615743271509634 0.52179196583813592 4.267662004847506 0.39166485078173591 5.1648431135156008 0.71110240231374011 7.2265362286251831 4.267662004847506 7.220131748367046 4.1109558246685376 5.8260591009502205 7.0336754972165965 0.94066754611923054 3.9638540945373326 4.1107138088430979 1.0000000180025095e-35 1.5000000000000002 4.0077909558517755
decision_type=2 2 2 2 2 2 2 2 2 2 2 2 2 2 2 2 2 2 2 2 2 2 2 2 2 2 2 2 2 2
left_child=1 2 -1 -4 -5 6 7 10 23 -10 22 -12 29 14 15 -14 -16 18 -15 -19 21 26 -2 -9 25 -3 -8 -26 -29 -7
right_child=5 24 3 4 -6 12 20 8 9 -11 11 -13 13 17 16 -17 -18 19 -20 -21 -22 -23 -24 -25 27 -27 -28 28 -30 -31
leaf_value=0.050002043342234584 0.0011710250115816768 0.050003483181708087 0.050002999089236555 0.050001584026547412 788.84332017400459 -0.02698103338715574 0.050256259416706132 -0.00063242593996887947 0.010899444677444747 -0.015945339559244414 -0.0070111403060785686 0.0052799219938798846 0.04847336549542719 -0.0068575330498376027 -0.010151074472209058 0.011985384094822901 6.2076080678047854e-05 -0.003226736957098535 0.0015525344521787547 0.0057625726406008411 -0.010845612783103704 0.046543588524489407 -0.0040495652802222627 -0.018014025718000544 0.050001891513383467 -0.050534243408576776 -0.035112744693047461 0.027658267131364479 0.050001922160025351 0.032508008354192222
leaf_weight=0.62726767000245431 7497.7862890875695 4.1261570300994199 0.0056879482835938688 0.0013628411579702515 0.0011409832953555021 1.620223467121831 1.5027490418578953 1505.9980034455657 1718.33016268762 121.57597839122172 1696.0707186443906 444.95351256430149 77.614426136919064 4649.4105941649468 601.78830303717405 151.19870243789046 29420.952329686959 2805.7664108313184 3860.0603734441102 2580.1789883065503 9.4601782187819463 55.540843218834198 807.12260016659275 55.795858591794968 74.176680185115401 3.4760720987178502 5.4957943707704544 40.25794959779887 29.046083292287221 39.629658268284402
leaf_count=16971 245036 99672 102 43 54 22 524 9696 183967 2048 14108 2733 5216 43514 2783 7478 133539 22880 20061 25239 82 341246 6015 329 2271424 2088 31 997352 877867 159851
internal_value=4.91837e-05 0.0477018 1.4663 109.916 359.5 -7.52362e-05 0.00094595 0.00078008 0.00436039 0.00912561 -0.000385841 -0.00445678 -0.000396918 -0.00042548 4.27068e-05 0.0243623 -0.000142641 -0.00144477 -0.00304256 0.00107966 0.0328477 0.0394571 0.000663656 -0.00125339 0.0417351 0.00403323 -0.016782 0.0437327 0.0370227 0.0301714
internal_weight=58259.6 151.718 0.635459 0.00819177 0.00250382 58107.9 13919.6 13847.6 3401.7 1839.91 10445.9 2141.02 44188.2 44147 30251.6 228.813 30022.7 13895.4 8509.47 5385.95 71.9996 62.5394 8304.91 1561.79 151.083 7.60223 6.99854 143.481 69.304 41.2499
internal_count=5491971 4265573 17170 199 97 1226398 805815 463932 196040 186015 267892 16841 420583 260710 149016 12694 136322 111694 63575 48119 341883 341801 251051 10025 4248403 101760 555 4146643 1875219 159873
is_linear=0
shrinkage=0.05


Tree=135
num_leaves=31
num_cat=0
split_feature=3 2 3 0 3 3 3 0 3 0 2 3 0 0 2 2 3 3 0 3 0 3 3 1 0 0 3 3 3 1
split_gain=101.547 7.70941 13.3259 35.5534 14.6125 13.1574 95.3274 84.976 68.1878 74.9263 50.3612 45.6352 36.6669 56.7959 41.4434 22.0525 18.2572 17.3408 14.9976 13.019 11.75 11.0671 26.5673 20.0004 8.90217 8.1029 7.39148 24.2163 18.4493 3.79201
threshold=4.0279376260590949 7.1297169139308805 8.3585725317228619 0.40328621957453575 8.3920946847197637 7.3233027137203726 7.3225632713640296 0.35212193414828868 7.2579402070459418 0.57511954246434016 6.6858765715418915 7.855699677624826 0.65062298805038576 0.67109024589866439 5.8065205138007423 6.6346012894220836 7.3853363710035973 7.9583251190734163 0.29087206909299079 7.9941566304452838 0.53987881902663493 7.9583251190734163 7.9844543739244713 1.5000000000000002 0.69687071811330226 0.56936485613816601 7.9844543739244713 7.9583251190734163 7.9941566304452838 1.5000000000000002
decision_type=2 2 2 2 2 2 2 2 2 2 2 2 2 2 2 2 2 2 2 2 2 2 2 2 2 2 2 2 2 2
left_child=-1 5 20 29 25 6 8 16 10 -10 -2 15 14 -14 -8 -9 18 -18 -7 -13 26 23 -23 -22 -6 -5 27 -3 -28 -4
right_child=1 2 3 4 24 7 12 11 9 -11 -12 19 13 -15 -16 -17 17 -19 -20 -21 21 22 -24 -25 -26 -27 28 -29 -30 -31
leaf_value=0.044220254888989952 1.400008992746942e-05 -0.0080222161171024722 -0.0034178283316259779 0.018708589824160803 -0.0011704156214367317 0.0039024664169342495 0.0034389360440821044 0.021399597174524554 0.0016034411466437255 0.024353515096603259 -0.021436109895359077 -0.0030482517163141704 0.02177988041627725 -0.013163388617770701 -0.018965665680713412 0.0094784192578564377 -0.0045414799794573886 0.00051460701107413232 0.028242738054521734 0.020919680567351596 -0.0053953872353136407 0.014035938004405274 -0.0023461603249244171 0.015101772563870158 0.033007824824320096 0.0063376074854382715 -0.017491915725103481 0.0165345973472267 -0.0041253110677724634 -0.031734590298115768
leaf_weight=129.7277303578594 37111.06248810573 386.05446168780327 1317.7974519953132 354.71991628408432 313.77982844784856 252.45396435260773 249.45948435366154 483.31599143519998 905.17137343552895 603.02564873720985 275.67114124720683 826.29896382987499 193.60548463324085 291.18009541742504 1195.9270208938979 1965.7420363570563 3271.1161108464003 3521.3846574351192 84.45891834795475 60.828046247363091 1590.1626931733917 348.11549871601164 856.13105922192335 128.6396394148469 20.283359944820404 211.15933211147785 398.34806351363659 135.67532613873482 733.50973883271217 11.9298869818449
leaf_count=4099994 1176233 1683 7938 1492 1586 1055 1483 2087 13145 86524 4565 4110 11177 2123 10263 8990 13715 17139 352 269 9579 2932 4571 1013 137 1176 2574 690 3322 54
internal_value=3.24093e-05 -6.626e-05 -0.00164739 0.0015223 0.00919705 0.000143557 -0.000261909 0.00172523 0.000276319 0.0106997 -0.000144162 0.00831148 -0.0111078 0.000791665 -0.0150989 0.011831 -0.00135678 -0.00192029 0.0100042 -0.00140483 -0.00319161 -0.00128611 0.00238947 -0.00386133 0.000904789 0.0140923 -0.00655998 -0.00163624 -0.00882958 -0.00367188
internal_weight=58226.7 58097 6806.31 2229.67 899.942 51290.7 40825.1 10465.6 38894.9 1508.2 37386.7 3336.19 1930.17 484.786 1445.39 2449.06 7129.41 6792.5 336.913 887.127 4576.64 2923.05 1204.25 1718.8 334.063 565.879 1653.59 521.73 1131.86 1329.73
internal_count=5491971 1391977 38747 12383 4391 1353230 1305513 47717 1280467 99669 1180798 15456 25046 13300 11746 11077 32261 30854 1407 4379 26364 18095 7503 10592 1723 2668 8269 2373 5896 7992
is_linear=0
shrinkage=0.05


Tree=136
num_leaves=31
num_cat=0
split_feature=3 2 0 3 3 3 3 3 1 0 2 3 0 0 0 1 1 0 2 0 3 0 2 0 2 3 0 0 3 3
split_gain=96.0059 7.55342 7.35186 37.9663 43.9224 17.1836 14.0674 25.3023 23.3346 19.6829 13.9592 13.0707 12.9236 4.77867 4.50633 2.11913 2.96651 1.32494 1.07735 0.832088 0.652765 2.09327 1.60641 4.74321 0.00119266 2.28856e-08 1.65916e-08 3.96075e-09 2.32892e-09 2.2977e-09
threshold=4.0279376260590949 3.956019297468639 0.95234617998841065 4.2571009610137267 4.3282302013682576 7.3155776058677429 4.6428993089071149 4.7003439835576311 1.5000000000000002 0.7816713295973009 4.20477203786354 4.1836519096534159 0.99955042434302832 0.99999915540540552 0.59006474772855433 1.0000000180025095e-35 1.5000000000000002 0.99964601490463567 4.2987140455362249 0.99999915540540552 4.088410319220233 0.86835543145587601 3.8959860322208582 0.86451820848946037 4.0123302305962882 4.0769440439467477 0.7039405449903855 0.83847095639952507 4.0769440439467477 4.0631118560949693
decision_type=2 2 2 2 2 2 2 2 2 2 2 2 2 2 2 2 2 2 2 2 2 2 2 2 2 2 2 2 2 2
left_child=15 20 6 11 17 -6 8 14 10 -9 -3 13 -13 -4 -8 -1 19 -5 -10 -17 21 22 28 -24 -21 29 -22 -28 -2 -23
right_child=1 2 3 4 5 -7 7 9 18 -11 -12 12 -14 -15 -16 16 -18 -19 -20 24 26 25 23 -25 -26 -27 27 -29 -30 -31
leaf_value=0.050001441011030004 0.050003928787797247 -0.00025967690181451366 0.036556572620564817 0.056265819384313201 0.018493607927967431 -0.00082134629874366927 -0.0022951701526135342 -0.0002529472959537467 0.050424155333093482 0.0065532902450713528 -0.0081948338094214989 -0.010329801024111141 0.00064166711427794589 -0.0062405394301103872 0.015368533201568847 0.050001656384214346 0.050001455075533524 0.039024457683476732 0.01908433761683466 0.024228840505564134 0.050007288960184575 0.050003315793968085 -0.35396462136973622 -0.018950212832780543 0.050001647561020095 0.050015104664391311 0.050011294485748474 0.050014341411124291 0.050011577511473053 0.050006937848435566
leaf_weight=66.893665560506633 0.28489667410394603 1020.1231283178167 31.5191455872191 52.040124154649675 234.89288849367585 225.88626816123724 40.836000135095674 51923.003375622124 19.788197169287745 1084.4034441124677 1213.5495715471916 325.35083649586886 1533.562082760036 8.2245337844797159 311.84076873102458 3.5105644037757875 24.607436391132069 14.178697981406001 3.1833742307499042 29.100312389673494 2.4784230601071613 1.3163307149552568 0.12376769055845216 0.72190519602736458 0.0044895080791310651 0.68919690820621315 3.1139613695268054 1.6222166511288376 0.15295138119836338 0.65607971197459836
leaf_count=2319149 3982 257154 139163 556 372704 1910 6890 409910 70580 43456 5914 1538 6259 2660 2663 106232 846640 310 384 827837 17061 20422 357 670 136 2329 13815 5684 668 4938
internal_value=3.09155e-05 -6.30008e-05 -7.09091e-05 0.00262363 0.014497 0.0090249 -0.000188428 -2.48981e-05 -0.00405522 -0.000113708 -0.00457083 -0.000671984 -0.00127858 0.0277002 0.0133233 0.0439588 0.036895 0.0525741 0.0460811 0.0270065 0.0410684 0.0247154 -0.0277318 -0.0679809 0.0242328 0.0500073 0.0500106 0.0500123 0.0500066 0.0500045
internal_weight=58177.7 58053.5 58042.4 2425.65 526.998 460.779 55616.7 53360.1 2256.64 53007.4 2233.67 1898.66 1858.91 39.7437 352.677 124.116 57.2228 66.2188 22.9716 32.6154 11.1597 3.94513 1.28352 0.845673 29.1048 2.66161 7.2146 4.73618 0.437848 1.97241
internal_count=5491971 1391977 1322051 525100 375480 374614 796951 462919 334032 453366 263068 149620 7797 141823 9553 4099994 1780845 866 70964 934205 69926 33366 5677 1027 827973 27689 36560 19499 4650 25360
is_linear=0
shrinkage=0.05


Tree=137
num_leaves=31
num_cat=0
split_feature=3 2 3 0 2 2 3 3 0 0 3 0 0 2 3 1 3 0 0 3 3 1 0 2 0 3 3 3 1 1
split_gain=90.7487 7.20425 12.2907 32.6691 25.2048 12.1287 31.9979 56.8526 42.1816 41.4014 29.732 114.631 46.2449 28.1741 23.6671 21.7007 20.1154 10.5395 10.3528 10.2217 24.0295 18.1991 9.52381 6.76545 8.13671 6.71431 21.9643 16.9733 6.60687 5.49226
threshold=4.0279376260590949 7.1297169139308805 8.3585725317228619 0.4533208610456857 7.740204100276876 5.5065052677616686 5.9991846393519213 6.5337081385214217 0.44346840764792678 0.67109024589866439 5.8260591009502205 0.29087206909299079 0.59740168283145612 5.2713098734200639 5.9160942342697309 1.0000000180025095e-35 5.4425259239190353 0.52179196583813592 0.53987881902663493 7.9583251190734163 7.9844543739244713 1.5000000000000002 0.49406175338830077 5.6599165454229086 0.71110240231374011 7.9844543739244713 7.9583251190734163 7.9941566304452838 1.0000000180025095e-35 1.0000000180025095e-35
decision_type=2 2 2 2 2 2 2 2 2 2 2 2 2 2 2 2 2 2 2 2 2 2 2 2 2 2 2 2 2 2
left_child=-1 5 18 29 22 10 23 8 -8 -9 11 16 14 -13 -12 -14 -2 -6 25 21 -21 -20 -5 24 -7 26 -3 -27 -25 -4
right_child=1 2 3 4 17 6 7 9 -10 -11 12 13 15 -15 -16 -17 -18 -19 19 20 -22 -23 -24 28 -26 27 -28 -29 -30 -31
leaf_value=0.043687589874613547 -0.11034390685759668 -0.0076244625436706183 -0.018808737083708213 0.019430465134992483 -0.011603527586048355 -0.057289305564703158 -0.0064797196806875724 0.0013430070900947886 0.030463889015417186 -0.011915618296353112 -0.0076960708395830413 0.00014811943609043703 -0.060537841928208727 -0.030905172511525247 -0.001282116419418312 -0.0029336481642625763 0.023984732012732112 0.0084017334836513115 -0.0052230110841352054 0.013389833499914496 -0.0022401309814911157 0.014436030918899993 0.045088809957147147 -0.10757348770707571 -0.011442845197353727 -0.016778121534064341 0.015824653355023189 -0.0039120111845841231 0.029504589445647059 -0.0018985900492343166
leaf_weight=118.78605125540344 2.8014112167293197 385.26553656160831 49.575146302580833 110.67991581559181 78.576660640537739 17.929532289505005 106.73025197535753 16862.624079502653 279.87703644452995 610.08912957197754 1717.189157507848 22087.308272739006 50.362401604652405 73.284763418487273 8853.8302221496124 24.208581358194351 540.49695259024156 406.09528363868594 1586.8855987131828 345.05870304815471 855.76766294240952 127.15697267651558 53.718196079134941 5.7524822469858909 21.028208139701746 394.33621744811535 134.80487184226513 732.48572014272213 1.0375711806118486 1527.9255528002977
leaf_count=4099994 1053 1683 293 459 430 99 601 195386 305044 10754 8550 778175 279 558 42679 100 9640 2092 9579 2932 4571 1013 224 141 162 2574 690 3322 9 8885
internal_value=2.96296e-05 -5.97174e-05 -0.00159036 0.0014549 0.0108968 0.000143007 0.00119271 0.00129969 0.0202649 0.00088006 -0.000420572 0.000601713 -0.0026008 4.54266e-05 -0.00232402 -0.0418373 0.0232921 0.00515841 -0.00307674 -0.00128631 0.00225116 -0.0037646 0.0278145 -0.0405701 -0.0325428 -0.00624565 -0.00154633 -0.00841456 -0.0866269 -0.00243001
internal_weight=58161.7 58042.9 6788.33 2226.57 649.07 51254.6 17905.1 17859.3 386.607 17472.7 33349.5 22703.9 10645.6 22160.6 10571 74.571 543.298 484.672 4561.76 2914.87 1200.83 1714.04 164.398 45.7478 38.9577 1646.89 520.07 1126.82 6.79005 1577.5
internal_count=5491971 1391977 38747 12383 3205 1353230 512196 511785 305645 206140 841034 789426 51608 778733 51229 379 10693 2522 26364 18095 7503 10592 683 411 261 8269 2373 5896 150 9178
is_linear=0
shrinkage=0.05


Tree=138
num_leaves=31
num_cat=0
split_feature=3 3 3 3 3 0 2 0 2 2 2 0 3 3 1 3 0 3 2 1 0 3 0 0 0 3 2 3 1 1
split_gain=85.7481 7.18792 26.3671 73.0644 68.9286 70.122 57.3632 70.6958 48.3396 52.5822 45.4649 27.624 25.8761 57.9428 48.6811 38.1238 37.0797 29.8682 27.7598 23.8372 22.1006 16.9942 16.1029 11.7034 10.9493 11.5016 7.6993 4.12641 2.28279 3.14199
threshold=4.0279376260590949 7.781075859749671 7.3233027137203726 7.3225632713640296 7.2579402070459418 0.55652029964453664 7.3099056398307338 0.33161813793822242 6.8607775849798927 6.742726673005488 6.6858765715418915 0.61657923368095979 7.9583251190734163 7.9844543739244713 1.5000000000000002 7.9941566304452838 0.25135338761287312 8.1727008602802069 6.2308392139256092 1.5000000000000002 0.67109024589866439 7.5133544912541304 0.90697957232253212 0.88427325327375472 0.39166485078173591 7.8949329787267777 7.0336754972165965 7.717130928926049 1.0000000180025095e-35 1.5000000000000002
decision_type=2 2 2 2 2 2 2 2 2 2 2 2 2 2 2 2 2 2 2 2 2 2 2 2 2 2 2 2 2 2
left_child=28 2 3 4 10 -6 7 21 9 -5 -2 -9 22 14 16 18 -14 -17 -15 27 -10 -4 24 -16 25 -3 -26 -8 -1 -30
right_child=1 12 6 8 5 -7 19 11 20 -11 -12 -13 13 15 23 17 -18 -19 -20 -21 -22 -23 -24 -25 26 -27 -28 -29 29 -31
leaf_value=0.05000131242794973 2.2817574803621528e-05 -0.0039304095823657018 0.0033133694260437962 -0.010932389796284371 0.00089718689590302539 0.022083201008487645 -0.028010002615777727 0.011892042696938599 0.011150842776006248 -0.039052217007181644 -0.019943741277360108 -0.0038904624841148931 0.0015972522049140861 0.0083542811229823342 -0.015952798037288347 0.0077068054372772853 0.024868631063547027 -0.0010937851321980998 -0.0091525688072157507 0.036182550968736023 -0.0053828054183565587 -0.005382747910077805 -0.083501678005348232 0.012169570043865706 0.0071994697127932055 -0.013192844634608123 -0.0035771310493356344 -0.013785134747154593 0.025322763704326835 0.050001323060432118
leaf_weight=60.911404481916179 37096.84086975189 690.43193104863167 964.33842687308788 1141.1799472570419 857.36920209415257 717.34936194447801 166.12090740352869 2446.0862178918906 293.19589947792701 194.59570267703384 287.31656948593445 312.69491812679917 253.45189297199249 257.92404542863369 165.26393377780914 1242.5162535011768 527.26859518699348 4302.7057823240757 1854.6118192523718 17.892386645078659 650.66097193304449 1345.9372456520796 6.5760355293750754 47.665870647877455 190.70125977694988 651.33688615262508 1266.2449882552028 73.555803656578064 30.390374656300992 22.406808609272048
leaf_count=2319149 1176233 2924 4023 6677 7902 92172 997 10999 14437 1809 4946 1742 1035 1269 1455 5485 2466 22560 10951 147 4932 5628 27 910 803 2754 6293 401 934205 846640
internal_value=2.84835e-05 -5.65251e-05 0.000219517 -0.00020809 0.000301007 0.0105483 0.00353003 0.00469965 -0.00890855 -0.0150289 -0.000130636 0.0101032 -0.00117848 0.000174634 0.0115342 -0.00129935 0.0173138 0.000878161 -0.00701512 -0.0194885 -0.000246859 -0.00175288 -0.00535144 -0.0096574 -0.00516782 -0.00842669 -0.00216657 -0.0236444 0.0434056 0.0357962
internal_weight=58135.5 58021.8 46565.1 41238.5 38958.9 1574.72 5326.63 5069.06 2279.63 1335.78 37384.2 2758.78 11456.7 8651.41 993.65 7657.76 780.72 5545.22 2112.54 257.569 943.857 2310.28 2805.29 212.93 2798.72 1341.77 1456.95 239.677 113.709 52.7972
internal_count=5491971 1391977 1333045 1309108 1281253 100074 23937 22392 27855 8486 1181179 12741 58932 46131 5866 40265 3501 28045 12220 1545 19369 9651 12801 2365 12774 5678 7096 1398 4099994 1780845
is_linear=0
shrinkage=0.05


Tree=139
num_leaves=31
num_cat=0
split_feature=3 0 2 3 3 3 0 3 1 3 2 3 3 2 0 3 1 1 3 0 3 2 1 2 2 1 1 0 0 1
split_gain=81.0066 7.17713 34.6061 143.363 76.1941 32.0464 118.589 31.4794 24.3664 24.0939 22.563 31.2869 27.404 78.2771 20.2846 20.1965 16.0884 12.7253 10.8185 10.084 11.3832 7.75824 3.1436 2.93434 3.66782 2.35011 3.17687 1.70215 1.64097 2.50227
threshold=4.0279376260590949 0.71110240231374011 4.267662004847506 5.274536706793838 4.7891154230329027 5.4425259239190353 0.90697957232253212 7.1746477361708756 1.0000000180025095e-35 4.3282302013682576 4.1643283978498689 4.5479117545328309 5.2034845723991019 4.3329479324565865 0.65062298805038576 4.5256398455657729 1.5000000000000002 1.0000000180025095e-35 4.5479117545328309 0.36175671919056113 5.1518164478765893 4.2375608875783284 1.0000000180025095e-35 4.0323590931667415 4.0175483433243269 1.0000000180025095e-35 1.5000000000000002 0.65631567337852459 0.7039405449903855 1.0000000180025095e-35
decision_type=2 2 2 2 2 2 2 2 2 2 2 2 2 2 2 2 2 2 2 2 2 2 2 2 2 2 2 2 2 2
left_child=25 10 15 4 9 6 -5 -7 -6 -4 17 28 14 -14 -13 16 21 19 22 -2 -21 -3 -17 24 -19 -1 -27 -25 29 -12
right_child=1 2 3 5 8 7 -8 -9 -10 -11 11 12 13 -15 -16 18 -18 23 -20 20 -22 -23 -24 27 -26 26 -28 -29 -30 -31
leaf_value=0.05000124866426945 0.044571477483284813 -0.0020254426751390702 0.047465904172551136 -0.020471855325691918 0.01503057895777017 0.019430654600066218 -0.48091550865220356 -0.003074046578541231 0.03948858690280941 0.004646244858027177 -0.06936376361387335 -0.0047743385795526207 0.019914850301506873 -0.00012874264935456523 0.0031659614712292485 -0.0042077939634864534 0.050263359652559562 0.073915331689099792 -0.0058572979827181473 0.0055579876276171019 -0.31922368796954426 0.0086995238659439578 -0.039001332587529344 0.035567755494968697 -0.15756262177978653 0.024689845123242099 0.050001257223166652 0.019689860467998012 -0.051525231967528312 -0.12433082637388303
leaf_weight=57.940792626399343 17.102404888362798 3098.455464030063 34.919870157493278 152.76527020079084 136.79285894335771 171.66406766639557 1.4113147417083372 1638.9967451449484 398.45783869130537 554.75962391740177 5.8424206450581533 5040.6477248292649 492.49797759228386 44494.397222315194 957.04233217705041 7.2766202092170706 15.114116865610411 0.27424271404743095 58.411940727382898 382.07256629786571 0.26997676491737266 178.32542581111193 60.196402950212359 50.294663591485005 0.4551512437465135 29.630516737815924 21.31404240127813 25.405431182822213 4.3675320190377525 3.2069690898060799
leaf_count=2319149 4292 367768 607 2169 92126 309154 403 11812 7904 6786 47 28894 12053 334853 4392 32 92458 2 264 71069 12 934 304 24967 164 934205 846640 18431 39 41
internal_value=2.7167e-05 -5.37461e-05 0.00151079 0.00534563 0.0195796 -0.00280375 -0.0246867 -0.000940434 0.0332379 0.00718196 -0.000251541 -0.000352663 -0.000332573 9.06863e-05 -0.00350732 -0.00195601 -0.00120439 0.0105854 -0.021611 0.00700885 0.00532866 -0.00144178 -0.035249 0.0292774 -0.0705299 0.0431134 0.0352796 0.030239 -0.0766953 -0.0888433
internal_weight=58090.3 57981.4 6507.55 3089.77 1124.93 1964.84 154.177 1810.66 535.251 589.679 51473.9 50998 50984.6 44986.9 5997.69 3417.78 3291.9 475.874 125.885 399.445 382.343 3276.78 67.473 76.4295 0.729394 108.885 50.9446 75.7001 13.4169 9.04939
internal_count=5491971 1391977 892721 430961 107423 323538 2572 320966 100030 7393 499256 380319 380192 346906 33286 461760 461160 118937 600 75373 71081 368702 336 43564 166 4099994 1780845 43398 127 88
is_linear=0
shrinkage=0.05


Tree=140
num_leaves=31
num_cat=0
split_feature=3 2 0 3 3 1 3 3 1 0 2 3 0 0 0 1 1 0 2 0 3 0 3 0 2 2 3 0 0 3
split_gain=76.5024 7.12518 6.72703 33.7261 40.4502 15.0592 12.8206 22.4446 21.1751 17.8622 12.6633 11.9258 11.7107 4.51739 4.24433 2.41744 3.20844 1.28645 1.09307 0.914919 0.65837 1.96234 1.51095 584.282 1.24674 0.00130779 1.97765e-08 1.46252e-08 3.42899e-09 1.99219e-09
threshold=4.0279376260590949 3.956019297468639 0.95234617998841065 4.2571009610137267 4.3282302013682576 1.0000000180025095e-35 4.6428993089071149 4.7003439835576311 1.5000000000000002 0.7816713295973009 4.20477203786354 4.1836519096534159 0.99955042434302832 0.99999915540540552 0.59006474772855433 1.0000000180025095e-35 1.5000000000000002 0.99964601490463567 4.2987140455362249 0.99999915540540552 4.088410319220233 0.86835543145587601 4.0776221824873993 0.82224121924711235 3.9468444661052655 4.0123302305962882 4.0769440439467477 0.7039405449903855 0.83847095639952507 4.0631118560949693
decision_type=2 2 2 2 2 2 2 2 2 2 2 2 2 2 2 2 2 2 2 2 2 2 2 2 2 2 2 2 2 2
left_child=15 20 6 11 17 -6 8 14 10 -9 -3 13 -13 -4 -8 -1 19 -5 -10 -17 21 22 23 -2 -24 -21 29 -22 -29 -23
right_child=1 2 3 4 5 -7 7 9 18 -11 -12 12 -14 -15 -16 16 -18 -19 -20 25 27 26 24 -25 -26 -27 -28 28 -30 -31
leaf_value=0.050001186383931334 0.050004140445291306 -0.00023322839943807543 0.035801195387166689 0.055312263184311011 0.031838925998109467 0.0050741889771991622 -0.0026236672540052297 -0.00022962137387009366 0.050402926339329114 0.0062972629463200775 -0.0077943145593740428 -0.0097526958413681544 0.00070216617666221215 -0.0058955289052714599 0.014569185851206029 0.050001434266204695 0.05000119634955344 0.037717277240778703 0.018327705209684735 0.021003023784177764 0.050006886873133566 0.050003162317628261 0.05002167094709814 -29.342058808407696 -0.060009392675953434 0.050001431389857923 0.050014390073146522 0.050010761407708743 0.050013665612138269 0.050006617150987809
leaf_weight=55.115051861903339 0.27927842042845297 1019.8472501033357 30.467127638075908 49.285932871047407 60.715289538849902 391.04208885226399 40.58577262822655 51860.99631906522 18.21319461617168 1069.8693579757528 1211.6672390876338 324.53783837566152 1533.3030101787299 8.2558381102135154 310.69399794132914 3.0406881433882544 20.27456890312169 13.163040568120776 3.109633491607382 25.863369179089208 2.342373103951104 1.2544603749993259 0.59734270475746576 0.0017011395830195388 0.45244325138628483 0.0038886034744781686 0.65681004637735885 2.9668581969599472 1.5459840441471895 0.62524455136008317
leaf_count=2319149 3966 257154 139163 556 368812 5802 6890 409910 70580 43456 5914 1538 6259 2660 2663 106232 846640 310 384 827837 17061 20422 1614 51 46 136 2329 13815 5684 4938
internal_value=2.64712e-05 -5.0522e-05 -5.80634e-05 0.00252763 0.0138853 0.00867132 -0.000170308 -1.40961e-05 -0.0038649 -9.76962e-05 -0.00433875 -0.000551734 -0.00112415 0.0269113 0.0125828 0.0428103 0.0347521 0.0516036 0.0457252 0.0240571 0.0407044 0.0242089 -0.0249635 -0.127945 0.0025998 0.0210074 0.0500069 0.0500101 0.0500118 0.0500043
internal_weight=58060.8 57956.5 57945.8 2410.77 514.206 451.757 55535 53282.1 2252.84 52930.9 2231.51 1896.56 1857.84 38.723 351.28 104.298 49.1825 62.449 21.3228 28.9079 10.7225 3.86728 1.33077 0.28098 1.04979 25.8673 2.53651 6.85522 4.51284 1.8797
internal_count=5491971 1391977 1322051 525100 375480 374614 796951 462919 334032 453366 263068 149620 7797 141823 9553 4099994 1780845 866 70964 934205 69926 33366 5677 4017 1660 827973 27689 36560 19499 25360
is_linear=0
shrinkage=0.05


Tree=141
num_leaves=31
num_cat=0
split_feature=3 0 2 0 0 2 0 1 2 0 3 3 3 2 3 0 3 2 3 0 2 2 0 0 3 3 3 3 0 2
split_gain=118.81 1771.03 119492 444306 6.88844 934.811 7.97604 6.69973 25.8285 37.4179 32.2732 71.324 17.8838 15.8229 18.4542 19.7818 13.8954 12.6026 8.72045 30.6873 11.4575 11.2212 8.42364 8.4125 7.01569 37.5388 25.5467 5.55084 9.06321 5.40072
threshold=4.0769440439467477 0.83847095639952507 3.8323072105371945 0.8150384491514896 0.86835543145587601 3.8323072105371945 0.94344475705292619 1.0000000180025095e-35 5.0886041562929067 0.37200840929843199 7.3225632713640296 6.0785821681909509 7.3233027137203726 4.8213945277212966 6.1545288986217583 0.16732986996238744 5.4425259239190353 4.0615743271509634 4.1836519096534159 0.9568572753472937 4.1394526399019833 4.0718246701414893 0.52179196583813592 0.64585011427259731 5.0936581677973303 5.0481237364455485 5.353160555104469 6.7939703625515913 0.32171717521238496 3.9638540945373326
decision_type=2 2 2 2 2 2 2 2 2 2 2 2 2 2 2 2 2 2 2 2 2 2 2 2 2 2 2 2 2 2
left_child=1 2 -1 -4 5 -3 29 8 13 27 11 -11 -12 24 16 -16 -15 -9 19 21 23 -19 -22 -20 25 -2 -26 28 -10 -6
right_child=7 4 3 -5 6 -7 -8 17 9 10 12 -13 -14 14 15 -17 -18 18 20 -21 22 -23 -24 -25 26 -27 -28 -29 -30 -31
leaf_value=0.050002520883265691 0.00099326777585838919 0.050001130515641139 0.050003962939381988 1009.9810095938697 0.050003754579403509 47.108745761622842 0.041474023424552198 0.029004183112161019 -0.0017650015454056069 0.0037422467681135054 -0.022910019079143029 0.025335594642144927 0.003354387910685608 3.8680386944599845e-05 -0.020173912154925772 0.0095211174877135162 -0.0097006384307323484 -0.2297839133284228 0.04355286355962279 0.056730888239854421 6.6124170705325247e-05 -0.048990026629464022 -0.0014293242752182079 0.0086411592199744265 0.0064085847482765095 -0.015308732557550747 -0.00079072048782452488 -0.0029948426015804315 0.012653408200304684 -0.017494733774403519
leaf_weight=0.43820962999847779 2438.5546403876142 0.15607405002811292 0.0050794782218872561 0.0013862333024157181 4.1648842453869284 0.0010625017770808922 111.35087643062798 36.516044216819864 298.89695832878351 988.17949628073256 102.72070601186715 623.83289456221974 175.62982855178416 539.25628436398983 66.179398462176323 367.65388864278793 1141.4050703793764 0.89241073571611806 22.701910683448659 8.1641407451243122 30191.848539881408 22.415597466519102 13684.893530816073 71.921752209251281 1881.3253911653446 412.93100644720835 3571.5296740992053 1102.4153190888464 171.54109536111355 10.273570986213597
leaf_count=12127 188218 6904 68 70 115213 103 4158656 135325 2324 87211 14813 416853 1787 14292 291 2378 5634 267 16452 4541 143756 536 80108 14616 13603 2742 27169 6432 1343 18139
internal_value=5.03019e-05 0.0484748 3.19837 216.577 0.0373536 0.368196 0.0369403 -5.5366e-05 0.000902429 0.00464321 0.0093839 0.0120987 -0.00633806 -0.000341006 -0.00420248 0.00499127 -0.00657568 -0.000357281 -0.000381647 -0.0266916 -0.000362816 -0.0559122 -0.000400297 0.0170171 0.000642223 -0.00136747 0.00169316 -0.00105447 0.00349254 0.00197573
internal_weight=58047.8 126.391 0.444675 0.00646571 125.946 0.157137 125.789 57921.4 13882.1 3463.22 1890.36 1612.01 278.351 10418.8 2114.49 433.833 1680.66 44039.4 44002.8 31.4721 43971.4 23.308 43876.7 94.6237 8304.34 2851.49 5452.86 1572.85 470.438 14.4385
internal_count=5491971 4311280 12265 138 4299015 7007 4292008 1180691 785090 530763 520664 504064 16600 254327 22595 2669 19926 395601 260276 5344 254932 803 223864 31068 231732 190960 40772 10099 3667 133352
is_linear=0
shrinkage=0.05


Tree=142
num_leaves=31
num_cat=0
split_feature=3 2 0 3 2 3 3 1 2 3 1 2 0 1 2 3 1 1 2 0 3 0 3 0 2 2 3 0 0 3
split_gain=68.2397 6.56048 6.39213 14.7009 12.9314 11.9701 8.98874 7.3568 38.0117 17.9972 7.71816 28.0468 9.64969 5.5956 5.58184 2.74129 2.58925 3.3734 1.08356 0.948925 0.705595 1.96448 1.84525 346.427 1.11992 0.00135231 1.74502e-08 1.25565e-08 2.94532e-09 1.47712e-09
threshold=4.0279376260590949 3.956019297468639 0.14283967029535363 7.3081877281983463 4.8712296690828838 7.3853363710035973 7.9583251190734163 1.5000000000000002 4.3694752276468831 6.6878875668217104 1.0000000180025095e-35 5.0886041562929067 0.52179196583813592 1.0000000180025095e-35 4.6570728482318184 6.8957584183412344 1.0000000180025095e-35 1.5000000000000002 4.2987140455362249 0.99999915540540552 4.088410319220233 0.86835543145587601 4.0776221824873993 0.80200360567754869 3.9468444661052655 4.0123302305962882 4.0769440439467477 0.7039405449903855 0.83847095639952507 4.0631118560949693
decision_type=2 2 2 2 2 2 2 2 2 2 2 2 2 2 2 2 2 2 2 2 2 2 2 2 2 2 2 2 2 2
left_child=16 20 3 4 14 13 -7 10 18 -10 11 -4 -12 -5 -3 -6 -1 19 -9 -18 21 22 23 -2 -24 -21 29 -22 -29 -23
right_child=1 2 7 5 15 6 -8 8 9 -11 12 -13 -14 -15 -16 -17 17 -19 -20 25 27 26 24 -25 -26 -27 -28 28 -30 -31
leaf_value=0.050001085625239909 0.050003803471538488 0.058020279073173031 -0.00030421094422431166 0.03292104672816918 -0.04272410256453324 -0.0085809703176515893 0.00077310842186321547 0.050608622365228131 -0.0037467617286013155 0.0066086631815016816 0.00011967119970040889 0.0050184258981897656 -0.00152298355678155 0.0078444902836656109 0.0046706529095496161 -0.016143224704086478 0.050001306226724287 0.050001090370854179 0.032601404581445274 0.019133506427976395 0.050006544092560883 0.050002859861839416 0.050020594454935258 -17.469474629675688 -0.053771551222943408 0.050001303593281692 0.050013674765905507 0.050010226596388832 0.050012987685500047 0.050005987243609606
leaf_weight=50.277066197906606 0.24952078734627647 5.5094429868913712 10387.518776412107 26.755516842007637 10.078329756855963 402.03145238757133 711.06546406447887 38.24799531451572 758.96398410969414 938.27819803729653 27757.707346976564 3249.1169097620295 13188.305572733847 131.98620043694973 44.536008439958096 258.16631795465946 2.774896439603256 18.502323339105715 10.688705744454635 24.297036824353203 2.2260042175912531 1.1350885120773457 0.56765799815184415 0.0028539664244315857 0.47936914674937725 0.0035486941487751214 0.62416568642947812 2.8193910288682673 1.469145419745473 0.56575304958823824
leaf_count=2319149 3896 50 276136 123 47 1753 3772 111138 6473 7015 129738 529864 252782 646 204 1149 106232 846640 1161 827837 17061 20422 1614 121 46 136 2329 13815 5684 4938
internal_value=2.44486e-05 -4.53007e-05 -5.23408e-05 -0.00317865 -0.0127888 -0.000773608 -0.00260542 3.59129e-05 0.00323063 0.00197798 -6.62906e-05 0.000963981 -0.000409412 0.0120711 0.0105438 -0.0171419 0.0421769 0.0335459 0.0466755 0.0223011 0.0401711 0.0224874 -0.0267524 -0.148114 0.00250057 0.019138 0.0500065 0.0500096 0.0500112 0.0500039
internal_weight=58025 57929.1 57919 1590.13 318.29 1271.84 1113.1 56328.8 1746.18 1697.24 54582.6 13636.6 40946 158.742 50.0455 268.245 95.8549 45.5778 48.9367 27.0755 10.1389 3.62441 1.2994 0.252375 1.04703 24.3006 2.32501 6.51454 4.28854 1.70084
internal_count=5491971 1391977 1322051 7744 1450 6294 5525 1314307 125787 13488 1188520 806000 382520 769 254 1196 4099994 1780845 112299 934205 69926 33366 5677 4017 1660 827973 27689 36560 19499 25360
is_linear=0
shrinkage=0.05


Tree=143
num_leaves=31
num_cat=0
split_feature=2 2 0 3 3 3 3 0 3 3 3 0 3 3 0 3 2 2 2 3 3 1 1 1 0 2 3 0 3 0
split_gain=287.31 1702.28 51718.3 46141.6 707.927 719.164 47.6533 6.54114 31.5569 25.6402 25.8899 13.7643 29.4015 11.948 25.0832 52.8723 18.0461 19.9593 17.8663 10.0503 6.12993 2.08774 3.39262 1.87963 0.940792 0.00133654 1.69361e-08 6.65401e-10 5.61432e-10 5.19532e-10
threshold=3.8959860322208582 3.8071786721968941 0.80200360567754869 4.0279376260590949 4.0353904154716913 4.0577670157450987 4.0279376260590949 0.94191383711497811 4.204841850850066 6.5337081385214217 4.6142785673051678 0.99955042434302832 4.1987796469857166 4.3611859606570134 0.86835543145587601 5.2354041901335053 4.20477203786354 3.9374001339653506 4.1643283978498689 7.9844543739244713 4.3282302013682576 1.0000000180025095e-35 1.5000000000000002 1.0000000180025095e-35 0.99999915540540552 4.0123302305962882 4.0631118560949693 0.7039405449903855 4.0769440439467477 0.7039405449903855
decision_type=2 2 2 2 2 2 2 2 2 2 2 2 2 2 2 2 2 2 2 2 2 2 2 2 2 2 2 2 2 2
left_child=1 26 29 -4 -5 -6 21 13 11 10 -10 12 -9 16 18 -16 17 -8 -15 -11 -18 -2 24 -13 -23 -26 -1 -28 -29 -3
right_child=6 2 3 4 5 -7 7 8 9 19 -12 23 -14 14 15 -17 20 -19 -20 -21 -22 22 -24 -25 25 -27 27 28 -30 -31
leaf_value=0.050001041131415763 0.050001031362678749 0.050006209699392706 0.05000102370895787 79.204610778650988 99.953047230326163 77.300746748356516 -1.0478612656955339 0.01262409990436578 0.013593956601262242 0.0014112928901764184 0.046239882148089106 -0.02724962027679996 -0.022830023479123183 0.0088358007769106951 0.03646442266862996 -0.0016525083003492086 -0.0097524793697729567 -0.0010899078317069945 -0.00025413189186973155 -0.063919610090998599 -0.025785565599372524 0.050001241023923663 0.050001036896272735 0.00088592226547293176 0.018537215556036858 0.050001242179672827 0.050006197411336675 0.050004433384183679 0.050009307086854041 0.050008550974183177
leaf_weight=17.413003171826865 30.507434633491357 1.3382482429151412 0.027027845717384369 0.011355843318597181 0.015499523666221648 0.0045272709685377768 0.045542847386967789 85.990714737017697 338.83669158432167 284.69216488936218 73.993643934350985 5.9591577693936406 182.750705471728 546.06879337829014 145.20432921196334 243.61012060867506 119.10046532284468 522.95844709603261 53700.547062792437 6.0111218839883795 119.36285716015846 2.6395664270639854 17.599972499639989 1535.0610652291798 23.836595667376972 0.0033756263001113443 0.46250105737999436 0.066828466500737704 0.51034475746564567 0.28792379020887882
leaf_count=841123 1479109 10800 1429 39 61 29 550 178216 4333 3099 376035 52 903 106917 7004 16573 515 257416 407956 33 581 106232 846640 9172 827837 136 3746 754 2750 1931
internal_value=7.15894e-05 0.188901 1.71039 47.9361 89.1774 94.8323 6.01168e-06 -4.54298e-05 0.0024494 0.0114353 0.0194452 -0.00104383 -0.0114856 -0.000158617 -7.19285e-05 0.0125824 -0.00637856 -0.00118106 -0.000162629 6.03896e-05 -0.0177778 0.0399458 0.0329866 0.000777122 0.0216777 0.0185417 0.0500014 0.0500076 0.0500087 0.0500066
internal_weight=58004.9 20.1373 1.68458 0.0584105 0.0313826 0.0200268 57984.8 57910.2 2513.3 703.534 412.83 1809.76 268.741 55396.9 54635.4 388.814 761.467 523.004 54246.6 290.703 238.463 74.5869 44.0795 1541.02 26.4795 23.84 18.4527 1.03967 0.577173 1.62617
internal_count=5491971 862662 14289 1558 129 90 4629309 1369355 571843 383500 380368 188343 179119 797512 538450 23577 259062 257966 514873 3132 1096 3259954 1780845 9224 934205 827973 848373 7250 3504 12731
is_linear=0
shrinkage=0.05


Tree=144
num_leaves=31
num_cat=0
split_feature=3 3 3 3 3 0 2 0 0 2 0 0 0 3 3 1 3 2 3 0 1 3 0 0 0 3 2 3 1 1
split_gain=60.7296 6.18725 24.47 64.8184 62.0663 64.1732 51.9308 63.8894 45.5069 41.8982 38.6898 37.8317 24.4681 23.1148 51.9742 45.3439 34.5478 34.4695 26.8862 25.4471 21.6641 15.1286 14.6615 10.4046 9.97171 10.4984 6.85364 3.91048 2.72231 3.40791
threshold=4.0279376260590949 7.781075859749671 7.3233027137203726 7.3225632713640296 7.2579402070459418 0.57511954246434016 7.3099056398307338 0.33161813793822242 0.65062298805038576 6.7181411010310894 0.67109024589866439 0.34182627453620124 0.61657923368095979 7.9583251190734163 7.9844543739244713 1.5000000000000002 7.9941566304452838 6.7699180945479123 8.1727008602802069 0.22420405234085827 1.5000000000000002 7.5133544912541304 0.90697957232253212 0.88427325327375472 0.39166485078173591 7.8949329787267777 7.0336754972165965 7.717130928926049 1.0000000180025095e-35 1.5000000000000002
decision_type=2 2 2 2 2 2 2 2 2 2 2 2 2 2 2 2 2 2 2 2 2 2 2 2 2 2 2 2 2 2
left_child=28 2 3 4 9 -6 7 21 11 -2 -10 -5 -9 22 15 17 19 -15 -18 -16 27 -4 24 -17 25 -3 -26 -8 -1 -30
right_child=1 13 6 8 5 -7 20 12 10 -11 -12 -13 -14 14 16 23 18 -19 -20 -21 -22 -23 -24 -25 26 -27 -28 -29 29 -31
leaf_value=0.050000977672932968 4.9860823895793798e-06 -0.0036722757372207463 0.0031564515757147556 -0.0038876693179045103 0.001396112540206301 0.021925390055809377 -0.026947785188581614 0.011334328667415093 0.020474476638360863 -0.021556128580181855 -0.0050358376347429939 -0.020497994299253402 -0.0035420458844767585 0.0038905018788529784 0.0041530909601831907 -0.01529519895061671 0.0073446109428362515 0.025324352986871329 -0.0010006622311998544 -0.0094502609809579315 0.0351882252442531 -0.0050506945271503413 -0.079821966124492244 0.011381198422014262 0.0068415511222031482 -0.012530715508636296 -0.0033229172057491598 -0.01301755611447465 0.021058246822853354 0.050000988871200795
leaf_weight=45.492663199718663 37083.343588517819 689.62871836125851 964.1650468558073 571.7597841322422 903.03374914079905 658.07606707373634 163.1765493452549 2444.5009920876473 192.87445939495228 226.69387204485247 647.91027195006609 856.03430236456916 311.64344478398561 316.71753460168839 432.79488438367844 166.52255690097809 1244.3523538038135 460.02000577375293 4301.1872738823295 1671.580767557025 17.384259507060051 1344.5319788753986 6.5372514724731436 46.831407368183136 190.89272475242615 649.43732631206512 1263.7062142416835 72.880810499191284 25.912873452994972 16.741627994004375
leaf_count=2319149 1177255 2924 4023 3318 13145 86929 997 10999 11177 3924 4932 8428 1742 1303 2211 1455 5485 2198 22560 10009 147 5628 27 910 803 2754 6293 401 934205 846640
internal_value=2.24351e-05 -4.07012e-05 0.00021579 -0.000196793 0.000282666 0.0100501 0.00340734 0.00451257 -0.00841212 -0.000126018 0.000816181 -0.0138464 0.00965222 -0.0010823 0.000197189 0.0109767 -0.00119795 0.0165846 0.000871917 -0.00665254 -0.0186799 -0.0016232 -0.00503015 -0.0094397 -0.00485513 -0.00796855 -0.00198899 -0.0226469 0.0414926 0.0324181
internal_weight=57986.4 57898.2 46458 41139.7 38871.1 1561.11 5318.28 5064.84 2268.58 37310 840.785 1427.79 2756.14 11440.2 8640.01 990.092 7649.92 776.738 5545.54 2104.38 253.442 2308.7 2800.2 213.354 2793.66 1339.07 1454.6 236.057 88.1472 42.6545
internal_count=5491971 1391977 1333045 1309108 1281253 100074 23937 22392 27855 1181179 16109 11746 12741 58932 46131 5866 40265 3501 28045 12220 1545 9651 12801 2365 12774 5678 7096 1398 4099994 1780845
is_linear=0
shrinkage=0.05


Tree=145
num_leaves=31
num_cat=0
split_feature=3 0 2 3 3 3 3 1 3 3 3 3 2 3 3 2 0 1 1 0 1 3 3 3 1 1 2 2 0 0
split_gain=57.2595 6.58624 28.4478 127.97 71.4125 31.0517 24.3503 23.8212 21.3366 18.6963 20.3239 19.06 18.1963 26.8758 23.9161 71.1354 18.362 11.7822 11.4378 9.6969 9.55504 9.22824 7.67468 3.10003 2.78766 3.41942 2.71018 3.08555 1.68825 1.23233
threshold=4.0279376260590949 0.71110240231374011 4.267662004847506 5.274536706793838 4.7891154230329027 8.1727008602802069 5.4425259239190353 1.0000000180025095e-35 4.3282302013682576 4.4417685123134873 4.4581192415986566 4.5256398455657729 4.1643283978498689 4.5479117545328309 5.2034845723991019 4.3329479324565865 0.65062298805038576 1.5000000000000002 1.0000000180025095e-35 0.36175671919056113 1.0000000180025095e-35 4.3611859606570134 5.1518164478765893 8.3585725317228619 1.0000000180025095e-35 1.5000000000000002 4.0323590931667415 4.0175483433243269 0.65631567337852459 0.7039405449903855
decision_type=2 2 2 2 2 2 2 2 2 2 2 2 2 2 2 2 2 2 2 2 2 2 2 2 2 2 2 2 2 2
left_child=24 12 9 4 8 6 -5 -6 -4 17 20 -12 18 29 16 -16 -15 21 19 -2 -11 -3 -21 -7 -1 -26 27 -20 -28 -14
right_child=1 2 3 5 7 23 -8 -9 -10 10 11 -13 13 14 15 -17 -18 -19 26 22 -22 -23 -24 -25 25 -27 28 -29 -30 -31
leaf_value=0.050000933499487657 0.044202571008847683 -0.0014022031408083629 0.046330912269016242 -0.023354324870353407 0.013887908531961854 0.029093414119988909 -0.0026964981499915911 0.038412122667818453 0.0042899856306088339 0.0030753166612180055 0.0055841214797262206 -0.020281754711488902 -0.079576058437563171 -0.0044701080355046829 0.019138338658277687 -0.00011064013397121291 0.0030866801608810251 0.050157517749480886 0.071847753244415405 0.0048577157273523913 -0.039246929638006689 0.0083921792738635998 -0.22606512547529839 0.013911695314451803 0.020442300330596734 0.050000938031978574 0.034480853371030372 -0.14032093773239221 0.018242521593473754 -0.047779288576893286
leaf_weight=43.273999121423913 16.149344933764951 2744.3469766946946 31.929299867479131 156.11236708378419 133.30863773197052 55.543767489492893 1654.3638761562179 384.94376985123381 550.91301199106965 16.04338900372386 166.52590439608321 124.44414121285081 9.5809462578035873 5039.4807870598743 485.2058424083516 44441.061850282364 956.43202352081425 11.502324342669452 0.26312952861189742 376.69204034587165 79.03664469148498 263.59372500859899 0.36014854162931342 85.208774220198393 25.372928453383793 15.925144561539126 46.9201839039888 0.49133789210463874 24.294149125853437 4.4683341770432881
leaf_count=2319149 4292 360609 607 2572 92126 320 320054 7904 6786 125 961 600 88 28894 12053 334853 4392 92287 2 71069 474 6704 12 592 934205 846640 24967 164 18431 39
internal_value=2.13942e-05 -3.8698e-05 0.00146634 0.00497165 0.0186002 -0.00271907 -0.00447777 0.0321038 0.00659307 -0.00167545 -0.0120364 -0.00547838 -0.000227783 -0.000317685 -0.000298608 9.72498e-05 -0.00326469 -0.000350753 0.00961644 0.00626215 -0.0321057 -0.000543896 0.00463715 0.0199027 0.0411329 0.0318405 0.0279426 -0.0663246 0.0289413 -0.0694632
internal_weight=57943.8 57859.2 6457.82 3052.32 1101.09 1951.23 1810.48 518.252 582.842 3405.49 386.05 290.97 51401.4 50936.2 50922.2 44926.3 5995.91 3019.44 465.17 393.202 95.08 3007.94 377.052 140.753 84.5721 41.2981 71.9688 0.754467 71.2143 14.0493
internal_count=5491971 1391977 892721 430961 107423 323538 322626 100030 7393 461760 2160 1561 499256 380319 380192 346906 33286 459600 118937 75373 599 367313 71081 912 4099994 1780845 43564 166 43398 127
is_linear=0
shrinkage=0.05


Tree=146
num_leaves=31
num_cat=0
split_feature=3 2 0 3 3 1 3 2 1 1 0 2 3 0 0 1 1 0 2 0 3 0 0 3 3 2 2 3 0 0
split_gain=53.9669 6.07842 6.10286 27.5701 37.6778 12.6292 11.5522 19.8001 29.6082 18.0023 16.8448 10.1492 9.82374 9.94452 4.02992 2.85188 3.42688 1.2549 1.13111 0.971065 0.722197 2.09735 179.24 778.622 0.979908 0.530549 0.00137528 3.57901e-08 1.10495e-08 2.28479e-09
threshold=4.0279376260590949 3.956019297468639 0.95234617998841065 4.2571009610137267 4.3282302013682576 1.0000000180025095e-35 4.6428993089071149 4.2375608875783284 1.0000000180025095e-35 1.5000000000000002 0.69687071811330226 4.20477203786354 4.1836519096534159 0.99955042434302832 0.99999915540540552 1.0000000180025095e-35 1.5000000000000002 0.99964601490463567 4.2987140455362249 0.99999915540540552 4.088410319220233 0.85961733530106088 0.79511588431115821 4.0667163914351434 4.0857241763958845 3.9486247458723072 4.0123302305962882 4.0769440439467477 0.7039405449903855 0.83847095639952507
decision_type=2 2 2 2 2 2 2 2 2 2 2 2 2 2 2 2 2 2 2 2 2 2 2 2 2 2 2 2 2 2
left_child=15 20 6 12 17 -6 9 8 -8 11 -9 -3 14 -14 -4 -1 19 -5 -11 -17 21 22 -2 -24 27 -26 -21 -23 -22 -30
right_child=1 2 3 4 5 -7 7 10 -10 18 -12 -13 13 -15 -16 16 -18 -19 -20 26 28 24 23 -25 25 -27 -28 -29 29 -31
leaf_value=0.050000885811100737 0.050005454264531672 -0.00039362838991141553 0.034164818714377133 0.054271041927126631 0.030116959965688379 0.0046565421431159822 0.0024644148863919111 -0.00032747480548739311 0.024951637448724164 0.050376748279564926 0.0037924543387400905 -0.0071765178810110275 -0.0088244810280235422 0.00084009515611276953 -0.0055706722872157586 0.050001134610982281 0.050000894628248298 0.036213498628769145 0.016716266678254956 0.016590344344614417 0.050006250297695454 0.050003771017326393 0.050002369037988305 -47.98903187271457 -0.041552028910861807 0.050286240555170961 0.050001132323846544 0.050016925077651056 0.050009891802302933 0.05001238344518745
leaf_weight=41.163537771832125 0.33705035975799402 1015.2833253257086 28.514575025925296 46.482006587088108 55.739257770786935 386.01838570367545 626.17141215618176 49764.372588911676 191.03825343449716 15.827192110114995 2611.1710857827275 1207.284013845725 322.10590658849105 1532.7133428230882 8.2203878615691774 2.4087723598604525 15.148478583980248 12.132589704822747 2.96299198642373 22.447687347204923 2.0533566561134649 1.6430734715650039 0.0044488895509857676 0.0010408201633254066 0.54366636229678977 0.22126199095509946 0.003080473921726389 0.75459798867814232 2.6801777810178464 1.4009900036471661
leaf_count=2319149 4419 257154 139163 556 368812 5802 25999 363232 17780 70580 55908 5914 1538 6259 2660 106232 846640 310 384 827837 17061 25366 206 30 400 470 136 2475 13815 5684
internal_value=2.07533e-05 -3.64255e-05 -4.30437e-05 0.00242976 0.0128668 0.00786904 -0.000149743 -1.57856e-06 0.00772123 -0.00366603 -0.000122077 -0.00407805 -0.000331151 -0.000838245 0.025273 0.0407613 0.0312549 0.0505333 0.0450689 0.0198318 0.0396643 0.021559 -0.0959629 -9.05795 0.0342878 -0.014987 0.0165949 0.0500079 0.0500092 0.0500107
internal_weight=57916.8 57835.7 57826 2391.93 500.372 441.758 55434.1 53192.8 817.21 2241.36 52375.5 2222.57 1891.55 1854.82 36.735 81.1716 40.008 58.6146 18.7902 24.8595 9.63966 3.50514 0.34254 0.00548971 3.1626 0.764928 22.4508 2.39767 6.13452 4.08117
internal_count=5491971 1391977 1322051 525100 375480 374614 796951 462919 43779 334032 419140 263068 149620 7797 141823 4099994 1780845 866 70964 934205 69926 33366 4655 236 28711 870 827973 27841 36560 19499
is_linear=0
shrinkage=0.05


Tree=147
num_leaves=31
num_cat=0
split_feature=3 0 2 2 3 0 2 0 3 3 2 3 3 0 0 1 2 3 2 2 1 1 0 0 2 2 2 2 0 2
split_gain=56.3351 150.162 14455.7 12.4192 10.6614 63.5246 1372.77 7.24015 5.90262 5.8817 81.9147 38.3997 32.2842 49.6524 48.901 20.4731 4.75921 4.9264 3.44574 3.12434 2.98739 3.83552 2.58225 2.16097 1.89453 38.4271 1.87148 1.41031 1.30972 1.25074
threshold=4.0769440439467477 0.80200360567754869 3.8323072105371945 3.9468444661052655 4.088410319220233 0.80200360567754869 3.8323072105371945 0.94344475705292619 8.6759645812166841 5.5005232433105204 4.3694752276468831 5.8260591009502205 5.353160555104469 0.40328621957453575 0.8150384491514896 1.0000000180025095e-35 3.9638540945373326 4.0639712580105192 6.7699180945479123 6.3852636378288778 1.0000000180025095e-35 1.5000000000000002 0.93950042227052932 0.63724257348771152 4.0201533196672559 4.0206487993048814 7.4116116357553006 6.5638137176689879 0.94294308484027956 4.0110677293953136
decision_type=2 2 2 2 2 2 2 2 2 2 2 2 2 2 2 2 2 2 2 2 2 2 2 2 2 2 2 2 2 2
left_child=1 2 -1 4 5 6 -2 16 9 12 15 -12 13 -5 -14 -11 -3 22 19 -10 24 29 -18 26 -9 -26 -20 -21 -19 -22
right_child=3 7 -4 8 -6 -7 -8 20 18 10 11 -13 14 -15 -16 -17 17 28 23 27 21 -23 -24 -25 25 -27 -28 -29 -30 -31
leaf_value=0.050002592108506917 0.050009044006127948 0.050003460515449107 121.73623384503763 0.016012626434447997 0.050007955820060825 0.049939328113910608 24.200568211478757 0.050001953704629523 0.010680411247003013 0.0090136393688997063 0.0045412791495457175 -0.00036892837383967854 -0.0041618730618422414 -0.00011587816051029561 -0.10168501823581172 0.044915093621413132 -0.028427493926198505 0.050031968730103904 -0.00017646813691124698 -0.041943413570138546 0.016334754654345831 0.050001265247930138 -0.1200560399722561 -0.050956650598818758 -1.9672626174483197 0.050021197455731595 -0.005735511801294199 -0.018948503345527234 -0.030846075281015423 0.050004591581302486
leaf_weight=0.24300096484991129 0.11180011356191133 3.6269715927471529 0.0024653569998918093 495.38211723161658 3.6224651649317821 0.58807146799517807 0.0062110362923704079 42.152294817575239 7.2622190713882437 57.933939930197084 4500.9523826800578 34513.743458830599 4410.0296306182281 12994.785314666413 12.891685923794283 126.23824846651405 6.3029485049701162 2.6274881259778344 245.49034355580807 9.3828533291816694 26.72269126929314 16.259844136513493 0.87574777677946247 2.4185372442007056 0.024785881796559717 0.49639608820871217 395.0130604878068 23.04462968558073 0.61836403665802198 3.0756564382827483
leaf_count=6117 623 128324 44 12740 25479 1687 38 2266404 42 3790 23917 596806 24147 483640 435 2220 2162 11668 1840 80 961555 883679 434 10 105 1601 2999 198 3875 45312
internal_value=2.85183e-05 0.0369682 1.27217 -3.73282e-05 0.0846523 0.262391 1.32108 0.0340184 -4.3671e-05 1.15714e-05 0.000354581 0.00019754 -0.00073903 0.000476388 -0.00444613 0.0336218 0.000671073 -0.0164929 -0.00466563 -0.0189633 0.0392992 0.0304684 -0.0396055 -0.00378298 0.0488305 -0.0459149 -0.00360486 -0.0256021 0.034624 0.01981
internal_weight=57901.9 103.029 0.245466 57798.9 4.32855 0.706083 0.118011 102.783 57794.6 57112 39198.9 39014.7 17913.1 13490.2 4422.92 184.172 14.0515 10.4245 682.612 39.6897 88.7317 46.0582 7.1787 642.922 42.6735 0.521182 640.503 32.4275 3.24585 29.7983
internal_count=5491971 4311280 6161 1180691 27827 2348 661 4305119 1152864 1147695 626733 620723 520962 496380 24582 6010 146463 18139 5169 320 4158656 1890546 2596 4849 2268110 1706 4839 278 15543 1006867
is_linear=0
shrinkage=0.05


Tree=148
num_leaves=31
num_cat=0
split_feature=3 2 0 3 3 1 3 0 3 0 3 2 3 1 0 0 2 0 3 1 1 0 3 3 2 2 2 3 2 3
split_gain=47.939 13.3922 5.59496 25.616 33.9467 15.522 11.5888 15.1128 10.9463 31.5836 21.6115 13.6188 19.1385 15.7608 6.25114 3.53203 3.4764 2076.33 5961.58 2.96841 3.41428 0.971594 0.183674 0.948755 0.487578 0.00132911 0.000659893 2.18845e-09 2.51484e-09 7.7549e-10
threshold=4.0279376260590949 3.956019297468639 0.96558802471866301 4.2388055889009033 4.3282302013682576 1.0000000180025095e-35 4.1987796469857166 0.99955042434302832 4.204841850850066 0.7816713295973009 4.1987796469857166 4.20477203786354 4.6428993089071149 1.0000000180025095e-35 0.96891556390377831 0.99999915540540552 3.8959860322208582 0.79511588431115821 4.0776221824873993 1.0000000180025095e-35 1.5000000000000002 0.99999915540540552 4.088410319220233 4.0857241763958845 3.9486247458723072 4.0123302305962882 3.934446472567569 4.3611859606570134 3.9379732270598571 4.0769440439467477
decision_type=2 2 2 2 2 2 2 2 2 2 2 2 2 2 2 2 2 2 2 2 2 2 2 2 2 2 2 2 2 2
left_child=19 16 8 6 14 -6 15 -8 9 -3 -11 13 -13 -10 -5 -4 17 29 -19 -1 21 -21 23 26 -25 -23 -18 28 -24 -2
right_child=1 2 3 4 5 -7 7 -9 11 10 -12 12 -14 -15 -16 -17 22 18 -20 20 -22 25 27 24 -26 -27 -28 -29 -30 -31
leaf_value=0.050000803432759061 0.050002794816830655 -1.6468907001049198 0.030817768844106169 0.019199166691507286 0.033596432978580462 0.003872094324513744 -0.013128923409005969 0.00080380472722849029 0.0016145272810528756 -0.0027002755204440453 -0.03688930689385634 -0.0062978433085818259 -6.2040770360994392e-05 0.014188494757601068 0.056125707012306972 -0.0052723469538666244 0.016636407358904187 0.050001957686779265 134.07824487220387 0.050001059508840207 0.050000808949319069 0.015471988807816217 0.0500187864887651 -0.039001032303757462 0.050272374256352663 0.050001025093762801 0.050007263310326823 0.050005654404486261 0.050010209422389651 0.050006115380189925
leaf_weight=37.24679882878263 0.19119517442094114 0.02946542633799154 38.026207148715912 15.13547424180433 50.095721707984922 356.2755824313499 222.93782999366522 1532.8650786951184 906.63713749204544 221.92044360133514 58.382208945709863 1259.8429832869442 52739.962380850789 343.68598222693618 47.208628274267539 8.2501873205110297 0.0014824281242916673 0.0032075270418855904 0.0011191665965670254 2.248775946518438 13.706928106315898 21.720668178237251 0.087784356204793634 0.55903439424582746 0.21055176213849336 0.0027873241051555855 2.1823241311358288 0.25785370341327496 3.2305462108924985 2.1879120157465972
leaf_count=2319149 3761 111 93318 80 355034 5221 1057 6259 93554 223948 3588 6883 438276 91294 768 2660 14 221 22 106232 846640 827837 247 403 470 136 27829 2298 16043 18618
internal_value=2.265e-05 -2.91519e-05 -3.8602e-05 0.00239403 0.0128069 0.00753638 -0.000314317 -0.000965262 -0.000138079 -0.00999333 -0.00982126 -8.80748e-05 -0.000207525 0.00507083 0.0471609 0.0243836 0.0612553 0.11294 34.7185 0.0399911 0.0300962 0.0187151 0.0423893 0.0331614 -0.0145766 0.0154764 0.0499846 0.0500101 0.0500104 0.0500058
internal_weight=57885.1 57810.2 57801.3 2270.79 468.715 406.371 1802.08 1755.8 55530.5 280.332 280.303 55250.1 53999.8 1250.32 62.3441 46.2764 8.91301 2.38343 0.00432669 74.926 37.6792 23.9722 6.52958 2.95339 0.769586 21.7235 2.18381 3.57618 3.31833 2.37911
internal_count=5491971 1391977 1322051 464397 361103 360255 103294 7316 857654 227647 227536 630007 445159 184848 848 95978 69926 22622 243 4099994 1780845 934205 47304 28716 873 827973 27843 18588 16290 22379
is_linear=0
shrinkage=0.05


Tree=149
num_leaves=31
num_cat=0
split_feature=3 2 0 2 3 3 1 3 1 3 0 3 3 2 1 1 3 0 0 2 0 3 2 2 2 3 0 3 2 3
split_gain=45.1371 6.66536 5.58717 32.6186 6.91053 58.8389 48.9364 48.1847 39.9325 29.5483 18.0857 6.41831 29.8504 5.54409 3.02782 3.40956 1.79979 0.997946 0.956305 0.336133 0.230242 0.848207 0.849279 0.219676 0.00130402 5.31147e-06 0.000279549 0.000637134 5.00326e-06 2.06894e-08
threshold=4.0279376260590949 3.956019297468639 0.18954989862812724 4.5731551881208814 7.9844543739244713 7.9583251190734163 1.5000000000000002 7.9941566304452838 1.5000000000000002 7.8949329787267777 0.66471697878931379 7.9844543739244713 8.1727008602802069 4.7327784207308978 1.0000000180025095e-35 1.5000000000000002 6.1545288986217583 0.16732986996238744 0.99999915540540552 4.4527119691926762 0.86451820848946037 4.0857241763958845 3.9486247458723072 3.9468444661052655 4.0123302305962882 4.0776221824873993 0.79511588431115821 4.0445413812924036 3.950465904575748 4.0769440439467477
decision_type=2 2 2 2 2 2 2 2 2 2 2 2 2 2 2 2 2 2 2 2 2 2 2 2 2 2 2 2 2 2
left_child=14 20 3 16 5 9 -7 8 -6 -4 -9 13 -13 -5 -1 18 19 -18 -16 -3 25 29 23 -23 -20 26 -2 -28 -24 -22
right_child=1 2 4 11 7 6 -8 10 -10 -11 -12 12 -14 -15 15 -17 17 -19 24 -21 21 22 28 -25 -26 -27 27 -29 -30 -31
leaf_value=0.050000761551491739 0.050002961146277419 0.045270816693618425 0.0002862589122857359 0.0055057230675907582 -0.010207872278785578 0.020967754398699173 -0.0073405664107225772 0.00054007527643646345 0.023342209749556683 -0.0075947712738878449 0.014448856503335401 0.0089460453777650759 -0.0057689361746283904 -0.0041491546782664711 0.050001009948955982 0.050000773649080538 0.039636380869759291 0.025101930411081077 0.014933604008632841 0.063796911253250266 0.050003246733891296 0.050016769940472973 0.05040740984375558 -0.063753513487088617 0.050000975016985832 0.050008502539714061 0.05000179961157282 0.0041823436768242657 0.050010759059882781 0.050014255974595148
leaf_weight=35.430278928772168 0.18844620236038251 6.5482518845310533 45158.440179138022 157.18431762605906 1678.4162639901042 597.44166944362223 205.06851982325315 4207.7825660482049 93.639110341668129 1221.5142283476889 247.46653426066041 599.24010217189789 811.18257464468479 2750.9086867123842 2.1391039419886537 13.038443018671385 17.073176406789571 38.310293450951576 21.387210377821251 3.9105811566114426 1.4142475094231493 0.046988882444566005 0.12540924540371634 0.4372450040827971 0.0026513873890497966 5.4822821903364316 0.0024561656900914377 0.0010978117082628969 0.21718129067448899 0.61117172945523623
leaf_count=2319149 3792 262 1257321 808 9816 2787 2320 20570 794 5532 1511 2782 4792 12244 106232 846640 186 292 827837 34 25361 141 129 73 136 36849 145 79 1010 2347
internal_value=1.9282e-05 -2.99989e-05 -3.65204e-05 -0.00175238 0.000104333 0.000310954 0.013734 -0.00146118 -0.00843502 7.86953e-05 0.00131264 -0.0022849 0.000482954 -0.0036273 0.0395839 0.029491 0.0331749 0.0295825 0.0181257 0.0521978 0.0441742 0.0325854 -0.0100901 -0.0527135 0.014938 0.0499994 0.049741 0.0358483 0.050156 0.0500066
internal_weight=57874.7 57802.7 57794.1 4384.36 53409.8 47182.5 802.51 6227.3 1772.06 46380 4455.25 4318.52 1410.42 2908.09 71.9977 36.5674 65.8423 55.3835 23.529 10.4588 8.52653 2.85224 0.826824 0.484234 21.3899 5.67428 0.192 0.00355398 0.342591 2.02542
internal_count=5491971 1391977 1322051 21400 1300651 1267960 5107 32691 10610 1262853 22081 20626 7574 13052 4099994 1780845 774 478 934205 296 69926 29061 1353 214 827973 40865 4016 224 1139 27708
is_linear=0
shrinkage=0.05


Tree=150
num_leaves=31
num_cat=0
split_feature=3 2 0 3 3 3 3 3 0 1 0 0 3 0 0 1 1 2 1 0 0 3 2 2 3 0 3 2 3 0
split_gain=42.4761 6.30412 5.2289 21.2764 22.5113 22.6876 11.5694 18.3216 14.6233 13.2629 12.1435 9.5692 19.7393 4.35576 4.29358 3.08527 3.40075 1.63528 1.59052 0.940196 0.235979 0.822955 0.757734 0.00127804 5.6058e-06 0.00029167 0.00063275 4.30554e-06 1.78062e-08 8.74743e-09
threshold=4.0279376260590949 3.956019297468639 0.90262234570724054 4.204841850850066 7.3155776058677429 4.5646085620312933 4.6428993089071149 4.7003439835576311 0.84868432422502627 1.5000000000000002 0.8901857706910391 0.99955042434302832 4.1987796469857166 0.99737792987710405 0.59006474772855433 1.0000000180025095e-35 1.5000000000000002 4.2987140455362249 1.0000000180025095e-35 0.99999915540540552 0.86451820848946037 4.0857241763958845 3.9486247458723072 4.0123302305962882 4.0776221824873993 0.79511588431115821 4.0445413812924036 3.950465904575748 4.0769440439467477 0.71110240231374011
decision_type=2 2 2 2 2 2 2 2 2 2 2 2 2 2 2 2 2 2 2 2 2 2 2 2 2 2 2 2 2 2
left_child=15 20 6 11 5 -5 9 14 -9 10 -3 12 -4 -6 -8 -1 19 -11 -13 -17 24 28 -23 -21 25 -2 -27 -24 -22 -26
right_child=1 2 3 4 13 -7 7 8 -10 17 -12 18 -14 -15 -16 16 -18 -19 -20 23 21 22 27 -25 29 26 -28 -29 -30 -31
leaf_value=0.050000726268491662 0.050002818199543546 -0.0033157012087766816 0.0036063680640664613 0.007893230695730934 -0.0070125256230145414 0.029122102352367615 -0.0040539483047739595 -0.00014551041874606306 0.011268991486463695 0.050415292375874013 -0.019593905659358209 -0.024801501517890828 -0.018883341504034767 0.0047399028116797996 0.01345132616169987 0.050000957644891535 0.050000732604601111 0.0026018130834873829 0.00082073984557059468 0.014405995360231613 0.050003088795277567 -0.04745521748526299 0.050387454944788412 0.050000926919508075 0.050005211366787039 0.050001710785649071 0.0039746273306088898 0.050010231114762299 0.050013560646902926 0.050009545506460411
leaf_weight=33.702347962391286 0.17925607667863785 1718.3829663270844 188.39898608122894 502.54785753460601 211.39192545041442 167.90606632992422 39.542764437734149 52348.366943857895 282.10156441660365 12.448220162859796 122.75393520278158 6.0807993397756936 202.36955789662898 125.73409452289343 306.8343089108821 2.0347806654499463 12.402559578700673 2.0882508261129251 1535.3341037975333 21.070211263573587 1.3452779883918995 0.51000146481965192 0.11933901354495902 0.0025220800307569338 1.7543271582690065 0.0023363811051240182 0.0010974343769281081 0.20659135541063733 0.58137241360964242 3.4606231401268595
leaf_count=2319149 3792 164136 248662 5361 2027 391419 6890 420030 11209 44594 13783 52 1022 945 2500 106232 846640 249 9172 827837 25361 214 129 136 17572 145 79 1010 2347 19277
internal_value=1.84163e-05 -2.84752e-05 -3.46822e-05 0.00201969 0.00791012 0.0132097 -0.000144824 -8.89461e-06 -8.43282e-05 -0.00402542 -0.00440102 -0.00105201 -0.00804051 -0.00262935 0.0114529 0.0391647 0.0288803 0.0435466 0.000719661 0.0175443 0.0439156 0.0320306 -0.00939952 0.0144103 0.0499986 0.0497263 0.0352916 0.0501484 0.0500062 0.0500081
internal_weight=57849.7 57780.4 57772.3 2939.76 1007.58 670.454 54832.5 52976.8 52630.5 1855.67 1841.14 1932.18 390.769 337.126 346.377 69.2124 35.5101 14.5365 1541.41 23.1075 8.16022 2.76258 0.835932 21.0727 5.39764 0.18269 0.00343382 0.32593 1.92665 5.21495
internal_count=5491971 1391977 1322051 658660 399752 396780 663391 440629 431239 222762 177919 258908 249684 2972 9390 4099994 1780845 44843 9224 934205 69926 29061 1353 827973 40865 4016 224 1139 27708 36849
is_linear=0
shrinkage=0.05


Tree=151
num_leaves=31
num_cat=0
split_feature=3 2 2 3 2 3 0 0 0 3 0 3 0 1 3 1 3 1 1 0 0 3 2 2 3 0 3 2 3 0
split_gain=39.9549 5.96053 5.26711 21.8135 18.8299 78.2463 104.062 24.7781 19.8783 98.0373 49.26 10.2487 11.3332 10.9726 9.83578 7.1369 7.1303 3.14054 3.38792 0.923333 0.241745 0.799085 0.680638 0.00125124 5.91643e-06 0.00030402 0.000627771 3.70512e-06 1.53275e-08 7.53117e-09
threshold=4.0279376260590949 3.956019297468639 6.9131038209668318 7.3066052209072385 6.7699180945479123 7.3225632713640296 0.65062298805038576 0.65631567337852459 0.69035327433527816 4.6428993089071149 0.52179196583813592 7.3155776058677429 0.84868432422502627 1.0000000180025095e-35 7.1746477361708756 1.5000000000000002 7.2960267532015175 1.0000000180025095e-35 1.5000000000000002 0.99999915540540552 0.86451820848946037 4.0857241763958845 3.9486247458723072 4.0123302305962882 4.0776221824873993 0.79511588431115821 4.0445413812924036 3.950465904575748 4.0769440439467477 0.71110240231374011
decision_type=2 2 2 2 2 2 2 2 2 2 2 2 2 2 2 2 2 2 2 2 2 2 2 2 2 2 2 2 2 2
left_child=17 20 4 14 8 6 -6 -7 10 -10 -3 12 -5 -13 15 -4 -16 -1 19 -19 24 28 -23 -21 25 -2 -27 -24 -22 -26
right_child=1 2 3 11 5 7 -8 -9 9 -11 -12 13 -14 -15 16 -17 -18 18 -20 23 21 22 27 -25 29 26 -28 -29 -30 -31
leaf_value=0.050000690313951213 0.05000267934496954 0.00044035274043286853 0.057736958415220557 -0.00087171648390133917 0.03531174615372084 -0.00095659627272225037 -0.02107180485790925 0.028255912286400377 -0.00097028824573063921 0.015144428813437284 -0.0039409798609794473 -0.012299150808336816 0.03343959035710499 -0.0006976812939923576 -0.016833387924215289 -0.30512673080223907 -0.045832102301152498 0.050000911976450103 0.050000695106964893 0.013889507794192036 0.050002937609130826 -0.042987887389803782 0.050368485047277915 0.050000881638804652 0.050004956619122187 0.050001624408869516 0.0037771030519108684 0.050009734473940887 0.050012899214879315 0.050009079965312536
leaf_weight=32.058687349048341 0.17051411491541324 32470.754180143951 5.1088866289355783 50.684205178171396 366.89515622134786 1947.8051237571053 105.3241708172136 75.398679383797571 3976.0238042479396 1237.5865285545515 7994.9715448242641 208.4662355883047 45.827659737318754 9122.9210093729198 132.70074949238915 0.13919939845800389 25.227662570890971 1.9355448569731404 11.797688476281108 20.768865218193245 1.2796717864694076 0.5341886340320342 0.11356046266155317 0.0023990787012725381 1.6687758952248257 0.0022224381355044889 0.0010970935785753477 0.19651767960749567 0.55302567030594207 3.291876402843779
leaf_count=2319149 3792 195336 1457 914 68939 14578 2884 6882 430201 413294 131921 3552 272 50245 846 2 728 106232 846640 827837 25361 214 129 136 17572 145 79 1010 2347 19277
internal_value=1.76312e-05 -2.69746e-05 -3.28804e-05 -0.00110291 0.000180151 0.00440949 0.0227359 0.000132065 -5.08936e-05 0.00285496 -0.000425284 -0.000789208 0.0154207 -0.000956862 -0.0192279 0.0481124 -0.0214657 0.0387334 0.0282647 0.0169715 0.0436464 0.0314647 -0.00878392 0.0138937 0.0499976 0.0497109 0.0347246 0.0501411 0.0500059 0.0500077
internal_weight=57840.2 57773.6 57765.8 9591.08 48174.8 2495.42 472.219 2023.2 45679.3 5213.61 40465.7 9427.9 96.5119 9331.39 163.176 5.24809 157.928 66.5632 34.5045 22.7068 7.81145 2.67696 0.844267 20.7713 5.13449 0.173834 0.00331953 0.310078 1.8327 4.96065
internal_count=5491971 1391977 1322051 58016 1264035 93283 71823 21460 1170752 843495 327257 54983 1186 53797 3033 1459 1574 4099994 1780845 934205 69926 29061 1353 827973 40865 4016 224 1139 27708 36849
is_linear=0
shrinkage=0.05


Tree=152
num_leaves=31
num_cat=0
split_feature=3 2 2 3 3 2 1 2 3 1 3 2 0 0 1 0 0 1 1 0 0 3 2 2 3 0 3 2 3 0
split_gain=37.5664 5.63406 5.20406 150.911 55.8385 53.2822 37.2072 34.8937 34.9883 29.2884 24.9335 77.691 22.5995 19.3478 18.584 16.9554 15.4529 3.19343 3.37112 0.905786 0.247454 0.776061 0.614534 0.00122375 6.24391e-06 0.000316587 0.000622221 3.18848e-06 1.31897e-08 6.47472e-09
threshold=4.0279376260590949 3.956019297468639 4.7327784207308978 5.1648431135156008 5.4425259239190353 4.3694752276468831 1.0000000180025095e-35 5.5065052677616686 7.3225632713640296 1.5000000000000002 5.4191623752586162 4.5731551881208814 0.33161813793822242 0.86451820848946037 1.0000000180025095e-35 0.69687071811330226 0.59740168283145612 1.0000000180025095e-35 1.5000000000000002 0.99999915540540552 0.86451820848946037 4.0857241763958845 3.9486247458723072 4.0123302305962882 4.0776221824873993 0.79511588431115821 4.0445413812924036 3.950465904575748 4.0769440439467477 0.71110240231374011
decision_type=2 2 2 2 2 2 2 2 2 2 2 2 2 2 2 2 2 2 2 2 2 2 2 2 2 2 2 2 2 2
left_child=17 20 4 6 10 14 13 16 -9 -7 12 -12 -3 -4 -6 -8 -5 -1 19 -19 24 28 -23 -21 25 -2 -27 -24 -22 -26
right_child=1 2 3 7 5 9 15 8 -10 -11 11 -13 -14 -15 -16 -17 -18 18 -20 23 21 22 27 -25 29 26 -28 -29 -30 -31
leaf_value=0.050000659944371612 0.050002548670428165 0.029950479071241265 -0.018142734535923407 -0.0021213533080335373 0.0090381274491655294 0.0036356028554465924 -0.0043971941767983226 0.003817799042631128 -0.00059924673424242522 0.03067400173024435 -0.02271772506155291 0.0046720277726485749 -0.00040142351603115789 0.04682263084899118 0.039318460566987595 0.043695842240535868 -0.0076669365881596556 0.050000864756118403 0.05000066213078707 0.013384439771271919 0.050002794607506541 -0.039117811960131262 0.050350443653311198 0.050000840118691971 0.050004716080600933 0.050001546189122094 0.0035892812029310428 0.050009257559948908 0.050012269337533312 0.050008636071436879
leaf_weight=30.495186071342687 0.16219845635057456 61.604588592199434 47.179993370547891 12245.507360301912 76.257224657048937 4077.7938298918307 19.704767659306526 5904.6596625952952 18624.795020131627 102.67709051677957 491.83600861724699 546.66517050564289 13717.352295718847 15.137770755696691 151.0176415105816 262.04015199886635 1399.7822164452082 1.8411489055961308 11.222315862954927 20.482404270047486 1.2172648166670117 0.55706192716024805 0.10805977899872232 0.0022820761514584778 1.5873962053956354 0.0021140518074389538 0.001096785697031033 0.1869351367931813 0.52606074723007612 3.1313567730250353
leaf_count=2319149 3792 4502 498 56096 4811 22087 81 441877 109066 1718 3239 2347 565922 54822 2844 6722 45419 106232 846640 827837 25361 214 129 136 17572 145 79 1010 2347 19277
internal_value=1.70665e-05 -2.53762e-05 -3.09968e-05 -0.000366338 0.000640878 0.00558148 0.0325994 -0.000663453 0.000464012 0.0042997 -0.000828802 -0.00829981 -0.000265723 -0.00236183 0.0291585 0.0403323 -0.00269024 0.03829 0.0276451 0.0164078 0.0433672 0.0308912 -0.00821741 0.0133885 0.0499967 0.0496948 0.0341476 0.0501342 0.0500057 0.0500073
internal_weight=57815.5 57751.5 57744 38518.8 19225.2 4407.75 344.063 38174.7 24529.5 4180.47 14817.5 1038.5 13779 62.3178 227.275 281.745 13645.3 64.0433 33.5482 22.3258 7.47954 2.59538 0.852057 20.4847 4.88416 0.165409 0.00321084 0.294995 1.74333 4.71875
internal_count=5491971 1391977 1322051 714581 607470 31460 62123 652458 550943 23805 576010 5586 570424 55320 7655 6803 101515 4099994 1780845 934205 69926 29061 1353 827973 40865 4016 224 1139 27708 36849
is_linear=0
shrinkage=0.05


Tree=153
num_leaves=31
num_cat=0
split_feature=3 1 2 3 2 2 3 2 2 3 0 3 2 3 2 3 0 2 0 0 2 3 3 0 1 1 2 0 0 0
split_gain=35.3046 5.50369 19.8847 33.9658 25.0843 56.4625 19.3427 33.8571 13.3325 16.8218 17.1939 13.2734 12.6529 10.0356 9.33166 8.37603 26.673 9.37243 7.61198 7.50154 6.96739 6.9044 21.1149 17.6523 3.24373 3.35043 2.85532 2.79557 3.49111 1.44541
threshold=4.0279376260590949 1.0000000180025095e-35 5.0886041562929067 5.7067114346293515 6.951795789371034 6.7181411010310894 5.4425259239190353 5.2713098734200639 4.8213945277212966 6.1545288986217583 0.16732986996238744 5.4425259239190353 4.0615743271509634 7.6470605825873621 5.093775385836012 4.1836519096534159 0.9568572753472937 4.1394526399019833 0.52179196583813592 0.64585011427259731 4.0718246701414893 5.8260591009502205 5.5964199315372811 0.32171717521238496 1.0000000180025095e-35 1.5000000000000002 4.0095978040567433 0.9799861889585838 0.89807491427866115 0.96766673716627849
decision_type=2 2 2 2 2 2 2 2 2 2 2 2 2 2 2 2 2 2 2 2 2 2 2 2 2 2 2 2 2 2
left_child=24 2 8 6 5 -5 7 -4 21 11 -11 -10 26 -6 -8 16 20 19 -19 -17 -14 22 -2 -23 -1 -26 27 28 -3 -18
right_child=1 12 3 4 13 -7 14 -9 9 10 -12 -13 15 -15 -16 17 29 18 -20 -21 -22 23 -24 -25 25 -27 -28 -29 -30 -31
leaf_value=0.050000624885992384 0.00027155039840410475 -0.063697998753051766 0.0064197242845928692 0.0015103779447025146 -0.035261763270728261 0.024630625306623008 -0.045243111554813219 -0.24833611948029946 0.00043188849130370292 -0.018361543891251646 0.0092598107157461015 -0.0090794932123875721 -0.17476177006523766 -0.0084410777439568683 0.031908461798474619 0.042688342872911192 0.0085286012806871092 0.00010388530221533849 -0.001321712957328503 0.0080729402870610839 -0.04645123835104098 -0.0013227743968421918 0.0092806170044007884 -0.026421117369836357 0.015853822975909058 0.050000631159305378 0.030898862262784599 -0.11433593840754255 0.051056664779969022 0.064611449190860176
leaf_weight=29.007937732685605 6777.4799384541475 1.1190569702284845 100.58494166792661 2641.9429949471887 44.688763027952518 293.39308492268901 4.0059690028429022 1.3213237330783147 539.24944488388428 66.581668704748154 366.30800984799862 1147.0299547612667 1.1100261883111731 158.85827256552875 181.17588706943206 20.117252025142079 1.4032403703167791 30128.666174696962 13585.954379894189 70.50369716930436 22.573379157925956 732.41657914803363 719.42038036423037 77.466996252536774 21.963625308329938 10.675003351459962 38.820863623419427 0.60667769717110775 1.6254585139777189 6.337749330123188
leaf_count=2319149 310541 10 81376 342198 2164 102514 22 29 14292 291 2378 5634 267 906 1554 16452 216 143756 80108 14616 536 5597 7102 418 934205 846640 226540 826 26875 4759
internal_value=1.66299e-05 -2.37533e-05 0.000845139 0.0041499 0.00264427 0.0038213 0.0206118 0.00311654 -0.000240808 -0.0037808 0.00501144 -0.00603788 -0.00029805 -0.0143296 0.0302395 -0.000324385 -0.0261291 -0.000305873 -0.000339173 0.0157573 -0.0524651 0.000662291 0.00113608 -0.00372348 0.0378347 0.0270221 0.0270763 -0.0172047 0.00426625 0.0544451
internal_weight=57792.4 57730.8 13851.9 3425.97 3138.88 2935.34 287.088 101.906 10426 2119.17 432.89 1686.28 43878.8 203.547 185.182 43836.7 31.4244 43805.2 43714.6 90.6209 23.6834 8306.78 7496.9 809.884 61.6466 32.6386 42.1721 3.35119 2.74452 7.74099
internal_count=5491971 1391977 877016 530763 447782 444712 82981 81405 346253 22595 2669 19926 514961 3070 1576 260710 5778 254932 223864 31068 803 323658 317643 6015 4099994 1780845 254251 27711 26885 4975
is_linear=0
shrinkage=0.05


Tree=154
num_leaves=31
num_cat=0
split_feature=3 2 0 2 0 2 1 2 2 3 3 3 2 3 0 1 1 2 2 0 0 3 2 2 3 0 3 2 3 0
split_gain=33.1627 5.32165 5.11255 19.9432 13.9741 68.0189 22.8008 15.0998 12.355 72.7208 32.5099 10.1175 21.7368 15.0883 4.70517 3.29141 3.32622 3.24491 1.21175 0.901808 0.253161 0.753997 0.557489 0.00121476 6.59434e-06 0.000329596 0.000616414 2.74159e-06 1.13438e-08 5.57523e-09
threshold=4.0279376260590949 3.956019297468639 0.2632453871837514 4.4128032160370898 0.3109700072263431 4.5407320249418399 1.0000000180025095e-35 4.6163750795325784 5.8065205138007423 6.6192327316390651 5.8260591009502205 6.5337081385214217 5.0257894490011461 6.6878875668217104 0.20746273059816209 1.0000000180025095e-35 1.5000000000000002 4.3694752276468831 4.267662004847506 0.99999915540540552 0.86451820848946037 4.0857241763958845 3.9486247458723072 4.0123302305962882 4.0776221824873993 0.79511588431115821 4.0445413812924036 3.950465904575748 4.0769440439467477 0.71110240231374011
decision_type=2 2 2 2 2 2 2 2 2 2 2 2 2 2 2 2 2 2 2 2 2 2 2 2 2 2 2 2 2 2
left_child=15 20 3 14 5 6 -4 -7 10 -10 -6 12 -5 -13 18 -1 19 -16 -3 -17 24 28 -23 -21 25 -2 -27 -24 -22 -26
right_child=1 2 4 11 8 7 -8 -9 9 -11 -12 13 -14 -15 17 16 -18 -19 -20 23 21 22 27 -25 29 26 -28 -29 -30 -31
leaf_value=0.050000595913123815 0.05000242386150118 -0.018369342791123736 0.0044520968198463106 0.0002947450861127046 2.7600289229468202e-05 -0.011716219460105183 0.024883075194424197 0.0012122101825237036 0.04000776011973723 0.00071193613728603902 -0.004666697189124591 -0.0088668765970602199 0.018140961714702142 -0.0013521081539011955 0.026192265137005295 0.050000816343604031 0.050000599062991605 0.0072577718931781431 0.047603326343952909 0.012298041924048635 0.050002659043097308 -0.035758903471080933 0.050333198347681574 0.050000787312687603 0.050004483935175592 0.050001470822449268 0.0033971887927338727 0.050008806081321439 0.050011669389840585 0.05000821404037982
leaf_weight=27.593219026672159 0.15424642793027987 0.72763448546902765 203.14003815653268 1984.8586418435443 21720.681176581173 238.12663429230452 416.61835065446212 4380.4526409804821 118.64628240181628 15330.519702566322 4442.5439091944136 730.09024155326188 186.6721231341362 7848.7838751375675 41.649795304620056 1.7238105043761631 10.154383395642073 49.543259599711746 16.021918921265751 19.892233128553929 1.1575868466170507 0.57855003824806761 0.10279624123359099 0.0021366369765009044 1.5095748427411306 0.0020104052164242594 0.0010964871795222653 0.17777150185429491 0.50027449085609976 2.9778546407907482
leaf_count=2319149 3792 161 6218 10455 704290 1260 5147 20996 306021 200252 21948 3358 907 37339 2654 106232 846640 604 441 827837 25361 214 129 136 17572 145 79 1010 2347 19277
internal_value=1.61296e-05 -2.2289e-05 -2.76375e-05 -0.0010052 0.000198926 0.00263275 0.0181864 0.000545641 -0.000107453 0.00101372 -0.000769496 -0.00121992 0.00182887 -0.00199164 0.0203794 0.0373673 0.0263957 0.0159056 0.0447373 0.0153081 0.0430756 0.0303053 -0.00771036 0.0123021 0.0499958 0.0496777 0.0335538 0.0501277 0.0500054 0.050007
internal_weight=57775.6 57716.2 57709.1 10858.3 46850.7 5238.34 619.758 4618.58 41612.4 15449.2 26163.2 10750.4 2171.53 8578.87 107.943 59.3658 31.7726 91.1931 16.7496 21.6182 7.16176 2.51698 0.859118 19.8944 4.64478 0.157353 0.00310689 0.280568 1.65786 4.48743
internal_count=5491971 1391977 1322051 55919 1266132 33621 11365 22256 1232511 506273 726238 52059 11362 40697 3860 4099994 1780845 3258 602 934205 69926 29061 1353 827973 40865 4016 224 1139 27708 36849
is_linear=0
shrinkage=0.05


Tree=155
num_leaves=31
num_cat=0
split_feature=3 1 2 3 2 2 3 2 3 0 2 3 2 0 3 3 2 3 3 0 2 0 0 2 1 1 2 0 0 0
split_gain=31.1372 5.14629 18.368 31.1385 22.7772 51.7257 18.1348 26.6563 11.8945 27.364 23.4449 33.9098 11.7602 11.2895 10.6556 8.59825 8.54141 8.29163 7.50542 24.0442 8.58617 7.25963 7.12042 4.53427 3.33593 3.29801 2.67018 2.21249 3.18054 1.42798
threshold=4.0279376260590949 1.0000000180025095e-35 5.0886041562929067 5.7067114346293515 6.951795789371034 6.742726673005488 5.4425259239190353 5.1322104889489637 5.353160555104469 0.5042456314692344 4.4128032160370898 5.4425259239190353 4.0615743271509634 0.63038439834193272 5.0481237364455485 7.6470605825873621 5.093775385836012 4.8348920329238334 4.1836519096534159 0.9568572753472937 4.1394526399019833 0.64585011427259731 0.52179196583813592 4.0718246701414893 1.0000000180025095e-35 1.5000000000000002 4.0095978040567433 0.9799861889585838 0.89807491427866115 0.96766673716627849
decision_type=2 2 2 2 2 2 2 2 2 2 2 2 2 2 2 2 2 2 2 2 2 2 2 2 2 2 2 2 2 2
left_child=24 2 8 6 5 -5 7 -4 9 14 11 -10 26 -12 -2 -6 -8 -11 19 23 21 -20 -22 -14 -1 -26 27 28 -3 -21
right_child=1 12 3 4 15 -7 16 -9 10 17 13 -13 18 -15 -16 -17 -18 -19 20 29 22 -23 -24 -25 25 -27 -28 -29 -30 -31
leaf_value=0.050000564016338039 0.015969649368712792 -0.058697546890471013 0.025836982010848709 0.0015825872476537301 -0.032621548140375517 0.024608621147291392 -0.042018501566080925 -0.02569982917286423 -0.026235558437563922 0.0017721548593001499 -0.00055276141536441282 0.0046632275925968343 -0.13922259624785235 -0.015075280850904087 0.0051086298449495131 -0.0080499202889962786 0.031019221407716225 -0.0032536316215319495 0.042358763615434503 0.0081246183881466417 0.00010319859588243791 0.0077141960071215685 -0.0012757058340799286 -0.043811752178667604 0.014774804966959171 0.050000569988262494 0.030293435643331174 -0.096820606578030322 0.051009164625826865 0.064155561116724227
leaf_weight=26.247497424474204 272.94650880764766 1.1527805345540398 56.584823440483888 2660.6098702345625 45.906967210175935 268.51251531415619 4.0954476892948142 45.078308180876775 223.45631819684058 1483.3903596433147 5014.8308274522424 147.34284352436953 1.3173982551670693 137.49192045629025 1308.1480930129255 158.61427156254649 177.14707356618601 1836.9636180823727 19.280604389845394 1.3992303661798349 30121.837438255592 70.09152240610274 13584.350333888666 22.733114618924446 21.290879863401642 9.6591539010569267 37.645267420413802 0.67853375042977848 1.5475456757940262 6.0702916535665281
leaf_count=2319149 12153 10 36074 347864 2164 96848 22 45331 2806 264421 27672 5964 267 689 12198 906 1554 20350 16452 216 143756 14616 80108 536 934205 846640 226540 826 26875 4759
internal_value=1.5537e-05 -2.10088e-05 0.000819579 0.00400121 0.00256697 0.00369338 0.0198877 0.00298512 -0.000223169 0.00156968 -0.00181422 -0.0139574 -0.000286228 -0.000940301 0.00698358 -0.0135653 0.0293688 -0.00100833 -0.000311275 -0.0247011 -0.000293722 0.0151882 -0.00032538 -0.049038 0.0368883 0.0257684 0.0264718 -0.0161067 0.00417491 0.0536595
internal_weight=57766.4 57709.2 13841.1 3416.55 3133.64 2929.12 282.906 101.663 10424.6 4901.45 5523.12 370.799 43868.1 5152.32 1581.09 204.521 181.243 3320.35 43827.1 31.52 43795.6 89.3721 43706.2 24.0505 57.1975 30.95 41.0241 3.37886 2.70033 7.46952
internal_count=5491971 1391977 877016 530763 447782 444712 82981 81405 346253 309122 37131 8770 514961 28361 24351 3070 1576 284771 260710 5778 254932 31068 223864 803 4099994 1780845 254251 27711 26885 4975
is_linear=0
shrinkage=0.05


Tree=156
num_leaves=31
num_cat=0
split_feature=3 0 3 3 3 3 3 3 3 3 3 2 1 0 3 1 3 0 3 0 0 0 1 0 1 1 2 2 1 2
split_gain=29.22 5.21647 18.2513 19.664 19.4708 21.2781 14.1778 9.39008 17.0037 13.4809 77.774 48.8378 12.0751 10.8436 11.7804 9.23736 9.12103 8.56591 18.3635 14.9667 7.47108 7.00007 4.63329 3.85721 3.37748 3.26653 1.6157 9.41647 1.44404 0.949011
threshold=4.0279376260590949 0.90262234570724054 4.204841850850066 7.3155776058677429 4.5646085620312933 5.274536706793838 4.4682616670769155 4.6428993089071149 4.7891154230329027 5.067456612105917 5.0481237364455485 4.2987140455362249 1.5000000000000002 0.8901857706910391 4.4417685123134873 1.5000000000000002 4.3282302013682576 0.99955042434302832 4.1987796469857166 0.98267727631497137 0.53076276947933909 0.91748323239899976 1.0000000180025095e-35 0.99737792987710405 1.0000000180025095e-35 1.5000000000000002 4.2987140455362249 4.3329479324565865 1.0000000180025095e-35 4.5731551881208814
decision_type=2 2 2 2 2 2 2 2 2 2 2 2 2 2 2 2 2 2 2 2 2 2 2 2 2 2 2 2 2 2
left_child=24 7 17 4 6 -6 -4 12 15 10 -10 -11 13 14 -2 20 -15 18 19 -3 -9 -20 -5 -24 -1 -26 -14 -28 -19 -17
right_child=1 2 3 22 5 -7 -8 8 9 11 -12 -13 26 16 -16 29 -18 28 21 -21 -22 -23 23 -25 25 -27 27 -29 -30 -31
leaf_value=0.050000540260501748 0.0022874519759380567 0.00093782703846830278 0.010462861903434756 0.059491949232654273 0.049215519818408764 0.012213880045303507 -0.017840529268120693 0.039039199615897413 0.00065797851799870516 0.015613223762226828 -0.018178803547279628 -8.0660627652863796e-05 0.050407575643196291 -0.0036228203770426633 -0.0062093950421649481 0.045787804932876992 -0.030899996342960246 -0.023293428135239103 0.023677024038821354 0.073278503417081045 0.0052528140259992216 -0.020035254069080549 -0.0070175339634372808 0.0040989146960999636 0.014250485624845153 0.050000540547745068 -0.23277547880351832 0.050483515341628919 0.00096779819394018137 -0.0085329347827543794
leaf_weight=24.967404284297118 662.67098542108579 180.32921114921555 452.74220259540016 3.0054281279444686 66.978575916902628 92.528217221595696 49.038171449676156 16.644547018622688 2683.9327754703481 500.8876955476735 688.55748205809505 48035.550499920268 11.620956148643016 56.985831891386624 1061.1567166970926 16.087072190246548 66.305932117626071 6.1578973633004344 9.6192972906865162 7.445122039604029 964.31487736027339 191.28921320254449 209.07452988624573 124.50182371586561 20.978638059474179 9.1880766841195527 0.35299010667949859 1.7380060562863944 1534.3949384160587 0.84634553082287212
leaf_count=2319149 170199 246150 3965 23 93291 298128 1396 5613 27611 17970 4366 371452 44594 21155 42775 2952 357 52 56 14230 12220 966 2016 933 934205 846640 50 199 9172 86
internal_value=1.50779e-05 -1.96898e-05 0.00203683 0.0075266 0.0125341 0.0277513 0.00769682 -0.000129602 -6.81879e-06 -0.000131101 -0.00318791 8.12976e-05 -0.00362056 -0.00396759 -0.00294305 0.00645813 -0.0182924 -0.00080267 -0.00743559 0.00380608 0.00582609 -0.0179424 -0.00231167 -0.0028685 0.0363976 0.0251391 0.0431272 0.00266534 0.000870821 0.0430728
internal_weight=57749.9 57694.8 2927.1 997.869 661.287 159.507 501.78 54767.7 52906.8 51908.9 3372.49 48536.4 1860.83 1847.12 1723.83 997.893 123.292 1929.24 388.683 187.774 980.959 200.909 336.582 333.576 55.1341 30.1667 13.712 2.091 1540.55 16.9334
internal_count=5491971 1391977 670378 399752 396780 391419 5361 721599 442270 421399 31977 389422 279329 234486 212974 20871 21512 270626 261402 260380 17833 1022 2972 2949 4099994 1780845 44843 249 9224 3038
is_linear=0
shrinkage=0.05


Tree=157
num_leaves=31
num_cat=0
split_feature=3 2 0 3 3 1 3 0 3 3 0 0 2 3 0 0 1 1 0 0 0 3 2 2 3 0 3 2 3 0
split_gain=27.4073 4.9989 4.96854 19.9385 32.4034 12.9452 9.30358 11.4668 9.08435 17.883 26.4611 15.966 12.1474 8.76892 6.39483 4.15159 3.41569 3.23162 2.9688 0.907762 0.259381 0.735781 0.509612 0.00121917 7.04088e-06 0.000346262 0.000614043 2.33097e-06 9.64627e-09 4.75762e-09
threshold=4.0279376260590949 3.956019297468639 0.96558802471866301 4.2388055889009033 4.3282302013682576 1.0000000180025095e-35 4.1987796469857166 0.99955042434302832 4.204841850850066 4.1987796469857166 0.78793594737143458 0.90047523954189757 4.0771750096418584 4.2207569218799978 0.96891556390377831 0.64140813395837248 1.0000000180025095e-35 1.5000000000000002 0.99999915540540552 0.99999915540540552 0.86451820848946037 4.0857241763958845 3.9486247458723072 4.0123302305962882 4.0776221824873993 0.79511588431115821 4.0445413812924036 3.950465904575748 4.0769440439467477 0.71110240231374011
decision_type=2 2 2 2 2 2 2 2 2 2 2 2 2 2 2 2 2 2 2 2 2 2 2 2 2 2 2 2 2 2
left_child=16 20 8 6 14 -6 18 -8 9 10 -3 -11 15 -14 -5 -10 -1 19 -4 -18 24 28 -23 -21 25 -2 -27 -24 -22 -26
right_child=1 2 3 4 5 -7 7 -9 12 11 -12 -13 13 -15 -16 -17 17 -19 -20 23 21 22 27 -25 29 26 -28 -29 -30 -31
leaf_value=0.050000510226821372 0.050002296065672719 -1.3760975568747231 0.028260745304574321 0.017617809843383733 0.031705313325230917 0.0032048740165751405 -0.011362909128703505 0.0008571572638647921 0.029111807982040508 -0.078896477769511697 -0.0023696645882826219 -0.018622928471941982 0.047766582897366218 -0.00012113153377875706 0.055279996672819555 0.0094208503238777889 0.050000750784768178 0.05000051980484569 -0.0050763581978528483 0.010707414235966665 0.050002520761430684 -0.033111594970300029 0.050315615358347533 0.050000726751379988 0.0500042392851218 0.050001393696522567 0.0030259040722241115 0.050008341994853982 0.050011054464214257 0.050007781829105362
leaf_weight=23.749742565680208 0.14612970153995164 0.035060282240009566 37.177693578669277 15.039966483134775 44.918791947842692 352.55395851819776 219.45901571307331 1532.6444626301527 33.305096076688642 14.616705820117202 221.65234775470526 44.245861401082948 9.5612263114890066 54957.59805738549 44.974850868224166 136.38418621456731 1.5928321540795902 8.7399728526033886 8.1406066518102289 19.087008848318877 1.0990551493014211 0.59668035064532876 0.097422383332741447 0.0019742911827042011 1.4272355929351763 0.001904612046928377 0.0010959568219205407 0.16841802577255294 0.47395397094078351 2.8211725429356584
leaf_count=2319149 3792 124 93318 80 355034 5221 1057 6259 27712 3456 223826 241 164 498515 768 103616 106232 846640 2660 827837 25361 214 129 136 17572 145 79 1010 2347 19277
internal_value=1.45266e-05 -1.85502e-05 -2.36169e-05 0.00227708 0.0115965 0.00642574 -9.49309e-05 -0.000673462 -0.000117231 -0.00909172 -0.00258692 -0.03359 -7.15667e-05 -0.000112802 0.0458417 0.0132856 0.0358955 0.0245096 0.0222723 0.0137374 0.042745 0.029655 -0.00745821 0.0107115 0.0499947 0.0496571 0.0328436 0.0501209 0.0500051 0.0500066
internal_weight=57732.3 57679.1 57672.3 2254.91 457.488 397.473 1797.42 1752.1 55417.4 280.55 221.687 58.8626 55136.8 54967.2 60.0148 169.689 53.1715 29.4218 45.3183 20.6818 6.83307 2.43553 0.862521 19.089 4.39754 0.14913 0.00300057 0.26584 1.57301 4.24841
internal_count=5491971 1391977 1322051 464397 361103 360255 103294 7316 857654 227647 223950 3697 630007 498679 848 131328 4099994 1780845 95978 934205 69926 29061 1353 827973 40865 4016 224 1139 27708 36849
is_linear=0
shrinkage=0.05


Tree=158
num_leaves=31
num_cat=0
split_feature=3 3 3 3 3 1 3 1 0 0 3 0 2 3 2 0 0 1 1 2 2 2 0 1 0 3 2 2 0 2
split_gain=25.695 4.84714 5.53542 29.8857 39.898 37.6663 27.7294 22.8177 29.1041 21.3925 18.8075 25.3436 20.789 14.9899 12.4059 9.46562 6.25633 3.45019 3.19313 3.16259 2.91102 2.06938 6.0516 4.04936 1.90507 1.98258 1.47025 2.13754 0.884812 0.462273
threshold=4.0279376260590949 8.6759645812166841 7.9941566304452838 7.9844543739244713 7.9583251190734163 1.5000000000000002 7.8949329787267777 1.5000000000000002 0.22420405234085827 0.89807491427866115 8.1727008602802069 0.49406175338830077 7.3099056398307338 8.087379022400345 5.9518200102761609 0.66471697878931379 0.49406175338830077 1.0000000180025095e-35 1.5000000000000002 6.7699180945479123 6.3852636378288778 7.4116116357553006 0.16732986996238744 1.0000000180025095e-35 0.23861068514325282 8.8967317489701152 6.742726673005488 6.5638137176689879 0.99999915540540552 6.2840647075723846
decision_type=2 2 2 2 2 2 2 2 2 2 2 2 2 2 2 2 2 2 2 2 2 2 2 2 2 2 2 2 2 2
left_child=17 2 3 4 6 -6 -2 8 -5 -9 12 14 13 -4 -12 -13 -14 -1 28 20 29 24 -23 -24 25 -21 27 -22 -19 -3
right_child=1 19 10 7 5 -7 -8 9 -10 -11 11 15 16 -15 -16 -17 -18 18 -20 21 26 22 23 -25 -26 -27 -28 -29 -30 -31
leaf_value=0.050000487058020397 0.00012346429100761413 -0.0013691392754075537 0.0042959982606690008 0.004572818234504286 0.015268229232324721 -0.008348628676303177 -0.0072454813117176055 0.021837800664255572 -0.010324026632408487 -0.075512550777037835 -0.034952788004950969 0.0044878408734072119 -0.016339092296932804 0.017096026264414661 -0.0020866185807564531 0.01696743587350065 -2.8468776563345013e-05 0.050000713168044969 0.05000049088441693 -0.0058355143078098947 -0.040980637189163803 -0.03040257450033795 -0.035327197366269325 -0.0031974282121322202 0.023910065405025483 0.0034180397405344787 -0.056192624412652742 -0.011539405426884839 0.010288372907218164 0.023884493921275875
leaf_weight=22.591465538236662 47755.453761596968 3.8658539354801169 448.32969653606415 414.84946702420712 769.44471989199519 216.28672869130969 1311.7091727368534 101.68883439898491 1563.8540365323424 5.9747736752033225 29.012636795639992 602.89773788675666 76.452563524246216 466.95453713834286 2775.6650361120701 203.14270187541842 254.51179199665785 1.5151498647537689 8.3137235751855787 101.94267739355564 9.0514260530471855 23.174186766147614 10.079551503062246 361.91438810527325 8.2166481316089612 133.92754039913416 3.2990727648138991 19.333846211433411 18.88561379728344 3.4111026674509048
leaf_count=2319149 1339899 22 1934 2124 3501 2365 5947 828 9234 34 134 2669 346 2014 13311 1277 1191 106232 846640 753 80 238 75 2696 56 1031 34 164 827973 20
internal_value=1.40097e-05 -1.74534e-05 3.2548e-05 -0.000117843 0.000126556 0.0100863 -7.35292e-05 -0.00598109 -0.0072008 0.0164354 0.00164699 -0.000180935 0.00694298 0.0108262 -0.0024266 0.00763302 -0.00379621 0.0353825 0.0238817 -0.00421949 -0.0180497 -0.00337657 -0.00561238 -0.00406802 0.00024312 -0.000581329 -0.0245995 -0.0209276 0.0132378 0.0104686
internal_weight=57725.8 57674.4 56996.2 52139.3 50052.9 985.731 49067.2 2086.37 1978.7 107.664 4856.97 3610.72 1246.25 915.284 2804.68 806.04 330.964 51.306 28.7145 678.216 38.9613 639.255 395.168 371.994 244.087 235.87 31.6843 28.3853 20.4008 7.27696
internal_count=5491971 1391977 1386808 1363932 1351712 5866 1345846 12220 11358 862 22876 17391 5485 3948 13445 3946 1537 4099994 1780845 5169 320 4849 3009 2771 1840 1784 278 244 934205 42
is_linear=0
shrinkage=0.05


Tree=159
num_leaves=31
num_cat=0
split_feature=3 0 2 0 2 0 3 2 3 0 1 3 3 3 2 2 0 0 3 3 2 3 3 0 1 1 2 1 3 2
split_gain=24.0774 4.94321 18.0286 12.5304 61.56 21.4166 23.5286 13.6011 32.625 14.7033 12.9716 12.4544 52.9574 65.969 60.0327 46.6385 38.0324 13.6835 10.0121 14.7643 17.2052 13.4924 8.33965 4.58866 3.48104 3.15153 3.02517 6.36975 1.87423 1.19611
threshold=4.0279376260590949 0.2632453871837514 4.4128032160370898 0.3109700072263431 4.5407320249418399 0.28089262762801198 5.8260591009502205 4.6163750795325784 5.8610710426134149 0.27128003979797599 1.0000000180025095e-35 7.3233027137203726 7.3225632713640296 7.2579402070459418 6.8607775849798927 6.8216647299719035 0.33161813793822242 0.44346840764792678 5.9160942342697309 6.5337081385214217 5.0257894490011461 6.6878875668217104 5.7622085907676386 0.20746273059816209 1.0000000180025095e-35 1.5000000000000002 4.3694752276468831 1.0000000180025095e-35 5.8260591009502205 4.267662004847506
decision_type=2 2 2 2 2 2 2 2 2 2 2 2 2 2 2 2 2 2 2 2 2 2 2 2 2 2 2 2 2 2
left_child=24 2 23 4 5 6 -3 9 -9 -6 -7 12 13 -5 -14 16 -13 -17 22 20 -20 -21 -4 29 -1 -26 27 -25 -24 -2
right_child=1 3 18 11 7 10 -8 8 -10 -11 -12 15 14 -15 -16 17 -18 -19 19 21 -22 -23 28 26 25 -27 -28 -29 -30 -31
leaf_value=0.050000462200488219 -0.018524148730940472 0.029745071293190907 -0.09473115480390859 -0.00054274832547905377 0.011119408457319234 -0.0053571067408608218 -0.042365129011930465 0.024370777632512306 0.00036864032989265784 -0.0180023229241669 0.015888956286743385 -0.0052234860213495543 -0.018437865254999349 0.011693279482705913 -0.00014302626210254654 -0.0029407491994917065 0.011930583827065104 0.0013187396061810741 0.0013582942476613549 -0.0084185370240669501 0.017318902237820521 -0.001315475176211008 0.0013978472441637862 0.0066588914765269378 0.012749884606386493 0.050000467368161841 0.0068402043969538213 0.046453426701480546 -0.01552865087781786 0.047155385526787837
leaf_weight=21.489676516420332 0.7260048257303432 289.10275956215628 3.1963607277721158 28504.05264036484 56.870970875024796 112.43308770082513 11.772723540663717 146.47693596035242 4231.7243136912584 182.21544226258993 198.99389702212648 407.94617849588394 861.0197679232806 1145.8163212111685 935.70663323509507 2953.9256190359592 1553.8686117571779 5212.7682772106491 1854.8207401027903 730.8474411573261 185.75973958522081 7844.213902041316 19.284244898706675 21.460004662476422 20.133573305887698 7.9082623816530022 49.205905355047435 18.922533935139654 107.63555417768657 15.334709700895473
leaf_count=2319149 161 5002 33 1127289 264 3680 63 880 20116 996 2844 1682 5815 98381 19369 14539 6894 28243 9606 3358 907 37339 178 2137 934205 846640 604 518 638 441
internal_value=1.33133e-05 -1.66219e-05 -0.000978131 0.000206299 0.00251299 0.0174099 0.0269235 0.000537504 0.00117165 -0.0110752 0.00821859 -8.38527e-05 -0.000574987 -6.98882e-05 -0.0089102 0.001441 0.00836351 -0.000221934 -0.00118021 -0.00101124 0.00281123 -0.00192086 -0.0149657 0.0195757 0.0348588 0.0232552 0.0151637 0.0253059 -0.0129568 0.0441864
internal_weight=57705.6 57656.1 10851.4 46804.7 5229.59 612.302 300.875 4617.29 4378.2 239.086 311.427 41575.1 31446.6 29649.9 1796.73 10128.5 1961.81 8166.69 10745.8 10615.6 2040.58 8575.06 130.116 105.649 49.5315 28.0418 89.5884 40.3825 126.92 16.0607
internal_count=5491971 1391977 55920 1336057 33845 11589 5065 22256 20996 1260 6524 1302212 1250854 1225670 25184 51358 8576 42782 52059 51210 10513 40697 849 3861 4099994 1780845 3259 2655 816 602
is_linear=0
shrinkage=0.05


Tree=160
num_leaves=31
num_cat=0
split_feature=3 2 1 2 3 2 3 0 2 0 3 3 3 0 1 1 2 0 0 0 3 2 2 2 3 0 3 2 3 0
split_gain=22.5484 4.72316 4.58757 32.7453 14.452 73.0953 21.0673 5.75458 16.3535 10.4457 39.0343 16.1341 9.65282 4.4787 3.50832 3.1073 1.11855 1.93764 0.872704 0.2647 0.714168 0.465157 0.00324156 0.00121243 7.41678e-06 0.000358979 0.000606128 2.00845e-06 8.31293e-09 4.09806e-09
threshold=4.0279376260590949 3.956019297468639 1.5000000000000002 4.3694752276468831 6.6878875668217104 5.164810817739462 7.1746477361708756 0.2632453871837514 4.4128032160370898 0.52179196583813592 5.0481237364455485 8.1727008602802069 5.9160942342697309 0.20746273059816209 1.0000000180025095e-35 1.5000000000000002 4.2987140455362249 0.74170919510953437 0.99999915540540552 0.86451820848946037 4.0857241763958845 3.9486247458723072 4.20477203786354 4.0123302305962882 4.0776221824873993 0.79511588431115821 4.0445413812924036 3.950465904575748 4.0769440439467477 0.71110240231374011
decision_type=2 2 2 2 2 2 2 2 2 2 2 2 2 2 2 2 2 2 2 2 2 2 2 2 2 2 2 2 2 2
left_child=14 19 7 16 5 -5 -6 8 13 10 -9 -11 -10 -3 -1 18 22 -18 -16 24 28 -22 -4 -20 25 -2 -27 -23 -21 -26
right_child=1 2 3 4 6 -7 -8 9 12 11 -12 -13 -14 -15 15 -17 17 -19 23 20 21 27 -24 -25 29 26 -28 -29 -30 -31
leaf_value=0.050000441964943791 0.050002186560420894 0.043601334300182988 0.050086910013449074 0.005125858163328131 0.021383990011850814 -0.030898949228324202 0.0020713915171943296 0.013107794164916238 -0.014974128007180221 -0.0010981515695093632 0.00046583370491569637 0.0067978635873722736 -0.0011874398911814986 0.014300733097716479 0.050000670414633033 0.050000445267417939 0.040039350362171065 -0.02463425632600082 0.0093588153500718616 0.0500023992125904 -0.030399723687633731 0.050300296913913904 0.051092731825879617 0.050000673980614432 0.050004034664344915 0.050001327948405297 0.0028960377220500892 0.050007940447465031 0.050010520025041784 0.05000740499184593
leaf_weight=20.441621151456275 0.13906146186819662 15.318026313434528 16.195190525679209 569.03746691346169 170.45452824234962 187.10689252242446 823.07075735926628 624.74594160732522 128.56709981709719 17163.594233318086 26968.534762179937 672.28660047799349 10170.908422285691 87.7677391835241 1.4229973975197996 7.5225751629022843 8.793871706700882 1.3337944379309181 18.453680712718782 1.045894464295998 0.61645905771001697 0.092737180821131915 15.849959951738127 0.0018352349725309072 1.358229890058283 0.0018124851230822961 0.0010957857741697441 0.1602726164564956 0.45103270317486011 2.6847272613887401
leaf_count=2319149 3792 545 109201 5550 893 929 6369 17507 790 976226 145971 3288 48664 3020 106232 846640 877 284 827837 25361 214 129 1937 136 17572 145 79 1010 2347 19277
internal_value=1.28298e-05 -1.56546e-05 -2.0481e-05 0.00246982 0.00142044 -0.00378843 0.00538476 -0.000100404 -0.0011612 0.000142503 0.000752063 -0.000800528 -0.00135954 0.0186547 0.0343243 0.0226297 0.0460066 0.031522 0.0122719 0.0424362 0.0290708 -0.00697043 0.0505844 0.00936286 0.0499938 0.0496386 0.0322529 0.0501151 0.0500048 0.0500063
internal_weight=57678 57630.1 57623.6 1791.84 1749.67 756.144 993.525 55831.7 10402.6 45429.2 27593.3 17835.9 10299.5 103.086 47.8427 27.4011 42.1728 10.1277 19.8785 6.55132 2.3664 0.869469 32.0452 18.4555 4.18493 0.14197 0.00290827 0.25301 1.49693 4.04296
internal_count=5491971 1391977 1322051 126040 13741 6479 7262 1196011 53019 1142992 163478 979514 49454 3565 4099994 1780845 112299 1161 934205 69926 29061 1353 111138 827973 40865 4016 224 1139 27708 36849
is_linear=0
shrinkage=0.05


Tree=161
num_leaves=31
num_cat=0
split_feature=3 0 3 3 1 3 3 3 0 3 3 1 2 0 3 0 3 2 0 3 3 0 2 0 0 2 1 0 1 2
split_gain=21.106 4.75433 18.0972 30.5301 12.1759 45.6288 10.5586 8.40732 8.22224 7.15463 16.3371 14.9405 12.1418 12.1022 7.96788 27.1373 23.9851 6.74378 6.35534 9.95115 4.7322 4.17302 10.8149 7.40808 3.68484 3.62711 3.53147 3.46174 3.06001 1.06819
threshold=4.0279376260590949 0.96558802471866301 4.2388055889009033 4.3282302013682576 1.0000000180025095e-35 4.338466511397848 7.9844543739244713 4.190336325010132 0.99955042434302832 4.6428993089071149 4.7003439835576311 1.5000000000000002 4.1394526399019833 0.7816713295973009 4.4417685123134873 0.94478745065665781 4.3611859606570134 4.1643283978498689 0.96891556390377831 4.2471371748818294 4.204841850850066 0.59006474772855433 4.2375608875783284 0.56288604667114772 0.37200840929843199 4.2375608875783284 1.0000000180025095e-35 0.99999915540540552 1.5000000000000002 4.2987140455362249
decision_type=2 2 2 2 2 2 2 2 2 2 2 2 2 2 2 2 2 2 2 2 2 2 2 2 2 2 2 2 2 2
left_child=26 9 7 18 5 -5 -6 17 20 11 21 14 24 -14 16 -16 -2 27 19 -4 -9 23 -23 -11 -12 -20 -1 -3 -28 -13
right_child=1 2 3 4 6 -7 -8 8 -10 10 12 29 13 -15 15 -17 -18 -19 25 -21 -22 22 -24 -25 -26 -27 28 -29 -30 -31
leaf_value=0.050000418380288916 -0.0045482144902244011 0.034211945341629503 -0.013808742136726133 -2.2681435055069308 0.0040270936113012889 0.03222223351455742 -0.077139369908978003 -0.013442431968122026 0.00089003664409167873 0.031369385996887912 0.045848559180255877 0.050310834878197166 -0.00019754378556353653 0.0051814001245370318 -0.0058968817610681647 -0.16244534336279112 0.011349046370315221 0.15272987243767597 0.082007122566061977 0.070962655437340372 0.0025208111488532045 0.027070682449307416 0.006628877850011464 -0.017687152898137805 0.014931524086783719 0.046988860582471245 0.011808124031765049 -0.0047919404951227004 0.050000419673521201 0.017515960829506006
leaf_weight=19.444680258224253 912.56818147344529 18.76036721240235 9.5674054548144323 0.021567525807767107 348.42707851156592 43.63824787367048 4.0533824190497389 172.23157686553895 1532.4991219826043 10.518104680282702 11.141870218649272 13.638443963918691 51544.849442475519 1067.3583183987794 1075.0859791498733 2.7754206529352805 320.62990930581873 1.0302955955266941 9.45955643057823 5.4248447162099174 63.558484634384513 92.686242712428793 214.30654411250725 28.680014104873408 71.37744022658444 33.873594725504518 19.637132683958047 8.1645395350133168 7.1556978605440227 3.0356705836020401
leaf_count=2319149 295734 93221 39 7 5199 355027 22 878 6259 4422 4340 80932 391158 57676 42999 67 28624 6 43 41 270 1264 1435 2738 15783 725 934205 2660 846640 408
internal_value=1.23654e-05 -1.47321e-05 0.00223796 0.0111515 0.00617881 0.0310859 0.00309371 -1.72306e-05 -0.000447332 -0.000106303 1.27643e-05 -0.00281943 -5.83615e-05 -8.84197e-05 -0.00315969 -0.00629998 -0.000414947 0.0271886 0.0449252 0.0168652 -0.00913945 0.010839 0.0128006 -0.00452372 0.019106 0.0546333 0.0337801 0.0223847 0.0220083 0.0443402
internal_weight=57665.6 57619.4 2250.71 454.466 396.14 43.6598 352.48 1796.24 1768.29 55368.7 53040.9 2327.73 52694.7 52612.2 2311.06 1077.86 1233.2 27.9552 58.3254 14.9923 235.79 346.191 306.993 39.1981 82.5193 43.3332 46.2375 26.9249 26.7928 16.6741
internal_count=5491971 1391977 464397 361103 360255 355034 5221 103294 7407 927580 478816 448764 468957 448834 367424 43066 324358 95887 848 80 1148 9859 2699 7160 20123 768 4099994 95881 1780845 81340
is_linear=0
shrinkage=0.05


Tree=162
num_leaves=31
num_cat=0
split_feature=3 2 3 0 3 0 3 2 2 0 3 2 3 0 3 2 3 0 0 0 2 0 0 1 2 0 1 3 2 3
split_gain=19.744 4.64974 6.37286 17.3036 15.8722 24.0945 14.7868 7.6259 6.10015 7.34057 14.2401 78.5129 5.25919 8.39497 4.60282 4.04825 4.35796 3.62976 4.5625 6.37545 3.78946 9.30045 3.5511 3.55083 3.38388 3.20557 3.01046 2.98419 2.79067 2.10138
threshold=4.0279376260590949 4.0243485990381496 4.1836519096534159 0.95234617998841065 4.0776221824873993 0.94813194540908363 4.1784559019061511 4.0532899411725376 4.0115160874231268 0.83847095639952507 4.1037171650610258 4.0108120596635706 4.1987796469857166 0.98338638798313671 5.5005232433105204 4.0045014548270919 4.3507294452368264 0.84415195204871418 0.93872797364308003 0.94191383711497811 4.0181814929440138 0.74170919510953437 0.99999915540540552 1.0000000180025095e-35 4.1107138088430979 0.97439000911848883 1.5000000000000002 4.204841850850066 4.0098294480999987 4.5858854193796104
decision_type=2 2 2 2 2 2 2 2 2 2 2 2 2 2 2 2 2 2 2 2 2 2 2 2 2 2 2 2 2 2
left_child=23 8 3 4 5 -3 -6 29 9 15 28 -12 13 -9 -14 -2 -17 20 -19 -20 21 -10 25 -1 -24 -5 -25 -22 -11 -4
right_child=1 2 7 22 6 -7 -8 12 17 10 11 -13 14 -15 -16 16 -18 18 19 -21 27 -23 24 26 -26 -27 -28 -29 -30 -31
leaf_value=0.050000398788172577 0.034592797424661335 -1.7735098727746583 0.013411851739044378 0.016897881528616938 -0.010785202603116308 -0.23450293599592667 -0.062000452562338985 0.010807436593625441 0.016078233705876587 -0.0044802674816991298 -0.046570724258360306 -1.1340680189340044 -0.00072271215813570367 0.094511671955345752 0.00025036872222026081 -0.091363821926243982 0.050126364015384506 0.033321888437016327 -0.090420269021114899 0.014172832050821564 -0.038823693035102066 -0.20239502179611782 0.050053972942437054 0.011354468927670166 -0.023461451692132543 0.058521235455217639 0.05000040159643198 0.03034853919527173 0.030210313199055011 0.050074968687244065
leaf_weight=18.496358705014245 15.775538437133948 0.027416955083025552 77.511663965138723 10.69682523590018 67.371800838791387 0.35122816234070342 17.821477088560641 47.031937529725838 1.2713269902742452 27.333591803168019 9.7191862999024998 0.16885145302148963 17505.932007797826 3.1992246508598319 39739.203167613916 1.4038285920978517 0.88875260978238646 41.837643063558062 1.7661622924970277 8.3218636240253527 2.2501552717512823 0.78973406565637549 2.1078770422172983 19.406627760909036 6.0811443426646292 8.1498989006540778 6.8067133871963952 5.0777267520170426 7.3578435579802308 4.1157994296299867
leaf_count=2319149 63766 21 65617 4840 19896 496 1147 564 1781 90838 6036 27 264301 14 631883 358 1674 88383 4068 52910 4058 400 2622 934205 38 13400 846640 11081 58465 3293
internal_value=1.20529e-05 -1.37219e-05 -3.45798e-05 -0.0119176 -0.0229345 -0.345939 -0.0214989 -1.12582e-05 0.00965951 -0.00131349 -0.0122096 -0.0651412 -3.30155e-05 0.0161386 -4.72057e-05 0.0255705 -0.0365131 0.0208711 0.0260441 -0.00413882 -0.00773839 -0.0676339 0.0229522 0.0332258 -0.00453838 0.0348971 0.0213895 0.00910799 0.00287739 0.0152605
internal_weight=57658.3 57613.6 57489.6 112.608 85.5719 0.378645 85.1933 57377 123.962 62.6476 44.5795 9.88804 57295.4 50.2312 57245.1 18.0681 2.29258 61.3146 51.9257 10.088 9.38894 2.06106 27.0357 44.7097 8.18902 18.8467 26.2133 7.32788 34.6914 81.6275
internal_count=5491971 1391977 1008132 42460 21560 517 21043 965672 383845 221164 155366 6063 896762 578 896184 65798 2032 162681 145361 56978 17320 2181 20900 4099994 2660 18240 1780845 15139 149303 68910
is_linear=0
shrinkage=0.05


Tree=163
num_leaves=31
num_cat=0
split_feature=3 3 0 3 2 3 0 3 0 2 0 1 0 0 0 0 1 2 0 1 0 0 2 3 0 2 0 0 0 1
split_gain=18.4594 4.83341 80.5184 44.9144 23.9132 25.7379 39.5031 26.5255 20.5531 16.9781 15.3554 30.5292 13.8592 24.2443 13.8861 9.54301 8.41706 7.78568 7.42179 14.98 11.011 7.18188 21.0529 11.8697 5.12601 4.77 8.7411 4.58852 4.54965 3.80343
threshold=4.0279376260590949 5.8260591009502205 0.28089262762801198 5.9160942342697309 5.2713098734200639 5.5005232433105204 0.61329483113459682 5.353160555104469 0.59006474772855433 4.4527119691926762 0.3820810697357887 1.0000000180025095e-35 0.77235187143174122 0.90262234570724054 0.66471697878931379 0.2632453871837514 1.0000000180025095e-35 6.8303344683222234 0.48377961100321759 1.0000000180025095e-35 0.42328453732171639 0.27128003979797599 4.49855624743092 5.7622085907676386 0.59740168283145612 4.4128032160370898 0.25135338761287312 0.20746273059816209 0.60049100728220639 1.0000000180025095e-35
decision_type=2 2 2 2 2 2 2 2 2 2 2 2 2 2 2 2 2 2 2 2 2 2 2 2 2 2 2 2 2 2
left_child=-1 2 15 8 5 7 -7 -4 18 27 17 -12 14 -14 -6 25 24 -11 20 -20 -3 22 -17 -23 -10 29 -27 -5 -18 -2
right_child=1 3 4 9 12 6 -8 -9 16 10 11 -13 13 -15 -16 21 28 -19 19 -21 -22 23 -24 -25 -26 26 -28 -29 -30 -31
leaf_value=0.032662265983314329 0.0056121853058962818 -0.0061989565182469942 0.00054821896809097127 0.046408799921819399 -0.040595669115205166 0.0028550663693781529 0.028810187379808606 -0.003915621966011109 0.0056048718629131212 -0.00045484722079449681 0.0092370380976334095 0.0005957495892290731 -0.054739699461410399 -0.30880500348707884 0.0045152825261662718 0.038865040802191782 -0.055129476150391911 -0.0032148687387306765 0.011281279565685585 -0.015626156143484872 -0.017820650030938932 0.0079968585542626106 -0.08963091667321689 0.037259770617674152 -0.046036903928894646 0.050314727982597708 -0.026377711841195986 0.008399791390440366 -0.0012494210967738016 0.031495904937017892
leaf_weight=43.25656936980522 34.659443046562956 1245.7255091006518 13447.1651166718 24.671241476666182 38.889119856059551 4038.4989569630707 152.11878228932619 4422.5634716887434 5.2514344155788413 17173.570461094379 1117.5130945975834 11972.744370236062 6.2041160380467764 1.1064457710745044 30.389958940446377 140.35545699666181 4.6238666325807598 3001.7252522781491 144.3974843621254 80.597334533929825 243.67784851789474 83.697643318762857 3.2617446705698958 59.138659279793501 56.557999608368846 4.6690891394391683 18.188977560028434 11.708768736571072 25.664237067103386 24.034396357281366
leaf_count=4099994 2425 6318 735243 616 249 20544 1112 23788 34 80326 434831 61269 106 43 216 2489 19 16288 778 327 1079 2019 24 493 369 51 160 130 111 520
internal_value=1.18006e-05 -1.27136e-05 0.000559294 -0.000379378 0.000173685 0.000270515 0.00379723 -0.000556533 -0.00805783 3.71474e-05 -1.87428e-07 0.00133345 -0.0277165 -0.0931922 -0.0208073 0.0237551 -0.0310681 -0.000865489 -0.00682171 0.00164253 -0.00810035 0.0280512 0.0359467 0.0201126 -0.0416493 0.00866492 -0.0107122 0.0341757 -0.0094749 0.0162112
internal_weight=57656.6 57613.4 22504.9 35108.4 22136.9 22060.3 4190.62 17869.7 1806.5 33301.9 33265.6 13090.3 76.5896 7.31056 69.2791 368.005 92.0975 20175.3 1714.4 224.995 1489.4 286.454 143.617 142.836 61.8094 81.5519 22.8581 36.38 30.2881 58.6938
internal_count=5491971 1391977 789482 602495 781301 780687 21656 759031 9035 593460 592714 496100 614 149 465 8181 533 96614 8502 1105 7397 5025 2513 2512 403 3156 211 746 130 2945
is_linear=0
shrinkage=0.05


Tree=164
num_leaves=31
num_cat=0
split_feature=3 2 3 0 3 3 3 0 3 0 2 3 0 0 0 2 3 3 0 3 0 3 1 2 0 2 3 0 0 1
split_gain=17.2416 4.56006 11.5701 25.3559 11.5881 11.1641 65.0862 60.3431 41.0477 56.795 36.2606 29.4342 25.8201 41.6677 35.3091 20.7353 14.6679 14.5341 12.9357 12.1605 9.56147 8.48994 19.574 13.2283 8.41218 7.53883 9.28466 8.15558 6.99075 3.68449
threshold=4.0279376260590949 7.1297169139308805 8.3585725317228619 0.40328621957453575 8.3920946847197637 7.3233027137203726 7.3225632713640296 0.35212193414828868 7.2579402070459418 0.65631567337852459 6.6858765715418915 7.8949329787267777 0.65062298805038576 0.67109024589866439 0.18954989862812724 6.4698332258700715 7.3853363710035973 7.9583251190734163 0.29087206909299079 7.9583251190734163 0.49406175338830077 7.8949329787267777 1.5000000000000002 7.5520523718568109 0.56936485613816601 7.3099056398307338 7.9941566304452838 0.36175671919056113 0.69687071811330226 1.0000000180025095e-35
decision_type=2 2 2 2 2 2 2 2 2 2 2 2 2 2 2 2 2 2 2 2 2 2 2 2 2 2 2 2 2 2
left_child=29 5 20 -4 24 6 8 16 10 -10 -2 15 14 -14 -8 -9 18 -13 -7 -18 25 22 -22 -23 -5 26 -3 -27 -6 -1
right_child=1 2 3 4 28 7 12 11 9 -11 -12 17 13 -15 -16 -17 19 -19 -20 -21 21 23 -24 -25 -26 27 -28 -29 -30 -31
leaf_value=0.050000363314952161 2.804007398382936e-05 -0.008380146572736261 -0.0026902818822218625 0.017260244707716421 -0.0009844927371311916 0.0035408438844121213 0.0075520270970969999 0.030152448708952381 0.011549569103296183 -0.023140545544539114 -0.018353624635374696 -0.011368475733417465 0.018949207615617802 -0.011294517536354562 -0.01580074703343062 0.0086456833963488092 -0.0036971121647749747 0.0035743252655910662 0.026190535269585133 0.00054608881625410686 -0.0056235231593751529 0.0050945448497405829 0.01928961661456156 -0.0031726831832601544 0.0045775106646337724 0.054490931516569169 0.0030174393048551969 -0.014771169320361852 0.030134414849229869 0.019804770179920023
leaf_weight=17.028911250395595 36862.936798203293 495.01720735430717 1314.9073456376791 355.49972511827946 312.57379116117954 252.37807464599609 186.59895232319832 117.32959730923176 1324.2610898733838 129.52892962505575 270.25756451924099 257.91429208219051 189.54754216829315 285.30480373091996 1221.0798040842637 2501.4433678335045 3259.2620115876198 440.93249775469303 84.025978475809097 3503.6027028635144 1415.5543049596017 925.93568555638194 83.493455164134502 1013.471503013745 206.80054454877973 4.3146766126155844 279.61000245809555 284.15690086781979 19.153289414942265 24.837660396952288
leaf_count=2319149 1176233 2858 7992 1492 1586 1055 1110 507 96928 2741 4565 1111 11177 2123 10636 11318 13715 2520 352 17139 8767 5196 702 6256 1176 20 1273 1292 137 1780845
internal_value=1.15299e-05 -1.17851e-05 -0.00123691 0.0017269 0.00822356 0.000149774 -0.000225964 0.00160952 0.000216931 0.00845877 -0.000105743 0.00717635 -0.00930416 0.000777917 -0.0127052 0.00960926 -0.00099197 -0.00194042 0.00919821 -0.00149886 -0.00269127 -0.00140995 -0.00423592 0.000774359 0.0125958 -0.00683552 -0.00426607 -0.0137352 0.000812254 0.0320866
internal_weight=57638.8 57596.9 6710.49 2208.93 894.027 50886.4 40469.5 10416.9 38587 1453.79 37133.2 3317.62 1882.53 474.852 1407.68 2618.77 7099.27 698.847 336.404 6762.86 4501.55 3438.45 1499.05 1939.41 562.3 1063.1 774.627 288.472 331.727 41.8666
internal_count=5491971 1391977 38747 12383 4391 1353230 1305513 47717 1280467 99669 1180798 15456 25046 13300 11746 11825 32261 3631 1407 30854 26364 20921 9469 11452 2668 5443 4131 1312 1723 4099994
is_linear=0
shrinkage=0.05


Tree=165
num_leaves=31
num_cat=0
split_feature=3 0 3 3 3 1 3 0 3 3 3 2 1 3 3 3 0 2 0 3 3 2 1 0 3 1 0 3 1 3
split_gain=16.0987 4.54039 20.5139 155.566 24.0396 22.4248 20.2087 53.4287 23.0861 17.4281 14.9061 57.5421 66.9795 22.8622 21.0643 55.5324 50.6358 48.9102 17.9776 25.7257 17.0229 16.927 16.529 14.6683 14.5408 14.1248 13.1771 10.8766 3.69106 3.13602
threshold=4.0279376260590949 0.71110240231374011 5.274536706793838 4.7891154230329027 8.1727008602802069 1.0000000180025095e-35 5.4425259239190353 0.91563000142266593 7.1746477361708756 5.1648431135156008 5.2034845723991019 4.3329479324565865 1.0000000180025095e-35 5.4191623752586162 5.0481237364455485 5.067456612105917 0.51273530049150207 4.2987140455362249 0.67109024589866439 7.9583251190734163 4.7891154230329027 4.2987140455362249 1.0000000180025095e-35 0.3820810697357887 5.0118012668796874 1.5000000000000002 0.86451820848946037 4.5858854193796104 1.0000000180025095e-35 8.3585725317228619
decision_type=2 2 2 2 2 2 2 2 2 2 2 2 2 2 2 2 2 2 2 2 2 2 2 2 2 2 2 2 2 2
left_child=28 10 3 25 6 26 7 -4 -8 -7 14 12 13 -12 16 17 24 -16 23 -20 -18 -14 -17 -13 -2 27 -5 -3 -1 -6
right_child=1 2 4 5 29 9 8 -9 -10 -11 11 18 21 -15 15 22 20 -19 19 -21 -22 -23 -24 -25 -26 -27 -28 -29 -30 -31
leaf_value=0.05000034901408007 0.0092035857217625059 -0.0010305785683327653 -0.018799832721187393 0.0041293979814443797 0.026683019061039079 0.038638584306472407 0.015449080371900549 -0.32086945939397854 -0.0048498709286830047 -0.013244442717304945 0.0077645527000118888 -0.00072422778480611997 0.049602941849231807 -0.028089628676871783 -0.042056668176084278 0.0032617109325785453 0.002115130050241415 -0.010548739728037698 -0.012003245347947857 0.0099433804487018638 -0.0052118396910302428 0.022689926098365416 -0.0059078604521101566 0.0011214067081467018 0.027807339892483685 0.039519315445155898 0.045822366479026766 0.010357872774519342 0.019200786683576838 0.011112401750654952
leaf_weight=16.198406708779203 348.93035789641726 3712.6978432928208 157.42324309237301 103.79618391208351 53.535053484141827 342.36663370812312 154.67793651490501 1.4776031783549104 1483.0833774976199 16.989239795133471 178.75954161951813 23880.522454394726 120.23817151355615 59.180248329917958 164.81485256686938 910.64178458192691 1321.0048087759278 487.43839845433831 639.26515807886608 168.78235914185643 1982.289598343079 113.64543190586846 1067.6644217091089 19601.791208853829 150.26554894285073 22.298826665626621 23.184079382932396 222.20139334216947 24.350611728991225 81.669934816658497
leaf_count=2319149 18139 373692 2279 1241 320 7704 309154 293 10900 200 4809 118800 4503 4441 1769 6995 102483 2212 5988 943 9509 1116 6246 209122 2181 93633 90885 1828 1780845 592
internal_value=1.09297e-05 -1.12523e-05 0.00124703 0.00311713 -0.00305443 0.0298035 -0.00458449 -0.0216087 -0.00293274 0.0361857 -0.000167947 0.00015549 0.0175244 -0.00115308 -0.00241847 -0.00585837 -3.87596e-05 -0.0185103 -2.95402e-05 -0.0074191 -0.00228175 0.0365257 -0.00168698 0.000107783 0.0148036 -0.000162605 0.0117417 -0.00038748 0.0315045 0.0172777
internal_weight=57611.2 57570.6 6375.4 4443.53 1931.87 486.336 1796.66 158.901 1637.76 359.356 51195.2 44762.2 471.823 237.94 6433.05 2630.56 3802.49 652.253 44290.4 808.048 3303.29 233.884 1978.31 43482.3 499.196 3957.2 126.98 3934.9 40.549 135.205
internal_count=5491971 1391977 892721 569183 323538 100030 322626 2572 320054 7904 499256 349722 14869 9250 149534 17222 132312 3981 334853 6931 111992 5619 13241 327922 20320 469153 92126 375520 4099994 912
is_linear=0
shrinkage=0.05


Tree=166
num_leaves=31
num_cat=0
split_feature=2 3 3 0 0 2 2 1 3 0 2 0 3 3 3 0 0 0 1 0 0 1 0 2 2 3 0 2 0 2
split_gain=15.1026 7.26435 5.93077 15.1265 15.3225 5.97038 21.8197 4.50591 4.92054 6.318 9.00237 4.26395 15.4663 16.037 9.77671 16.2134 15.8607 9.17267 2.46431 1.40666 0.975201 0.973818 0.336022 0.295237 0.580387 0.346822 0.432248 5.28207e-06 2.67968e-06 4.1411e-06
threshold=3.956019297468639 4.088410319220233 4.0910892660065263 0.91748323239899976 0.90262234570724054 4.0162406344895718 4.0167382293402198 1.5000000000000002 4.0776221824873993 0.9568572753472937 4.0234823913643298 0.90262234570724054 4.204841850850066 7.3155776058677429 4.3611859606570134 0.86451820848946037 0.87291382978688137 0.99955042434302832 1.0000000180025095e-35 0.90938240787897562 0.88700856337990219 1.0000000180025095e-35 0.92139609102059494 3.9468444661052655 3.9486247458723072 4.088410319220233 0.86835543145587601 4.0115160874231268 0.93183398269751549 4.0086177420375
decision_type=2 2 2 2 2 2 2 2 2 2 2 2 2 2 2 2 2 2 2 2 2 2 2 2 2 2 2 2 2 2
left_child=23 7 3 4 -3 27 -7 8 9 10 -2 14 17 -14 15 -4 -16 -13 -11 -6 21 -10 -22 -1 25 26 -25 -5 29 -9
right_child=1 2 11 5 19 6 -8 28 20 18 -12 12 13 -15 16 -17 -18 -19 -20 -21 22 -23 -24 24 -26 -27 -28 -29 -30 -31
leaf_value=0.049997985691442051 -0.0054641062373818059 0.05023461545743383 0.0020633018406019071 0.050355595664679322 -0.41100667213573622 -1.2835947041233169 -0.060768877017997464 0.050604708943159882 0.050016152359258763 0.044009421029590629 -0.13899079341015808 -0.0083836417562537634 0.011527012649275343 -0.001935499658061574 -0.00010641731933044134 -0.016501108373413859 0.014625708978899808 0.00081204779353725564 0.012390433809041397 -0.60959111291648926 0.021642729464894574 -0.098725416437646929 0.04536392110062705 -0.036429269622926384 0.05002064407349828 0.050007104224081701 0.05000471406784554 0.050046588097855185 0.050001385776217024 0.050002277207987167
leaf_weight=14.251547984868013 28.796566096096289 0.20079262435319778 233.30003907823993 0.15413007291499559 0.21671032020822167 0.037491312017664202 1.3529804662175591 0.047118727117775872 0.19658405598602158 8.3012157033704153 1.3201631087940757 329.21253595741291 648.67495495681942 335.69187823310494 53973.956767059994 237.18081702041673 183.31752560278983 1538.5692300770897 23.915479130777385 0.15152497915551066 1.7409718911512744 0.249958336353302 10.47781637481239 0.57305556535720759 1.7253348891863423 0.2847881445341045 0.19348178983091202 1.346078255184693 8.0585807119036854 0.072291714797756867
leaf_count=1666534 54493 253 96274 23 26 75 1912 4 609 726887 1139 40028 396780 2972 513537 43438 7136 6297 993223 21 592 1 12789 36 21514 2092 5873 2971 892856 1586
internal_value=1.0857e-05 -3.06964e-06 -2.44351e-05 -0.065487 -0.301129 -0.019101 -0.0937399 0.0147626 0.0109197 0.00514679 -0.0113172 -2.0495e-05 0.00186419 0.00693598 -0.000118895 -0.00729547 -5.65504e-05 -0.000808771 0.0205376 -0.492722 0.0393317 -0.033244 0.0419841 0.0470919 0.0321764 0.002892 -0.0146125 0.0500783 0.0500049 0.05024
internal_weight=57583.6 57566.5 57483.4 3.45971 0.569028 2.89068 1.39047 83.1767 74.9988 62.3334 30.1167 57479.9 2852.15 984.367 54627.8 470.481 54157.3 1867.78 32.2167 0.368235 12.6653 0.446542 12.2188 17.0282 2.77666 1.05133 0.766537 1.50021 8.17799 0.11941
internal_count=5491971 3795922 1111743 5281 300 4981 1987 2684179 1789733 1775742 55632 1106462 446077 399752 660385 139712 520673 46325 1720110 47 13991 610 13381 1696049 29515 8001 5909 2994 894446 1590
is_linear=0
shrinkage=0.05


Tree=167
num_leaves=31
num_cat=0
split_feature=2 3 3 2 0 0 0 2 2 2 0 0 0 2 3 1 2 2 3 2 3 3 0 3 2 0 0 0 2 2
split_gain=14.3246 6.85266 12.589 21.3359 102.743 17.1054 10.8708 20.9837 5.11586 5.19163 7.79626 17.1955 4.59867 5.05428 7.79958 4.26138 16.0752 53.3506 8.58998 6.40668 12.3021 3.37345 7.00048 2.88117 1.87449 1.06773 4.06368 1.95196 0.303467 0.570608
threshold=3.956019297468639 4.1037171650610258 4.1070139619374189 4.0045014548270919 0.90047523954189757 0.89229758400851777 0.91563000142266593 4.0188048719990386 4.0073256860721553 4.0162406344895718 0.96558802471866301 0.96510165880035237 0.92511295122819293 4.0045014548270919 4.0910892660065263 1.0000000180025095e-35 6.951795789371034 6.7181411010310894 7.6470605825873621 4.0443143343665344 4.1836519096534159 4.0776221824873993 0.93183398269751549 4.088410319220233 4.0079633975398172 0.93183398269751549 0.9300344629294619 0.93950042227052932 3.9468444661052655 3.9486247458723072
decision_type=2 2 2 2 2 2 2 2 2 2 2 2 2 2 2 2 2 2 2 2 2 2 2 2 2 2 2 2 2 2
left_child=28 8 3 4 5 -3 -5 -8 12 21 11 -11 13 23 -15 16 17 -4 -18 24 -21 22 -10 -2 -17 26 -14 -27 -1 -30
right_child=1 2 15 6 -6 -7 7 -9 9 10 -12 -13 25 14 -16 19 18 -19 -20 20 -22 -23 -24 -25 -26 27 -28 -29 29 -31
leaf_value=0.049997532591050144 0.032056874040935344 -0.043605995018784663 0.00050328515804810023 0.050104318207998357 -3.1107696632737287 -0.54314170001432449 -1.3217082270309166 -0.10516297693038319 -0.35895318586834213 -0.015101273463689883 0.05005482361043119 -0.93836930963213394 -0.023151682629259575 -0.33496965966165965 0.051359738456244669 -0.038440890132028914 -0.032160911938990865 0.022590827414015954 -0.007634411451059921 -0.032230790107326275 -0.00025082410963390782 0.050095563183720319 0.021853167840436283 -0.02827025402703591 0.033100634765855418 0.010905388272954977 -0.12129045325246278 -0.064661009434185374 0.002800458670646841 0.050019644353923622
leaf_weight=13.556611707791491 8.9841139535574239 0.53254085214575697 13256.970307210722 1.7996849562478021 0.031632331199944019 0.25268749985843897 0.036449546798394183 1.2871501940644519 0.12104644812643428 16.807875567814342 5.6366369471284079 0.05058305106649541 3.9371815976273847 0.25915434584021646 0.26346457470208406 0.9666775874793555 46.165030989737716 279.14799739100272 157.47390988469124 30.092723157715227 43672.679109808007 12.859865084963529 40.618262652032172 2.5383638763742065 17.329482282555546 2.5089147132657676 1.4408364156015521 1.2960294193167099 1.0485507342259546 1.6412212645996076
leaf_count=1666534 5955 565 618503 3600 3 27 66 1159 4 25454 26331 122 767 26 24 7 2164 102514 906 2477 271966 25465 2600025 1450 84561 1287 293 20201 8001 21514
internal_value=1.04926e-05 -2.75671e-06 -2.52078e-05 -0.0893957 -0.316906 -0.204357 -0.029893 -0.138664 0.0132536 0.0193085 -0.000851076 -0.0178715 -0.00845056 0.0118691 -0.140212 -1.90795e-05 0.000749015 0.000958785 -0.0131946 -0.000260461 -0.000272845 0.0277693 0.0207217 0.018767 0.0293207 -0.0351035 -0.0494443 -0.0148338 0.0469536 0.0316122
internal_weight=57578.3 57562.1 57464.8 3.94015 0.816861 0.785228 3.12328 1.3236 97.3223 76.0943 22.4951 16.8585 21.2281 12.0451 0.522619 57460.8 13739.8 13536.1 203.639 43721.1 43702.8 53.5992 40.7393 11.5225 18.2962 9.18296 5.37802 3.80494 16.2464 2.68977
internal_count=5491971 3795922 1088518 5420 595 592 4825 1225 2707404 2677401 51907 25576 30003 7455 50 1083098 724087 721017 3070 359011 274443 2625494 2600029 7405 84568 22548 1060 21488 1696049 29515
is_linear=0
shrinkage=0.05


Tree=168
num_leaves=31
num_cat=0
split_feature=2 2 1 2 3 0 3 0 3 3 0 0 2 3 0 0 0 1 0 0 0 0 2 2 2 2 3 0 2 0
split_gain=13.5831 6.37424 5.37493 4.95993 4.84563 14.7271 11.966 10.556 10.2448 7.02847 6.90429 7.0487 5.0146 9.49774 4.4837 4.28119 6.49999 4.22272 3.53021 3.42715 4.34547 3.10354 2.98601 2.98242 0.312201 0.561629 0.326502 0.391785 3.88955e-05 1.59095e-05
threshold=3.956019297468639 4.0243485990381496 1.5000000000000002 4.0115160874231268 4.1836519096534159 0.95234617998841065 4.1784559019061511 0.88427325327375472 4.1109558246685376 4.1987796469857166 0.98338638798313671 0.96101854138375586 4.0532899411725376 4.204841850850066 0.52179196583813592 0.94294308484027956 0.83847095639952507 1.0000000180025095e-35 0.99999915540540552 0.83847095639952507 0.93627207955316738 0.97439000911848883 4.1107138088430979 4.0218896392566297 3.9468444661052655 3.9486247458723072 4.088410319220233 0.86835543145587601 4.0068678565155924 0.91748323239899976
decision_type=2 2 2 2 2 2 2 2 2 2 2 2 2 2 2 2 2 2 2 2 2 2 2 2 2 2 2 2 2 2
left_child=24 2 3 15 5 6 8 -8 -3 10 11 -6 13 -11 -14 16 -2 -17 21 23 -21 -7 -20 -5 -1 26 27 -26 29 -4
right_child=1 4 28 19 9 18 7 -9 -10 12 -12 -13 14 -15 -16 17 -18 -19 22 20 -22 -23 -24 -25 25 -27 -28 -29 -30 -31
leaf_value=0.049997043768282137 0.019725173740904829 -0.069660612872784466 0.051926652044275927 -0.032600194033463904 0.029287444493581984 0.017134273255490471 -0.15268265581608664 -0.041237639910994162 -0.0044825745777786275 -0.069446103276220569 0.088113441157333564 -0.0075012111110007197 0.00025910778175261632 0.016878776582471135 -0.00069316605108920269 0.050004510267612635 -0.019733296051027277 0.0044487675928071308 0.050048220888724487 0.03201735325234914 -0.0033993353852568445 0.058823287924135971 -0.022079964883359879 0.031664852656204688 -0.03360916240994944 0.050018694733130004 0.050006739590233731 0.050004470299671568 0.050005691335933924 0.050422833490846045
leaf_weight=12.895570825947287 14.574027346178353 6.6687524263234073 0.035726707428692772 5.3668154170591134 29.963525704377389 10.709358681597225 2.4570954787996042 15.711136329104191 62.837534568931005 3.3368365929454731 3.2745913416147223 23.026006160769612 39088.024026463609 70.635073885652673 18077.816947647931 6.8515898700184179 36.766680584398273 19.749091518570822 1.8716718232535656 38.764257511778851 11.15260023623159 7.6556498185072988 6.1488558365963399 2.7204803177155554 0.59199906885623865 1.5612068517880286 0.27014331299869809 0.18353179924952201 8.0507666211788074 0.034640208597920719
leaf_count=1666534 30287 4210 1 7780 3985 4840 990 157 16203 1488 14 123 224985 63878 671199 727025 17474 968921 2622 62840 56804 13400 38 4809 36 21514 2092 5873 909683 2166
internal_value=1.06313e-05 -1.97338e-06 0.0105021 0.00814163 -2.83326e-05 -0.0103238 -0.02018 -0.0563096 -0.0107361 -7.8373e-06 0.0176554 0.0133013 -2.51995e-05 0.0129847 -4.20342e-05 -9.72918e-05 -0.00853227 0.0161826 0.0224265 0.0192124 0.0241044 0.0345128 -0.00524812 -0.0109821 0.0468068 0.0310253 0.00266795 -0.0138217 0.0500159 0.0511864
internal_weight=57569.7 57554.2 144.067 135.946 57410.1 114.06 87.6745 18.1682 69.5063 57296.1 56.2641 52.9895 57239.8 73.9719 57165.8 77.9414 51.3407 26.6007 26.3855 58.0042 49.9169 18.365 8.02053 8.0873 15.5025 2.60688 1.04567 0.775531 8.12113 0.0703669
internal_count=5491971 3795922 2787790 1875940 1008132 42460 21560 1147 20413 965672 4122 4108 961550 65366 896184 1743707 47761 1695946 20900 132233 119644 18240 2660 12589 1696049 29515 8001 5909 911850 2167
is_linear=0
shrinkage=0.05


Tree=169
num_leaves=31
num_cat=0
split_feature=2 3 3 0 0 0 1 0 3 3 0 3 0 2 0 2 0 2 2 0 3 0 3 2 2 3 0 0 0 2
split_gain=12.8797 6.0253 8.23597 5.4814 44.428 10.5168 4.59615 4.59211 19.3464 16.3907 12.8611 10.3321 16.8262 16.4825 3.94942 3.05661 4.00678 4.07798 3.93701 6.63797 4.58236 2.96864 0.861175 0.320445 0.551462 0.306731 0.355421 2.413e-05 2.49492e-06 1.18826e-05
threshold=3.956019297468639 4.1037171650610258 4.1109558246685376 0.93872797364308003 0.93460957118881971 0.93627207955316738 1.5000000000000002 0.92511295122819293 4.204841850850066 6.5337081385214217 0.99955042434302832 4.3611859606570134 0.86835543145587601 4.20477203786354 0.91563000142266593 4.0073256860721553 0.92511295122819293 4.0045014548270919 4.0162406344895718 0.96558802471866301 4.0776221824873993 0.99999915540540552 4.0353904154716913 3.9468444661052655 3.9486247458723072 4.088410319220233 0.86835543145587601 0.94726753730725777 0.93183398269751549 4.0078733565554225
decision_type=2 2 2 2 2 2 2 2 2 2 2 2 2 2 2 2 2 2 2 2 2 2 2 2 2 2 2 2 2 2
left_child=23 6 3 4 14 -6 15 11 10 -10 -9 13 -13 -4 -3 16 17 -2 20 -20 -17 27 -18 -1 25 26 -25 -5 29 -8
right_child=1 2 7 21 5 -7 28 8 9 -11 -12 12 -14 -15 -16 18 22 -19 19 -21 -22 -23 -24 24 -26 -27 -28 -29 -30 -31
leaf_value=0.049996507422704464 0.018787586509916986 -0.017155374374583261 -0.001235933333708525 0.050643393591263242 -0.89706908004597585 -0.37085040249726448 0.050777120450393891 -0.010999406880804093 0.014453947056744172 -3.9220383285029739e-05 0.0009158437450592432 -0.00010534133454658264 0.011562141109981112 -0.019507194656026919 -0.098417715236180814 0.013621490197258791 0.050012507394775821 -0.11462347644233742 -0.017287306051510985 0.050054657927038421 0.050095223359939794 -0.022762597411752891 -0.033786442289399171 -0.030882041180028921 0.050017790406606227 0.050006409077406604 0.050004252984428822 0.050274160531528479 0.050001275027859317 0.05000219766949518
leaf_weight=12.266774331822942 11.54880685422313 5.7646476667505357 413.02499545421597 0.78946446355257549 0.15829113252402738 0.23727851081639528 0.060198994353412583 265.74113530709292 473.31816644237551 331.8526763379341 1532.5493771883193 53937.220373870929 310.78926962596597 176.04115949664265 2.0188022768488736 32.777722467445983 0.31703775163214132 0.60268968436867076 16.999650198678868 4.6631318177278436 11.679805410152765 6.0520078092813492 9.3011306524967932 0.61153446882963114 1.4850920845788094 0.25696992006487562 0.17458158477893448 1.0067488957574822 7.2050058630152307 0.27754371112314402
leaf_count=1666534 7405 7393 148474 143 38 50 4 3008 388503 3677 6266 512575 15279 825 1866 1721028 16829 49 20264 20914 18630 31 2171 36 21514 2092 5873 390 893521 6589
internal_value=1.0236e-05 -1.75529e-06 -2.26054e-05 -0.0358601 -0.0645033 -0.581422 0.0125513 -1.26059e-05 0.00203916 0.00848056 -0.000844924 -0.000110016 -3.84978e-05 -0.00669626 -0.0382325 0.00933682 -0.00691349 0.0121707 0.0146871 -0.00279127 0.0232038 -0.00600962 -0.0310242 0.0466559 0.030447 0.00258323 -0.0129187 0.0504364 0.0500075 0.0501403
internal_weight=57566.8 57552 57456.6 16.0272 8.17902 0.39557 95.4327 57440.5 2603.46 805.171 1798.29 54837.1 54248 589.066 7.78345 87.89 21.7697 12.1515 66.1203 21.6628 44.4575 7.84822 9.61817 14.795 2.52818 1.04309 0.786116 1.79621 7.54275 0.337743
internal_count=5491971 3795922 1088518 9911 9347 88 2707404 1078607 401454 392180 9274 677153 527854 149299 9259 1807290 26454 7454 1780836 41178 1739658 564 19000 1696049 29515 8001 5909 533 900114 6593
is_linear=0
shrinkage=0.05


Tree=170
num_leaves=31
num_cat=0
split_feature=2 2 1 2 0 3 2 2 1 2 1 2 3 3 3 2 0 3 0 2 0 3 2 2 2 2 3 0 1 2
split_gain=12.2109 5.54408 5.02365 4.60338 4.20505 13.1895 11.703 11.0488 8.16514 5.15748 5.06776 26.675 16.3856 5.89652 71.387 37.8822 4.11757 5.95191 3.22251 4.71314 4.39153 2.80466 2.43427 1.13476 0.328679 0.541174 0.288426 0.323606 5.73161e-05 3.32494e-05
threshold=3.956019297468639 4.0243485990381496 1.5000000000000002 4.0115160874231268 0.14283967029535363 7.3081877281983463 4.8712296690828838 5.2095183253999497 1.5000000000000002 4.6570728482318184 1.5000000000000002 4.3694752276468831 5.5005232433105204 5.067456612105917 5.0481237364455485 4.2987140455362249 0.67667794470697917 4.088410319220233 0.84868432422502627 4.0175483433243269 0.93627207955316738 7.2265362286251831 5.0706860942401697 4.2987140455362249 3.9468444661052655 3.9486247458723072 4.088410319220233 0.86835543145587601 1.0000000180025095e-35 4.0068678565155924
decision_type=2 2 2 2 2 2 2 2 2 2 2 2 2 2 2 2 2 2 2 2 2 2 2 2 2 2 2 2 2 2
left_child=24 2 3 16 5 6 9 22 -9 -3 13 23 -13 14 -6 -15 28 -18 19 -5 -20 -8 -7 -12 -1 26 27 -26 -2 -4
right_child=1 4 29 18 10 7 21 8 -10 -11 11 12 -14 15 -16 -17 17 -19 20 -21 -22 -23 -24 -25 25 -27 -28 -29 -30 -31
leaf_value=0.04999593165688565 0.050017931046014423 0.057140434001464929 0.051137092946754281 -0.076143944899025831 0.00010504601855203554 0.052191106125995028 -0.012959492149348309 -0.00059678926106729064 -0.022828072016313296 0.0049872825792511071 0.050613963295623822 -0.010729312163720663 0.0037399857910888111 0.014089594858204942 -0.01684434362715849 3.6042523010758859e-05 0.0072943013160423524 -0.022703455594836813 0.032903664703146637 0.0096251730589743956 -0.0030375340169529245 -0.024926545671076196 0.01669619296186297 0.030619338588475958 -0.02845406898285946 0.050016930375345318 0.050006097482668238 0.050004045312699419 0.051997106946061682 0.050005151103562046
leaf_weight=11.668647919221256 3.8325219554754137 5.3059214744716874 0.065454637319361519 1.9740009882807488 7742.0631264042167 5.2401179969310752 201.57895760238171 1155.839641533792 42.832922592759132 44.477264270186424 26.39963756033103 225.86945481225848 1463.0607455391437 484.65730274039379 675.42478458152618 45196.322562075322 48.770352952928505 25.017810274119256 34.992771446341067 8.4932281058863719 11.225506284266883 64.667076140642166 61.766157507896423 9.7045751691330207 0.63003118336200647 1.4126869763244938 0.24443883263302268 0.16606781421023697 0.036932867020368465 7.3230303290938537
leaf_count=1666534 12372 50 2167 1962 178279 22 910 5808 182 204 45928 2595 10893 15033 4546 741953 1708314 23020 60056 13411 56804 286 282 1161 36 21514 2092 5873 1 909683
internal_value=9.89734e-06 -1.51081e-06 0.00987528 0.0076677 -2.58963e-05 -0.00256819 -0.0117055 -0.000286675 -0.00139119 0.0105458 4.61372e-05 0.002714 0.00180493 -3.89327e-05 -0.00125498 0.000185145 -0.000239898 -0.00287641 0.0185009 -0.00654991 0.0241743 -0.0158661 0.019472 0.0452395 0.0464983 0.0298622 0.00249923 -0.0120876 0.0500368 0.0500152
internal_weight=57561.1 57546.9 141.732 134.343 57405.2 1581.71 316.029 1265.68 1198.67 49.7832 55823.5 1725.03 1688.93 54098.5 8417.49 45681 77.6576 73.7882 56.6855 10.4672 46.2183 266.246 67.0063 36.1042 14.1219 2.45322 1.04054 0.796099 3.86945 7.38848
internal_count=5491971 3795922 2787790 1875940 1008132 7744 1450 6294 5990 254 1000388 60577 13488 939811 182825 756986 1743707 1731334 132233 15373 116860 1196 304 47089 1696049 29515 8001 5909 12373 911850
is_linear=0
shrinkage=0.05


Tree=171
num_leaves=31
num_cat=0
split_feature=2 3 3 2 0 0 2 1 2 3 3 0 3 0 0 0 2 2 2 1 2 2 3 0 2 0 2 1 0 2
split_gain=11.575 5.09726 7.15152 5.88703 6.97434 6.32419 5.90785 4.3271 4.04466 10.4032 58.6861 54.2248 10.3401 22.4897 9.16329 3.95261 3.02811 4.34922 6.91093 3.23992 0.336886 0.530772 0.271443 0.295601 2.19494e-05 1.40794e-05 6.47724e-06 3.12102e-06 1.85038e-06 8.79649e-06
threshold=3.956019297468639 4.1037171650610258 4.1070139619374189 4.0045014548270919 0.91563000142266593 0.88700856337990219 4.0417407382996835 1.5000000000000002 7.1297169139308805 7.3233027137203726 7.3225632713640296 0.3820810697357887 8.3585725317228619 0.4533208610456857 0.53987881902663493 0.89807491427866115 4.0443143343665344 4.0162406344895718 4.0110677293953136 1.0000000180025095e-35 3.9468444661052655 3.9486247458723072 4.088410319220233 0.86835543145587601 4.0115160874231268 0.94896788322066483 3.9838957784948001 1.0000000180025095e-35 0.93183398269751549 4.0078733565554225
decision_type=2 2 2 2 2 2 2 2 2 2 2 2 2 2 2 2 2 2 2 2 2 2 2 2 2 2 2 2 2 2
left_child=20 7 3 5 24 26 -6 16 9 10 -4 -11 14 -14 -10 -7 17 18 -2 -19 -1 22 23 -22 -5 -18 -3 -27 29 -9
right_child=1 2 8 4 6 15 -8 28 12 11 -12 -13 13 -15 -16 -17 25 19 -20 -21 21 -23 -24 -25 -26 27 -28 -29 -30 -31
leaf_value=0.04999530185182665 0.0030989228047071074 0.050023215996787176 0.00019404533953946214 0.050630076854287692 -0.15240030549095282 -0.28748831378819206 0.050486716329073589 0.050702381528154941 -0.0055466362731720663 -0.00050423669542347079 -0.008877953188146364 0.0078953152355889147 -0.0016054222400919572 0.0095037314563618854 -0.00084700762371921082 -0.10548213382007994 0.050537959732288931 -0.025250292045768702 0.040850617423286502 0.032712771682718959 -0.026280921677041269 0.050016109176592029 0.050005798151115624 0.050003849721666618 0.050043203006113951 0.050125843841695855 0.050517150620353161 0.050036471083167125 0.050001155695500003 0.05000199072545948
leaf_weight=11.099697625414136 48.681637069281351 0.24387856214889225 38455.26158962617 0.17868437143624794 1.233954414448817 0.59135142248123862 0.5059168928710277 0.054571846500038101 1624.538016423583 7870.9256850108504 1869.3203034941107 2541.9756882977672 1562.2816258519888 643.11646652594209 2868.8617050700122 0.60193843208253384 0.17009373102337022 14.535962872969778 16.142722229607898 2.8902086336875064 0.647549428045749 1.3438109141261518 0.23251876229187474 0.15796919416379751 1.4701979289384324 1.6692523719830203 0.091191074810922146 2.3549818618485006 6.5190190053340302 0.25112825440737652
leaf_count=1666534 1695417 531 971588 18 1036 45 189 4 8269 35769 25046 11948 9178 3205 18095 10 26 9985 70695 26370 36 21514 2092 5873 3582 854 9 3943 893521 6589
internal_value=9.51718e-06 -1.33762e-06 -2.03017e-05 -0.0603173 -0.0235758 -0.141782 -0.0934052 0.0116779 -1.51397e-05 0.000137319 -0.000226504 0.00154624 -0.00116988 0.00163412 -0.00254611 -0.195678 0.00865192 0.00653868 0.0124999 -0.0156369 0.0463339 0.0292715 0.00241625 -0.0113208 0.0501068 0.0500924 0.0501576 0.0500735 0.0500068 0.050127
internal_weight=57547.9 57534.5 57441.2 4.91711 3.38875 1.52836 1.73987 93.2696 57436.3 50737.5 40324.6 10412.9 6698.8 2205.4 4493.4 1.19329 86.4449 82.2505 64.8244 17.4262 13.4815 2.38185 1.03804 0.805519 1.64888 4.19433 0.33507 4.02423 6.82472 0.3057
internal_count=5491971 3795922 1088518 5420 4825 595 1225 2707404 1083098 1044351 996634 47717 38747 12383 26364 55 1807290 1802467 1766112 36355 1696049 29515 8001 5909 3600 4823 540 4797 900114 6593
is_linear=0
shrinkage=0.05


Tree=172
num_leaves=31
num_cat=0
split_feature=2 2 1 0 3 3 3 3 3 0 0 3 2 2 0 3 3 3 0 2 2 0 3 1 2 2 3 0 2 0
split_gain=10.9704 4.88009 5.22147 4.0449 17.7555 15.538 16.4421 14.8921 25.2208 11.4994 11.2836 10.3807 10.353 10.3303 9.28973 6.84987 6.09283 2.85006 5.9928 54.0189 3.11616 1.39018 8.73274 0.878189 0.34505 0.520264 0.255658 0.270814 2.8445e-05 1.17728e-05
threshold=3.956019297468639 4.0323590931667415 1.5000000000000002 0.92511295122819293 4.204841850850066 4.3611859606570134 4.4059262332405185 6.5337081385214217 4.6142785673051678 0.87291382978688137 0.99955042434302832 4.1987796469857166 4.20477203786354 4.1643283978498689 0.92309370075706632 7.2860136158073487 4.1836519096534159 4.2207569218799978 0.8150384491514896 4.0120552678771562 4.0110677293953136 0.62001869418354627 4.4835108957664191 1.0000000180025095e-35 3.9468444661052655 3.9486247458723072 4.088410319220233 0.86835543145587601 4.0068678565155924 0.91748323239899976
decision_type=2 2 2 2 2 2 2 2 2 2 2 2 2 2 2 2 2 2 2 2 2 2 2 2 2 2 2 2 2 2
left_child=24 2 17 5 10 12 9 8 -6 -7 11 -5 16 -8 -14 -9 -3 18 19 -2 -20 -19 -23 -12 -1 26 27 -26 29 -4
right_child=1 3 28 4 7 6 13 15 -10 -11 23 -13 14 -15 -16 -17 -18 21 20 -21 -22 22 -24 -25 25 -27 -28 -29 -30 -31
leaf_value=0.04999462160785717 -0.035290812557926092 -0.022552165311418074 0.051739787930870029 0.0036036814678869992 0.0091645165125031122 0.0094542315564573754 0.0073084601604251412 -0.034855993496366665 0.042657055541196608 0.043525613243218061 -0.017605659165171161 -0.017061649517879189 -0.015530493369464011 -0.00015011055922579931 -0.061417592461342624 0.0014610404723161556 -0.0013029148801153266 0.050025317651588068 -0.0031875336905769526 -1.5036858955992223 0.012022789069314895 0.018869732392301341 -0.44884644367497045 0.00089614314321293615 -0.024326657819013567 0.050015329338283426 0.050005516733721347 0.050003660473993808 0.050004577844659573 0.050345982699924234
leaf_weight=10.558498859761128 2.3407600955388257 37.967382873030147 0.03249502182006736 91.009757268340763 404.70909867453156 143.66345969277609 468.29483246000018 13.536279075313358 65.274185395624954 29.923051475780085 6.4404963581764596 182.88494540425017 163.52165435487404 53573.855607723846 11.827424101531504 318.11317033320665 302.57098297438642 3.653779777778257 62.243410146234055 0.064354515459854045 73.360223041018344 23.613528792368019 0.10022250155452539 1534.115469776687 0.6641449257731431 1.2782919060996389 0.22117990544938948 0.15026550005904937 7.1596226287797435 0.028383247716192272
leaf_count=1666534 3013 6959 1 15518 4843 12939 74636 978 383660 178 52 947 775 422613 50 2699 31607 8978 1701261 23 156409 37774 134 9172 36 21514 2092 5873 918537 2166
internal_value=9.09066e-06 -1.23792e-06 0.00839365 -2.65036e-05 0.0018942 -0.00011831 -3.61305e-05 0.00809139 0.0138162 0.0153275 -0.000843754 -0.010195 -0.00875473 -8.54793e-05 -0.0186256 -2.124e-05 -0.00367204 0.00657648 0.0036535 -0.0745812 0.0050411 0.0213164 0.016893 0.000818794 0.0461624 0.0286755 0.00233453 -0.0106121 0.0500137 0.05109
internal_weight=57533.2 57520.3 172.597 57347.7 2616.08 54731.6 54215.7 801.633 469.983 173.587 1814.45 273.895 515.887 54042.2 175.349 331.649 340.538 165.376 138.009 2.40511 135.604 27.3675 23.7138 1540.56 12.8724 2.31388 1.03559 0.81441 7.2205 0.0608783
internal_count=5491971 3795922 2828296 967626 417869 549757 510366 392180 388503 13117 25689 16465 39391 497249 825 3677 38566 1907592 1860706 3036 1857670 46886 37908 9224 1696049 29515 8001 5909 920704 2167
is_linear=0
shrinkage=0.05


Tree=173
num_leaves=31
num_cat=0
split_feature=2 2 1 2 2 3 3 0 3 0 0 2 3 3 1 3 2 0 0 0 3 0 0 2 2 2 3 0 1 2
split_gain=10.3954 4.57047 4.4959 4.02766 3.95862 29.3256 45.2841 36.0027 19.5466 73.7036 36.609 23.0126 17.9151 17.462 17.3571 9.09917 6.33991 6.39394 5.89948 3.7677 5.02036 2.856 4.21792 3.51579 0.353153 0.509659 0.24096 0.248766 4.65599e-05 2.44388e-05
threshold=3.956019297468639 4.0243485990381496 1.5000000000000002 4.0115160874231268 5.5065052677616686 5.9991846393519213 6.5337081385214217 0.44346840764792678 5.8260591009502205 0.28089262762801198 0.59740168283145612 5.2713098734200639 5.9160942342697309 7.3225632713640296 1.0000000180025095e-35 5.6545922206575856 5.6599165454229086 0.71110240231374011 0.73404260302458579 0.67667794470697917 4.0857241763958845 0.84868432422502627 0.93627207955316738 4.0181814929440138 3.9468444661052655 3.9486247458723072 4.088410319220233 0.86835543145587601 1.0000000180025095e-35 4.0068678565155924
decision_type=2 2 2 2 2 2 2 2 2 2 2 2 2 2 2 2 2 2 2 2 2 2 2 2 2 2 2 2 2 2
left_child=24 2 3 19 8 16 7 -7 9 15 12 -11 -10 -8 -12 -3 17 -6 -18 28 -21 23 -23 -5 -1 26 27 -26 -2 -4
right_child=1 4 29 21 5 6 13 -9 10 11 14 -13 -14 -15 -16 -17 18 -19 -20 20 -22 22 -24 -25 25 -27 -28 -29 -30 -31
leaf_value=0.049993874255743476 0.05001647213684262 0.039477235223677472 0.05103575274760537 -0.053728881751064508 -0.053137495967034445 -0.006536570079733052 0.0027550721276225791 0.028016872683879448 -0.0065543432793520595 0.00018692722515787949 -0.052448448700172325 -0.027521255856189249 -0.00098361114703846117 -0.00046289097628092956 -0.0012529393074558026 0.019075660953174062 0.030282342889843557 -0.01262774001131433 -0.10209826251874968 0.0070976121050293928 -0.020027461381549715 0.031959830270246216 -0.0036545804720949379 0.011468574996956492 -0.022561787609299163 0.050014586178551639 0.050005247911430885 0.050003480311724836 0.051860116963649186 0.050004441055874649
leaf_weight=10.043701231345493 3.5204393320969269 67.142232269958185 0.057969139461873875 2.8167962562729354 18.304281994700432 106.20491628348827 5456.6784859899781 259.79024019206554 1724.8183070877567 21888.064904870989 53.044409409165382 75.193126117461361 8840.2476882088231 18537.240087217651 24.067813605070114 293.81636771390913 0.97984924912452598 20.820212487247773 5.9648389667418087 47.417884773633844 26.642666126863332 33.170870319532696 11.094033831573141 7.7760407084861072 0.67986977845430308 1.2159664805726604 0.21039393770843162 0.14293746371549787 0.034581437706947216 6.3346666634470239
leaf_count=1666534 12372 3727 2167 2381 99 601 135821 305044 8550 397123 279 558 42679 109066 100 4173 5 162 145 1707921 23413 60056 56804 12992 36 21514 2092 5873 1 909683
internal_value=8.86973e-06 -9.57209e-07 0.00905903 0.00708271 -2.28863e-05 0.000459815 0.000535187 0.0179901 -0.000380244 0.00046037 -0.00214361 9.20658e-05 -0.00189307 0.000268936 -0.0364696 0.0228706 -0.0393947 -0.0315801 -0.0834202 -0.00024683 -0.00266041 0.0174529 0.0230339 -0.00586842 0.0459835 0.0280749 0.00225425 -0.0099558 0.0500344 0.0500138
internal_weight=57523.5 57511.2 138.866 132.473 57372.4 24406 24359.9 365.995 32966.4 22324.2 10642.2 21963.3 10565.1 23993.9 77.1122 360.959 46.0692 39.1245 6.94469 77.6156 74.0606 54.8577 44.2649 10.5928 12.2929 2.24917 1.0332 0.822807 3.55502 6.39264
internal_count=5491971 3795922 2787790 1875940 1008132 550943 550532 305645 457189 405581 51608 397681 51229 244887 379 7900 411 261 150 1743707 1731334 132233 116860 15373 1696049 29515 8001 5909 12373 911850
is_linear=0
shrinkage=0.05


Tree=174
num_leaves=31
num_cat=0
split_feature=2 0 3 3 3 1 2 3 0 3 3 1 0 2 3 3 0 3 0 3 3 0 2 2 2 1 0 2 0 2
split_gain=9.84877 4.43267 13.6766 27.7847 10.3215 9.98606 10.1326 9.09208 8.2166 7.35 14.4051 12.2549 10.2902 133.527 9.95302 7.42965 22.1501 19.4381 6.4785 9.47057 3.85933 3.65847 7.62947 4.51236 2.89783 2.1017 2.57829 1.1312 9.11957 0.361178
threshold=3.956019297468639 0.96558802471866301 4.2388055889009033 4.3282302013682576 4.1987796469857166 1.0000000180025095e-35 6.5638137176689879 7.9844543739244713 0.99955042434302832 4.6428993089071149 4.6680510796181691 1.5000000000000002 0.7816713295973009 5.1322104889489637 5.5005232433105204 4.4417685123134873 0.94478745065665781 4.3611859606570134 0.96891556390377831 4.2471371748818294 4.204841850850066 0.7570029747540562 4.4527119691926762 4.3329479324565865 4.2375608875783284 1.5000000000000002 0.9799861889585838 4.2987140455362249 0.78793594737143458 3.9468444661052655
decision_type=2 2 2 2 2 2 2 2 2 2 2 2 2 2 2 2 2 2 2 2 2 2 2 2 2 2 2 2 2 2
left_child=29 9 4 18 25 6 -5 -7 20 11 21 15 14 -14 -12 17 -17 -2 19 -4 -6 23 -23 -11 -20 26 -3 -13 -29 -1
right_child=1 2 3 5 8 7 -8 -9 -10 10 12 27 13 -15 -16 16 -18 -19 24 -21 -22 22 -24 -25 -26 -27 -28 28 -30 -31
leaf_value=0.049993058210796248 -0.0041980134474473357 0.033334973947001328 -0.014808337552280039 0.04476867206026916 -0.013967982969240034 0.0034859628588575923 -0.011940399914575725 -0.070597147639059984 0.00079550180131754032 0.014470917822388877 -0.0013019681877069061 0.050287279325265194 0.036338527357258163 -0.0051400833286868088 0.00029299318406762238 -0.0057795635215878507 -0.13979559528784657 0.010186434773533357 0.077948947254863607 0.06925677574893789 0.00071406105084296232 -0.049591707198171422 0.051426917450058687 0.041141717858731719 0.046143976382939218 0.050007457234601732 0.010595974716619851 -0.21331101125878998 0.050389406523094683 0.027470311590867796
leaf_weight=9.5540165308584601 905.813319655952 17.245943209248708 9.5579317957162839 28.57843228378988 151.74106903746724 342.46448958572 10.874102056783157 4.1922695636749259 1532.8820395320654 110.00507297758304 13096.672399676936 11.470929257518945 255.71128709086042 804.32606006406422 38638.26455010724 1073.2015316609322 3.0920918036717913 317.06872903970361 9.2581315673887712 5.1584977318998417 63.485003840178251 5.5808796687051636 2.8102901358506642 18.530242342501879 31.629383482853882 5.1931178395479938 44.97772167411722 0.37881049979478065 2.4377705631777644 2.187552252439672
leaf_count=1666534 237188 54611 39 354354 787 5199 680 22 6259 4058 96932 80932 13783 44108 317916 40061 67 26258 43 41 270 72 211 95 725 869750 1641053 39 369 29515
internal_value=8.67219e-06 -6.77398e-07 0.00217111 0.0100616 0.000251385 0.00530273 0.0291382 0.00259004 -0.000488971 -8.94134e-05 3.11564e-05 -0.00284804 -1.08502e-05 0.00486574 -0.00011077 -0.00313491 -0.00616458 -0.000468415 0.0431065 0.0146587 -0.00963724 0.0162277 -0.0157595 0.0183159 0.0533456 0.0194487 0.0168983 0.0433158 0.0149235 0.0457969
internal_weight=57514.3 57502.6 2257.24 441.713 1815.52 386.109 39.4525 346.657 1748.11 55245.4 52931.9 2313.46 52795 1060.04 51734.9 2299.18 1076.29 1222.88 55.6039 14.7164 215.226 136.926 8.39117 128.535 40.8875 67.4168 62.2237 14.2875 2.81658 11.7416
internal_count=5491971 3795922 2933833 361103 2572730 360255 355034 5221 7316 862089 477175 384914 472739 57891 414848 303574 40128 263446 848 80 1057 4436 283 4153 768 2565414 1695664 81340 408 1696049
is_linear=0
shrinkage=0.05


Tree=175
num_leaves=31
num_cat=0
split_feature=2 2 3 3 2 1 1 2 3 3 3 2 1 0 1 0 3 3 2 1 1 0 2 0 0 3 3 0 1 1
split_gain=9.32683 4.22476 120.238 40.9779 38.6114 36.1844 26.7442 26.5222 25.8223 40.8681 21.5249 69.1771 21.2667 18.4484 17.0119 18.9456 16.9434 16.5626 16.5611 19.7703 14.1574 13.8299 39.0711 12.343 11.6813 8.70362 7.66463 6.25579 5.46038 5.21963
threshold=3.956019297468639 4.7327784207308978 5.1648431135156008 5.4425259239190353 4.3694752276468831 1.0000000180025095e-35 1.5000000000000002 5.5065052677616686 5.9991846393519213 6.5337081385214217 5.4191623752586162 4.5731551881208814 1.0000000180025095e-35 0.33161813793822242 1.0000000180025095e-35 0.32171717521238496 5.8260591009502205 5.067456612105917 4.7783038066593404 1.5000000000000002 1.5000000000000002 0.59740168283145612 5.2713098734200639 0.53076276947933909 0.84868432422502627 5.0118012668796874 7.717130928926049 0.85961733530106088 1.0000000180025095e-35 1.0000000180025095e-35
decision_type=2 2 2 2 2 2 2 2 2 2 2 2 2 2 2 2 2 2 2 2 2 2 2 2 2 2 2 2 2 2
left_child=-1 3 5 10 14 17 16 21 29 -10 13 12 -12 28 -5 -16 -6 24 25 -20 -13 26 -23 -15 -3 -7 -4 -19 -2 -9
right_child=1 2 7 4 6 18 -8 8 9 -11 11 20 -14 23 15 -17 -18 27 19 -21 -22 22 -24 -25 -26 -27 -28 -29 -30 -31
leaf_value=0.045596635102078897 0.016035559876429861 -0.070804893660526266 -0.0018415984018633974 0.0063328634356539324 0.0057391987134371219 0.049894853336025835 0.029513584639351928 -0.045658079156727732 0.017171867076666836 0.00024863382421242488 -0.031209433930776194 0.0057249492545703926 -0.010469892493858544 0.0017192133856455548 0.040582976112353633 -0.049628182276050703 -0.00090804269144522894 0.0020665036714330978 0.047433743705171373 -0.058665548198392196 -0.057196615933143229 -0.0041439454503095765 -0.031199345101646993 -0.00139393747956676 0.026097225248160202 0.0033253979073191338 0.026250178813314796 0.050070044942626714 0.047714893857215133 -0.006058953555122642
leaf_weight=11.217237375851253 35.764722784111655 12.656387683004143 12225.395823359489 71.744482106107171 2501.0290838032961 13.124872531276194 98.85123698413372 36.264491425899905 362.1300962227906 23989.457691284944 254.22759370817221 537.59401141107082 240.57664205596666 5048.3923434030294 128.24053696617193 6.0967608257196835 1554.4803200345486 33.701799049973488 197.88738038018346 4.4902792675420633 9.0909166783094388 1249.2534843721223 149.39855379017536 8620.8529979758641 4.1232075763982712 42.592396192252636 24.329667627811432 8.498398733288921 21.950648848142009 10.799881828948854
leaf_count=1696049 3111 162 55987 4811 13782 374 1718 352 305645 244887 1717 2293 1522 48229 2811 33 8305 260 6147 86 54 44511 908 2991564 2461 196 109 52437 1391 59
internal_value=8.51726e-06 -3.77265e-07 -0.000303031 0.000606612 0.00486556 0.0303595 0.00381763 -0.000558565 0.000428788 0.000500298 -0.000650858 -0.00758086 -0.0211258 -0.000125067 0.0259905 0.0364888 0.00319131 -0.00497407 0.038434 0.0450797 0.00467862 -0.00232362 -0.0070339 -0.000244173 -0.0469934 0.0142954 -0.0017858 0.0117336 0.028084 -0.0365713
internal_weight=57504.2 57493 38364.1 19128.9 4360.44 317.075 4154.36 38047 24398.7 24351.6 14768.4 1041.49 494.804 13727 206.082 134.337 4055.51 58.9798 258.095 202.378 546.685 13648.4 1398.65 13669.2 16.7796 55.7173 12249.7 42.2002 57.7154 47.0644
internal_count=5491971 3795922 714581 3081341 31460 62123 23805 652458 550943 550532 3049881 5586 3239 3044295 7655 2844 22087 55320 6803 6233 2347 101515 45419 3039793 2623 570 56096 52697 4502 411
is_linear=0
shrinkage=0.05


Tree=176
num_leaves=31
num_cat=0
split_feature=2 1 2 3 3 2 3 2 3 3 2 0 0 2 1 3 0 0 0 0 3 0 3 3 0 3 3 3 2 2
split_gain=8.82983 4.39192 15.2852 27.8331 18.8276 54.2814 17.1392 23.57 11.8114 9.96243 23.3075 25.7818 21.4948 9.60363 11.2231 12.2849 12.3333 9.03214 9.00461 8.34751 7.84381 7.2557 39.8103 20.5601 15.0894 28.3837 10.0103 6.48097 1.28983 0.387959
threshold=3.956019297468639 1.0000000180025095e-35 5.0886041562929067 5.7067114346293515 7.3155776058677429 6.2840647075723846 5.4425259239190353 5.1322104889489637 7.3233027137203726 5.353160555104469 4.4128032160370898 0.27128003979797599 0.5042456314692344 4.1876727905124937 1.5000000000000002 4.204841850850066 0.29087206909299079 0.98283556046468101 0.63038439834193272 0.57511954246434016 5.0939955393789083 0.52179196583813592 4.9268187134029358 5.1648431135156008 0.59378873841925628 5.9160942342697309 5.1648431135156008 4.8348920329238334 4.2375608875783284 3.9468444661052655
decision_type=2 2 2 2 2 2 2 2 2 2 2 2 2 2 2 2 2 2 2 2 2 2 2 2 2 2 2 2 2 2
left_child=29 2 9 6 5 -5 7 -4 -6 12 11 -11 20 14 15 17 -17 -3 -12 -8 -2 22 28 -24 25 -23 -26 -14 -15 -1
right_child=1 13 3 4 8 -7 19 -9 -10 10 18 -13 27 21 -16 16 -18 -19 -20 -21 -22 24 23 -25 26 -27 -28 -29 -30 -31
leaf_value=0.04999127800571028 0.00098665852832280116 -0.0094943973649802352 0.02470621168708869 0.0023823940925957309 -0.014814506554769328 0.029551266555895458 -0.015127519602938259 -0.024017986016265907 -0.00076179395873946637 0.014375016983779874 -0.0004088095072627928 -0.019974577649281511 0.0016623903697838259 0.036261643751259891 0.050039034028785671 -0.63784958758801613 0.013597289631611168 0.024437983419296982 -0.013293656200563024 0.030999488615315374 0.0086658985755421868 -0.0082622565951046487 -0.0084982591460087895 0.00024907468372951832 0.0014136018424713412 0.00026263926568643943 -0.0018556073093434441 -0.0027853794463558695 0.056628791602658747 0.02573748451273496
leaf_weight=8.6832215664285268 479.82958013024836 138.72162515934997 54.120548588056408 1942.1528778606262 184.94433783844579 203.06523643638502 10.424068957567213 45.846364412427647 780.82892396883108 66.678787607779668 5017.2045597303659 302.24727270728908 1476.9922105782171 10.804351803846655 14.89992781636556 0.072678070864639177 224.23713985778159 22.840011495953149 139.36231228709221 165.99191454541869 1083.2179244225117 1908.1667986214161 687.53044371423312 29287.760252876848 4740.0618145860499 1999.6057712137699 4627.4251184705645 1838.5123901029074 27.710132117383182 2.035255434548616
leaf_count=1666534 11634 129287 36074 33356 18201 391582 57 45331 4643 3874 27672 4896 890135 225 955306 32 56420 937891 689 1519 10103 8695 3951 136257 30741 9529 27336 20350 136 29515
internal_value=8.54988e-06 8.8405e-08 0.000777981 0.00369521 0.00234431 0.00495419 0.0189011 0.00236054 -0.00345287 -0.000171818 -0.00162564 -0.0137663 0.0014748 -0.000245466 0.00745892 0.00581475 0.0133862 -0.00469737 -0.000757038 0.0282739 0.0063085 -0.000316794 0.000113714 4.84408e-05 -0.00129012 -0.00390007 -0.000201348 -0.000803985 0.0509153 0.0453859
internal_weight=57492 57481.3 13791.4 3387.37 3110.99 2145.22 276.383 99.9669 965.773 10404 5525.49 368.926 4878.55 43689.8 400.771 385.871 224.31 161.562 5156.57 176.416 1563.05 43289.1 30013.8 29975.3 13275.3 3907.77 9367.49 3315.5 38.5145 10.7185
internal_count=5491971 3795922 1500116 530763 447782 424938 82981 81405 22844 969353 37131 8770 932222 2295806 2078936 1123630 56452 1067178 28361 1576 21737 216870 140569 140208 76301 18224 58077 910485 361 1696049
is_linear=0
shrinkage=0.05


Tree=177
num_leaves=31
num_cat=0
split_feature=2 1 0 2 2 3 3 3 0 0 2 1 3 0 0 2 3 2 2 0 0 2 0 3 2 2 2 3 0 3
split_gain=8.3584 3.97326 14.5878 13.7533 48.2779 35.4066 9.43363 9.34299 11.7087 11.3451 8.74776 10.8138 11.1976 8.78961 8.32168 7.47099 6.65148 66.7056 62.1947 32.1974 18.7798 18.2464 17.5407 5.10101 21.1543 0.396548 0.55146 0.250695 0.252392 0.00221726
threshold=3.956019297468639 1.0000000180025095e-35 0.97439000911848883 6.951795789371034 6.742726673005488 7.2579402070459418 7.2960267532015175 7.6470605825873621 0.85441053803614497 0.47314934341579079 4.1876727905124937 1.5000000000000002 4.204841850850066 0.92844031038207986 0.97591119841928464 7.220131748367046 5.4425259239190353 4.3694752276468831 5.164810817739462 0.67109024589866439 0.8150384491514896 4.7327784207308978 0.32171717521238496 4.338466511397848 4.2987140455362249 3.9468444661052655 3.9486247458723072 4.088410319220233 0.86835543145587601 7.2265362286251831
decision_type=2 2 2 2 2 2 2 2 2 2 2 2 2 2 2 2 2 2 2 2 2 2 2 2 2 2 2 2 2 2
left_child=25 2 3 4 6 -6 -2 8 -5 -9 11 12 14 -14 -3 23 18 22 19 -12 -20 -19 -18 24 -4 -1 27 28 -27 -25
right_child=1 10 15 7 5 -7 -8 9 -10 -11 16 -13 13 -15 -16 -17 17 21 20 -21 -22 -23 -24 29 -26 26 -28 -29 -30 -31
leaf_value=0.049990210113221689 0.00072206057892620706 -0.012484388239798472 0.020574319912589331 -0.05325135459466504 -0.17739348104916153 0.024169015059353254 -0.0054005993956077677 -0.014252268845445637 0.0076165575632158025 0.018381516048518783 -0.0035893407461166948 0.050037154492205506 0.010377847398420906 0.053018747815111844 0.011645636782003678 -0.014291010222195314 0.039825302396602737 0.0038640692880415779 -0.075473956116208774 0.0022741419834638212 -0.24311823719034154 -0.00044915307343146738 -0.046318590047983756 0.050015009810907556 -0.54229081542273061 -0.028236067908097153 0.050012580259462751 0.050004521459002339 0.050003000362608699 0.055575993739394973
leaf_weight=8.259908127511606 12616.044766291143 107.62279521247683 17.958951863198312 26.278116203146055 2.1977566945715798 251.75784889888018 662.14651883987244 123.20473399758339 11.297580314218065 33.97726427949965 6091.8724014844629 14.173768939869204 209.50109286997758 12.825117498636244 53.487866166013191 9.0612904801964742 124.20362087374087 2665.6453547894489 3.5858665257692328 3802.7458598136436 3.1275467416271567 30587.373421274126 6.204518621787428 25.251799356115956 0.16849468555301328 0.63174618780612846 1.0479130879593865 0.18130868359730812 0.12317653284253538 0.1805294007062902
leaf_count=1666534 355148 105986 699466 800 1108 95734 5053 688 770 218 29961 955306 56396 56 961192 82 2805 12671 22 26531 60 144787 33 341033 14 36 21514 2092 5873 2
internal_value=8.40051e-06 3.4953e-07 0.000740618 0.000639892 0.00082976 0.0224247 0.000416741 -0.0125525 -0.0349507 -0.00719798 -0.000233167 0.00714934 0.00556399 0.0128376 -0.00447335 0.0270163 -0.000300982 3.65717e-05 -0.00143908 -0.00133586 -0.153574 -0.000103394 0.0357268 0.035609 0.0153425 0.0451687 0.0250971 -0.00279053 -0.0154702 0.0500545
internal_weight=57472.1 57461.9 13779.5 13726.9 13532.1 253.956 13278.2 194.758 37.5757 157.182 43682.4 397.611 383.437 222.326 161.111 52.6211 43284.8 33383.4 9901.33 9894.62 6.71341 33253 130.408 43.5598 18.1274 10.2441 1.98414 0.936231 0.754923 25.4323
internal_count=5491971 3795922 1500116 459519 457043 96842 360201 2476 1570 906 2295806 2078936 1123630 56452 1067178 1040597 216870 160296 56574 56492 82 157458 2838 1040515 699480 1696049 29515 8001 5909 341035
is_linear=0
shrinkage=0.05


Tree=178
num_leaves=31
num_cat=0
split_feature=2 2 1 2 3 0 3 0 3 3 0 0 2 3 3 0 3 0 0 0 0 2 2 2 2 3 0 1 2 0
split_gain=7.91262 3.78762 3.78873 4.01687 3.68963 11.3219 10.3408 7.4233 6.73682 6.52244 5.57344 6.72051 4.25385 8.12667 3.99876 3.62673 4.10433 3.3583 3.00382 2.69299 4.17338 3.04173 2.42185 0.403943 0.535523 0.233959 0.229851 3.63195e-05 1.35985e-05 5.57213e-06
threshold=3.956019297468639 4.0243485990381496 1.5000000000000002 4.0115160874231268 4.1836519096534159 0.95234617998841065 4.1784559019061511 0.89807491427866115 4.1109558246685376 4.1987796469857166 0.98338638798313671 0.96101854138375586 4.0532899411725376 4.204841850850066 5.067456612105917 0.67667794470697917 4.088410319220233 0.99999915540540552 0.97439000911848883 0.84868432422502627 0.90488931783257687 4.0181814929440138 4.1107138088430979 3.9468444661052655 3.9486247458723072 4.088410319220233 0.86835543145587601 1.0000000180025095e-35 4.0068678565155924 0.91748323239899976
decision_type=2 2 2 2 2 2 2 2 2 2 2 2 2 2 2 2 2 2 2 2 2 2 2 2 2 2 2 2 2 2
left_child=23 2 3 15 5 6 8 -8 -3 10 11 -6 13 -11 -14 27 -17 18 -7 21 -21 -5 -19 -1 25 26 -25 -2 29 -4
right_child=1 4 28 19 9 17 7 -9 -10 12 -12 -13 14 -15 -16 16 -18 22 -20 20 -22 -23 -24 24 -26 -27 -28 -29 -30 -31
leaf_value=0.049989043012527962 0.050015624094896231 -0.052468445639841946 0.051352586661840116 -0.04848430728473415 0.028866538649929663 0.01619457153967661 -0.11058382907838418 -0.033835601800449984 -0.0031883332862327448 -0.061372296744420775 0.07942368570956225 -0.0071914252302774546 -0.0010510696314474652 0.015932299641522134 0.00013894117919629651 0.005817979288900231 -0.018811817410041589 0.050040089916985622 0.058826733857627239 0.043544353370858838 0.011160204038622563 0.011120906830533314 -0.020305403881153958 -0.026085270404338869 0.050011970862089167 0.05000430096370076 0.050002852811612555 0.051709175618540798 0.050003653512128779 0.050270175668662757
leaf_weight=7.8572467840162954 3.3377762467567176 7.7778693305444895 0.025645431131123497 2.9634199200954736 29.505957920890069 10.415844144647059 4.0048722941573969 14.771301675646098 64.001863171273726 3.5767543242982347 3.3682325631380072 22.991631742333993 8252.9884957284594 68.683937841604347 48808.296690913914 47.163915744792078 26.372633760212921 1.5222724977720634 6.8484801558606696 15.378265275328884 28.177325198002563 7.7066682991135167 6.2346316687762737 0.64917390793561913 0.99681761420833936 0.17246689948660787 0.11716947870672811 0.031961079686880001 5.1929644333090437 0.022167042336150189
leaf_count=1666534 12372 4210 1 2381 3985 4840 1035 112 16203 1488 14 123 116779 63878 779405 1708314 23020 2622 13400 27198 89662 12992 38 36 21514 2092 5873 1 909683 2166
internal_value=8.30783e-06 6.46162e-07 0.00832352 0.00665743 -1.91604e-05 -0.00894373 -0.0171697 -0.0502056 -0.0085282 -1.12423e-06 0.017075 0.0130747 -1.78215e-05 0.0121059 -3.31746e-05 -0.000690774 -0.00301508 0.0208276 0.0331061 0.0170791 0.0225941 -0.00543334 -0.00650028 0.0449488 0.0244891 -0.00261073 -0.0144518 0.0500317 0.0500114 0.0508508
internal_weight=57451.2 57441.4 136.373 131.132 57305 115.577 90.5559 18.7762 71.7797 57189.4 55.8658 52.4976 57133.5 72.2607 57061.3 76.9063 73.5365 25.0212 17.2643 54.2257 43.5556 10.6701 7.7569 9.79287 1.93563 0.93881 0.766343 3.36974 5.24078 0.0478125
internal_count=5491971 3795922 2787790 1875940 1008132 42460 21560 1147 20413 965672 4122 4108 961550 65366 896184 1743707 1731334 20900 18240 132233 116860 15373 2660 1696049 29515 8001 5909 12373 911850 2167
is_linear=0
shrinkage=0.05


Tree=179
num_leaves=31
num_cat=0
split_feature=2 3 0 3 0 0 3 2 3 1 2 0 0 1 0 0 0 2 3 2 0 1 0 1 0 0 2 3 0 1
split_gain=7.48899 3.7203 61.3624 36.2841 17.3695 36.8363 59.688 27.2465 32.7675 16.7882 15.521 13.5424 11.2215 23.0244 10.8711 9.18859 7.18133 19.084 12.4136 6.73457 6.72467 13.1595 9.81341 5.72457 4.46824 4.29529 4.06515 8.26503 3.53359 3.28379
threshold=3.956019297468639 5.8260591009502205 0.28089262762801198 5.9160942342697309 0.49406175338830077 0.67109024589866439 4.6428993089071149 4.5731551881208814 5.0481237364455485 1.0000000180025095e-35 4.4527119691926762 0.59006474772855433 0.3820810697357887 1.0000000180025095e-35 0.4533208610456857 0.2632453871837514 0.27128003979797599 4.49855624743092 5.7622085907676386 6.8303344683222234 0.48377961100321759 1.0000000180025095e-35 0.42328453732171639 1.0000000180025095e-35 0.20746273059816209 0.60049100728220639 4.4128032160370898 5.7622085907676386 0.59740168283145612 1.0000000180025095e-35
decision_type=2 2 2 2 2 2 2 2 2 2 2 2 2 2 2 2 2 2 2 2 2 2 2 2 2 2 2 2 2 2
left_child=-1 2 15 11 7 9 -7 8 -4 -6 24 20 19 -14 -9 26 17 -17 -18 -12 22 -22 -3 28 -5 -25 29 -28 -13 -2
right_child=1 3 4 10 5 6 -8 14 -10 -11 12 23 13 -15 -16 16 18 -19 -20 -21 21 -23 -24 25 -26 -27 27 -29 -30 -31
leaf_value=0.044719960590004298 0.0035930853093589961 -0.0056069909615754573 0.015217495746216345 0.045805524854239985 -0.00065810016351456604 -0.00093730238817572224 0.010893159358432205 0.0067767386783619604 -0.0016910004723345402 -0.0053276675636159069 -0.00033794800704606254 0.0055314622254544763 0.0081196749928772426 0.00052813817082440035 0.0011588669032505923 0.036884799145201728 0.0047680447353642286 -0.083424278560351645 0.035406622507244155 -0.0029083084801014183 0.010942168536869504 -0.014305024932724687 -0.016555147580898308 -0.052135501121536976 0.0078999307053067933 0.00051950196188633687 -0.083268056831302742 0.0010902570764984548 -0.037252502904845712 0.02851453961063264
leaf_weight=9.3636402149422775 33.260812606371474 1248.8407323371503 305.90784157138296 23.513777741405647 3551.5040210002189 4079.7371764714171 1443.3578456935065 2687.9446878805757 4523.8348681658754 4202.453343414265 17157.904402256012 5.2464890033006659 1089.9469181575842 11940.345890955999 1267.0613363236189 131.26622093332116 79.112239918329578 3.381091032177209 56.792892839759588 2992.8805454522371 143.83688282966614 80.496799662709236 244.80380009114742 4.5661948621273067 11.614632437005637 25.514409728348255 3.4212444350123432 19.188317548017949 60.22578647514456 21.9353210250556
leaf_count=1696049 2424 6318 13406 616 47934 2919099 108034 12345 35689 43271 80326 34 434831 61269 5487 2475 2015 24 493 16288 778 327 1079 19 130 111 33 178 369 520
internal_value=7.99412e-06 7.05344e-07 0.000503798 -0.000321147 0.000175029 -0.000966159 0.00215437 0.00189979 -0.000620045 -0.00318889 5.48613e-05 -0.00720802 1.9694e-05 0.00116315 0.00497695 0.021325 0.0256797 0.0338638 0.0175715 -0.000719709 -0.00618903 0.00188281 -0.00740136 -0.0255288 0.0332727 -0.00747346 0.00618238 -0.0116747 -0.0338241 0.013497
internal_weight=57449.3 57439.9 22410.2 35029.7 22061.8 13277.1 5523.1 8784.75 4829.74 7753.96 33216.2 1813.53 33181.1 13030.3 3955.01 348.358 270.552 134.647 135.905 20150.8 1717.98 224.334 1493.64 95.5529 35.1284 30.0806 77.8057 22.6096 65.4723 55.1961
internal_count=5491971 3795922 3193427 602495 3185265 3118338 3027133 66927 49095 91205 593460 9035 592714 496100 17832 8162 5007 2499 2508 96614 8502 1105 7397 533 746 130 3155 211 403 2944
is_linear=0
shrinkage=0.05


Tree=180
num_leaves=31
num_cat=0
split_feature=2 2 1 0 3 2 3 3 1 1 2 3 3 3 2 1 3 3 0 2 0 0 0 2 2 0 0 0 2 2
split_gain=7.14224 3.75159 4.046 3.41383 12.0051 10.6647 10.4357 7.20414 5.2503 4.39809 23.6327 16.2805 5.1129 62.0994 32.3829 3.44187 3.16424 2.69419 3.03254 11.3668 2.88423 1.32647 6.58114 1.14489 1.17371e-05 4.796e-06 2.66993e-06 6.20161e-05 0.000695175 0.00332899
threshold=3.9468444661052655 4.0323590931667415 1.5000000000000002 0.14283967029535363 7.3081877281983463 4.7783038066593404 7.3853363710035973 7.855699677624826 1.0000000180025095e-35 1.5000000000000002 4.3694752276468831 6.6878875668217104 5.067456612105917 5.0481237364455485 4.2987140455362249 1.5000000000000002 6.6192327316390651 4.2207569218799978 0.8150384491514896 4.0045014548270919 0.82743180515087889 0.62001869418354627 0.62321938227643348 4.2987140455362249 4.0068678565155924 0.91748323239899976 0.85961733530106088 0.85441053803614497 3.9400229438481009 3.8959860322208582
decision_type=2 2 2 2 2 2 2 2 2 2 2 2 2 2 2 2 2 2 2 2 2 2 2 2 2 2 2 2 2 2
left_child=26 2 17 4 5 16 8 -8 -6 12 23 -12 13 -5 -14 -7 -3 18 19 -2 -20 -19 -23 -11 25 -4 27 -1 29 -29
right_child=1 3 24 9 6 15 7 -9 -10 10 11 -13 14 -15 -16 -17 -18 21 20 -21 -22 22 -24 -25 -26 -27 -28 28 -30 -31
leaf_value=0.05000226707305945 -0.0059019801328108849 0.064084495485707813 0.051286085465412572 0.00010213417779484874 0.032068974294943896 -0.01474251819992628 -0.0079647229965827022 0.00080831174066969 0.0077623883099523991 0.05062373985361146 -0.0037496516936896141 0.0061355011010200975 0.013158935362855917 -0.015758026173591243 3.6940580812310202e-05 0.012678942381288374 0.013692718475116225 0.050023942769638098 0.050143231544167534 -0.27478089738138867 0.0031706490671284827 -0.34169503368579995 0.018320183269972305 0.02994539854879277 0.050003429768576038 0.050257307232780712 0.050000474211740531 0.050000165128700674 0.050003593358177605 -0.050051169103979866
leaf_weight=1.172708740709594 2.6766629150260992 3.7285127879658857 0.024447837844490006 7683.9090141145934 26.722804754972458 279.8900865316391 336.17701874673367 769.933753490448 131.74669973552227 23.24677339354821 752.91745593887754 932.26642153412104 475.12201307300711 671.08220352738863 45118.498479685208 11.931163892149923 18.939425140619278 3.343759004201277 3.3514726535504442 0.46072276798076917 131.20544066099228 0.12763899623314756 23.189314173170715 9.4007007157197204 5.354277585134696 0.021110880276864918 5.9109484681175672 0.0044712260889808722 0.058296013725339435 0.0010212967172265053
leaf_count=40506 7631 41 1 146694 123 1260 1469 4056 646 37074 6473 7015 14971 4541 741953 54 95 9156 5004 48 1875788 313 39167 1161 918537 2166 1623840 1375 811 2
internal_value=7.81785e-06 1.59616e-06 0.00742364 -2.0413e-05 -0.00231295 -0.0110552 -0.000138835 -0.00185805 0.0118612 4.46185e-05 0.00253523 0.00171895 -3.46874e-05 -0.00117177 0.000173682 -0.0136214 0.0219814 0.00602447 0.00320757 -0.0453867 0.00434062 0.0205729 0.0163494 0.0446695 0.0500102 0.0508094 0.0499865 0.0499197 0.0484014 0.0313963
internal_weight=57422.4 57415.3 169.755 57245.5 1579.07 314.489 1264.58 1106.11 158.47 55666.4 1717.83 1685.18 53948.6 8354.99 45593.6 291.821 22.6679 164.355 137.694 3.13739 134.557 26.6607 23.317 32.6475 5.39984 0.0455587 7.14745 1.2365 0.0637885 0.00549252
internal_count=5491971 3825437 2857811 967626 7744 1450 6294 5525 769 959882 51723 13488 908159 151235 756924 1314 136 1937107 1888471 7679 1880792 48636 39480 38235 920704 2167 1666534 42694 2188 1377
is_linear=0
shrinkage=0.05


Tree=181
num_leaves=31
num_cat=0
split_feature=2 2 3 2 3 2 1 1 3 2 2 3 3 3 3 1 1 1 3 0 0 2 1 0 3 3 1 2 2 0
split_gain=6.79394 3.74635 88.2539 39.9275 32.3831 31.1944 26.8107 24.6246 23.9285 56.8545 21.5358 22.3218 35.7495 18.953 30.9999 22.3008 18.471 18.1711 16.2695 16.1396 16.1277 32.4335 15.1468 17.3447 8.11133 6.97814 5.047 4.94385 4.71968 4.1197
threshold=3.9468444661052655 4.6960841391917354 5.1648431135156008 4.7783038066593404 5.4425259239190353 4.3694752276468831 1.0000000180025095e-35 1.5000000000000002 5.4191623752586162 4.5731551881208814 5.5065052677616686 5.9991846393519213 6.5337081385214217 5.2034845723991019 5.353160555104469 1.5000000000000002 1.5000000000000002 1.0000000180025095e-35 5.067456612105917 0.80200360567754869 0.59740168283145612 5.2713098734200639 1.0000000180025095e-35 0.29087206909299079 5.8260591009502205 7.717130928926049 1.5000000000000002 4.2375608875783284 5.6599165454229086 0.41435926334456585
decision_type=2 2 2 2 2 2 2 2 2 2 2 2 2 2 2 2 2 2 2 2 2 2 2 2 2 2 2 2 2 2
left_child=-1 4 3 19 8 22 18 24 13 17 20 28 -13 15 -15 -2 -8 -10 -5 -3 25 -22 27 -24 -7 -4 -11 -6 -12 -9
right_child=1 2 10 6 5 7 16 29 9 26 11 12 -14 14 -16 -17 -18 -19 -20 -21 21 -23 23 -25 -26 -27 -28 -29 -30 -31
leaf_value=0.049986455486594833 -0.0012101572191684066 -0.00096252681704788552 -0.001517578543225661 -0.057496000888631299 0.050291894346968763 0.0048908980661097196 0.046545642616553806 0.032887582271237802 -0.028838109250799351 0.0064682328062373243 -0.026770954226999173 0.016177420381986617 0.000241274991980781 0.0076220762990769162 -0.0028170354470893537 0.020684367179908025 -0.054619848257238424 -0.0097385662735902014 0.017791329149921729 0.05242079054573593 -0.0044674915452372153 -0.02894568917766743 0.047227788303490621 0.0070515267182197933 -0.00021601306569238069 0.0252087382579128 -0.036458808501815591 0.0018135129564570971 -0.069565041680053979 -0.028777656274569959
leaf_weight=6.7988663685537167 10191.818778361099 144.84588397666812 13328.474268078808 9.8751909759885148 5.7216418911266365 2151.3921441435814 189.03805593028665 79.184541942551732 258.23639043554431 390.81084042787552 40.610571600846015 357.16289394702108 23971.215070957813 1827.643915056753 1164.1707528645493 117.64503630796389 4.6222768984735003 240.51366529345978 26.251007342958474 15.692580748640465 1287.4694633380714 151.2186207100749 86.000401776953368 39.067078479682095 1217.5606271456927 24.467978343367577 6.9692780822515479 65.050747701665387 7.6578980511403634 2.8043967187404624
leaf_count=1666534 2094277 732 60953 2443 1388 12270 6147 1579 1717 1673 261 305645 244887 12463 6939 958148 86 1522 52629 762 44687 908 2374 470 6734 109 41 3423 150 20
internal_value=7.52483e-06 1.6053e-06 -0.000269688 0.0233879 0.000603019 0.00480575 0.0367545 0.00370412 -0.000476475 -0.00838292 -0.000505444 0.000407838 0.000475232 5.64338e-05 0.00356002 -0.000960311 0.044131 -0.0196277 -0.00278866 0.00425567 -0.00201053 -0.00704036 0.0242178 0.034678 0.00304523 -0.00146861 0.00571613 0.00573278 -0.0335603 0.0307783
internal_weight=57410 57403.2 39558.6 390.325 17844.6 3646.78 229.787 3450.94 14197.8 896.53 39168.3 24376.6 24328.4 13301.3 2991.81 10309.5 193.66 498.75 36.1262 160.538 14791.6 1438.69 195.84 125.067 3368.95 13352.9 397.78 70.7724 48.2685 81.9889
internal_count=5491971 3825437 720399 62799 3105038 28258 61305 20603 3076780 4953 657600 550943 550532 3071827 19402 3052425 6233 3239 55072 1494 106657 45595 7655 2844 19004 61062 1714 4811 411 1599
is_linear=0
shrinkage=0.05


Tree=182
num_leaves=31
num_cat=0
split_feature=2 0 3 3 0 2 0 3 0 0 2 3 2 2 3 0 0 2 0 1 2 2 1 0 2 0 2 0 0 2
split_gain=6.46235 3.70494 7.88837 18.5226 31.7265 53.7575 15.1967 13.8799 11.2194 7.8344 6.77394 7.16007 6.34004 6.28352 6.01347 5.89423 5.73536 5.12323 4.46674 3.17605 6.25652 3.75028 3.0248 2.77236 0.941273 0.203197 1.29468e-05 2.97483e-06 6.84225e-05 0.000752144
threshold=3.9468444661052655 0.99955042434302832 4.204841850850066 4.1987796469857166 0.7816713295973009 3.956019297468639 0.90047523954189757 4.2207569218799978 0.98267727631497137 0.8150384491514896 4.20477203786354 8.3585725317228619 4.0771750096418584 4.0194088856236343 4.6428993089071149 0.98373217670619251 0.91748323239899976 4.0045014548270919 0.64140813395837248 1.0000000180025095e-35 7.220131748367046 4.5407320249418399 1.5000000000000002 0.99999915540540552 4.1107138088430979 0.99964601490463567 4.1876727905124937 0.85961733530106088 0.85441053803614497 3.9400229438481009
decision_type=2 2 2 2 2 2 2 2 2 2 2 2 2 2 2 2 2 2 2 2 2 2 2 2 2 2 2 2 2 2
left_child=27 2 3 4 5 -2 13 9 -6 17 22 19 18 -5 -14 -11 -8 -4 -9 20 -12 -21 23 25 -25 -3 -24 28 -1 -30
right_child=1 10 7 6 8 -7 16 12 -10 15 11 -13 14 -15 -16 -17 -18 -19 -20 21 -22 -23 26 24 -26 -27 -28 -29 29 -31
leaf_value=0.050002046082090058 0.050003234285703163 0.11364824711380977 -0.0081164912487969448 0.050218713118155602 0.00076311011685676309 -4.3181422219227716 0.022513275205038104 0.027243343121305136 0.06146109645010718 0.049844902511131259 0.046683314890549304 -0.21386037245380721 -0.0027866177264736025 -0.072054674928951221 3.3684444955698783e-05 0.013416443924632378 -0.015661547131350682 -0.19844180251018889 0.0058571308206084071 0.018711342233642233 -0.0091921629436805714 0.0045914297091896915 0.050000605286740045 0.011684055720833413 0.00064954012958059668 0.063833218194102495 0.050555887514908852 0.050000429908830947 0.029835345349971065 0.050003255249844517
leaf_weight=1.0611319815325249 0.018312533774632267 0.25370350100274563 0.85839900892642507 1.1280559474980716 252.75025479489818 0.011445755138993263 10.394347810652105 30.589697811163205 7.8495294674862626 21.708832352971513 14.852433575582838 0.35827234387397666 1960.0428463446806 15.322083260431098 52930.601656818289 22.731312735006213 184.11994829331525 0.60123798564200115 120.96079688298778 63.059890282340348 7.5599987506866446 184.95245801191777 3.0252752033995871 19.572297054590081 1537.7708813026547 1.0600142306248015 0.10874553583562363 5.34852708237554 0.0050670200155308312 0.052749661452253349
leaf_count=40506 283 765 1902 1173 353457 2 62 27899 232250 7752 201647 2 30923 2599 623461 95 966 49 96647 1310 71 2359 778185 1452814 6276 2478 10 1623840 1377 811
internal_value=7.56024e-06 1.92834e-06 -7.10316e-05 -0.00651018 0.00240498 -1.63009 -0.0175241 -1.59079e-05 0.00259139 0.0274679 0.00221392 0.00951455 -3.88266e-05 -0.0636699 -6.70233e-05 0.0312116 -0.0136216 -0.0865132 0.0101738 0.00981049 0.0278358 0.00818157 0.000948135 0.000849465 0.000788219 0.0734534 0.0500199 0.0499849 0.0499108 0.0482358
internal_weight=57398.7 57392.3 55559.7 471.594 260.63 0.0297583 210.964 55088.1 260.6 45.8998 1832.57 270.783 55042.2 16.4501 54890.6 44.4401 194.514 1.45964 151.55 270.425 22.4124 248.012 1561.79 1558.66 1557.34 1.31372 3.13402 6.46748 1.11895 0.0578167
internal_count=5491971 3825437 1379520 590792 585992 285 4800 788728 585707 9798 2445917 205389 778930 3772 654384 7847 1028 1951 124546 205387 201718 3669 2240528 1462333 1459090 3243 778195 1666534 42694 2188
is_linear=0
shrinkage=0.05


Tree=183
num_leaves=31
num_cat=0
split_feature=2 2 3 1 3 0 0 3 2 3 3 3 3 0 3 3 3 3 0 0 0 2 3 3 2 3 0 3 2 0
split_gain=6.60087 3.63292 14.4511 21.0559 18.661 11.4349 11.3588 11.0376 24.7304 12.3938 9.27367 8.16371 49.2858 38.8492 37.6483 35.4484 91.6252 61.6154 28.0659 33.0049 32.1463 20.4643 19.6574 12.9877 12.1215 10.7451 7.83142 5.587 5.54455 2.53607
threshold=3.9638540945373326 7.220131748367046 7.8949329787267777 1.5000000000000002 7.3233027137203726 0.49406175338830077 0.52179196583813592 8.3585725317228619 7.740204100276876 7.9844543739244713 8.3585725317228619 7.3233027137203726 7.3225632713640296 0.35212193414828868 7.8949329787267777 7.3000979972342614 7.2960267532015175 7.3081877281983463 0.65062298805038576 0.34182627453620124 0.67109024589866439 6.6346012894220836 7.9941566304452838 7.3853363710035973 5.8065205138007423 7.9583251190734163 0.40328621957453575 7.3081877281983463 7.3099056398307338 0.76608256073593728
decision_type=2 2 2 2 2 2 2 2 2 2 2 2 2 2 2 2 2 2 2 2 2 2 2 2 2 2 2 2 2 2
left_child=-1 11 3 4 27 10 -6 9 -9 -7 28 12 15 23 21 16 -2 -17 19 -14 -20 -15 -16 24 -13 -25 -12 -3 -4 -5
right_child=1 2 5 29 6 7 -8 8 -10 -11 26 13 18 14 22 17 -18 -19 20 -21 -22 -23 -24 25 -26 -27 -28 -29 -30 -31
leaf_value=0.037834772138679161 0.00013992327447573402 -0.022722163987229944 -0.0033485065791484616 0.013475737065599659 -0.054353801967191556 0.0054373517345444999 -0.011614214292745846 0.04097920306962987 0.0051278911305959298 -0.0026772357819904078 -0.0027307385274287443 -0.0025698987381178456 -0.002409583755285322 0.017723086473266283 -0.0054355777686040116 0.036252533164177862 -0.038854100833046509 0.0027347600068072476 0.018329744696184543 -0.018100059068844567 -0.0067686464078924764 0.0064030668867675325 0.013877335681975488 -0.0033973664621631998 0.016717372658702333 0.0005286006916992447 0.0053678572981443939 0.0042425046469748142 -0.012911979708681121 0.033878200049865942
leaf_weight=11.530544600667779 37571.431902437878 20.653811350464821 321.54006017744541 52.552448287606239 15.894473090767859 805.7019321564585 708.57582804560661 54.161252155900002 429.94770897552371 1131.2408778741956 1107.633592993021 138.62038606405258 562.29064056277275 478.35851388797164 922.78239162266254 182.61306143237744 151.25295768887736 550.29886060964782 187.87891303631477 829.70450081070885 397.50391045771539 2414.1376425221097 153.70166370272636 3256.3953794538975 197.56099323928356 3749.6802178397775 408.64179588854313 274.80837267264724 286.6843009442091 21.447315417230129
leaf_count=1710889 3615758 126 1748 478 69 5302 3948 224 2256 6141 6872 579 3318 2087 4996 23208 14337 16721 11177 8428 3095 11086 685 13715 828 18476 1911 2040 1312 161
internal_value=7.76355e-06 1.62682e-07 -0.00120491 -0.00636431 -0.0082328 3.67455e-05 -0.0125519 0.00238594 0.00913887 0.000698155 -0.00264037 0.000131501 -0.000200676 0.0013189 0.00530438 0.000195172 -1.64272e-05 0.0110861 -0.00789904 -0.011762 0.00128669 0.00827516 -0.00267806 -0.000835523 0.0087645 -0.00129617 -0.000548137 0.00235758 -0.00785621 0.019389
internal_weight=57395.2 57383.7 5639.48 1093.93 1019.93 4545.55 724.47 2421.05 484.109 1936.94 2124.5 51744.2 40433 11311.2 3968.98 38455.6 37722.7 732.912 1977.38 1392 585.383 2892.5 1076.48 7342.26 336.181 7006.08 1516.28 295.462 608.224 73.9998
internal_count=5491971 3781082 32588 6822 6183 25766 4017 13923 2480 11443 11843 3748494 3696042 52452 18854 3670024 3630095 39929 26018 11746 14272 13173 5681 33598 1407 32191 8783 2166 3060 639
is_linear=0
shrinkage=0.05


Tree=184
num_leaves=31
num_cat=0
split_feature=2 0 3 2 0 3 3 0 3 3 2 3 2 0 3 3 0 3 3 3 0 3 2 2 3 0 3 3 0 2
split_gain=6.23047 3.42843 11.4811 31.8671 8.02302 24.6156 7.77511 13.7234 39.421 27.4094 10.9463 10.8269 8.34925 9.06576 8.92262 7.69029 8.55985 12.9606 8.62442 7.06896 10.4425 6.29065 6.1675 9.57422 5.30052 5.06279 11.8616 2.32475 3.56674 2.05952
threshold=3.9595248578618869 0.94191383711497811 4.2571009610137267 4.3329479324565865 0.99173420179471894 4.6142785673051678 4.3611859606570134 0.87291382978688137 5.2354041901335053 6.1545288986217583 4.20477203786354 4.5646085620312933 4.1643283978498689 0.36175671919056113 4.6428993089071149 4.1784559019061511 0.96558802471866301 4.2471371748818294 4.1836519096534159 4.2768049886183936 0.9300344629294619 7.9844543739244713 4.1643283978498689 4.1394526399019833 4.2571009610137267 0.95439329117738125 4.2768049886183936 4.1304353791360322 0.94294308484027956 4.2987140455362249
decision_type=2 2 2 2 2 2 2 2 2 2 2 2 2 2 2 2 2 2 2 2 2 2 2 2 2 2 2 2 2 2
left_child=-1 6 15 25 5 -5 10 12 11 -10 22 -9 13 -8 -14 27 18 -18 -17 -12 -21 -6 23 -2 -24 26 -4 28 -3 -27
right_child=1 2 3 4 21 -7 7 8 9 -11 19 -13 14 -15 -16 16 17 -19 -20 20 -22 -23 24 -25 -26 29 -28 -29 -30 -31
leaf_value=0.04045761076755202 -0.0011527390578611341 -0.056632900644128008 -0.0018329033227931985 -0.072843780979018252 0.0088220935144032817 -0.0001318062196543695 0.043883214428798868 0.019168726095877331 -0.077295585273319617 0.0023194531634761558 -0.048812064678873945 0.051065906990766678 -0.0047236919498628745 0.0050911440859173554 -4.3855897282594348e-05 -0.072548705776019032 -4.4319101059506534e-05 0.07761766085635044 -0.011558490819578297 -0.016117766659584042 0.016463734229716847 -0.073088486632856595 0.044883882761961161 -0.02703235271998666 0.006575506970245149 0.054511004127153255 0.058215741540382782 0.033561851254488066 0.013943083523704059 0.032359529366053873
leaf_weight=9.5180323434615257 390.05984322659788 1.8537825514420081 20.505005516111851 12.653286808403207 278.15601657336447 145.29525118090896 15.529162254035326 52.897171741584316 11.381824289914219 215.39903947548009 13.81303003663197 53.520843540813075 1038.7685287354398 499.75316004141132 52260.246306301982 6.2564755475614211 1782.9048443003558 5.3883819081820539 78.802679313113913 191.64670033473521 28.212684229016304 2.3639100342988959 10.244899953715501 39.342409622273408 76.123167144367471 32.694971544900909 13.730884061194955 15.36698857504234 52.181933375222116 15.452229225775225
leaf_count=1703435 206917 3435 84 358 274852 106586 4563 608 1313 14666 59 6028 5697 99976 403221 34 7505 30 407 900 137 12 52 342 365 402 105 514 2648843 525
internal_value=7.40284e-06 6.90802e-07 0.00182542 0.00841758 0.00305673 -0.00595678 -8.11976e-05 -1.11926e-05 0.0101048 -0.00167632 -0.00513908 0.0352108 -7.38272e-05 0.00626023 -0.000135063 5.80692e-05 -0.000547426 0.000189687 -0.0160446 -0.0141167 -0.0119369 0.00813184 -0.00107175 -0.00352386 0.0111196 0.0369497 0.0222506 0.0164019 0.0115219 0.0474018
internal_weight=57370.1 57360.5 2463.61 520.852 438.468 157.949 54896.9 54147.5 333.199 226.781 749.443 106.418 53814.3 515.282 53299 1942.76 1873.35 1788.29 85.0592 233.672 219.859 280.52 515.77 429.402 86.3681 82.3831 34.2359 69.4027 54.0357 48.1472
internal_count=5491971 3788536 3043692 382924 381808 106944 744844 536072 22615 15979 208772 6636 513457 104539 408918 2660768 7976 7535 441 1096 1037 274864 207676 207259 417 1116 189 2652792 2652278 927
is_linear=0
shrinkage=0.05


Tree=185
num_leaves=31
num_cat=0
split_feature=2 2 3 1 3 2 1 3 1 2 3 0 0 1 2 1 2 2 1 0 3 0 0 3 2 3 0 1 0 0
split_gain=5.86039 3.41646 97.6063 33.1883 28.6677 30.1215 23.5527 21.6981 36.9925 69.1347 17.5485 63.783 34.9037 19.3575 16.7362 18.2188 15.2781 14.8401 14.4538 16.9502 13.9677 13.1012 19.9977 13.059 10.4191 20.6657 14.4195 9.21711 8.3481 4.8347
threshold=3.9595248578618869 4.7327784207308978 5.1648431135156008 1.0000000180025095e-35 5.4425259239190353 4.3694752276468831 1.5000000000000002 5.5005232433105204 1.0000000180025095e-35 5.2015075959997707 5.353160555104469 0.41435926334456585 0.40328621957453575 1.5000000000000002 4.8213945277212966 1.5000000000000002 5.2713098734200639 4.3329479324565865 1.0000000180025095e-35 0.29087206909299079 5.2354041901335053 0.86451820848946037 0.75047987474028532 5.8610710426134149 5.5065052677616686 7.3225632713640296 0.67667794470697917 1.0000000180025095e-35 0.66471697878931379 0.40328621957453575
decision_type=2 2 2 2 2 2 2 2 2 2 2 2 2 2 2 2 2 2 2 2 2 2 2 2 2 2 2 2 2 2
left_child=-1 4 3 21 10 18 23 8 16 -10 12 17 27 -13 28 -16 -4 -12 -6 -20 -14 22 -3 -7 26 -26 -9 -2 -5 -8
right_child=1 2 7 14 5 6 29 24 9 -11 11 13 20 -15 15 -17 -18 -19 19 -21 -22 -23 -24 -25 25 -27 -28 -29 -30 -31
leaf_value=0.040016601022095977 0.0080115257180809734 0.011153218912125794 0.0011987696492945829 -0.05488842826308981 0.0054579166128132552 0.0045983326571372033 0.031132359929094178 -0.0015997205479159797 -0.01097895627990355 -0.20559786417268008 0.0015393768860440654 0.0037690245857469919 -0.00085658545900090921 -0.044403902895979619 0.048858333051466418 -0.11924680462503917 -0.12236897511796251 -0.01599801527915793 0.046751588680759265 0.0067221874742143034 0.0048339357853779833 0.045300832804324009 -0.054216915665043421 -0.0014998967926145147 0.0029831380118261613 -0.00042757998314258707 0.01880020343523215 0.022317053494741945 0.022894391423961682 -0.012282745789360042
leaf_weight=9.1511154620893631 291.51374599083283 27.473924607038498 1179.2446542848047 3.5872067213058463 70.348845717722725 2749.8899318650365 87.279846820281819 11272.406588919461 1101.9189439443871 4.5821384564042082 139.16996581920102 1263.890773743391 10724.931871667632 21.203542284667492 144.86309700272977 1.6298806504346419 2.5068044480867675 905.35835469607264 82.607030863058753 38.898820929753128 1198.9007667582482 10.372863333563144 20.376221460290253 1289.5979593060911 5843.1842012684065 18509.57144961739 87.293641988304444 183.45750498630514 89.879899899940938 6.9209956824779502
leaf_count=1703435 8120 129 43543 15 4811 15220 1667 52469 4723 33 3532 5371 3011692 126 5660 23 38 3987 2374 470 5147 54822 369 6867 441877 109066 709 4520 1105 51
internal_value=7.23639e-06 8.52567e-07 -0.000271343 0.0282238 0.000547971 0.00412672 0.00322783 -0.000494937 -0.00521494 -0.0117849 -0.000503061 -0.00448467 0.000245047 0.00297419 0.0364405 0.046988 0.00093665 -0.0136614 0.0234941 0.0339366 -0.000284423 -0.00564062 -0.0166836 0.00265149 -0.000192506 0.000390785 -0.00144296 0.013537 0.0199091 0.0279426
internal_weight=57362 57352.9 38298.9 298.183 19054 4325.54 4133.69 38000.7 2288.25 1106.5 14728.4 2329.62 12398.8 1285.09 239.96 146.493 1181.75 1044.53 191.855 121.506 11923.8 58.223 47.8501 4039.49 35712.5 24352.8 11359.7 474.971 93.4671 94.2008
internal_count=5491971 3788536 714581 62123 3073955 31460 23805 652458 48337 4756 3042495 13016 3029479 5497 6803 5683 43581 7519 7655 2844 3016839 55320 498 22087 604121 550943 53178 12640 1120 1718
is_linear=0
shrinkage=0.05


Tree=186
num_leaves=31
num_cat=0
split_feature=2 1 2 3 2 2 3 2 3 2 3 0 3 3 2 2 1 3 0 0 3 0 3 3 3 0 3 0 0 2
split_gain=5.50982 3.34378 13.4819 24.9985 17.4079 35.9418 16.3178 20.4806 8.58219 25.8955 58.8494 12.5687 11.1632 22.2842 8.61977 7.89601 9.2704 9.96859 7.71468 7.67991 6.6033 6.44868 6.11069 23.6592 30.8403 19.3993 18.0748 12.1439 10.7626 0.625822
threshold=3.9595248578618869 1.0000000180025095e-35 5.0886041562929067 5.7067114346293515 6.951795789371034 6.742726673005488 5.4425259239190353 5.1322104889489637 5.4191623752586162 4.4128032160370898 5.4425259239190353 0.63038439834193272 5.0936581677973303 5.0481237364455485 4.5407320249418399 4.1876727905124937 1.5000000000000002 4.204841850850066 0.92844031038207986 0.57511954246434016 7.6470605825873621 0.97591119841928464 7.3233027137203726 7.3225632713640296 7.3000979972342614 0.65062298805038576 7.3853363710035973 0.34182627453620124 0.22420405234085827 3.9468444661052655
decision_type=2 2 2 2 2 2 2 2 2 2 2 2 2 2 2 2 2 2 2 2 2 2 2 2 2 2 2 2 2 2
left_child=29 2 8 6 5 -5 7 -4 12 10 -10 -11 13 -2 -14 16 17 21 -19 -8 -6 -3 23 24 -17 -25 28 -28 -24 -1
right_child=1 15 3 4 20 -7 19 -9 9 11 -12 -13 14 -15 -16 22 -18 18 -20 -21 -22 -23 26 25 -26 -27 27 -29 -30 -31
leaf_value=0.049978936932114998 0.00069019042539734889 -0.011052035037519415 0.023382205800580119 0.0014441344488924197 -0.028142110284036084 0.021351192430595686 -0.014101653852700378 -0.022171098672571009 -0.050460907588636729 -0.00066252774817671079 0.0018773860763255442 -0.024548997166827069 0.0061071307431296634 -0.011752861550099561 0.00067019436900104352 -0.00060446995070073716 0.050034218645516659 0.010067146778227757 0.050381131207260281 0.029990602912886688 -0.0069586581019425928 0.010340282450467597 -0.0029485823515782582 -0.0097765135588916089 0.010150827759207399 0.00025338132588793985 -0.0013642338981857136 0.0014642933453240148 0.013483179739355217 0.022497592665013302
leaf_weight=5.4660268871400586 2432.3306862259124 107.35207844008914 52.117561041515728 2639.6094792828007 48.120900259527843 248.04550164518878 10.518721386790274 46.858611982534057 87.392642114893533 4326.54049179703 139.34540799512615 55.781466707587242 1384.7984370069462 422.2874449494193 1539.3714259734188 24605.034135330789 12.044287955639218 208.08640982794168 12.584859311580656 161.57031940415618 156.20883108861744 52.435922596513592 131.70854154229164 1252.3690478056669 685.07837355136871 783.82828002423048 6923.8852961286902 8396.4665460772812 409.43947744369507 3.3360006203704415
leaf_count=1666534 897822 105986 36074 347864 2164 96848 57 45331 954 24678 5964 292 12669 4953 14635 121928 955306 56396 56 1519 906 961192 553 7388 4043 5288 33362 42560 1748 36901
internal_value=7.26923e-06 1.1962e-06 0.000680984 0.00343253 0.00215615 0.00315412 0.0179919 0.00181576 -0.000209825 -0.00181906 -0.0182956 -0.000966573 0.00107367 -0.00115053 0.00324496 -0.000213297 0.00684642 0.00547922 0.0123662 0.0272955 -0.0119475 -0.00403195 -0.000277458 -0.000730581 -0.000313122 -0.00591553 0.000503186 0.000185968 0.0094839 0.0395634
internal_weight=57340 57331.2 13750.9 3363.05 3091.98 2887.65 271.065 98.9762 10387.8 4609.06 226.738 4382.32 5778.79 2854.62 2924.17 43580.3 392.504 380.459 220.671 172.089 204.33 159.788 43187.8 27326.3 25290.1 2036.2 15861.5 15320.4 541.148 8.80203
internal_count=5491971 3788536 1492730 530763 447782 444712 82981 81405 961967 31888 6918 24970 930079 902775 27304 2295806 2078936 1123630 56452 1576 3070 1067178 216870 138647 125971 12676 78223 75922 2301 1703435
is_linear=0
shrinkage=0.05


Tree=187
num_leaves=31
num_cat=0
split_feature=2 2 3 1 3 0 0 3 2 2 3 3 3 0 3 2 0 2 2 2 3 0 3 3 0 3 0 2 3 0
split_gain=5.19381 3.53552 13.5063 19.2724 16.5331 10.4622 10.0927 9.97461 22.1865 11.4569 8.5533 7.37222 41.3654 33.387 33.5528 30.4764 143.56 24.2378 45.5058 19.1312 17.7126 17.4018 13.6999 10.9703 10.804 10.029 6.89418 5.05788 4.85351 2.39493
threshold=3.9468444661052655 7.220131748367046 7.8949329787267777 1.5000000000000002 7.3233027137203726 0.52179196583813592 0.49406175338830077 8.3585725317228619 7.740204100276876 7.5520523718568109 8.3585725317228619 7.3233027137203726 7.3225632713640296 0.35212193414828868 7.8949329787267777 6.7579657144273257 0.64585011427259731 6.8607775849798927 6.742726673005488 6.4698332258700715 7.9941566304452838 0.67109024589866439 7.2960267532015175 7.3853363710035973 0.29087206909299079 8.087379022400345 0.40328621957453575 7.3099056398307338 7.3081877281983463 0.76608256073593728
decision_type=2 2 2 2 2 2 2 2 2 2 2 2 2 2 2 2 2 2 2 2 2 2 2 2 2 2 2 2 2 2
left_child=-1 11 3 4 28 -6 10 9 -9 -8 27 12 15 23 19 22 -17 18 -14 -15 -16 -19 -2 24 -13 -25 -12 -4 -3 -5
right_child=1 2 6 29 5 -7 7 8 -10 -11 26 13 17 14 20 16 -18 21 -20 -21 -22 -23 -24 25 -26 -27 -28 -29 -30 -31
leaf_value=0.049976629475796043 0.00010391161376651633 -0.021249828719799593 -0.0032174372576152278 0.012895159829698979 -0.052477139477741214 -0.011156328223988371 0.0046397813323373052 0.038735980292774197 0.0048319205423238134 -0.0030612070023273235 -0.0025481279090373162 0.002932404181474071 -0.0074504316376447603 0.027625662348925037 -0.0052076174745502093 0.03341446362586744 -0.01234211463996345 0.0097839410955551966 -0.034275047063822728 0.0069280262964631347 0.013094425254580273 -0.0064242334764220482 -0.0078293466745963207 -0.0023607842636368908 0.023686579777191939 0.0018222385599743947 0.0050476787951249961 -0.012363408615786586 0.0037301203128166484 0.032923856761004809
leaf_weight=5.199679756005934 37179.970053005381 20.92015141248703 321.27227464318275 51.986173242330551 15.659030392765997 704.98778421059251 924.15860834345222 54.363180577754974 429.32450465485454 1011.651564611122 1105.2753985598683 252.17303758859634 1094.0183364823461 116.32462388277054 921.54928281903267 344.16799877164885 341.52842380455695 284.58170452271588 184.81082341168076 2775.3494380281772 154.33752053976059 396.09384955931455 552.27935922692996 4993.1785872131586 83.460407808423042 2009.6140007451177 409.36905711889267 285.4940263479948 275.80977248772979 20.936317041516304
leaf_count=1666534 3627598 126 1748 478 69 3948 5187 224 2256 6256 6872 1055 6677 507 4996 72306 9508 14437 1809 12666 685 3095 4967 22227 352 9964 1911 1312 2040 161
internal_value=7.10809e-06 2.57477e-06 -0.00118713 -0.00618444 -0.00796417 -0.0120542 1.27551e-05 0.00222 0.0086425 0.000615256 -0.00250464 0.0001322 -0.000183794 0.00126072 0.00495597 0.000177637 0.0106242 -0.00726999 -0.011327 0.00776064 -0.00258216 0.000352196 -1.22059e-05 -0.000737141 0.00809325 -0.00116037 -0.000495179 -0.00752077 0.00196898 0.0186455
internal_weight=57319.8 57314.6 5631.21 1090.3 1017.38 720.647 4540.91 2419.5 483.688 1935.81 2121.41 51683.4 40377.5 11306 3967.56 38417.9 685.696 1959.5 1278.83 2891.67 1075.89 680.676 37732.2 7338.43 335.633 7002.79 1514.64 606.766 296.73 72.9225
internal_count=5491971 3825437 32588 6822 6183 4017 25766 13923 2480 11443 11843 3792849 3740397 52452 18854 3714379 81814 26018 8486 13173 5681 17532 3632565 33598 1407 32191 8783 3060 2166 639
is_linear=0
shrinkage=0.05


Tree=188
num_leaves=31
num_cat=0
split_feature=2 2 3 2 3 0 3 3 0 3 0 3 3 0 3 3 3 3 3 0 3 1 0 3 0 1 2 1 3 0
split_gain=4.94719 3.26861 16.4761 10.1489 55.1825 85.2128 76.8216 31.4849 18.7035 35.9671 11.4777 55.0355 63.1401 27.4437 32.8527 21.813 11.1193 8.87679 8.32613 8.93281 8.03791 13.1367 11.9227 6.69181 6.42582 5.64349 4.86948 3.57965 2.53303 26.8413
threshold=3.9638540945373326 6.9131038209668318 7.3066052209072385 6.7699180945479123 7.3225632713640296 0.64585011427259731 7.3136869448131385 7.2579402070459418 0.65631567337852459 7.3233027137203726 0.69035327433527816 4.6428993089071149 5.1648431135156008 0.52179196583813592 5.0481237364455485 6.9830158004538498 4.4417685123134873 7.1746477361708756 7.3155776058677429 0.84868432422502627 7.6470605825873621 1.0000000180025095e-35 0.47314934341579079 7.2960267532015175 0.72580511243191603 1.5000000000000002 6.9062524807709886 1.0000000180025095e-35 4.3164876109760542 0.69035327433527816
decision_type=2 2 2 2 2 2 2 2 2 2 2 2 2 2 2 2 2 2 2 2 2 2 2 2 2 2 2 2 2 2
left_child=28 3 17 10 5 7 -7 -5 9 -6 13 16 -13 14 -2 -15 -12 25 19 27 21 -20 -22 24 -19 -3 -10 -4 -1 -30
right_child=1 2 18 4 8 6 -8 -9 26 -11 11 12 -14 15 -16 -17 -18 23 20 -21 22 -23 -24 -25 -26 -27 -28 -29 29 -31
leaf_value=0.040278424465786458 0.011811266752439249 0.057047485664721433 0.050478897582781526 -0.047123830600521444 -0.017293399588803913 -0.037745830809645109 0.053520702635937861 0.036985747311023248 0.006492705375773785 0.0017746309587180502 0.00080506412793826206 0.021360574139448661 -0.0024873569657030046 -0.0020836747209878512 0.00014281496992827971 -0.011169667170725522 -0.005672634328940265 -0.048242726503096779 -0.035231016767301976 0.03077942074736631 -0.0019468052163086167 -0.0035280094793220364 0.0019332850428206009 -0.042292662996514685 -0.010668673048961762 -0.23303200268928889 0.0341744816648459 -0.003456360191113097 0.050002673526748226 -1.4419955508059943
leaf_weight=9.4759121796560031 614.9513309979302 5.0657900953665367 3.2872103399131438 11.564654148183761 291.26166639151052 93.780923374346457 30.573684985982254 293.55331276752986 23.834977856604382 1638.682622714201 3112.3673046234362 694.20889438973973 462.43928252847763 7220.3793358923358 31656.187256593796 727.07273762347177 841.62699034796969 12.566940612392498 33.526570417336188 43.670611400157213 4206.8587695285678 1287.5550035908818 3739.9629212766886 25.266462245024741 120.34212881000713 0.17340886592864979 47.640623383456841 47.957882359623909 0.29998155373687119 0.033511962814372964
leaf_count=1701207 19656 1457 676 77 6781 2258 3262 66226 1100 7797 2881603 65820 347474 101268 175571 30125 8266 73 2557 272 22455 8030 20755 728 773 2 5782 238 9495 187
internal_value=6.81085e-06 7.31153e-07 -0.000844933 0.000169407 0.00331681 0.0195794 -0.0153071 0.0337978 -0.000172877 -0.00110306 6.20159e-07 0.00223257 0.0118259 -0.000282997 0.000365166 -0.00291491 -0.000573746 -0.0165845 -0.00057022 0.0141634 -0.000721113 -0.00433257 -0.000120743 -0.0187054 -0.0142214 0.0474463 0.0249434 3.41572e-06 0.0355119 -0.0999246
internal_weight=57296.2 57286.4 9526.23 47760.1 2430.89 429.473 124.355 305.118 2001.42 1929.94 45329.2 5110.64 1156.65 40218.6 32271.1 7947.45 3953.99 163.415 9362.82 94.9157 9267.9 1321.08 7946.82 158.176 132.909 5.2392 71.4756 51.2451 9.80941 0.333494
internal_count=5491971 3781082 58016 3723066 93283 71823 5520 66303 21460 14578 3629783 3303163 413294 326620 195227 131393 2889869 3033 54983 1186 53797 10587 43210 1574 846 1459 6882 914 1710889 9682
is_linear=0
shrinkage=0.05


Tree=189
num_leaves=31
num_cat=0
split_feature=2 2 3 1 3 0 3 1 3 3 1 0 0 3 3 0 3 3 2 2 2 0 2 3 0 3 2 3 3 0
split_gain=4.74293 3.27892 12.1738 17.4494 15.2801 9.68706 8.44867 20.7808 47.9135 13.0624 21.247 15.8128 10.3461 6.74448 35.6927 30.534 29.7713 28.1697 22.3541 39.7677 20.9984 19.5722 17.3895 15.9822 15.7686 9.89893 9.84111 9.23551 4.00362 2.27286
threshold=3.9468444661052655 7.220131748367046 7.8949329787267777 1.5000000000000002 7.3233027137203726 0.52179196583813592 7.9844543739244713 1.5000000000000002 7.9583251190734163 8.3585725317228619 1.5000000000000002 0.4533208610456857 0.87680023980182598 7.3233027137203726 7.3225632713640296 0.35212193414828868 7.8949329787267777 7.3136869448131385 6.8607775849798927 6.742726673005488 6.8732114297471592 0.61657923368095979 6.4698332258700715 7.9941566304452838 0.67109024589866439 7.3853363710035973 5.9518200102761609 8.087379022400345 7.3081877281983463 0.76608256073593728
decision_type=2 2 2 2 2 2 2 2 2 2 2 2 2 2 2 2 2 2 2 2 2 2 2 2 2 2 2 2 2 2
left_child=-1 13 3 4 28 -6 7 8 -4 10 -8 -11 -9 14 17 25 22 20 19 -16 -2 -19 -17 -18 -20 26 -15 -27 -3 -5
right_child=1 2 6 29 5 -7 9 12 -10 11 -12 -13 -14 15 18 16 23 21 24 -21 -22 -23 -24 -25 -26 27 -28 -29 -30 -31
leaf_value=0.049971847336023868 0.0001707280867609916 -0.018957968866531699 -0.0017456517160665979 0.012297038305283246 -0.050742192263723097 -0.010679298452227251 -0.0056539633729880906 -0.015177997409057462 0.026139980267917112 -0.0013912874635762828 0.019390259047726968 0.0081353567947276533 0.010380656961605336 -5.866534841512643e-05 -0.007076085737325888 0.026370415870649408 -0.0048671930673458092 0.0069451307290340596 0.0095414000790300588 -0.032349094450704059 -0.014381924061368338 0.043961737037874447 0.0065906451324681042 0.012497626771067505 -0.0059169273956013249 -0.0022579798198024957 0.017157863159446715 0.0017556971161618333 0.0035681620039584548 0.032003013893845716
leaf_weight=4.7491816793335593 37994.455187513544 21.247519582509995 404.57651955634356 51.412402883172035 15.420428231358526 701.07960366085172 1583.8054945096374 164.06824141740799 248.75351561233401 1353.2038150429726 89.472519226372242 642.34271760284901 52.190439116209745 184.47002211213112 1089.040944352746 115.7520682439208 919.59299106895924 88.318028534529731 283.81397088104859 181.60927115520462 249.50756881409325 59.94886106136255 2775.7192615589593 154.81365525722504 393.97489496786147 4991.4606171995401 150.90134280920029 2010.5251785069704 275.29569838568568 20.453760571777821
leaf_count=1666534 3696000 126 1915 478 69 3948 8034 1461 1276 8058 852 3205 965 771 6677 507 4996 2044 14437 1809 5228 11107 12666 685 3095 22227 636 9964 2040 161
internal_value=6.82115e-06 2.67754e-06 -0.00114388 -0.00590207 -0.007591 -0.0115415 -6.43072e-06 0.00442474 0.00887172 -0.00105671 -0.00431481 0.00167523 -0.00900984 0.000127522 -0.000174936 0.00120698 0.00474174 0.000160115 -0.0067768 -0.0106883 7.57851e-05 0.0219121 0.00738247 -0.00236506 0.000556017 -0.000703581 0.00768796 -0.00110551 0.00195415 0.0179055
internal_weight=57272 57267.2 5623.32 1084.91 1013.04 716.5 4538.41 869.589 653.33 3668.82 1673.28 1995.55 216.259 51643.9 40340.7 11303.2 3965.88 38392.2 1948.44 1270.65 38244 148.267 2891.47 1074.41 677.789 7337.36 335.371 7001.99 296.543 71.8662
internal_count=5491971 3825437 32588 6822 6183 4017 25766 5617 3191 20149 8886 11263 2426 3792849 3740397 52452 18854 3714379 26018 8486 3701228 13151 13173 5681 17532 33598 1407 32191 2166 639
is_linear=0
shrinkage=0.05


Tree=190
num_leaves=31
num_cat=0
split_feature=2 2 3 0 3 3 3 0 0 0 2 3 2 0 2 0 0 1 0 2 0 1 0 0 0 3 2 2 2 1
split_gain=4.51137 3.07621 3.38976 9.36757 8.36601 5.92385 5.7389 5.56496 4.26478 6.29094 3.52367 5.95355 3.21144 3.72917 6.13731 7.88253 6.50772 3.46505 3.14982 3.12737 2.93245 2.85692 2.62983 3.62909 2.90935 2.38835 9.7717 3.59444 2.22365 1.21797
threshold=3.9468444661052655 4.0243485990381496 4.1836519096534159 0.95234617998841065 4.1784559019061511 4.1987796469857166 4.1109558246685376 0.89807491427866115 0.98338638798313671 0.94896788322066483 4.0532899411725376 4.204841850850066 4.0115160874231268 0.94294308484027956 4.0045014548270919 0.89538531030660262 0.84415195204871418 1.0000000180025095e-35 0.99999915540540552 4.0569537408903189 0.97439000911848883 1.5000000000000002 0.83847095639952507 0.93627207955316738 0.94294308484027956 4.204841850850066 4.0194088856236343 4.0201533196672559 4.1107138088430979 1.0000000180025095e-35
decision_type=2 2 2 2 2 2 2 2 2 2 2 2 2 2 2 2 2 2 2 2 2 2 2 2 2 2 2 2 2 2
left_child=-1 12 3 4 6 8 -3 -6 9 -4 11 -7 13 14 16 -16 -2 -15 20 -12 -5 -19 25 29 -25 26 -14 -27 -20 -24
right_child=1 2 5 18 7 10 -8 -9 -10 -11 19 -13 22 17 15 -17 -18 21 28 -21 -22 -23 23 24 -26 27 -28 -29 -30 -31
leaf_value=0.049968794772294912 0.031889482928041987 -0.047564214205612632 0.030353864443618886 0.015008071892672857 -0.094260583782032351 -0.047446470230741701 -0.0030605782710498102 -0.030426030043666771 0.070192007241673599 -0.0044412097517871063 -0.024957700496849988 0.014760224990288843 0.050109348626131103 0.050004085799766708 -0.09392004348626036 -0.0079202049813830045 -0.01057341503544576 -0.0010966622906632849 0.05003714777192525 -2.2137308872883855e-05 0.058632096534545076 0.050000442970768888 0.025387575936368735 -0.037503704384999857 0.015774081926918971 -0.038233951691277426 -0.18143081072964851 0.036864025293336496 -0.019955167010397786 0.05000867781026596
leaf_weight=4.5178302942731525 13.034695879958461 8.1656767234471754 25.703837758323061 10.094676158825683 4.4469279718905481 4.0827316454669917 64.17757658705159 14.701783523079937 3.4479738175868979 26.26348242466338 12.577003681224594 66.415292993129697 0.96426934506598427 5.9850165255234087 4.136056620962334 7.4887519987642008 29.316979547656729 17.606882176412004 1.3864787938655343 56854.254830339436 6.229595526787306 3.2387579421192632 28.332564313837793 3.9534873175944067 7.2821982510909038 2.7464036081964878 0.86394556769846531 3.7951897810853552 6.2504252224462107 6.1053855279224072
leaf_count=1666534 37326 4210 3953 4840 1035 1488 16203 112 14 155 5358 63878 1374 731863 2186 4925 29408 968921 2622 890826 13400 871903 27856 8748 59996 3231 1500 9790 38 58278
internal_value=6.51652e-06 2.57332e-06 -1.52379e-05 -0.00857403 -0.0158626 2.10008e-06 -0.00808388 -0.0452504 0.0163419 0.012769 -1.38029e-05 0.0111577 0.00754549 0.00123533 -0.00633761 -0.0385186 0.00249551 0.0164702 0.0192563 -2.76522e-05 0.0316557 0.00684222 0.0169806 0.0217022 -0.00297271 -0.00878483 -0.0593078 0.00533511 -0.00724807 0.0297526
internal_weight=57247.6 57243 57108.2 115.453 91.492 56992.7 72.3433 19.1487 55.4153 51.9673 56937.3 70.498 134.851 80.8071 53.9765 11.6248 42.3517 26.8307 23.9612 56866.8 16.3243 20.8456 54.0434 45.6736 11.2357 8.36981 1.82821 6.54159 7.6369 34.4379
internal_count=5491971 3825437 1008132 42460 21560 965672 20413 1147 4122 4108 961550 65366 2817305 2646532 73845 7111 66734 2572687 20900 896184 18240 1840824 170773 154878 68744 15895 2874 13021 2660 86134
is_linear=0
shrinkage=0.05


Tree=191
num_leaves=31
num_cat=0
split_feature=2 0 3 3 3 0 0 2 2 0 2 3 2 0 2 2 0 3 1 2 2 1 0 0 2 0 2 0 0 2
split_gain=4.29107 3.03719 7.00753 16.1602 12.5246 11.7346 9.5372 6.87868 22.1669 5.64263 5.33284 5.53128 5.29295 5.26633 4.86365 4.84724 4.24546 3.56028 3.43878 5.2335 3.69699 2.58339 2.48805 1.38964 0.632374 0.178731 1.11017e-05 9.98402e-06 0.000218357 0.00190366
threshold=3.9468444661052655 0.99955042434302832 4.204841850850066 4.1987796469857166 4.2207569218799978 0.90047523954189757 0.98267727631497137 4.0175483433243269 4.0167382293402198 0.98373217670619251 4.20477203786354 8.3585725317228619 4.0771750096418584 0.91748323239899976 4.0815129749117096 4.0194088856236343 0.64140813395837248 4.1836519096534159 1.0000000180025095e-35 7.220131748367046 4.5407320249418399 1.5000000000000002 0.99999915540540552 0.9878076891782771 4.1107138088430979 0.99964601490463567 4.1876727905124937 0.85961733530106088 0.85441053803614497 3.9400229438481009
decision_type=2 2 2 2 2 2 2 2 2 2 2 2 2 2 2 2 2 2 2 2 2 2 2 2 2 2 2 2 2 2
left_child=27 2 3 6 7 15 17 8 -4 -9 21 18 16 -7 -14 -5 -6 -2 19 -12 -20 22 25 -8 -24 -3 -23 28 -1 -30
right_child=1 10 4 5 12 13 23 9 -10 -11 11 -13 14 -15 -16 -17 -18 -19 20 -21 -22 26 24 -25 -26 -27 -28 -29 29 -31
leaf_value=0.050001377907408863 -0.0025902955058907597 0.10712354890609908 -0.046990959904409178 0.050215834220666201 0.026378076348464063 0.021867715551782255 0.084977302764648835 0.048773059418164379 -1.2741751217498081 0.012767056486062262 0.046434576305661959 -0.17560083017340544 -0.029884937432579473 -0.014821596237052467 -5.139877472656562e-05 -0.061978856545658489 0.0051861268691232882 0.011736756096283179 0.017730636178510166 -0.0041839320124341956 0.0035741286391347258 0.050000536419073316 0.0098849655713147185 0.040627995731645133 0.00063327870284302481 0.060528151151970522 0.050528642025551788 0.050000287365150026 0.014561901531257493 0.050002162614469881
leaf_weight=0.70350695360502769 196.01905382339714 0.25551862770635025 1.5361925112974848 1.0219426971343661 29.479896754477522 10.333380768075584 2.933419752810777 20.88209954082231 0.037701211869716533 22.719646805897355 13.84311632290337 0.40732342004775901 13.664721204986561 182.86176530853845 54735.012642127476 16.605833420318959 119.16326630482945 55.679080447509477 61.431102127302438 8.0909381546080112 185.01941462093964 2.5671176378978084 18.694753548131303 4.439487597277548 1537.8523102477193 1.0577838280232752 0.10352784767746914 3.5549567783214115 0.0042481882815081909 0.035061866961768828
leaf_count=40506 343762 765 1958 1173 27899 62 67009 7744 1 95 201647 2 3940 966 650444 2599 96647 9980 1310 71 2359 778185 1452814 165241 6276 2478 10 1623840 1377 811
internal_value=6.31913e-06 2.56814e-06 -6.36064e-05 -0.0061436 -1.16074e-05 -0.0164224 0.00222096 0.0263045 -0.0763871 0.0300113 0.00200708 0.00851185 -3.32632e-05 -0.0128592 -5.88449e-05 -0.0554745 0.00938905 0.000579045 0.00879128 0.0277626 0.00710283 0.000886668 0.000802436 0.058273 0.000744395 0.0695938 0.050021 0.0499655 0.0497987 0.0461722
internal_weight=57246 57241.7 55412.4 469.894 54942.5 210.823 259.071 45.1756 1.57389 43.6017 1829.32 268.792 54897.3 193.195 54748.7 17.6278 148.643 251.698 268.385 21.9341 246.451 1560.53 1557.86 7.37291 1556.55 1.3133 2.67065 4.29777 0.742817 0.0393101
internal_count=5491971 3825437 1379520 590792 788728 4800 585992 9798 1959 7839 2445917 205389 778930 1028 654384 3772 124546 353742 205387 201718 3669 2240528 1462333 232250 1459090 3243 778195 1666534 42694 2188
is_linear=0
shrinkage=0.05


Tree=192
num_leaves=31
num_cat=0
split_feature=2 3 3 3 3 1 3 0 1 3 0 2 3 2 2 0 2 2 0 2 0 0 2 2 2 0 0 2 2 3
split_gain=4.08162 3.0051 5.03756 23.1237 34.6429 34.7359 21.1476 19.8472 28.132 18.0477 18.6332 17.0148 13.4177 13.0319 12.3452 4.28924 3.21058 2.70922 2.30579 1.81548 1.79167 1.56881 1.46217 2.04248 0.406794 1.0815e-05 0.000235073 0.00195803 0.00390858 6.75379e-10
threshold=3.9468444661052655 8.6759645812166841 7.9941566304452838 7.9844543739244713 7.9583251190734163 1.5000000000000002 7.8949329787267777 0.16732986996238744 1.5000000000000002 8.1727008602802069 0.66471697878931379 7.3099056398307338 8.087379022400345 6.0766349138279336 6.0766349138279336 0.49406175338830077 6.7699180945479123 6.3852636378288778 0.63724257348771152 6.7846919023243943 0.82224121924711235 0.16732986996238744 6.742726673005488 6.5638137176689879 6.2840647075723846 0.85961733530106088 0.85441053803614497 3.9400229438481009 3.8959860322208582 4.0769440439467477
decision_type=2 2 2 2 2 2 2 2 2 2 2 2 2 2 2 2 2 2 2 2 2 2 2 2 2 2 2 2 2 2
left_child=25 2 3 4 6 -6 -2 13 -9 11 14 12 -4 -5 -11 -13 17 24 19 -18 -12 -21 23 -19 -3 26 -1 28 -28 -27
right_child=1 16 9 7 5 -7 -8 8 -10 10 20 15 -14 -15 -16 -17 18 22 -20 21 -22 -23 -24 -25 -26 29 27 -29 -30 -31
leaf_value=0.050001308689226802 9.8925206036783398e-05 -0.0011354868121773078 0.0040870236562729036 -0.0018409924608124681 0.014421288835422258 -0.0082729347672154188 -0.0063493626744604362 -0.0085181723588435496 0.01966062433033252 -0.025057968158778473 0.016670773320490995 -0.013506970941709091 0.016182605754328151 0.021563033403546997 -0.00070320106074975102 0.00011164675187424155 0.04011442077886114 -0.040130908593458935 -0.051272216273754181 -0.0066915162124944879 0.0028795350067824035 -0.00097666583318505528 -0.055944122482022164 -0.010995177286622505 0.022487885700572578 0.050000128144785008 0.050000096833450518 0.050002056756026286 -0.050076552905827632 0.050003746483589406
leaf_weight=0.6691974057164306 47380.743860616727 3.8581306338310233 448.78296820819378 139.60588999092579 764.57911441847682 216.31574319675565 1306.5526447221637 1729.5877941325307 93.352418564260006 52.855849489569664 169.20852122828364 74.8167844414711 468.77166789770126 103.63261447846889 3338.8266973122954 254.45152984559536 2.5144034177064887 8.7689973115921074 2.4115063399076453 162.07377886027098 27.35758250951767 463.56991753727198 3.176797740161418 19.153860598802567 3.4536345303058624 3.2472827068386327 0.0027041775540510562 0.033351947418850614 0.0015263438690453768 0.1342976950254523
leaf_count=40506 3773359 22 1934 676 3501 2365 5947 10224 809 246 1030 346 2014 511 15868 1191 19 80 10 1321 247 3499 34 164 20 1621757 1375 811 2 2083
internal_value=6.12541e-06 2.55714e-06 4.19549e-05 -0.00010229 0.000113312 0.00941655 -7.41184e-05 -0.00528509 -0.00707514 0.00158535 -0.000215345 0.0067676 0.0102666 0.00813037 -0.00108274 -0.00298279 -0.00332894 -0.0173632 -0.00247404 -0.0022867 0.0147513 -0.0024571 -0.0238019 -0.0201451 0.0100228 0.0499631 0.0497852 0.0459374 0.0138931 0.0500003
internal_weight=57242.5 57238.4 56569.4 51734.4 49668.2 980.895 48687.3 2066.18 1822.94 4835.07 3588.25 1246.82 917.555 243.239 3391.68 329.268 668.981 38.4114 630.57 628.158 196.566 625.644 31.0997 27.9229 7.31177 4.08836 0.70678 0.0375825 0.00423052 3.38158
internal_count=5491971 3825437 3820268 3797392 3785172 5866 3779306 12220 11033 22876 17391 5485 3948 1187 16114 1537 5169 320 4849 4839 1277 4820 278 244 42 1666534 42694 2188 1377 1623840
is_linear=0
shrinkage=0.05


Tree=193
num_leaves=31
num_cat=0
split_feature=2 2 3 0 3 2 1 3 2 2 3 3 2 3 0 0 2 1 1 0 3 1 0 0 3 1 2 1 1 0
split_gain=3.88259 2.8616 68.2533 36.831 26.8487 26.8372 21.4924 18.346 45.4436 17.8937 19.8408 31.9478 17.7851 19.9432 16.1604 14.2092 29.2847 13.9832 13.859 16.5447 12.3414 9.71169 11.0241 8.85137 6.48811 5.38328 4.75085 4.12913 3.8925 3.65728
threshold=3.9468444661052655 4.6960841391917354 5.1648431135156008 0.80200360567754869 5.4425259239190353 4.3694752276468831 1.5000000000000002 5.4191623752586162 4.5731551881208814 5.5065052677616686 5.9991846393519213 6.3613715574294201 4.7783038066593404 5.0481237364455485 0.33161813793822242 0.59740168283145612 5.2713098734200639 1.0000000180025095e-35 1.0000000180025095e-35 0.29087206909299079 5.2034845723991019 1.0000000180025095e-35 0.86451820848946037 0.20746273059816209 7.717130928926049 1.0000000180025095e-35 4.2375608875783284 1.0000000180025095e-35 1.5000000000000002 0.41435926334456585
decision_type=2 2 2 2 2 2 2 2 2 2 2 2 2 2 2 2 2 2 2 2 2 2 2 2 2 2 2 2 2 2
left_child=-1 4 3 12 7 18 23 14 17 15 27 -12 -3 -14 25 24 -17 -9 26 -20 -16 22 -5 -7 -4 -2 -6 -11 -10 -8
right_child=1 2 9 21 5 6 29 8 28 10 11 -13 13 -15 20 16 -18 -19 19 -21 -22 -23 -24 -25 -26 -27 -28 -29 -30 -31
leaf_value=0.049963066110016163 0.014861982074213149 -0.0017204663089526407 -0.0013470900649645403 -0.032343473956846495 0.050275979324010546 0.010996715021248903 0.031419244567000425 -0.02524010185502041 0.0059686964143780795 -0.039060775247187901 0.023426768018226813 0.00031867221628926215 -0.062193387957967153 0.032524900162899772 -0.00091325650974148805 -0.0040715565297292254 -0.027231504621342786 -0.0085785050611007756 0.046277607048031869 0.006420149423380009 0.0027650248938749546 0.047403049760787686 0.044986143039356469 0.0019601705414925108 0.024367152104384109 0.047018945925636151 0.0013417581534554408 -0.0041025426598256766 -0.030916757447587623 -0.025989915681821674
leaf_weight=3.8889706788395406 34.647616952319368 144.22938022390008 13329.506948791441 8.7520267060026544 5.3735099947152767 297.27738918550313 75.166874507209286 264.5358438375406 390.23329052329063 38.282173397339648 150.50862510479783 24059.405705975423 5.9408115819096556 86.095433220267296 10285.530119661107 1286.2297052546928 152.69520014035515 240.3251122947986 79.37651829184324 38.745271998108365 2930.0402321053261 115.80649481248111 9.7356328075984475 3063.9504759833217 24.575979873538017 20.844757443817798 64.463273205794394 10.838450362905858 7.2860598862171164 2.8804998099803916
leaf_count=1666534 3155 732 60953 288 1388 1864 1579 1717 1673 352 185404 365128 67 601 3052115 44687 908 1522 2374 470 15166 6231 54880 17140 109 1391 3423 59 41 20
internal_value=5.79391e-06 2.39874e-06 -0.000235194 0.0211224 0.000528589 0.00436711 0.00336169 -0.000453756 -0.00735235 -0.000437854 0.000397922 0.000462331 0.00923801 0.026411 1.53219e-05 -0.00180844 -0.00652923 -0.0173088 0.0227644 0.0332039 -9.77403e-05 0.0420307 0.00837843 0.00275939 -0.00129977 0.0269412 0.00510694 -0.0313473 0.00529263 0.0293004
internal_weight=57227.2 57223.3 39422.6 370.56 17800.7 3627.23 3439.28 14173.4 902.38 39052 24259 24209.9 236.266 92.0362 13271.1 14793 1438.92 504.861 187.959 118.122 13215.6 134.294 18.4877 3361.23 13354.1 55.4924 69.8368 49.1206 397.519 78.0474
internal_count=5491971 3825437 720399 62799 3105038 28258 20603 3076780 4953 657600 550943 550532 1400 668 3071827 106657 45595 3239 7655 2844 3067281 61399 55168 19004 61062 4546 4811 411 1714 1599
is_linear=0
shrinkage=0.05


Tree=194
num_leaves=31
num_cat=0
split_feature=2 3 0 3 3 0 0 3 0 2 0 0 0 2 3 2 0 0 0 2 2 0 1 2 2 0 3 0 2 0
split_gain=3.84511 2.95742 8.2469 7.28702 5.08088 8.61668 5.62144 4.937 4.08096 6.08201 5.62964 3.80411 5.1177 3.09964 4.46976 6.27932 2.92856 2.84526 7.08904 2.83509 4.96883 2.79596 2.79561 2.79074 3.55519 3.20499 2.90601 2.7899 2.51864 7.5757
threshold=4.0243485990381496 4.1836519096534159 0.95234617998841065 4.1784559019061511 4.0776221824873993 0.95131808861992495 0.94294308484027956 4.1987796469857166 0.89807491427866115 4.0306277142120477 0.94066754611923054 0.92844031038207986 0.98338638798313671 4.0532899411725376 4.204841850850066 4.0256513797638762 0.99999915540540552 0.97439000911848883 0.97384923698666259 4.0569537408903189 4.0615743271509634 0.84415195204871418 1.5000000000000002 3.9468444661052655 4.0115160874231268 0.67667794470697917 4.0857241763958845 0.98217238352689706 4.0162406344895718 0.90697957232253212
decision_type=2 2 2 2 2 2 2 2 2 2 2 2 2 2 2 2 2 2 2 2 2 2 2 2 2 2 2 2 2 2
left_child=22 2 3 4 5 -2 -6 11 9 -5 -10 -3 27 14 15 -9 17 18 -4 21 -21 -15 23 -1 25 -25 -27 -13 -26 -30
right_child=1 7 16 8 6 -7 -8 13 10 -11 -12 12 -14 19 -16 -17 -18 -19 -20 20 -22 -23 -24 24 28 26 -28 -29 29 -31
leaf_value=0.049959121629100281 -0.032195120618124906 0.032905368022091812 0.019175624071430118 0.050204814787860388 -0.011193289089788621 -0.39513996886425318 0.031520031779602574 -0.41495181770374051 -0.0038373947481120958 -0.10516601625854699 -0.067114747535338179 0.0072598224861534959 0.06282583970022064 -0.030762887697378269 0.01390739546357992 -0.028228947143765115 -0.0069849542505571868 0.058481257576610872 -0.36923540204842031 0.031070540712237249 -2.7059275749128798e-05 0.052019337394104394 0.050012209586832147 0.050032395533972623 0.030001985246163605 0.0050176600400853181 -0.015216396211178151 -0.027458897226772139 0.027261772712206023 -0.021910029491999911
leaf_weight=3.6995882066423738 0.60299447666602546 19.251727525945171 9.8859118119489722 0.74338995451398915 63.51202452180587 0.22438219318064512 8.7662176115918538 0.10750862937857064 8.9670927494298649 4.1245516448179842 5.7811228036880484 24.442265481222421 3.4871117025613776 11.694839862117076 64.858231205362245 4.4400456618895987 7.6132207817063309 5.8395954847046587 0.11888741662369362 12.848092247942985 56814.70476311454 1.1174546792026365 3.9137072165881355 2.971144277198646 19.867523363018336 45.208188070882642 29.21019934943979 7.5809890031814566 19.401005220162915 13.137038209707042
leaf_count=1666534 402 3897 4722 490 18684 115 1212 107 82 545 30 171 14 5245 63878 1381 2660 13400 118 5981 884845 113 911850 12569 69717 1725839 34814 40 34100 28416
internal_value=5.85998e-06 -1.42504e-05 -0.00798354 -0.014684 -0.00742313 -0.130625 -0.00601283 2.00303e-06 -0.0417436 -0.0814391 -0.0286414 0.0150076 0.00530441 -1.24363e-05 0.0105475 -0.0373715 0.0185015 0.0307477 0.0145601 -2.53307e-05 -2.00284e-05 -0.0235428 0.00835988 0.00713875 0.00591823 -0.00089135 -0.00292447 -0.000959274 0.0159742 0.00740896
internal_weight=57218.1 57080.7 116.179 92.7218 73.1056 0.827377 72.2782 56964.5 19.6162 4.86794 14.7482 54.7621 35.5104 56909.8 69.4058 4.54755 23.4576 15.8444 10.0048 56840.4 56827.6 12.8123 137.408 133.495 129.795 77.3895 74.4184 32.0233 52.4056 32.538
internal_count=5491971 1008132 42460 21560 20413 517 19896 965672 1147 1035 112 4122 225 961550 65366 1488 20900 18240 4840 896184 890826 5358 4483839 3571989 1905455 1773222 1760653 211 132233 62516
is_linear=0
shrinkage=0.05


Tree=195
num_leaves=31
num_cat=0
split_feature=2 1 2 3 2 0 2 3 0 3 3 3 3 2 0 3 2 2 1 3 0 3 2 3 2 2 0 0 0 3
split_gain=3.56587 3.07025 12.6149 32.043 33.3892 27.9553 23.7182 13.6989 43.7202 11.784 10.9485 21.9808 17.3106 15.5885 9.08296 8.79419 7.99826 6.84124 8.52832 9.07158 6.92711 6.30356 55.0835 43.8454 37.066 36.65 10.7739 6.25525 5.08268 2.18515
threshold=3.9638540945373326 1.0000000180025095e-35 5.2015075959997707 7.3155776058677429 6.2840647075723846 0.59006474772855433 7.0336754972165965 7.3233027137203726 0.60546014870984999 7.5133544912541304 5.8260591009502205 6.1545288986217583 5.7622085907676386 5.0937103219158661 0.3109700072263431 6.7939703625515913 4.7327784207308978 4.1876727905124937 1.5000000000000002 4.204841850850066 0.92844031038207986 6.8957584183412344 6.2308392139256092 6.9830158004538498 5.0706860942401697 5.6599165454229086 0.64140813395837248 0.56936485613816601 0.97591119841928464 4.3164876109760542
decision_type=2 2 2 2 2 2 2 2 2 2 2 2 2 2 2 2 2 2 2 2 2 2 2 2 2 2 2 2 2 2
left_child=29 2 10 4 5 -4 -6 8 -5 -9 12 16 13 -2 -14 -13 -12 18 19 28 -21 22 24 25 -19 -23 -25 -24 -3 -1
right_child=1 17 3 7 6 -7 -8 9 -10 -11 11 15 14 -15 -16 -17 -18 21 -20 20 -22 23 27 26 -26 -27 -28 -29 -30 -31
leaf_value=0.038290287654414612 -8.9146939763457079e-05 -0.010162786769925799 0.0085434461767487316 -0.035215380286484708 0.033911618389802792 -0.0084485976208873315 -0.023793061220017283 0.011622879330565553 0.015584328038125662 -0.0038564849463435936 -0.0013995726509403784 0.0049126548237733818 0.025491570268178922 0.014128596992635105 0.0068868820840317915 -0.010792718268124904 -0.0098007121280133461 7.3805993671018978e-05 0.050034444755803834 0.0095744998591378461 0.048147354617776084 0.0017664865227118146 0.02279363064676675 0.00039359870692795242 -0.0052691357565905726 0.027956703580400283 -0.0029221538788914885 0.097345388130517269 0.0089206931903520383 -0.086723956871940386
leaf_weight=7.9318197363754717 8288.6814195183433 107.14841212205624 1280.7526492113248 112.48547578509897 166.11846109348335 298.46210138758033 19.945440535724629 153.35591923492029 67.933932465617545 620.09977692179382 406.7207469556015 746.1697417772375 88.836779025441501 197.38062064973928 250.83704353868961 101.22489638626575 933.6753121316433 16526.811953540513 10.884922753810541 206.28150013356935 12.335369065403937 275.62971237301826 3.4291413873434093 19157.579544596374 4039.4367591617629 259.18906234204769 2809.1329424753785 15.675727776251732 51.739640536548904 0.3656586394063196
leaf_count=1701207 946723 105986 12530 982 390547 50343 1035 1525 17207 3104 3353 5098 1110 45115 1325 455 4824 86483 955306 56396 56 1156 14 91936 18210 1062 17936 73 961192 9682
internal_value=5.68559e-06 9.31825e-07 0.000652669 0.00370253 0.0076924 0.00533205 0.0277259 -0.00368128 -0.0160876 -0.000787334 -0.000100319 -0.00326665 0.000684575 0.000241549 0.0117527 0.00303658 -0.00725153 -0.000204935 0.00640131 0.0051432 0.011751 -0.000264484 -0.000896775 0.000313963 -0.000975606 0.014459 -3.04242e-05 0.0839641 -0.00394852 0.0327811
internal_weight=57216.3 57208 13732.7 2719.15 1765.28 1579.21 186.064 953.875 180.419 773.456 11013.5 2187.79 8825.74 8486.06 339.674 847.395 1340.4 43475.3 388.39 377.505 218.617 43086.9 20585.4 22501.5 20566.2 534.819 21966.7 19.1049 158.888 8.29748
internal_count=5491971 3781082 1485276 477273 454455 62873 391582 22818 18189 4629 1008003 13730 994273 991838 2435 5553 8177 2295806 2078936 1123630 56452 216870 104780 112090 104693 2218 109872 87 1067178 1710889
is_linear=0
shrinkage=0.05


Tree=196
num_leaves=31
num_cat=0
split_feature=2 0 3 3 0 1 2 3 3 3 3 0 3 3 3 3 3 0 3 0 1 0 0 0 0 3 0 0 2 2
split_gain=3.39952 2.85282 8.62567 8.04498 6.62905 5.63511 7.93533 5.08848 4.8596 4.12396 4.46105 3.66846 30.511 79.4454 15.3251 9.64787 159.592 28.6852 3.49156 8.44396 2.57671 2.48708 4.5963 3.24389 2.38356 4.14244 2.23888 1.27533 0.00553026 2.37452e-05
threshold=3.9468444661052655 0.98742166259188813 4.204841850850066 4.3282302013682576 0.98217238352689706 1.0000000180025095e-35 7.220131748367046 4.2312764140768442 7.9844543739244713 4.3611859606570134 4.5646085620312933 0.52179196583813592 5.0481237364455485 5.067456612105917 5.0118012668796874 5.9991846393519213 6.9830158004538498 0.67109024589866439 4.1987796469857166 0.98267727631497137 1.5000000000000002 0.99065318133120506 0.98882643741221621 0.99435194907828506 0.99955042434302832 4.190336325010132 0.99999915540540552 0.98338638798313671 4.267662004847506 4.1876727905124937
decision_type=2 2 2 2 2 2 2 2 2 2 2 2 2 2 2 2 2 2 2 2 2 2 2 2 2 2 2 2 2 2
left_child=-1 4 20 21 11 6 -5 18 -7 28 -11 12 14 -14 -2 17 -17 -13 19 -6 24 22 -4 -23 25 -3 -26 -20 -9 -22
right_child=1 2 3 5 7 8 -8 9 -10 10 -12 15 13 -15 -16 16 -18 -19 27 -21 29 23 -24 -25 26 -27 -28 -29 -30 -31
leaf_value=0.049951427498844098 0.006491872683685943 0.055518654827098696 0.056128791073900397 0.047288574963441125 -0.02496820231985571 0.0050269603635420086 -0.0086753432408327811 0.057063253189700028 -0.054690402585097581 -0.075188376480302188 0.0082668003611687055 -0.0036133350094320776 -0.024280338135746531 0.00025269462779168976 0.024334677256346235 0.038201822565194637 -0.00086777046810374871 0.001919628715720986 -0.052335004142537528 0.081649799986648355 0.050000902777540102 0.075764178516932276 -0.003588262122742371 0.030974366991785775 0.066070954548010374 -0.0083987825662877411 0.00074038717989368373 -0.027937441505671193 0.053094952882182481 0.050646018610514487
leaf_weight=3.4066960374839246 447.06035174115823 2.5970361581662464 4.7392575225094324 18.231702683984622 7.6914986230037794 272.44202384795062 9.7064179070293921 1.4459636430256062 3.4498834609985343 1.9450436775805418 9.0606097823110741 6500.3016989277112 332.88598083131365 37984.143579664611 164.66846944903227 273.79874716938502 5762.9824474363122 3662.2974747550379 6.6081959605216971 2.4481426950808327 2.4561414341610539 5.3830204346450072 10.066030337125992 16.232798435725272 1.3125120492113627 105.9099210575223 1556.1581886763806 28.274940267205238 2.2350412515224889 0.15143416635692108
leaf_count=1666534 17606 124984 37 294299 7685 4109 81 21 17 45 21815 81147 2518 207198 2208 74010 145470 493068 37 57395 828049 67 64 445 3243 526 1459090 130 60 13
internal_value=5.62646e-06 2.65163e-06 0.0018535 0.00910902 -6.47193e-05 0.00644711 0.0278453 -0.0167157 0.00428023 0.00884057 -0.00648234 -4.66846e-05 0.000216427 3.95596e-05 0.0112949 -0.000678967 0.000904234 -0.00161942 -0.0250523 0.000773939 0.000373986 0.0313151 0.0155275 0.0421284 0.000296251 -0.00686896 0.000795443 -0.0325593 0.0546538 0.0500384
internal_weight=57200.1 57196.7 2008.84 340.251 55187.8 303.83 27.9381 59.7094 275.892 14.6867 11.0057 55128.1 38928.8 38317 611.729 16199.4 6036.78 10162.6 45.0228 10.1396 1668.59 36.4211 14.8053 21.6158 1665.98 108.507 1557.47 34.8831 3.681 2.60758
internal_count=5491971 3825437 2715024 299119 1110413 298506 294380 87188 4126 21941 21860 1023225 229530 209716 19814 793695 219480 574215 65247 65080 2415905 613 101 512 1587843 125510 1462333 167 81 828062
is_linear=0
shrinkage=0.05


Tree=197
num_leaves=31
num_cat=0
split_feature=2 3 0 3 3 2 0 0 3 0 0 0 0 0 1 0 0 3 0 0 2 3 0 0 1 2 0 0 0 1
split_gain=3.23339 2.9221 47.3361 29.6104 14.7648 14.0165 12.2161 10.0801 42.4335 26.4326 9.87016 8.86218 8.46348 8.59521 13.8666 8.08213 7.59521 23.1515 19.6222 7.05976 17.3115 12.6789 4.82016 4.29635 3.91189 3.48893 2.68108 2.49805 2.05243 0.656553
threshold=3.9468444661052655 5.8260591009502205 0.28089262762801198 5.9160942342697309 5.7622085907676386 4.4527119691926762 0.59006474772855433 0.67109024589866439 4.6428993089071149 0.52179196583813592 0.69687071811330226 0.2632453871837514 0.56936485613816601 0.48377961100321759 1.0000000180025095e-35 0.42328453732171639 0.67109024589866439 8.1727008602802069 0.49406175338830077 0.27128003979797599 4.49855624743092 5.7622085907676386 0.44346840764792678 0.20746273059816209 1.0000000180025095e-35 4.2987140455362249 0.59740168283145612 0.60049100728220639 0.25135338761287312 1.0000000180025095e-35
decision_type=2 2 2 2 2 2 2 2 2 2 2 2 2 2 2 2 2 2 2 2 2 2 2 2 2 2 2 2 2 2
left_child=-1 2 11 12 7 23 22 9 -9 -4 -8 25 13 15 -15 -3 18 -18 -7 20 -13 -21 -6 -5 26 -2 -14 -26 -27 -25
right_child=1 3 4 5 6 16 10 8 -10 -11 -12 19 24 14 -16 -17 17 -19 -20 21 -22 -23 -24 29 27 28 -28 -29 -30 -31
leaf_value=0.049946260722316144 0.031110104062343644 -0.0052294047167031031 0.00091434726425350691 0.045095468608469989 0.010983935764148557 -0.00033615013863704007 -0.029462100282016065 -0.00081480308588381678 0.0092839103428118096 -0.0032876016344146326 0.032678314067449837 0.035100987517446357 -0.010395509823000439 0.014276338739534423 -0.013311113610111497 -0.015140144236520473 -0.0043204992100587666 0.014133350120234279 0.0030443256953846809 0.0021576749494538376 -0.077824169047358921 0.033789279484960112 0.0017524952476409433 0.021905770819812945 -0.02331363740495504 0.012625482421346909 -0.0302727349517696 0.003443896949486418 -0.0064490929655713824 -0.0023761792769485708
leaf_weight=3.2408765248837872 10.265022128194685 1250.1090109690558 9608.1048351712343 22.239055511076003 531.94105638563633 25643.458806270497 36.41241680085659 4062.9436105721197 1398.1598498973399 6130.7659235434276 7.7503761127591124 123.39590374198815 23.169133841991425 125.35933902859688 71.54689647257328 246.22651438415051 2048.6600762296475 185.3351033590734 5155.793620291457 75.559940661954897 3.4898428320884696 54.550543641671538 192.6033458262682 4.6905862018465978 13.328691795468329 20.85016445099609 63.346704198367661 25.241072759032249 43.577213794924319 6.8481671903282404
leaf_count=1666534 1860 6318 75283 616 2654 126949 218 2948420 107936 79262 81 2476 132 680 290 1079 324571 1219 139975 2018 24 493 921 71 56 533 369 111 763 59
internal_value=5.47086e-06 2.64058e-06 0.000449673 -0.000283124 0.000166617 5.84689e-05 0.00697382 -8.02114e-05 0.00177068 -0.000722439 -0.0185567 0.0191973 -0.00649513 -0.00556797 0.0042523 -0.00686025 2.55511e-05 -0.00278954 0.000229741 0.0236034 0.0319951 0.0154196 0.00852997 0.0322507 -0.0190457 0.0040373 -0.0249496 -0.0058028 -0.000276127 0.00749461
internal_weight=57189 57185.7 22300.4 34885.4 21968.7 33067 768.707 21200 5461.1 15738.9 44.1628 331.689 1818.33 1693.24 196.906 1496.34 33033.2 2234 30799.3 256.996 126.886 130.11 724.544 33.7778 125.086 74.6924 86.5158 38.5698 64.4274 11.5388
internal_count=5491971 3825437 3222942 602495 3214775 593460 3874 3210901 3056356 154545 299 8167 9035 8367 970 7397 592714 325790 266924 5011 2500 2511 3575 746 668 3156 501 167 1296 130
is_linear=0
shrinkage=0.05


Tree=198
num_leaves=31
num_cat=0
split_feature=2 1 3 3 3 3 1 3 0 1 3 0 2 3 2 2 0 2 2 2 0 0 2 2 0 2 0 2 3 2
split_gain=3.19591 2.86851 2.73183 4.30893 20.8477 31.7264 30.9533 19.0819 17.9618 25.9937 16.4518 16.0478 15.378 12.0257 11.6176 11.351 3.87925 2.94495 2.50648 2.43691 2.3876 4.43652 53.7406 2.51874 2.12337 1.81638 5.56543 1.95246 1.71099 1.43297
threshold=4.0323590931667415 1.5000000000000002 8.6759645812166841 7.9941566304452838 7.9844543739244713 7.9583251190734163 1.5000000000000002 7.8949329787267777 0.16732986996238744 1.5000000000000002 8.1727008602802069 0.66471697878931379 7.3099056398307338 8.087379022400345 6.0766349138279336 5.9518200102761609 0.49406175338830077 6.7699180945479123 6.3852636378288778 3.9468444661052655 0.62001869418354627 0.62321938227643348 4.0306277142120477 4.0115160874231268 0.63724257348771152 7.4116116357553006 0.16732986996238744 7.3099056398307338 8.4967555934485279 6.742726673005488
decision_type=2 2 2 2 2 2 2 2 2 2 2 2 2 2 2 2 2 2 2 2 2 2 2 2 2 2 2 2 2 2
left_child=1 19 3 4 5 7 -7 -2 14 -10 12 15 13 -5 -6 -12 -14 18 -4 -1 -21 22 -22 -23 25 27 -27 -19 -13 -20
right_child=2 -3 17 10 8 6 -8 -9 9 -11 11 28 16 -15 -16 -17 -18 24 29 20 21 23 -24 -25 -26 26 -28 -29 -30 -31
leaf_value=0.049940580176983523 7.9020468759893056e-05 0.050010595727790298 0.009481036860129341 0.0038598436364759015 -0.0017491054157019585 0.013757110598907291 -0.007598320810997314 -0.0060499315864064691 -0.0081394355849115901 0.019091627290052839 -0.032567592425330277 0.014326531247609112 -0.012919628054043023 0.015297311680401139 0.020296733656548337 -0.00080575117081730773 5.3064406857998896e-05 -0.0012033230941233357 -0.019438571034953264 0.050021204351527015 0.050037215170571817 -0.0020723245849040518 -2.9434231268326427 0.010581977944764859 -0.049338566177097434 -0.028710762037051769 -0.0028480041335963804 0.0096125160891092163 -0.022737779373064815 -0.055619522518329849
leaf_weight=3.0831591373405436 47162.345641738633 3.7721174948060243 7.3516933172941199 449.23251858353615 139.51081009209156 761.78939021751285 218.3048592582345 1305.1021474227309 1722.3267282098532 92.333496905863285 28.366874828934669 190.65663805603981 74.47763928771019 470.55029164254665 104.53658913075924 3362.5862425714731 254.70770172029734 187.19959373772144 27.512173607945446 2.8999258022085135 0.14650186416110855 75.630161134048052 0.01670261612161994 81.912598300393711 2.3981419801712027 22.060477115213871 364.4103357642889 53.693383313715458 3.1653899252414694 3.0389246568083754
leaf_count=1666534 915548 920704 42 1934 676 3501 2365 5947 10224 809 134 1264 346 2014 511 15980 1191 1429 244 9156 306 1766746 7 160892 10 238 2761 411 13 34
internal_value=5.36612e-06 0.00690257 -1.48946e-05 2.27846e-05 -0.00011117 9.40852e-05 0.00900043 -8.60162e-05 -0.00504114 -0.00675387 0.00145015 -0.000271642 0.00639201 0.00971112 0.00769413 -0.00107145 -0.00288199 -0.0031944 -0.0167301 0.00590918 0.0050639 0.00423722 -0.256318 0.00450714 -0.00237974 -0.00220024 -0.0043243 0.00120745 0.0137212 -0.0230375
internal_weight=57175.1 167.461 57007.7 56340 51506.2 49447.5 980.094 48467.4 2058.71 1814.66 4833.74 3584.78 1248.97 919.783 244.047 3390.95 329.185 667.665 37.9028 163.689 160.606 157.706 0.163204 157.543 629.762 627.364 386.471 240.893 193.822 30.5511
internal_count=5491971 4524345 967626 962457 939581 927361 5866 921495 12220 11033 22876 17391 5485 3948 1187 16114 1537 5169 320 3603641 1937107 1927951 313 1927638 4849 4839 2999 1840 1277 278
is_linear=0
shrinkage=0.05


Tree=199
num_leaves=31
num_cat=0
split_feature=2 3 0 3 3 0 2 3 0 0 0 2 0 2 3 2 0 0 0 0 3 1 0 1 2 2 3 2 0 0
split_gain=2.96803 2.7001 7.27567 6.36084 4.77947 17.1757 7.03301 4.52954 3.57168 4.24228 3.26152 5.8765 4.47081 2.81906 4.00302 3.42452 2.70658 2.73962 4.61204 2.56743 16.9898 5.05589 2.45786 2.42416 2.51878 3.10641 3.47885 9.61085 3.19716 2.67058
threshold=4.0243485990381496 4.1836519096534159 0.95234617998841065 4.1784559019061511 4.1109558246685376 0.91949500389684391 4.0266090969200201 4.1987796469857166 0.92844031038207986 0.98338638798313671 0.88427325327375472 4.0306277142120477 0.94066754611923054 4.0532899411725376 4.204841850850066 4.0256513797638762 0.99999915540540552 0.97439000911848883 0.97384923698666259 0.99955042434302832 4.204841850850066 1.0000000180025095e-35 0.98217238352689706 1.5000000000000002 4.0115160874231268 3.9762013906325415 4.0857241763958845 4.0108120596635706 0.92139609102059494 0.84868432422502627
decision_type=2 2 2 2 2 2 2 2 2 2 2 2 2 2 2 2 2 2 2 2 2 2 2 2 2 2 2 2 2 2
left_child=23 2 3 4 5 -2 -6 8 -3 22 11 -5 -12 14 15 -9 17 18 -4 20 -15 -21 -10 24 25 -1 28 -28 -27 -26
right_child=1 7 16 10 6 -7 -8 13 9 -11 12 -13 -14 19 -16 -17 -18 -19 -20 21 -22 -23 -24 -25 29 26 27 -29 -30 -31
leaf_value=0.023722780426430258 -0.54062177974583159 0.032119328608591138 0.018536522034035646 0.050192517779863943 -0.092210316592682501 -0.031985462584647767 0.00063122080618531831 -0.26139404251172249 0.0070270188524481705 0.057417756689112504 -0.0096893460626523483 -0.11030087293808355 -0.06493937151230246 -0.014503430814858775 0.013392295691316123 -0.026373552826923316 -0.0067424210954922306 0.058241486414296918 -0.24565990409586647 0.026486323064906489 -2.9875988255097664e-05 0.0015512174242945968 -0.025836379514933477 0.050010880884542169 -0.0078266009798050352 0.04350757142972525 -0.011060887798025975 -0.1559432585160625 0.00050254903934268756 0.02076799464753783
leaf_weight=12.511269409865461 0.16928210619062056 18.729975043352169 9.7286075256542972 0.6995344220631553 2.108310919833456 8.4917327719922451 62.810512060452311 0.16047017651908291 24.448103725793775 3.4937422573566428 10.427838589763271 3.0885531064850511 5.6429103314876548 203.51153588058514 63.935354125331287 4.5461090812277689 7.624608450489176 5.4323819225746766 0.16804163051711007 20.564083987534104 54783.899002940561 1777.9802353805862 7.4150788784027091 3.2609228148146476 10.20662943231582 4.8986708058946524 24.790763801676807 1.2000544852926385 36.70049139328512 40.828727155272645
leaf_count=1725768 190 3897 4722 490 2657 4020 13546 107 171 14 127 500 30 1366 63878 1381 2660 13400 118 201719 683171 9928 40 911850 15373 745 16847 200 1696196 116860
internal_value=5.29103e-06 -1.22003e-05 -0.00761992 -0.0138159 -0.00703848 -0.0419269 -0.00238391 3.35935e-06 0.0144659 0.00511417 -0.038927 -0.0806631 -0.0290892 -1.03992e-05 0.0101162 -0.0343865 0.0176022 0.0297112 0.0140506 -2.26401e-05 -8.34434e-05 0.00183632 -0.000620826 0.00742689 0.00636797 0.000836777 -0.00339955 -0.0177504 0.00556677 0.0150493
internal_weight=57159.5 57025.1 116.392 93.4387 73.5798 8.66101 64.9188 56908.7 54.0869 35.3569 19.8588 3.78809 16.0707 56854.6 68.6419 4.70658 22.9536 15.329 9.89665 56786 54987.4 1798.54 31.8632 134.398 131.137 80.1012 67.59 25.9908 41.5992 51.0354
internal_count=5491971 1008132 42460 21560 20413 4210 16203 965672 4122 225 1147 990 157 961550 65366 1488 20900 18240 4840 896184 684537 211647 211 4483839 3571989 3439756 1713988 17047 1696941 132233
is_linear=0
shrinkage=0.05


end of trees

feature_importances:
Column_3=1985
Column_2=1714
Column_0=1603
Column_1=698

parameters:
[boosting: gbdt]
[objective: binary]
[metric: binary_logloss,auc]
[tree_learner: serial]
[device_type: cpu]
[data_sample_strategy: bagging]
[data: ]
[valid: ]
[num_iterations: 200]
[learning_rate: 0.05]
[num_leaves: 31]
[num_threads: -1]
[seed: 456]
[deterministic: 0]
[force_col_wise: 0]
[force_row_wise: 0]
[histogram_pool_size: -1]
[max_depth: 6]
[min_data_in_leaf: 20]
[min_sum_hessian_in_leaf: 0.001]
[bagging_fraction: 1]
[pos_bagging_fraction: 1]
[neg_bagging_fraction: 1]
[bagging_freq: 0]
[bagging_seed: 26560]
[bagging_by_query: 0]
[feature_fraction: 1]
[feature_fraction_bynode: 1]
[feature_fraction_seed: 30796]
[extra_trees: 0]
[extra_seed: 146]
[early_stopping_round: 0]
[early_stopping_min_delta: 0]
[first_metric_only: 0]
[max_delta_step: 0]
[lambda_l1: 0]
[lambda_l2: 0]
[linear_lambda: 0]
[min_gain_to_split: 0]
[drop_rate: 0.1]
[max_drop: 50]
[skip_drop: 0.5]
[xgboost_dart_mode: 0]
[uniform_drop: 0]
[drop_seed: 8068]
[top_rate: 0.2]
[other_rate: 0.1]
[min_data_per_group: 100]
[max_cat_threshold: 32]
[cat_l2: 10]
[cat_smooth: 10]
[max_cat_to_onehot: 4]
[top_k: 20]
[monotone_constraints: ]
[monotone_constraints_method: basic]
[monotone_penalty: 0]
[feature_contri: ]
[forcedsplits_filename: ]
[refit_decay_rate: 0.9]
[cegb_tradeoff: 1]
[cegb_penalty_split: 0]
[cegb_penalty_feature_lazy: ]
[cegb_penalty_feature_coupled: ]
[path_smooth: 0]
[interaction_constraints: ]
[verbosity: -1]
[saved_feature_importance_type: 0]
[use_quantized_grad: 0]
[num_grad_quant_bins: 4]
[quant_train_renew_leaf: 0]
[stochastic_rounding: 1]
[linear_tree: 0]
[max_bin: 255]
[max_bin_by_feature: ]
[min_data_in_bin: 3]
[bin_construct_sample_cnt: 200000]
[data_random_seed: 1527]
[is_enable_sparse: 1]
[enable_bundle: 1]
[use_missing: 1]
[zero_as_missing: 0]
[feature_pre_filter: 1]
[pre_partition: 0]
[two_round: 0]
[header: 0]
[label_column: ]
[weight_column: ]
[group_column: ]
[ignore_column: ]
[categorical_feature: ]
[forcedbins_filename: ]
[precise_float_parser: 0]
[parser_config_file: ]
[objective_seed: 26477]
[num_class: 1]
[is_unbalance: 0]
[scale_pos_weight: 1]
[sigmoid: 1]
[boost_from_average: 1]
[reg_sqrt: 0]
[alpha: 0.9]
[fair_c: 1]
[poisson_max_delta_step: 0.7]
[tweedie_variance_power: 1.5]
[lambdarank_truncation_level: 30]
[lambdarank_norm: 1]
[label_gain: ]
[lambdarank_position_bias_regularization: 0]
[eval_at: ]
[multi_error_top_k: 1]
[auc_mu_weights: ]
[num_machines: 1]
[local_listen_port: 12400]
[time_out: 120]
[machine_list_filename: ]
[machines: ]
[gpu_platform_id: -1]
[gpu_device_id: -1]
[gpu_use_dp: 0]
[num_gpu: 1]

end of parameters

pandas_categorical:null
